file,ext,bytes
a10_calibration_boundary_and_anti_overclaim_audit_summary.json,.json,3249
a1_minimal_action_ansatz_summary.json,.json,4342
a2_supersoliton_matching_summary.json,.json,4601
a3_kernel_analysis_summary.json,.json,2819
a4_rg_emergence_summary.json,.json,3653
a5_spinor_route_split_summary.json,.json,4685
a6_gauge_reconstruction_summary.json,.json,2591
a7_positivity_unitarity_package_summary.json,.json,3625
a8_gravity_bridge_summary.json,.json,3992
a9_sm_gr_effective_reduction_summary.json,.json,3201
a_12345_pair12345_chart_glued_orientation_projector_operator_section_strict_core_v1.json,.json,6334
a_12345_pair12345_chart_glued_orientation_projector_operator_section_strict_core_v2.json,.json,9250
a_123_pair123_chart_glued_orientation_projector_operator_section_strict_core_v1.json,.json,3176
a_12_pair12_chart_glued_orientation_projector_operator_section_strict_core_v1.json,.json,4274
a_1_pair1_orientation_projector_operator_strict_core_v1.json,.json,3364
a_2_pair2_orientation_projector_operator_strict_core_v1.json,.json,2518
a_3_pair3_orientation_projector_operator_strict_core_v1.json,.json,2087
a_4_pair4_orientation_projector_operator_strict_core_v1.json,.json,2083
a_5_pair5_orientation_projector_operator_strict_core_v1.json,.json,2056
alpha12_pair1_pair2_transition_angle_strict_derived_from_sigma_int_slot_free_theta_pair_v1.json,.json,1611
alpha12_pair1_pair2_transition_angle_strict_derived_from_sigma_int_slot_free_theta_pair_v1_summary.json,.json,563
alpha_aut_z12_v1_action_on_phase_12_v1.json,.json,864
alpha_geo_strict_derived_v1.json,.json,762
aut_z12_v1_action_on_iso_z12_to_phase_12_family.json,.json,757
aut_z12_v1_units_group.json,.json,1003
ax10_axiom_lane_preobserver_source_action_coherence_instance.json,.json,3733
ax10_axiom_lane_preobserver_source_action_coherence_instance_summary.json,.json,392
ax11_canonical_ontology_supported_preobserver_source_eom_coherence_instance.json,.json,3634
ax11_canonical_ontology_supported_preobserver_source_eom_coherence_instance_summary.json,.json,386
ax12_canonical_ontology_supported_preobserver_target_action_coherence_instance.json,.json,4440
ax12_canonical_ontology_supported_preobserver_target_action_coherence_instance_summary.json,.json,392
ax13_canonical_ontology_supported_preobserver_target_eom_coherence_instance.json,.json,4215
ax13_canonical_ontology_supported_preobserver_target_eom_coherence_instance_summary.json,.json,386
ax14_canonical_ontology_supported_preobserver_direct_m2_psi7_source_action_coherence_instance.json,.json,4508
ax14_canonical_ontology_supported_preobserver_direct_m2_psi7_source_action_coherence_instance_summary.json,.json,422
ax15_selector_requirement_theory_level_acceptance_packet.json,.json,1376
ax15_selector_requirement_theory_level_acceptance_packet_summary.json,.json,579
ax18_strict_extension_lane_sigma_int_residual_orientation_datum_instance_summary.json,.json,1169
ax19_strict_extension_lane_sigma_int_residual_orientation_closure_packet_summary.json,.json,577
ax1_minimal_selector_axiom_packet_summary.json,.json,771
ax20_canonical_ontology_supported_preobserver_direct_m2_psi10_target_coherence_instance.json,.json,5361
ax20_canonical_ontology_supported_preobserver_direct_m2_psi10_target_coherence_instance_summary.json,.json,411
ax21_strict_extension_lane_sigma_int_to_theta_selector_ingredient_closure_packet_summary.json,.json,780
ax22_strict_extension_lane_publication_ready_summary_packet_summary.json,.json,503
ax23_strict_extension_lane_z12_generator_fix_and_shannon_kl_o2_cut_closure_packet_summary.json,.json,746
ax24_p434_diagonal_mode2_defect_eval.json,.json,1400
ax24_p434_diagonal_mode2_defect_eval_summary.json,.json,222
ax24_p434_input_sigma_opposite_pair_sum_values.json,.json,251
ax24_p437_diagonal_sigma_opposite_pair_sums.json,.json,1635
ax24_p437_diagonal_sigma_opposite_pair_sums_summary.json,.json,382
ax24_strict_extension_lane_qw2122_uniform_vacuum_and_self_couplings_value_provider_packet.json,.json,2505
ax24_strict_extension_lane_qw2122_uniform_vacuum_and_self_couplings_value_provider_packet_summary.json,.json,390
ax25_p434_diagonal_mode2_defect_eval.json,.json,1504
ax25_p434_diagonal_mode2_defect_eval_summary.json,.json,250
ax25_p434_input_sigma_opposite_pair_sum_values.json,.json,254
ax25_p437_diagonal_sigma_opposite_pair_sums.json,.json,1635
ax25_p437_diagonal_sigma_opposite_pair_sums_summary.json,.json,379
ax25_strict_extension_lane_qw2122_shannon_directed_vacuum_and_self_couplings_value_provider_packet.json,.json,3098
ax25_strict_extension_lane_qw2122_shannon_directed_vacuum_and_self_couplings_value_provider_packet_summary.json,.json,447
ax26_p434_diagonal_mode2_defect_eval.json,.json,1507
ax26_p434_diagonal_mode2_defect_eval_summary.json,.json,240
ax26_p434_input_sigma_opposite_pair_sum_values.json,.json,250
ax26_p437_diagonal_sigma_opposite_pair_sums.json,.json,1603
ax26_p437_diagonal_sigma_opposite_pair_sums_summary.json,.json,383
ax26_strict_extension_lane_qw2122_parity_vacuum_and_self_couplings_value_provider_packet.json,.json,2634
ax26_strict_extension_lane_qw2122_parity_vacuum_and_self_couplings_value_provider_packet_summary.json,.json,429
ax27_p434_diagonal_mode2_defect_eval.json,.json,1459
ax27_p434_diagonal_mode2_defect_eval_summary.json,.json,249
ax27_p434_input_sigma_opposite_pair_sum_values.json,.json,255
ax27_p437_diagonal_sigma_opposite_pair_sums.json,.json,1632
ax27_p437_diagonal_sigma_opposite_pair_sums_summary.json,.json,379
ax27_strict_extension_lane_qw2122_element_order_reference_vacuum_and_self_couplings_value_provider_packet.json,.json,3643
ax27_strict_extension_lane_qw2122_element_order_reference_vacuum_and_self_couplings_value_provider_packet_summary.json,.json,471
ax28_strict_extension_lane_pair1_sign_distinction_observable_packet_summary.json,.json,793
ax29_strict_extension_lane_global_oriented_selector_state_object_from_f470_f467_and_ax28_packet_summary.json,.json,795
ax2_axiom_lane_actual_basis_pair_and_orientation_slice_instance_summary.json,.json,1568
ax30_canonical_ontology_supported_preobserver_direct_m2_psi7_source_eom_coherence_instance.json,.json,4640
ax30_canonical_ontology_supported_preobserver_direct_m2_psi7_source_eom_coherence_instance_summary.json,.json,417
ax31_canonical_ontology_supported_preobserver_direct_m2_psi2_source_coherence_instance.json,.json,5393
ax31_canonical_ontology_supported_preobserver_direct_m2_psi2_source_coherence_instance_summary.json,.json,409
ax32_canonical_ontology_supported_preobserver_direct_m2_psi5_target_coherence_instance.json,.json,5397
ax32_canonical_ontology_supported_preobserver_direct_m2_psi5_target_coherence_instance_summary.json,.json,409
ax33_canonical_ontology_supported_preobserver_direct_m2_psi8_source_coherence_instance.json,.json,5451
ax33_canonical_ontology_supported_preobserver_direct_m2_psi8_source_coherence_instance_summary.json,.json,409
ax34_canonical_ontology_supported_preobserver_direct_m2_psi11_target_coherence_instance.json,.json,5480
ax34_canonical_ontology_supported_preobserver_direct_m2_psi11_target_coherence_instance_summary.json,.json,411
ax3_axiom_lane_sigma_int_residual_datum_bridge_instance_summary.json,.json,1922
ax4_axiom_lane_selector_family_robustness_audit_summary.json,.json,1789
ax5_axiom_lane_mode_scaffold_compatibility_audit_summary.json,.json,1600
ax6_axiom_lane_closure_packet_summary.json,.json,1722
ax7_axiom_lane_anti_overclaim_boundary_audit_summary.json,.json,1613
ax8_axiom_lane_publication_ready_summary_packet_summary.json,.json,1601
ax9_informational_nadsoliton_primacy_axiom_packet.json,.json,1572
ax9_informational_nadsoliton_primacy_axiom_packet_summary.json,.json,341
axiom_lane_actual_basis_pair_orientation_slice_instance.json,.json,467
axiom_lane_boundary_certificate.json,.json,1842
axiom_lane_closure_packet.json,.json,1705
axiom_lane_mode_scaffold_compatibility_certificate.json,.json,614
axiom_lane_publication_ready_summary_packet.json,.json,1960
axiom_lane_selector_family_robustness_certificate.json,.json,703
axiom_lane_sigma_int_residual_datum_bridge_instance.json,.json,1150
b1_mode_uniqueness_minimal_extra_structure_audit_summary.json,.json,2067
b2_internal_orientation_datum_source_audit_summary.json,.json,2835
b3_topological_selector_bridge_packet_summary.json,.json,2007
b4_minimal_sigma_int_candidate_summary.json,.json,1192
b5_sigma_int_local_stability_audit_summary.json,.json,1693
b6_sigma_to_selector_factorized_bridge_summary.json,.json,1777
b7_factorized_selector_mode_scaffold_compatibility_audit_summary.json,.json,1680
b8_selector_track_anti_overclaim_audit_summary.json,.json,1627
b_sigma_int_E_pair_sign_mask_strict_provenance_v1.json,.json,1956
c10_psi_sector_host_identification_audit_summary.json,.json,1755
c11_psi_sector_block_extraction_audit_summary.json,.json,1553
c12_minimal_psi_block_extraction_packet_summary.json,.json,1567
c13_mode_basis_control_index_set_audit_summary.json,.json,1399
c14_control_mode_to_psi_transport_schema_summary.json,.json,2032
c15_control_only_pullback_submatrix_packet_summary.json,.json,1950
c16_minimal_psi_hessian_coefficient_class_table_summary.json,.json,1761
c17_index_complete_psi_row_stencil_audit_summary.json,.json,1741
c18_finite_psi_row_export_witness_packet_summary.json,.json,1960
c19_generator_level_all_rows_source_audit_summary.json,.json,1967
c1_narrow_foundational_blocker_selection_summary.json,.json,1368
c20_finite_materialization_recipe_audit_summary.json,.json,1939
c21_existing_export_carrier_audit_summary.json,.json,1561
c22_model_clause_schema_absence_audit_summary.json,.json,1463
c23_patch_ready_model_clause_packet_summary.json,.json,1565
c24_non_destructive_patch_admission_audit_summary.json,.json,1517
c25_applied_patch_rerun_export_audit_summary.json,.json,1336
c26_quotient_first_orientation_slice_restriction_audit_summary.json,.json,1657
c27_zero_mode_quotient_candidate_packet_summary.json,.json,1597
c28_local_orbit_frame_quotient_schema_summary.json,.json,1658
c29_local_projector_formula_packet_summary.json,.json,2911
c2_selector_family_internal_origin_packet_summary.json,.json,1528
c30_pair_to_pair_gluing_compatibility_packet_summary.json,.json,4940
c31_transition_angle_source_candidate_audit_summary.json,.json,3873
c32_cross_pair_overlap_scalar_degeneracy_audit_summary.json,.json,2105
c33_local_phase_export_class_audit_summary.json,.json,2411
c34_local_reduced_representative_class_audit_summary.json,.json,2977
c35_actual_phase_source_branch_audit_summary.json,.json,2743
c36_axiom_branch_to_strict_track_bridge_audit_summary.json,.json,2156
c37_residual_orientation_datum_internalization_candidate_audit_summary.json,.json,1947
c38_sigma_int_residual_datum_theorem_spec_audit_summary.json,.json,1627
c39_sigma_int_acceptance_skeleton_audit_summary.json,.json,1591
c3_internal_reference_pair_candidate_from_mode_scaffold_summary.json,.json,1653
c40_minimal_field_list_audit_summary.json,.json,1684
c41_acceptance_artifact_schema_packet_summary.json,.json,1704
c42_persisted_template_carrier_audit_summary.json,.json,1569
c43_filename_path_convention_audit_summary.json,.json,1590
c44_minimal_template_content_audit_summary.json,.json,2119
c45_non_destructive_template_file_admission_audit_summary.json,.json,1821
c46_minimal_template_file_creation_audit_summary.json,.json,1350
c47_basis_level_orientation_slice_candidate_audit_summary.json,.json,1879
c48_minimal_actual_basis_pair_export_skeleton_audit_summary.json,.json,1876
c49_conditional_populated_instance_schema_audit_summary.json,.json,1643
c4_local_quadratic_mismatch_kinematic_reduction_summary.json,.json,2286
c50_actual_phase_source_skeleton_audit_summary.json,.json,1334
c51_strict_to_axiom_source_bridge_spec_audit_summary.json,.json,1523
c52_strict_to_axiom_bridge_field_list_audit_summary.json,.json,1334
c53_strict_to_axiom_bridge_artifact_schema_audit_summary.json,.json,1420
c54_strict_to_axiom_bridge_carrier_audit_summary.json,.json,1363
c55_strict_to_axiom_bridge_filename_path_audit_summary.json,.json,1424
c5_projected_hessian_selector_metric_bridge_summary.json,.json,2235
c6_projected_second_variation_source_audit_summary.json,.json,1646
c7_mode_pair_to_orientation_slice_schema_packet_summary.json,.json,1419
c8_projected_block_positivity_descent_audit_summary.json,.json,1328
c9_action_origin_host_carrier_audit_summary.json,.json,1548
c_v1_void_configuration_space_in_local_b_tilde_1_sector_v1.json,.json,1370
chi_fr_strict_v1_map_on_pi1_c_v1_v1.json,.json,1642
chi_parity_phase_12_v1_character.json,.json,985
chi_parity_z12_v1_character.json,.json,1254
closure_edge_replay_stabilizer_v1.json,.json,209
compute_or_fail_a1_b1_d1.json,.json,1524
compute_or_fail_a1_b1_d1_summary.json,.json,277
d1_selector_axiom_necessity_current_best_supported_conclusion_summary.json,.json,1601
delta_d_sigma_int_positive_window_step_strict_provenance_v1.json,.json,2003
eps_sigma_int_E_pair_amplitude_strict_provenance_v1.json,.json,1153
f100_first_emergent_observer_closure_realization_map_packet_summary.json,.json,1675
f101_first_emergent_observer_closure_fixed_point_test_packet_summary.json,.json,1715
f102_first_emergent_observer_closure_support_object_packet_summary.json,.json,1694
f103_first_emergent_observer_closure_readout_operator_packet_summary.json,.json,1711
f104_first_emergent_observer_closure_object_candidate_packet_summary.json,.json,1749
f105_first_emergent_observer_closure_commit_map_packet_summary.json,.json,1734
f106_first_emergent_observer_closure_realization_object_packet_summary.json,.json,1753
f107_first_actual_emergent_observer_closure_candidate_packet_summary.json,.json,1769
f108_first_actual_emergent_observer_closure_object_packet_summary.json,.json,1763
f109_first_actual_emergent_observer_closure_commit_map_packet_summary.json,.json,1873
f10_legacy_weinberg_replaced_branch_refinement_packet.json,.json,2505
f10_legacy_weinberg_replaced_branch_refinement_packet_summary.json,.json,858
f110_first_actual_emergent_observer_closure_realization_object_packet_summary.json,.json,1908
f111_first_actual_emergent_observer_closure_fixed_point_test_packet_summary.json,.json,1858
f112_first_actual_emergent_observer_closure_support_object_packet_summary.json,.json,1824
f113_first_actual_emergent_observer_closure_readout_operator_packet_summary.json,.json,1877
f114_first_actual_emergent_observer_closure_object_candidate_packet_summary.json,.json,1921
f115_first_actual_emergent_observer_closure_commit_map_packet_summary.json,.json,1905
f116_first_actual_emergent_observer_closure_realization_map_packet_summary.json,.json,1895
f117_first_actual_emergent_observer_closure_fixed_point_test_packet_summary.json,.json,1855
f118_next_actual_emergent_observer_closure_support_object_packet_summary.json,.json,1210
f119_next_actual_emergent_observer_closure_readout_operator_packet_summary.json,.json,1557
f11_legacy_weinberg_object_successor_refinement_packet.json,.json,2369
f11_legacy_weinberg_object_successor_refinement_packet_summary.json,.json,854
f120_next_actual_emergent_observer_closure_object_candidate_packet_summary.json,.json,1595
f121_next_actual_emergent_observer_closure_commit_map_packet_summary.json,.json,1604
f122_next_actual_emergent_observer_closure_realization_map_packet_summary.json,.json,1583
f123_next_actual_emergent_observer_closure_fixed_point_test_packet_summary.json,.json,1538
f124_next_actual_emergent_observer_closure_support_object_packet_summary.json,.json,1502
f125_next_actual_emergent_observer_closure_readout_operator_packet_summary.json,.json,1565
f126_current_global_selector_closure_promotion_from_exported_emergent_observer_packet_summary.json,.json,2058
f127_first_source_topology_invariant_candidate_packet_summary.json,.json,1030
f128_first_source_topology_selector_promotion_target_packet_summary.json,.json,873
f129_first_source_topology_invariant_nontriviality_target_packet_summary.json,.json,831
f12_legacy_weinberg_method_successor_semantics_refinement_packet.json,.json,2493
f12_legacy_weinberg_method_successor_semantics_refinement_packet_summary.json,.json,927
f130_first_source_topology_nonzero_flow_subtarget_packet_summary.json,.json,754
f131_first_source_topology_barrier_protected_sign_subtarget_packet_summary.json,.json,769
f132_first_source_topology_observer_free_scope_subtarget_packet_summary.json,.json,820
f133_first_source_topology_nontriviality_components_package_packet_summary.json,.json,630
f134_first_source_topology_nontriviality_assembly_target_packet_summary.json,.json,602
f136_first_source_topology_basis_independent_promotion_target_packet_summary.json,.json,816
f137_first_source_topology_quotient_safe_qw2191_resolution_target_packet_summary.json,.json,578
f138_first_actual_source_topology_nonzero_flow_component_witness_packet_summary.json,.json,918
f139_first_actual_source_topology_barrier_sign_component_witness_packet_summary.json,.json,1187
f13_legacy_fine_structure_role_strict_side_partition_refinement_packet.json,.json,2045
f13_legacy_fine_structure_role_strict_side_partition_refinement_packet_summary.json,.json,655
f140_first_actual_source_topology_local_barrier_sign_stability_witness_packet_summary.json,.json,1482
f141_first_actual_source_topology_barrier_protected_sign_witness_packet_summary.json,.json,1270
f142_first_actual_source_topology_observer_free_scope_witness_packet_summary.json,.json,1503
f143_first_actual_source_topology_nonzero_flow_witness_packet_summary.json,.json,1179
f144_first_actual_source_topology_nontriviality_components_package_packet_summary.json,.json,1235
f145_first_actual_source_topology_nontriviality_assembly_witness_packet_summary.json,.json,1701
f146_first_actual_source_topology_full_nontriviality_witness_packet_summary.json,.json,1513
f147_first_actual_source_topology_selector_witness_packet_summary.json,.json,2466
f148_first_actual_source_topology_basis_independent_promotion_witness_packet_summary.json,.json,3540
f149_first_actual_source_topology_quotient_safe_qw2191_resolution_witness_packet_summary.json,.json,2175
f14_legacy_fine_structure_retained_branch_refinement_packet.json,.json,1759
f14_legacy_fine_structure_retained_branch_refinement_packet_summary.json,.json,667
f150_first_actual_declared_scope_source_topology_selector_theorem_packet_summary.json,.json,2182
f151_first_legacy_to_strict_kernel_bridge_target_packet_summary.json,.json,1127
f152_first_legacy_to_strict_kernel_nonbridge_strengthening_target_packet_summary.json,.json,1122
f153_first_actual_legacy_to_strict_kernel_bifurcated_frontier_packet_summary.json,.json,886
f154_first_actual_legacy_to_strict_kernel_amplitude_nonabsorption_component_witness_packet_summary.json,.json,921
f155_first_actual_legacy_to_strict_kernel_claim_specific_amplitude_nonabsorption_witness_packet_summary.json,.json,876
f156_first_actual_legacy_to_strict_kernel_amplitude_nonabsorption_coverage_packet_summary.json,.json,804
f157_first_actual_legacy_to_strict_kernel_full_amplitude_nonabsorption_obstruction_witness_packet_summary.json,.json,927
f158_first_actual_legacy_to_strict_kernel_damping_nonrenormalization_obstruction_witness_packet_summary.json,.json,838
f159_first_actual_nadsoliton_macroscopic_identification_role_separation_packet_summary.json,.json,1596
f15_legacy_fine_structure_role_equivalence_refinement_packet.json,.json,1782
f15_legacy_fine_structure_role_equivalence_refinement_packet_summary.json,.json,893
f160_first_actual_nonstrict_declared_scope_selector_closure_packet_summary.json,.json,925
f161_first_actual_nonstrict_declared_scope_toe_preclosure_support_packet_summary.json,.json,888
f162_first_nonstrict_declared_scope_toe_closure_target_packet_summary.json,.json,917
f16_legacy_fine_structure_semantic_transfer_refinement_packet.json,.json,2013
f16_legacy_fine_structure_semantic_transfer_refinement_packet_summary.json,.json,855
f17_legacy_fine_structure_replaced_branch_refinement_packet.json,.json,2077
f17_legacy_fine_structure_replaced_branch_refinement_packet_summary.json,.json,913
f18_legacy_fine_structure_object_successor_refinement_packet.json,.json,2381
f18_legacy_fine_structure_object_successor_refinement_packet_summary.json,.json,866
f19_legacy_fine_structure_method_successor_semantics_refinement_packet.json,.json,2531
f19_legacy_fine_structure_method_successor_semantics_refinement_packet_summary.json,.json,949
f1_canonical_informational_fractal_substrate_parameter_packet.json,.json,3231
f1_canonical_informational_fractal_substrate_parameter_packet_summary.json,.json,1030
f20_legacy_gravity_hierarchy_role_strict_side_partition_refinement_packet.json,.json,2078
f20_legacy_gravity_hierarchy_role_strict_side_partition_refinement_packet_summary.json,.json,667
f21_legacy_gravity_hierarchy_retained_branch_refinement_packet.json,.json,1752
f21_legacy_gravity_hierarchy_retained_branch_refinement_packet_summary.json,.json,653
f22_legacy_gravity_hierarchy_role_equivalence_refinement_packet.json,.json,1769
f22_legacy_gravity_hierarchy_role_equivalence_refinement_packet_summary.json,.json,861
f23_legacy_gravity_hierarchy_semantic_transfer_refinement_packet.json,.json,1744
f23_legacy_gravity_hierarchy_semantic_transfer_refinement_packet_summary.json,.json,848
f24_legacy_gravity_hierarchy_replaced_branch_refinement_packet.json,.json,2124
f24_legacy_gravity_hierarchy_replaced_branch_refinement_packet_summary.json,.json,941
f25_legacy_gravity_hierarchy_object_successor_refinement_packet.json,.json,2139
f25_legacy_gravity_hierarchy_object_successor_refinement_packet_summary.json,.json,850
f26_legacy_gravity_hierarchy_method_successor_semantics_refinement_packet.json,.json,2239
f26_legacy_gravity_hierarchy_method_successor_semantics_refinement_packet_summary.json,.json,913
f27_current_selector_requirement_theory_acceptance_refinement_packet.json,.json,2393
f27_current_selector_requirement_theory_acceptance_refinement_packet_summary.json,.json,895
f28_current_strict_core_internal_selector_source_derivation_refinement_packet.json,.json,1835
f28_current_strict_core_internal_selector_source_derivation_refinement_packet_summary.json,.json,722
f29_genuine_strict_core_internal_selector_source_admission_packet.json,.json,1863
f29_genuine_strict_core_internal_selector_source_admission_packet_summary.json,.json,723
f2_strict_gate_kernel_provenance_and_far_input_classification_packet.json,.json,5400
f2_strict_gate_kernel_provenance_and_far_input_classification_packet_summary.json,.json,2044
f30_minimal_future_strict_core_internal_selector_source_object_target_packet.json,.json,1389
f30_minimal_future_strict_core_internal_selector_source_object_target_packet_summary.json,.json,538
f315_strict_sigma_int_e_pair_eps_parameter_source_audit_summary.json,.json,2610
f318_first_current_strict_side_source_seed_strict_sigma_int_upgrade_candidate_instance_packet.json,.json,3233
f318_first_current_strict_side_source_seed_strict_sigma_int_upgrade_candidate_instance_packet_summary.json,.json,2081
f31_initial_future_strict_core_selector_source_seed_target_packet.json,.json,1679
f31_initial_future_strict_core_selector_source_seed_target_packet_summary.json,.json,560
f326_first_actual_legacy_to_strict_kernel_phase_frequency_nonconformal_obstruction_witness_packet_summary.json,.json,993
f328_first_actual_strict_sigma_int_positive_window_delta_d_step_strict_provenance_source_upgrade_packet_summary.json,.json,270
f32_initial_future_strict_core_orientation_export_admission_packet.json,.json,1683
f32_initial_future_strict_core_orientation_export_admission_packet_summary.json,.json,859
f33_future_strict_core_source_seed_construction_target_packet.json,.json,1559
f33_future_strict_core_source_seed_construction_target_packet_summary.json,.json,728
f34_minimal_admissible_strict_core_source_seed_construction_contract_packet.json,.json,1573
f34_minimal_admissible_strict_core_source_seed_construction_contract_packet_summary.json,.json,837
f35_future_strict_core_source_seed_precursor_route_packet.json,.json,1634
f35_future_strict_core_source_seed_precursor_route_packet_summary.json,.json,590
f36_first_source_seed_candidate_construction_instance_packet.json,.json,2638
f36_first_source_seed_candidate_construction_instance_packet_summary.json,.json,1333
f37_first_source_seed_admissibility_upgrade_target_packet.json,.json,3144
f37_first_source_seed_admissibility_upgrade_target_packet_summary.json,.json,2361
f38_first_source_seed_first_clause_refinement_packet.json,.json,1483
f38_first_source_seed_first_clause_refinement_packet_summary.json,.json,709
f39_future_genuinely_new_source_object_lift_bind_target_packet.json,.json,1674
f39_future_genuinely_new_source_object_lift_bind_target_packet_summary.json,.json,836
f3_current_far_frontier_kernel_artifact_sensitivity_classification_packet.json,.json,6184
f3_current_far_frontier_kernel_artifact_sensitivity_classification_packet_summary.json,.json,1947
f40_first_future_genuinely_new_source_object_lift_bind_attempt_packet.json,.json,1750
f40_first_future_genuinely_new_source_object_lift_bind_attempt_packet_summary.json,.json,884
f41_first_future_constructed_source_object_realization_target_packet.json,.json,1748
f41_first_future_constructed_source_object_realization_target_packet_summary.json,.json,884
f42_first_future_constructed_source_object_realization_attempt_packet.json,.json,1827
f42_first_future_constructed_source_object_realization_attempt_packet_summary.json,.json,906
f43_first_future_constructed_source_object_realization_verdict_target_packet.json,.json,1807
f43_first_future_constructed_source_object_realization_verdict_target_packet_summary.json,.json,894
f447_current_strict_t169_qw2122_scalar_to_t168_per_site_value_provider_strict_derived_v1.json,.json,4647
f447_current_strict_t169_qw2122_scalar_to_t168_per_site_value_provider_strict_derived_v1_summary.json,.json,719
f44_first_future_constructed_source_object_realization_verdict_branch_refinement_packet.json,.json,1982
f44_first_future_constructed_source_object_realization_verdict_branch_refinement_packet_summary.json,.json,1139
f456_current_strict_sigma_int_orientation_slice_to_a1_pair1_operator_bridge_packet_summary.json,.json,378
f458_first_actual_strict_z24_carrier_and_regular_action_packet_summary.json,.json,512
f45_first_conservative_realization_failure_branch_packet.json,.json,1571
f45_first_conservative_realization_failure_branch_packet_summary.json,.json,603
f462_current_strict_sigma_int_pair1_pair2_projector_operator_section_glue_export_packet_summary.json,.json,453
f464_current_strict_pair123_selector_atlas_cocycle_data_export_packet_summary.json,.json,1285
f465_current_strict_pair12345_selector_atlas_cocycle_data_export_packet_summary.json,.json,1727
f466_current_strict_pair12345_selector_atlas_full_cocycle_data_export_packet_summary.json,.json,1160
f467_current_strict_pair12345_selector_atlas_oriented_transport_lift_packet_summary.json,.json,2330
f469_current_strict_global_selector_atlas_and_transition_object_export_packet_summary.json,.json,405
f46_remaining_realization_success_branch_packet.json,.json,1447
f46_remaining_realization_success_branch_packet_summary.json,.json,561
f470_current_strict_global_projective_selector_state_object_export_packet_summary.json,.json,690
f471_current_strict_pair1_sign_distinction_obstruction_from_even_reference_weights_packet_summary.json,.json,355
f472_current_strict_pair1_sign_distinction_obstruction_from_aut_invariant_reference_weights_packet_summary.json,.json,370
f473_current_strict_t164_z12_generator_orientation_canonical_fixing_datum_export_packet_summary.json,.json,309
f474_current_strict_t171_global_directed_selector_state_datum_export_packet_summary.json,.json,595
f47_first_post_verdict_admissibility_branch_packet.json,.json,1547
f47_first_post_verdict_admissibility_branch_packet_summary.json,.json,634
f48_first_post_admissibility_orientation_export_branch_packet.json,.json,1602
f48_first_post_admissibility_orientation_export_branch_packet_summary.json,.json,635
f49_last_downstream_completion_branch_packet.json,.json,1561
f49_last_downstream_completion_branch_packet_summary.json,.json,612
f4_legacy_physical_role_transfer_classification_packet.json,.json,4477
f4_legacy_physical_role_transfer_classification_packet_summary.json,.json,1835
f50_genuinely_additive_source_object_construction_contract_packet.json,.json,1434
f50_genuinely_additive_source_object_construction_contract_packet_summary.json,.json,561
f51_first_future_genuinely_additive_source_object_construction_attempt_packet.json,.json,1492
f51_first_future_genuinely_additive_source_object_construction_attempt_packet_summary.json,.json,648
f52_first_future_genuinely_additive_source_object_construction_attempt_instance_packet.json,.json,1534
f52_first_future_genuinely_additive_source_object_construction_attempt_instance_packet_summary.json,.json,639
f53_first_future_additive_construction_attempt_verdict_target_packet.json,.json,1399
f53_first_future_additive_construction_attempt_verdict_target_packet_summary.json,.json,624
f54_first_future_additive_construction_attempt_verdict_branch_refinement_packet.json,.json,1529
f54_first_future_additive_construction_attempt_verdict_branch_refinement_packet_summary.json,.json,672
f55_first_conservative_additive_attempt_failure_branch_packet.json,.json,1621
f55_first_conservative_additive_attempt_failure_branch_packet_summary.json,.json,602
f56_remaining_additive_attempt_success_branch_packet.json,.json,1432
f56_remaining_additive_attempt_success_branch_packet_summary.json,.json,535
f57_first_post_additive_verdict_admissibility_branch_packet_summary.json,.json,1388
f58_first_post_additive_admissibility_orientation_export_branch_packet_summary.json,.json,1544
f59_last_additive_downstream_completion_branch_packet_summary.json,.json,1447
f5_legacy_physical_role_partition_refinement_packet.json,.json,2862
f5_legacy_physical_role_partition_refinement_packet_summary.json,.json,1240
f60_current_light_matter_emergent_observer_information_deficit_synthesis_packet_summary.json,.json,2675
f61_current_selector_construction_stop_condition_packet_summary.json,.json,1229
f62_current_selector_construction_handoff_packet_summary.json,.json,1137
f635_future_genuinely_new_source_object_lift_bind_target_packet_for_s_sel_int_candidate_seed_v1.json,.json,1756
f635_future_genuinely_new_source_object_lift_bind_target_packet_for_s_sel_int_candidate_seed_v1_summary.json,.json,878
f636_first_future_genuinely_new_source_object_lift_bind_attempt_packet_for_s_sel_int_candidate_seed_v1.json,.json,1781
f636_first_future_genuinely_new_source_object_lift_bind_attempt_packet_for_s_sel_int_candidate_seed_v1_summary.json,.json,906
f637_first_future_constructed_source_object_realization_target_packet_for_s_sel_int_candidate_seed_v1.json,.json,1791
f637_first_future_constructed_source_object_realization_target_packet_for_s_sel_int_candidate_seed_v1_summary.json,.json,898
f638_first_future_constructed_source_object_realization_attempt_packet_for_s_sel_int_candidate_seed_v1.json,.json,1824
f638_first_future_constructed_source_object_realization_attempt_packet_for_s_sel_int_candidate_seed_v1_summary.json,.json,920
f639_first_future_constructed_source_object_realization_verdict_target_packet_for_s_sel_int_candidate_seed_v1.json,.json,1820
f639_first_future_constructed_source_object_realization_verdict_target_packet_for_s_sel_int_candidate_seed_v1_summary.json,.json,908
f63_current_future_additive_upstream_source_work_contract_packet_summary.json,.json,1640
f640_first_future_constructed_source_object_realization_verdict_branch_refinement_packet_for_s_sel_int_candidate_seed_v1.json,.json,1998
f640_first_future_constructed_source_object_realization_verdict_branch_refinement_packet_for_s_sel_int_candidate_seed_v1_summary.json,.json,1153
f641_first_conservative_realization_failure_branch_packet_for_s_sel_int_candidate_seed_v1.json,.json,1637
f641_first_conservative_realization_failure_branch_packet_for_s_sel_int_candidate_seed_v1_summary.json,.json,617
f642_remaining_realization_success_branch_packet_for_s_sel_int_candidate_seed_v1.json,.json,1472
f642_remaining_realization_success_branch_packet_for_s_sel_int_candidate_seed_v1_summary.json,.json,575
f643_first_post_verdict_admissibility_branch_packet_for_s_sel_int_candidate_seed_v1.json,.json,1588
f643_first_post_verdict_admissibility_branch_packet_for_s_sel_int_candidate_seed_v1_summary.json,.json,648
f644_first_post_admissibility_orientation_export_branch_packet_for_s_sel_int_candidate_seed_v1.json,.json,1652
f644_first_post_admissibility_orientation_export_branch_packet_for_s_sel_int_candidate_seed_v1_summary.json,.json,649
f645_last_downstream_completion_branch_packet_for_s_sel_int_candidate_seed_v1.json,.json,1585
f645_last_downstream_completion_branch_packet_for_s_sel_int_candidate_seed_v1_summary.json,.json,626
f646_strict_witness_provider_contract_packet_for_seed_v1_realization_attempt.json,.json,2056
f646_strict_witness_provider_contract_packet_for_seed_v1_realization_attempt_summary.json,.json,1920
f647_strict_witness_provider_export_packet_for_seed_v1_realization_attempt.json,.json,4125
f647_strict_witness_provider_export_packet_for_seed_v1_realization_attempt_summary.json,.json,1027
f649_first_exported_s_sel_int_strict_core_source_object_second_clause_typing_packet.json,.json,1970
f649_first_exported_s_sel_int_strict_core_source_object_second_clause_typing_packet_summary.json,.json,688
f64_first_contract_compliant_additive_upstream_source_target_packet_summary.json,.json,1543
f650_first_exported_s_sel_int_strict_core_source_object_source_seed_only_packet_summary.json,.json,568
f651_first_exported_s_sel_int_strict_core_source_object_strict_core_only_packet_summary.json,.json,447
f652_first_exported_s_sel_int_strict_core_source_object_selector_acceptance_independence_packet_summary.json,.json,580
f653_first_exported_s_sel_int_strict_core_source_object_future_bridge_compatibility_packet_summary.json,.json,605
f654_first_exported_s_sel_int_strict_core_source_object_orientation_export_packet_summary.json,.json,4797
f655_first_exported_s_sel_int_strict_core_source_object_selector_bridge_operator_packet_summary.json,.json,2582
f656_first_exported_s_sel_int_strict_core_source_object_selector_reduction_operator_packet_summary.json,.json,1987
f657_first_exported_s_sel_int_strict_core_source_object_selector_output_operator_packet_summary.json,.json,1840
f658_current_strict_global_selector_bridge_operator_promotion_from_seed_v1_chain_on_c_v1_packet_summary.json,.json,1271
f659_current_strict_global_selector_reduction_operator_promotion_from_seed_v1_chain_on_c_v1_packet_summary.json,.json,1402
f65_first_contract_compliant_additive_upstream_source_construction_attempt_packet_summary.json,.json,1275
f660_current_strict_global_selector_output_operator_promotion_from_seed_v1_chain_on_c_v1_packet_summary.json,.json,753
f661_current_strict_global_downstream_completion_branch_discharge_for_promoted_seed_v1_chain_on_c_v1_packet_summary.json,.json,1716
f662_current_actual_legacy_to_strict_kernel_nonbridge_strengthening_discharge_witness_packet_summary.json,.json,1083
f663_current_actual_legacy_to_strict_kernel_bifurcated_frontier_packet_v2_summary.json,.json,643
f66_first_contract_compliant_additive_upstream_source_construction_attempt_verdict_target_packet_summary.json,.json,1437
f672_first_exported_selector_closure_global_c_v1_projective_strict_v1_packet_summary.json,.json,779
f677_first_exported_selector_closure_global_c_v1_directed_strict_v1_packet_summary.json,.json,747
f67_first_contract_compliant_additive_upstream_source_construction_attempt_verdict_branch_refinement_packet_summary.json,.json,1638
f683_first_exported_selector_output_sign_lift_global_c_v1_rooted_transport_from_s_sel_int_w_break_packet_summary.json,.json,332
f684_first_exported_selector_state_global_c_v1_directed_rooted_transport_from_s_sel_int_w_break_packet_summary.json,.json,447
f685_first_exported_selector_closure_global_c_v1_directed_rooted_transport_from_s_sel_int_w_break_packet_summary.json,.json,312
f688_current_strict_t174_global_oriented_transition_edge_sign_lift_export_packet_summary.json,.json,578
f68_first_conservative_contract_compliant_additive_attempt_failure_branch_packet_summary.json,.json,1240
f690_current_strict_t175_global_chart_sign_fixing_from_strict_core_payload_weights_export_packet_summary.json,.json,455
f691_current_strict_t174_global_oriented_transition_edge_sign_lift_from_sign_fixed_directed_state_export_packet_summary.json,.json,530
f692_current_strict_t175_sign_fixed_directed_closure_export_packet_summary.json,.json,338
f695_first_actual_strict_projective_operational_toe_preclosure_support_packet_summary.json,.json,1397
f698_first_actual_strict_projective_operational_toe_os_support_packet_summary.json,.json,1918
f69_remaining_contract_compliant_additive_attempt_success_branch_packet_summary.json,.json,1042
f6_legacy_weinberg_role_strict_side_partition_refinement_packet.json,.json,2007
f6_legacy_weinberg_role_strict_side_partition_refinement_packet_summary.json,.json,641
f700_first_actual_strict_projective_operational_toe_os_support_with_emergent_observer_chain_packet_summary.json,.json,2248
f704_current_strict_invariant_mass_observable_from_diagonal_local_psi_hessian_eigensystem_export_packet_summary.json,.json,344
f705_first_actual_strict_projective_operational_toe_os_support_with_invariant_mass_observable_packet_summary.json,.json,2478
f70_first_post_contract_compliant_verdict_admissibility_branch_packet_summary.json,.json,1660
f71_first_post_contract_compliant_admissibility_orientation_export_branch_packet_summary.json,.json,1658
f72_last_contract_compliant_downstream_completion_branch_packet_summary.json,.json,1429
f73_first_preobserver_light_matter_source_provider_class_target_packet_summary.json,.json,2167
f74_first_preobserver_light_matter_asymmetric_provider_packet_summary.json,.json,1589
f75_first_preobserver_light_matter_source_object_target_packet_summary.json,.json,1261
f76_first_additive_preobserver_source_object_construction_attempt_packet_summary.json,.json,1792
f77_first_additive_preobserver_source_object_admissibility_upgrade_target_packet_summary.json,.json,1248
f784_current_minimal_strict_sm_gr_bridge_registry_packet.json,.json,11715
f784_current_minimal_strict_sm_gr_bridge_registry_packet_summary.json,.json,1330
f787_current_minimal_strict_sm_gr_bridge_export_refinement_packet.json,.json,8885
f787_current_minimal_strict_sm_gr_bridge_export_refinement_packet_summary.json,.json,630
f788_current_minimal_strict_sm_gr_bridge_authority_refinement_packet.json,.json,2149
f788_current_minimal_strict_sm_gr_bridge_authority_refinement_packet_summary.json,.json,408
f789_current_strict_alpha_s_normalized_boundary_interface_target_packet.json,.json,5484
f789_current_strict_alpha_s_normalized_boundary_interface_target_packet_summary.json,.json,550
f78_first_additive_preobserver_source_object_first_clause_refinement_packet_summary.json,.json,640
f790_current_strict_alpha_s_canonical_anchor_selection_target_packet.json,.json,3068
f790_current_strict_alpha_s_canonical_anchor_selection_target_packet_summary.json,.json,477
f791_current_strict_alpha_s_selection_principle_target_packet.json,.json,3656
f791_current_strict_alpha_s_selection_principle_target_packet_summary.json,.json,456
f792_current_strict_alpha_s_family_selection_order_rule_target_packet.json,.json,3635
f792_current_strict_alpha_s_family_selection_order_rule_target_packet_summary.json,.json,491
f793_current_strict_alpha_s_normalization_boundary_rule_target_packet.json,.json,3642
f793_current_strict_alpha_s_normalization_boundary_rule_target_packet_summary.json,.json,490
f794_current_strict_alpha_s_top_boundary_anchor_rule_target_packet.json,.json,3524
f794_current_strict_alpha_s_top_boundary_anchor_rule_target_packet_summary.json,.json,464
f795_current_strict_alpha_s_top_boundary_semantic_role_target_packet.json,.json,3452
f795_current_strict_alpha_s_top_boundary_semantic_role_target_packet_summary.json,.json,482
f796_current_strict_alpha_s_reference_scale_point_target_packet.json,.json,3620
f796_current_strict_alpha_s_reference_scale_point_target_packet_summary.json,.json,480
f797_current_strict_alpha_s_reference_scale_rule_target_packet.json,.json,3607
f797_current_strict_alpha_s_reference_scale_rule_target_packet_summary.json,.json,474
f798_current_strict_alpha_s_reference_scale_invariant_support_bundle_packet.json,.json,3176
f798_current_strict_alpha_s_reference_scale_invariant_support_bundle_packet_summary.json,.json,570
f799_current_strict_alpha_s_reference_scale_semantic_principle_target_packet.json,.json,3878
f799_current_strict_alpha_s_reference_scale_semantic_principle_target_packet_summary.json,.json,577
f79_first_additive_preobserver_source_object_nonreduction_comparison_packet_summary.json,.json,896
f7_legacy_weinberg_retained_branch_refinement_packet.json,.json,1794
f7_legacy_weinberg_retained_branch_refinement_packet_summary.json,.json,616
f800_current_strict_alpha_s_reference_scale_provider_class_target_packet.json,.json,4059
f800_current_strict_alpha_s_reference_scale_provider_class_target_packet_summary.json,.json,515
f801_current_strict_alpha_s_same_domain_provider_skeleton_packet.json,.json,2993
f801_current_strict_alpha_s_same_domain_provider_skeleton_packet_summary.json,.json,579
f801_current_strict_sm_gr_minimal_bridge_registry_packet.json,.json,8579
f801_current_strict_sm_gr_minimal_bridge_registry_packet_summary.json,.json,536
f802_current_strict_alpha_s_provider_action_rule_target_packet.json,.json,4019
f802_current_strict_alpha_s_provider_action_rule_target_packet_summary.json,.json,636
f803_current_strict_alpha_s_same_domain_relation_bundle_packet.json,.json,2683
f803_current_strict_alpha_s_same_domain_relation_bundle_packet_summary.json,.json,587
f804_current_strict_alpha_s_same_domain_compositional_alignment_bundle_packet.json,.json,2864
f804_current_strict_alpha_s_same_domain_compositional_alignment_bundle_packet_summary.json,.json,632
f805_current_strict_alpha_s_acting_input_bundle_packet.json,.json,2816
f805_current_strict_alpha_s_acting_input_bundle_packet_summary.json,.json,575
f806_current_strict_alpha_s_provider_action_continuation_boundary_packet.json,.json,2611
f806_current_strict_alpha_s_provider_action_continuation_boundary_packet_summary.json,.json,542
f807_current_strict_alpha_s_provider_class_shift_requirement_packet.json,.json,2435
f807_current_strict_alpha_s_provider_class_shift_requirement_packet_summary.json,.json,534
f808_current_strict_alpha_s_strict_source_shannon_provider_shift_candidate_reference_packet.json,.json,3351
f808_current_strict_alpha_s_strict_source_shannon_provider_shift_candidate_reference_packet_summary.json,.json,585
f809_current_strict_alpha_s_strict_source_shannon_shift_to_alpha_s_domain_interface_target_packet.json,.json,4533
f809_current_strict_alpha_s_strict_source_shannon_shift_to_alpha_s_domain_interface_target_packet_summary.json,.json,686
f80_first_additive_preobserver_source_object_first_clause_remainder_packet_summary.json,.json,1085
f810_current_strict_alpha_s_strict_source_shannon_shift_to_domain_carrier_identification_or_adapter_rule_target_packet.json,.json,5206
f810_current_strict_alpha_s_strict_source_shannon_shift_to_domain_carrier_identification_or_adapter_rule_target_packet_summary.json,.json,765
f811_current_strict_alpha_s_strict_source_shannon_shift_to_domain_source_binding_target_packet.json,.json,4794
f811_current_strict_alpha_s_strict_source_shannon_shift_to_domain_source_binding_target_packet_summary.json,.json,723
f812_current_strict_alpha_s_strict_source_shannon_shift_to_domain_source_binding_selection_or_preference_rule_target_packet.json,.json,5253
f812_current_strict_alpha_s_strict_source_shannon_shift_to_domain_source_binding_selection_or_preference_rule_target_packet_summary.json,.json,789
f813_current_strict_alpha_s_strict_source_shannon_source_binding_candidate_support_domain_packet.json,.json,3361
f813_current_strict_alpha_s_strict_source_shannon_source_binding_candidate_support_domain_packet_summary.json,.json,797
f814_current_strict_alpha_s_strict_source_shannon_source_binding_selection_or_preference_rule_schema_target_packet.json,.json,4887
f814_current_strict_alpha_s_strict_source_shannon_source_binding_selection_or_preference_rule_schema_target_packet_summary.json,.json,810
f815_current_strict_alpha_s_strict_source_shannon_source_binding_domain_member_grade_handling_clause_packet.json,.json,3620
f815_current_strict_alpha_s_strict_source_shannon_source_binding_domain_member_grade_handling_clause_packet_summary.json,.json,795
f816_current_strict_alpha_s_selection_or_preference_rule_schema_continuation_boundary_packet.json,.json,2860
f816_current_strict_alpha_s_selection_or_preference_rule_schema_continuation_boundary_packet_summary.json,.json,536
f817_current_strict_alpha_s_different_selection_provider_class_shift_candidate_reference_packet.json,.json,4663
f817_current_strict_alpha_s_different_selection_provider_class_shift_candidate_reference_packet_summary.json,.json,676
f818_current_strict_alpha_s_different_provider_class_shift_interface_target_first_continuation_boundary_packet.json,.json,3305
f818_current_strict_alpha_s_different_provider_class_shift_interface_target_first_continuation_boundary_packet_summary.json,.json,615
f818_current_strict_alpha_s_pair12_source_side_branch_selection_provider_shift_to_schema_interface_target_packet.json,.json,5939
f818_current_strict_alpha_s_pair12_source_side_branch_selection_provider_shift_to_schema_interface_target_packet_summary.json,.json,800
f819_current_strict_alpha_s_pair12_source_side_branch_selection_provider_shift_to_schema_adapter_or_carrier_identification_rule_target_packet.json,.json,6478
f819_current_strict_alpha_s_pair12_source_side_branch_selection_provider_shift_to_schema_adapter_or_carrier_identification_rule_target_packet_summary.json,.json,906
f81_first_additive_preobserver_strict_core_source_object_export_packet_summary.json,.json,1752
f820_current_strict_alpha_s_schema_domain_admission_or_nonidentification_boundary_target_packet.json,.json,5407
f820_current_strict_alpha_s_schema_domain_admission_or_nonidentification_boundary_target_packet_summary.json,.json,555
f821_current_strict_alpha_s_lawful_schema_domain_admission_target_packet.json,.json,5573
f821_current_strict_alpha_s_lawful_schema_domain_admission_target_packet_summary.json,.json,591
f822_current_strict_alpha_s_lawful_schema_domain_admission_output_schema_target_packet.json,.json,5714
f822_current_strict_alpha_s_lawful_schema_domain_admission_output_schema_target_packet_summary.json,.json,618
f823_current_strict_alpha_s_exact_output_schema_statement_target_packet.json,.json,5636
f823_current_strict_alpha_s_exact_output_schema_statement_target_packet_summary.json,.json,639
f824_current_strict_alpha_s_exact_statement_required_form_target_packet.json,.json,6561
f824_current_strict_alpha_s_exact_statement_required_form_target_packet_summary.json,.json,639
f825_current_strict_alpha_s_exact_required_form_statement_target_packet.json,.json,7017
f825_current_strict_alpha_s_exact_required_form_statement_target_packet_summary.json,.json,639
f826_current_strict_alpha_s_exact_required_form_statement_continuation_boundary_packet.json,.json,3122
f826_current_strict_alpha_s_exact_required_form_statement_continuation_boundary_packet_summary.json,.json,641
f827_current_strict_alpha_s_exact_required_form_statement_provider_class_shift_requirement_packet.json,.json,2759
f827_current_strict_alpha_s_exact_required_form_statement_provider_class_shift_requirement_packet_summary.json,.json,636
f828_current_strict_alpha_s_different_required_form_statement_provider_class_shift_candidate_reference_packet.json,.json,4906
f828_current_strict_alpha_s_different_required_form_statement_provider_class_shift_candidate_reference_packet_summary.json,.json,766
f829_current_strict_alpha_s_pair12_source_side_branch_selection_provider_shift_to_exact_required_form_statement_interface_target_packet.json,.json,5619
f829_current_strict_alpha_s_pair12_source_side_branch_selection_provider_shift_to_exact_required_form_statement_interface_target_packet_summary.json,.json,913
f82_first_exported_preobserver_source_object_second_clause_typing_packet_summary.json,.json,966
f830_current_strict_alpha_s_pair12_source_side_branch_selection_provider_shift_to_exact_required_form_statement_adapter_or_carrier_identification_rule_target_packet.json,.json,6545
f830_current_strict_alpha_s_pair12_source_side_branch_selection_provider_shift_to_exact_required_form_statement_adapter_or_carrier_identification_rule_target_packet_summary.json,.json,1044
f831_current_strict_alpha_s_exact_required_form_statement_domain_admission_or_nonidentification_boundary_target_packet.json,.json,6396
f831_current_strict_alpha_s_exact_required_form_statement_domain_admission_or_nonidentification_boundary_target_packet_summary.json,.json,624
f832_current_strict_alpha_s_lawful_exact_required_form_statement_domain_admission_target_packet.json,.json,6024
f832_current_strict_alpha_s_lawful_exact_required_form_statement_domain_admission_target_packet_summary.json,.json,683
f833_current_strict_alpha_s_lawful_exact_required_form_statement_domain_admission_output_schema_target_packet.json,.json,6930
f833_current_strict_alpha_s_lawful_exact_required_form_statement_domain_admission_output_schema_target_packet_summary.json,.json,687
f834_current_strict_alpha_s_lawful_exact_required_form_statement_domain_admission_exact_output_schema_statement_target_packet.json,.json,6138
f834_current_strict_alpha_s_lawful_exact_required_form_statement_domain_admission_exact_output_schema_statement_target_packet_summary.json,.json,739
f835_current_strict_alpha_s_lawful_exact_required_form_statement_domain_admission_exact_statement_required_form_target_packet.json,.json,6897
f835_current_strict_alpha_s_lawful_exact_required_form_statement_domain_admission_exact_statement_required_form_target_packet_summary.json,.json,739
f836_current_strict_alpha_s_lawful_exact_required_form_statement_domain_admission_exact_required_form_statement_target_packet.json,.json,7549
f836_current_strict_alpha_s_lawful_exact_required_form_statement_domain_admission_exact_required_form_statement_target_packet_summary.json,.json,739
f837_current_strict_alpha_s_exact_required_form_statement_continuation_boundary_packet.json,.json,3772
f837_current_strict_alpha_s_exact_required_form_statement_continuation_boundary_packet_summary.json,.json,838
f838_current_strict_alpha_s_exact_required_form_statement_provider_class_shift_requirement_packet.json,.json,3220
f838_current_strict_alpha_s_exact_required_form_statement_provider_class_shift_requirement_packet_summary.json,.json,752
f839_current_strict_alpha_s_different_required_form_statement_provider_class_shift_candidate_reference_packet.json,.json,5236
f839_current_strict_alpha_s_different_required_form_statement_provider_class_shift_candidate_reference_packet_summary.json,.json,828
f83_first_exported_preobserver_source_object_source_seed_only_packet_summary.json,.json,541
f840_current_strict_alpha_s_pair12_source_side_branch_selection_provider_shift_to_exact_required_form_statement_interface_target_packet.json,.json,5932
f840_current_strict_alpha_s_pair12_source_side_branch_selection_provider_shift_to_exact_required_form_statement_interface_target_packet_summary.json,.json,1069
f841_current_strict_alpha_s_pair12_source_side_branch_selection_provider_shift_to_exact_required_form_statement_adapter_or_carrier_identification_rule_target_packet.json,.json,6889
f841_current_strict_alpha_s_pair12_source_side_branch_selection_provider_shift_to_exact_required_form_statement_adapter_or_carrier_identification_rule_target_packet_summary.json,.json,1224
f842_current_strict_alpha_s_lawful_exact_required_form_statement_domain_admission_or_nonidentification_boundary_target_packet.json,.json,6624
f842_current_strict_alpha_s_lawful_exact_required_form_statement_domain_admission_or_nonidentification_boundary_target_packet_summary.json,.json,638
f843_current_strict_alpha_s_lawful_exact_required_form_statement_domain_admission_target_packet.json,.json,6089
f843_current_strict_alpha_s_lawful_exact_required_form_statement_domain_admission_target_packet_summary.json,.json,699
f844_current_strict_alpha_s_lawful_exact_required_form_statement_domain_admission_output_schema_target_packet.json,.json,7239
f844_current_strict_alpha_s_lawful_exact_required_form_statement_domain_admission_output_schema_target_packet_summary.json,.json,703
f845_current_strict_alpha_s_lawful_exact_required_form_statement_domain_admission_exact_output_schema_statement_target_packet.json,.json,6485
f845_current_strict_alpha_s_lawful_exact_required_form_statement_domain_admission_exact_output_schema_statement_target_packet_summary.json,.json,755
f846_current_strict_alpha_s_lawful_exact_required_form_statement_domain_admission_exact_statement_required_form_target_packet.json,.json,6888
f846_current_strict_alpha_s_lawful_exact_required_form_statement_domain_admission_exact_statement_required_form_target_packet_summary.json,.json,755
f847_current_strict_alpha_s_lawful_exact_required_form_statement_domain_admission_exact_required_form_statement_target_packet.json,.json,7482
f847_current_strict_alpha_s_lawful_exact_required_form_statement_domain_admission_exact_required_form_statement_target_packet_summary.json,.json,748
f848_current_strict_alpha_s_refined_exact_required_form_statement_continuation_boundary_packet.json,.json,3903
f848_current_strict_alpha_s_refined_exact_required_form_statement_continuation_boundary_packet_summary.json,.json,870
f849_current_strict_alpha_s_refined_exact_required_form_statement_provider_class_shift_requirement_packet.json,.json,3331
f849_current_strict_alpha_s_refined_exact_required_form_statement_provider_class_shift_requirement_packet_summary.json,.json,776
f84_first_exported_preobserver_source_object_strict_core_only_packet_summary.json,.json,420
f850_current_strict_alpha_s_refined_different_required_form_statement_provider_class_shift_candidate_reference_packet.json,.json,5355
f850_current_strict_alpha_s_refined_different_required_form_statement_provider_class_shift_candidate_reference_packet_summary.json,.json,852
f851_current_strict_alpha_s_pair12_source_side_branch_selection_provider_shift_to_refined_exact_required_form_statement_interface_target_packet.json,.json,6099
f851_current_strict_alpha_s_pair12_source_side_branch_selection_provider_shift_to_refined_exact_required_form_statement_interface_target_packet_summary.json,.json,1101
f852_current_strict_alpha_s_pair12_source_side_branch_selection_provider_shift_to_refined_exact_required_form_statement_adapter_or_carrier_identification_rule_target_packet.json,.json,7069
f852_current_strict_alpha_s_pair12_source_side_branch_selection_provider_shift_to_refined_exact_required_form_statement_adapter_or_carrier_identification_rule_target_packet_summary.json,.json,1264
f853_current_strict_alpha_s_lawful_refined_exact_required_form_statement_domain_admission_or_nonidentification_boundary_target_packet.json,.json,6870
f853_current_strict_alpha_s_lawful_refined_exact_required_form_statement_domain_admission_or_nonidentification_boundary_target_packet_summary.json,.json,662
f854_current_strict_alpha_s_lawful_refined_exact_required_form_statement_domain_admission_target_packet.json,.json,6225
f854_current_strict_alpha_s_lawful_refined_exact_required_form_statement_domain_admission_target_packet_summary.json,.json,715
f855_current_strict_alpha_s_lawful_refined_exact_required_form_statement_domain_admission_output_schema_target_packet.json,.json,7463
f855_current_strict_alpha_s_lawful_refined_exact_required_form_statement_domain_admission_output_schema_target_packet_summary.json,.json,711
f856_current_strict_alpha_s_lawful_refined_exact_required_form_statement_domain_admission_exact_output_schema_statement_target_packet.json,.json,6613
f856_current_strict_alpha_s_lawful_refined_exact_required_form_statement_domain_admission_exact_output_schema_statement_target_packet_summary.json,.json,763
f857_current_strict_alpha_s_lawful_refined_exact_required_form_statement_domain_admission_exact_statement_required_form_target_packet.json,.json,7012
f857_current_strict_alpha_s_lawful_refined_exact_required_form_statement_domain_admission_exact_statement_required_form_target_packet_summary.json,.json,763
f858_current_strict_alpha_s_lawful_refined_exact_required_form_statement_domain_admission_exact_required_form_statement_target_packet.json,.json,7594
f858_current_strict_alpha_s_lawful_refined_exact_required_form_statement_domain_admission_exact_required_form_statement_target_packet_summary.json,.json,756
f859_current_strict_alpha_s_lawful_refined_exact_required_form_statement_continuation_boundary_packet.json,.json,3643
f859_current_strict_alpha_s_lawful_refined_exact_required_form_statement_continuation_boundary_packet_summary.json,.json,813
f85_first_exported_preobserver_source_object_kernel_split_safety_packet_summary.json,.json,439
f860_current_strict_alpha_s_lawful_refined_exact_required_form_statement_provider_class_shift_requirement_packet.json,.json,3171
f860_current_strict_alpha_s_lawful_refined_exact_required_form_statement_provider_class_shift_requirement_packet_summary.json,.json,743
f861_current_strict_alpha_s_lawful_refined_different_required_form_statement_provider_class_shift_candidate_reference_packet.json,.json,5236
f861_current_strict_alpha_s_lawful_refined_different_required_form_statement_provider_class_shift_candidate_reference_packet_summary.json,.json,819
f862_current_strict_alpha_s_pair12_source_side_branch_selection_provider_shift_to_lawful_refined_exact_required_form_statement_interface_target_packet.json,.json,6001
f862_current_strict_alpha_s_pair12_source_side_branch_selection_provider_shift_to_lawful_refined_exact_required_form_statement_interface_target_packet_summary.json,.json,967
f863_current_strict_alpha_s_pair12_source_side_branch_selection_provider_shift_to_lawful_refined_exact_required_form_statement_adapter_or_carrier_identification_rule_target_packet.json,.json,6967
f863_current_strict_alpha_s_pair12_source_side_branch_selection_provider_shift_to_lawful_refined_exact_required_form_statement_adapter_or_carrier_identification_rule_target_packet_summary.json,.json,1145
f864_current_strict_alpha_s_lawful_refined_exact_required_form_statement_shift_interface_rule_domain_admission_or_nonidentification_boundary_target_packet.json,.json,6945
f864_current_strict_alpha_s_lawful_refined_exact_required_form_statement_shift_interface_rule_domain_admission_or_nonidentification_boundary_target_packet_summary.json,.json,704
f865_current_strict_alpha_s_lawful_refined_exact_required_form_statement_shift_interface_rule_domain_admission_target_packet.json,.json,6562
f865_current_strict_alpha_s_lawful_refined_exact_required_form_statement_shift_interface_rule_domain_admission_target_packet_summary.json,.json,799
f866_current_strict_alpha_s_lawful_refined_exact_required_form_statement_shift_interface_rule_domain_admission_output_schema_target_packet.json,.json,7619
f866_current_strict_alpha_s_lawful_refined_exact_required_form_statement_shift_interface_rule_domain_admission_output_schema_target_packet_summary.json,.json,774
f867_current_strict_alpha_s_lawful_refined_exact_required_form_statement_shift_interface_rule_domain_admission_exact_output_schema_statement_target_packet.json,.json,6796
f867_current_strict_alpha_s_lawful_refined_exact_required_form_statement_shift_interface_rule_domain_admission_exact_output_schema_statement_target_packet_summary.json,.json,826
f868_current_strict_alpha_s_lawful_refined_exact_required_form_statement_shift_interface_rule_domain_admission_exact_statement_required_form_target_packet.json,.json,7337
f868_current_strict_alpha_s_lawful_refined_exact_required_form_statement_shift_interface_rule_domain_admission_exact_statement_required_form_target_packet_summary.json,.json,826
f869_current_strict_alpha_s_lawful_refined_exact_required_form_statement_shift_interface_rule_domain_admission_exact_required_form_statement_target_packet.json,.json,7997
f869_current_strict_alpha_s_lawful_refined_exact_required_form_statement_shift_interface_rule_domain_admission_exact_required_form_statement_target_packet_summary.json,.json,819
f86_first_exported_preobserver_source_object_selector_acceptance_independence_packet_summary.json,.json,556
f870_current_strict_alpha_s_lawful_refined_exact_required_form_statement_shift_interface_rule_domain_admission_exact_required_form_statement_continuation_boundary_packet.json,.json,4199
f870_current_strict_alpha_s_lawful_refined_exact_required_form_statement_shift_interface_rule_domain_admission_exact_required_form_statement_continuation_boundary_packet_summary.json,.json,991
f871_current_strict_alpha_s_lawful_refined_shift_interface_rule_domain_admission_exact_required_form_statement_provider_class_shift_requirement_packet.json,.json,3656
f871_current_strict_alpha_s_lawful_refined_shift_interface_rule_domain_admission_exact_required_form_statement_provider_class_shift_requirement_packet_summary.json,.json,840
f872_current_strict_alpha_s_lawful_refined_shift_interface_rule_domain_admission_different_required_form_statement_provider_class_shift_candidate_reference_packet.json,.json,5738
f872_current_strict_alpha_s_lawful_refined_shift_interface_rule_domain_admission_different_required_form_statement_provider_class_shift_candidate_reference_packet_summary.json,.json,916
f873_current_strict_alpha_s_pair12_source_side_branch_selection_provider_shift_to_lawful_refined_shift_interface_rule_domain_admission_exact_required_form_statement_interface_target_packet.json,.json,6527
f873_current_strict_alpha_s_pair12_source_side_branch_selection_provider_shift_to_lawful_refined_shift_interface_rule_domain_admission_exact_required_form_statement_interface_target_packet_summary.json,.json,1119
f874_current_strict_alpha_s_pair12_provider_shift_to_lawful_refined_sir_da_exact_required_form_statement_adapter_or_carrier_rule_target_packet.json,.json,7451
f874_current_strict_alpha_s_pair12_provider_shift_to_lawful_refined_sir_da_exact_required_form_statement_adapter_or_carrier_rule_target_packet_summary.json,.json,1298
f875_current_strict_alpha_s_lawful_refined_shift_interface_rule_domain_admission_exact_required_form_statement_domain_admission_or_nonidentification_boundary_target_packet.json,.json,7274
f875_current_strict_alpha_s_lawful_refined_shift_interface_rule_domain_admission_exact_required_form_statement_domain_admission_or_nonidentification_boundary_target_packet_summary.json,.json,776
f876_current_strict_alpha_s_lawful_refined_shift_interface_rule_domain_admission_exact_required_form_statement_domain_admission_target_packet.json,.json,7013
f876_current_strict_alpha_s_lawful_refined_shift_interface_rule_domain_admission_exact_required_form_statement_domain_admission_target_packet_summary.json,.json,867
f877_current_strict_alpha_s_lawful_refined_shift_interface_rule_domain_admission_exact_required_form_statement_domain_admission_output_schema_target_packet.json,.json,8235
f877_current_strict_alpha_s_lawful_refined_shift_interface_rule_domain_admission_exact_required_form_statement_domain_admission_output_schema_target_packet_summary.json,.json,825
f878_current_strict_alpha_s_lawful_refined_shift_interface_rule_domain_admission_exact_required_form_statement_domain_admission_exact_output_schema_statement_target_packet.json,.json,7272
f878_current_strict_alpha_s_lawful_refined_shift_interface_rule_domain_admission_exact_required_form_statement_domain_admission_exact_output_schema_statement_target_packet_summary.json,.json,877
f879_current_strict_alpha_s_lawful_refined_shift_interface_rule_domain_admission_exact_required_form_statement_domain_admission_exact_statement_required_form_target_packet.json,.json,7898
f879_current_strict_alpha_s_lawful_refined_shift_interface_rule_domain_admission_exact_required_form_statement_domain_admission_exact_statement_required_form_target_packet_summary.json,.json,877
f87_first_exported_preobserver_source_object_future_bridge_compatibility_packet_summary.json,.json,552
f880_current_strict_alpha_s_lawful_refined_shift_interface_rule_domain_admission_exact_required_form_statement_domain_admission_exact_required_form_statement_target_packet.json,.json,8698
f880_current_strict_alpha_s_lawful_refined_shift_interface_rule_domain_admission_exact_required_form_statement_domain_admission_exact_required_form_statement_target_packet_summary.json,.json,870
f881_current_strict_alpha_s_lawful_refined_shift_interface_rule_domain_admission_exact_required_form_statement_domain_admission_exact_required_form_statement_continuation_boundary_packet.json,.json,4417
f881_current_strict_alpha_s_lawful_refined_shift_interface_rule_domain_admission_exact_required_form_statement_domain_admission_exact_required_form_statement_continuation_boundary_packet_summary.json,.json,1059
f882_current_strict_alpha_s_lawful_refined_shift_interface_rule_domain_admission_exact_required_form_statement_domain_admission_exact_required_form_statement_provider_class_shift_requirement_packet.json,.json,3925
f882_current_strict_alpha_s_lawful_refined_shift_interface_rule_domain_admission_exact_required_form_statement_domain_admission_exact_required_form_statement_provider_class_shift_requirement_packet_summary.json,.json,951
f883_current_strict_alpha_s_lawful_refined_shift_interface_rule_domain_admission_exact_required_form_statement_domain_admission_different_required_form_statement_provider_class_shift_candidate_reference_packet.json,.json,6108
f883_current_strict_alpha_s_lawful_refined_shift_interface_rule_domain_admission_exact_required_form_statement_domain_admission_different_required_form_statement_provider_class_shift_candidate_reference_packet_summary.json,.json,1027
f884_current_strict_alpha_s_pair12_provider_shift_to_lawful_refined_sir_da_exact_required_form_statement_da_exact_required_form_statement_interface_target_packet.json,.json,6690
f884_current_strict_alpha_s_pair12_provider_shift_to_lawful_refined_sir_da_exact_required_form_statement_da_exact_required_form_statement_interface_target_packet_summary.json,.json,1233
f885_current_strict_alpha_s_pair12_provider_shift_to_lawful_refined_sir_da_exact_required_form_statement_da_exact_required_form_statement_adapter_or_carrier_rule_target_packet.json,.json,7722
f885_current_strict_alpha_s_pair12_provider_shift_to_lawful_refined_sir_da_exact_required_form_statement_da_exact_required_form_statement_adapter_or_carrier_rule_target_packet_summary.json,.json,1430
f886_current_strict_alpha_s_lawful_refined_shift_interface_rule_domain_admission_exact_required_form_statement_domain_admission_exact_required_form_statement_domain_admission_or_nonidentification_boundary_target_packet.json,.json,7660
f886_current_strict_alpha_s_lawful_refined_shift_interface_rule_domain_admission_exact_required_form_statement_domain_admission_exact_required_form_statement_domain_admission_or_nonidentification_boundary_target_packet_summary.json,.json,917
f887_current_strict_alpha_s_lawful_refined_shift_interface_rule_domain_admission_exact_required_form_statement_domain_admission_exact_required_form_statement_domain_admission_target_packet.json,.json,7148
f887_current_strict_alpha_s_lawful_refined_shift_interface_rule_domain_admission_exact_required_form_statement_domain_admission_exact_required_form_statement_domain_admission_target_packet_summary.json,.json,1055
f888_current_strict_alpha_s_lawful_refined_shift_interface_rule_domain_admission_exact_required_form_statement_domain_admission_exact_required_form_statement_domain_admission_output_schema_target_packet.json,.json,8651
f888_current_strict_alpha_s_lawful_refined_shift_interface_rule_domain_admission_exact_required_form_statement_domain_admission_exact_required_form_statement_domain_admission_output_schema_target_packet_summary.json,.json,966
f889_current_strict_alpha_s_lawful_refined_sir_da_erfs_da_erfs_da_exact_output_schema_statement_target_packet.json,.json,7635
f889_current_strict_alpha_s_lawful_refined_sir_da_erfs_da_erfs_da_exact_output_schema_statement_target_packet_summary.json,.json,909
f88_first_exported_preobserver_source_object_orientation_export_packet_summary.json,.json,2108
f890_current_strict_alpha_s_lawful_refined_sir_da_erfs_da_erfs_da_exact_statement_required_form_target_packet.json,.json,8199
f890_current_strict_alpha_s_lawful_refined_sir_da_erfs_da_erfs_da_exact_statement_required_form_target_packet_summary.json,.json,909
f891_current_strict_alpha_s_lawful_refined_sir_da_erfs_da_erfs_da_exact_required_form_statement_target_packet.json,.json,8891
f891_current_strict_alpha_s_lawful_refined_sir_da_erfs_da_erfs_da_exact_required_form_statement_target_packet_summary.json,.json,902
f892_current_strict_alpha_s_lawful_refined_sir_da_erfs_da_erfs_da_exact_required_form_statement_continuation_boundary_packet.json,.json,3935
f892_current_strict_alpha_s_lawful_refined_sir_da_erfs_da_erfs_da_exact_required_form_statement_continuation_boundary_packet_summary.json,.json,1030
f893_current_strict_alpha_s_lawful_refined_sir_da_erfs_da_erfs_da_exact_required_form_statement_provider_class_shift_requirement_packet.json,.json,3620
f893_current_strict_alpha_s_lawful_refined_sir_da_erfs_da_erfs_da_exact_required_form_statement_provider_class_shift_requirement_packet_summary.json,.json,905
f894_current_strict_alpha_s_lawful_refined_sir_da_erfs_da_erfs_da_different_required_form_statement_provider_class_shift_candidate_reference_packet.json,.json,5878
f894_current_strict_alpha_s_lawful_refined_sir_da_erfs_da_erfs_da_different_required_form_statement_provider_class_shift_candidate_reference_packet_summary.json,.json,981
f895_current_strict_alpha_s_pair12_provider_shift_to_lawful_refined_sir_da_erfs_da_erfs_da_exact_required_form_statement_interface_target_packet.json,.json,6613
f895_current_strict_alpha_s_pair12_provider_shift_to_lawful_refined_sir_da_erfs_da_erfs_da_exact_required_form_statement_interface_target_packet_summary.json,.json,1357
f896_current_strict_alpha_s_pair12_provider_shift_to_lawful_refined_sir_da_erfs_da_erfs_da_exact_required_form_statement_adapter_or_carrier_rule_target_packet.json,.json,7486
f896_current_strict_alpha_s_pair12_provider_shift_to_lawful_refined_sir_da_erfs_da_erfs_da_exact_required_form_statement_adapter_or_carrier_rule_target_packet_summary.json,.json,1534
f897_current_strict_alpha_s_lawful_refined_sir_da_erfs_da_erfs_da_exact_required_form_statement_domain_admission_or_nonidentification_boundary_target_packet.json,.json,7262
f897_current_strict_alpha_s_lawful_refined_sir_da_erfs_da_erfs_da_exact_required_form_statement_domain_admission_or_nonidentification_boundary_target_packet_summary.json,.json,824
f898_current_strict_alpha_s_lawful_refined_sir_da_erfs_da_erfs_da_exact_required_form_statement_domain_admission_target_packet.json,.json,6848
f898_current_strict_alpha_s_lawful_refined_sir_da_erfs_da_erfs_da_exact_required_form_statement_domain_admission_target_packet_summary.json,.json,1009
f899_current_strict_alpha_s_lawful_refined_sir_da_erfs_da_erfs_da_exact_required_form_statement_domain_admission_output_schema_target_packet.json,.json,8658
f899_current_strict_alpha_s_lawful_refined_sir_da_erfs_da_erfs_da_exact_required_form_statement_domain_admission_output_schema_target_packet_summary.json,.json,998
f89_first_exported_preobserver_selector_bridge_operator_packet_summary.json,.json,2459
f8_legacy_weinberg_role_equivalence_refinement_packet.json,.json,2085
f8_legacy_weinberg_role_equivalence_refinement_packet_summary.json,.json,677
f900_current_strict_alpha_s_lawful_refined_sir_da_erfs_da_erfs_da_exact_required_form_statement_domain_admission_exact_output_schema_statement_target_packet.json,.json,7659
f900_current_strict_alpha_s_lawful_refined_sir_da_erfs_da_erfs_da_exact_required_form_statement_domain_admission_exact_output_schema_statement_target_packet_summary.json,.json,1050
f901_current_strict_alpha_s_lawful_refined_sir_da_erfs_da_erfs_da_exact_required_form_statement_domain_admission_exact_statement_required_form_target_packet.json,.json,8346
f901_current_strict_alpha_s_lawful_refined_sir_da_erfs_da_erfs_da_exact_required_form_statement_domain_admission_exact_statement_required_form_target_packet_summary.json,.json,1050
f902_current_strict_alpha_s_lawful_refined_sir_da_erfs_da_erfs_da_exact_required_form_statement_domain_admission_exact_required_form_statement_target_packet.json,.json,9182
f902_current_strict_alpha_s_lawful_refined_sir_da_erfs_da_erfs_da_exact_required_form_statement_domain_admission_exact_required_form_statement_target_packet_summary.json,.json,1043
f903_current_strict_alpha_s_lawful_refined_sir_da_erfs_da_erfs_da_exact_required_form_statement_domain_admission_exact_required_form_statement_continuation_boundary_packet.json,.json,4448
f903_current_strict_alpha_s_lawful_refined_sir_da_erfs_da_erfs_da_exact_required_form_statement_domain_admission_exact_required_form_statement_continuation_boundary_packet_summary.json,.json,1188
f904_current_strict_alpha_s_lawful_refined_sir_da_erfs_da_erfs_da_exact_required_form_statement_domain_admission_exact_required_form_statement_provider_class_shift_requirement_packet.json,.json,4045
f904_current_strict_alpha_s_lawful_refined_sir_da_erfs_da_erfs_da_exact_required_form_statement_domain_admission_exact_required_form_statement_provider_class_shift_requirement_packet_summary.json,.json,1016
f905_current_strict_alpha_s_lawful_refined_sir_da_erfs_da_erfs_da_exact_required_form_statement_domain_admission_different_required_form_statement_provider_class_shift_candidate_reference_packet.json,.json,6380
f905_current_strict_alpha_s_lawful_refined_sir_da_erfs_da_erfs_da_exact_required_form_statement_domain_admission_different_required_form_statement_provider_class_shift_candidate_reference_packet_summary.json,.json,1092
f906_current_strict_alpha_s_pair12_provider_shift_to_lawful_refined_sir_da_erfs_da_erfs_da_exact_required_form_statement_domain_admission_interface_target_packet.json,.json,7161
f906_current_strict_alpha_s_pair12_provider_shift_to_lawful_refined_sir_da_erfs_da_erfs_da_exact_required_form_statement_domain_admission_interface_target_packet_summary.json,.json,1515
f907_current_strict_alpha_s_pair12_provider_shift_to_lawful_refined_sir_da_erfs_da_erfs_da_exact_required_form_statement_domain_admission_adapter_or_carrier_rule_target_packet.json,.json,8051
f907_current_strict_alpha_s_pair12_provider_shift_to_lawful_refined_sir_da_erfs_da_erfs_da_exact_required_form_statement_domain_admission_adapter_or_carrier_rule_target_packet_summary.json,.json,1726
f908_current_strict_alpha_s_lawful_refined_sir_da_erfs_da_erfs_da_exact_required_form_statement_domain_admission_exact_required_form_statement_domain_admission_or_nonidentification_boundary_target_packet.json,.json,7734
f908_current_strict_alpha_s_lawful_refined_sir_da_erfs_da_erfs_da_exact_required_form_statement_domain_admission_exact_required_form_statement_domain_admission_or_nonidentification_boundary_target_packet_summary.json,.json,935
f909_current_strict_alpha_s_lawful_refined_sir_da_erfs_da_erfs_da_exact_required_form_statement_domain_admission_exact_required_form_statement_domain_admission_target_packet.json,.json,7435
f909_current_strict_alpha_s_lawful_refined_sir_da_erfs_da_erfs_da_exact_required_form_statement_domain_admission_exact_required_form_statement_domain_admission_target_packet_summary.json,.json,1150
f90_first_exported_preobserver_selector_reduction_operator_packet_summary.json,.json,1921
f910_current_strict_alpha_s_lawful_refined_sir_da_erfs_da_erfs_da_exact_required_form_statement_domain_admission_exact_required_form_statement_domain_admission_output_schema_target_packet.json,.json,9296
f910_current_strict_alpha_s_lawful_refined_sir_da_erfs_da_erfs_da_exact_required_form_statement_domain_admission_exact_required_form_statement_domain_admission_output_schema_target_packet_summary.json,.json,1137
f911_current_strict_alpha_s_lawful_refined_sir_da_erfs_da_erfs_da_exact_required_form_statement_domain_admission_exact_required_form_statement_domain_admission_exact_output_schema_statement_target_packet.json,.json,8283
f911_current_strict_alpha_s_lawful_refined_sir_da_erfs_da_erfs_da_exact_required_form_statement_domain_admission_exact_required_form_statement_domain_admission_exact_output_schema_statement_target_packet_summary.json,.json,1191
f912_current_strict_alpha_s_lawful_refined_sir_da_erfs_da_erfs_da_exact_required_form_statement_domain_admission_exact_required_form_statement_domain_admission_exact_statement_required_form_target_packet.json,.json,9173
f912_current_strict_alpha_s_lawful_refined_sir_da_erfs_da_erfs_da_exact_required_form_statement_domain_admission_exact_required_form_statement_domain_admission_exact_statement_required_form_target_packet_summary.json,.json,1191
f913_current_strict_alpha_s_lawful_refined_sir_da_erfs_da_erfs_da_exact_required_form_statement_domain_admission_exact_required_form_statement_domain_admission_exact_required_form_statement_target_packet.json,.json,10103
f913_current_strict_alpha_s_lawful_refined_sir_da_erfs_da_erfs_da_exact_required_form_statement_domain_admission_exact_required_form_statement_domain_admission_exact_required_form_statement_target_packet_summary.json,.json,1184
f914_current_strict_alpha_s_lawful_refined_sir_da_erfs_da_erfs_da_exact_required_form_statement_domain_admission_exact_required_form_statement_domain_admission_exact_required_form_statement_continuation_boundary_packet.json,.json,4859
f914_current_strict_alpha_s_lawful_refined_sir_da_erfs_da_erfs_da_exact_required_form_statement_domain_admission_exact_required_form_statement_domain_admission_exact_required_form_statement_continuation_boundary_packet_summary.json,.json,1329
f915_current_strict_alpha_s_lawful_refined_sir_da_erfs_da_erfs_da_da_erfs_exact_rfs_provider_class_shift_requirement_packet.json,.json,4148
f915_current_strict_alpha_s_lawful_refined_sir_da_erfs_da_erfs_da_da_erfs_exact_rfs_provider_class_shift_requirement_packet_summary.json,.json,1110
f916_current_strict_alpha_s_lawful_refined_sir_da_erfs_da_erfs_da_da_erfs_diff_rfs_provider_shift_candidate_reference_packet.json,.json,6430
f916_current_strict_alpha_s_lawful_refined_sir_da_erfs_da_erfs_da_da_erfs_diff_rfs_provider_shift_candidate_reference_packet_summary.json,.json,1186
f917_current_strict_alpha_s_pair12_provider_shift_to_lawful_refined_sir_da_erfs_da_erfs_da_da_erfs_interface_target_packet.json,.json,7206
f917_current_strict_alpha_s_pair12_provider_shift_to_lawful_refined_sir_da_erfs_da_erfs_da_da_erfs_interface_target_packet_summary.json,.json,1703
f918_current_strict_alpha_s_pair12_provider_shift_to_lawful_refined_sir_da_erfs_da_erfs_da_da_erfs_adapter_or_carrier_rule_target_packet.json,.json,8089
f918_current_strict_alpha_s_pair12_provider_shift_to_lawful_refined_sir_da_erfs_da_erfs_da_da_erfs_adapter_or_carrier_rule_target_packet_summary.json,.json,1897
f919_current_strict_alpha_s_lawful_refined_sir_da_erfs_da_erfs_da_da_erfs_domain_admission_or_nonidentification_boundary_target_packet.json,.json,7783
f919_current_strict_alpha_s_lawful_refined_sir_da_erfs_da_erfs_da_da_erfs_domain_admission_or_nonidentification_boundary_target_packet_summary.json,.json,965
f91_first_exported_preobserver_selector_output_operator_packet_summary.json,.json,1964
f920_current_strict_alpha_s_lawful_refined_sir_da_erfs_da_erfs_da_da_erfs_domain_admission_target_packet.json,.json,7518
f920_current_strict_alpha_s_lawful_refined_sir_da_erfs_da_erfs_da_da_erfs_domain_admission_target_packet_summary.json,.json,1244
f921_current_strict_alpha_s_lawful_refined_sir_da_erfs_da_erfs_da_da_erfs_domain_admission_output_schema_target_packet.json,.json,9523
f921_current_strict_alpha_s_lawful_refined_sir_da_erfs_da_erfs_da_da_erfs_domain_admission_output_schema_target_packet_summary.json,.json,1233
f922_current_strict_alpha_s_lawful_refined_sir_da_erfs_da_erfs_da_da_erfs_domain_admission_exact_output_schema_statement_target_packet.json,.json,8407
f922_current_strict_alpha_s_lawful_refined_sir_da_erfs_da_erfs_da_da_erfs_domain_admission_exact_output_schema_statement_target_packet_summary.json,.json,1285
f923_current_strict_alpha_s_lawful_refined_sir_da_erfs_da_erfs_da_da_erfs_domain_admission_exact_statement_required_form_target_packet.json,.json,9159
f923_current_strict_alpha_s_lawful_refined_sir_da_erfs_da_erfs_da_da_erfs_domain_admission_exact_statement_required_form_target_packet_summary.json,.json,1285
f924_current_strict_alpha_s_lawful_refined_sir_da_erfs_da_erfs_da_da_erfs_domain_admission_exact_required_form_statement_target_packet.json,.json,10067
f924_current_strict_alpha_s_lawful_refined_sir_da_erfs_da_erfs_da_da_erfs_domain_admission_exact_required_form_statement_target_packet_summary.json,.json,1278
f925_current_strict_alpha_s_lawful_refined_sir_da_erfs_da_erfs_da_da_erfs_exact_required_form_statement_continuation_boundary_packet.json,.json,4624
f925_current_strict_alpha_s_lawful_refined_sir_da_erfs_da_erfs_da_da_erfs_exact_required_form_statement_continuation_boundary_packet_summary.json,.json,1423
f926_current_strict_alpha_s_lawful_refined_sir_da_erfs_da_erfs_da_da_erfs_exact_rfs_provider_class_shift_requirement_packet.json,.json,4250
f926_current_strict_alpha_s_lawful_refined_sir_da_erfs_da_erfs_da_da_erfs_exact_rfs_provider_class_shift_requirement_packet_summary.json,.json,1157
f927_current_strict_alpha_s_lawful_refined_sir_da_erfs_da_erfs_da_da_erfs_diff_rfs_provider_shift_candidate_reference_packet.json,.json,6579
f927_current_strict_alpha_s_lawful_refined_sir_da_erfs_da_erfs_da_da_erfs_diff_rfs_provider_shift_candidate_reference_packet_summary.json,.json,1280
f928_current_strict_alpha_s_pair12_provider_shift_to_lawful_refined_sir_da_erfs_da_erfs_da_da_erfs_interface_target_packet.json,.json,7419
f928_current_strict_alpha_s_pair12_provider_shift_to_lawful_refined_sir_da_erfs_da_erfs_da_da_erfs_interface_target_packet_summary.json,.json,1891
f929_current_strict_alpha_s_pair12_provider_shift_to_lawful_refined_sir_da_erfs_da_erfs_da_da_erfs_adapter_or_carrier_rule_target_packet.json,.json,8418
f929_current_strict_alpha_s_pair12_provider_shift_to_lawful_refined_sir_da_erfs_da_erfs_da_da_erfs_adapter_or_carrier_rule_target_packet_summary.json,.json,2085
f92_first_preobserver_to_emergent_observer_coarse_graining_packet_summary.json,.json,1726
f930_current_strict_alpha_s_lawful_refined_sir_da_erfs_da_erfs_da_da_erfs_domain_admission_or_nonidentification_boundary_target_packet.json,.json,8026
f930_current_strict_alpha_s_lawful_refined_sir_da_erfs_da_erfs_da_da_erfs_domain_admission_or_nonidentification_boundary_target_packet_summary.json,.json,1059
f931_current_strict_alpha_s_lawful_refined_sir_da_erfs_da_erfs_da_da_erfs_domain_admission_target_packet.json,.json,7753
f931_current_strict_alpha_s_lawful_refined_sir_da_erfs_da_erfs_da_da_erfs_domain_admission_target_packet_summary.json,.json,1385
f932_current_strict_alpha_s_lawful_refined_sir_da_erfs_da_erfs_da_da_erfs_domain_admission_output_schema_target_packet.json,.json,9902
f932_current_strict_alpha_s_lawful_refined_sir_da_erfs_da_erfs_da_da_erfs_domain_admission_output_schema_target_packet_summary.json,.json,1374
f933_current_strict_alpha_s_lawful_refined_sir_da_erfs_da_erfs_da_da_erfs_domain_admission_exact_output_schema_statement_target_packet.json,.json,8692
f933_current_strict_alpha_s_lawful_refined_sir_da_erfs_da_erfs_da_da_erfs_domain_admission_exact_output_schema_statement_target_packet_summary.json,.json,1426
f934_current_strict_alpha_s_lawful_refined_sir_da_erfs_da_erfs_da_da_erfs_domain_admission_exact_statement_required_form_target_packet.json,.json,9560
f934_current_strict_alpha_s_lawful_refined_sir_da_erfs_da_erfs_da_da_erfs_domain_admission_exact_statement_required_form_target_packet_summary.json,.json,1426
f935_current_strict_alpha_s_lawful_refined_sir_da_erfs_da_erfs_da_da_erfs_domain_admission_exact_required_form_statement_target_packet.json,.json,10515
f935_current_strict_alpha_s_lawful_refined_sir_da_erfs_da_erfs_da_da_erfs_domain_admission_exact_required_form_statement_target_packet_summary.json,.json,1419
f936_current_strict_alpha_s_lawful_refined_sir_da_erfs_da_erfs_da_da_erfs_exact_required_form_statement_continuation_boundary_packet.json,.json,4812
f936_current_strict_alpha_s_lawful_refined_sir_da_erfs_da_erfs_da_da_erfs_exact_required_form_statement_continuation_boundary_packet_summary.json,.json,1564
f937_current_strict_alpha_s_lawful_refined_sir_da_erfs_da_erfs_da_da_erfs_exact_rfs_provider_class_shift_requirement_packet.json,.json,4414
f937_current_strict_alpha_s_lawful_refined_sir_da_erfs_da_erfs_da_da_erfs_exact_rfs_provider_class_shift_requirement_packet_summary.json,.json,1251
f938_current_strict_alpha_s_lawful_refined_sir_da_erfs_da_erfs_da_da_erfs_diff_rfs_provider_shift_candidate_reference_packet.json,.json,6814
f938_current_strict_alpha_s_lawful_refined_sir_da_erfs_da_erfs_da_da_erfs_diff_rfs_provider_shift_candidate_reference_packet_summary.json,.json,1374
f939_current_strict_alpha_s_pair12_provider_shift_to_lawful_refined_sir_da_erfs_da_erfs_da_da_erfs_interface_target_packet.json,.json,7701
f939_current_strict_alpha_s_pair12_provider_shift_to_lawful_refined_sir_da_erfs_da_erfs_da_da_erfs_interface_target_packet_summary.json,.json,2079
f93_first_emergent_observer_limit_readout_operator_packet_summary.json,.json,1779
f940_current_strict_alpha_s_pair12_provider_shift_to_lawful_refined_sir_da_erfs_da_erfs_da_da_erfs_adapter_or_carrier_rule_target_packet.json,.json,8747
f940_current_strict_alpha_s_pair12_provider_shift_to_lawful_refined_sir_da_erfs_da_erfs_da_da_erfs_adapter_or_carrier_rule_target_packet_summary.json,.json,2273
f941_current_strict_alpha_s_lawful_refined_sir_da_erfs_da_erfs_da_da_erfs_domain_admission_or_nonidentification_boundary_target_packet.json,.json,8308
f941_current_strict_alpha_s_lawful_refined_sir_da_erfs_da_erfs_da_da_erfs_domain_admission_or_nonidentification_boundary_target_packet_summary.json,.json,1153
f942_current_strict_alpha_s_lawful_refined_sir_da_erfs_da_erfs_da_da_erfs_domain_admission_target_packet.json,.json,8082
f942_current_strict_alpha_s_lawful_refined_sir_da_erfs_da_erfs_da_da_erfs_domain_admission_target_packet_summary.json,.json,1526
f943_current_strict_alpha_s_lawful_refined_sir_da_erfs_da_erfs_da_da_erfs_domain_admission_output_schema_target_packet.json,.json,10419
f943_current_strict_alpha_s_lawful_refined_sir_da_erfs_da_erfs_da_da_erfs_domain_admission_output_schema_target_packet_summary.json,.json,1515
f944_current_strict_alpha_s_lawful_refined_sir_da_erfs_da_erfs_da_da_erfs_domain_admission_exact_output_schema_statement_target_packet.json,.json,9068
f944_current_strict_alpha_s_lawful_refined_sir_da_erfs_da_erfs_da_da_erfs_domain_admission_exact_output_schema_statement_target_packet_summary.json,.json,1520
f945_current_strict_t173_t176_inversion_sensitive_pair12_branch_separation_to_chart_sensitive_transported_flux_current_like_section_bridge_target_packet.json,.json,9122
f945_current_strict_t173_t176_inversion_sensitive_pair12_branch_separation_to_chart_sensitive_transported_flux_current_like_section_bridge_target_packet_summary.json,.json,723
f946_current_strict_t173_t176_inversion_sensitive_pair12_branch_separation_to_chart_sensitive_transported_flux_current_like_section_bridge_output_schema_target_packet.json,.json,8183
f946_current_strict_t173_t176_inversion_sensitive_pair12_branch_separation_to_chart_sensitive_transported_flux_current_like_section_bridge_output_schema_target_packet_summary.json,.json,802
f947_current_strict_t173_t176_inversion_sensitive_pair12_branch_separation_to_chart_sensitive_transported_flux_current_like_section_bridge_source_side_input_leg_target_packet.json,.json,8281
f947_current_strict_t173_t176_inversion_sensitive_pair12_branch_separation_to_chart_sensitive_transported_flux_current_like_section_bridge_source_side_input_leg_target_packet_summary.json,.json,723
f948_first_conservative_exact_failure_localization_branch_packet_for_t240_pair12_seed_slot_coordinate_entry_point_attempt.json,.json,3719
f948_first_conservative_exact_failure_localization_branch_packet_for_t240_pair12_seed_slot_coordinate_entry_point_attempt_summary.json,.json,1050
f949_first_current_strict_qw2191_pair12_entry_point_same_lane_exhaustion_and_noncyclic_pivot_packet.json,.json,1728
f949_first_current_strict_qw2191_pair12_entry_point_same_lane_exhaustion_and_noncyclic_pivot_packet_summary.json,.json,519
f94_first_actual_emergent_observer_construction_candidate_packet_summary.json,.json,1855
f950_current_strict_qw2191_lambda_branch_info_primary_scpc_like_selector_provider_shift_candidate_reference_packet.json,.json,2883
f950_current_strict_qw2191_lambda_branch_info_primary_scpc_like_selector_provider_shift_candidate_reference_packet_summary.json,.json,757
f951_current_strict_qw2191_lambda_branch_info_primary_scpc_like_selector_interface_target_packet.json,.json,2221
f951_current_strict_qw2191_lambda_branch_info_primary_scpc_like_selector_interface_target_packet_summary.json,.json,663
f952_current_strict_qw2191_lambda_branch_info_primary_scpc_like_same_lane_stagnation_stop_packet.json,.json,1214
f952_current_strict_qw2191_lambda_branch_info_primary_scpc_like_same_lane_stagnation_stop_packet_summary.json,.json,465
f953_current_strict_qw2191_nadsoliton_neural_character_information_primary_selector_support_reference_packet.json,.json,2857
f953_current_strict_qw2191_nadsoliton_neural_character_information_primary_selector_support_reference_packet_summary.json,.json,882
f954_current_strict_qw2191_nadsoliton_neural_character_support_reference_to_exact_selector_interface_bridge_target_packet.json,.json,2672
f954_current_strict_qw2191_nadsoliton_neural_character_support_reference_to_exact_selector_interface_bridge_target_packet_summary.json,.json,945
f955_current_strict_qw2191_nadsoliton_neural_support_reference_bridge_same_lane_stagnation_stop_packet.json,.json,1265
f955_current_strict_qw2191_nadsoliton_neural_support_reference_bridge_same_lane_stagnation_stop_packet_summary.json,.json,496
f956_current_strict_qw2191_post_stop_neural_bridge_lane_to_strict_int_selector_source_frontier_route_decision_packet.json,.json,1026
f956_current_strict_qw2191_post_stop_neural_bridge_lane_to_strict_int_selector_source_frontier_route_decision_packet_summary.json,.json,358
f957_current_strict_qw2191_post_stop_route_rejoin_to_existing_t173_frontier_packet.json,.json,1024
f957_current_strict_qw2191_post_stop_route_rejoin_to_existing_t173_frontier_packet_summary.json,.json,352
f958_current_strict_t173_t176_source_side_input_leg_same_lane_stagnation_stop_packet.json,.json,732
f958_current_strict_t173_t176_source_side_input_leg_same_lane_stagnation_stop_packet_summary.json,.json,511
f959_current_strict_t173_t176_post_stop_source_side_input_leg_lane_to_existing_t183_residual_datum_pair12_orbit_direction_frontier_route_decision_packet.json,.json,1112
f959_current_strict_t173_t176_post_stop_source_side_input_leg_lane_to_existing_t183_residual_datum_pair12_orbit_direction_frontier_route_decision_packet_summary.json,.json,404
f95_first_actual_emergent_observer_realization_map_packet_summary.json,.json,1803
f960_current_strict_t173_t176_existing_t183_residual_datum_pair12_orbit_direction_selection_bridge_target_packet.json,.json,5165
f960_current_strict_t173_t176_existing_t183_residual_datum_pair12_orbit_direction_selection_bridge_target_packet_summary.json,.json,641
f961_current_strict_t173_t176_existing_t183_negative_3_cycle_sign_holonomy_obstruction_reference_packet.json,.json,1543
f961_current_strict_t173_t176_existing_t183_negative_3_cycle_sign_holonomy_obstruction_reference_packet_summary.json,.json,591
f962_current_strict_t173_t176_post_f961_negative_3_cycle_reference_to_existing_t216_t218_pair12_provider_frontier_route_decision_packet.json,.json,1339
f962_current_strict_t173_t176_post_f961_negative_3_cycle_reference_to_existing_t216_t218_pair12_provider_frontier_route_decision_packet_summary.json,.json,767
f963_current_nad12_sigma_pair_side_sharper_same_lane_witness_refinement_exhaustion_and_feeder_pivot_packet.json,.json,924
f963_current_nad12_sigma_pair_side_sharper_same_lane_witness_refinement_exhaustion_and_feeder_pivot_packet_summary.json,.json,576
f964_current_canonical_ontology_supported_nad12_sigma_feeder_sharper_same_lane_witness_refinement_stagnation_stop_packet.json,.json,836
f964_current_canonical_ontology_supported_nad12_sigma_feeder_sharper_same_lane_witness_refinement_stagnation_stop_packet_summary.json,.json,585
f965_current_strict_t173_t176_nadsoliton_information_process_to_orientation_supplier_failure_map_packet.json,.json,1510
f965_current_strict_t173_t176_nadsoliton_information_process_to_orientation_supplier_failure_map_packet_summary.json,.json,656
f966_current_strict_t173_t176_post_f965_failure_map_to_exported_noncyclic_provider_split_non_same_lane_upgrade_route_packet.json,.json,2133
f966_current_strict_t173_t176_post_f965_failure_map_to_exported_noncyclic_provider_split_non_same_lane_upgrade_route_packet_summary.json,.json,774
f967_current_strict_t173_t176_time_arrow_light_resonance_oriented_dephasing_competing_extension_packet.json,.json,1889
f967_current_strict_t173_t176_time_arrow_light_resonance_oriented_dephasing_competing_extension_packet_summary.json,.json,734
f968_current_strict_t173_t176_candidate_oriented_nonreciprocal_dephasing_operator_provenance_packet.json,.json,1650
f968_current_strict_t173_t176_candidate_oriented_nonreciprocal_dephasing_operator_provenance_packet_summary.json,.json,687
f969_current_strict_t173_t176_minimal_oriented_nonreciprocal_dephasing_new_import_boundary_packet.json,.json,1757
f969_current_strict_t173_t176_minimal_oriented_nonreciprocal_dephasing_new_import_boundary_packet_summary.json,.json,834
f96_first_emergent_observer_self_consistency_operator_packet_summary.json,.json,1817
f970_current_strict_t173_t176_minimal_onrd_ssl_rcw_stop_packet.json,.json,884
f970_current_strict_t173_t176_minimal_onrd_ssl_rcw_stop_packet_summary.json,.json,599
f971_current_strict_t173_t176_post_f970_onrd_to_f966_route_packet.json,.json,1040
f971_current_strict_t173_t176_post_f970_onrd_to_f966_route_packet_summary.json,.json,341
f972_current_strict_t173_t176_f966_selector_source_subroute_packet.json,.json,1526
f972_current_strict_t173_t176_f966_selector_source_subroute_packet_summary.json,.json,747
f973_current_strict_t173_t176_f972_to_f960_active_bridge_route_packet.json,.json,1431
f973_current_strict_t173_t176_f972_to_f960_active_bridge_route_packet_summary.json,.json,664
f974_current_strict_t173_t176_f973_f960_no_exported_live_nonsamelane_provider_packet.json,.json,1417
f974_current_strict_t173_t176_f973_f960_no_exported_live_nonsamelane_provider_packet_summary.json,.json,610
f975_current_strict_t173_t176_f974_f960_t178_chart_seed_candidate_packet.json,.json,1632
f975_current_strict_t173_t176_f974_f960_t178_chart_seed_candidate_packet_summary.json,.json,675
f97_first_emergent_observer_fixed_point_reduction_packet_summary.json,.json,1719
f98_first_emergent_observer_fixed_point_object_candidate_packet_summary.json,.json,1668
f99_first_emergent_observer_closure_candidate_packet_summary.json,.json,1634
f9_legacy_weinberg_semantic_transfer_refinement_packet.json,.json,1879
f9_legacy_weinberg_semantic_transfer_refinement_packet_summary.json,.json,793
fractal_light_path_pair_map_rule_candidate_artifact_instance.json,.json,2015
fractal_light_path_pair_map_rule_candidate_artifact_instance_sigma_int_weighted.json,.json,2369
global_selector_source_closure_v1.json,.json,295
global_selector_source_closure_v2.json,.json,252
h10_minimal_route_a_candidate_instance_summary.json,.json,986
h11_minimal_route_a_provenance_spec_summary.json,.json,1317
h12_partial_route_a_provenance_record_summary.json,.json,1060
h13_operator_origin_value_set_audit_summary.json,.json,1139
h14_existing_feedback_vs_kobs_separation.json,.json,913
h14_existing_kernel_feedback_vs_new_kobs_separation_audit_summary.json,.json,969
h15_existing_feedback_selector_sector_reduction.json,.json,359
h15_existing_feedback_selector_sector_reduction_audit_summary.json,.json,349
h16_operator_origin_partial_witness_audit_summary.json,.json,337
h16_operator_origin_partial_witnesses.json,.json,569
h17_composite_witness_elevation_audit.json,.json,685
h17_composite_witness_elevation_audit_summary.json,.json,330
h18_composite_route_a_provenance_binding_instance_summary.json,.json,320
h19_first_coefficient_or_invariant_extraction.json,.json,514
h19_first_coefficient_or_invariant_extraction_attempt_summary.json,.json,313
h1_internal_light_feedback_kernel_term_hypothesis_audit_summary.json,.json,1667
h20_coefficient_export_semantics_packet.json,.json,379
h20_coefficient_export_semantics_packet_summary.json,.json,324
h21_trace_value_export_packet.json,.json,291
h21_trace_value_export_packet_summary.json,.json,319
h22_trace_value_actual_export_audit.json,.json,858
h22_trace_value_actual_export_audit_summary.json,.json,367
h23_trace_value_conditional_populated_witness_schema.json,.json,300
h23_trace_value_conditional_populated_witness_schema_summary.json,.json,361
h24_a1_source_value_packet.json,.json,257
h24_a1_source_value_packet_summary.json,.json,355
h25_a1_actual_value_audit.json,.json,982
h25_a1_actual_value_audit_summary.json,.json,384
h26_diagonal_entry_source_packet.json,.json,336
h26_diagonal_entry_source_packet_summary.json,.json,375
h27_a1_cc_actual_value_audit.json,.json,619
h27_a1_cc_actual_value_audit_summary.json,.json,395
h28_no_computable_coefficient_source_conclusion.json,.json,348
h28_no_computable_coefficient_source_conclusion_summary.json,.json,274
h29_wave_retardation_proxy_selector_reduction_audit.json,.json,1026
h29_wave_retardation_proxy_selector_reduction_audit_summary.json,.json,352
h2_minimal_internal_light_feedback_operator_admissibility_spec_summary.json,.json,1616
h30_kernel_invariant_psi0_anchor_audit.json,.json,1005
h30_kernel_invariant_psi0_anchor_audit_summary.json,.json,1005
h31_psi0_to_pair1_reduction_audit.json,.json,1100
h31_psi0_to_pair1_reduction_audit_summary.json,.json,1100
h32_primary_psi0_lane_priority_audit.json,.json,458
h32_primary_psi0_lane_priority_audit_summary.json,.json,458
h33_pair1_selector_target_justification_audit.json,.json,460
h33_pair1_selector_target_justification_audit_summary.json,.json,460
h34_basis_covariance_target_independence_audit.json,.json,446
h34_basis_covariance_target_independence_audit_summary.json,.json,446
h35_pair1_axis_selection_audit.json,.json,453
h35_pair1_axis_selection_audit_summary.json,.json,453
h36_directed_axis_orientation_audit.json,.json,2228
h36_directed_axis_orientation_audit_summary.json,.json,351
h37_sign_distinction_state_audit.json,.json,4012
h37_sign_distinction_state_audit_summary.json,.json,474
h38_projective_selector_state_audit.json,.json,2028
h38_projective_selector_state_audit_summary.json,.json,424
h39_global_selector_object_absence_audit.json,.json,1827
h39_global_selector_object_absence_audit_summary.json,.json,409
h3_minimal_internal_light_feedback_operator_ansatz_packet_summary.json,.json,1534
h40_global_selector_transition_object_audit.json,.json,1525
h40_global_selector_transition_object_audit_summary.json,.json,418
h41_selector_atlas_and_gluing_data_audit.json,.json,1571
h41_selector_atlas_and_gluing_data_audit_summary.json,.json,423
h42_c_based_retardation_operator_on_pair1_audit.json,.json,1274
h42_c_based_retardation_operator_on_pair1_audit_summary.json,.json,673
h4_residual_o2_reduction_of_light_feedback_ansatz_summary.json,.json,1502
h5_projected_2x2_coefficient_extraction_packet_summary.json,.json,1469
h6_pair1_coefficient_extraction_attempt_summary.json,.json,1856
h7_component_action_carrier_audit_summary.json,.json,1570
h8_minimal_component_carrier_construction_spec_summary.json,.json,1988
h9_route_instance_absence_audit_summary.json,.json,1406
i_12_v1_index_set.json,.json,1089
i_24_v1_index_set.json,.json,1056
iota_residual_datum_sigma_int_bridge_export_map_object_support_v1.json,.json,4134
iota_residual_datum_sigma_int_bridge_export_map_object_support_v1_summary.json,.json,474
iso_z12_v1_to_phase_12_v1_isomorphism_family.json,.json,1539
kappa_z12_generator_orientation_canonical_fixing_datum_strict_provenance_v1.json,.json,3469
m_control_canonical_psi_declared_coefficient_filled_v1.json,.json,168615
m_control_residual_diag_declared_restricted_to_sigma_int_orientation_slice_v1.json,.json,8098
m_control_residual_diag_declared_restricted_to_sigma_int_orientation_slice_value_instantiated_v1.json,.json,2647
m_control_residual_diag_declared_value_instantiated_v1.json,.json,3773
mass_observable_diagonal_local_strict_derived_v1.json,.json,3645
mode_index_assignment_canonical_local_diagonal_strict_derived_v1.json,.json,12179
mode_index_assignment_canonical_local_diagonal_strict_derived_v1_summary.json,.json,727
mode_index_assignment_shannon_element_order_reference_strict_core_v1.json,.json,9520
mode_index_assignment_shannon_element_order_reference_strict_core_v1_summary.json,.json,580
mode_index_assignment_shannon_element_order_reference_z24_strict_core_v1.json,.json,26220
mode_index_assignment_shannon_element_order_reference_z24_strict_core_v1_summary.json,.json,559
mu_eq_v1_equipartition_measure_on_omega_16_v1.json,.json,912
n100_current_legacy_gravity_hierarchy_role_strict_side_branch_obstruction_theorem_summary.json,.json,2141
n101_current_legacy_gravity_hierarchy_retained_subbranch_obstruction_theorem_summary.json,.json,2119
n102_current_strict_side_literal_retention_obstruction_theorem_for_legacy_gravity_hierarchy_claim_summary.json,.json,1507
n103_current_strict_side_gravity_hierarchy_role_equivalence_boundary_theorem_summary.json,.json,1961
n104_current_legacy_gravity_hierarchy_semantic_transfer_subbranch_obstruction_theorem_summary.json,.json,2068
n105_current_strict_side_textual_retained_successor_obstruction_theorem_for_legacy_gravity_hierarchy_role_summary.json,.json,1662
n106_current_legacy_gravity_hierarchy_retained_branch_full_negative_closure_theorem_summary.json,.json,1415
n107_current_legacy_gravity_hierarchy_replaced_successor_subbranch_obstruction_theorem_summary.json,.json,1912
n108_current_strict_side_object_successor_subbranch_obstruction_theorem_for_legacy_gravity_hierarchy_role_summary.json,.json,1744
n109_current_strict_side_textual_object_successor_obstruction_theorem_for_legacy_gravity_hierarchy_role_summary.json,.json,1604
n10_current_kernel_feedback_kobs_obstruction_after_glight_packet_theorem_summary.json,.json,3233
n110_current_strict_side_object_successor_branch_full_negative_closure_theorem_for_legacy_gravity_hierarchy_role_summary.json,.json,1365
n111_current_strict_side_method_successor_subbranch_obstruction_theorem_for_legacy_gravity_hierarchy_role_summary.json,.json,1832
n112_current_strict_side_textual_method_successor_obstruction_theorem_for_legacy_gravity_hierarchy_role_summary.json,.json,1361
n113_current_strict_side_method_successor_branch_full_negative_closure_theorem_for_legacy_gravity_hierarchy_role_summary.json,.json,1154
n114_current_legacy_gravity_hierarchy_replaced_branch_full_negative_closure_theorem_summary.json,.json,1211
n115_current_legacy_gravity_hierarchy_full_claim_specific_negative_closure_theorem_summary.json,.json,1283
n116_current_legacy_physical_role_package_full_negative_closure_theorem_summary.json,.json,1805
n117_current_legacy_to_strict_kernel_bridge_package_nontransfer_theorem_summary.json,.json,1631
n118_current_selector_or_symmetry_breaking_requirement_theorem_for_qw2191_summary.json,.json,2610
n119_current_selector_requirement_theory_level_decision_boundary_theorem_summary.json,.json,2138
n11_current_kernel_feedback_kobs_obstruction_after_e_and_glight_packets_theorem_summary.json,.json,5326
n120_current_selector_requirement_acceptance_branch_full_negative_closure_theorem_summary.json,.json,1649
n121_current_selector_requirement_deferral_branch_full_negative_closure_theorem_summary.json,.json,1468
n122_current_selector_requirement_full_theory_level_decision_negative_closure_theorem_summary.json,.json,1317
n123_current_legacy_to_strict_kernel_package_level_nonbridge_theorem_summary.json,.json,1475
n124_current_strict_core_internal_selector_source_derivation_full_negative_closure_theorem_summary.json,.json,1598
n125_current_selector_requirement_theory_level_acceptance_theorem_summary.json,.json,1490
n126_current_repo_exports_no_admissible_strict_core_internal_selector_source_object_theorem_summary.json,.json,815
n127_last_positive_branch_reduced_to_one_minimal_future_source_object_target_theorem_summary.json,.json,1531
n128_last_positive_branch_reduced_to_one_initial_source_seed_target_theorem_summary.json,.json,1570
n129_last_positive_branch_reduced_to_one_initial_source_plus_orientation_package_theorem_summary.json,.json,2739
n12_current_kernel_feedback_kobs_obstruction_after_e_glight_and_rmat_packets_theorem_summary.json,.json,5750
n130_last_positive_branch_reduced_to_one_first_source_seed_construction_target_theorem_summary.json,.json,1878
n131_last_positive_branch_reduced_to_one_minimal_strict_core_source_seed_construction_contract_theorem_summary.json,.json,2037
n132_next_constructive_move_reduced_to_one_source_seed_precursor_route_theorem_summary.json,.json,2145
n133_next_constructive_move_reduced_to_one_first_source_seed_candidate_instance_theorem_summary.json,.json,3001
n134_next_constructive_move_reduced_to_one_first_source_seed_admissibility_upgrade_target_theorem_summary.json,.json,4161
n135_first_source_seed_first_clause_admissibility_target_theorem_summary.json,.json,2594
n136_current_first_clause_obstruction_theorem_for_s_sel_int_candidate_seed_v0_summary.json,.json,2029
n137_next_constructive_move_reduced_to_one_future_genuinely_new_source_object_lift_bind_target_theorem_summary.json,.json,2556
n138_next_constructive_move_reduced_to_one_first_future_genuinely_new_source_object_lift_bind_attempt_theorem_summary.json,.json,2929
n139_next_constructive_move_reduced_to_one_first_future_constructed_source_object_realization_target_theorem_summary.json,.json,2973
n13_current_kernel_feedback_kobs_nonidentification_after_explicit_current_pair_chain_theorem_summary.json,.json,6308
n140_next_constructive_move_reduced_to_one_first_future_constructed_source_object_realization_attempt_theorem_summary.json,.json,3014
n141_next_constructive_move_reduced_to_one_first_future_constructed_source_object_realization_verdict_target_theorem_summary.json,.json,3162
n142_next_constructive_move_reduced_to_one_explicit_success_failure_branch_split_theorem_summary.json,.json,3499
n143_current_failure_branch_obstruction_theorem_for_s_sel_int_realization_attempt_summary.json,.json,1860
n144_current_success_branch_obstruction_theorem_for_s_sel_int_realization_attempt_summary.json,.json,1661
n145_current_admissibility_branch_obstruction_theorem_for_future_constructed_source_object_summary.json,.json,1605
n146_current_orientation_export_branch_obstruction_theorem_summary.json,.json,1446
n147_current_downstream_completion_branch_obstruction_theorem_summary.json,.json,1288
n148_current_post_verdict_lower_branch_full_negative_closure_theorem_summary.json,.json,1949
n149_current_repo_constructive_selector_frontier_exhaustion_theorem_summary.json,.json,2221
n14_current_existing_kernel_feedback_to_explicit_h3_chain_nonfactorization_theorem_summary.json,.json,3611
n150_only_remaining_positive_move_class_reduced_to_one_additive_construction_contract_theorem_summary.json,.json,1722
n151_only_remaining_positive_move_class_reduced_to_one_first_additive_construction_attempt_theorem_summary.json,.json,1892
n152_only_remaining_positive_move_class_reduced_to_one_first_additive_construction_attempt_instance_theorem_summary.json,.json,1992
n153_next_constructive_move_reduced_to_one_first_additive_construction_attempt_verdict_target_theorem_summary.json,.json,2085
n154_next_constructive_move_reduced_to_one_explicit_additive_success_failure_branch_split_theorem_summary.json,.json,2078
n155_current_failure_branch_obstruction_theorem_for_additive_construction_attempt_summary.json,.json,1616
n156_current_success_branch_obstruction_theorem_for_additive_construction_attempt_summary.json,.json,1634
n157_current_additive_construction_attempt_verdict_layer_full_negative_closure_theorem_summary.json,.json,2118
n158_current_additive_post_verdict_admissibility_branch_obstruction_theorem_summary.json,.json,1759
n159_current_additive_orientation_export_branch_obstruction_theorem_summary.json,.json,1723
n15_current_existing_kernel_feedback_factorization_obstruction_after_host_carrier_packet_theorem_summary.json,.json,3756
n160_current_additive_downstream_completion_branch_obstruction_theorem_summary.json,.json,1738
n161_current_fixed_first_additive_attempt_post_verdict_lower_branch_full_negative_closure_theorem_summary.json,.json,2950
n162_current_fixed_first_additive_construction_attempt_full_negative_closure_theorem_summary.json,.json,2220
n163_current_observer_information_deficit_downstream_symptom_theorem_summary.json,.json,1802
n164_current_selector_construction_stop_condition_theorem_summary.json,.json,1340
n165_current_selector_construction_handoff_theorem_summary.json,.json,1257
n166_current_only_honest_positive_work_contract_theorem_summary.json,.json,1354
n167_current_first_contract_compliant_additive_upstream_source_target_theorem_summary.json,.json,1260
n168_current_first_contract_compliant_additive_upstream_source_construction_attempt_theorem_summary.json,.json,1341
n169_current_first_contract_compliant_additive_upstream_source_construction_attempt_verdict_target_theorem_summary.json,.json,1585
n16_current_existing_kernel_feedback_factorization_obstruction_after_host_to_control_pushforward_packet_theorem_summary.json,.json,4520
n170_current_fixed_first_contract_compliant_additive_attempt_verdict_branch_split_theorem_summary.json,.json,1552
n171_current_failure_branch_obstruction_theorem_for_fixed_first_contract_compliant_additive_attempt_summary.json,.json,1423
n172_current_success_branch_obstruction_theorem_for_fixed_first_contract_compliant_additive_attempt_summary.json,.json,1366
n173_current_contract_compliant_post_verdict_admissibility_branch_obstruction_theorem_summary.json,.json,1889
n174_current_contract_compliant_orientation_export_branch_obstruction_theorem_summary.json,.json,1765
n175_current_contract_compliant_downstream_completion_branch_obstruction_theorem_summary.json,.json,1769
n176_current_fixed_first_contract_compliant_additive_attempt_post_verdict_lower_branch_full_negative_closure_theorem_summary.json,.json,2540
n177_current_fixed_first_contract_compliant_additive_attempt_full_negative_closure_theorem_summary.json,.json,2157
n178_current_fixed_first_contract_compliant_additive_attempt_nonreopening_theorem_summary.json,.json,2271
n179_current_only_honest_positive_reopening_target_theorem_summary.json,.json,2131
n17_current_existing_kernel_feedback_factorization_obstruction_after_current_pair_chart_reduction_packet_theorem_summary.json,.json,3805
n180_current_first_guardrail_consistent_preobserver_provider_packet_theorem_summary.json,.json,2248
n181_current_first_preobserver_light_matter_source_object_target_theorem_summary.json,.json,2253
n182_current_first_additive_preobserver_source_object_construction_attempt_theorem_summary.json,.json,2473
n183_current_first_additive_preobserver_source_object_admissibility_upgrade_target_theorem_summary.json,.json,1980
n184_current_first_additive_preobserver_source_object_first_clause_admissibility_target_theorem_summary.json,.json,1545
n185_current_first_clause_obstruction_theorem_for_s_prelm_additive_candidate_v1_summary.json,.json,1789
n186_current_additive_preobserver_source_object_nonreduction_theorem_summary.json,.json,1662
n187_current_additive_preobserver_source_object_first_clause_remainder_theorem_summary.json,.json,1392
n188_current_first_admissibility_clause_discharge_theorem_for_s_prelm_strict_core_source_object_v1_summary.json,.json,1100
n189_current_second_admissibility_clause_discharge_theorem_for_s_prelm_strict_core_source_object_v1_summary.json,.json,1067
n18_current_existing_kernel_feedback_intertwiner_equality_witness_nonderivation_theorem_summary.json,.json,4495
n190_current_third_admissibility_clause_discharge_theorem_for_s_prelm_strict_core_source_object_v1_summary.json,.json,1040
n191_current_fourth_admissibility_clause_discharge_theorem_for_s_prelm_strict_core_source_object_v1_summary.json,.json,1046
n192_current_fifth_admissibility_clause_discharge_theorem_for_s_prelm_strict_core_source_object_v1_summary.json,.json,1057
n193_current_sixth_admissibility_clause_discharge_theorem_for_s_prelm_strict_core_source_object_v1_summary.json,.json,1055
n196_current_exported_preobserver_source_object_admissible_orientation_export_theorem_summary.json,.json,1065
n197_current_exported_preobserver_selector_bridge_operator_theorem_summary.json,.json,1036
n198_current_exported_preobserver_selector_reduction_operator_theorem_summary.json,.json,1065
n199_current_exported_preobserver_selector_output_operator_theorem_summary.json,.json,1128
n19_current_existing_kernel_feedback_legacy_chart_reduced_operator_export_nonderivation_theorem_summary.json,.json,4490
n1_audited_route_family_no_internal_theta_source_theorem_summary.json,.json,1844
n200_current_preobserver_to_emergent_observer_coarse_graining_theorem_summary.json,.json,1244
n201_current_emergent_observer_limit_readout_operator_theorem_summary.json,.json,1252
n202_current_actual_emergent_observer_construction_candidate_theorem_summary.json,.json,1394
n203_current_actual_emergent_observer_realization_map_theorem_summary.json,.json,1413
n204_current_emergent_observer_self_consistency_operator_theorem_summary.json,.json,1505
n205_current_emergent_observer_fixed_point_reduction_theorem_summary.json,.json,1594
n206_current_emergent_observer_fixed_point_object_candidate_theorem_summary.json,.json,1672
n207_current_emergent_observer_closure_candidate_theorem_summary.json,.json,1706
n208_current_emergent_observer_closure_realization_map_theorem_summary.json,.json,1818
n209_current_emergent_observer_closure_fixed_point_test_theorem_summary.json,.json,1924
n20_current_existing_kernel_feedback_host_to_concrete_psi_block_identification_nonderivation_theorem_summary.json,.json,4060
n210_current_emergent_observer_closure_support_object_theorem_summary.json,.json,1988
n211_current_emergent_observer_closure_readout_operator_theorem_summary.json,.json,2037
n212_current_emergent_observer_closure_object_candidate_theorem_summary.json,.json,2148
n213_current_emergent_observer_closure_commit_map_theorem_summary.json,.json,2190
n214_current_emergent_observer_closure_realization_object_theorem_summary.json,.json,2293
n215_current_actual_emergent_observer_closure_candidate_theorem_summary.json,.json,2406
n216_current_actual_emergent_observer_closure_object_theorem_summary.json,.json,2489
n217_current_actual_emergent_observer_closure_commit_map_theorem_summary.json,.json,2586
n218_current_actual_emergent_observer_closure_realization_object_theorem_summary.json,.json,2728
n219_current_actual_emergent_observer_closure_fixed_point_test_theorem_summary.json,.json,2843
n21_current_existing_kernel_feedback_host_to_concrete_psi_block_obstruction_after_symmetry_certified_transport_packet_theorem_summary.json,.json,4094
n220_current_actual_emergent_observer_closure_support_object_theorem_summary.json,.json,2934
n221_current_actual_emergent_observer_closure_readout_operator_theorem_summary.json,.json,3014
n222_current_actual_emergent_observer_closure_object_candidate_theorem_summary.json,.json,3149
n223_current_actual_emergent_observer_closure_commit_map_theorem_summary.json,.json,3214
n224_current_actual_emergent_observer_closure_realization_map_theorem_summary.json,.json,1233
n225_current_actual_emergent_observer_closure_fixed_point_test_2_theorem_summary.json,.json,3427
n226_current_next_actual_emergent_observer_closure_support_object_theorem_summary.json,.json,1335
n227_current_next_actual_emergent_observer_closure_readout_operator_theorem_summary.json,.json,1313
n228_current_next_actual_emergent_observer_closure_object_candidate_theorem_summary.json,.json,1351
n229_current_next_actual_emergent_observer_closure_commit_map_theorem_summary.json,.json,1319
n22_current_existing_kernel_feedback_host_to_concrete_psi_block_obstruction_after_explicit_canonical_psi_block_export_theorem_summary.json,.json,3814
n230_current_next_actual_emergent_observer_closure_realization_map_theorem_summary.json,.json,1309
n231_current_next_actual_emergent_observer_closure_fixed_point_test_theorem_summary.json,.json,1347
n232_current_next_actual_emergent_observer_closure_support_object_theorem_summary.json,.json,929
n233_current_next_actual_emergent_observer_closure_readout_operator_theorem_summary.json,.json,1313
n234_current_global_selector_closure_and_qw2191_discharge_promotion_obstruction_theorem_summary.json,.json,1291
n235_current_first_source_topology_invariant_candidate_packet_theorem_summary.json,.json,1264
n236_current_first_source_topology_selector_promotion_target_theorem_summary.json,.json,501
n237_current_first_source_topology_invariant_nontriviality_target_theorem_summary.json,.json,562
n238_current_first_source_topology_nonzero_flow_subtarget_theorem_summary.json,.json,650
n239_current_first_source_topology_barrier_protected_sign_subtarget_theorem_summary.json,.json,665
n23_current_existing_kernel_feedback_host_matching_obstruction_after_partial_overlap_packet_theorem_summary.json,.json,3350
n240_current_first_source_topology_observer_free_scope_subtarget_theorem_summary.json,.json,716
n241_current_first_source_topology_nontriviality_components_package_theorem_summary.json,.json,842
n242_current_first_source_topology_nontriviality_assembly_target_theorem_summary.json,.json,730
n244_current_first_source_topology_basis_independent_promotion_target_theorem_summary.json,.json,743
n245_current_first_source_topology_quotient_safe_qw2191_resolution_target_theorem_summary.json,.json,712
n246_current_first_actual_source_topology_nonzero_flow_component_witness_theorem_summary.json,.json,661
n247_current_first_actual_source_topology_barrier_sign_component_witness_theorem_summary.json,.json,859
n248_current_first_actual_source_topology_local_barrier_sign_stability_witness_theorem_summary.json,.json,1107
n249_current_first_actual_source_topology_barrier_protected_sign_witness_theorem_summary.json,.json,665
n24_current_existing_kernel_feedback_host_matching_obstruction_after_kernel_specialization_packet_theorem_summary.json,.json,3052
n250_current_first_actual_source_topology_observer_free_scope_witness_theorem_summary.json,.json,764
n251_current_first_actual_source_topology_nonzero_flow_witness_theorem_summary.json,.json,654
n252_current_first_actual_source_topology_nontriviality_components_package_theorem_summary.json,.json,973
n253_current_first_actual_source_topology_nontriviality_assembly_witness_theorem_summary.json,.json,912
n254_current_first_actual_source_topology_full_nontriviality_witness_theorem_summary.json,.json,1028
n255_current_first_actual_source_topology_selector_witness_theorem_summary.json,.json,795
n256_current_first_actual_source_topology_basis_independent_promotion_witness_theorem_summary.json,.json,1022
n257_current_first_actual_source_topology_quotient_safe_qw2191_resolution_witness_theorem_summary.json,.json,896
n258_current_first_declared_scope_source_topology_selector_theorem_summary.json,.json,984
n259_current_declared_scope_source_topology_selector_theorem_promotion_obstruction_theorem_summary.json,.json,1602
n25_current_existing_kernel_feedback_host_matching_obstruction_after_diagonal_floor_embedding_packet_theorem_summary.json,.json,3161
n260_current_t14_declared_scope_completion_and_closure_incompleteness_theorem_summary.json,.json,1480
n261_current_first_legacy_to_strict_kernel_bridge_target_theorem_summary.json,.json,1168
n262_current_first_legacy_to_strict_kernel_nonbridge_strengthening_target_theorem_summary.json,.json,1218
n263_current_first_actual_legacy_to_strict_kernel_bifurcated_frontier_theorem_summary.json,.json,1499
n264_current_first_actual_legacy_to_strict_kernel_amplitude_nonabsorption_component_witness_theorem_summary.json,.json,1588
n265_current_first_actual_legacy_to_strict_kernel_claim_specific_amplitude_nonabsorption_witness_theorem_summary.json,.json,1616
n266_current_first_actual_legacy_to_strict_kernel_amplitude_nonabsorption_coverage_packet_theorem_summary.json,.json,1616
n267_current_first_actual_legacy_to_strict_kernel_full_amplitude_nonabsorption_obstruction_witness_theorem_summary.json,.json,1639
n268_current_first_actual_legacy_to_strict_kernel_damping_nonrenormalization_obstruction_witness_theorem_summary.json,.json,1489
n269_current_first_nadsoliton_macroscopic_identification_role_separation_theorem_summary.json,.json,1933
n26_current_existing_kernel_feedback_host_matching_obstruction_after_residual_diagonal_pullback_packet_theorem_summary.json,.json,3328
n270_current_first_nonstrict_declared_scope_selector_closure_theorem_summary.json,.json,1115
n271_current_first_nonstrict_declared_scope_toe_preclosure_support_theorem_summary.json,.json,1131
n272_current_first_nonstrict_declared_scope_toe_closure_target_theorem_summary.json,.json,1162
n27_current_existing_kernel_feedback_host_matching_obstruction_after_host_side_residual_absence_packet_theorem_summary.json,.json,3357
n28_current_existing_kernel_feedback_host_matching_obstruction_after_pair1_coefficient_class_reduction_packet_theorem_summary.json,.json,3569
n29_current_existing_kernel_feedback_host_matching_obstruction_after_pair1_c1s1_balance_reduction_packet_theorem_summary.json,.json,3560
n2_global_strict_core_impossibility_or_axiom_necessity_theorem_spec_summary.json,.json,1797
n30_current_existing_kernel_feedback_host_matching_obstruction_after_declared_three_step_carrier_shift_packet_theorem_summary.json,.json,3650
n31_current_existing_kernel_feedback_host_matching_obstruction_after_explicit_pair1_c1s1_shift_defect_polynomial_packet_theorem_summary.json,.json,3753
n32_current_existing_kernel_feedback_host_matching_direct_formal_c1s1_family_route_obstruction_theorem_summary.json,.json,3984
n33_current_existing_kernel_feedback_host_matching_direct_formal_c1s1_family_route_obstruction_after_direct_m2_balance_theorem_summary.json,.json,4172
n34_current_existing_kernel_feedback_host_matching_direct_formal_c1s1_family_route_obstruction_after_direct_m2_shift_packet_theorem_summary.json,.json,4253
n35_current_existing_kernel_feedback_host_matching_direct_formal_c1s1_family_route_obstruction_after_direct_m2_pairwise_sufficient_route_theorem_summary.json,.json,4537
n36_current_existing_kernel_feedback_host_matching_direct_formal_c1s1_family_route_obstruction_after_direct_m2_psi1_psi4_role_matching_packet_theorem_summary.json,.json,4827
n37_current_existing_kernel_feedback_host_matching_direct_formal_c1s1_family_route_obstruction_after_direct_m2_psi1_psi4_slot_separation_packet_theorem_summary.json,.json,5049
n38_current_existing_kernel_feedback_host_matching_direct_formal_c1s1_family_route_obstruction_after_direct_m2_psi1_psi4_common_plus3_orbit_parameter_packet_theorem_summary.json,.json,5218
n39_current_existing_kernel_feedback_host_matching_direct_formal_c1s1_family_route_obstruction_after_direct_m2_psi1_psi4_common_plus3_assignment_slot_split_packet_theorem_summary.json,.json,5271
n3_global_impossibility_or_axiom_necessity_discharge_attempt_summary.json,.json,1503
n40_current_existing_kernel_feedback_host_matching_direct_formal_c1s1_family_route_obstruction_after_direct_m2_psi1_common_plus3_assignment_role_split_packet_theorem_summary.json,.json,5434
n41_current_existing_kernel_feedback_host_matching_direct_formal_c1s1_family_route_obstruction_after_direct_m2_psi1_source_action_common_monomial_support_packet_theorem_summary.json,.json,5736
n42_current_existing_kernel_feedback_host_matching_direct_formal_c1s1_family_route_obstruction_after_direct_m2_psi1_source_action_coefficient_defect_polynomial_packet_theorem_summary.json,.json,5718
n438_current_first_actual_legacy_to_strict_kernel_phase_frequency_nonconformal_obstruction_witness_theorem_summary.json,.json,1205
n43_current_axiom_lane_direct_formal_c1s1_family_route_boundary_theorem_after_preobserver_source_action_coherence_instance_summary.json,.json,2691
n44_current_canonical_ontology_supported_direct_formal_c1s1_family_route_boundary_theorem_after_direct_m2_psi1_source_eom_common_monomial_support_packet_summary.json,.json,3550
n45_current_canonical_ontology_supported_direct_formal_c1s1_family_route_boundary_theorem_after_direct_m2_psi1_source_eom_coefficient_defect_polynomial_packet_summary.json,.json,3614
n46_current_canonical_ontology_supported_direct_formal_c1s1_family_route_boundary_theorem_after_preobserver_source_eom_coherence_instance_summary.json,.json,2973
n47_current_canonical_ontology_supported_direct_formal_c1s1_family_route_boundary_theorem_after_direct_m2_psi4_common_plus3_assignment_role_split_packet_summary.json,.json,3482
n48_current_canonical_ontology_supported_direct_formal_c1s1_family_route_boundary_theorem_after_direct_m2_psi4_target_action_common_monomial_support_packet_summary.json,.json,3717
n49_current_canonical_ontology_supported_direct_formal_c1s1_family_route_boundary_theorem_after_direct_m2_psi4_target_action_coefficient_defect_polynomial_packet_summary.json,.json,3855
n4_current_repo_psi0_strict_core_nonderivation_theorem_summary.json,.json,5535
n50_current_legacy_ontological_kernel_to_strict_gate_kernel_nonidentification_theorem_summary.json,.json,3163
n51_current_canonical_ontology_supported_direct_formal_c1s1_family_route_boundary_theorem_after_preobserver_target_action_coherence_instance_summary.json,.json,3088
n520_current_first_strict_r18_declared_pair1_residual_zero_equations_value_instance_obstruction_theorem_summary.json,.json,2701
n521_current_first_strict_t169_rordpow_sign_scan_r18_pair1_zero_equations_obstruction_theorem_summary.json,.json,2179
n522_current_first_strict_reference_magnitude_family_sign_scan_r18_pair1_zero_equations_obstruction_theorem_summary.json,.json,2214
n525_current_first_clause_obstruction_theorem_for_s_sel_int_candidate_seed_v1_summary.json,.json,2228
n526_next_constructive_move_reduced_to_one_future_genuinely_new_source_object_lift_bind_target_theorem_for_s_sel_int_candidate_seed_v1_summary.json,.json,2592
n527_next_constructive_move_reduced_to_one_first_future_genuinely_new_source_object_lift_bind_attempt_theorem_for_s_sel_int_candidate_seed_v1_summary.json,.json,2976
n528_next_constructive_move_reduced_to_one_first_future_constructed_source_object_realization_target_theorem_for_s_sel_int_candidate_seed_v1_summary.json,.json,3002
n529_next_constructive_move_reduced_to_one_first_future_constructed_source_object_realization_attempt_theorem_for_s_sel_int_candidate_seed_v1_summary.json,.json,3058
n52_current_canonical_ontology_supported_direct_formal_c1s1_family_route_boundary_theorem_after_direct_m2_psi4_target_eom_common_local_support_packet_summary.json,.json,3693
n530_next_constructive_move_reduced_to_one_first_future_constructed_source_object_realization_verdict_target_theorem_for_s_sel_int_candidate_seed_v1_summary.json,.json,3201
n531_next_constructive_move_reduced_to_one_explicit_success_failure_branch_split_theorem_for_s_sel_int_candidate_seed_v1_summary.json,.json,3543
n532_current_failure_branch_obstruction_theorem_for_s_sel_int_candidate_seed_v1_realization_attempt_summary.json,.json,1898
n533_current_success_branch_obstruction_theorem_for_s_sel_int_candidate_seed_v1_realization_attempt_summary.json,.json,1699
n534_current_admissibility_branch_obstruction_theorem_for_future_constructed_source_object_for_s_sel_int_candidate_seed_v1_summary.json,.json,1658
n535_current_orientation_export_branch_obstruction_theorem_for_s_sel_int_candidate_seed_v1_summary.json,.json,1482
n536_current_downstream_completion_branch_obstruction_theorem_for_s_sel_int_candidate_seed_v1_summary.json,.json,1323
n537_current_post_verdict_lower_branch_full_negative_closure_theorem_for_s_sel_int_candidate_seed_v1_summary.json,.json,2006
n538_current_strict_witness_provider_absence_theorem_for_seed_v1_realization_attempt_summary.json,.json,557
n539_current_strict_witness_provider_presence_theorem_for_seed_v1_realization_attempt_summary.json,.json,1398
n53_current_canonical_ontology_supported_direct_formal_c1s1_family_route_boundary_theorem_after_direct_m2_psi4_target_eom_coefficient_defect_polynomial_packet_summary.json,.json,3863
n540_current_first_admissibility_clause_discharge_theorem_for_s_sel_int_strict_core_source_object_v1_summary.json,.json,1157
n541_current_second_admissibility_clause_discharge_theorem_for_s_sel_int_strict_core_source_object_v1_summary.json,.json,1142
n542_current_third_admissibility_clause_discharge_theorem_for_s_sel_int_strict_core_source_object_v1_summary.json,.json,1131
n543_current_fourth_admissibility_clause_discharge_theorem_for_s_sel_int_strict_core_source_object_v1_summary.json,.json,1112
n544_current_fifth_admissibility_clause_discharge_theorem_for_s_sel_int_strict_core_source_object_v1_summary.json,.json,1157
n545_current_sixth_admissibility_clause_discharge_theorem_for_s_sel_int_strict_core_source_object_v1_summary.json,.json,1059
n546_current_exported_s_sel_int_strict_core_source_object_admissible_orientation_export_theorem_summary.json,.json,1160
n547_current_exported_s_sel_int_strict_core_source_object_selector_bridge_operator_theorem_summary.json,.json,1186
n548_current_exported_s_sel_int_strict_core_source_object_selector_reduction_operator_theorem_summary.json,.json,1233
n549_current_exported_s_sel_int_strict_core_source_object_selector_output_operator_theorem_summary.json,.json,1138
n54_current_canonical_ontology_supported_direct_formal_c1s1_family_route_boundary_theorem_after_preobserver_target_eom_coherence_instance_summary.json,.json,2566
n550_current_strict_global_selector_bridge_operator_promotion_from_seed_v1_chain_on_c_v1_discharge_theorem_summary.json,.json,1039
n551_current_strict_global_selector_reduction_operator_promotion_from_seed_v1_chain_on_c_v1_discharge_theorem_summary.json,.json,1096
n552_current_strict_global_selector_output_operator_promotion_from_seed_v1_chain_on_c_v1_discharge_theorem_summary.json,.json,1166
n553_current_strict_global_downstream_completion_branch_discharge_for_promoted_seed_v1_chain_on_c_v1_discharge_theorem_summary.json,.json,1179
n554_current_first_actual_legacy_to_strict_kernel_nonbridge_strengthening_discharge_witness_theorem_summary.json,.json,1201
n55_current_canonical_ontology_supported_direct_formal_c1s1_family_route_boundary_theorem_after_direct_m2_psi7_psi10_role_matching_packet_summary.json,.json,3246
n56_current_canonical_ontology_supported_direct_formal_c1s1_family_route_boundary_theorem_after_direct_m2_psi7_psi10_declared_formal_slot_separation_packet_summary.json,.json,3456
n57_current_canonical_ontology_supported_direct_formal_c1s1_family_route_boundary_theorem_after_direct_m2_psi7_psi10_common_plus3_orbit_parameter_sufficient_route_packet_summary.json,.json,3449
n58_current_canonical_ontology_supported_direct_formal_c1s1_family_route_boundary_theorem_after_direct_m2_psi7_psi10_common_plus3_assignment_slot_split_packet_summary.json,.json,3476
n59_current_canonical_ontology_supported_direct_formal_c1s1_family_route_boundary_theorem_after_direct_m2_psi7_common_plus3_assignment_role_split_packet_summary.json,.json,3571
n5_current_strict_core_psi0_route_obstruction_theorem_summary.json,.json,7340
n60_current_canonical_ontology_supported_direct_formal_c1s1_family_route_boundary_theorem_after_direct_m2_psi7_source_action_common_monomial_support_packet_summary.json,.json,3628
n61_current_canonical_ontology_supported_direct_formal_c1s1_family_route_boundary_theorem_after_direct_m2_psi7_source_action_coefficient_defect_polynomial_packet_summary.json,.json,3660
n62_current_canonical_ontology_supported_direct_formal_c1s1_family_route_boundary_theorem_after_preobserver_direct_m2_psi7_source_action_coherence_instance_summary.json,.json,3520
n63_current_canonical_ontology_supported_direct_formal_c1s1_family_route_boundary_theorem_after_direct_m2_psi7_source_eom_common_monomial_support_packet_summary.json,.json,3547
n64_current_canonical_ontology_supported_direct_formal_c1s1_family_route_boundary_theorem_after_direct_m2_psi7_source_eom_coefficient_defect_polynomial_packet_summary.json,.json,3547
n65_current_legacy_physical_role_transfer_to_strict_gate_kernel_obstruction_theorem_summary.json,.json,2964
n663_current_first_actual_legacy_to_strict_kernel_bifurcated_frontier_theorem_v2_summary.json,.json,1121
n66_current_claim_specific_strict_side_partition_obstruction_theorem_for_legacy_physical_roles_summary.json,.json,2808
n672_current_strict_global_projective_selector_closure_object_well_definedness_theorem_summary.json,.json,1064
n673_current_strict_global_qw2191_projective_closure_resolution_statement_theorem_summary.json,.json,1519
n674_current_strict_t172_projective_closure_discharge_theorem_summary.json,.json,1741
n675_current_strict_global_directed_selector_closure_obstruction_boundary_theorem_summary.json,.json,1272
n676_current_first_admissible_s_sel_int_source_object_discharge_theorem_summary.json,.json,1012
n677_current_strict_global_directed_selector_closure_object_well_definedness_theorem_summary.json,.json,1343
n678_current_strict_t172_directed_closure_discharge_theorem_summary.json,.json,1617
n679_current_strict_t172_strict_core_selector_closure_frontier_boundary_theorem_summary.json,.json,2564
n67_current_legacy_weinberg_role_strict_side_branch_obstruction_theorem_summary.json,.json,2069
n680_current_strict_t173_projective_strict_core_selector_closure_discharge_theorem_summary.json,.json,2946
n681_current_strict_t173_directed_output_sign_lift_obstruction_boundary_theorem_summary.json,.json,2444
n686_current_strict_t173_global_axis_only_transition_edge_sign_flip_boundary_theorem_summary.json,.json,1842
n687_current_strict_t173_global_edge_sign_coherence_obstruction_boundary_theorem_summary.json,.json,1774
n688_current_strict_t174_global_oriented_transition_edge_sign_lift_discharge_theorem_summary.json,.json,1990
n689_current_strict_t174_oriented_edge_sign_lift_gauge_equivalence_theorem_summary.json,.json,1958
n68_current_legacy_weinberg_retained_subbranch_obstruction_theorem_summary.json,.json,2054
n690_current_strict_t175_global_chart_sign_fixing_discharge_theorem_summary.json,.json,2101
n691_current_strict_t174_global_oriented_transition_edge_sign_lift_from_sign_fixed_directed_state_discharge_theorem_summary.json,.json,2116
n692_current_strict_t173_projective_directed_closure_output_ray_invariance_theorem_summary.json,.json,2342
n693_current_strict_t173_output_sign_lift_gauge_covariance_theorem_summary.json,.json,1281
n695_current_first_strict_projective_operational_toe_preclosure_support_theorem_summary.json,.json,1215
n698_current_first_strict_projective_operational_toe_os_support_theorem_summary.json,.json,852
n699_current_first_strict_projective_emergent_observer_chain_computability_theorem_summary.json,.json,2109
n69_current_strict_side_literal_retention_obstruction_theorem_for_legacy_weinberg_formula_summary.json,.json,1474
n6_current_strict_core_fr_route_nonderivation_theorem_summary.json,.json,2510
n700_current_first_strict_projective_operational_toe_os_support_with_emergent_observer_chain_theorem_summary.json,.json,890
n701_current_strict_projective_operational_toe_closure_theorem_summary.json,.json,1019
n703_current_strict_quadratic_mass_proxy_meaning_definition_theorem_summary.json,.json,1326
n705_current_first_strict_projective_operational_toe_os_support_with_invariant_mass_observable_theorem_summary.json,.json,923
n70_current_strict_side_weinberg_role_equivalence_boundary_theorem_summary.json,.json,1875
n71_current_legacy_weinberg_semantic_transfer_subbranch_obstruction_theorem_summary.json,.json,1822
n72_current_strict_side_textual_retained_successor_obstruction_theorem_for_legacy_weinberg_role_summary.json,.json,1588
n73_current_legacy_weinberg_retained_branch_full_negative_closure_theorem_summary.json,.json,1378
n74_current_legacy_weinberg_replaced_branch_obstruction_theorem_summary.json,.json,1568
n75_current_legacy_weinberg_replaced_successor_subbranch_obstruction_theorem_summary.json,.json,1707
n76_current_strict_side_object_successor_subbranch_obstruction_theorem_for_legacy_weinberg_role_summary.json,.json,1772
n77_current_strict_side_textual_object_successor_obstruction_theorem_for_legacy_weinberg_role_summary.json,.json,1572
n78_current_strict_side_object_successor_branch_full_negative_closure_theorem_for_legacy_weinberg_role_summary.json,.json,1343
n79_current_strict_side_method_successor_subbranch_obstruction_theorem_for_legacy_weinberg_role_summary.json,.json,1803
n7_current_strict_core_sigma_int_residual_datum_nonderivation_theorem_summary.json,.json,3073
n80_current_strict_side_textual_method_successor_obstruction_theorem_for_legacy_weinberg_role_summary.json,.json,1341
n81_current_strict_side_method_successor_branch_full_negative_closure_theorem_for_legacy_weinberg_role_summary.json,.json,1139
n82_current_legacy_weinberg_replaced_branch_full_negative_closure_theorem_summary.json,.json,1187
n83_current_legacy_weinberg_full_claim_specific_negative_closure_theorem_summary.json,.json,1241
n84_current_legacy_fine_structure_role_strict_side_branch_obstruction_theorem_summary.json,.json,2109
n85_current_legacy_fine_structure_retained_subbranch_obstruction_theorem_summary.json,.json,2119
n86_current_strict_side_literal_retention_obstruction_theorem_for_legacy_fine_structure_formula_summary.json,.json,1498
n87_current_strict_side_fine_structure_role_equivalence_boundary_theorem_summary.json,.json,1905
n88_current_legacy_fine_structure_semantic_transfer_subbranch_obstruction_theorem_summary.json,.json,2027
n89_current_strict_side_textual_retained_successor_obstruction_theorem_for_legacy_fine_structure_role_summary.json,.json,1639
n8_current_strict_core_sigma_int_residual_datum_obstruction_after_target_slot_export_theorem_summary.json,.json,4546
n90_current_legacy_fine_structure_retained_branch_full_negative_closure_theorem_summary.json,.json,1404
n91_current_legacy_fine_structure_replaced_successor_subbranch_obstruction_theorem_summary.json,.json,1882
n92_current_strict_side_object_successor_subbranch_obstruction_theorem_for_legacy_fine_structure_role_summary.json,.json,1920
n93_current_strict_side_textual_object_successor_obstruction_theorem_for_legacy_fine_structure_role_summary.json,.json,1583
n94_current_strict_side_object_successor_branch_full_negative_closure_theorem_for_legacy_fine_structure_role_summary.json,.json,1354
n95_current_strict_side_method_successor_subbranch_obstruction_theorem_for_legacy_fine_structure_role_summary.json,.json,1819
n96_current_strict_side_textual_method_successor_obstruction_theorem_for_legacy_fine_structure_role_summary.json,.json,1352
n97_current_strict_side_method_successor_branch_full_negative_closure_theorem_for_legacy_fine_structure_role_summary.json,.json,1145
n98_current_legacy_fine_structure_replaced_branch_full_negative_closure_theorem_summary.json,.json,1199
n99_current_legacy_fine_structure_full_claim_specific_negative_closure_theorem_summary.json,.json,1265
n9_current_kernel_feedback_does_not_yet_instantiate_selector_facing_kobs_theorem_summary.json,.json,2946
o12_pair1_pair2_selector_chart_transport_operator_strict_derived_from_sigma_int_alpha12_v1.json,.json,7371
o12_pair1_pair2_selector_chart_transport_operator_strict_derived_from_sigma_int_alpha12_v1_summary.json,.json,533
o13_pair1_pair3_selector_chart_transport_operator_axis_only_alpha13_mod_pi_strict_core_v1.json,.json,5832
o13_pair1_pair3_selector_chart_transport_operator_oriented_alpha13_mod_2pi_strict_convention_v1.json,.json,5643
o14_pair1_pair4_selector_chart_transport_operator_axis_only_alpha14_mod_pi_strict_core_v1.json,.json,4884
o14_pair1_pair4_selector_chart_transport_operator_oriented_alpha14_mod_2pi_strict_convention_v1.json,.json,4685
o15_pair1_pair5_selector_chart_transport_operator_axis_only_alpha15_mod_pi_strict_core_v1.json,.json,3794
o15_pair1_pair5_selector_chart_transport_operator_oriented_alpha15_mod_2pi_strict_convention_v1.json,.json,4645
o1_explicit_a1_operator_definition_spec.json,.json,460
o1_explicit_a1_operator_definition_spec_summary.json,.json,258
o23_pair2_pair3_selector_chart_transport_operator_axis_only_alpha23_mod_pi_strict_core_v1.json,.json,5228
o23_pair2_pair3_selector_chart_transport_operator_oriented_alpha23_mod_2pi_strict_convention_v1.json,.json,5036
o24_pair2_pair4_selector_chart_transport_operator_axis_only_alpha24_mod_pi_strict_core_v1.json,.json,4240
o24_pair2_pair4_selector_chart_transport_operator_oriented_alpha24_mod_2pi_strict_convention_v1.json,.json,4131
o25_pair2_pair5_selector_chart_transport_operator_axis_only_alpha25_mod_pi_strict_core_v1.json,.json,4874
o25_pair2_pair5_selector_chart_transport_operator_oriented_alpha25_mod_2pi_strict_convention_v1.json,.json,4671
o2_exported_composite_a1_ext_instance.json,.json,867
o2_exported_composite_a1_ext_instance_summary.json,.json,258
o34_pair3_pair4_selector_chart_transport_operator_axis_only_alpha34_mod_pi_strict_core_v1.json,.json,5135
o34_pair3_pair4_selector_chart_transport_operator_oriented_alpha34_mod_2pi_strict_convention_v1.json,.json,5041
o35_pair3_pair5_selector_chart_transport_operator_axis_only_alpha35_mod_pi_strict_core_v1.json,.json,5766
o35_pair3_pair5_selector_chart_transport_operator_oriented_alpha35_mod_2pi_strict_convention_v1.json,.json,5657
o3_a1_ext_coefficient_evaluation_rule.json,.json,810
o3_a1_ext_coefficient_evaluation_rule_summary.json,.json,275
o45_pair4_pair5_selector_chart_transport_operator_axis_only_alpha45_mod_pi_strict_core_v1.json,.json,4971
o45_pair4_pair5_selector_chart_transport_operator_oriented_alpha45_mod_2pi_strict_convention_v1.json,.json,4847
o4_a1_ext_entry_population_rule.json,.json,1372
o4_a1_ext_entry_population_rule_summary.json,.json,288
omega_16_v1_four_bit_structure_witness.json,.json,566
omega_16_v1_microstate_space.json,.json,534
p1000_current_nad12_sigma_pair_side_candidate_factor_coherence_witness_target_actual_attempt_probe.json,.json,1569
p1000_current_nad12_sigma_pair_side_candidate_factor_coherence_witness_target_actual_attempt_probe_summary.json,.json,330
p1001_current_nad12_sigma_pair_side_candidate_factor_coherence_witness_attempt_verdict_or_sharper_same_lane_witness_refinement_nonexport_probe.json,.json,2326
p1001_current_nad12_sigma_pair_side_candidate_factor_coherence_witness_attempt_verdict_or_sharper_same_lane_witness_refinement_nonexport_probe_summary.json,.json,540
p1002_current_nad12_sigma_pair_side_sharper_same_lane_witness_target_probe.json,.json,1776
p1002_current_nad12_sigma_pair_side_sharper_same_lane_witness_target_probe_summary.json,.json,378
p1003_current_nad12_sigma_pair_side_sharper_same_lane_witness_target_actual_nonexport_probe.json,.json,2567
p1003_current_nad12_sigma_pair_side_sharper_same_lane_witness_target_actual_nonexport_probe_summary.json,.json,620
p1004_current_nad12_sigma_pair_side_sharper_same_lane_witness_target_actual_attempt_probe.json,.json,1633
p1004_current_nad12_sigma_pair_side_sharper_same_lane_witness_target_actual_attempt_probe_summary.json,.json,321
p1005_current_nad12_sigma_pair_side_sharper_same_lane_witness_attempt_verdict_or_sharper_same_lane_witness_refinement_nonexport_probe.json,.json,2388
p1005_current_nad12_sigma_pair_side_sharper_same_lane_witness_attempt_verdict_or_sharper_same_lane_witness_refinement_nonexport_probe_summary.json,.json,531
p1006_current_nad12_sigma_pair_side_sharper_same_lane_witness_target_probe.json,.json,1838
p1006_current_nad12_sigma_pair_side_sharper_same_lane_witness_target_probe_summary.json,.json,369
p1007_current_nad12_sigma_pair_side_sharper_same_lane_witness_target_actual_nonexport_probe.json,.json,2709
p1007_current_nad12_sigma_pair_side_sharper_same_lane_witness_target_actual_nonexport_probe_summary.json,.json,691
p1008_current_nad12_sigma_pair_side_sharper_same_lane_witness_target_actual_attempt_probe.json,.json,1704
p1008_current_nad12_sigma_pair_side_sharper_same_lane_witness_target_actual_attempt_probe_summary.json,.json,321
p1009_current_nad12_sigma_pair_side_sharper_same_lane_witness_attempt_verdict_or_sharper_same_lane_witness_refinement_nonexport_probe.json,.json,2459
p1009_current_nad12_sigma_pair_side_sharper_same_lane_witness_attempt_verdict_or_sharper_same_lane_witness_refinement_nonexport_probe_summary.json,.json,531
p100_legacy_gravity_hierarchy_replaced_successor_subbranch_probe.json,.json,3816
p100_legacy_gravity_hierarchy_replaced_successor_subbranch_probe_summary.json,.json,1920
p1010_current_nad12_sigma_pair_side_sharper_same_lane_witness_target_probe.json,.json,1909
p1010_current_nad12_sigma_pair_side_sharper_same_lane_witness_target_probe_summary.json,.json,369
p1011_current_strict_qw2191_lambda_branch_info_primary_scpc_like_selector_provider_shift_candidate_reference_lane_admission_probe.json,.json,6381
p1011_current_strict_qw2191_lambda_branch_info_primary_scpc_like_selector_provider_shift_candidate_reference_lane_admission_probe_summary.json,.json,779
p1012_current_strict_qw2191_lambda_branch_info_primary_scpc_like_selector_interface_nonexport_audit_probe.json,.json,2816
p1012_current_strict_qw2191_lambda_branch_info_primary_scpc_like_selector_interface_nonexport_audit_probe_summary.json,.json,468
p1013_current_strict_qw2191_lambda_branch_info_primary_scpc_like_selector_interface_actual_realization_nonexport_audit_probe.json,.json,2513
p1013_current_strict_qw2191_lambda_branch_info_primary_scpc_like_selector_interface_actual_realization_nonexport_audit_probe_summary.json,.json,524
p1014_current_strict_qw2191_lambda_branch_info_primary_scpc_like_selector_interface_actual_realization_attempt_probe.json,.json,1811
p1014_current_strict_qw2191_lambda_branch_info_primary_scpc_like_selector_interface_actual_realization_attempt_probe_summary.json,.json,320
p1015_current_strict_qw2191_lambda_branch_info_primary_scpc_like_selector_interface_actual_realization_attempt_verdict_or_exact_sharper_interface_refinement_nonexport_audit_probe.json,.json,2232
p1015_current_strict_qw2191_lambda_branch_info_primary_scpc_like_selector_interface_actual_realization_attempt_verdict_or_exact_sharper_interface_refinement_nonexport_audit_probe_summary.json,.json,603
p1016_current_strict_qw2191_lambda_branch_info_primary_scpc_like_selector_interface_actual_realization_attempt_exact_sharper_interface_refinement_target_probe.json,.json,1955
p1016_current_strict_qw2191_lambda_branch_info_primary_scpc_like_selector_interface_actual_realization_attempt_exact_sharper_interface_refinement_target_probe_summary.json,.json,360
p1017_current_strict_qw2191_lambda_branch_info_primary_scpc_like_selector_interface_sharper_refinement_target_actual_realization_nonexport_audit_probe.json,.json,1914
p1017_current_strict_qw2191_lambda_branch_info_primary_scpc_like_selector_interface_sharper_refinement_target_actual_realization_nonexport_audit_probe_summary.json,.json,548
p1018_current_strict_qw2191_lambda_branch_info_primary_scpc_like_selector_interface_sharper_refinement_target_actual_realization_attempt_probe.json,.json,2146
p1018_current_strict_qw2191_lambda_branch_info_primary_scpc_like_selector_interface_sharper_refinement_target_actual_realization_attempt_probe_summary.json,.json,346
p1019_current_strict_qw2191_lambda_branch_info_primary_scpc_like_selector_interface_sharper_refinement_target_actual_realization_attempt_verdict_or_exact_sharper_interface_refinement_nonexport_audit_probe.json,.json,2327
p1019_current_strict_qw2191_lambda_branch_info_primary_scpc_like_selector_interface_sharper_refinement_target_actual_realization_attempt_verdict_or_exact_sharper_interface_refinement_nonexport_audit_probe_summary.json,.json,655
p101_strict_side_object_successor_subbranch_probe_for_legacy_gravity_hierarchy_role.json,.json,3884
p101_strict_side_object_successor_subbranch_probe_for_legacy_gravity_hierarchy_role_summary.json,.json,2200
p1020_current_strict_qw2191_lambda_branch_info_primary_scpc_like_selector_interface_sharper_refinement_target_actual_realization_attempt_exact_sharper_interface_refinement_target_probe.json,.json,2535
p1020_current_strict_qw2191_lambda_branch_info_primary_scpc_like_selector_interface_sharper_refinement_target_actual_realization_attempt_exact_sharper_interface_refinement_target_probe_summary.json,.json,386
p1021_current_strict_qw2191_lambda_branch_info_primary_scpc_like_selector_interface_sharper_refinement_target_actual_realization_nonexport_audit_probe.json,.json,1898
p1021_current_strict_qw2191_lambda_branch_info_primary_scpc_like_selector_interface_sharper_refinement_target_actual_realization_nonexport_audit_probe_summary.json,.json,548
p1022_current_strict_qw2191_lambda_branch_info_primary_scpc_like_selector_interface_sharper_refinement_target_actual_realization_attempt_probe.json,.json,2680
p1022_current_strict_qw2191_lambda_branch_info_primary_scpc_like_selector_interface_sharper_refinement_target_actual_realization_attempt_probe_summary.json,.json,346
p1023_current_strict_qw2191_lambda_branch_info_primary_scpc_like_selector_interface_sharper_refinement_target_actual_realization_attempt_verdict_or_exact_sharper_interface_refinement_nonexport_audit_probe.json,.json,2332
p1023_current_strict_qw2191_lambda_branch_info_primary_scpc_like_selector_interface_sharper_refinement_target_actual_realization_attempt_verdict_or_exact_sharper_interface_refinement_nonexport_audit_probe_summary.json,.json,655
p1024_current_strict_qw2191_lambda_branch_info_primary_scpc_like_selector_interface_sharper_refinement_target_actual_realization_attempt_exact_sharper_interface_refinement_target_probe.json,.json,3172
p1024_current_strict_qw2191_lambda_branch_info_primary_scpc_like_selector_interface_sharper_refinement_target_actual_realization_attempt_exact_sharper_interface_refinement_target_probe_summary.json,.json,386
p1025_current_strict_qw2191_lambda_branch_info_primary_scpc_like_selector_interface_sharper_refinement_target_actual_realization_nonexport_audit_probe.json,.json,1922
p1025_current_strict_qw2191_lambda_branch_info_primary_scpc_like_selector_interface_sharper_refinement_target_actual_realization_nonexport_audit_probe_summary.json,.json,548
p1026_current_strict_qw2191_lambda_branch_info_primary_scpc_like_selector_interface_sharper_refinement_target_actual_realization_attempt_probe.json,.json,3402
p1026_current_strict_qw2191_lambda_branch_info_primary_scpc_like_selector_interface_sharper_refinement_target_actual_realization_attempt_probe_summary.json,.json,346
p1027_current_strict_qw2191_lambda_branch_info_primary_scpc_like_selector_interface_sharper_refinement_target_actual_realization_attempt_verdict_or_exact_sharper_interface_refinement_nonexport_audit_probe.json,.json,2332
p1027_current_strict_qw2191_lambda_branch_info_primary_scpc_like_selector_interface_sharper_refinement_target_actual_realization_attempt_verdict_or_exact_sharper_interface_refinement_nonexport_audit_probe_summary.json,.json,655
p1028_current_strict_qw2191_lambda_branch_info_primary_scpc_like_selector_interface_sharper_refinement_target_actual_realization_attempt_exact_sharper_interface_refinement_target_probe.json,.json,3618
p1028_current_strict_qw2191_lambda_branch_info_primary_scpc_like_selector_interface_sharper_refinement_target_actual_realization_attempt_exact_sharper_interface_refinement_target_probe_summary.json,.json,386
p1029_current_strict_qw2191_lambda_branch_info_primary_scpc_like_selector_interface_sharper_refinement_target_actual_realization_nonexport_audit_probe.json,.json,1922
p1029_current_strict_qw2191_lambda_branch_info_primary_scpc_like_selector_interface_sharper_refinement_target_actual_realization_nonexport_audit_probe_summary.json,.json,548
p102_strict_side_textual_object_successor_probe_for_legacy_gravity_hierarchy_role.json,.json,3058
p102_strict_side_textual_object_successor_probe_for_legacy_gravity_hierarchy_role_summary.json,.json,1519
p1030_current_strict_qw2191_lambda_branch_info_primary_scpc_like_selector_interface_sharper_refinement_target_actual_realization_attempt_probe.json,.json,4215
p1030_current_strict_qw2191_lambda_branch_info_primary_scpc_like_selector_interface_sharper_refinement_target_actual_realization_attempt_probe_summary.json,.json,346
p1031_current_strict_qw2191_lambda_branch_info_primary_scpc_like_selector_interface_sharper_refinement_target_actual_realization_attempt_verdict_or_exact_sharper_interface_refinement_nonexport_audit_probe.json,.json,2332
p1031_current_strict_qw2191_lambda_branch_info_primary_scpc_like_selector_interface_sharper_refinement_target_actual_realization_attempt_verdict_or_exact_sharper_interface_refinement_nonexport_audit_probe_summary.json,.json,655
p1032_current_strict_qw2191_lambda_branch_info_primary_scpc_like_selector_interface_sharper_refinement_target_actual_realization_attempt_exact_sharper_interface_refinement_target_probe.json,.json,4800
p1032_current_strict_qw2191_lambda_branch_info_primary_scpc_like_selector_interface_sharper_refinement_target_actual_realization_attempt_exact_sharper_interface_refinement_target_probe_summary.json,.json,386
p1033_current_strict_qw2191_lambda_branch_info_primary_scpc_like_same_lane_stagnation_and_stop_audit_probe.json,.json,3886
p1033_current_strict_qw2191_lambda_branch_info_primary_scpc_like_same_lane_stagnation_and_stop_audit_probe_summary.json,.json,595
p1034_current_strict_qw2191_nadsoliton_neural_character_information_primary_selector_support_reference_admission_probe.json,.json,5467
p1034_current_strict_qw2191_nadsoliton_neural_character_information_primary_selector_support_reference_admission_probe_summary.json,.json,741
p1035_current_strict_qw2191_nadsoliton_neural_character_support_reference_to_exact_selector_interface_bridge_nonexport_audit_probe.json,.json,4029
p1035_current_strict_qw2191_nadsoliton_neural_character_support_reference_to_exact_selector_interface_bridge_nonexport_audit_probe_summary.json,.json,581
p1036_current_strict_qw2191_nadsoliton_neural_character_support_reference_to_exact_selector_interface_bridge_target_actual_realization_nonexport_audit_probe.json,.json,4158
p1036_current_strict_qw2191_nadsoliton_neural_character_support_reference_to_exact_selector_interface_bridge_target_actual_realization_nonexport_audit_probe_summary.json,.json,619
p1037_current_strict_qw2191_nadsoliton_neural_character_support_reference_to_exact_selector_interface_bridge_target_actual_realization_attempt_probe.json,.json,1780
p1037_current_strict_qw2191_nadsoliton_neural_character_support_reference_to_exact_selector_interface_bridge_target_actual_realization_attempt_probe_summary.json,.json,562
p1038_current_strict_qw2191_nadsoliton_neural_character_support_reference_to_exact_selector_interface_bridge_target_actual_realization_attempt_verdict_or_exact_bridge_refinement_nonexport_audit_probe.json,.json,2240
p1038_current_strict_qw2191_nadsoliton_neural_character_support_reference_to_exact_selector_interface_bridge_target_actual_realization_attempt_verdict_or_exact_bridge_refinement_nonexport_audit_probe_summary.json,.json,634
p1039_current_strict_qw2191_nadsoliton_neural_character_support_reference_to_exact_selector_interface_bridge_target_actual_realization_attempt_exact_bridge_refinement_target_probe.json,.json,2291
p1039_current_strict_qw2191_nadsoliton_neural_character_support_reference_to_exact_selector_interface_bridge_target_actual_realization_attempt_exact_bridge_refinement_target_probe_summary.json,.json,441
p103_strict_side_object_lineage_upgrade_probe_for_legacy_gravity_hierarchy_role.json,.json,2808
p103_strict_side_object_lineage_upgrade_probe_for_legacy_gravity_hierarchy_role_summary.json,.json,1299
p1040_current_strict_qw2191_nadsoliton_neural_character_support_reference_to_exact_selector_interface_bridge_target_actual_realization_attempt_exact_bridge_refinement_target_actual_realization_nonexport_audit_probe.json,.json,2050
p1040_current_strict_qw2191_nadsoliton_neural_character_support_reference_to_exact_selector_interface_bridge_target_actual_realization_attempt_exact_bridge_refinement_target_actual_realization_nonexport_audit_probe_summary.json,.json,676
p1041_current_strict_qw2191_nadsoliton_neural_character_support_reference_to_exact_selector_interface_bridge_target_actual_realization_attempt_exact_bridge_refinement_target_actual_realization_attempt_probe.json,.json,2555
p1041_current_strict_qw2191_nadsoliton_neural_character_support_reference_to_exact_selector_interface_bridge_target_actual_realization_attempt_exact_bridge_refinement_target_actual_realization_attempt_probe_summary.json,.json,471
p1042_current_strict_qw2191_nadsoliton_neural_character_support_reference_to_exact_selector_interface_brtgt_ar_attempt_exact_bref_tgt_ar_attempt_verdict_or_exact_further_bref_nonexport_audit_probe.json,.json,2389
p1042_current_strict_qw2191_nadsoliton_neural_character_support_reference_to_exact_selector_interface_brtgt_ar_attempt_exact_bref_tgt_ar_attempt_verdict_or_exact_further_bref_nonexport_audit_probe_summary.json,.json,636
p1043_current_strict_qw2191_nadsoliton_neural_character_support_reference_to_exact_selector_interface_brtgt_ar_attempt_exact_bref_tgt_ar_attempt_exact_further_bref_target_probe.json,.json,2831
p1043_current_strict_qw2191_nadsoliton_neural_character_support_reference_to_exact_selector_interface_brtgt_ar_attempt_exact_bref_tgt_ar_attempt_exact_further_bref_target_probe_summary.json,.json,438
p1044_current_strict_qw2191_nadsoliton_neural_character_support_reference_to_exact_selector_interface_brtgt_ar_attempt_exact_bref_tgt_ar_attempt_exact_further_bref_target_ar_nonexport_audit_probe.json,.json,2041
p1044_current_strict_qw2191_nadsoliton_neural_character_support_reference_to_exact_selector_interface_brtgt_ar_attempt_exact_bref_tgt_ar_attempt_exact_further_bref_target_ar_nonexport_audit_probe_summary.json,.json,638
p1045_current_strict_qw2191_nadsoliton_neural_character_support_reference_to_exact_selector_interface_brtgt_ar_attempt_exact_bref_tgt_ar_attempt_exact_further_bref_target_ar_attempt_probe.json,.json,3119
p1045_current_strict_qw2191_nadsoliton_neural_character_support_reference_to_exact_selector_interface_brtgt_ar_attempt_exact_bref_tgt_ar_attempt_exact_further_bref_target_ar_attempt_probe_summary.json,.json,452
p1046_current_strict_qw2191_nadsoliton_neural_support_reference_bridge_same_lane_stagnation_and_stop_audit_probe.json,.json,3730
p1046_current_strict_qw2191_nadsoliton_neural_support_reference_bridge_same_lane_stagnation_and_stop_audit_probe_summary.json,.json,640
p1047_current_strict_qw2191_post_stop_neural_bridge_lane_to_strict_int_selector_source_frontier_route_decision_audit_probe.json,.json,1847
p1047_current_strict_qw2191_post_stop_neural_bridge_lane_to_strict_int_selector_source_frontier_route_decision_audit_probe_summary.json,.json,519
p1048_current_strict_qw2191_post_stop_route_rejoin_to_existing_t173_frontier_audit_probe.json,.json,2279
p1048_current_strict_qw2191_post_stop_route_rejoin_to_existing_t173_frontier_audit_probe_summary.json,.json,582
p1049_current_strict_t173_t176_source_side_input_leg_target_actual_realization_nonexport_audit_probe.json,.json,2240
p1049_current_strict_t173_t176_source_side_input_leg_target_actual_realization_nonexport_audit_probe_summary.json,.json,635
p104_strict_side_method_successor_subbranch_probe_for_legacy_gravity_hierarchy_role.json,.json,3482
p104_strict_side_method_successor_subbranch_probe_for_legacy_gravity_hierarchy_role_summary.json,.json,1927
p1050_current_strict_t173_t176_source_side_input_leg_target_actual_realization_attempt_probe.json,.json,1795
p1050_current_strict_t173_t176_source_side_input_leg_target_actual_realization_attempt_probe_summary.json,.json,535
p1051_current_strict_t173_t176_source_side_input_leg_target_actual_realization_attempt_verdict_or_exact_lower_supplier_boundary_nonexport_audit_probe.json,.json,2902
p1051_current_strict_t173_t176_source_side_input_leg_target_actual_realization_attempt_verdict_or_exact_lower_supplier_boundary_nonexport_audit_probe_summary.json,.json,861
p1052_current_strict_t173_t176_source_side_input_leg_target_actual_realization_attempt_exact_lower_supplier_boundary_target_probe.json,.json,2238
p1052_current_strict_t173_t176_source_side_input_leg_target_actual_realization_attempt_exact_lower_supplier_boundary_target_probe_summary.json,.json,849
p1053_current_strict_t173_t176_source_side_input_leg_attempt_exact_lower_supplier_boundary_target_actual_realization_nonexport_audit_probe.json,.json,1794
p1053_current_strict_t173_t176_source_side_input_leg_attempt_exact_lower_supplier_boundary_target_actual_realization_nonexport_audit_probe_summary.json,.json,599
p1054_current_strict_t173_t176_source_side_input_leg_attempt_exact_lower_supplier_boundary_target_actual_realization_attempt_probe.json,.json,2150
p1054_current_strict_t173_t176_source_side_input_leg_attempt_exact_lower_supplier_boundary_target_actual_realization_attempt_probe_summary.json,.json,842
p1055_current_strict_t173_t176_source_side_input_leg_attempt_exact_lower_supplier_boundary_target_actual_realization_attempt_verdict_or_exact_further_lower_boundary_nonexport_audit_probe.json,.json,1942
p1055_current_strict_t173_t176_source_side_input_leg_attempt_exact_lower_supplier_boundary_target_actual_realization_attempt_verdict_or_exact_further_lower_boundary_nonexport_audit_probe_summary.json,.json,630
p1056_current_strict_t173_t176_source_side_input_leg_attempt_exact_lower_supplier_boundary_target_actual_realization_attempt_exact_further_lower_boundary_target_probe.json,.json,2032
p1056_current_strict_t173_t176_source_side_input_leg_attempt_exact_lower_supplier_boundary_target_actual_realization_attempt_exact_further_lower_boundary_target_probe_summary.json,.json,814
p1057_current_strict_t173_t176_source_side_input_leg_attempt_exact_lower_supplier_boundary_target_ar_attempt_exact_further_lower_boundary_target_ar_nonexport_audit_probe.json,.json,1639
p1057_current_strict_t173_t176_source_side_input_leg_attempt_exact_lower_supplier_boundary_target_ar_attempt_exact_further_lower_boundary_target_ar_nonexport_audit_probe_summary.json,.json,565
p1058_current_strict_t173_t176_source_side_input_leg_attempt_exact_lower_supplier_boundary_target_ar_attempt_exact_further_lower_boundary_target_ar_attempt_probe.json,.json,2075
p1058_current_strict_t173_t176_source_side_input_leg_attempt_exact_lower_supplier_boundary_target_ar_attempt_exact_further_lower_boundary_target_ar_attempt_probe_summary.json,.json,839
p1059_current_strict_t173_t176_source_side_input_leg_same_lane_stagnation_and_stop_audit_probe.json,.json,2721
p1059_current_strict_t173_t176_source_side_input_leg_same_lane_stagnation_and_stop_audit_probe_summary.json,.json,547
p105_strict_side_textual_method_successor_probe_for_legacy_gravity_hierarchy_role.json,.json,2569
p105_strict_side_textual_method_successor_probe_for_legacy_gravity_hierarchy_role_summary.json,.json,1149
p1060_current_strict_t173_t176_post_stop_source_side_input_leg_lane_to_existing_t183_residual_datum_pair12_orbit_direction_frontier_route_decision_audit_probe.json,.json,2224
p1060_current_strict_t173_t176_post_stop_source_side_input_leg_lane_to_existing_t183_residual_datum_pair12_orbit_direction_frontier_route_decision_audit_probe_summary.json,.json,635
p1061_current_strict_t173_t176_existing_t183_residual_datum_pair12_orbit_direction_selection_bridge_existing_export_or_near_miss_candidate_audit_probe.json,.json,2702
p1061_current_strict_t173_t176_existing_t183_residual_datum_pair12_orbit_direction_selection_bridge_existing_export_or_near_miss_candidate_audit_probe_summary.json,.json,679
p1062_current_strict_t173_t176_existing_t183_negative_3_cycle_sign_holonomy_obstruction_reference_admission_probe.json,.json,4682
p1062_current_strict_t173_t176_existing_t183_negative_3_cycle_sign_holonomy_obstruction_reference_admission_probe_summary.json,.json,678
p1063_current_strict_t173_t176_post_f961_negative_3_cycle_reference_to_existing_t216_t218_pair12_provider_frontier_route_decision_audit_probe.json,.json,4711
p1063_current_strict_t173_t176_post_f961_negative_3_cycle_reference_to_existing_t216_t218_pair12_provider_frontier_route_decision_audit_probe_summary.json,.json,641
p1064_current_nad12_sigma_pair_side_sharper_same_lane_witness_refinement_exhaustion_and_feeder_pivot_audit_probe.json,.json,3374
p1064_current_nad12_sigma_pair_side_sharper_same_lane_witness_refinement_exhaustion_and_feeder_pivot_audit_probe_summary.json,.json,764
p1065_current_canonical_ontology_supported_nad12_sigma_shannon_weighted_feeder_support_side_provider_support_witness_actual_realization_nonexport_audit_probe.json,.json,1944
p1065_current_canonical_ontology_supported_nad12_sigma_shannon_weighted_feeder_support_side_provider_support_witness_actual_realization_nonexport_audit_probe_summary.json,.json,556
p1066_current_canonical_ontology_supported_nad12_sigma_shannon_weighted_feeder_support_side_provider_support_witness_actual_realization_attempt_probe.json,.json,1809
p1066_current_canonical_ontology_supported_nad12_sigma_shannon_weighted_feeder_support_side_provider_support_witness_actual_realization_attempt_probe_summary.json,.json,355
p1067_current_canonical_ontology_supported_nad12_sigma_shannon_weighted_feeder_support_side_provider_support_witness_attempt_verdict_or_exact_open_feeder_support_refinement_nonexport_audit_probe.json,.json,2246
p1067_current_canonical_ontology_supported_nad12_sigma_shannon_weighted_feeder_support_side_provider_support_witness_attempt_verdict_or_exact_open_feeder_support_refinement_nonexport_audit_probe_summary.json,.json,508
p1068_current_canonical_ontology_supported_nad12_sigma_shannon_weighted_feeder_support_side_provider_support_witness_attempt_exact_open_feeder_support_refinement_target_probe.json,.json,1796
p1068_current_canonical_ontology_supported_nad12_sigma_shannon_weighted_feeder_support_side_provider_support_witness_attempt_exact_open_feeder_support_refinement_target_probe_summary.json,.json,412
p1069_current_canonical_ontology_supported_nad12_sigma_shannon_weighted_feeder_support_side_provider_support_witness_attempt_open_feeder_support_refinement_target_actual_realization_nonexport_audit_probe.json,.json,2392
p1069_current_canonical_ontology_supported_nad12_sigma_shannon_weighted_feeder_support_side_provider_support_witness_attempt_open_feeder_support_refinement_target_actual_realization_nonexport_audit_probe_summary.json,.json,722
p106_strict_side_method_lineage_upgrade_probe_for_legacy_gravity_hierarchy_role.json,.json,2379
p106_strict_side_method_lineage_upgrade_probe_for_legacy_gravity_hierarchy_role_summary.json,.json,982
p1070_current_canonical_ontology_supported_nad12_sigma_shannon_weighted_feeder_support_side_provider_support_witness_attempt_open_feeder_support_refinement_target_actual_attempt_probe.json,.json,1792
p1070_current_canonical_ontology_supported_nad12_sigma_shannon_weighted_feeder_support_side_provider_support_witness_attempt_open_feeder_support_refinement_target_actual_attempt_probe_summary.json,.json,435
p1071_current_canonical_ontology_supported_nad12_sigma_shannon_weighted_feeder_support_refinement_target_attempt_verdict_or_exact_candidate_factor_integration_refinement_nonexport_audit_probe.json,.json,2440
p1071_current_canonical_ontology_supported_nad12_sigma_shannon_weighted_feeder_support_refinement_target_attempt_verdict_or_exact_candidate_factor_integration_refinement_nonexport_audit_probe_summary.json,.json,546
p1072_current_canonical_ontology_supported_nad12_sigma_shannon_weighted_feeder_support_refinement_target_attempt_candidate_factor_integration_target_probe.json,.json,1765
p1072_current_canonical_ontology_supported_nad12_sigma_shannon_weighted_feeder_support_refinement_target_attempt_candidate_factor_integration_target_probe_summary.json,.json,378
p1073_current_canonical_ontology_supported_nad12_sigma_shannon_weighted_feeder_support_refinement_target_attempt_candidate_factor_integration_refinement_target_actual_realization_nonexport_audit_probe.json,.json,2341
p1073_current_canonical_ontology_supported_nad12_sigma_shannon_weighted_feeder_support_refinement_target_attempt_candidate_factor_integration_refinement_target_actual_realization_nonexport_audit_probe_summary.json,.json,663
p1074_current_canonical_ontology_supported_nad12_sigma_shannon_weighted_feeder_support_refinement_target_attempt_candidate_factor_integration_target_actual_attempt_probe.json,.json,1678
p1074_current_canonical_ontology_supported_nad12_sigma_shannon_weighted_feeder_support_refinement_target_attempt_candidate_factor_integration_target_actual_attempt_probe_summary.json,.json,401
p1075_current_canonical_ontology_supported_nad12_sigma_feeder_cfi_ar_attempt_verdict_or_exact_cfcoh_refinement_nonexport_audit_probe.json,.json,2449
p1075_current_canonical_ontology_supported_nad12_sigma_feeder_cfi_ar_attempt_verdict_or_exact_cfcoh_refinement_nonexport_audit_probe_summary.json,.json,614
p1076_current_canonical_ontology_supported_nad12_sigma_feeder_cfcoh_target_probe.json,.json,1787
p1076_current_canonical_ontology_supported_nad12_sigma_feeder_cfcoh_target_probe_summary.json,.json,450
p1077_current_canonical_ontology_supported_nad12_sigma_feeder_cfcoh_target_actual_realization_nonexport_audit_probe.json,.json,2277
p1077_current_canonical_ontology_supported_nad12_sigma_feeder_cfcoh_target_actual_realization_nonexport_audit_probe_summary.json,.json,586
p1078_current_canonical_ontology_supported_nad12_sigma_feeder_cfcoh_target_actual_attempt_probe.json,.json,1601
p1078_current_canonical_ontology_supported_nad12_sigma_feeder_cfcoh_target_actual_attempt_probe_summary.json,.json,365
p1079_current_canonical_ontology_supported_nad12_sigma_feeder_cfcoh_ar_attempt_verdict_or_exact_cfwit_refinement_nonexport_audit_probe.json,.json,2406
p1079_current_canonical_ontology_supported_nad12_sigma_feeder_cfcoh_ar_attempt_verdict_or_exact_cfwit_refinement_nonexport_audit_probe_summary.json,.json,572
p107_legacy_to_strict_kernel_bridge_and_role_package_probe.json,.json,1636
p107_legacy_to_strict_kernel_bridge_and_role_package_probe_summary.json,.json,698
p1080_current_canonical_ontology_supported_nad12_sigma_feeder_cfwit_target_probe.json,.json,1778
p1080_current_canonical_ontology_supported_nad12_sigma_feeder_cfwit_target_probe_summary.json,.json,392
p1081_current_canonical_ontology_supported_nad12_sigma_feeder_cfwit_target_actual_realization_nonexport_audit_probe.json,.json,2333
p1081_current_canonical_ontology_supported_nad12_sigma_feeder_cfwit_target_actual_realization_nonexport_audit_probe_summary.json,.json,602
p1082_current_canonical_ontology_supported_nad12_sigma_feeder_cfwit_target_actual_attempt_probe.json,.json,1617
p1082_current_canonical_ontology_supported_nad12_sigma_feeder_cfwit_target_actual_attempt_probe_summary.json,.json,373
p1083_current_canonical_ontology_supported_nad12_sigma_feeder_cfwit_attempt_verdict_or_exact_sharper_same_lane_witness_refinement_nonexport_audit_probe.json,.json,2372
p1083_current_canonical_ontology_supported_nad12_sigma_feeder_cfwit_attempt_verdict_or_exact_sharper_same_lane_witness_refinement_nonexport_audit_probe_summary.json,.json,583
p1084_current_canonical_ontology_supported_nad12_sigma_feeder_sharper_same_lane_witness_target_probe.json,.json,1823
p1084_current_canonical_ontology_supported_nad12_sigma_feeder_sharper_same_lane_witness_target_probe_summary.json,.json,421
p1085_current_canonical_ontology_supported_nad12_sigma_feeder_sharper_same_lane_witness_target_actual_nonexport_probe.json,.json,2612
p1085_current_canonical_ontology_supported_nad12_sigma_feeder_sharper_same_lane_witness_target_actual_nonexport_probe_summary.json,.json,664
p1086_current_canonical_ontology_supported_nad12_sigma_feeder_sharper_same_lane_witness_target_actual_attempt_probe.json,.json,1679
p1086_current_canonical_ontology_supported_nad12_sigma_feeder_sharper_same_lane_witness_target_actual_attempt_probe_summary.json,.json,364
p1087_current_canonical_ontology_supported_nad12_sigma_feeder_sharper_same_lane_witness_ar_attempt_verdict_or_exact_sharper_same_lane_witness_refinement_nonexport_audit_probe.json,.json,2439
p1087_current_canonical_ontology_supported_nad12_sigma_feeder_sharper_same_lane_witness_ar_attempt_verdict_or_exact_sharper_same_lane_witness_refinement_nonexport_audit_probe_summary.json,.json,574
p1088_current_canonical_ontology_supported_nad12_sigma_feeder_sharper_same_lane_witness_ar_attempt_exact_sharper_same_lane_witness_refinement_target_probe.json,.json,1899
p1088_current_canonical_ontology_supported_nad12_sigma_feeder_sharper_same_lane_witness_ar_attempt_exact_sharper_same_lane_witness_refinement_target_probe_summary.json,.json,412
p1089_current_canonical_ontology_supported_nad12_sigma_feeder_sharper_same_lane_witness_refinement_stagnation_and_stop_audit_probe.json,.json,4345
p1089_current_canonical_ontology_supported_nad12_sigma_feeder_sharper_same_lane_witness_refinement_stagnation_and_stop_audit_probe_summary.json,.json,727
p108_current_selector_symmetry_breaking_requirement_probe.json,.json,4041
p108_current_selector_symmetry_breaking_requirement_probe_summary.json,.json,1128
p1090_current_strict_t173_t176_nadsoliton_information_process_to_orientation_supplier_family_failure_map_audit_probe.json,.json,12882
p1090_current_strict_t173_t176_nadsoliton_information_process_to_orientation_supplier_family_failure_map_audit_probe_summary.json,.json,768
p1091_current_strict_t173_t176_post_f965_failure_map_to_exported_noncyclic_provider_split_non_same_lane_upgrade_route_decision_audit_probe.json,.json,4619
p1091_current_strict_t173_t176_post_f965_failure_map_to_exported_noncyclic_provider_split_non_same_lane_upgrade_route_decision_audit_probe_summary.json,.json,840
p1092_current_strict_t173_t176_time_arrow_light_resonance_oriented_dephasing_competing_extension_audit_probe.json,.json,3879
p1092_current_strict_t173_t176_time_arrow_light_resonance_oriented_dephasing_competing_extension_audit_probe_summary.json,.json,772
p1093_current_strict_t173_t176_candidate_oriented_nonreciprocal_dephasing_operator_provenance_audit_probe.json,.json,7134
p1093_current_strict_t173_t176_candidate_oriented_nonreciprocal_dephasing_operator_provenance_audit_probe_summary.json,.json,643
p1094_current_strict_t173_t176_minimal_oriented_nonreciprocal_dephasing_new_import_boundary_admission_probe.json,.json,4149
p1094_current_strict_t173_t176_minimal_oriented_nonreciprocal_dephasing_new_import_boundary_admission_probe_summary.json,.json,814
p1095_current_strict_t173_t176_post_f969_minimal_onrd_boundary_to_active_bridge_exact_reduction_target_admission_probe.json,.json,3797
p1095_current_strict_t173_t176_post_f969_minimal_onrd_boundary_to_active_bridge_exact_reduction_target_admission_probe_summary.json,.json,805
p1096_current_strict_t173_t176_minimal_onrd_boundary_to_active_bridge_exact_reduction_target_probe.json,.json,1652
p1096_current_strict_t173_t176_minimal_onrd_boundary_to_active_bridge_exact_reduction_target_probe_summary.json,.json,795
p1097_current_strict_t173_t176_minimal_onrd_boundary_to_active_bridge_exact_reduction_target_actual_realization_nonexport_audit_probe.json,.json,2149
p1097_current_strict_t173_t176_minimal_onrd_boundary_to_active_bridge_exact_reduction_target_actual_realization_nonexport_audit_probe_summary.json,.json,517
p1098_current_strict_t173_t176_minimal_onrd_boundary_to_active_bridge_exact_reduction_target_actual_attempt_probe.json,.json,1558
p1098_current_strict_t173_t176_minimal_onrd_boundary_to_active_bridge_exact_reduction_target_actual_attempt_probe_summary.json,.json,358
p1099_current_strict_t173_t176_minimal_onrd_boundary_to_active_bridge_ar_attempt_verdict_or_exact_route_coherence_refinement_nonexport_audit_probe.json,.json,2141
p1099_current_strict_t173_t176_minimal_onrd_boundary_to_active_bridge_ar_attempt_verdict_or_exact_route_coherence_refinement_nonexport_audit_probe_summary.json,.json,475
p109_current_selector_requirement_theory_acceptance_probe.json,.json,2448
p109_current_selector_requirement_theory_acceptance_probe_summary.json,.json,1093
p10_existing_kernel_feedback_to_kobs_rerun_after_explicit_current_pair_chain.json,.json,12707
p10_existing_kernel_feedback_to_kobs_rerun_after_explicit_current_pair_chain_summary.json,.json,1002
p1100_current_strict_t173_t176_minimal_onrd_boundary_to_active_bridge_ar_attempt_exact_route_coherence_refinement_target_probe.json,.json,1608
p1100_current_strict_t173_t176_minimal_onrd_boundary_to_active_bridge_ar_attempt_exact_route_coherence_refinement_target_probe_summary.json,.json,357
p1101_current_strict_t173_t176_minimal_onrd_boundary_to_active_bridge_ar_attempt_exact_route_coherence_refinement_target_actual_realization_nonexport_audit_probe.json,.json,2240
p1101_current_strict_t173_t176_minimal_onrd_boundary_to_active_bridge_ar_attempt_exact_route_coherence_refinement_target_actual_realization_nonexport_audit_probe_summary.json,.json,604
p1102_current_strict_t173_t176_minimal_onrd_boundary_to_active_bridge_ar_attempt_exact_route_coherence_refinement_target_actual_attempt_probe.json,.json,1645
p1102_current_strict_t173_t176_minimal_onrd_boundary_to_active_bridge_ar_attempt_exact_route_coherence_refinement_target_actual_attempt_probe_summary.json,.json,386
p1103_current_strict_t173_t176_minimal_onrd_boundary_to_active_bridge_ar_attempt_exact_route_coherence_refinement_target_actual_realization_attempt_verdict_or_exact_route_coherence_witness_refinement_nonexport_audit_probe.json,.json,2259
p1103_current_strict_t173_t176_minimal_onrd_boundary_to_active_bridge_ar_attempt_exact_route_coherence_refinement_target_actual_realization_attempt_verdict_or_exact_route_coherence_witness_refinement_nonexport_audit_probe_summary.json,.json,566
p1104_current_strict_t173_t176_minimal_onrd_boundary_to_active_bridge_ar_attempt_exact_route_coherence_witness_refinement_target_probe.json,.json,1637
p1104_current_strict_t173_t176_minimal_onrd_boundary_to_active_bridge_ar_attempt_exact_route_coherence_witness_refinement_target_probe_summary.json,.json,365
p1105_current_strict_t173_t176_minimal_onrd_boundary_to_active_bridge_ar_attempt_exact_route_coherence_witness_refinement_target_actual_realization_nonexport_audit_probe.json,.json,2295
p1105_current_strict_t173_t176_minimal_onrd_boundary_to_active_bridge_ar_attempt_exact_route_coherence_witness_refinement_target_actual_realization_nonexport_audit_probe_summary.json,.json,619
p1106_current_strict_t173_t176_minimal_onrd_boundary_to_active_bridge_ar_attempt_exact_route_coherence_witness_refinement_target_actual_attempt_probe.json,.json,1660
p1106_current_strict_t173_t176_minimal_onrd_boundary_to_active_bridge_ar_attempt_exact_route_coherence_witness_refinement_target_actual_attempt_probe_summary.json,.json,394
p1107_current_strict_t173_t176_minimal_onrd_boundary_to_active_bridge_ar_attempt_exact_route_coherence_witness_refinement_target_actual_realization_attempt_verdict_or_exact_sharper_same_lane_route_coherence_witness_refinement_nonexport_audit_probe.json,.json,2392
p1107_current_strict_t173_t176_minimal_onrd_sharper_same_lane_rcw_audit_probe.json,.json,2392
p1107_current_strict_t173_t176_minimal_onrd_sharper_same_lane_rcw_audit_probe_summary.json,.json,628
p1108_current_strict_t173_t176_minimal_onrd_sharper_same_lane_rcw_target_probe.json,.json,1821
p1108_current_strict_t173_t176_minimal_onrd_sharper_same_lane_rcw_target_probe_summary.json,.json,383
p1109_current_strict_t173_t176_minimal_onrd_ssl_rcw_actual_audit_probe.json,.json,2479
p1109_current_strict_t173_t176_minimal_onrd_ssl_rcw_actual_audit_probe_summary.json,.json,713
p110_strict_side_theory_level_acceptance_verdict_probe_for_selector_requirement.json,.json,2060
p110_strict_side_theory_level_acceptance_verdict_probe_for_selector_requirement_summary.json,.json,956
p1110_current_strict_t173_t176_minimal_onrd_ssl_rcw_actual_attempt_probe.json,.json,1754
p1110_current_strict_t173_t176_minimal_onrd_ssl_rcw_actual_attempt_probe_summary.json,.json,412
p1111_current_strict_t173_t176_minimal_onrd_ssl_rcw_verdict_audit_probe.json,.json,2478
p1111_current_strict_t173_t176_minimal_onrd_ssl_rcw_verdict_audit_probe_summary.json,.json,646
p1112_current_strict_t173_t176_minimal_onrd_ssl_rcw_target_probe.json,.json,1990
p1112_current_strict_t173_t176_minimal_onrd_ssl_rcw_target_probe_summary.json,.json,476
p1113_current_strict_t173_t176_minimal_onrd_ssl_rcw_stagnation_audit_probe.json,.json,4274
p1113_current_strict_t173_t176_minimal_onrd_ssl_rcw_stagnation_audit_probe_summary.json,.json,739
p1114_current_strict_t173_t176_post_f970_onrd_to_f966_rejoin_audit_probe.json,.json,1423
p1114_current_strict_t173_t176_post_f970_onrd_to_f966_rejoin_audit_probe_summary.json,.json,359
p1115_current_strict_t173_t176_f966_selector_source_subroute_audit_probe.json,.json,2788
p1115_current_strict_t173_t176_f966_selector_source_subroute_audit_probe_summary.json,.json,700
p1116_current_strict_t173_t176_f972_to_f960_active_bridge_route_audit_probe.json,.json,2186
p1116_current_strict_t173_t176_f972_to_f960_active_bridge_route_audit_probe_summary.json,.json,617
p1117_current_strict_t173_t176_f973_f960_no_exported_live_nonsamelane_provider_audit_probe.json,.json,2043
p1117_current_strict_t173_t176_f973_f960_no_exported_live_nonsamelane_provider_audit_probe_summary.json,.json,554
p1118_current_strict_t173_t176_f974_f960_t178_chart_seed_candidate_admission_probe.json,.json,2736
p1118_current_strict_t173_t176_f974_f960_t178_chart_seed_candidate_admission_probe_summary.json,.json,688
p1119_current_strict_t173_t176_f975_f960_t178_candidate_actual_nonexport_audit_probe.json,.json,1884
p1119_current_strict_t173_t176_f975_f960_t178_candidate_actual_nonexport_audit_probe_summary.json,.json,659
p111_strict_side_theory_level_deferral_verdict_probe_for_selector_requirement.json,.json,2197
p111_strict_side_theory_level_deferral_verdict_probe_for_selector_requirement_summary.json,.json,778
p1120_current_strict_t173_t176_f975_f960_t178_actual_attempt_probe.json,.json,1659
p1120_current_strict_t173_t176_f975_f960_t178_actual_attempt_probe_summary.json,.json,667
p1121_current_strict_t173_t176_f975_f960_t178_actual_attempt_verdict_or_exact_further_lower_boundary_nonexport_audit_probe.json,.json,2320
p1121_current_strict_t173_t176_f975_f960_t178_actual_attempt_verdict_or_exact_further_lower_boundary_nonexport_audit_probe_summary.json,.json,921
p1122_current_strict_t173_t176_f975_f960_t178_actual_attempt_exact_further_lower_boundary_target_actual_realization_nonexport_audit_probe.json,.json,2478
p1122_current_strict_t173_t176_f975_f960_t178_actual_attempt_exact_further_lower_boundary_target_actual_realization_nonexport_audit_probe_summary.json,.json,1053
p1123_current_strict_t173_t176_f975_f960_t178_actual_attempt_exact_further_lower_boundary_target_actual_realization_attempt_probe.json,.json,1990
p1123_current_strict_t173_t176_f975_f960_t178_actual_attempt_exact_further_lower_boundary_target_actual_realization_attempt_probe_summary.json,.json,937
p1124_current_strict_t173_t176_f975_f960_t178_actual_attempt_exact_further_lower_boundary_target_actual_realization_attempt_verdict_or_exact_yet_further_lower_boundary_nonexport_audit_probe.json,.json,1974
p1124_current_strict_t173_t176_f975_f960_t178_actual_attempt_exact_further_lower_boundary_target_actual_realization_attempt_verdict_or_exact_yet_further_lower_boundary_nonexport_audit_probe_summary.json,.json,711
p1125_current_strict_t173_t176_f975_f960_t178_actual_attempt_exact_further_lower_boundary_target_actual_realization_attempt_exact_yet_further_lower_boundary_target_probe.json,.json,2843
p1125_current_strict_t173_t176_f975_f960_t178_actual_attempt_exact_further_lower_boundary_target_actual_realization_attempt_exact_yet_further_lower_boundary_target_probe_summary.json,.json,1402
p1126_current_strict_t173_t176_f975_f960_t178_actual_attempt_exact_further_lower_boundary_target_actual_realization_attempt_exact_yet_further_lower_boundary_target_actual_realization_attempt_probe.json,.json,2241
p1126_current_strict_t173_t176_f975_f960_t178_actual_attempt_exact_further_lower_boundary_target_actual_realization_attempt_exact_yet_further_lower_boundary_target_actual_realization_attempt_probe_summary.json,.json,1138
p1127_current_strict_t173_t176_s3_f966_f972_f960_source_side_oriented_memory_rule_target_admission_probe.json,.json,3235
p1127_current_strict_t173_t176_s3_f966_f972_f960_source_side_oriented_memory_rule_target_admission_probe_summary.json,.json,650
p1128_current_strict_t173_t176_s3_t332_f960_source_side_oriented_memory_rule_local_operator_form_target_admission_probe.json,.json,3501
p1128_current_strict_t173_t176_s3_t332_f960_source_side_oriented_memory_rule_local_operator_form_target_admission_probe_summary.json,.json,648
p1129_current_strict_t173_t176_s3_t333_f960_source_side_oriented_memory_rule_local_operator_form_target_actual_realization_nonexport_audit_probe.json,.json,2194
p1129_current_strict_t173_t176_s3_t333_f960_source_side_oriented_memory_rule_local_operator_form_target_actual_realization_nonexport_audit_probe_summary.json,.json,815
p112_current_legacy_to_strict_kernel_package_level_nonbridge_probe.json,.json,2208
p112_current_legacy_to_strict_kernel_package_level_nonbridge_probe_summary.json,.json,723
p1130_current_strict_t173_t176_s3_t333_f960_source_side_oriented_memory_rule_local_operator_form_target_actual_realization_attempt_export_audit_probe.json,.json,1666
p1130_current_strict_t173_t176_s3_t333_f960_source_side_oriented_memory_rule_local_operator_form_target_actual_realization_attempt_export_audit_probe_summary.json,.json,676
p1131_current_strict_t173_t176_s3_t334_f960_source_side_oriented_memory_rule_local_operator_form_target_actual_realization_attempt_verdict_or_exact_memory_state_hysteretic_pair12_action_operator_ansatz_nonexport_audit_probe.json,.json,2199
p1131_current_strict_t173_t176_s3_t334_f960_source_side_oriented_memory_rule_local_operator_form_target_actual_realization_attempt_verdict_or_exact_memory_state_hysteretic_pair12_action_operator_ansatz_nonexport_audit_probe_summary.json,.json,781
p1133_current_strict_t173_t176_existing_t331_t329_verdict_or_exact_even_further_lower_boundary_nonexport_audit_probe.json,.json,1970
p1133_current_strict_t173_t176_existing_t331_t329_verdict_or_exact_even_further_lower_boundary_nonexport_audit_probe_summary.json,.json,680
p1134_current_strict_t173_t176_existing_t337_actual_realization_nonexport_audit_probe.json,.json,2894
p1134_current_strict_t173_t176_existing_t337_actual_realization_nonexport_audit_probe_summary.json,.json,1451
p1135_current_strict_t173_t176_existing_t337_actual_realization_attempt_export_audit_probe.json,.json,2225
p1135_current_strict_t173_t176_existing_t337_actual_realization_attempt_export_audit_probe_summary.json,.json,1121
p1136_current_strict_t173_t176_existing_t338_t329_verdict_or_exact_yet_further_lower_boundary_nonexport_audit_probe.json,.json,2006
p1136_current_strict_t173_t176_existing_t338_t329_verdict_or_exact_yet_further_lower_boundary_nonexport_audit_probe_summary.json,.json,738
p1137_current_strict_t173_t176_existing_t339_actual_realization_nonexport_audit_probe.json,.json,3095
p1137_current_strict_t173_t176_existing_t339_actual_realization_nonexport_audit_probe_summary.json,.json,1654
p1138_current_strict_t173_t176_existing_t339_actual_realization_attempt_export_audit_probe.json,.json,2892
p1138_current_strict_t173_t176_existing_t339_actual_realization_attempt_export_audit_probe_summary.json,.json,1676
p1139_current_strict_t173_t176_existing_t340_t329_verdict_or_exact_yet_further_lower_boundary_nonexport_audit_probe.json,.json,2989
p1139_current_strict_t173_t176_existing_t340_t329_verdict_or_exact_yet_further_lower_boundary_nonexport_audit_probe_summary.json,.json,1578
p113_current_strict_core_internal_selector_source_derivation_discharge_probe.json,.json,2862
p113_current_strict_core_internal_selector_source_derivation_discharge_probe_summary.json,.json,750
p1140_current_strict_t173_t176_existing_t341_actual_realization_nonexport_audit_probe.json,.json,3402
p1140_current_strict_t173_t176_existing_t341_actual_realization_nonexport_audit_probe_summary.json,.json,1961
p1141_current_strict_t173_t176_existing_t341_actual_realization_attempt_export_audit_probe.json,.json,3447
p1141_current_strict_t173_t176_existing_t341_actual_realization_attempt_export_audit_probe_summary.json,.json,2231
p1142_current_strict_t173_t176_existing_t342_t329_verdict_or_exact_yet_further_lower_boundary_nonexport_audit_probe.json,.json,3123
p1142_current_strict_t173_t176_existing_t342_t329_verdict_or_exact_yet_further_lower_boundary_nonexport_audit_probe_summary.json,.json,1712
p1143_current_strict_t173_t176_existing_t343_actual_realization_nonexport_audit_probe.json,.json,3603
p1143_current_strict_t173_t176_existing_t343_actual_realization_nonexport_audit_probe_summary.json,.json,2162
p1146_strict_shannon_selector_candidate_grid_nonclosure_probe_summary.json,.json,877
p1147_strict_selector_obstruction_location_probe_summary.json,.json,1392
p1148_strict_phase_shifted_selector_family_probe_summary.json,.json,1472
p1149_strict_selector_probe_reproducibility_audit_summary.json,.json,507
p114_selector_requirement_theory_level_decision_rerun_after_acceptance_packet.json,.json,1463
p114_selector_requirement_theory_level_decision_rerun_after_acceptance_packet_summary.json,.json,516
p1150_candidate_input_example.json,.json,226
p1150_strict_premise_admissibility_gate_summary.json,.json,991
p1151_strict_selector_pipeline_runner_summary.json,.json,2598
p1152_candidate_input_fail_example.json,.json,213
p1152_candidate_input_fail_example_p1158_repaired.json,.json,212
p1152_candidate_registry_example.json,.json,276
p1152_safe_margin_shortlist.json,.json,901
p1152_strict_candidate_registry_runner_summary.json,.json,1950
p1153_strict_candidate_quality_ranking_summary.json,.json,880
p1157_failure_stage_repair_planner_summary.json,.json,1047
p1158_stage0_repair_loop_executor_summary.json,.json,837
p1159_stage12_repair_explorer_summary.json,.json,1838
p115_current_admissible_strict_core_internal_selector_source_object_probe.json,.json,2256
p115_current_admissible_strict_core_internal_selector_source_object_probe_summary.json,.json,540
p1160_candidate_registry_stage12.json,.json,267
p1160_candidate_stage1_fail.json,.json,278
p1160_candidate_stage1_fail_p1159_stage12_variant.json,.json,282
p1160_candidate_stage2_fail.json,.json,275
p1160_candidate_stage2_fail_p1159_stage12_variant.json,.json,279
p1161_candidate_physical_a.json,.json,291
p1161_candidate_physical_b.json,.json,291
p1161_candidate_probe_sweep_summary.json,.json,1050
p1161_candidate_registry_physical.json,.json,265
p1162_local_parameter_grid_sweep_summary.json,.json,2686
p1163_targeted_phase_corridor_sweep_summary.json,.json,2679
p1164_nonphase_damping_class_probe_summary.json,.json,1684
p1165_asymmetric_selector_term_probe_summary.json,.json,2017
p1166_sigma_kappa_sweep_summary.json,.json,2244
p1167_stability_extension_probe_summary.json,.json,530
p1168_asymmetric_term_semantic_admissibility_summary.json,.json,871
p1169_candidate_registry_top.json,.json,149
p1169_candidate_top_from_p1166.json,.json,335
p1169_e2e_candidate_integration_summary.json,.json,2717
p116_future_strict_core_internal_selector_source_object_target_probe.json,.json,1706
p116_future_strict_core_internal_selector_source_object_target_probe_summary.json,.json,669
p1170_neighbor_1.json,.json,336
p1170_neighbor_2.json,.json,351
p1170_neighbor_3.json,.json,336
p1170_neighbor_4.json,.json,351
p1170_neighbor_5.json,.json,335
p1170_neighbor_candidate_e2e_screen_summary.json,.json,2138
p1171_out_of_locality_robustness_probe_summary.json,.json,447
p1172_safe_operating_region_summary.json,.json,512
p1174_candidate_outside_safe_region.json,.json,333
p1174_safe_region_filter_demo_summary.json,.json,803
p1174_safe_region_gate_summary.json,.json,354
p1175_mixed_registry.json,.json,264
p1177_shortlist_consistency_check_summary.json,.json,513
p1178_robustness_threshold_sensitivity_scan_summary.json,.json,1226
p1179_targeted_out_of_locality_uplift_scan_summary.json,.json,1687
p117_initial_future_strict_core_selector_source_seed_target_probe.json,.json,1594
p117_initial_future_strict_core_selector_source_seed_target_probe_summary.json,.json,704
p1180_e2e_candidate_delta_comparison_summary.json,.json,949
p1181_multithreshold_delta_curve_summary.json,.json,4131
p1182_robustness_band_lock_check_summary.json,.json,593
p1183_candidate_promotion_gate_summary.json,.json,406
p1184_promoted_candidate_registry.json,.json,135
p1184_promotion_execution_and_certification_summary.json,.json,1440
p1185_post_certification_drift_check_summary.json,.json,2324
p1186_post_certification_stability_rate_summary.json,.json,717
p1187_stability_stress_profile_matrix_summary.json,.json,1760
p1188_promotion_envelope_check_summary.json,.json,778
p1189_final_promotion_contract_summary.json,.json,467
p118_initial_source_admission_and_orientation_export_contract_probe.json,.json,3010
p118_initial_source_admission_and_orientation_export_contract_probe_summary.json,.json,1723
p1190_strict_promotion_nonclosure_guard_summary.json,.json,281
p1192_selector_premise_witness_map_summary.json,.json,1601
p1193_w4_defect_zero_witness_attempt_summary.json,.json,368
p1194_w4_symbolic_certificate_scaffold_summary.json,.json,592
p1195_w4_symbolic_engine_placeholder_summary.json,.json,330
p1196_w4_symbolic_ledger_template_summary.json,.json,916
p1197_w4_symbolic_trace_executor_stub_summary.json,.json,859
p1198_w4_partial_symbolic_backend_probe_summary.json,.json,378
p1199_w4_backend_adapter_contract_summary.json,.json,703
p119_first_source_seed_construction_target_probe.json,.json,2123
p119_first_source_seed_construction_target_probe_summary.json,.json,1190
p11_existing_kernel_feedback_to_explicit_h3_chain_factorization_map_probe.json,.json,6312
p11_existing_kernel_feedback_to_explicit_h3_chain_factorization_map_probe_summary.json,.json,1941
p1200_w4_backend_adapter_minimal_impl_summary.json,.json,510
p1201_w4_trace_hash_probe_summary.json,.json,507
p1202_w4_cas_expand_bridge_probe_summary.json,.json,360
p1203_w4_no_cas_mode_classifier_summary.json,.json,356
p1204_w4_provider_fallback_matrix_summary.json,.json,555
p1205_w4_sympy_cas_runner_summary.json,.json,625
p1206_p1205_artifact_validator_summary.json,.json,484
p1209_symbolic_attempt_gate_open_summary.json,.json,613
p120_minimal_strict_core_source_seed_construction_contract_probe.json,.json,1981
p120_minimal_strict_core_source_seed_construction_contract_probe_summary.json,.json,1159
p1210_controlled_w4_symbolic_attempt_summary.json,.json,392
p1212_p1205_trace_provenance_seal_summary.json,.json,629
p1213_external_cas_certificate_contract_summary.json,.json,569
p1215_p1209_provisional_summary.json,.json,489
p1215_p1209_strict_summary.json,.json,476
p1215_p1210_provisional_summary.json,.json,391
p1215_p1210_strict_summary.json,.json,392
p1215_w4_gate_mode_comparison_summary.json,.json,518
p1217_p1209_strict_assumed_summary.json,.json,552
p1217_p1210_strict_assumed_summary.json,.json,391
p1217_strict_assumed_w4_controlled_attempt_summary.json,.json,391
p1219_p1205_minimal_ready_artifact.json,.json,426
p1219_p1209_gate_summary.json,.json,613
p1219_p1210_attempt_summary.json,.json,388
p1219_p1212_seal_summary.json,.json,630
p1219_w4_execution_checkpoint_summary.json,.json,482
p121_future_strict_core_source_seed_precursor_route_probe.json,.json,1828
p121_future_strict_core_source_seed_precursor_route_probe_summary.json,.json,985
p1221_post_w4_discharge_continuation_summary.json,.json,382
p1222_next_witness_attack_planner_summary.json,.json,926
p1223_w1_execution_summary.json,.json,1003
p1223_w1_input_payload.json,.json,655
p1224_w1_artifact_binding_summary.json,.json,633
p1225_w1_binding_summary.json,.json,637
p1225_w1_execution_summary.json,.json,1035
p1225_w1_input_payload_with_strict_ref_stub.json,.json,750
p1225_w1_strict_ref_stub_checkpoint_summary.json,.json,393
p1226_w1_binding_summary.json,.json,637
p1226_w1_execution_summary.json,.json,1035
p1226_w1_reference_tier_summary.json,.json,434
p1227_w1_binding_summary.json,.json,637
p1227_w1_execution_summary.json,.json,1033
p1227_w1_input_payload_real_candidate_ref.json,.json,755
p1227_w1_real_candidate_run_summary.json,.json,433
p1227_w1_reference_tier_summary.json,.json,449
p1228_w1_real_candidate_evidence_note_summary.json,.json,724
p1229_w1_minimal_proof_packet_index.json,.json,355
p1229_w1_minimal_proof_packet_index_summary.json,.json,528
p122_first_source_seed_candidate_construction_instance_probe.json,.json,2880
p122_first_source_seed_candidate_construction_instance_probe_summary.json,.json,1798
p1230_w1_section_completeness_and_symmetry_summary.json,.json,872
p1231_w1_execution_summary.json,.json,1044
p1231_w1_input_payload_nonstrict_axiom_scenario.json,.json,653
p1231_w1_nonstrict_axiom_scenario_summary.json,.json,445
p1232_w1_strict_vs_nonstrict_comparative_summary.json,.json,848
p1233_w1_strict_lane_readiness_gate_summary.json,.json,417
p1234_w1_strict_lane_artifact_freeze_note_summary.json,.json,679
p1235_w1_frozen_set_consistency_summary.json,.json,1482
p1236_w1_index_schema_repair_summary.json,.json,373
p1237_w1_frozen_baseline_lock_report_summary.json,.json,1699
p1238_w1_strict_formalization_entry_gate_summary.json,.json,2236
p1239_w1_strict_formal_step0_scaffold.json,.json,803
p1239_w1_strict_formal_step0_scaffold_summary.json,.json,409
p123_first_source_seed_admissibility_upgrade_target_probe.json,.json,3973
p123_first_source_seed_admissibility_upgrade_target_probe_summary.json,.json,2887
p1240_w1_strict_statement_fill_summary.json,.json,323
p1241_w1_strict_step0_content_draft_summary.json,.json,300
p1242_w1_strict_assumption_trace_summary.json,.json,984
p1243_w1_strict_statement_consistency_summary.json,.json,502
p1244_w1_strict_formal_step0_sanity_summary.json,.json,1259
p1245_w1_strict_step1_inference_summary.json,.json,651
p1246_w1_strict_step2_chain_summary.json,.json,543
p1247_w1_step3_countercheck_summary.json,.json,482
p1248_w1_step4_formal_chain_extension_summary.json,.json,524
p1249_w1_step5_obstruction_interface_summary.json,.json,725
p124_first_source_seed_genuinely_new_strict_core_object_clause_probe.json,.json,2116
p124_first_source_seed_genuinely_new_strict_core_object_clause_probe_summary.json,.json,1264
p1250_w1_strict_uniqueness_witness_candidate_summary.json,.json,1080
p1251_w1_candidate_to_theorem_promotion_summary.json,.json,1214
p1252_w1_proof_obligation_discharge_matrix_summary.json,.json,1239
p1253_l1_discharge_attempt_summary.json,.json,1775
p1254_l2_discharge_attempt_summary.json,.json,1999
p1255_bridge_or_nonbridge_decision_gate_summary.json,.json,1111
p1256_bridge_nonbridge_theorem_spec_summary.json,.json,1599
p1258_strict_only_operational_lane_commitment_summary.json,.json,840
p1259_strict_only_prediction_risk_ledger_summary.json,.json,1347
p125_genuinely_new_strict_core_source_object_clause_probe_for_s_sel_int_candidate_seed_v0.json,.json,2110
p125_genuinely_new_strict_core_source_object_clause_probe_for_s_sel_int_candidate_seed_v0_summary.json,.json,670
p1260_strict_only_benchmark_execution_summary.json,.json,1298
p1261_strict_only_uncertainty_decomposition_summary.json,.json,1334
p1262_strict_only_external_replication_pack_summary.json,.json,1177
p1263_local_closure_readiness_summary.json,.json,591
p1265_strict_core_symmetry_breaking_source_theorem_scaffold_summary.json,.json,1379
p1266_strict_core_sb1_hypothesis_discharge_matrix_summary.json,.json,1834
p1267_strict_core_sb1_h2_exclusion_theorem_summary.json,.json,1177
p1268_strict_core_sb1_qw2191_compatibility_theorem_summary.json,.json,1168
p1269_strict_core_sb1_qw2191_nondegeneracy_lemma_summary.json,.json,960
p126_future_genuinely_new_source_object_lift_bind_target_probe.json,.json,2082
p126_future_genuinely_new_source_object_lift_bind_target_probe_summary.json,.json,1275
p1270_strict_core_qw2191_full_obstruction_bound_proof_summary.json,.json,938
p1271_strict_core_epsilon_derivation_theorem_summary.json,.json,1028
p1272_strict_core_epsilon_formal_proof_and_symbolic_verifier_summary.json,.json,908
p1273_strict_core_d2_symbolic_completion_and_proof_promotion_summary.json,.json,911
p1273_strict_core_d2_symbolic_trace_v1.json,.json,300
p1274_strict_core_independent_second_pass_symbolic_audit_summary.json,.json,796
p1275_strict_kernel_only_scope_and_legacy_historical_only_summary.json,.json,846
p1276_strict_core_local_closure_motion_packet_summary.json,.json,801
p1277_qw2191_full_closure_theorem_attempt_summary.json,.json,753
p1278_qw2191_obstruction_resolution_design_summary.json,.json,938
p1279_qw2191_r1_completeness_theorem_summary.json,.json,753
p127_first_future_genuinely_new_source_object_lift_bind_attempt_probe.json,.json,2318
p127_first_future_genuinely_new_source_object_lift_bind_attempt_probe_summary.json,.json,1436
p1280_qw2191_r2_bound_transport_checkpoint_summary.json,.json,1027
p1281_qw2191_r2_o1_common_gauge_transport_summary.json,.json,1311
p1282_qw2191_r2_o2_mismatch_control_lemma_summary.json,.json,1012
p1283_qw2191_r2_o3_machine_checkable_certificate_summary.json,.json,1046
p1284_qw2191_r3_independent_audit_and_replication_summary.json,.json,791
p1285_qw2191_r4_strict_selector_source_identification_summary.json,.json,984
p1286_qw2191_r5_selector_nonuniqueness_exclusion_attempt_summary.json,.json,860
p1287_qw2191_r6_new_observable_provider_or_axiom_tagged_extension_summary.json,.json,1048
p1288_qw2191_r7_provider_validation_and_selector_split_test_summary.json,.json,912
p1289_qw2191_r8_new_data_or_formal_strengthening_summary.json,.json,1086
p128_first_future_constructed_source_object_realization_target_probe.json,.json,2375
p128_first_future_constructed_source_object_realization_target_probe_summary.json,.json,1454
p1290_qw2191_r8a_data_acquisition_protocol_v2_summary.json,.json,786
p1291_qw2191_r8a_execution_and_margin_reevaluation_summary.json,.json,685
p1292_qw2191_r8b_selector_split_rerun_with_updated_margin_summary.json,.json,692
p1293_qw2191_r9_formal_selector_source_theorem_draft_summary.json,.json,829
p1294_qw2191_r10_formal_proof_chain_and_countermodel_sweep_summary.json,.json,886
p1295_qw2191_r11_formal_proof_completion_and_peer_replay_summary.json,.json,849
p1296_qw2191_r12_strict_selector_closure_motion_review_summary.json,.json,841
p1297_qw2191_r13_governance_theorem_interface_preparation_summary.json,.json,880
p1298_qw2191_r14_b1_nb1_interface_theorem_draft_summary.json,.json,1288
p1299_qw2191_r15_axiom_tagged_closure_policy_summary.json,.json,877
p129_first_future_constructed_source_object_realization_attempt_probe.json,.json,2380
p129_first_future_constructed_source_object_realization_attempt_probe_summary.json,.json,1451
p12_existing_kernel_feedback_factorization_rerun_after_host_carrier_packet.json,.json,5815
p12_existing_kernel_feedback_factorization_rerun_after_host_carrier_packet_summary.json,.json,1241
p1300_qw2191_r16_nonbridge_separation_scope_and_limit_theorem_summary.json,.json,942
p1301_qw2191_r17_nb1_formal_nontransfer_theorem_draft_summary.json,.json,1173
p1302_qw2191_r18_nb1_nontransfer_obligation_matrix_and_proof_sketch_summary.json,.json,1286
p1303_qw2191_r19_nb1_nontransfer_lemma_pack_v1_summary.json,.json,907
p1304_qw2191_r20_nb1_nontransfer_lemma_proof_attempt_batch_1_summary.json,.json,800
p1305_qw2191_r21_nb1_lemma_gap_closure_provider_and_invariant_packet_summary.json,.json,1006
p1306_qw2191_r22_nb1_nontransfer_lemma_proof_attempt_batch_2_summary.json,.json,864
p1307_qw2191_r23_nb1_conditional_to_strict_pass_conversion_protocol_summary.json,.json,873
p1308_qw2191_r24_nb1_exotic_class_sweep_and_final_lemma_status_summary.json,.json,685
p1309_qw2191_r25_nb1_formal_closure_statement_and_export_packet_summary.json,.json,1042
p130_first_future_constructed_source_object_realization_verdict_target_probe.json,.json,2446
p130_first_future_constructed_source_object_realization_verdict_target_probe_summary.json,.json,1537
p1310_qw2191_r26_nb1_postclosure_independent_replay_audit_summary.json,.json,667
p1311_qw2191_r27_nb1_archival_and_external_disclosure_packet_summary.json,.json,509
p1317_o34_counterexample_sweep_report_v1.json,.json,2263
p1318_o35_independent_replay_adversarial_audit_report_v1.json,.json,2020
p1319_o3_final_residual_slot_neutrality_probe_report_v1.json,.json,1347
p131_first_future_constructed_source_object_realization_verdict_branch_probe.json,.json,2981
p131_first_future_constructed_source_object_realization_verdict_branch_probe_summary.json,.json,1739
p1320_premise_augmented_selector_law_probe_report_v1.json,.json,1410
p1321_strictification_feasibility_audit_report_v1.json,.json,792
p1322_internal_selector_source_construction_probe_report_v1.json,.json,836
p1323_falsification_robustness_battery_report_v1.json,.json,1867
p1324_candidate_v3_construction_and_gate_report_v1.json,.json,515
p1325_balanced_v4_gate_revision_and_probe_report_v1.json,.json,3501
p1326_v4_replay_adversarial_reintegration_report_v1.json,.json,952
p1327_o3_exclusion_theorem_obligation_checker_report_v1.json,.json,502
p1328_formal_export_registry_report_v1.json,.json,426
p1329_residual_loophole_elimination_proof_attempt_report_v1.json,.json,421
p132_current_failure_verdict_discharge_probe_for_s_sel_int_realization_attempt.json,.json,1968
p132_current_failure_verdict_discharge_probe_for_s_sel_int_realization_attempt_summary.json,.json,822
p1330_boundary_layer_elimination_attempt_report_v1.json,.json,455
p1331_structural_boundary_resolution_attempt_report_v1.json,.json,441
p1332_curvature_aware_boundary_suppression_attempt_report_v1.json,.json,468
p1333_branch_admissibility_axiom_test_report_v1.json,.json,427
p1334_strict_derivation_attempt_for_a_branch_v1_report_v1.json,.json,472
p1335_internal_source_construction_for_a_branch_v1_report_v1.json,.json,425
p1336_internal_source_v2_tiebreak_family_search_report_v1.json,.json,473
p1337_full_o3_checker_refresh_report_v1.json,.json,415
p1338_global_l2_export_final_attempt_report_v1.json,.json,299
p1339_independent_external_replication_packet_report_v1.json,.json,382
p133_current_success_verdict_discharge_probe_for_s_sel_int_realization_attempt.json,.json,2081
p133_current_success_verdict_discharge_probe_for_s_sel_int_realization_attempt_summary.json,.json,719
p1340_p1340_report_v1.json,.json,304
p1341_p1341_report_v1.json,.json,327
p1342_p1342_report_v1.json,.json,279
p1343_p1343_report_v1.json,.json,340
p1344_p1344_report_v1.json,.json,350
p1344_strict_internal_source_adversarial_cases_v1.csv,.csv,1387589
p1344_strict_internal_source_adversarial_cases_v1_summary.json,.json,608
p1345_p1345_report_v1.json,.json,332
p1346_p1346_report_v1.json,.json,316
p1347_p1347_report_v1.json,.json,298
p1348_p1348_report_v1.json,.json,309
p1349_p1349_report_v1.json,.json,324
p134_current_admissibility_branch_discharge_probe_for_future_constructed_source_object.json,.json,1877
p134_current_admissibility_branch_discharge_probe_for_future_constructed_source_object_summary.json,.json,665
p134x_evidence_chain_manifest_v1.json,.json,585
p134x_evidence_chain_table_v1.csv,.csv,1131
p1352_qw2191_nb_r81_single_scale_extraction_trial_contract_summary.json,.json,896
p1353_r81_nb_qw2191_residual_table_summary.json,.json,1091
p1353_r81_nb_qw2191_trial_inputs_template.csv,.csv,160
p1353b_r81_nb_dual_replay_consistency_summary.json,.json,2226
p1353b_team_a_inputs.csv,.csv,160
p1353b_team_b_inputs.csv,.csv,160
p1357_r81_physical_value_diagnostic_summary.json,.json,770
p1358_kernel_predicted_values.csv,.csv,126
p1358_kernel_value_generator_summary.json,.json,648
p1358_reference_observed_values.csv,.csv,186
p1358_residual_input.csv,.csv,261
p1358_residual_table_summary.json,.json,1275
p135_current_orientation_export_branch_discharge_probe.json,.json,1601
p135_current_orientation_export_branch_discharge_probe_summary.json,.json,586
p1361_far_constant_claims_scoreboard_summary.json,.json,2221
p1362_strict_candidate_residual_benchmark_summary.json,.json,1673
p1363_upgrade_gate_and_blocker_registry_summary.json,.json,660
p1367_hebbian_mode_gain_test_summary.json,.json,2578
p1367b_postrun_governance_loop_summary.json,.json,1114
p1368_gain_suppress_sweep_summary.json,.json,5721
p1369_external_review_vs_far_bridge_status_summary.json,.json,1897
p136_current_downstream_completion_branch_discharge_probe.json,.json,1518
p136_current_downstream_completion_branch_discharge_probe_summary.json,.json,514
p1370_bridge_evidence_compiler_summary.json,.json,2080
p1372_b1_assumption_register_summary.json,.json,869
p1373_b1_theorem_or_obstruction_summary.json,.json,750
p1374_l_b1_01_operator_construction_attempt_summary.json,.json,699
p1375_l_b1_02_scale_scheme_transport_invariance_attempt_summary.json,.json,648
p1376_ci_coefficient_class_schema_v1.json,.json,388
p1376_full_ci_export_for_ci_coefficient_class_summary.json,.json,568
p1377_ci_class_population_and_first_transport_drift_run_summary.json,.json,890
p1378_cmix_population_and_epsilon_transport_freeze_summary.json,.json,566
p1379_first_full_l_b1_02_formal_pass_fail_run_summary.json,.json,715
p137_next_positive_move_class_reduction_probe.json,.json,1538
p137_next_positive_move_class_reduction_probe_summary.json,.json,646
p1380_l_b1_01_su3_su2_u1_image_closure_theorem_attempt_summary.json,.json,627
p1382_strict_only_cmix_commutator_atlas_independence_attempt_summary.json,.json,670
p1383_strict_only_cmix_commutator_globalization_attempt_summary.json,.json,874
p1384_strict_only_selector_compatibility_discharge_attempt_summary.json,.json,673
p1385_strict_only_l_b1_03_export_attempt_summary.json,.json,770
p1386_strict_only_counterexample_ce4_ce6_resolution_attempt_summary.json,.json,618
p1387_strict_only_ce6_reparametrization_obstruction_or_discharge_summary.json,.json,714
p1388_strict_only_ce6_sign_stability_patch_refinement_attempt_summary.json,.json,620
p1389_strict_only_ce6_adaptive_boundary_reweight_attempt_summary.json,.json,623
p138_first_future_genuinely_additive_source_object_construction_attempt_probe.json,.json,1564
p138_first_future_genuinely_additive_source_object_construction_attempt_probe_summary.json,.json,650
p1390_strict_only_ce6_epsilon_robustness_sweep_summary.json,.json,604
p1391_strict_only_ce6_formal_obstruction_theorem_export_summary.json,.json,817
p1392_strict_only_new_provider_class_anchor_design_summary.json,.json,682
p1393_strict_only_pc2_first_sign_stability_and_selector_drift_run_summary.json,.json,664
p1394_strict_only_pc2_selector_drift_suppression_run_summary.json,.json,677
p1395_strict_only_pc2_drift_epsilon_edge_robustness_run_summary.json,.json,658
p1396_strict_only_pc2_drift_local_obstruction_export_and_pc3_design_trigger_summary.json,.json,517
p1397_strict_only_pc3_provider_baseline_design_summary.json,.json,555
p1398_strict_only_pc3_first_dual_metric_run_summary.json,.json,536
p1399_strict_only_pc3_selector_drift_targeted_suppression_run_summary.json,.json,456
p139_first_future_genuinely_additive_source_object_construction_attempt_instance_probe.json,.json,1736
p139_first_future_genuinely_additive_source_object_construction_attempt_instance_probe_summary.json,.json,733
p13_existing_kernel_feedback_factorization_rerun_after_host_to_control_pushforward_packet.json,.json,7030
p13_existing_kernel_feedback_factorization_rerun_after_host_to_control_pushforward_packet_summary.json,.json,1130
p1400_strict_only_pc3_edge_robustness_sweep_summary.json,.json,530
p1401_strict_only_pc3_drift_local_obstruction_export_and_pc4_trigger_summary.json,.json,463
p1402_strict_only_pc4_provider_baseline_design_summary.json,.json,572
p1403_strict_only_pc4_first_dual_metric_run_summary.json,.json,476
p1404_strict_only_pc4_selector_drift_targeted_suppression_run_summary.json,.json,456
p1405_strict_only_pc4_edge_robustness_sweep_summary.json,.json,530
p1406_strict_only_pc4_drift_local_obstruction_export_and_pc5_trigger_summary.json,.json,463
p1407_strict_only_pc5_provider_baseline_design_summary.json,.json,563
p1408_strict_only_pc5_first_dual_metric_run_summary.json,.json,453
p1409_strict_only_pc5_edge_robustness_sweep_summary.json,.json,530
p140_first_future_additive_construction_attempt_verdict_target_probe.json,.json,1638
p140_first_future_additive_construction_attempt_verdict_target_probe_summary.json,.json,635
p1410_strict_only_pc5_drift_local_obstruction_export_and_pc6_trigger_summary.json,.json,463
p1411_strict_only_pc6_provider_baseline_design_summary.json,.json,565
p1412_sst1_strict_selector_source_summary.json,.json,1218
p1413_sst1b_dual_replay_selector_consistency_summary.json,.json,831
p1413_sst1b_team_a_selector_map_v1.csv,.csv,90
p1413_sst1b_team_b_selector_map_v1.csv,.csv,90
p1414_selector_obstruction_v1.json,.json,379
p1414_sst1c_transport_robustness_summary.json,.json,1193
p1415_pc7_noncyclic_provider_design_summary.json,.json,1066
p1416_pc7_first_transport_run_summary.json,.json,927
p1416_pc7_margin_obstruction_v1.json,.json,300
p1417_pc8_noncyclic_selector_margin_amplifier_design_summary.json,.json,816
p1418_pc8_first_transport_and_replay_run_summary.json,.json,913
p1418_pc8_replay_gap_obstruction_v1.json,.json,296
p1419_pc8_replay_stabilizer_v2_noncyclic_design_summary.json,.json,786
p141_first_future_additive_construction_attempt_verdict_branch_probe.json,.json,1894
p141_first_future_additive_construction_attempt_verdict_branch_probe_summary.json,.json,703
p1420_pc8_replay_stabilizer_v2_first_run_summary.json,.json,904
p1421_strict_selector_uniqueness_discharge_precheck_summary.json,.json,724
p1421_uniqueness_obstruction_v1.json,.json,358
p1422_certificate_construction_summary.json,.json,651
p1423_discharge_argument_construction_summary.json,.json,693
p1424_proof_graph_closure_summary.json,.json,666
p1424_proof_graph_obstruction_v1.json,.json,336
p1425_global_selector_source_closure_summary.json,.json,641
p1426_closure_edge_stabilization_summary.json,.json,668
p1427_replay_regression_targeted_suppression_summary.json,.json,664
p1429_strict_selector_source_constructor_summary.json,.json,783
p142_current_failure_verdict_discharge_probe_for_additive_construction_attempt.json,.json,1243
p142_current_failure_verdict_discharge_probe_for_additive_construction_attempt_summary.json,.json,514
p1430_strict_internal_selector_source_explicit_constructor_summary.json,.json,995
p1431_qw2191_release81_closure_status_clarification_summary.json,.json,515
p1432_pass_scope_semantics_hardening_summary.json,.json,784
p1433_pass_scope_retrofit_audit_summary.json,.json,4638
p1434_pass_scope_retrofit_apply_summary.json,.json,1829
p1435_pass_scope_enforcement_gate_summary.json,.json,485
p1438_strict_route_precheck_gate_summary.json,.json,532
p1439_strict_internal_selector_source_v2_summary.json,.json,872
p143_current_success_verdict_discharge_probe_for_additive_construction_attempt.json,.json,1471
p143_current_success_verdict_discharge_probe_for_additive_construction_attempt_summary.json,.json,514
p1440_strict_internal_selector_source_v3_asymmetry_operator_summary.json,.json,852
p1441_selector_source_bifurcation_summary.json,.json,827
p1442_branch_a_v4_strict_selector_source_summary.json,.json,880
p1443_branch_b_non_strict_selector_premise_summary.json,.json,815
p1444_branch_b_conditional_projection_check_summary.json,.json,658
p1446_s1_selector_margin_monotonicity_summary.json,.json,522
p1447_s2_transport_robustness_summary.json,.json,916
p1447_s2_transport_scenarios_input.json,.json,674
p1448_s3_chain_consistency_certificate_summary.json,.json,401
p1449_s4_first_obstruction.json,.json,203
p1449_s4_stress_scenarios_input.json,.json,528
p1449_s4_stress_summary.json,.json,271
p144_current_additive_post_verdict_admissibility_branch_discharge_probe_summary.json,.json,1438
p1450_s41_noncyclic_remediation_proposal.json,.json,350
p1450_s41_noncyclic_remediation_summary.json,.json,167
p1451_s42_targeted_rerun_summary.json,.json,461
p1452_s43_holdout_input.json,.json,410
p1452_s43_holdout_obstruction.json,.json,190
p1452_s43_holdout_summary.json,.json,197
p1453_s44_h2_remediation_proposal.json,.json,204
p1453_s44_h2_rerun_summary.json,.json,364
p145_current_additive_orientation_export_branch_discharge_probe_summary.json,.json,1452
p146_current_additive_downstream_completion_branch_discharge_probe_summary.json,.json,1474
p147_current_light_matter_emergent_observer_information_deficit_probe_summary.json,.json,1727
p148_current_selector_construction_stop_condition_probe_summary.json,.json,1338
p149_current_selector_construction_handoff_probe_summary.json,.json,884
p14_existing_kernel_feedback_factorization_rerun_after_current_pair_chart_reduction_packet.json,.json,6340
p14_existing_kernel_feedback_factorization_rerun_after_current_pair_chart_reduction_packet_summary.json,.json,894
p150_current_future_additive_upstream_source_work_contract_probe_summary.json,.json,1061
p151_first_contract_compliant_additive_upstream_source_target_probe_summary.json,.json,942
p152_first_contract_compliant_additive_upstream_source_construction_attempt_probe_summary.json,.json,1045
p153_first_contract_compliant_additive_upstream_source_construction_attempt_verdict_target_probe_summary.json,.json,1176
p154_first_contract_compliant_additive_upstream_source_construction_attempt_verdict_branch_probe_summary.json,.json,965
p155_current_failure_verdict_discharge_probe_for_fixed_first_contract_compliant_additive_attempt_summary.json,.json,1142
p156_current_success_verdict_discharge_probe_for_fixed_first_contract_compliant_additive_attempt_summary.json,.json,1139
p157_current_contract_compliant_post_verdict_admissibility_branch_discharge_probe_summary.json,.json,1676
p158_current_contract_compliant_orientation_export_branch_discharge_probe_summary.json,.json,1620
p159_current_contract_compliant_downstream_completion_branch_discharge_probe_summary.json,.json,1602
p15_existing_kernel_feedback_intertwiner_equality_witness_probe.json,.json,7052
p15_existing_kernel_feedback_intertwiner_equality_witness_probe_summary.json,.json,1660
p160_current_first_preobserver_light_matter_source_provider_class_target_probe_summary.json,.json,1753
p161_current_preobserver_light_matter_asymmetric_provider_packet_consistency_probe_summary.json,.json,2341
p162_current_first_preobserver_light_matter_source_object_target_probe_summary.json,.json,1973
p163_current_additive_preobserver_source_object_construction_attempt_probe_summary.json,.json,2293
p164_current_additive_preobserver_source_object_admissibility_upgrade_target_probe_summary.json,.json,1867
p165_first_additive_preobserver_source_object_genuinely_new_strict_core_object_clause_probe_summary.json,.json,1615
p166_genuinely_new_strict_core_source_object_clause_probe_for_s_prelm_additive_candidate_v1_summary.json,.json,1841
p167_current_additive_preobserver_source_object_nonreduction_probe_summary.json,.json,1131
p168_current_additive_preobserver_source_object_first_clause_remainder_probe_summary.json,.json,1193
p169_first_admissibility_clause_rerun_after_strict_core_export_probe_summary.json,.json,2256
p16_existing_kernel_feedback_legacy_chart_reduced_operator_export_probe.json,.json,13622
p16_existing_kernel_feedback_legacy_chart_reduced_operator_export_probe_summary.json,.json,3643
p170_second_admissibility_clause_rerun_after_carrier_typing_probe_summary.json,.json,1727
p171_third_admissibility_clause_rerun_after_source_seed_only_packet_summary.json,.json,1310
p172_fourth_admissibility_clause_rerun_after_strict_core_only_packet_summary.json,.json,1223
p173_fifth_admissibility_clause_rerun_after_kernel_split_safety_packet_summary.json,.json,1325
p174_sixth_admissibility_clause_rerun_after_selector_acceptance_independence_packet_summary.json,.json,1689
p175_seventh_admissibility_clause_rerun_after_future_bridge_compatibility_packet_summary.json,.json,1842
p176_current_exported_preobserver_source_object_orientation_export_probe_summary.json,.json,1596
p177_current_exported_preobserver_selector_bridge_operator_probe_summary.json,.json,1757
p178_current_exported_preobserver_selector_reduction_operator_probe_summary.json,.json,1766
p179_current_exported_preobserver_selector_output_operator_probe_summary.json,.json,1701
p17_existing_kernel_feedback_host_to_concrete_psi_block_identification_probe.json,.json,6445
p17_existing_kernel_feedback_host_to_concrete_psi_block_identification_probe_summary.json,.json,1660
p180_current_preobserver_to_emergent_observer_coarse_graining_probe_summary.json,.json,1641
p181_current_emergent_observer_limit_readout_operator_probe_summary.json,.json,1641
p182_current_actual_emergent_observer_construction_candidate_probe_summary.json,.json,1700
p183_current_actual_emergent_observer_realization_map_probe_summary.json,.json,1683
p184_current_emergent_observer_self_consistency_operator_probe_summary.json,.json,1793
p185_current_emergent_observer_fixed_point_reduction_probe_summary.json,.json,1736
p186_current_emergent_observer_fixed_point_object_candidate_probe_summary.json,.json,1637
p187_current_emergent_observer_closure_candidate_probe_summary.json,.json,1599
p188_current_emergent_observer_closure_realization_map_probe_summary.json,.json,1626
p189_current_emergent_observer_closure_fixed_point_test_probe_summary.json,.json,1653
p18_existing_kernel_feedback_host_to_concrete_psi_block_identification_rerun_after_symmetry_certified_transport_packet.json,.json,5691
p18_existing_kernel_feedback_host_to_concrete_psi_block_identification_rerun_after_symmetry_certified_transport_packet_summary.json,.json,1766
p190_current_emergent_observer_closure_support_object_probe_summary.json,.json,1637
p191_current_emergent_observer_closure_readout_operator_probe_summary.json,.json,1561
p192_current_emergent_observer_closure_object_candidate_probe_summary.json,.json,1618
p193_current_emergent_observer_closure_commit_map_probe_summary.json,.json,1595
p194_current_emergent_observer_closure_realization_object_probe_summary.json,.json,1605
p195_current_actual_emergent_observer_closure_candidate_probe_summary.json,.json,1667
p196_current_actual_emergent_observer_closure_object_probe_summary.json,.json,1664
p197_current_actual_emergent_observer_closure_commit_map_probe_summary.json,.json,1644
p198_current_actual_emergent_observer_closure_realization_object_probe_summary.json,.json,1697
p199_current_actual_emergent_observer_closure_fixed_point_test_probe_summary.json,.json,1729
p19_existing_kernel_feedback_host_to_concrete_psi_block_identification_rerun_after_explicit_canonical_psi_block_export.json,.json,5161
p19_existing_kernel_feedback_host_to_concrete_psi_block_identification_rerun_after_explicit_canonical_psi_block_export_summary.json,.json,1741
p200_current_actual_emergent_observer_closure_support_object_probe_summary.json,.json,1710
p201_current_actual_emergent_observer_closure_readout_operator_probe_summary.json,.json,1650
p202_current_actual_emergent_observer_closure_object_candidate_probe_summary.json,.json,1716
p203_current_actual_emergent_observer_closure_commit_map_probe_summary.json,.json,1693
p204_current_actual_emergent_observer_closure_realization_map_probe_summary.json,.json,1672
p205_current_actual_emergent_observer_closure_fixed_point_test_2_probe_summary.json,.json,1726
p206_current_next_actual_emergent_observer_closure_support_object_probe_summary.json,.json,1691
p207_current_next_actual_emergent_observer_closure_readout_operator_probe_summary.json,.json,1645
p208_current_next_actual_emergent_observer_closure_object_candidate_probe_summary.json,.json,1723
p209_current_next_actual_emergent_observer_closure_commit_map_probe_summary.json,.json,1715
p20_existing_kernel_feedback_host_matching_witness_rerun_after_partial_overlap_packet.json,.json,4939
p20_existing_kernel_feedback_host_matching_witness_rerun_after_partial_overlap_packet_summary.json,.json,1927
p210_current_next_actual_emergent_observer_closure_realization_map_probe_summary.json,.json,1700
p211_current_next_actual_emergent_observer_closure_fixed_point_test_probe_summary.json,.json,1732
p212_current_next_actual_emergent_observer_closure_support_object_probe_summary.json,.json,1696
p213_current_next_actual_emergent_observer_closure_readout_operator_probe_summary.json,.json,1645
p214_current_global_selector_closure_promotion_probe_from_exported_emergent_observer_summary.json,.json,1992
p215_current_source_topology_invariant_candidate_packet_probe_summary.json,.json,1590
p216_current_source_topology_selector_promotion_target_probe_summary.json,.json,683
p217_current_source_topology_invariant_nontriviality_target_probe_summary.json,.json,588
p218_current_source_topology_nonzero_flow_subtarget_probe_summary.json,.json,675
p219_current_source_topology_barrier_protected_sign_subtarget_probe_summary.json,.json,700
p21_existing_kernel_feedback_host_matching_witness_rerun_after_kernel_specialization_packet.json,.json,4114
p21_existing_kernel_feedback_host_matching_witness_rerun_after_kernel_specialization_packet_summary.json,.json,1448
p220_current_source_topology_observer_free_scope_subtarget_probe_summary.json,.json,748
p221_current_source_topology_nontriviality_components_package_probe_summary.json,.json,726
p222_current_source_topology_nontriviality_assembly_target_probe_summary.json,.json,525
p224_current_source_topology_basis_independent_promotion_target_probe_summary.json,.json,641
p225_current_source_topology_quotient_safe_qw2191_resolution_target_probe_summary.json,.json,567
p226_current_actual_source_topology_nonzero_flow_component_witness_probe_summary.json,.json,737
p227_current_actual_source_topology_barrier_sign_component_witness_probe_summary.json,.json,942
p228_current_actual_source_topology_local_barrier_sign_stability_witness_probe_summary.json,.json,1189
p229_current_actual_source_topology_barrier_protected_sign_witness_probe_summary.json,.json,746
p22_existing_kernel_feedback_host_matching_witness_rerun_after_diagonal_floor_embedding_packet.json,.json,4643
p22_existing_kernel_feedback_host_matching_witness_rerun_after_diagonal_floor_embedding_packet_summary.json,.json,1541
p230_current_actual_source_topology_observer_free_scope_witness_probe_summary.json,.json,842
p231_current_actual_source_topology_nonzero_flow_witness_probe_summary.json,.json,725
p232_current_actual_source_topology_nontriviality_components_package_probe_summary.json,.json,1000
p233_current_actual_source_topology_nontriviality_assembly_witness_probe_summary.json,.json,919
p234_current_actual_source_topology_full_nontriviality_witness_probe_summary.json,.json,1056
p235_current_actual_source_topology_selector_witness_probe_summary.json,.json,813
p236_current_actual_source_topology_basis_independent_promotion_witness_probe_summary.json,.json,1017
p237_current_actual_source_topology_quotient_safe_qw2191_resolution_witness_probe_summary.json,.json,909
p238_current_actual_declared_scope_source_topology_selector_theorem_probe_summary.json,.json,1012
p239_current_declared_scope_source_topology_selector_theorem_promotion_probe_summary.json,.json,2058
p23_existing_kernel_feedback_host_matching_witness_rerun_after_residual_diagonal_pullback_packet.json,.json,4745
p23_existing_kernel_feedback_host_matching_witness_rerun_after_residual_diagonal_pullback_packet_summary.json,.json,1450
p240_current_t14_declared_scope_completion_and_closure_incompleteness_probe_summary.json,.json,1364
p241_current_legacy_to_strict_kernel_bridge_target_probe_summary.json,.json,1605
p242_current_legacy_to_strict_kernel_nonbridge_strengthening_target_probe_summary.json,.json,1316
p243_current_actual_legacy_to_strict_kernel_bifurcated_frontier_probe_summary.json,.json,1653
p244_current_actual_legacy_to_strict_kernel_amplitude_nonabsorption_component_witness_probe_summary.json,.json,1827
p245_current_actual_legacy_to_strict_kernel_claim_specific_amplitude_nonabsorption_witness_probe_summary.json,.json,1465
p246_current_actual_legacy_to_strict_kernel_amplitude_nonabsorption_coverage_packet_probe_summary.json,.json,1650
p247_current_actual_legacy_to_strict_kernel_full_amplitude_nonabsorption_obstruction_witness_probe_summary.json,.json,1565
p248_current_actual_legacy_to_strict_kernel_damping_nonrenormalization_obstruction_witness_probe_summary.json,.json,1348
p249_current_nadsoliton_macroscopic_identification_role_separation_probe_summary.json,.json,2365
p24_existing_kernel_feedback_host_matching_witness_rerun_after_host_side_residual_absence_packet.json,.json,4860
p24_existing_kernel_feedback_host_matching_witness_rerun_after_host_side_residual_absence_packet_summary.json,.json,1328
p250_current_actual_nonstrict_declared_scope_selector_closure_probe_summary.json,.json,1978
p251_current_actual_nonstrict_declared_scope_toe_preclosure_support_probe_summary.json,.json,2079
p252_current_nonstrict_declared_scope_toe_closure_target_probe_summary.json,.json,2028
p25_existing_kernel_feedback_host_matching_witness_rerun_after_pair1_coefficient_class_reduction_packet.json,.json,5087
p25_existing_kernel_feedback_host_matching_witness_rerun_after_pair1_coefficient_class_reduction_packet_summary.json,.json,1560
p26_existing_kernel_feedback_host_matching_witness_rerun_after_pair1_c1s1_balance_reduction_packet.json,.json,4700
p26_existing_kernel_feedback_host_matching_witness_rerun_after_pair1_c1s1_balance_reduction_packet_summary.json,.json,1231
p27_existing_kernel_feedback_host_matching_witness_rerun_after_declared_three_step_carrier_shift_packet.json,.json,4990
p27_existing_kernel_feedback_host_matching_witness_rerun_after_declared_three_step_carrier_shift_packet_summary.json,.json,1339
p28_existing_kernel_feedback_host_matching_witness_rerun_after_explicit_pair1_c1s1_shift_defect_polynomial_packet.json,.json,5013
p28_existing_kernel_feedback_host_matching_witness_rerun_after_explicit_pair1_c1s1_shift_defect_polynomial_packet_summary.json,.json,1317
p29_existing_kernel_feedback_host_matching_direct_formal_c1s1_family_route_probe.json,.json,5302
p29_existing_kernel_feedback_host_matching_direct_formal_c1s1_family_route_probe_summary.json,.json,1937
p2_strict_core_sigma_int_to_a1_pair1_probe.json,.json,6436
p2_strict_core_sigma_int_to_a1_pair1_probe_summary.json,.json,563
p30_existing_kernel_feedback_host_matching_direct_formal_c1s1_family_route_probe_after_direct_m2_balance.json,.json,5276
p30_existing_kernel_feedback_host_matching_direct_formal_c1s1_family_route_probe_after_direct_m2_balance_summary.json,.json,1729
p31_existing_kernel_feedback_host_matching_direct_formal_c1s1_family_route_probe_after_direct_m2_shift_packet.json,.json,5468
p31_existing_kernel_feedback_host_matching_direct_formal_c1s1_family_route_probe_after_direct_m2_shift_packet_summary.json,.json,1860
p32_existing_kernel_feedback_host_matching_direct_formal_c1s1_family_route_probe_after_direct_m2_pairwise_route.json,.json,6081
p32_existing_kernel_feedback_host_matching_direct_formal_c1s1_family_route_probe_after_direct_m2_pairwise_route_summary.json,.json,2274
p33_existing_kernel_feedback_host_matching_direct_formal_c1s1_family_route_probe_after_direct_m2_psi1_psi4_role_matching_packet.json,.json,6632
p33_existing_kernel_feedback_host_matching_direct_formal_c1s1_family_route_probe_after_direct_m2_psi1_psi4_role_matching_packet_summary.json,.json,2313
p34_existing_kernel_feedback_host_matching_direct_formal_c1s1_family_route_probe_after_direct_m2_psi1_psi4_slot_separation_packet.json,.json,6840
p34_existing_kernel_feedback_host_matching_direct_formal_c1s1_family_route_probe_after_direct_m2_psi1_psi4_slot_separation_packet_summary.json,.json,2432
p35_existing_kernel_feedback_host_matching_direct_formal_c1s1_family_route_probe_after_direct_m2_psi1_psi4_common_plus3_orbit_parameter_packet.json,.json,6840
p35_existing_kernel_feedback_host_matching_direct_formal_c1s1_family_route_probe_after_direct_m2_psi1_psi4_common_plus3_orbit_parameter_packet_summary.json,.json,2426
p36_existing_kernel_feedback_host_matching_direct_formal_c1s1_family_route_probe_after_direct_m2_psi1_psi4_common_plus3_assignment_slot_split_packet.json,.json,7325
p36_existing_kernel_feedback_host_matching_direct_formal_c1s1_family_route_probe_after_direct_m2_psi1_psi4_common_plus3_assignment_slot_split_packet_summary.json,.json,2552
p37_existing_kernel_feedback_host_matching_direct_formal_c1s1_family_route_probe_after_direct_m2_psi1_common_plus3_assignment_role_split_packet.json,.json,7674
p37_existing_kernel_feedback_host_matching_direct_formal_c1s1_family_route_probe_after_direct_m2_psi1_common_plus3_assignment_role_split_packet_summary.json,.json,2764
p38_existing_kernel_feedback_host_matching_direct_formal_c1s1_family_route_probe_after_direct_m2_psi1_source_action_common_monomial_support_packet.json,.json,7744
p38_existing_kernel_feedback_host_matching_direct_formal_c1s1_family_route_probe_after_direct_m2_psi1_source_action_common_monomial_support_packet_summary.json,.json,2922
p392_current_strict_side_source_seed_strict_sigma_int_upgrade_candidate_instance_probe.json,.json,3663
p392_current_strict_side_source_seed_strict_sigma_int_upgrade_candidate_instance_probe_summary.json,.json,323
p39_existing_kernel_feedback_host_matching_direct_formal_c1s1_family_route_probe_after_direct_m2_psi1_source_action_coefficient_defect_polynomial_packet.json,.json,7863
p39_existing_kernel_feedback_host_matching_direct_formal_c1s1_family_route_probe_after_direct_m2_psi1_source_action_coefficient_defect_polynomial_packet_summary.json,.json,353
p3_strict_core_fr_route_bridge_probe.json,.json,5336
p3_strict_core_fr_route_bridge_probe_summary.json,.json,507
p401_current_strict_sigma_int_qw2191_selected_point_witness_probe.json,.json,3346
p401_current_strict_sigma_int_qw2191_selected_point_witness_probe_summary.json,.json,387
p402_current_strict_sigma_int_r1_target_slot_population_candidate_from_theta_pair_probe.json,.json,2684
p402_current_strict_sigma_int_r1_target_slot_population_candidate_from_theta_pair_probe_summary.json,.json,503
p403_current_strict_sigma_int_theta_pair_delta_d_sensitivity_audit_probe.json,.json,8631
p403_current_strict_sigma_int_theta_pair_delta_d_sensitivity_audit_probe_summary.json,.json,323
p404_current_actual_legacy_to_strict_kernel_phase_frequency_nonconformal_obstruction_witness_probe_summary.json,.json,1159
p407_current_strict_sigma_int_theta_pair_eps_sensitivity_audit_probe.json,.json,5757
p407_current_strict_sigma_int_theta_pair_eps_sensitivity_audit_probe_summary.json,.json,316
p40_axiom_lane_direct_formal_c1s1_family_route_probe_after_preobserver_source_action_coherence_instance.json,.json,3796
p40_axiom_lane_direct_formal_c1s1_family_route_probe_after_preobserver_source_action_coherence_instance_summary.json,.json,321
p41_canonical_ontology_supported_direct_formal_c1s1_family_route_probe_after_direct_m2_psi1_source_eom_common_monomial_support_packet.json,.json,4667
p41_canonical_ontology_supported_direct_formal_c1s1_family_route_probe_after_direct_m2_psi1_source_eom_common_monomial_support_packet_summary.json,.json,1788
p423_current_strict_qw2191_shannon_o2_cut_objective_audit_probe.json,.json,5298
p423_current_strict_qw2191_shannon_o2_cut_objective_audit_probe_summary.json,.json,1364
p424_current_strict_qw2118_host_pair1_block_isotropy_audit_probe.json,.json,1596
p424_current_strict_qw2118_host_pair1_block_isotropy_audit_probe_summary.json,.json,361
p425_current_strict_pair1_diagonal_profile_o2_cut_audit_probe.json,.json,4722
p425_current_strict_pair1_diagonal_profile_o2_cut_audit_probe_summary.json,.json,1494
p426_current_strict_canonical_local_diagonal_mode2_selector_defect_audit_probe.json,.json,8228
p426_current_strict_canonical_local_diagonal_mode2_selector_defect_audit_probe_summary.json,.json,353
p427_current_strict_pair1_diagonal_o2_cut_canonical_eigenbasis_audit_probe.json,.json,7033
p427_current_strict_pair1_diagonal_o2_cut_canonical_eigenbasis_audit_probe_summary.json,.json,1754
p428_current_strict_sigma_int_z2_sign_mask_mode2_defect_audit_probe.json,.json,1953
p428_current_strict_sigma_int_z2_sign_mask_mode2_defect_audit_probe_summary.json,.json,510
p429_current_strict_plus3_shift_invariant_diagonal_profile_mode2_defect_audit_probe.json,.json,2714
p429_current_strict_plus3_shift_invariant_diagonal_profile_mode2_defect_audit_probe_summary.json,.json,1036
p42_canonical_ontology_supported_direct_formal_c1s1_family_route_probe_after_direct_m2_psi1_source_eom_coefficient_defect_polynomial_packet.json,.json,4443
p42_canonical_ontology_supported_direct_formal_c1s1_family_route_probe_after_direct_m2_psi1_source_eom_coefficient_defect_polynomial_packet_summary.json,.json,1770
p430_current_strict_aut_z12_invariant_diagonal_profile_mode2_defect_orbit_reduction_audit_probe.json,.json,4496
p430_current_strict_aut_z12_invariant_diagonal_profile_mode2_defect_orbit_reduction_audit_probe_summary.json,.json,1362
p431_current_strict_canonical_local_diagonal_mode2_defect_underdetermination_audit_probe.json,.json,3344
p431_current_strict_canonical_local_diagonal_mode2_defect_underdetermination_audit_probe_summary.json,.json,778
p432_current_strict_canonical_local_diagonal_mode2_defect_value_instantiation_repo_scan_probe.json,.json,39037
p432_current_strict_canonical_local_diagonal_mode2_defect_value_instantiation_repo_scan_probe_summary.json,.json,356
p433_current_strict_canonical_local_diagonal_mode2_defect_via_r18_pair1_entry_system_consistency_audit_probe.json,.json,18777
p433_current_strict_canonical_local_diagonal_mode2_defect_via_r18_pair1_entry_system_consistency_audit_probe_summary.json,.json,266
p434_current_strict_canonical_local_diagonal_mode2_defect_value_instantiation_evaluation_probe.json,.json,1526
p434_current_strict_canonical_local_diagonal_mode2_defect_value_instantiation_evaluation_probe_summary.json,.json,253
p434_input_sigma_opposite_pair_sum_values_candidate.json,.json,518
p435_current_strict_vacuum_eom_yukawa_elimination_audit_probe.json,.json,6706
p435_current_strict_vacuum_eom_yukawa_elimination_audit_probe_summary.json,.json,351
p436_current_strict_vacuum_eom_restricted_canonical_local_diagonal_mode2_defect_underdetermination_audit_probe.json,.json,11140
p436_current_strict_vacuum_eom_restricted_canonical_local_diagonal_mode2_defect_underdetermination_audit_probe_summary.json,.json,467
p437_current_strict_r14_r15_n477_canonical_local_diagonal_sigma_opposite_pair_sums_value_evaluation_harness_probe.json,.json,1730
p437_current_strict_r14_r15_n477_canonical_local_diagonal_sigma_opposite_pair_sums_value_evaluation_harness_probe_summary.json,.json,580
p437_input_vpsi_g4_g6_candidate.json,.json,1004
p438_current_strict_t166_diagonal_accelerator_lane_status_dashboard_probe.json,.json,7362
p438_current_strict_t166_diagonal_accelerator_lane_status_dashboard_probe_summary.json,.json,760
p439_current_strict_qw2191_weighted_kl_reference_objective_o2_cut_audit_probe.json,.json,27213
p439_current_strict_qw2191_weighted_kl_reference_objective_o2_cut_audit_probe_summary.json,.json,1650
p43_canonical_ontology_supported_direct_formal_c1s1_family_route_probe_after_preobserver_source_eom_coherence_instance.json,.json,3680
p43_canonical_ontology_supported_direct_formal_c1s1_family_route_probe_after_preobserver_source_eom_coherence_instance_summary.json,.json,346
p440_p434_ax24_uniform_f2.json,.json,1386
p440_p434_ax24_uniform_f2_summary.json,.json,222
p440_p434_input_sigmas_from_ax24.json,.json,251
p440_p437_ax24_uniform_sigma.json,.json,1635
p440_p437_ax24_uniform_sigma_summary.json,.json,382
p441_current_strict_global_closure_next_move_dashboard_probe.json,.json,8923
p441_current_strict_global_closure_next_move_dashboard_probe_summary.json,.json,188
p442_current_strict_t168_vacuum_and_self_coupling_provider_frontier_audit_probe.json,.json,2142
p442_current_strict_t168_vacuum_and_self_coupling_provider_frontier_audit_probe_summary.json,.json,274
p443_current_strict_qw2122_scalar_to_per_site_mapping_underdetermination_audit_probe.json,.json,6606
p443_current_strict_qw2122_scalar_to_per_site_mapping_underdetermination_audit_probe_summary.json,.json,406
p444_current_strict_t168_vpsi_g4_g6_value_provider_repo_scan_probe.json,.json,10185
p444_current_strict_t168_vpsi_g4_g6_value_provider_repo_scan_probe_summary.json,.json,384
p447_current_strict_t169_element_order_reference_lift_candidate_pipeline_audit_probe_summary.json,.json,855
p447_input_vpsi_g4_g6_element_order_reference_candidate.json,.json,1948
p447_p434_input_sigma_values_from_p437.json,.json,255
p447_p434_out.json,.json,1451
p447_p434_out_summary.json,.json,249
p447_p437_out.json,.json,1582
p447_p437_out_summary.json,.json,379
p448_current_strict_f447_t169_provider_provenance_audit_probe.json,.json,3643
p448_current_strict_f447_t169_provider_provenance_audit_probe_summary.json,.json,229
p449_current_strict_canonical_local_diagonal_multi_pair_o2_cut_defect_evaluation_probe.json,.json,2920
p449_current_strict_canonical_local_diagonal_multi_pair_o2_cut_defect_evaluation_probe_summary.json,.json,509
p44_canonical_ontology_supported_direct_formal_c1s1_family_route_probe_after_direct_m2_psi4_common_plus3_assignment_role_split_packet.json,.json,4286
p44_canonical_ontology_supported_direct_formal_c1s1_family_route_probe_after_direct_m2_psi4_common_plus3_assignment_role_split_packet_summary.json,.json,1763
p450_current_strict_canonical_local_diagonal_r1_target_slot_population_probe.json,.json,2818
p450_current_strict_canonical_local_diagonal_r1_target_slot_population_probe_summary.json,.json,526
p451_current_strict_sigma_int_slot_free_r1_target_slot_population_probe.json,.json,2774
p451_current_strict_sigma_int_slot_free_r1_target_slot_population_probe_summary.json,.json,490
p452_current_strict_qw2191_residual_z2_sign_flip_gauge_equivalence_audit_probe.json,.json,16025
p452_current_strict_qw2191_residual_z2_sign_flip_gauge_equivalence_audit_probe_summary.json,.json,388
p454_current_strict_qw2191_o2_rotation_gauge_equivalence_audit_probe.json,.json,65558
p454_current_strict_qw2191_o2_rotation_gauge_equivalence_audit_probe_summary.json,.json,625
p455_current_strict_mode_index_assignment_shannon_vs_diagonal_alignment_audit_probe.json,.json,6541
p455_current_strict_mode_index_assignment_shannon_vs_diagonal_alignment_audit_probe_summary.json,.json,316
p456_current_strict_sigma_int_theta_pair_vs_mode_index_assignment_axis_alignment_audit_probe.json,.json,5943
p456_current_strict_sigma_int_theta_pair_vs_mode_index_assignment_axis_alignment_audit_probe_summary.json,.json,1264
p457_current_strict_r16_declared_control_pullback_restricted_to_sigma_int_orientation_slice_probe.json,.json,3525
p457_current_strict_r16_declared_control_pullback_restricted_to_sigma_int_orientation_slice_probe_summary.json,.json,444
p458_current_strict_sigma_int_orientation_slice_restricted_control_pullback_value_instantiation_probe.json,.json,1787
p458_current_strict_sigma_int_orientation_slice_restricted_control_pullback_value_instantiation_probe_summary.json,.json,473
p459_current_strict_r16_declared_control_pullback_value_instantiation_probe.json,.json,1818
p459_current_strict_r16_declared_control_pullback_value_instantiation_probe_summary.json,.json,679
p45_canonical_ontology_supported_direct_formal_c1s1_family_route_probe_after_direct_m2_psi4_target_action_common_monomial_support_packet.json,.json,4375
p45_canonical_ontology_supported_direct_formal_c1s1_family_route_probe_after_direct_m2_psi4_target_action_common_monomial_support_packet_summary.json,.json,1823
p460_current_strict_pair1_pair2_cross_block_polar_transition_angle_probe.json,.json,2289
p460_current_strict_pair1_pair2_cross_block_polar_transition_angle_probe_summary.json,.json,444
p461_current_strict_shannon_element_order_reference_zn_scope_extension_probe.json,.json,18315
p461_current_strict_shannon_element_order_reference_zn_scope_extension_probe_summary.json,.json,933
p462_current_strict_shannon_element_order_reference_z24_mode_index_assignment_candidate_probe.json,.json,25732
p462_current_strict_shannon_element_order_reference_z24_mode_index_assignment_candidate_probe_summary.json,.json,384
p463_current_strict_diagonal_local_psi_hessian_eigenmodes_to_mode_index_assignment_projection_audit_probe.json,.json,39550
p463_current_strict_diagonal_local_psi_hessian_eigenmodes_to_mode_index_assignment_projection_audit_probe_summary.json,.json,2810
p464_current_strict_diagonal_local_psi_hessian_eigenprojectors_to_pair_plane_weight_profile_probe.json,.json,8655
p464_current_strict_diagonal_local_psi_hessian_eigenprojectors_to_pair_plane_weight_profile_probe_summary.json,.json,634
p465_current_strict_sigma_int_pair1_pair2_selector_chart_transport_operator_audit_probe.json,.json,2286
p465_current_strict_sigma_int_pair1_pair2_selector_chart_transport_operator_audit_probe_summary.json,.json,448
p466_current_strict_pair12_chart_glued_projector_operator_section_audit_probe.json,.json,1552
p466_current_strict_pair12_chart_glued_projector_operator_section_audit_probe_summary.json,.json,419
p467_current_strict_pair123_chart_glued_projector_operator_section_cocycle_audit_probe.json,.json,2440
p467_current_strict_pair123_chart_glued_projector_operator_section_cocycle_audit_probe_summary.json,.json,457
p468_current_strict_pair12345_chart_glued_projector_operator_section_cocycle_audit_probe.json,.json,3703
p468_current_strict_pair12345_chart_glued_projector_operator_section_cocycle_audit_probe_summary.json,.json,450
p469_current_strict_pair12345_chart_glued_projector_operator_section_full_cocycle_audit_probe.json,.json,4903
p469_current_strict_pair12345_chart_glued_projector_operator_section_full_cocycle_audit_probe_summary.json,.json,261
p46_canonical_ontology_supported_direct_formal_c1s1_family_route_probe_after_direct_m2_psi4_target_action_coefficient_defect_polynomial_packet.json,.json,4491
p46_canonical_ontology_supported_direct_formal_c1s1_family_route_probe_after_direct_m2_psi4_target_action_coefficient_defect_polynomial_packet_summary.json,.json,1814
p470_current_strict_pair12345_oriented_transport_full_cocycle_audit_probe.json,.json,5602
p470_current_strict_pair12345_oriented_transport_full_cocycle_audit_probe_summary.json,.json,410
p471_current_strict_pair12345_oriented_transport_operator_level_cocycle_audit_probe.json,.json,6190
p471_current_strict_pair12345_oriented_transport_operator_level_cocycle_audit_probe_summary.json,.json,764
p472_current_strict_pair1_reflection_breaking_weight_repo_scan_probe.json,.json,35303
p472_current_strict_pair1_reflection_breaking_weight_repo_scan_probe_summary.json,.json,510
p473_current_strict_extension_lane_global_oriented_selector_state_projector_consistency_audit_probe.json,.json,6368
p473_current_strict_extension_lane_global_oriented_selector_state_projector_consistency_audit_probe_summary.json,.json,112
p474_current_strict_global_projective_selector_state_gluing_consistency_audit_probe.json,.json,6860
p474_current_strict_global_projective_selector_state_gluing_consistency_audit_probe_summary.json,.json,244
p475_current_strict_projective_only_continuation_decision_packet.json,.json,3767
p475_current_strict_projective_only_continuation_decision_packet_summary.json,.json,295
p476_current_strict_r11_r12_declared_control_pullback_m_control_coefficient_filled_export_probe.json,.json,625
p476_current_strict_r11_r12_declared_control_pullback_m_control_coefficient_filled_export_probe_summary.json,.json,259
p477_current_strict_r18_pair1_residual_zero_equations_value_instantiation_probe.json,.json,511
p477_current_strict_r18_pair1_residual_zero_equations_value_instantiation_probe_summary.json,.json,369
p478_current_strict_t169_rordpow_sign_scan_for_r18_pair1_zero_equations_probe.json,.json,1269
p478_current_strict_t169_rordpow_sign_scan_for_r18_pair1_zero_equations_probe_summary.json,.json,542
p479_current_strict_reference_magnitude_family_sign_scan_for_r18_pair1_zero_equations_probe.json,.json,612
p479_current_strict_reference_magnitude_family_sign_scan_for_r18_pair1_zero_equations_probe_summary.json,.json,441
p47_legacy_ontological_kernel_to_strict_gate_kernel_bridge_probe.json,.json,4907
p47_legacy_ontological_kernel_to_strict_gate_kernel_bridge_probe_summary.json,.json,1575
p480_current_strict_p16_route_negative_freeze_decision_packet.json,.json,4106
p480_current_strict_p16_route_negative_freeze_decision_packet_summary.json,.json,216
p48_canonical_ontology_supported_direct_formal_c1s1_family_route_probe_after_preobserver_target_action_coherence_instance.json,.json,3560
p48_canonical_ontology_supported_direct_formal_c1s1_family_route_probe_after_preobserver_target_action_coherence_instance_summary.json,.json,1217
p49_canonical_ontology_supported_direct_formal_c1s1_family_route_probe_after_direct_m2_psi4_target_eom_common_local_support_packet.json,.json,4191
p49_canonical_ontology_supported_direct_formal_c1s1_family_route_probe_after_direct_m2_psi4_target_eom_common_local_support_packet_summary.json,.json,1716
p4_strict_core_sigma_int_to_residual_datum_bridge_probe.json,.json,4545
p4_strict_core_sigma_int_to_residual_datum_bridge_probe_summary.json,.json,444
p50_canonical_ontology_supported_direct_formal_c1s1_family_route_probe_after_direct_m2_psi4_target_eom_coefficient_defect_polynomial_packet.json,.json,4546
p50_canonical_ontology_supported_direct_formal_c1s1_family_route_probe_after_direct_m2_psi4_target_eom_coefficient_defect_polynomial_packet_summary.json,.json,1713
p51_canonical_ontology_supported_direct_formal_c1s1_family_route_probe_after_preobserver_target_eom_coherence_instance.json,.json,3783
p51_canonical_ontology_supported_direct_formal_c1s1_family_route_probe_after_preobserver_target_eom_coherence_instance_summary.json,.json,1222
p52_canonical_ontology_supported_direct_formal_c1s1_family_route_probe_after_direct_m2_psi7_psi10_role_matching_packet.json,.json,4410
p52_canonical_ontology_supported_direct_formal_c1s1_family_route_probe_after_direct_m2_psi7_psi10_role_matching_packet_summary.json,.json,1587
p53_canonical_ontology_supported_direct_formal_c1s1_family_route_probe_after_direct_m2_psi7_psi10_declared_formal_slot_separation_packet.json,.json,4826
p53_canonical_ontology_supported_direct_formal_c1s1_family_route_probe_after_direct_m2_psi7_psi10_declared_formal_slot_separation_packet_summary.json,.json,1664
p54_canonical_ontology_supported_direct_formal_c1s1_family_route_probe_after_direct_m2_psi7_psi10_common_plus3_orbit_parameter_sufficient_route_packet.json,.json,4870
p54_canonical_ontology_supported_direct_formal_c1s1_family_route_probe_after_direct_m2_psi7_psi10_common_plus3_orbit_parameter_sufficient_route_packet_summary.json,.json,1622
p55_canonical_ontology_supported_direct_formal_c1s1_family_route_probe_after_direct_m2_psi7_psi10_common_plus3_assignment_slot_split_packet.json,.json,4939
p55_canonical_ontology_supported_direct_formal_c1s1_family_route_probe_after_direct_m2_psi7_psi10_common_plus3_assignment_slot_split_packet_summary.json,.json,1729
p56_canonical_ontology_supported_direct_formal_c1s1_family_route_probe_after_direct_m2_psi7_common_plus3_assignment_role_split_packet.json,.json,4905
p56_canonical_ontology_supported_direct_formal_c1s1_family_route_probe_after_direct_m2_psi7_common_plus3_assignment_role_split_packet_summary.json,.json,1907
p57_canonical_ontology_supported_direct_formal_c1s1_family_route_probe_after_direct_m2_psi7_source_action_common_monomial_support_packet.json,.json,4928
p57_canonical_ontology_supported_direct_formal_c1s1_family_route_probe_after_direct_m2_psi7_source_action_common_monomial_support_packet_summary.json,.json,1922
p58_canonical_ontology_supported_direct_formal_c1s1_family_route_probe_after_direct_m2_psi7_source_action_coefficient_defect_polynomial_packet.json,.json,5005
p58_canonical_ontology_supported_direct_formal_c1s1_family_route_probe_after_direct_m2_psi7_source_action_coefficient_defect_polynomial_packet_summary.json,.json,1931
p59_canonical_ontology_supported_direct_formal_c1s1_family_route_probe_after_preobserver_direct_m2_psi7_source_action_coherence_instance.json,.json,4339
p59_canonical_ontology_supported_direct_formal_c1s1_family_route_probe_after_preobserver_direct_m2_psi7_source_action_coherence_instance_summary.json,.json,1420
p5_strict_core_sigma_int_to_residual_datum_rerun_after_target_slot_export.json,.json,6912
p5_strict_core_sigma_int_to_residual_datum_rerun_after_target_slot_export_summary.json,.json,691
p60_canonical_ontology_supported_direct_formal_c1s1_family_route_probe_after_direct_m2_psi7_source_eom_common_monomial_support_packet.json,.json,4693
p60_canonical_ontology_supported_direct_formal_c1s1_family_route_probe_after_direct_m2_psi7_source_eom_common_monomial_support_packet_summary.json,.json,1797
p61_canonical_ontology_supported_direct_formal_c1s1_family_route_probe_after_direct_m2_psi7_source_eom_coefficient_defect_polynomial_packet.json,.json,4720
p61_canonical_ontology_supported_direct_formal_c1s1_family_route_probe_after_direct_m2_psi7_source_eom_coefficient_defect_polynomial_packet_summary.json,.json,1774
p622_canonical_ontology_supported_direct_formal_c1s1_family_route_probe_after_direct_m2_psi2_psi5_and_psi8_psi11_role_matching_packets.json,.json,5463
p622_canonical_ontology_supported_direct_formal_c1s1_family_route_probe_after_direct_m2_psi2_psi5_and_psi8_psi11_role_matching_packets_summary.json,.json,1967
p623_canonical_ontology_supported_direct_formal_c1s1_family_route_probe_after_direct_m2_psi2_psi5_and_psi8_psi11_common_plus3_assignment_slot_split_packets.json,.json,5452
p623_canonical_ontology_supported_direct_formal_c1s1_family_route_probe_after_direct_m2_psi2_psi5_and_psi8_psi11_common_plus3_assignment_slot_split_packets_summary.json,.json,2380
p624_canonical_ontology_supported_direct_formal_c1s1_family_route_probe_after_direct_m2_psi10_target_role_split_and_defect_polynomial_packets.json,.json,6199
p624_canonical_ontology_supported_direct_formal_c1s1_family_route_probe_after_direct_m2_psi10_target_role_split_and_defect_polynomial_packets_summary.json,.json,1678
p625_canonical_ontology_supported_direct_formal_c1s1_family_route_probe_after_preobserver_direct_m2_psi10_target_coherence_instance.json,.json,4530
p625_canonical_ontology_supported_direct_formal_c1s1_family_route_probe_after_preobserver_direct_m2_psi10_target_coherence_instance_summary.json,.json,1478
p626_canonical_ontology_supported_direct_formal_c1s1_family_route_probe_after_preobserver_direct_m2_psi7_source_eom_coherence_instance.json,.json,3729
p626_canonical_ontology_supported_direct_formal_c1s1_family_route_probe_after_preobserver_direct_m2_psi7_source_eom_coherence_instance_summary.json,.json,1373
p627_canonical_ontology_supported_direct_formal_c1s1_family_route_probe_after_direct_m2_psi2_psi5_and_psi8_psi11_slotwise_role_split_and_defect_polynomial_packets.json,.json,15027
p627_canonical_ontology_supported_direct_formal_c1s1_family_route_probe_after_direct_m2_psi2_psi5_and_psi8_psi11_slotwise_role_split_and_defect_polynomial_packets_summary.json,.json,6437
p628_canonical_ontology_supported_direct_formal_c1s1_family_route_probe_after_preobserver_direct_m2_psi2_source_psi5_target_psi8_source_psi11_target_coherence_instances.json,.json,9169
p628_canonical_ontology_supported_direct_formal_c1s1_family_route_probe_after_preobserver_direct_m2_psi2_source_psi5_target_psi8_source_psi11_target_coherence_instances_summary.json,.json,2663
p629_canonical_ontology_supported_direct_formal_c1s1_family_route_probe_after_t169_constrained_lift_g4_g6_family_shift_defect_zero_witness_packet.json,.json,5518
p629_canonical_ontology_supported_direct_formal_c1s1_family_route_probe_after_t169_constrained_lift_g4_g6_family_shift_defect_zero_witness_packet_summary.json,.json,1191
p62_legacy_physical_role_transfer_to_strict_gate_kernel_probe.json,.json,4825
p62_legacy_physical_role_transfer_to_strict_gate_kernel_probe_summary.json,.json,1083
p630_canonical_ontology_supported_direct_formal_c1s1_family_route_probe_after_r83_vacuum_eom_yukawa_elimination_packet.json,.json,5533
p630_canonical_ontology_supported_direct_formal_c1s1_family_route_probe_after_r83_vacuum_eom_yukawa_elimination_packet_summary.json,.json,703
p631_current_strict_direct_formal_c1s1_route_negative_freeze_decision_packet.json,.json,3798
p631_current_strict_direct_formal_c1s1_route_negative_freeze_decision_packet_summary.json,.json,245
p632_current_strict_directed_continuation_decision_packet.json,.json,1971
p632_current_strict_directed_continuation_decision_packet_summary.json,.json,246
p633_current_strict_source_seed_route_selection_decision_packet.json,.json,3124
p633_current_strict_source_seed_route_selection_decision_packet_summary.json,.json,224
p634_genuinely_new_strict_core_source_object_clause_probe_for_s_sel_int_candidate_seed_v1.json,.json,2629
p634_genuinely_new_strict_core_source_object_clause_probe_for_s_sel_int_candidate_seed_v1_summary.json,.json,852
p635_future_genuinely_new_source_object_lift_bind_target_probe_for_s_sel_int_candidate_seed_v1.json,.json,2154
p635_future_genuinely_new_source_object_lift_bind_target_probe_for_s_sel_int_candidate_seed_v1_summary.json,.json,1315
p636_first_future_genuinely_new_source_object_lift_bind_attempt_probe_for_s_sel_int_candidate_seed_v1.json,.json,2359
p636_first_future_genuinely_new_source_object_lift_bind_attempt_probe_for_s_sel_int_candidate_seed_v1_summary.json,.json,1456
p637_first_future_constructed_source_object_realization_target_probe_for_s_sel_int_candidate_seed_v1.json,.json,2416
p637_first_future_constructed_source_object_realization_target_probe_for_s_sel_int_candidate_seed_v1_summary.json,.json,1466
p638_first_future_constructed_source_object_realization_attempt_probe_for_s_sel_int_candidate_seed_v1.json,.json,2413
p638_first_future_constructed_source_object_realization_attempt_probe_for_s_sel_int_candidate_seed_v1_summary.json,.json,1463
p639_first_future_constructed_source_object_realization_verdict_target_probe_for_s_sel_int_candidate_seed_v1.json,.json,2479
p639_first_future_constructed_source_object_realization_verdict_target_probe_for_s_sel_int_candidate_seed_v1_summary.json,.json,1549
p63_claim_specific_strict_side_partition_probe_for_legacy_physical_roles.json,.json,2405
p63_claim_specific_strict_side_partition_probe_for_legacy_physical_roles_summary.json,.json,931
p640_first_future_constructed_source_object_realization_verdict_branch_probe_for_s_sel_int_candidate_seed_v1.json,.json,3019
p640_first_future_constructed_source_object_realization_verdict_branch_probe_for_s_sel_int_candidate_seed_v1_summary.json,.json,1751
p641_current_failure_verdict_discharge_probe_for_s_sel_int_candidate_seed_v1_realization_attempt.json,.json,1964
p641_current_failure_verdict_discharge_probe_for_s_sel_int_candidate_seed_v1_realization_attempt_summary.json,.json,822
p642_current_success_verdict_discharge_probe_for_s_sel_int_candidate_seed_v1_realization_attempt.json,.json,2090
p642_current_success_verdict_discharge_probe_for_s_sel_int_candidate_seed_v1_realization_attempt_summary.json,.json,719
p643_current_admissibility_branch_discharge_probe_for_future_constructed_source_object_for_s_sel_int_candidate_seed_v1.json,.json,1790
p643_current_admissibility_branch_discharge_probe_for_future_constructed_source_object_for_s_sel_int_candidate_seed_v1_summary.json,.json,629
p644_current_orientation_export_branch_discharge_probe_for_s_sel_int_candidate_seed_v1.json,.json,1557
p644_current_orientation_export_branch_discharge_probe_for_s_sel_int_candidate_seed_v1_summary.json,.json,567
p645_current_downstream_completion_branch_discharge_probe_for_s_sel_int_candidate_seed_v1.json,.json,1518
p645_current_downstream_completion_branch_discharge_probe_for_s_sel_int_candidate_seed_v1_summary.json,.json,481
p646_current_strict_witness_provider_scan_probe_for_seed_v1_realization_attempt.json,.json,1184
p646_current_strict_witness_provider_scan_probe_for_seed_v1_realization_attempt_summary.json,.json,708
p648_current_first_admissibility_clause_rerun_after_seed_v1_witness_provider_export_probe.json,.json,3356
p648_current_first_admissibility_clause_rerun_after_seed_v1_witness_provider_export_probe_summary.json,.json,3221
p649_current_second_admissibility_clause_rerun_after_carrier_typing_for_s_sel_int_strict_core_source_object_v1_probe.json,.json,3866
p649_current_second_admissibility_clause_rerun_after_carrier_typing_for_s_sel_int_strict_core_source_object_v1_probe_summary.json,.json,3866
p64_legacy_weinberg_role_strict_side_branch_probe.json,.json,1799
p64_legacy_weinberg_role_strict_side_branch_probe_summary.json,.json,662
p650_current_third_admissibility_clause_rerun_after_source_seed_only_packet_for_s_sel_int_strict_core_source_object_v1_probe.json,.json,2261
p650_current_third_admissibility_clause_rerun_after_source_seed_only_packet_for_s_sel_int_strict_core_source_object_v1_probe_summary.json,.json,2261
p651_current_fourth_admissibility_clause_rerun_after_strict_core_only_packet_for_s_sel_int_strict_core_source_object_v1_probe.json,.json,2028
p651_current_fourth_admissibility_clause_rerun_after_strict_core_only_packet_for_s_sel_int_strict_core_source_object_v1_probe_summary.json,.json,2028
p652_current_fifth_admissibility_clause_rerun_after_selector_acceptance_independence_packet_for_s_sel_int_strict_core_source_object_v1_probe.json,.json,1761
p652_current_fifth_admissibility_clause_rerun_after_selector_acceptance_independence_packet_for_s_sel_int_strict_core_source_object_v1_probe_summary.json,.json,1761
p653_current_sixth_admissibility_clause_rerun_after_future_bridge_compatibility_packet_for_s_sel_int_strict_core_source_object_v1_probe.json,.json,2920
p653_current_sixth_admissibility_clause_rerun_after_future_bridge_compatibility_packet_for_s_sel_int_strict_core_source_object_v1_probe_summary.json,.json,2920
p654_current_exported_s_sel_int_strict_core_source_object_orientation_export_probe_summary.json,.json,1618
p655_current_exported_s_sel_int_strict_core_source_object_selector_bridge_operator_probe_summary.json,.json,1827
p656_current_exported_s_sel_int_strict_core_source_object_selector_reduction_operator_probe_summary.json,.json,1742
p657_current_exported_s_sel_int_strict_core_source_object_selector_output_operator_probe_summary.json,.json,1565
p658_current_strict_global_selector_bridge_operator_promotion_from_seed_v1_chain_on_c_v1_probe_summary.json,.json,6771
p659_current_strict_global_selector_reduction_operator_promotion_from_seed_v1_chain_on_c_v1_probe_summary.json,.json,6909
p65_legacy_weinberg_retained_subbranch_probe.json,.json,1824
p65_legacy_weinberg_retained_subbranch_probe_summary.json,.json,661
p660_current_strict_global_selector_output_operator_promotion_from_seed_v1_chain_on_c_v1_probe_summary.json,.json,5168
p661_current_strict_global_downstream_completion_branch_discharge_for_promoted_seed_v1_chain_on_c_v1_probe_summary.json,.json,6519
p662_current_actual_legacy_to_strict_kernel_nonbridge_strengthening_discharge_witness_probe_summary.json,.json,1354
p663_current_actual_legacy_to_strict_kernel_bifurcated_frontier_probe_v2_summary.json,.json,1390
p66_strict_side_literal_retention_probe_for_legacy_weinberg_formula.json,.json,3271
p66_strict_side_literal_retention_probe_for_legacy_weinberg_formula_summary.json,.json,1296
p672_current_strict_t172_readiness_probe.json,.json,3303
p672_current_strict_t172_readiness_probe_summary.json,.json,514
p673_current_strict_global_projective_selector_closure_object_gluing_probe.json,.json,2916
p673_current_strict_global_projective_selector_closure_object_gluing_probe_summary.json,.json,265
p674_current_strict_global_directed_selector_closure_output_sign_mismatch_audit_probe.json,.json,3831
p674_current_strict_global_directed_selector_closure_output_sign_mismatch_audit_probe_summary.json,.json,363
p676_current_first_admissible_s_sel_int_source_object_discharge_probe.json,.json,1349
p676_current_first_admissible_s_sel_int_source_object_discharge_probe_summary.json,.json,374
p677_current_strict_global_directed_selector_closure_object_sign_lift_gluing_probe.json,.json,3351
p677_current_strict_global_directed_selector_closure_object_sign_lift_gluing_probe_summary.json,.json,295
p67_strict_side_role_equivalence_probe_for_legacy_weinberg_role.json,.json,2430
p67_strict_side_role_equivalence_probe_for_legacy_weinberg_role_summary.json,.json,966
p680_current_strict_t173_projective_strict_core_selector_closure_candidate_audit_probe.json,.json,5327
p680_current_strict_t173_projective_strict_core_selector_closure_candidate_audit_probe_summary.json,.json,232
p681_current_strict_t173_reflection_breaking_sign_lift_from_s_sel_int_audit_probe.json,.json,5702
p681_current_strict_t173_reflection_breaking_sign_lift_from_s_sel_int_audit_probe_summary.json,.json,430
p682_current_strict_t173_chart_sine_aligned_sign_lift_convention_audit_probe.json,.json,5554
p682_current_strict_t173_chart_sine_aligned_sign_lift_convention_audit_probe_summary.json,.json,458
p683_current_strict_t173_rooted_transport_sign_lift_from_s_sel_int_w_break_audit_probe.json,.json,6756
p683_current_strict_t173_rooted_transport_sign_lift_from_s_sel_int_w_break_audit_probe_summary.json,.json,469
p684_current_strict_t173_w_break_rooted_directed_state_lift_audit_probe.json,.json,3630
p684_current_strict_t173_w_break_rooted_directed_state_lift_audit_probe_summary.json,.json,406
p685_current_strict_t173_w_break_rooted_directed_closure_audit_probe.json,.json,1637
p685_current_strict_t173_w_break_rooted_directed_closure_audit_probe_summary.json,.json,270
p686_current_strict_t173_w_break_rooted_directed_state_full_transition_edge_compatibility_audit_probe.json,.json,9479
p686_current_strict_t173_w_break_rooted_directed_state_full_transition_edge_compatibility_audit_probe_summary.json,.json,327
p687_current_strict_t173_global_edge_sign_coherence_solvability_audit_probe.json,.json,3333
p687_current_strict_t173_global_edge_sign_coherence_solvability_audit_probe_summary.json,.json,238
p688_current_strict_t174_w_break_rooted_directed_state_edge_coherence_under_oriented_transition_sign_lift_audit_probe.json,.json,6090
p688_current_strict_t174_w_break_rooted_directed_state_edge_coherence_under_oriented_transition_sign_lift_audit_probe_summary.json,.json,293
p689_current_strict_t174_oriented_edge_sign_lift_gauge_equivalence_across_directed_representatives_audit_probe.json,.json,8609
p689_current_strict_t174_oriented_edge_sign_lift_gauge_equivalence_across_directed_representatives_audit_probe_summary.json,.json,605
p68_legacy_weinberg_semantic_transfer_subbranch_probe.json,.json,2667
p68_legacy_weinberg_semantic_transfer_subbranch_probe_summary.json,.json,744
p690_current_strict_t175_global_chart_sign_fixing_independence_across_directed_representatives_audit_probe.json,.json,3213
p690_current_strict_t175_global_chart_sign_fixing_independence_across_directed_representatives_audit_probe_summary.json,.json,273
p691_current_strict_t174_sign_fixed_directed_state_edge_coherence_under_oriented_transition_sign_lift_audit_probe.json,.json,6095
p691_current_strict_t174_sign_fixed_directed_state_edge_coherence_under_oriented_transition_sign_lift_audit_probe_summary.json,.json,293
p692_current_strict_t173_projective_vs_directed_closure_output_compatibility_audit_probe.json,.json,5312
p692_current_strict_t173_projective_vs_directed_closure_output_compatibility_audit_probe_summary.json,.json,238
p693_current_strict_t173_output_sign_lift_gauge_covariance_audit_probe.json,.json,2658
p693_current_strict_t173_output_sign_lift_gauge_covariance_audit_probe_summary.json,.json,181
p694_current_strict_physical_computability_mass_spectrum_proxy_from_projective_selector_closure_probe.json,.json,8731
p694_current_strict_physical_computability_mass_spectrum_proxy_from_projective_selector_closure_probe_summary.json,.json,733
p695_current_actual_strict_projective_operational_toe_preclosure_support_probe_summary.json,.json,1868
p696_current_strict_physical_computability_selector_aligned_channel_spectrum_proxy_from_projective_selector_closure_probe.json,.json,10198
p696_current_strict_physical_computability_selector_aligned_channel_spectrum_proxy_from_projective_selector_closure_probe_summary.json,.json,1183
p697_current_strict_projective_observer_limit_readout_from_global_projective_selector_closure_output_probe.json,.json,1385
p697_current_strict_projective_observer_limit_readout_from_global_projective_selector_closure_output_probe_summary.json,.json,348
p698_current_actual_strict_projective_operational_toe_os_support_probe_summary.json,.json,2164
p699_current_strict_projective_emergent_observer_chain_from_global_projective_selector_closure_output_probe.json,.json,6693
p699_current_strict_projective_emergent_observer_chain_from_global_projective_selector_closure_output_probe_summary.json,.json,253
p69_strict_side_textual_retained_successor_probe_for_legacy_weinberg_role.json,.json,2471
p69_strict_side_textual_retained_successor_probe_for_legacy_weinberg_role_summary.json,.json,1087
p6_existing_kernel_feedback_to_kobs_operator_chain_probe.json,.json,5655
p6_existing_kernel_feedback_to_kobs_operator_chain_probe_summary.json,.json,958
p700_current_actual_strict_projective_operational_toe_os_support_with_emergent_observer_chain_probe_summary.json,.json,2544
p702_current_nonstrict_standard_model_host_matching_from_p696_channel_proxy_probe.json,.json,5523
p702_current_nonstrict_standard_model_host_matching_from_p696_channel_proxy_probe_summary.json,.json,452
p704_current_nonstrict_standard_model_host_matching_from_f704_h_psi_eigenvalue_proxy_probe.json,.json,5243
p704_current_nonstrict_standard_model_host_matching_from_f704_h_psi_eigenvalue_proxy_probe_summary.json,.json,452
p705_current_actual_strict_projective_operational_toe_os_support_with_invariant_mass_observable_probe_summary.json,.json,2678
p706_current_release_7_strict_projective_operational_toe_os_closure_dashboard_probe.json,.json,5057
p706_current_release_7_strict_projective_operational_toe_os_closure_dashboard_probe_summary.json,.json,5057
p707_current_release_7_build_and_closure_smoke_probe.json,.json,7557
p707_current_release_7_build_and_closure_smoke_probe_summary.json,.json,364
p708_current_strict_t173_frontier_dashboard_probe.json,.json,177137
p708_current_strict_t173_frontier_dashboard_probe_summary.json,.json,35457
p709_current_strict_release_7_os_residual_sign_gauge_irrelevance_audit_probe.json,.json,2609
p709_current_strict_release_7_os_residual_sign_gauge_irrelevance_audit_probe_summary.json,.json,434
p70_strict_side_lineage_upgrade_probe_for_legacy_weinberg_role.json,.json,2324
p70_strict_side_lineage_upgrade_probe_for_legacy_weinberg_role_summary.json,.json,949
p710_current_nonstrict_proxy_to_gev_calibration_map_from_f704_eigenspectrum_probe.json,.json,3502
p710_current_nonstrict_proxy_to_gev_calibration_map_from_f704_eigenspectrum_probe_summary.json,.json,415
p711_current_strict_t173_previous_methodology_survival_and_global_gap_audit_probe.json,.json,5888
p711_current_strict_t173_previous_methodology_survival_and_global_gap_audit_probe_summary.json,.json,500
p712_current_strict_t176_existing_global_directed_sign_coherence_provider_nonexport_audit_probe.json,.json,4765
p712_current_strict_t176_existing_global_directed_sign_coherence_provider_nonexport_audit_probe_summary.json,.json,352
p713_current_strict_t176_multiroot_rooted_sign_lift_root_independence_audit_probe.json,.json,9092
p713_current_strict_t176_multiroot_rooted_sign_lift_root_independence_audit_probe_summary.json,.json,625
p714_current_strict_t176_w_break_parity_root_support_profile_audit_probe.json,.json,6342
p714_current_strict_t176_w_break_parity_root_support_profile_audit_probe_summary.json,.json,579
p715_current_strict_t176_parity_completed_dual_anchor_multiroot_audit_probe.json,.json,19651
p715_current_strict_t176_parity_completed_dual_anchor_multiroot_audit_probe_summary.json,.json,940
p716_current_strict_t176_pair4_negative_cosine_polarity_global_z2_orbit_split_audit_probe.json,.json,6671
p716_current_strict_t176_pair4_negative_cosine_polarity_global_z2_orbit_split_audit_probe_summary.json,.json,447
p717_current_strict_t176_pair4_exact_branch_split_release_7_os_gauge_irrelevance_bridge_audit_probe.json,.json,3357
p717_current_strict_t176_pair4_exact_branch_split_release_7_os_gauge_irrelevance_bridge_audit_probe_summary.json,.json,329
p718_current_strict_t176_single_mixed_linear_weight_span_provider_insufficiency_audit_probe.json,.json,8844
p718_current_strict_t176_single_mixed_linear_weight_span_provider_insufficiency_audit_probe_summary.json,.json,518
p719_current_strict_t176_low_complexity_odd_polynomial_two_readout_provider_class_audit_probe.json,.json,8012
p719_current_strict_t176_low_complexity_odd_polynomial_two_readout_provider_class_audit_probe_summary.json,.json,641
p71_strict_side_replaced_branch_probe_for_legacy_weinberg_role.json,.json,2353
p71_strict_side_replaced_branch_probe_for_legacy_weinberg_role_summary.json,.json,1038
p720_current_strict_t176_observer_facing_signed_output_channel_projection_provider_class_audit_probe.json,.json,7688
p720_current_strict_t176_observer_facing_signed_output_channel_projection_provider_class_audit_probe_summary.json,.json,638
p721_current_strict_t176_source_topology_basis_free_qw2191_safe_provider_nonupgrade_audit_probe.json,.json,7393
p721_current_strict_t176_source_topology_basis_free_qw2191_safe_provider_nonupgrade_audit_probe_summary.json,.json,619
p722_current_strict_t177_chart_sensitive_transported_flux_current_like_section_nonexport_audit_probe.json,.json,5847
p722_current_strict_t177_chart_sensitive_transported_flux_current_like_section_nonexport_audit_probe_summary.json,.json,490
p723_current_strict_t178_source_topology_to_atlas_chart_seed_selection_bridge_nonexport_audit_probe.json,.json,7336
p723_current_strict_t178_source_topology_to_atlas_chart_seed_selection_bridge_nonexport_audit_probe_summary.json,.json,490
p724_current_strict_t178_positive_source_polarity_atlas_entry_corridor_reduction_audit_probe.json,.json,4886
p724_current_strict_t178_positive_source_polarity_atlas_entry_corridor_reduction_audit_probe_summary.json,.json,544
p725_current_strict_t179_positive_corridor_odd_even_lane_selection_bridge_nonexport_audit_probe.json,.json,6079
p725_current_strict_t179_positive_corridor_odd_even_lane_selection_bridge_nonexport_audit_probe_summary.json,.json,590
p726_current_strict_t180_positive_corridor_outer_interior_chart_selection_bridge_nonexport_audit_probe.json,.json,8172
p726_current_strict_t180_positive_corridor_outer_interior_chart_selection_bridge_nonexport_audit_probe_summary.json,.json,559
p727_current_strict_t181_positive_corridor_excluded_negative_boundary_adjacency_chart_selection_bridge_nonexport_audit_probe.json,.json,6943
p727_current_strict_t181_positive_corridor_excluded_negative_boundary_adjacency_chart_selection_bridge_nonexport_audit_probe_summary.json,.json,633
p728_current_strict_t182_residual_datum_source_side_boundary_shielded_sublane_reduction_audit_probe.json,.json,7192
p728_current_strict_t182_residual_datum_source_side_boundary_shielded_sublane_reduction_audit_probe_summary.json,.json,713
p729_current_strict_t183_residual_datum_pair12_orbit_direction_selection_bridge_nonexport_audit_probe.json,.json,6394
p729_current_strict_t183_residual_datum_pair12_orbit_direction_selection_bridge_nonexport_audit_probe_summary.json,.json,668
p72_legacy_weinberg_replaced_successor_subbranch_probe.json,.json,3664
p72_legacy_weinberg_replaced_successor_subbranch_probe_summary.json,.json,1844
p730_current_strict_t184_direction_free_shannon_residual_datum_pair12_orbit_direction_selection_bridge_nonexport_audit_probe.json,.json,6014
p730_current_strict_t184_direction_free_shannon_residual_datum_pair12_orbit_direction_selection_bridge_nonexport_audit_probe_summary.json,.json,713
p731_current_strict_t185_w_break_witness_payload_residual_datum_pair12_orbit_direction_promotion_bridge_nonexport_audit_probe.json,.json,5322
p731_current_strict_t185_w_break_witness_payload_residual_datum_pair12_orbit_direction_promotion_bridge_nonexport_audit_probe_summary.json,.json,586
p732_current_strict_t186_pair1_rooted_convention_state_pair12_witness_split_descent_bridge_nonexport_audit_probe.json,.json,6230
p732_current_strict_t186_pair1_rooted_convention_state_pair12_witness_split_descent_bridge_nonexport_audit_probe_summary.json,.json,532
p733_current_strict_t187_convention_layer_pair12_witness_split_transport_descent_bridge_nonexport_audit_probe.json,.json,5218
p733_current_strict_t187_convention_layer_pair12_witness_split_transport_descent_bridge_nonexport_audit_probe_summary.json,.json,506
p734_current_strict_t188_declared_scope_source_topology_selector_theorem_pair12_orbit_direction_descent_bridge_nonexport_audit_probe.json,.json,6533
p734_current_strict_t188_declared_scope_source_topology_selector_theorem_pair12_orbit_direction_descent_bridge_nonexport_audit_probe_summary.json,.json,651
p735_current_strict_t189_local_source_side_scalar_bind_pair12_orbit_direction_descent_bridge_nonexport_audit_probe.json,.json,9762
p735_current_strict_t189_local_source_side_scalar_bind_pair12_orbit_direction_descent_bridge_nonexport_audit_probe_summary.json,.json,594
p736_current_strict_t190_local_provider_operator_shift_direction_pair12_orbit_direction_descent_bridge_nonexport_audit_probe.json,.json,8117
p736_current_strict_t190_local_provider_operator_shift_direction_pair12_orbit_direction_descent_bridge_nonexport_audit_probe_summary.json,.json,654
p737_current_strict_t191_local_pair12_projector_atlas_glue_orbit_direction_descent_bridge_nonexport_audit_probe.json,.json,7307
p737_current_strict_t191_local_pair12_projector_atlas_glue_orbit_direction_descent_bridge_nonexport_audit_probe_summary.json,.json,591
p738_current_strict_t192_global_projective_selector_state_pair12_orbit_direction_descent_bridge_nonexport_audit_probe.json,.json,5721
p738_current_strict_t192_global_projective_selector_state_pair12_orbit_direction_descent_bridge_nonexport_audit_probe_summary.json,.json,866
p739_current_strict_t193_global_premise_based_directed_selector_state_pair12_witness_split_strict_core_upgrade_bridge_nonexport_audit_probe.json,.json,5981
p739_current_strict_t193_global_premise_based_directed_selector_state_pair12_witness_split_strict_core_upgrade_bridge_nonexport_audit_probe_summary.json,.json,748
p73_strict_side_object_successor_subbranch_probe_for_legacy_weinberg_role.json,.json,4141
p73_strict_side_object_successor_subbranch_probe_for_legacy_weinberg_role_summary.json,.json,2215
p740_current_strict_t194_global_sign_fixed_directed_closure_pair12_witness_split_strict_core_upgrade_bridge_nonexport_audit_probe.json,.json,8652
p740_current_strict_t194_global_sign_fixed_directed_closure_pair12_witness_split_strict_core_upgrade_bridge_nonexport_audit_probe_summary.json,.json,786
p741_current_strict_t195_actual_source_topology_selector_witness_pair12_witness_split_promotion_bridge_nonexport_audit_probe.json,.json,7196
p741_current_strict_t195_actual_source_topology_selector_witness_pair12_witness_split_promotion_bridge_nonexport_audit_probe_summary.json,.json,904
p742_current_strict_t196_actual_source_topology_selector_witness_to_residual_datum_pair12_typed_carrier_bridge_nonexport_audit_probe.json,.json,7706
p742_current_strict_t196_actual_source_topology_selector_witness_to_residual_datum_pair12_typed_carrier_bridge_nonexport_audit_probe_summary.json,.json,890
p743_current_strict_t197_source_topology_quotient_safe_qw2191_resolution_to_residual_datum_pair12_typed_carrier_bridge_nonexport_audit_probe.json,.json,10220
p743_current_strict_t197_source_topology_quotient_safe_qw2191_resolution_to_residual_datum_pair12_typed_carrier_bridge_nonexport_audit_probe_summary.json,.json,1138
p744_current_strict_t198_declared_scope_source_topology_selector_theorem_to_residual_datum_pair12_typed_carrier_bridge_nonexport_audit_probe.json,.json,9682
p744_current_strict_t198_declared_scope_source_topology_selector_theorem_to_residual_datum_pair12_typed_carrier_bridge_nonexport_audit_probe_summary.json,.json,1160
p745_current_strict_t199_declared_scope_source_topology_selector_theorem_target_to_residual_datum_pair12_typed_carrier_bridge_nonexport_audit_probe.json,.json,10635
p745_current_strict_t199_declared_scope_source_topology_selector_theorem_target_to_residual_datum_pair12_typed_carrier_bridge_nonexport_audit_probe_summary.json,.json,1247
p746_current_strict_t200_axiom_augmented_declared_scope_selector_closure_to_residual_datum_pair12_typed_carrier_strict_core_upgrade_bridge_nonexport_audit_probe.json,.json,10542
p746_current_strict_t200_axiom_augmented_declared_scope_selector_closure_to_residual_datum_pair12_typed_carrier_strict_core_upgrade_bridge_nonexport_audit_probe_summary.json,.json,1246
p747_current_strict_t201_actual_source_topology_selector_witness_target_to_local_pair12_chart_sensitive_atlas_bridge_nonexport_audit_probe.json,.json,10035
p747_current_strict_t201_actual_source_topology_selector_witness_target_to_local_pair12_chart_sensitive_atlas_bridge_nonexport_audit_probe_summary.json,.json,1174
p748_current_strict_t202_strict_source_shannon_pair_population_refinement_to_residual_datum_pair12_typed_carrier_bridge_nonexport_audit_probe.json,.json,12192
p748_current_strict_t202_strict_source_shannon_pair_population_refinement_to_residual_datum_pair12_typed_carrier_bridge_nonexport_audit_probe_summary.json,.json,1184
p749_current_strict_t203_strict_source_shannon_pair_population_support_refinement_to_pair_indexed_population_anchor_entry_nonexport_audit_probe.json,.json,10223
p749_current_strict_t203_strict_source_shannon_pair_population_support_refinement_to_pair_indexed_population_anchor_entry_nonexport_audit_probe_summary.json,.json,1155
p74_strict_side_textual_object_successor_probe_for_legacy_weinberg_role.json,.json,3049
p74_strict_side_textual_object_successor_probe_for_legacy_weinberg_role_summary.json,.json,1514
p750_current_strict_t204_strict_source_shannon_support_refinement_to_minimal_designated_pair12_theta_population_entry_nonexport_audit_probe.json,.json,7302
p750_current_strict_t204_strict_source_shannon_support_refinement_to_minimal_designated_pair12_theta_population_entry_nonexport_audit_probe_summary.json,.json,1181
p751_current_strict_t205_strict_source_shannon_theta_support_refinement_to_minimal_designated_pair12_theta_entry_nonexport_audit_probe.json,.json,5918
p751_current_strict_t205_strict_source_shannon_theta_support_refinement_to_minimal_designated_pair12_theta_entry_nonexport_audit_probe_summary.json,.json,1071
p752_current_strict_t206_strict_source_shannon_pair_population_support_refinement_to_minimal_designated_pair12_populated_instance_entry_nonexport_audit_probe.json,.json,6019
p752_current_strict_t206_strict_source_shannon_pair_population_support_refinement_to_minimal_designated_pair12_populated_instance_entry_nonexport_audit_probe_summary.json,.json,1180
p753_current_strict_t207_strict_source_shannon_minimal_designated_pair12_entry_lane_split_exhaustion_boundary_audit_probe.json,.json,4076
p753_current_strict_t207_strict_source_shannon_minimal_designated_pair12_entry_lane_split_exhaustion_boundary_audit_probe_summary.json,.json,944
p754_current_strict_t208_strict_source_shannon_minimal_designated_pair12_entry_lane_provider_shift_requirement_boundary_audit_probe.json,.json,4063
p754_current_strict_t208_strict_source_shannon_minimal_designated_pair12_entry_lane_provider_shift_requirement_boundary_audit_probe_summary.json,.json,915
p755_current_strict_t209_t26_component2_minimal_designated_pair12_noncyclic_entry_object_target_probe.json,.json,5671
p755_current_strict_t209_t26_component2_minimal_designated_pair12_noncyclic_entry_object_target_probe_summary.json,.json,1037
p756_current_strict_t210_t26_component2_minimal_designated_pair12_noncyclic_entry_object_actual_realization_nonexport_audit_probe.json,.json,6107
p756_current_strict_t210_t26_component2_minimal_designated_pair12_noncyclic_entry_object_actual_realization_nonexport_audit_probe_summary.json,.json,1276
p757_current_strict_t211_t26_component2_future_only_direction_provider_shift_activation_boundary_audit_probe.json,.json,5228
p757_current_strict_t211_t26_component2_future_only_direction_provider_shift_activation_boundary_audit_probe_summary.json,.json,1039
p758_current_strict_t212_pair12_witness_split_current_exported_continuation_family_provider_shift_requirement_boundary_audit_probe.json,.json,5200
p758_current_strict_t212_pair12_witness_split_current_exported_continuation_family_provider_shift_requirement_boundary_audit_probe_summary.json,.json,1146
p759_current_strict_t213_pair12_source_side_branch_selection_provider_target_probe.json,.json,7663
p759_current_strict_t213_pair12_source_side_branch_selection_provider_target_probe_summary.json,.json,1097
p75_strict_side_object_lineage_upgrade_probe_for_legacy_weinberg_role.json,.json,2811
p75_strict_side_object_lineage_upgrade_probe_for_legacy_weinberg_role_summary.json,.json,1306
p760_current_strict_t214_pair12_source_side_branch_selection_provider_actual_realization_nonexport_audit_probe.json,.json,5481
p760_current_strict_t214_pair12_source_side_branch_selection_provider_actual_realization_nonexport_audit_probe_summary.json,.json,846
p761_current_strict_t215_pair12_source_side_branch_selection_provider_actual_realization_direction_activation_boundary_audit_probe.json,.json,4100
p761_current_strict_t215_pair12_source_side_branch_selection_provider_actual_realization_direction_activation_boundary_audit_probe_summary.json,.json,1068
p762_current_strict_t216_pair12_source_side_branch_selection_provider_actual_realization_attempt_probe.json,.json,4891
p762_current_strict_t216_pair12_source_side_branch_selection_provider_actual_realization_attempt_probe_summary.json,.json,1627
p763_current_strict_t217_pair12_source_side_branch_selection_provider_actual_realization_attempt_immediate_missing_interface_nonexport_audit_probe.json,.json,3315
p763_current_strict_t217_pair12_source_side_branch_selection_provider_actual_realization_attempt_immediate_missing_interface_nonexport_audit_probe_summary.json,.json,874
p764_current_strict_t218_pair12_source_side_branch_selection_provider_actual_realization_attempt_chart_sensitive_pair12_typed_descent_interface_target_probe.json,.json,5046
p764_current_strict_t218_pair12_source_side_branch_selection_provider_actual_realization_attempt_chart_sensitive_pair12_typed_descent_interface_target_probe_summary.json,.json,798
p765_current_strict_t219_pair12_source_side_branch_selection_provider_actual_realization_attempt_chart_sensitive_pair12_typed_descent_interface_actual_realization_nonexport_audit_probe.json,.json,3782
p765_current_strict_t219_pair12_source_side_branch_selection_provider_actual_realization_attempt_chart_sensitive_pair12_typed_descent_interface_actual_realization_nonexport_audit_probe_summary.json,.json,953
p766_current_strict_t220_pair12_source_side_branch_selection_provider_actual_realization_attempt_chart_sensitive_pair12_typed_descent_interface_actual_realization_attempt_probe.json,.json,5511
p766_current_strict_t220_pair12_source_side_branch_selection_provider_actual_realization_attempt_chart_sensitive_pair12_typed_descent_interface_actual_realization_attempt_probe_summary.json,.json,2039
p767_current_strict_t221_pair12_source_side_branch_selection_provider_actual_realization_attempt_chart_sensitive_pair12_typed_descent_interface_actual_realization_attempt_immediate_missing_subinterface_nonexport_audit_probe.json,.json,4314
p767_current_strict_t221_pair12_source_side_branch_selection_provider_actual_realization_attempt_chart_sensitive_pair12_typed_descent_interface_actual_realization_attempt_immediate_missing_subinterface_nonexport_audit_probe_summary.json,.json,1014
p768_current_strict_t222_pair12_source_side_branch_selection_provider_actual_realization_attempt_chart_sensitive_pair12_typed_descent_interface_actual_realization_attempt_immediate_missing_subinterface_target_probe.json,.json,5616
p768_current_strict_t222_pair12_source_side_branch_selection_provider_actual_realization_attempt_chart_sensitive_pair12_typed_descent_interface_actual_realization_attempt_immediate_missing_subinterface_target_probe_summary.json,.json,939
p769_current_strict_t223_pair12_source_side_branch_selection_provider_actual_realization_attempt_chart_sensitive_pair12_typed_descent_interface_actual_realization_attempt_immediate_missing_subinterface_actual_realization_nonexport_audit_probe.json,.json,3968
p769_current_strict_t223_pair12_source_side_branch_selection_provider_actual_realization_attempt_chart_sensitive_pair12_typed_descent_interface_actual_realization_attempt_immediate_missing_subinterface_actual_realization_nonexport_audit_probe_summary.json,.json,1080
p76_strict_side_method_successor_subbranch_probe_for_legacy_weinberg_role.json,.json,3755
p76_strict_side_method_successor_subbranch_probe_for_legacy_weinberg_role_summary.json,.json,1953
p770_current_strict_t224_pair12_source_side_branch_selection_provider_actual_realization_attempt_chart_sensitive_pair12_typed_descent_interface_actual_realization_attempt_immediate_missing_subinterface_actual_realization_attempt_probe.json,.json,5810
p770_current_strict_t224_pair12_source_side_branch_selection_provider_actual_realization_attempt_chart_sensitive_pair12_typed_descent_interface_actual_realization_attempt_immediate_missing_subinterface_actual_realization_attempt_probe_summary.json,.json,2272
p771_current_strict_t225_pair12_seed_slot_subsubinterface_nonexport_audit_probe.json,.json,4539
p771_current_strict_t225_pair12_seed_slot_subsubinterface_nonexport_audit_probe_summary.json,.json,1103
p772_current_strict_t226_pair12_seed_slot_subsubinterface_target_probe.json,.json,5244
p772_current_strict_t226_pair12_seed_slot_subsubinterface_target_probe_summary.json,.json,660
p773_current_strict_t227_pair12_seed_slot_subsubinterface_actual_realization_nonexport_audit_probe.json,.json,3763
p773_current_strict_t227_pair12_seed_slot_subsubinterface_actual_realization_nonexport_audit_probe_summary.json,.json,831
p774_current_strict_t228_pair12_seed_slot_subsubinterface_actual_realization_attempt_probe.json,.json,5418
p774_current_strict_t228_pair12_seed_slot_subsubinterface_actual_realization_attempt_probe_summary.json,.json,1741
p775_current_strict_t229_pair12_seed_slot_subsubinterface_actual_realization_attempt_immediate_missing_subsubsubinterface_nonexport_audit_probe.json,.json,4507
p775_current_strict_t229_pair12_seed_slot_subsubinterface_actual_realization_attempt_immediate_missing_subsubsubinterface_nonexport_audit_probe_summary.json,.json,988
p776_current_strict_t230_pair12_seed_slot_coordinate_subsubsubinterface_target_probe.json,.json,6074
p776_current_strict_t230_pair12_seed_slot_coordinate_subsubsubinterface_target_probe_summary.json,.json,1051
p776_current_strict_t230_pair12_seed_slot_subsubsubinterface_target_probe.json,.json,5715
p776_current_strict_t230_pair12_seed_slot_subsubsubinterface_target_probe_summary.json,.json,972
p777_current_strict_t231_pair12_seed_slot_coordinate_subsubsubinterface_actual_realization_nonexport_audit_probe.json,.json,3967
p777_current_strict_t231_pair12_seed_slot_coordinate_subsubsubinterface_actual_realization_nonexport_audit_probe_summary.json,.json,892
p777_current_strict_t231_pair12_seed_slot_subsubsubinterface_actual_realization_nonexport_audit_probe.json,.json,3740
p777_current_strict_t231_pair12_seed_slot_subsubsubinterface_actual_realization_nonexport_audit_probe_summary.json,.json,833
p778_current_strict_t232_pair12_seed_slot_coordinate_subsubsubinterface_actual_realization_attempt_probe.json,.json,5636
p778_current_strict_t232_pair12_seed_slot_coordinate_subsubsubinterface_actual_realization_attempt_probe_summary.json,.json,1851
p779_current_strict_t233_pair12_seed_slot_coordinate_subsubsubinterface_actual_realization_attempt_immediate_missing_subsubsubsubinterface_nonexport_audit_probe.json,.json,4683
p779_current_strict_t233_pair12_seed_slot_coordinate_subsubsubinterface_actual_realization_attempt_immediate_missing_subsubsubsubinterface_nonexport_audit_probe_summary.json,.json,1026
p77_strict_side_textual_method_successor_probe_for_legacy_weinberg_role.json,.json,2577
p77_strict_side_textual_method_successor_probe_for_legacy_weinberg_role_summary.json,.json,1156
p780_current_strict_t234_pair12_seed_slot_coordinate_entry_subsubsubsubinterface_target_probe.json,.json,5640
p780_current_strict_t234_pair12_seed_slot_coordinate_entry_subsubsubsubinterface_target_probe_summary.json,.json,1119
p781_current_strict_t235_pair12_seed_slot_coordinate_entry_subsubsubsubinterface_actual_realization_nonexport_audit_probe.json,.json,4090
p781_current_strict_t235_pair12_seed_slot_coordinate_entry_subsubsubsubinterface_actual_realization_nonexport_audit_probe_summary.json,.json,933
p782_current_strict_t236_pair12_seed_slot_coordinate_entry_subsubsubsubinterface_actual_realization_attempt_probe.json,.json,4070
p782_current_strict_t236_pair12_seed_slot_coordinate_entry_subsubsubsubinterface_actual_realization_attempt_probe_summary.json,.json,584
p783_current_strict_t237_pair12_seed_slot_coordinate_entry_subsubsubsubinterface_actual_realization_attempt_immediate_missing_subsubsubsubsubinterface_nonexport_audit_probe.json,.json,4608
p783_current_strict_t237_pair12_seed_slot_coordinate_entry_subsubsubsubinterface_actual_realization_attempt_immediate_missing_subsubsubsubsubinterface_nonexport_audit_probe_summary.json,.json,930
p784_current_strict_t238_pair12_seed_slot_coordinate_entry_point_subsubsubsubsubinterface_target_probe.json,.json,5842
p784_current_strict_t238_pair12_seed_slot_coordinate_entry_point_subsubsubsubsubinterface_target_probe_summary.json,.json,1167
p785_current_minimal_strict_sm_gr_bridge_registry_boundary_audit_probe.json,.json,2838
p785_current_minimal_strict_sm_gr_bridge_registry_boundary_audit_probe_summary.json,.json,450
p786_current_qw2093_kernel_invariants_only_formula_layer_audit_probe.json,.json,4036
p786_current_qw2093_kernel_invariants_only_formula_layer_audit_probe_summary.json,.json,734
p788_current_alpha_s_dimensionless_or_normalized_replacement_route_probe.json,.json,6439
p788_current_alpha_s_dimensionless_or_normalized_replacement_route_probe_summary.json,.json,785
p789_current_strict_alpha_s_normalized_boundary_interface_candidate_probe.json,.json,7237
p789_current_strict_alpha_s_normalized_boundary_interface_candidate_probe_summary.json,.json,605
p78_strict_side_method_lineage_upgrade_probe_for_legacy_weinberg_role.json,.json,2394
p78_strict_side_method_lineage_upgrade_probe_for_legacy_weinberg_role_summary.json,.json,996
p790_current_strict_alpha_s_canonical_anchor_upgrade_probe.json,.json,4124
p790_current_strict_alpha_s_canonical_anchor_upgrade_probe_summary.json,.json,365
p791_current_strict_alpha_s_selection_principle_reuse_audit_probe.json,.json,4721
p791_current_strict_alpha_s_selection_principle_reuse_audit_probe_summary.json,.json,401
p792_current_strict_alpha_s_family_selection_order_rule_probe.json,.json,6338
p792_current_strict_alpha_s_family_selection_order_rule_probe_summary.json,.json,356
p793_current_strict_alpha_s_order_rule_clause_split_audit_probe.json,.json,4347
p793_current_strict_alpha_s_order_rule_clause_split_audit_probe_summary.json,.json,476
p794_current_strict_alpha_s_normalization_boundary_subclause_audit_probe.json,.json,4023
p794_current_strict_alpha_s_normalization_boundary_subclause_audit_probe_summary.json,.json,459
p795_current_strict_alpha_s_top_boundary_semantic_role_reuse_audit_probe.json,.json,3765
p795_current_strict_alpha_s_top_boundary_semantic_role_reuse_audit_probe_summary.json,.json,321
p796_current_strict_alpha_s_reference_scale_point_reuse_audit_probe.json,.json,4235
p796_current_strict_alpha_s_reference_scale_point_reuse_audit_probe_summary.json,.json,319
p797_current_strict_alpha_s_invariant_extremum_vs_reference_scale_audit_probe.json,.json,4130
p797_current_strict_alpha_s_invariant_extremum_vs_reference_scale_audit_probe_summary.json,.json,462
p798_current_strict_alpha_s_reference_scale_invariant_support_bundle_admission_probe.json,.json,5429
p798_current_strict_alpha_s_reference_scale_invariant_support_bundle_admission_probe_summary.json,.json,463
p799_current_strict_alpha_s_reference_scale_semantic_principle_reuse_audit_probe.json,.json,4291
p799_current_strict_alpha_s_reference_scale_semantic_principle_reuse_audit_probe_summary.json,.json,391
p79_legacy_fine_structure_role_strict_side_branch_probe.json,.json,1834
p79_legacy_fine_structure_role_strict_side_branch_probe_summary.json,.json,668
p7_existing_kernel_feedback_to_kobs_rerun_after_glight_packet.json,.json,5974
p7_existing_kernel_feedback_to_kobs_rerun_after_glight_packet_summary.json,.json,999
p800_current_strict_alpha_s_reference_scale_provider_class_reuse_audit_probe.json,.json,5343
p800_current_strict_alpha_s_reference_scale_provider_class_reuse_audit_probe_summary.json,.json,375
p801_current_strict_alpha_s_same_domain_provider_skeleton_admission_probe.json,.json,5611
p801_current_strict_alpha_s_same_domain_provider_skeleton_admission_probe_summary.json,.json,446
p802_current_strict_alpha_s_provider_class_reorganization_audit_probe.json,.json,4629
p802_current_strict_alpha_s_provider_class_reorganization_audit_probe_summary.json,.json,462
p803_current_strict_alpha_s_same_domain_relation_bundle_admission_probe.json,.json,4600
p803_current_strict_alpha_s_same_domain_relation_bundle_admission_probe_summary.json,.json,458
p804_current_strict_alpha_s_same_domain_compositional_alignment_bundle_admission_probe.json,.json,4862
p804_current_strict_alpha_s_same_domain_compositional_alignment_bundle_admission_probe_summary.json,.json,477
p805_current_strict_alpha_s_acting_input_bundle_admission_probe.json,.json,4770
p805_current_strict_alpha_s_acting_input_bundle_admission_probe_summary.json,.json,446
p806_current_strict_alpha_s_provider_action_same_lane_exhaustion_boundary_audit_probe.json,.json,5593
p806_current_strict_alpha_s_provider_action_same_lane_exhaustion_boundary_audit_probe_summary.json,.json,657
p807_current_strict_alpha_s_strict_source_shannon_reuse_as_same_domain_provider_action_source_audit_probe.json,.json,6445
p807_current_strict_alpha_s_strict_source_shannon_reuse_as_same_domain_provider_action_source_audit_probe_summary.json,.json,565
p808_current_strict_alpha_s_strict_source_shannon_provider_shift_candidate_reference_lane_admission_probe.json,.json,5947
p808_current_strict_alpha_s_strict_source_shannon_provider_shift_candidate_reference_lane_admission_probe_summary.json,.json,507
p809_current_strict_alpha_s_strict_source_shannon_shift_to_alpha_s_domain_interface_target_audit_probe.json,.json,4719
p809_current_strict_alpha_s_strict_source_shannon_shift_to_alpha_s_domain_interface_target_audit_probe_summary.json,.json,584
p80_legacy_fine_structure_retained_subbranch_probe.json,.json,1896
p80_legacy_fine_structure_retained_subbranch_probe_summary.json,.json,704
p810_current_strict_alpha_s_strict_source_shannon_shift_to_domain_carrier_identification_or_adapter_rule_audit_probe.json,.json,4785
p810_current_strict_alpha_s_strict_source_shannon_shift_to_domain_carrier_identification_or_adapter_rule_audit_probe_summary.json,.json,636
p811_current_strict_alpha_s_source_support_present_exact_source_binding_unexported_adapter_action_schema_blocked_source_binding_target_freeze_required.json,.json,4061
p811_current_strict_alpha_s_source_support_present_exact_source_binding_unexported_adapter_action_schema_blocked_source_binding_target_freeze_required_summary.json,.json,688
p812_current_strict_alpha_s_no_source_binding_selection_or_preference_rule_for_f811_target_exported_target_freeze_required.json,.json,4820
p812_current_strict_alpha_s_no_source_binding_selection_or_preference_rule_for_f811_target_exported_target_freeze_required_summary.json,.json,602
p813_current_strict_alpha_s_source_binding_candidate_support_domain_export_admitted_selection_or_preference_rule_schema_still_blocked.json,.json,4785
p813_current_strict_alpha_s_source_binding_candidate_support_domain_export_admitted_selection_or_preference_rule_schema_still_blocked_summary.json,.json,548
p814_current_strict_alpha_s_no_selection_or_preference_rule_schema_for_f812_target_on_exported_f813_support_domain_narrow_schema_target_freeze_required.json,.json,4524
p814_current_strict_alpha_s_no_selection_or_preference_rule_schema_for_f812_target_on_exported_f813_support_domain_narrow_schema_target_freeze_required_summary.json,.json,599
p815_current_strict_alpha_s_domain_member_grade_handling_clause_export_admitted_selection_or_preference_rule_schema_still_blocked.json,.json,4998
p815_current_strict_alpha_s_domain_member_grade_handling_clause_export_admitted_selection_or_preference_rule_schema_still_blocked_summary.json,.json,562
p816_current_strict_alpha_s_selection_or_preference_rule_schema_same_lane_exhaustion_boundary_audit_probe.json,.json,3863
p816_current_strict_alpha_s_selection_or_preference_rule_schema_same_lane_exhaustion_boundary_audit_probe_summary.json,.json,513
p817_current_strict_alpha_s_different_selection_provider_class_shift_candidate_reference_lane_admission_probe.json,.json,6133
p817_current_strict_alpha_s_different_selection_provider_class_shift_candidate_reference_lane_admission_probe_summary.json,.json,636
p818_current_strict_alpha_s_different_provider_class_shift_interface_target_first_continuation_class_audit_probe.json,.json,4588
p818_current_strict_alpha_s_different_provider_class_shift_interface_target_first_continuation_class_audit_probe_summary.json,.json,570
p818_current_strict_alpha_s_no_exact_pair12_source_side_branch_selection_provider_shift_to_schema_interface_target_exported_target_freeze_required.json,.json,5240
p818_current_strict_alpha_s_no_exact_pair12_source_side_branch_selection_provider_shift_to_schema_interface_target_exported_target_freeze_required_summary.json,.json,596
p819_current_strict_alpha_s_no_shift_interface_adapter_or_carrier_identification_rule_for_pair12_source_side_branch_selection_provider_interface_target_exported_target_freeze_required.json,.json,4742
p819_current_strict_alpha_s_no_shift_interface_adapter_or_carrier_identification_rule_for_pair12_source_side_branch_selection_provider_interface_target_exported_target_freeze_required_summary.json,.json,543
p81_strict_side_literal_retention_probe_for_legacy_fine_structure_formula.json,.json,2870
p81_strict_side_literal_retention_probe_for_legacy_fine_structure_formula_summary.json,.json,1069
p820_current_strict_alpha_s_action_schema_candidate_supported_schema_domain_admission_boundary_blocked.json,.json,4673
p820_current_strict_alpha_s_action_schema_candidate_supported_schema_domain_admission_boundary_blocked_summary.json,.json,526
p821_current_strict_alpha_s_continued_nonidentification_candidate_supported_lawful_schema_domain_admission_blocked.json,.json,5424
p821_current_strict_alpha_s_continued_nonidentification_candidate_supported_lawful_schema_domain_admission_blocked_summary.json,.json,557
p822_current_strict_alpha_s_output_schema_class_candidate_supported_lawful_schema_domain_admission_output_schema_blocked.json,.json,4979
p822_current_strict_alpha_s_output_schema_class_candidate_supported_lawful_schema_domain_admission_output_schema_blocked_summary.json,.json,525
p823_current_strict_alpha_s_output_schema_statement_class_candidate_supported_exact_output_schema_statement_blocked.json,.json,4509
p823_current_strict_alpha_s_output_schema_statement_class_candidate_supported_exact_output_schema_statement_blocked_summary.json,.json,485
p824_current_strict_alpha_s_statement_form_class_candidate_supported_exact_statement_required_form_blocked.json,.json,5239
p824_current_strict_alpha_s_statement_form_class_candidate_supported_exact_statement_required_form_blocked_summary.json,.json,471
p825_current_strict_alpha_s_required_form_statement_class_candidate_supported_exact_required_form_statement_blocked.json,.json,5582
p825_current_strict_alpha_s_required_form_statement_class_candidate_supported_exact_required_form_statement_blocked_summary.json,.json,489
p826_current_strict_alpha_s_exact_required_form_statement_same_lane_exhaustion_boundary_audit_probe.json,.json,4624
p826_current_strict_alpha_s_exact_required_form_statement_same_lane_exhaustion_boundary_audit_probe_summary.json,.json,495
p827_current_strict_alpha_s_neighboring_statement_form_stack_reuse_as_same_lane_exact_required_form_statement_source_negative_provider_shift_required.json,.json,4971
p827_current_strict_alpha_s_neighboring_statement_form_stack_reuse_as_same_lane_exact_required_form_statement_source_negative_provider_shift_required_summary.json,.json,557
p827_current_strict_alpha_s_required_form_statement_class_support_reuse_as_same_lane_exact_required_form_statement_source_audit_probe.json,.json,4976
p827_current_strict_alpha_s_required_form_statement_class_support_reuse_as_same_lane_exact_required_form_statement_source_audit_probe_summary.json,.json,562
p827_current_strict_alpha_s_same_lane_exact_required_form_statement_source_audit_negative_provider_shift_required.json,.json,4608
p827_current_strict_alpha_s_same_lane_exact_required_form_statement_source_audit_negative_provider_shift_required_summary.json,.json,497
p828_current_strict_alpha_s_different_required_form_statement_provider_class_shift_candidate_reference_lane_admission_probe.json,.json,6888
p828_current_strict_alpha_s_different_required_form_statement_provider_class_shift_candidate_reference_lane_admission_probe_summary.json,.json,692
p829_current_strict_alpha_s_no_exact_pair12_source_side_branch_selection_provider_shift_to_exact_required_form_statement_interface_target_exported_target_freeze_required.json,.json,5086
p829_current_strict_alpha_s_no_exact_pair12_source_side_branch_selection_provider_shift_to_exact_required_form_statement_interface_target_exported_target_freeze_required_summary.json,.json,688
p82_strict_side_role_equivalence_probe_for_legacy_fine_structure_role.json,.json,2370
p82_strict_side_role_equivalence_probe_for_legacy_fine_structure_role_summary.json,.json,962
p830_current_strict_alpha_s_no_shift_interface_adapter_or_carrier_identification_rule_for_pair12_source_side_branch_selection_provider_exact_required_form_statement_interface_target_exported_target_freeze_required.json,.json,5285
p830_current_strict_alpha_s_no_shift_interface_adapter_or_carrier_identification_rule_for_pair12_source_side_branch_selection_provider_exact_required_form_statement_interface_target_exported_target_freeze_required_summary.json,.json,596
p831_current_strict_alpha_s_action_schema_candidate_supported_exact_required_form_statement_domain_admission_boundary_blocked.json,.json,5255
p831_current_strict_alpha_s_action_schema_candidate_supported_exact_required_form_statement_domain_admission_boundary_blocked_summary.json,.json,618
p832_current_strict_alpha_s_continued_nonidentification_candidate_supported_lawful_exact_required_form_statement_domain_admission_blocked.json,.json,5873
p832_current_strict_alpha_s_continued_nonidentification_candidate_supported_lawful_exact_required_form_statement_domain_admission_blocked_summary.json,.json,649
p833_current_strict_alpha_s_output_schema_class_candidate_supported_lawful_exact_required_form_statement_domain_admission_output_schema_blocked.json,.json,6060
p833_current_strict_alpha_s_output_schema_class_candidate_supported_lawful_exact_required_form_statement_domain_admission_output_schema_blocked_summary.json,.json,617
p834_current_strict_alpha_s_output_schema_statement_class_candidate_supported_lawful_exact_required_form_statement_domain_admission_exact_output_schema_statement_blocked.json,.json,4798
p834_current_strict_alpha_s_output_schema_statement_class_candidate_supported_lawful_exact_required_form_statement_domain_admission_exact_output_schema_statement_blocked_summary.json,.json,593
p835_current_strict_alpha_s_statement_form_class_candidate_supported_lawful_exact_required_form_statement_domain_admission_exact_statement_required_form_blocked.json,.json,5400
p835_current_strict_alpha_s_statement_form_class_candidate_supported_lawful_exact_required_form_statement_domain_admission_exact_statement_required_form_blocked_summary.json,.json,579
p836_current_strict_alpha_s_required_form_statement_class_candidate_supported_lawful_exact_required_form_statement_domain_admission_exact_required_form_statement_blocked.json,.json,6031
p836_current_strict_alpha_s_required_form_statement_class_candidate_supported_lawful_exact_required_form_statement_domain_admission_exact_required_form_statement_blocked_summary.json,.json,597
p837_current_strict_alpha_s_exact_required_form_statement_same_lane_exhaustion_boundary_audit_probe.json,.json,5645
p837_current_strict_alpha_s_exact_required_form_statement_same_lane_exhaustion_boundary_audit_probe_summary.json,.json,495
p838_current_strict_alpha_s_required_form_statement_class_support_reuse_as_same_lane_exact_required_form_statement_source_audit_probe.json,.json,5682
p838_current_strict_alpha_s_required_form_statement_class_support_reuse_as_same_lane_exact_required_form_statement_source_audit_probe_summary.json,.json,562
p839_current_strict_alpha_s_different_required_form_statement_provider_class_shift_candidate_reference_lane_admission_probe.json,.json,7186
p839_current_strict_alpha_s_different_required_form_statement_provider_class_shift_candidate_reference_lane_admission_probe_summary.json,.json,692
p83_legacy_fine_structure_semantic_transfer_subbranch_probe.json,.json,4341
p83_legacy_fine_structure_semantic_transfer_subbranch_probe_summary.json,.json,2159
p840_current_strict_alpha_s_no_exact_pair12_source_side_branch_selection_provider_shift_to_exact_required_form_statement_interface_target_exported_target_freeze_required.json,.json,5327
p840_current_strict_alpha_s_no_exact_pair12_source_side_branch_selection_provider_shift_to_exact_required_form_statement_interface_target_exported_target_freeze_required_summary.json,.json,688
p841_current_strict_alpha_s_no_shift_interface_adapter_or_carrier_identification_rule_for_pair12_source_side_branch_selection_provider_exact_required_form_statement_interface_target_exported_target_freeze_required.json,.json,5817
p841_current_strict_alpha_s_no_shift_interface_adapter_or_carrier_identification_rule_for_pair12_source_side_branch_selection_provider_exact_required_form_statement_interface_target_exported_target_freeze_required_summary.json,.json,596
p842_current_strict_alpha_s_action_schema_candidate_supported_lawful_exact_required_form_statement_domain_admission_boundary_blocked.json,.json,5417
p842_current_strict_alpha_s_action_schema_candidate_supported_lawful_exact_required_form_statement_domain_admission_boundary_blocked_summary.json,.json,646
p843_current_strict_alpha_s_continued_nonidentification_candidate_supported_lawful_exact_required_form_statement_domain_admission_blocked.json,.json,5934
p843_current_strict_alpha_s_continued_nonidentification_candidate_supported_lawful_exact_required_form_statement_domain_admission_blocked_summary.json,.json,649
p844_current_strict_alpha_s_output_schema_class_candidate_supported_lawful_exact_required_form_statement_domain_admission_output_schema_blocked.json,.json,6255
p844_current_strict_alpha_s_output_schema_class_candidate_supported_lawful_exact_required_form_statement_domain_admission_output_schema_blocked_summary.json,.json,617
p845_current_strict_alpha_s_output_schema_statement_class_candidate_supported_lawful_exact_required_form_statement_domain_admission_exact_output_schema_statement_blocked.json,.json,4979
p845_current_strict_alpha_s_output_schema_statement_class_candidate_supported_lawful_exact_required_form_statement_domain_admission_exact_output_schema_statement_blocked_summary.json,.json,593
p846_current_strict_alpha_s_statement_form_class_candidate_supported_lawful_exact_required_form_statement_domain_admission_exact_statement_required_form_blocked.json,.json,5352
p846_current_strict_alpha_s_statement_form_class_candidate_supported_lawful_exact_required_form_statement_domain_admission_exact_statement_required_form_blocked_summary.json,.json,579
p847_current_strict_alpha_s_required_form_statement_class_candidate_supported_lawful_exact_required_form_statement_domain_admission_exact_required_form_statement_blocked.json,.json,5884
p847_current_strict_alpha_s_required_form_statement_class_candidate_supported_lawful_exact_required_form_statement_domain_admission_exact_required_form_statement_blocked_summary.json,.json,597
p848_current_strict_alpha_s_refined_exact_required_form_statement_same_lane_exhaustion_boundary_audit_probe.json,.json,5852
p848_current_strict_alpha_s_refined_exact_required_form_statement_same_lane_exhaustion_boundary_audit_probe_summary.json,.json,511
p849_current_strict_alpha_s_refined_required_form_statement_class_support_reuse_as_same_lane_exact_required_form_statement_source_audit_probe.json,.json,5858
p849_current_strict_alpha_s_refined_required_form_statement_class_support_reuse_as_same_lane_exact_required_form_statement_source_audit_probe_summary.json,.json,578
p84_strict_side_textual_retained_successor_probe_for_legacy_fine_structure_role.json,.json,2834
p84_strict_side_textual_retained_successor_probe_for_legacy_fine_structure_role_summary.json,.json,1282
p850_current_strict_alpha_s_refined_different_required_form_statement_provider_class_shift_candidate_reference_lane_admission_probe.json,.json,7338
p850_current_strict_alpha_s_refined_different_required_form_statement_provider_class_shift_candidate_reference_lane_admission_probe_summary.json,.json,708
p851_current_strict_alpha_s_no_exact_pair12_source_side_branch_selection_provider_shift_to_refined_exact_required_form_statement_interface_target_exported_target_freeze_required.json,.json,5521
p851_current_strict_alpha_s_no_exact_pair12_source_side_branch_selection_provider_shift_to_refined_exact_required_form_statement_interface_target_exported_target_freeze_required_summary.json,.json,720
p852_current_strict_alpha_s_no_shift_interface_adapter_or_carrier_identification_rule_for_pair12_source_side_branch_selection_provider_refined_exact_required_form_statement_interface_target_exported_target_freeze_required.json,.json,6196
p852_current_strict_alpha_s_no_shift_interface_adapter_or_carrier_identification_rule_for_pair12_source_side_branch_selection_provider_refined_exact_required_form_statement_interface_target_exported_target_freeze_required_summary.json,.json,612
p853_current_strict_alpha_s_action_schema_candidate_supported_lawful_refined_exact_required_form_statement_domain_admission_boundary_blocked.json,.json,5557
p853_current_strict_alpha_s_action_schema_candidate_supported_lawful_refined_exact_required_form_statement_domain_admission_boundary_blocked_summary.json,.json,678
p854_current_strict_alpha_s_continued_nonidentification_candidate_supported_lawful_refined_exact_required_form_statement_domain_admission_blocked.json,.json,6126
p854_current_strict_alpha_s_continued_nonidentification_candidate_supported_lawful_refined_exact_required_form_statement_domain_admission_blocked_summary.json,.json,681
p855_current_strict_alpha_s_output_schema_class_candidate_supported_lawful_refined_exact_required_form_statement_domain_admission_output_schema_blocked.json,.json,6498
p855_current_strict_alpha_s_output_schema_class_candidate_supported_lawful_refined_exact_required_form_statement_domain_admission_output_schema_blocked_summary.json,.json,649
p856_current_strict_alpha_s_output_schema_statement_class_candidate_supported_lawful_refined_exact_required_form_statement_domain_admission_exact_output_schema_statement_blocked.json,.json,5059
p856_current_strict_alpha_s_output_schema_statement_class_candidate_supported_lawful_refined_exact_required_form_statement_domain_admission_exact_output_schema_statement_blocked_summary.json,.json,609
p857_current_strict_alpha_s_statement_form_class_candidate_supported_lawful_refined_exact_required_form_statement_domain_admission_exact_statement_required_form_blocked.json,.json,5452
p857_current_strict_alpha_s_statement_form_class_candidate_supported_lawful_refined_exact_required_form_statement_domain_admission_exact_statement_required_form_blocked_summary.json,.json,595
p858_current_strict_alpha_s_required_form_statement_class_candidate_supported_lawful_refined_exact_required_form_statement_domain_admission_exact_required_form_statement_blocked.json,.json,5972
p858_current_strict_alpha_s_required_form_statement_class_candidate_supported_lawful_refined_exact_required_form_statement_domain_admission_exact_required_form_statement_blocked_summary.json,.json,613
p859_current_strict_alpha_s_lawful_refined_exact_required_form_statement_same_lane_exhaustion_boundary_audit_probe.json,.json,5817
p859_current_strict_alpha_s_lawful_refined_exact_required_form_statement_same_lane_exhaustion_boundary_audit_probe_summary.json,.json,459
p85_strict_side_object_lineage_upgrade_probe_for_legacy_fine_structure_role.json,.json,2658
p85_strict_side_object_lineage_upgrade_probe_for_legacy_fine_structure_role_summary.json,.json,1146
p860_current_strict_alpha_s_lawful_refined_required_form_statement_class_support_reuse_as_same_lane_exact_required_form_statement_source_audit_probe.json,.json,5864
p860_current_strict_alpha_s_lawful_refined_required_form_statement_class_support_reuse_as_same_lane_exact_required_form_statement_source_audit_probe_summary.json,.json,592
p861_current_strict_alpha_s_lawful_refined_different_required_form_statement_provider_class_shift_candidate_reference_lane_admission_probe.json,.json,7261
p861_current_strict_alpha_s_lawful_refined_different_required_form_statement_provider_class_shift_candidate_reference_lane_admission_probe_summary.json,.json,722
p862_current_strict_alpha_s_no_exact_pair12_source_side_branch_selection_provider_shift_to_lawful_refined_exact_required_form_statement_interface_target_exported_target_freeze_required.json,.json,5535
p862_current_strict_alpha_s_no_exact_pair12_source_side_branch_selection_provider_shift_to_lawful_refined_exact_required_form_statement_interface_target_exported_target_freeze_required_summary.json,.json,748
p863_current_strict_alpha_s_no_shift_interface_adapter_or_carrier_identification_rule_for_pair12_source_side_branch_selection_provider_lawful_refined_exact_required_form_statement_interface_target_exported_target_freeze_required.json,.json,6402
p863_current_strict_alpha_s_no_shift_interface_adapter_or_carrier_identification_rule_for_pair12_source_side_branch_selection_provider_lawful_refined_exact_required_form_statement_interface_target_exported_target_freeze_required_summary.json,.json,626
p864_current_strict_alpha_s_action_schema_candidate_supported_lawful_refined_exact_required_form_statement_shift_interface_rule_domain_admission_boundary_blocked.json,.json,5663
p864_current_strict_alpha_s_action_schema_candidate_supported_lawful_refined_exact_required_form_statement_shift_interface_rule_domain_admission_boundary_blocked_summary.json,.json,720
p865_current_strict_alpha_s_continued_nonidentification_candidate_supported_lawful_refined_exact_required_form_statement_shift_interface_rule_domain_admission_blocked.json,.json,6546
p865_current_strict_alpha_s_continued_nonidentification_candidate_supported_lawful_refined_exact_required_form_statement_shift_interface_rule_domain_admission_blocked_summary.json,.json,765
p866_current_strict_alpha_s_output_schema_class_candidate_supported_lawful_refined_exact_required_form_statement_shift_interface_rule_domain_admission_output_schema_blocked.json,.json,6717
p866_current_strict_alpha_s_output_schema_class_candidate_supported_lawful_refined_exact_required_form_statement_shift_interface_rule_domain_admission_output_schema_blocked_summary.json,.json,733
p867_current_strict_alpha_s_output_schema_statement_class_candidate_supported_lawful_refined_exact_required_form_statement_shift_interface_rule_domain_admission_exact_output_schema_statement_blocked.json,.json,5367
p867_current_strict_alpha_s_output_schema_statement_class_candidate_supported_lawful_refined_exact_required_form_statement_shift_interface_rule_domain_admission_exact_output_schema_statement_blocked_summary.json,.json,651
p868_current_strict_alpha_s_statement_form_class_candidate_supported_lawful_refined_exact_required_form_statement_shift_interface_rule_domain_admission_exact_statement_required_form_blocked.json,.json,5870
p868_current_strict_alpha_s_statement_form_class_candidate_supported_lawful_refined_exact_required_form_statement_shift_interface_rule_domain_admission_exact_statement_required_form_blocked_summary.json,.json,637
p869_current_strict_alpha_s_required_form_statement_class_candidate_supported_lawful_refined_exact_required_form_statement_shift_interface_rule_domain_admission_exact_required_form_statement_blocked.json,.json,6332
p869_current_strict_alpha_s_required_form_statement_class_candidate_supported_lawful_refined_exact_required_form_statement_shift_interface_rule_domain_admission_exact_required_form_statement_blocked_summary.json,.json,655
p86_legacy_fine_structure_replaced_successor_subbranch_probe.json,.json,3542
p86_legacy_fine_structure_replaced_successor_subbranch_probe_summary.json,.json,1743
p870_current_strict_alpha_s_lawful_refined_exact_required_form_statement_shift_interface_rule_domain_admission_exact_required_form_statement_same_lane_exhaustion_boundary_audit_probe.json,.json,6404
p870_current_strict_alpha_s_lawful_refined_exact_required_form_statement_shift_interface_rule_domain_admission_exact_required_form_statement_same_lane_exhaustion_boundary_audit_probe_summary.json,.json,595
p871_current_strict_alpha_s_lawful_refined_shift_interface_rule_domain_admission_required_form_statement_class_support_reuse_as_same_lane_exact_required_form_statement_source_audit_probe.json,.json,6556
p871_current_strict_alpha_s_lawful_refined_shift_interface_rule_domain_admission_required_form_statement_class_support_reuse_as_same_lane_exact_required_form_statement_source_audit_probe_summary.json,.json,668
p872_current_strict_alpha_s_lawful_refined_shift_interface_rule_domain_admission_different_required_form_statement_provider_class_shift_candidate_reference_lane_admission_probe.json,.json,7686
p872_current_strict_alpha_s_lawful_refined_shift_interface_rule_domain_admission_different_required_form_statement_provider_class_shift_candidate_reference_lane_admission_probe_summary.json,.json,798
p873_current_strict_alpha_s_no_exact_pair12_source_side_branch_selection_provider_shift_to_lawful_refined_shift_interface_rule_domain_admission_exact_required_form_statement_interface_target_exported_target_freeze_required.json,.json,6141
p873_current_strict_alpha_s_no_exact_pair12_source_side_branch_selection_provider_shift_to_lawful_refined_shift_interface_rule_domain_admission_exact_required_form_statement_interface_target_exported_target_freeze_required_summary.json,.json,900
p874_current_strict_alpha_s_no_shift_interface_adapter_or_carrier_rule_for_pair12_provider_lawful_refined_sir_da_exact_required_form_statement_interface_target_freeze_required.json,.json,6768
p874_current_strict_alpha_s_no_shift_interface_adapter_or_carrier_rule_for_pair12_provider_lawful_refined_sir_da_exact_required_form_statement_interface_target_freeze_required_summary.json,.json,536
p875_current_strict_alpha_s_action_schema_candidate_supported_lawful_refined_shift_interface_rule_domain_admission_exact_required_form_statement_domain_admission_boundary_blocked.json,.json,6152
p875_current_strict_alpha_s_action_schema_candidate_supported_lawful_refined_shift_interface_rule_domain_admission_exact_required_form_statement_domain_admission_boundary_blocked_summary.json,.json,830
p876_current_strict_alpha_s_continued_nonidentification_candidate_supported_lawful_refined_shift_interface_rule_domain_admission_exact_required_form_statement_domain_admission_blocked.json,.json,7262
p876_current_strict_alpha_s_continued_nonidentification_candidate_supported_lawful_refined_shift_interface_rule_domain_admission_exact_required_form_statement_domain_admission_blocked_summary.json,.json,833
p877_current_strict_alpha_s_output_schema_class_candidate_supported_lawful_refined_shift_interface_rule_domain_admission_exact_required_form_statement_domain_admission_output_schema_blocked.json,.json,7487
p877_current_strict_alpha_s_output_schema_class_candidate_supported_lawful_refined_shift_interface_rule_domain_admission_exact_required_form_statement_domain_admission_output_schema_blocked_summary.json,.json,801
p878_current_strict_alpha_s_output_schema_statement_class_candidate_supported_lawful_refined_shift_interface_rule_domain_admission_exact_required_form_statement_domain_admission_exact_output_schema_statement_blocked.json,.json,6007
p878_current_strict_alpha_s_output_schema_statement_class_candidate_supported_lawful_refined_shift_interface_rule_domain_admission_exact_required_form_statement_domain_admission_exact_output_schema_statement_blocked_summary.json,.json,685
p879_current_strict_alpha_s_statement_form_class_candidate_supported_lawful_refined_shift_interface_rule_domain_admission_exact_required_form_statement_domain_admission_exact_statement_required_form_blocked.json,.json,6416
p879_current_strict_alpha_s_statement_form_class_candidate_supported_lawful_refined_shift_interface_rule_domain_admission_exact_required_form_statement_domain_admission_exact_statement_required_form_blocked_summary.json,.json,671
p87_strict_side_object_successor_subbranch_probe_for_legacy_fine_structure_role.json,.json,4177
p87_strict_side_object_successor_subbranch_probe_for_legacy_fine_structure_role_summary.json,.json,2227
p880_current_strict_alpha_s_required_form_statement_class_candidate_supported_lawful_refined_shift_interface_rule_domain_admission_exact_required_form_statement_domain_admission_exact_required_form_statement_blocked.json,.json,7083
p880_current_strict_alpha_s_required_form_statement_class_candidate_supported_lawful_refined_shift_interface_rule_domain_admission_exact_required_form_statement_domain_admission_exact_required_form_statement_blocked_summary.json,.json,689
p881_current_strict_alpha_s_lawful_refined_shift_interface_rule_domain_admission_exact_required_form_statement_domain_admission_exact_required_form_statement_same_lane_exhaustion_boundary_audit_probe.json,.json,6645
p881_current_strict_alpha_s_lawful_refined_shift_interface_rule_domain_admission_exact_required_form_statement_domain_admission_exact_required_form_statement_same_lane_exhaustion_boundary_audit_probe_summary.json,.json,629
p882_current_strict_alpha_s_lawful_refined_shift_interface_rule_domain_admission_exact_required_form_statement_domain_admission_required_form_statement_class_support_reuse_as_same_lane_exact_required_form_statement_source_audit_probe.json,.json,6930
p882_current_strict_alpha_s_lawful_refined_shift_interface_rule_domain_admission_exact_required_form_statement_domain_admission_required_form_statement_class_support_reuse_as_same_lane_exact_required_form_statement_source_audit_probe_summary.json,.json,762
p883_current_strict_alpha_s_lawful_refined_shift_interface_rule_domain_admission_exact_required_form_statement_domain_admission_different_required_form_statement_provider_class_shift_candidate_reference_lane_admission_probe.json,.json,7992
p883_current_strict_alpha_s_lawful_refined_shift_interface_rule_domain_admission_exact_required_form_statement_domain_admission_different_required_form_statement_provider_class_shift_candidate_reference_lane_admission_probe_summary.json,.json,892
p884_current_strict_alpha_s_no_exact_pair12_provider_shift_to_lawful_refined_sir_da_exact_required_form_statement_da_exact_required_form_statement_interface_target_freeze_required.json,.json,6055
p884_current_strict_alpha_s_no_exact_pair12_provider_shift_to_lawful_refined_sir_da_exact_required_form_statement_da_exact_required_form_statement_interface_target_freeze_required_summary.json,.json,730
p885_current_strict_alpha_s_no_shift_interface_adapter_or_carrier_rule_for_pair12_provider_lawful_refined_sir_da_exact_required_form_statement_da_exact_required_form_statement_interface_target_freeze_required.json,.json,7266
p885_current_strict_alpha_s_no_shift_interface_adapter_or_carrier_rule_for_pair12_provider_lawful_refined_sir_da_exact_required_form_statement_da_exact_required_form_statement_interface_target_freeze_required_summary.json,.json,602
p886_current_strict_alpha_s_action_schema_candidate_supported_lawful_refined_shift_interface_rule_domain_admission_exact_required_form_statement_domain_admission_exact_required_form_statement_domain_admission_boundary_blocked.json,.json,6292
p886_current_strict_alpha_s_action_schema_candidate_supported_lawful_refined_shift_interface_rule_domain_admission_exact_required_form_statement_domain_admission_exact_required_form_statement_domain_admission_boundary_blocked_summary.json,.json,1018
p887_current_strict_alpha_s_continued_nonidentification_candidate_supported_lawful_refined_shift_interface_rule_domain_admission_exact_required_form_statement_domain_admission_exact_required_form_statement_domain_admission_blocked.json,.json,7072
p887_current_strict_alpha_s_continued_nonidentification_candidate_supported_lawful_refined_shift_interface_rule_domain_admission_exact_required_form_statement_domain_admission_exact_required_form_statement_domain_admission_blocked_summary.json,.json,1021
p888_current_strict_alpha_s_output_schema_class_candidate_supported_lawful_refined_shift_interface_rule_domain_admission_exact_required_form_statement_domain_admission_exact_required_form_statement_domain_admission_output_schema_blocked.json,.json,7479
p888_current_strict_alpha_s_output_schema_class_candidate_supported_lawful_refined_shift_interface_rule_domain_admission_exact_required_form_statement_domain_admission_exact_required_form_statement_domain_admission_output_schema_blocked_summary.json,.json,989
p889_current_strict_alpha_s_output_schema_statement_class_candidate_supported_lawful_refined_sir_da_erfs_da_erfs_da_exact_output_schema_statement_blocked.json,.json,5626
p889_current_strict_alpha_s_output_schema_statement_class_candidate_supported_lawful_refined_sir_da_erfs_da_erfs_da_exact_output_schema_statement_blocked_summary.json,.json,561
p88_strict_side_textual_object_successor_probe_for_legacy_fine_structure_role.json,.json,3084
p88_strict_side_textual_object_successor_probe_for_legacy_fine_structure_role_summary.json,.json,1531
p890_current_strict_alpha_s_statement_form_class_candidate_supported_lawful_refined_sir_da_erfs_da_erfs_da_exact_statement_required_form_blocked.json,.json,6016
p890_current_strict_alpha_s_statement_form_class_candidate_supported_lawful_refined_sir_da_erfs_da_erfs_da_exact_statement_required_form_blocked_summary.json,.json,547
p891_current_strict_alpha_s_required_form_statement_class_candidate_supported_lawful_refined_sir_da_erfs_da_erfs_da_exact_required_form_statement_blocked.json,.json,6495
p891_current_strict_alpha_s_required_form_statement_class_candidate_supported_lawful_refined_sir_da_erfs_da_erfs_da_exact_required_form_statement_blocked_summary.json,.json,565
p892_current_strict_alpha_s_lawful_refined_sir_da_erfs_da_erfs_da_exact_required_form_statement_same_lane_exhaustion_boundary_audit_probe.json,.json,5806
p892_current_strict_alpha_s_lawful_refined_sir_da_erfs_da_erfs_da_exact_required_form_statement_same_lane_exhaustion_boundary_audit_probe_summary.json,.json,505
p893_current_strict_alpha_s_lawful_refined_sir_da_erfs_da_erfs_da_required_form_statement_class_support_reuse_as_same_lane_exact_required_form_statement_source_audit_probe.json,.json,6250
p893_current_strict_alpha_s_lawful_refined_sir_da_erfs_da_erfs_da_required_form_statement_class_support_reuse_as_same_lane_exact_required_form_statement_source_audit_probe_summary.json,.json,638
p894_current_strict_alpha_s_lawful_refined_sir_da_erfs_da_erfs_da_different_required_form_statement_provider_class_shift_candidate_reference_lane_admission_probe.json,.json,7690
p894_current_strict_alpha_s_lawful_refined_sir_da_erfs_da_erfs_da_different_required_form_statement_provider_class_shift_candidate_reference_lane_admission_probe_summary.json,.json,768
p895_current_strict_alpha_s_no_exact_pair12_provider_shift_to_lawful_refined_sir_da_erfs_da_erfs_da_exact_required_form_statement_interface_target_freeze_required.json,.json,5961
p895_current_strict_alpha_s_no_exact_pair12_provider_shift_to_lawful_refined_sir_da_erfs_da_erfs_da_exact_required_form_statement_interface_target_freeze_required_summary.json,.json,676
p896_current_strict_alpha_s_no_shift_interface_adapter_or_carrier_rule_for_pair12_provider_lawful_refined_sir_da_erfs_da_erfs_da_exact_required_form_statement_interface_target_freeze_required.json,.json,7167
p896_current_strict_alpha_s_no_shift_interface_adapter_or_carrier_rule_for_pair12_provider_lawful_refined_sir_da_erfs_da_erfs_da_exact_required_form_statement_interface_target_freeze_required_summary.json,.json,568
p897_current_strict_alpha_s_action_schema_candidate_supported_lawful_refined_sir_da_erfs_da_erfs_da_exact_required_form_statement_domain_admission_boundary_blocked.json,.json,5554
p897_current_strict_alpha_s_action_schema_candidate_supported_lawful_refined_sir_da_erfs_da_erfs_da_exact_required_form_statement_domain_admission_boundary_blocked_summary.json,.json,738
p898_current_strict_alpha_s_continued_nonidentification_candidate_supported_lawful_refined_sir_da_erfs_da_erfs_da_exact_required_form_statement_domain_admission_blocked.json,.json,6471
p898_current_strict_alpha_s_continued_nonidentification_candidate_supported_lawful_refined_sir_da_erfs_da_erfs_da_exact_required_form_statement_domain_admission_blocked_summary.json,.json,741
p899_current_strict_alpha_s_output_schema_class_candidate_supported_lawful_refined_sir_da_erfs_da_erfs_da_exact_required_form_statement_domain_admission_output_schema_blocked.json,.json,7043
p899_current_strict_alpha_s_output_schema_class_candidate_supported_lawful_refined_sir_da_erfs_da_erfs_da_exact_required_form_statement_domain_admission_output_schema_blocked_summary.json,.json,709
p89_strict_side_object_lineage_upgrade_probe_for_legacy_fine_structure_role.json,.json,2846
p89_strict_side_object_lineage_upgrade_probe_for_legacy_fine_structure_role_summary.json,.json,1323
p8_existing_kernel_feedback_to_kobs_rerun_after_e_and_glight_packets.json,.json,10021
p8_existing_kernel_feedback_to_kobs_rerun_after_e_and_glight_packets_summary.json,.json,1000
p900_current_strict_alpha_s_output_schema_statement_class_candidate_supported_lawful_refined_sir_da_erfs_da_erfs_da_exact_required_form_statement_domain_admission_exact_output_schema_statement_blocked.json,.json,5377
p900_current_strict_alpha_s_output_schema_statement_class_candidate_supported_lawful_refined_sir_da_erfs_da_erfs_da_exact_required_form_statement_domain_admission_exact_output_schema_statement_blocked_summary.json,.json,655
p901_current_strict_alpha_s_statement_form_class_candidate_supported_lawful_refined_sir_da_erfs_da_erfs_da_exact_required_form_statement_domain_admission_exact_statement_required_form_blocked.json,.json,5854
p901_current_strict_alpha_s_statement_form_class_candidate_supported_lawful_refined_sir_da_erfs_da_erfs_da_exact_required_form_statement_domain_admission_exact_statement_required_form_blocked_summary.json,.json,641
p902_current_strict_alpha_s_required_form_statement_class_candidate_supported_lawful_refined_sir_da_erfs_da_erfs_da_exact_required_form_statement_domain_admission_exact_required_form_statement_blocked.json,.json,6370
p902_current_strict_alpha_s_required_form_statement_class_candidate_supported_lawful_refined_sir_da_erfs_da_erfs_da_exact_required_form_statement_domain_admission_exact_required_form_statement_blocked_summary.json,.json,659
p903_current_strict_alpha_s_lawful_refined_sir_da_erfs_da_erfs_da_exact_required_form_statement_domain_admission_exact_required_form_statement_same_lane_exhaustion_boundary_audit_probe.json,.json,6420
p903_current_strict_alpha_s_lawful_refined_sir_da_erfs_da_erfs_da_exact_required_form_statement_domain_admission_exact_required_form_statement_same_lane_exhaustion_boundary_audit_probe_summary.json,.json,599
p904_current_strict_alpha_s_lawful_refined_sir_da_erfs_da_erfs_da_exact_required_form_statement_domain_admission_required_form_statement_class_support_reuse_as_same_lane_exact_required_form_statement_source_audit_probe.json,.json,7027
p904_current_strict_alpha_s_lawful_refined_sir_da_erfs_da_erfs_da_exact_required_form_statement_domain_admission_required_form_statement_class_support_reuse_as_same_lane_exact_required_form_statement_source_audit_probe_summary.json,.json,732
p905_current_strict_alpha_s_lawful_refined_sir_da_erfs_da_erfs_da_exact_required_form_statement_domain_admission_different_required_form_statement_provider_class_shift_candidate_reference_lane_admission_probe.json,.json,8185
p905_current_strict_alpha_s_lawful_refined_sir_da_erfs_da_erfs_da_exact_required_form_statement_domain_admission_different_required_form_statement_provider_class_shift_candidate_reference_lane_admission_probe_summary.json,.json,862
p906_current_strict_alpha_s_no_exact_pair12_provider_shift_to_lawful_refined_sir_da_erfs_da_erfs_da_exact_required_form_statement_domain_admission_interface_target_freeze_required.json,.json,6549
p906_current_strict_alpha_s_no_exact_pair12_provider_shift_to_lawful_refined_sir_da_erfs_da_erfs_da_exact_required_form_statement_domain_admission_interface_target_freeze_required_summary.json,.json,744
p907_current_strict_alpha_s_no_shift_interface_adapter_or_carrier_rule_for_pair12_provider_lawful_refined_sir_da_erfs_da_erfs_da_exact_required_form_statement_domain_admission_interface_target_freeze_required.json,.json,7878
p907_current_strict_alpha_s_no_shift_interface_adapter_or_carrier_rule_for_pair12_provider_lawful_refined_sir_da_erfs_da_erfs_da_exact_required_form_statement_domain_admission_interface_target_freeze_required_summary.json,.json,602
p908_current_strict_alpha_s_action_schema_candidate_supported_lawful_refined_sir_da_erfs_da_erfs_da_exact_required_form_statement_domain_admission_exact_required_form_statement_domain_admission_boundary_blocked.json,.json,5914
p908_current_strict_alpha_s_action_schema_candidate_supported_lawful_refined_sir_da_erfs_da_erfs_da_exact_required_form_statement_domain_admission_exact_required_form_statement_domain_admission_boundary_blocked_summary.json,.json,866
p909_current_strict_alpha_s_continued_nonidentification_candidate_supported_lawful_refined_sir_da_erfs_da_erfs_da_exact_required_form_statement_domain_admission_exact_required_form_statement_domain_admission_blocked.json,.json,6603
p909_current_strict_alpha_s_continued_nonidentification_candidate_supported_lawful_refined_sir_da_erfs_da_erfs_da_exact_required_form_statement_domain_admission_exact_required_form_statement_domain_admission_blocked_summary.json,.json,869
p90_strict_side_method_successor_subbranch_probe_for_legacy_fine_structure_role.json,.json,3818
p90_strict_side_method_successor_subbranch_probe_for_legacy_fine_structure_role_summary.json,.json,1981
p910_current_strict_alpha_s_output_schema_class_candidate_supported_lawful_refined_sir_da_erfs_da_erfs_da_exact_required_form_statement_domain_admission_exact_required_form_statement_domain_admission_output_schema_blocked.json,.json,7532
p910_current_strict_alpha_s_output_schema_class_candidate_supported_lawful_refined_sir_da_erfs_da_erfs_da_exact_required_form_statement_domain_admission_exact_required_form_statement_domain_admission_output_schema_blocked_summary.json,.json,803
p911_current_strict_alpha_s_output_schema_statement_class_candidate_supported_lawful_refined_sir_da_erfs_da_erfs_da_exact_output_schema_statement_blocked_summary.json,.json,749
p911_current_strict_alpha_s_output_schema_statement_class_candidate_supported_lawful_refined_sir_da_erfs_da_erfs_da_exact_required_form_statement_domain_admission_exact_required_form_statement_domain_admission_exact_output_schema_statement_blocked.json,.json,5631
p912_current_strict_alpha_s_statement_form_class_candidate_supported_lawful_refined_sir_da_erfs_da_erfs_da_exact_required_form_statement_domain_admission_exact_required_form_statement_domain_admission_exact_statement_required_form_blocked.json,.json,6264
p912_current_strict_alpha_s_statement_form_class_candidate_supported_lawful_refined_sir_da_erfs_da_erfs_da_exact_required_form_statement_domain_admission_exact_required_form_statement_domain_admission_exact_statement_required_form_blocked_summary.json,.json,735
p913_current_strict_alpha_s_required_form_statement_class_candidate_supported_lawful_refined_sir_da_erfs_da_erfs_da_exact_required_form_statement_blocked_summary.json,.json,753
p913_current_strict_alpha_s_required_form_statement_class_candidate_supported_lawful_refined_sir_da_erfs_da_erfs_da_exact_required_form_statement_domain_admission_exact_required_form_statement_domain_admission_exact_required_form_statement_blocked.json,.json,6827
p914_current_strict_alpha_s_lawful_refined_sir_da_erfs_da_erfs_da_exact_required_form_statement_domain_admission_exact_required_form_statement_domain_admission_exact_required_form_statement_same_lane_exhaustion_boundary_audit_probe.json,.json,6884
p914_current_strict_alpha_s_lawful_refined_sir_da_erfs_da_erfs_da_exact_required_form_statement_domain_admission_exact_required_form_statement_domain_admission_exact_required_form_statement_same_lane_exhaustion_boundary_audit_probe_summary.json,.json,693
p915_current_strict_alpha_s_lawful_refined_sir_da_erfs_da_erfs_da_da_erfs_rfs_class_support_reuse_as_same_lane_exact_rfs_source_audit_probe.json,.json,7685
p915_current_strict_alpha_s_lawful_refined_sir_da_erfs_da_erfs_da_da_erfs_rfs_class_support_reuse_as_same_lane_exact_rfs_source_audit_probe_summary.json,.json,826
p916_current_strict_alpha_s_lawful_refined_sir_da_erfs_da_erfs_da_da_erfs_diff_rfs_provider_shift_candidate_reference_lane_admission_probe.json,.json,8375
p916_current_strict_alpha_s_lawful_refined_sir_da_erfs_da_erfs_da_da_erfs_diff_rfs_provider_shift_candidate_reference_lane_admission_probe_summary.json,.json,1350
p917_current_strict_alpha_s_no_exact_pair12_provider_shift_to_lawful_refined_sir_da_erfs_da_erfs_da_da_erfs_interface_target_freeze_required.json,.json,6602
p917_current_strict_alpha_s_no_exact_pair12_provider_shift_to_lawful_refined_sir_da_erfs_da_erfs_da_da_erfs_interface_target_freeze_required_summary.json,.json,838
p918_current_strict_alpha_s_no_shift_interface_adapter_or_carrier_rule_for_pair12_provider_lawful_refined_sir_da_erfs_da_erfs_da_da_erfs_interface_target_freeze_required.json,.json,8160
p918_current_strict_alpha_s_no_shift_interface_adapter_or_carrier_rule_for_pair12_provider_lawful_refined_sir_da_erfs_da_erfs_da_da_erfs_interface_target_freeze_required_summary.json,.json,696
p919_current_strict_alpha_s_action_schema_candidate_supported_lawful_refined_sir_da_erfs_da_erfs_da_da_erfs_domain_admission_boundary_blocked.json,.json,5652
p919_current_strict_alpha_s_action_schema_candidate_supported_lawful_refined_sir_da_erfs_da_erfs_da_da_erfs_domain_admission_boundary_blocked_summary.json,.json,832
p91_strict_side_textual_method_successor_probe_for_legacy_fine_structure_role.json,.json,2617
p91_strict_side_textual_method_successor_probe_for_legacy_fine_structure_role_summary.json,.json,1173
p920_current_strict_alpha_s_continued_nonidentification_candidate_supported_lawful_refined_sir_da_erfs_da_erfs_da_da_erfs_domain_admission_blocked.json,.json,6457
p920_current_strict_alpha_s_continued_nonidentification_candidate_supported_lawful_refined_sir_da_erfs_da_erfs_da_da_erfs_domain_admission_blocked_summary.json,.json,835
p921_current_strict_alpha_s_output_schema_class_candidate_supported_lawful_refined_sir_da_erfs_da_erfs_da_da_erfs_domain_admission_output_schema_blocked.json,.json,7576
p921_current_strict_alpha_s_output_schema_class_candidate_supported_lawful_refined_sir_da_erfs_da_erfs_da_da_erfs_domain_admission_output_schema_blocked_summary.json,.json,803
p922_current_strict_alpha_s_output_schema_statement_class_candidate_supported_lawful_refined_sir_da_erfs_da_erfs_da_da_erfs_domain_admission_exact_output_schema_statement_blocked.json,.json,5440
p922_current_strict_alpha_s_output_schema_statement_class_candidate_supported_lawful_refined_sir_da_erfs_da_erfs_da_da_erfs_domain_admission_exact_output_schema_statement_blocked_summary.json,.json,749
p923_current_strict_alpha_s_statement_form_class_candidate_supported_lawful_refined_sir_da_erfs_da_erfs_da_da_erfs_domain_admission_exact_statement_required_form_blocked.json,.json,5888
p923_current_strict_alpha_s_statement_form_class_candidate_supported_lawful_refined_sir_da_erfs_da_erfs_da_da_erfs_domain_admission_exact_statement_required_form_blocked_summary.json,.json,735
p924_current_strict_alpha_s_required_form_statement_class_candidate_supported_lawful_refined_sir_da_erfs_da_erfs_da_da_erfs_domain_admission_exact_required_form_statement_blocked.json,.json,6382
p924_current_strict_alpha_s_required_form_statement_class_candidate_supported_lawful_refined_sir_da_erfs_da_erfs_da_da_erfs_domain_admission_exact_required_form_statement_blocked_summary.json,.json,753
p925_current_strict_alpha_s_lawful_refined_sir_da_erfs_da_erfs_da_da_erfs_exact_required_form_statement_same_lane_exhaustion_boundary_audit_probe.json,.json,6441
p925_current_strict_alpha_s_lawful_refined_sir_da_erfs_da_erfs_da_da_erfs_exact_required_form_statement_same_lane_exhaustion_boundary_audit_probe_summary.json,.json,693
p926_current_strict_alpha_s_lawful_refined_sir_da_erfs_da_erfs_da_da_erfs_rfs_class_support_reuse_as_same_lane_exact_rfs_source_audit_probe.json,.json,7334
p926_current_strict_alpha_s_lawful_refined_sir_da_erfs_da_erfs_da_da_erfs_rfs_class_support_reuse_as_same_lane_exact_rfs_source_audit_probe_summary.json,.json,826
p927_current_strict_alpha_s_lawful_refined_sir_da_erfs_da_erfs_da_da_erfs_diff_rfs_provider_shift_candidate_reference_lane_admission_probe.json,.json,8455
p927_current_strict_alpha_s_lawful_refined_sir_da_erfs_da_erfs_da_da_erfs_diff_rfs_provider_shift_candidate_reference_lane_admission_probe_summary.json,.json,1491
p928_current_strict_alpha_s_no_exact_pair12_provider_shift_to_lawful_refined_sir_da_erfs_da_erfs_da_da_erfs_interface_target_freeze_required.json,.json,6815
p928_current_strict_alpha_s_no_exact_pair12_provider_shift_to_lawful_refined_sir_da_erfs_da_erfs_da_da_erfs_interface_target_freeze_required_summary.json,.json,932
p929_current_strict_alpha_s_no_shift_interface_adapter_or_carrier_rule_for_pair12_provider_lawful_refined_sir_da_erfs_da_erfs_da_da_erfs_interface_target_freeze_required.json,.json,8679
p929_current_strict_alpha_s_no_shift_interface_adapter_or_carrier_rule_for_pair12_provider_lawful_refined_sir_da_erfs_da_erfs_da_da_erfs_interface_target_freeze_required_summary.json,.json,790
p92_strict_side_method_lineage_upgrade_probe_for_legacy_fine_structure_role.json,.json,2429
p92_strict_side_method_lineage_upgrade_probe_for_legacy_fine_structure_role_summary.json,.json,1008
p930_current_strict_alpha_s_action_schema_candidate_supported_lawful_refined_sir_da_erfs_da_erfs_da_da_erfs_domain_admission_boundary_blocked.json,.json,5677
p930_current_strict_alpha_s_action_schema_candidate_supported_lawful_refined_sir_da_erfs_da_erfs_da_da_erfs_domain_admission_boundary_blocked_summary.json,.json,926
p931_current_strict_alpha_s_continued_nonidentification_candidate_supported_lawful_refined_sir_da_erfs_da_erfs_da_da_erfs_domain_admission_blocked.json,.json,6482
p931_current_strict_alpha_s_continued_nonidentification_candidate_supported_lawful_refined_sir_da_erfs_da_erfs_da_da_erfs_domain_admission_blocked_summary.json,.json,929
p932_current_strict_alpha_s_output_schema_class_candidate_supported_lawful_refined_sir_da_erfs_da_erfs_da_da_erfs_domain_admission_output_schema_blocked.json,.json,7767
p932_current_strict_alpha_s_output_schema_class_candidate_supported_lawful_refined_sir_da_erfs_da_erfs_da_da_erfs_domain_admission_output_schema_blocked_summary.json,.json,897
p933_current_strict_alpha_s_output_schema_statement_class_candidate_supported_lawful_refined_sir_da_erfs_da_erfs_da_da_erfs_domain_admission_exact_output_schema_statement_blocked.json,.json,5396
p933_current_strict_alpha_s_output_schema_statement_class_candidate_supported_lawful_refined_sir_da_erfs_da_erfs_da_da_erfs_domain_admission_exact_output_schema_statement_blocked_summary.json,.json,843
p934_current_strict_alpha_s_statement_form_class_candidate_supported_lawful_refined_sir_da_erfs_da_erfs_da_da_erfs_domain_admission_exact_statement_required_form_blocked.json,.json,5913
p934_current_strict_alpha_s_statement_form_class_candidate_supported_lawful_refined_sir_da_erfs_da_erfs_da_da_erfs_domain_admission_exact_statement_required_form_blocked_summary.json,.json,829
p935_current_strict_alpha_s_required_form_statement_class_candidate_supported_lawful_refined_sir_da_erfs_da_erfs_da_da_erfs_domain_admission_exact_required_form_statement_blocked.json,.json,6407
p935_current_strict_alpha_s_required_form_statement_class_candidate_supported_lawful_refined_sir_da_erfs_da_erfs_da_da_erfs_domain_admission_exact_required_form_statement_blocked_summary.json,.json,847
p936_current_strict_alpha_s_lawful_refined_sir_da_erfs_da_erfs_da_da_erfs_exact_required_form_statement_same_lane_exhaustion_boundary_audit_probe.json,.json,6582
p936_current_strict_alpha_s_lawful_refined_sir_da_erfs_da_erfs_da_da_erfs_exact_required_form_statement_same_lane_exhaustion_boundary_audit_probe_summary.json,.json,787
p937_current_strict_alpha_s_lawful_refined_sir_da_erfs_da_erfs_da_da_erfs_rfs_class_support_reuse_as_same_lane_exact_rfs_source_audit_probe.json,.json,7592
p937_current_strict_alpha_s_lawful_refined_sir_da_erfs_da_erfs_da_da_erfs_rfs_class_support_reuse_as_same_lane_exact_rfs_source_audit_probe_summary.json,.json,920
p938_current_strict_alpha_s_lawful_refined_sir_da_erfs_da_erfs_da_da_erfs_diff_rfs_provider_shift_candidate_reference_lane_admission_probe.json,.json,8690
p938_current_strict_alpha_s_lawful_refined_sir_da_erfs_da_erfs_da_da_erfs_diff_rfs_provider_shift_candidate_reference_lane_admission_probe_summary.json,.json,1632
p939_current_strict_alpha_s_no_exact_pair12_provider_shift_to_lawful_refined_sir_da_erfs_da_erfs_da_da_erfs_interface_target_freeze_required.json,.json,7097
p939_current_strict_alpha_s_no_exact_pair12_provider_shift_to_lawful_refined_sir_da_erfs_da_erfs_da_da_erfs_interface_target_freeze_required_summary.json,.json,1026
p93_legacy_gravity_hierarchy_role_strict_side_branch_probe.json,.json,1867
p93_legacy_gravity_hierarchy_role_strict_side_branch_probe_summary.json,.json,680
p940_current_strict_alpha_s_no_shift_interface_adapter_or_carrier_rule_for_pair12_provider_lawful_refined_sir_da_erfs_da_erfs_da_da_erfs_interface_target_freeze_required.json,.json,9143
p940_current_strict_alpha_s_no_shift_interface_adapter_or_carrier_rule_for_pair12_provider_lawful_refined_sir_da_erfs_da_erfs_da_da_erfs_interface_target_freeze_required_summary.json,.json,884
p941_current_strict_alpha_s_action_schema_candidate_supported_lawful_refined_sir_da_erfs_da_erfs_da_da_erfs_domain_admission_boundary_blocked.json,.json,5771
p941_current_strict_alpha_s_action_schema_candidate_supported_lawful_refined_sir_da_erfs_da_erfs_da_da_erfs_domain_admission_boundary_blocked_summary.json,.json,1020
p942_current_strict_alpha_s_continued_nonidentification_candidate_supported_lawful_refined_sir_da_erfs_da_erfs_da_da_erfs_domain_admission_blocked.json,.json,6623
p942_current_strict_alpha_s_continued_nonidentification_candidate_supported_lawful_refined_sir_da_erfs_da_erfs_da_da_erfs_domain_admission_blocked_summary.json,.json,1023
p943_current_strict_alpha_s_output_schema_class_candidate_supported_lawful_refined_sir_da_erfs_da_erfs_da_da_erfs_domain_admission_output_schema_blocked.json,.json,8096
p943_current_strict_alpha_s_output_schema_class_candidate_supported_lawful_refined_sir_da_erfs_da_erfs_da_da_erfs_domain_admission_output_schema_blocked_summary.json,.json,991
p944_current_strict_alpha_s_output_schema_statement_class_candidate_supported_lawful_refined_sir_da_erfs_da_erfs_da_da_erfs_domain_admission_exact_output_schema_statement_blocked.json,.json,5490
p944_current_strict_alpha_s_output_schema_statement_class_candidate_supported_lawful_refined_sir_da_erfs_da_erfs_da_da_erfs_domain_admission_exact_output_schema_statement_blocked_summary.json,.json,937
p945_current_strict_t173_t176_inversion_sensitive_pair12_branch_separation_to_chart_sensitive_transported_flux_current_like_section_bridge_nonexport_audit_probe.json,.json,8639
p945_current_strict_t173_t176_inversion_sensitive_pair12_branch_separation_to_chart_sensitive_transported_flux_current_like_section_bridge_nonexport_audit_probe_summary.json,.json,815
p946_current_strict_t173_t176_inversion_sensitive_pair12_branch_separation_to_chart_sensitive_transported_flux_current_like_section_bridge_existing_export_or_near_miss_candidate_audit_probe.json,.json,19930
p946_current_strict_t173_t176_inversion_sensitive_pair12_branch_separation_to_chart_sensitive_transported_flux_current_like_section_bridge_existing_export_or_near_miss_candidate_audit_probe_summary.json,.json,1363
p946_current_strict_t173_t176_inversion_sensitive_pair12_branch_separation_to_chart_sensitive_transported_flux_current_like_section_bridge_output_schema_candidate_nonexport_audit_probe.json,.json,11390
p946_current_strict_t173_t176_inversion_sensitive_pair12_branch_separation_to_chart_sensitive_transported_flux_current_like_section_bridge_output_schema_candidate_nonexport_audit_probe_summary.json,.json,1180
p946_current_strict_t173_t176_output_schema_class_candidate_supported_inversion_sensitive_pair12_branch_separation_to_chart_sensitive_transported_flux_current_like_section_bridge_output_schema_blocked.json,.json,7742
p946_current_strict_t173_t176_output_schema_class_candidate_supported_inversion_sensitive_pair12_branch_separation_to_chart_sensitive_transported_flux_current_like_section_bridge_output_schema_blocked_summary.json,.json,644
p947_current_strict_t173_t176_t220_t222_chart_label_retaining_pair12_typed_seed_subinterface_source_side_input_leg_sufficiency_or_nonexport_audit_probe.json,.json,10355
p947_current_strict_t173_t176_t220_t222_chart_label_retaining_pair12_typed_seed_subinterface_source_side_input_leg_sufficiency_or_nonexport_audit_probe_summary.json,.json,924
p948_current_strict_t239_pair12_seed_slot_coordinate_entry_point_subsubsubsubsubinterface_actual_realization_nonexport_audit_probe.json,.json,4218
p948_current_strict_t239_pair12_seed_slot_coordinate_entry_point_subsubsubsubsubinterface_actual_realization_nonexport_audit_probe_summary.json,.json,974
p949_current_strict_t240_pair12_seed_slot_coordinate_entry_point_subsubsubsubsubinterface_actual_realization_attempt_probe.json,.json,5568
p949_current_strict_t240_pair12_seed_slot_coordinate_entry_point_subsubsubsubsubinterface_actual_realization_attempt_probe_summary.json,.json,689
p94_legacy_gravity_hierarchy_retained_subbranch_probe.json,.json,1895
p94_legacy_gravity_hierarchy_retained_subbranch_probe_summary.json,.json,690
p950_current_strict_t241_pair12_seed_slot_coordinate_entry_point_subsubsubsubsubinterface_actual_realization_attempt_verdict_or_exact_failure_localization_nonexport_audit_probe.json,.json,4929
p950_current_strict_t241_pair12_seed_slot_coordinate_entry_point_subsubsubsubsubinterface_actual_realization_attempt_verdict_or_exact_failure_localization_nonexport_audit_probe_summary.json,.json,1144
p951_current_strict_t242_pair12_seed_slot_coordinate_entry_point_subsubsubsubsubinterface_actual_realization_attempt_exact_failure_localization_target_probe.json,.json,2706
p951_current_strict_t242_pair12_seed_slot_coordinate_entry_point_subsubsubsubsubinterface_actual_realization_attempt_exact_failure_localization_target_probe_summary.json,.json,798
p952_current_strict_t243_pair12_seed_slot_coordinate_entry_point_subsubsubsubsubinterface_actual_realization_attempt_exact_failure_localization_actual_realization_nonexport_audit_probe.json,.json,2733
p952_current_strict_t243_pair12_seed_slot_coordinate_entry_point_subsubsubsubsubinterface_actual_realization_attempt_exact_failure_localization_actual_realization_nonexport_audit_probe_summary.json,.json,789
p953_current_strict_t244_pair12_seed_slot_coordinate_entry_point_subsubsubsubsubinterface_actual_realization_attempt_exact_failure_localization_actual_realization_attempt_probe.json,.json,4037
p953_current_strict_t244_pair12_seed_slot_coordinate_entry_point_subsubsubsubsubinterface_actual_realization_attempt_exact_failure_localization_actual_realization_attempt_probe_summary.json,.json,822
p954_current_strict_t245_pair12_entry_point_exact_failure_loc_attempt_boundary_nonexport_probe.json,.json,4161
p954_current_strict_t245_pair12_entry_point_exact_failure_loc_attempt_boundary_nonexport_probe_summary.json,.json,999
p955_current_strict_t246_pair12_entry_point_exact_lower_attempt_failure_boundary_target_probe.json,.json,3076
p955_current_strict_t246_pair12_entry_point_exact_lower_attempt_failure_boundary_target_probe_summary.json,.json,985
p956_current_strict_t247_entry_point_exact_lower_attempt_failure_boundary_actual_nonexport_probe.json,.json,2859
p956_current_strict_t247_entry_point_exact_lower_attempt_failure_boundary_actual_nonexport_probe_summary.json,.json,781
p957_current_strict_t248_entry_point_exact_lower_attempt_failure_boundary_actual_attempt_probe.json,.json,4135
p957_current_strict_t248_entry_point_exact_lower_attempt_failure_boundary_actual_attempt_probe_summary.json,.json,754
p958_current_strict_t249_t248_attempt_verdict_or_still_lower_boundary_nonexport_probe.json,.json,2935
p958_current_strict_t249_t248_attempt_verdict_or_still_lower_boundary_nonexport_probe_summary.json,.json,878
p959_current_strict_t250_t248_attempt_still_lower_boundary_target_probe.json,.json,3985
p959_current_strict_t250_t248_attempt_still_lower_boundary_target_probe_summary.json,.json,836
p95_strict_side_literal_retention_probe_for_legacy_gravity_hierarchy_claim.json,.json,3500
p95_strict_side_literal_retention_probe_for_legacy_gravity_hierarchy_claim_summary.json,.json,1338
p960_current_strict_t251_t250_still_lower_boundary_actual_nonexport_probe.json,.json,2796
p960_current_strict_t251_t250_still_lower_boundary_actual_nonexport_probe_summary.json,.json,759
p961_current_strict_t252_t250_still_lower_boundary_actual_attempt_probe.json,.json,3999
p961_current_strict_t252_t250_still_lower_boundary_actual_attempt_probe_summary.json,.json,731
p962_current_strict_t253_t252_attempt_verdict_or_further_lower_boundary_nonexport_probe.json,.json,5715
p962_current_strict_t253_t252_attempt_verdict_or_further_lower_boundary_nonexport_probe_summary.json,.json,875
p963_current_strict_t254_t252_attempt_further_lower_boundary_target_probe.json,.json,4370
p963_current_strict_t254_t252_attempt_further_lower_boundary_target_probe_summary.json,.json,841
p964_current_strict_t255_t254_further_lower_boundary_actual_nonexport_probe.json,.json,2836
p964_current_strict_t255_t254_further_lower_boundary_actual_nonexport_probe_summary.json,.json,773
p965_current_strict_t256_t254_further_lower_boundary_actual_attempt_probe.json,.json,4048
p965_current_strict_t256_t254_further_lower_boundary_actual_attempt_probe_summary.json,.json,745
p966_current_strict_t257_t256_attempt_verdict_or_yet_further_lower_boundary_nonexport_probe.json,.json,2992
p966_current_strict_t257_t256_attempt_verdict_or_yet_further_lower_boundary_nonexport_probe_summary.json,.json,899
p967_current_strict_t258_t256_attempt_yet_further_lower_boundary_target_probe.json,.json,4080
p967_current_strict_t258_t256_attempt_yet_further_lower_boundary_target_probe_summary.json,.json,859
p968_current_strict_t259_t258_yet_further_lower_boundary_actual_nonexport_probe.json,.json,2876
p968_current_strict_t259_t258_yet_further_lower_boundary_actual_nonexport_probe_summary.json,.json,787
p969_current_strict_t260_t258_yet_further_lower_boundary_actual_attempt_probe.json,.json,4106
p969_current_strict_t260_t258_yet_further_lower_boundary_actual_attempt_probe_summary.json,.json,760
p96_strict_side_role_equivalence_probe_for_legacy_gravity_hierarchy_role.json,.json,2334
p96_strict_side_role_equivalence_probe_for_legacy_gravity_hierarchy_role_summary.json,.json,939
p970_current_strict_t261_t260_attempt_verdict_or_still_deeper_boundary_nonexport_probe.json,.json,2953
p970_current_strict_t261_t260_attempt_verdict_or_still_deeper_boundary_nonexport_probe_summary.json,.json,884
p971_current_strict_t262_t260_attempt_still_deeper_boundary_target_probe.json,.json,3573
p971_current_strict_t262_t260_attempt_still_deeper_boundary_target_probe_summary.json,.json,654
p972_current_strict_t263_t262_still_deeper_boundary_actual_nonexport_probe.json,.json,2804
p972_current_strict_t263_t262_still_deeper_boundary_actual_nonexport_probe_summary.json,.json,762
p973_current_strict_t264_t262_still_deeper_boundary_actual_attempt_probe.json,.json,4011
p973_current_strict_t264_t262_still_deeper_boundary_actual_attempt_probe_summary.json,.json,734
p974_current_strict_t265_t264_attempt_verdict_or_even_deeper_boundary_nonexport_probe.json,.json,2906
p974_current_strict_t265_t264_attempt_verdict_or_even_deeper_boundary_nonexport_probe_summary.json,.json,865
p975_current_strict_t266_t264_attempt_even_deeper_boundary_target_probe.json,.json,3568
p975_current_strict_t266_t264_attempt_even_deeper_boundary_target_probe_summary.json,.json,650
p976_current_strict_t267_t266_even_deeper_boundary_actual_nonexport_probe.json,.json,2805
p976_current_strict_t267_t266_even_deeper_boundary_actual_nonexport_probe_summary.json,.json,762
p977_current_strict_t268_t266_even_deeper_boundary_actual_attempt_probe.json,.json,4007
p977_current_strict_t268_t266_even_deeper_boundary_actual_attempt_probe_summary.json,.json,734
p978_current_strict_t269_t268_attempt_verdict_or_post_even_deeper_boundary_nonexport_probe.json,.json,2963
p978_current_strict_t269_t268_attempt_verdict_or_post_even_deeper_boundary_nonexport_probe_summary.json,.json,886
p979_current_strict_t270_t268_attempt_post_even_deeper_boundary_target_probe.json,.json,4446
p979_current_strict_t270_t268_attempt_post_even_deeper_boundary_target_probe_summary.json,.json,655
p97_legacy_gravity_hierarchy_semantic_transfer_subbranch_probe.json,.json,3978
p97_legacy_gravity_hierarchy_semantic_transfer_subbranch_probe_summary.json,.json,2065
p980_current_strict_t271_t270_post_even_deeper_boundary_actual_nonexport_probe.json,.json,2832
p980_current_strict_t271_t270_post_even_deeper_boundary_actual_nonexport_probe_summary.json,.json,772
p981_current_strict_t272_t270_post_even_deeper_boundary_actual_attempt_probe.json,.json,4049
p981_current_strict_t272_t270_post_even_deeper_boundary_actual_attempt_probe_summary.json,.json,584
p982_current_strict_qw2191_pair12_entry_point_same_lane_exhaustion_and_noncyclic_pivot_audit_probe.json,.json,3143
p982_current_strict_qw2191_pair12_entry_point_same_lane_exhaustion_and_noncyclic_pivot_audit_probe_summary.json,.json,637
p983_current_nad12_sigma_pair_realization_side_provider_support_witness_actual_nonexport_probe.json,.json,1857
p983_current_nad12_sigma_pair_realization_side_provider_support_witness_actual_nonexport_probe_summary.json,.json,514
p984_current_nad12_sigma_pair_realization_side_provider_support_witness_actual_attempt_probe.json,.json,1720
p984_current_nad12_sigma_pair_realization_side_provider_support_witness_actual_attempt_probe_summary.json,.json,310
p985_current_nad12_sigma_pair_side_provider_support_witness_attempt_verdict_or_open_support_refinement_nonexport_probe.json,.json,2169
p985_current_nad12_sigma_pair_side_provider_support_witness_attempt_verdict_or_open_support_refinement_nonexport_probe_summary.json,.json,444
p986_current_nad12_sigma_pair_side_provider_support_witness_attempt_exact_open_support_refinement_target_probe.json,.json,1714
p986_current_nad12_sigma_pair_side_provider_support_witness_attempt_exact_open_support_refinement_target_probe_summary.json,.json,346
p987_current_nad12_sigma_pair_side_provider_support_witness_attempt_open_support_refinement_target_actual_nonexport_probe.json,.json,2305
p987_current_nad12_sigma_pair_side_provider_support_witness_attempt_open_support_refinement_target_actual_nonexport_probe_summary.json,.json,659
p988_current_nad12_sigma_pair_side_provider_support_witness_attempt_open_support_refinement_target_actual_attempt_probe.json,.json,1721
p988_current_nad12_sigma_pair_side_provider_support_witness_attempt_open_support_refinement_target_actual_attempt_probe_summary.json,.json,369
p989_current_nad12_sigma_pair_side_open_support_refinement_target_attempt_verdict_or_candidate_factor_integration_nonexport_probe.json,.json,2399
p989_current_nad12_sigma_pair_side_open_support_refinement_target_attempt_verdict_or_candidate_factor_integration_nonexport_probe_summary.json,.json,507
p98_strict_side_textual_retained_successor_probe_for_legacy_gravity_hierarchy_role.json,.json,2746
p98_strict_side_textual_retained_successor_probe_for_legacy_gravity_hierarchy_role_summary.json,.json,1238
p990_current_nad12_sigma_pair_side_open_support_refinement_target_attempt_candidate_factor_integration_target_probe.json,.json,1711
p990_current_nad12_sigma_pair_side_open_support_refinement_target_attempt_candidate_factor_integration_target_probe_summary.json,.json,339
p991_current_nad12_sigma_pair_side_candidate_factor_integration_target_actual_nonexport_probe.json,.json,2252
p991_current_nad12_sigma_pair_side_candidate_factor_integration_target_actual_nonexport_probe_summary.json,.json,577
p992_current_nad12_sigma_pair_side_candidate_factor_integration_target_actual_attempt_probe.json,.json,1556
p992_current_nad12_sigma_pair_side_candidate_factor_integration_target_actual_attempt_probe_summary.json,.json,323
p993_current_nad12_sigma_pair_side_candidate_factor_integration_target_attempt_verdict_or_candidate_factor_coherence_nonexport_probe.json,.json,2298
p993_current_nad12_sigma_pair_side_candidate_factor_integration_target_attempt_verdict_or_candidate_factor_coherence_nonexport_probe_summary.json,.json,506
p994_current_nad12_sigma_pair_side_candidate_factor_coherence_target_probe.json,.json,1663
p994_current_nad12_sigma_pair_side_candidate_factor_coherence_target_probe_summary.json,.json,342
p995_current_nad12_sigma_pair_side_candidate_factor_coherence_target_actual_nonexport_probe.json,.json,2228
p995_current_nad12_sigma_pair_side_candidate_factor_coherence_target_actual_nonexport_probe_summary.json,.json,541
p996_current_nad12_sigma_pair_side_candidate_factor_coherence_target_actual_attempt_probe.json,.json,1552
p996_current_nad12_sigma_pair_side_candidate_factor_coherence_target_actual_attempt_probe_summary.json,.json,321
p997_current_nad12_sigma_pair_side_candidate_factor_coherence_attempt_verdict_or_witness_refinement_nonexport_probe.json,.json,2358
p997_current_nad12_sigma_pair_side_candidate_factor_coherence_attempt_verdict_or_witness_refinement_nonexport_probe_summary.json,.json,528
p998_current_nad12_sigma_pair_side_candidate_factor_coherence_witness_target_probe.json,.json,1718
p998_current_nad12_sigma_pair_side_candidate_factor_coherence_witness_target_probe_summary.json,.json,348
p999_current_nad12_sigma_pair_side_candidate_factor_coherence_witness_target_actual_nonexport_probe.json,.json,2284
p999_current_nad12_sigma_pair_side_candidate_factor_coherence_witness_target_actual_nonexport_probe_summary.json,.json,557
p99_strict_side_object_lineage_upgrade_probe_for_legacy_gravity_hierarchy_role.json,.json,2733
p99_strict_side_object_lineage_upgrade_probe_for_legacy_gravity_hierarchy_role_summary.json,.json,1252
p9_existing_kernel_feedback_to_kobs_rerun_after_e_glight_and_rmat_packets.json,.json,10742
p9_existing_kernel_feedback_to_kobs_rerun_after_e_glight_and_rmat_packets_summary.json,.json,990
pair1_operator_probe_report.json,.json,17172
pair1_residual_zero_equations_evaluation_under_n477_value_instance_v1.json,.json,4777
pair1_residual_zero_equations_reference_magnitude_family_scan_under_n477_v1.json,.json,14766
pair1_residual_zero_equations_sign_scan_under_rordpow_magnitudes_value_instance_v1.json,.json,3743
phase_12_v1_aut_z12_quotient_orbits.json,.json,2336
phase_12_v1_group.json,.json,1716
provider_object_carrier_layer_actual_inhabitant_instance.json,.json,1939
provider_object_carrier_orbit_quotient_candidate_artifact_instance.json,.json,1677
provider_object_carrier_residual_bridge_export_map_object_support_carrier_preobject_candidate_instance.json,.json,3293
provider_object_carrier_to_residual_bridge_export_map_object_support_projection_candidate_instance.json,.json,3033
provider_object_carrier_to_residual_bridge_export_map_object_support_projection_candidate_positive_window_instance.json,.json,3688
psi_hessian_diagonal_local_strict_derived_eigenprojectors_v1.json,.json,61660
psi_hessian_diagonal_local_strict_derived_eigenprojectors_v1_summary.json,.json,621
psi_hessian_diagonal_local_strict_derived_value_instantiated_v1.json,.json,18191
psi_hessian_diagonal_local_strict_derived_value_instantiated_v1_summary.json,.json,1667
qw2191_discharge_argument_v1.json,.json,362
r10_legacy_control_to_current_pair_chart_reduction_packet_for_kobs.json,.json,4659
r10_legacy_control_to_current_pair_chart_reduction_packet_for_kobs_summary.json,.json,405
r11_symmetry_certified_declared_control_transport_packet_for_psi_block_route.json,.json,5853
r11_symmetry_certified_declared_control_transport_packet_for_psi_block_route_summary.json,.json,429
r12_explicit_canonical_psi_block_export_packet_with_kernel_mixing_for_host_route.json,.json,16099
r12_explicit_canonical_psi_block_export_packet_with_kernel_mixing_for_host_route_summary.json,.json,449
r13_partial_host_to_canonical_block_overlap_packet.json,.json,16482
r13_partial_host_to_canonical_block_overlap_packet_summary.json,.json,377
r14_explicit_frozen_kernel_specialization_packet_for_host_matching_route.json,.json,33850
r14_explicit_frozen_kernel_specialization_packet_for_host_matching_route_summary.json,.json,396
r15_explicit_host_scalar_floor_embedding_packet_for_host_matching_route.json,.json,11704
r15_explicit_host_scalar_floor_embedding_packet_for_host_matching_route_summary.json,.json,373
r16_explicit_residual_local_diagonal_declared_control_pullback_packet_for_host_matching_route.json,.json,29455
r16_explicit_residual_local_diagonal_declared_control_pullback_packet_for_host_matching_route_summary.json,.json,392
r17_explicit_host_side_residual_diagonal_correction_absence_packet_for_host_matching_route.json,.json,6186
r17_explicit_host_side_residual_diagonal_correction_absence_packet_for_host_matching_route_summary.json,.json,417
r18_pair1_residual_declared_pullback_coefficient_class_reduction_packet_for_host_matching_route.json,.json,9073
r18_pair1_residual_declared_pullback_coefficient_class_reduction_packet_for_host_matching_route_summary.json,.json,346
r19_pair1_c1s1_balance_reduction_packet_for_host_matching_route.json,.json,4049
r19_pair1_c1s1_balance_reduction_packet_for_host_matching_route_summary.json,.json,327
r1_residual_orientation_datum_target_slot_population_candidate_from_sigma_int_theta_pair_v1.json,.json,2748
r1_residual_orientation_datum_target_slot_population_strict_derived_from_canonical_local_diagonal_theta_pair_v1.json,.json,2632
r1_residual_orientation_datum_target_slot_population_strict_derived_from_sigma_int_slot_free_theta_pair_v1.json,.json,2591
r1_strict_core_residual_datum_target_slot_export_packet.json,.json,636
r1_strict_core_residual_datum_target_slot_export_packet_summary.json,.json,325
r20_declared_three_step_carrier_shift_packet_for_pair1_c1s1_balance_route.json,.json,5334
r20_declared_three_step_carrier_shift_packet_for_pair1_c1s1_balance_route_summary.json,.json,325
r21_explicit_pair1_c1s1_shift_defect_polynomial_packet_for_host_route.json,.json,6910
r21_explicit_pair1_c1s1_shift_defect_polynomial_packet_for_host_route_summary.json,.json,328
r22_direct_formal_c1s1_shift_defect_family_route_packet.json,.json,6991
r22_direct_formal_c1s1_shift_defect_family_route_packet_summary.json,.json,322
r23_direct_mass_like_m2_family_balance_reduction_packet.json,.json,4874
r23_direct_mass_like_m2_family_balance_reduction_packet_summary.json,.json,341
r24_declared_plus3_shift_packet_for_direct_m2_family_route.json,.json,5034
r24_declared_plus3_shift_packet_for_direct_m2_family_route_summary.json,.json,354
r25_direct_m2_shift_equivariance_pairwise_matching_sufficient_route_packet.json,.json,4565
r25_direct_m2_shift_equivariance_pairwise_matching_sufficient_route_packet_summary.json,.json,345
r26_direct_m2_psi1_psi4_role_matching_packet.json,.json,4896
r26_direct_m2_psi1_psi4_role_matching_packet_summary.json,.json,359
r27_direct_m2_psi1_psi4_declared_formal_slot_separation_packet.json,.json,5336
r27_direct_m2_psi1_psi4_declared_formal_slot_separation_packet_summary.json,.json,398
r28_direct_m2_psi1_psi4_common_plus3_orbit_parameter_sufficient_route_packet.json,.json,4522
r28_direct_m2_psi1_psi4_common_plus3_orbit_parameter_sufficient_route_packet_summary.json,.json,375
r29_direct_m2_psi1_psi4_common_plus3_assignment_slot_split_packet.json,.json,4628
r29_direct_m2_psi1_psi4_common_plus3_assignment_slot_split_packet_summary.json,.json,372
r2_existing_internal_feedback_parameter_packet_for_kobs.json,.json,1406
r2_existing_internal_feedback_parameter_packet_for_kobs_summary.json,.json,394
r30_direct_m2_psi1_common_plus3_assignment_role_split_packet.json,.json,4841
r30_direct_m2_psi1_common_plus3_assignment_role_split_packet_summary.json,.json,371
r31_direct_m2_psi1_source_action_common_monomial_support_packet.json,.json,4957
r31_direct_m2_psi1_source_action_common_monomial_support_packet_summary.json,.json,392
r32_direct_m2_psi1_source_action_coefficient_defect_polynomial_packet.json,.json,5508
r32_direct_m2_psi1_source_action_coefficient_defect_polynomial_packet_summary.json,.json,352
r33_direct_m2_psi1_source_eom_common_monomial_support_packet.json,.json,4716
r33_direct_m2_psi1_source_eom_common_monomial_support_packet_summary.json,.json,458
r34_direct_m2_psi1_source_eom_coefficient_defect_polynomial_packet.json,.json,4265
r34_direct_m2_psi1_source_eom_coefficient_defect_polynomial_packet_summary.json,.json,429
r35_direct_m2_psi4_common_plus3_assignment_role_split_packet.json,.json,4981
r35_direct_m2_psi4_common_plus3_assignment_role_split_packet_summary.json,.json,458
r36_direct_m2_psi4_target_action_common_monomial_support_packet.json,.json,5120
r36_direct_m2_psi4_target_action_common_monomial_support_packet_summary.json,.json,466
r37_direct_m2_psi4_target_action_coefficient_defect_polynomial_packet.json,.json,4832
r37_direct_m2_psi4_target_action_coefficient_defect_polynomial_packet_summary.json,.json,470
r38_direct_m2_psi4_target_eom_common_local_support_packet.json,.json,5104
r38_direct_m2_psi4_target_eom_common_local_support_packet_summary.json,.json,452
r39_direct_m2_psi4_target_eom_coefficient_defect_polynomial_packet.json,.json,4635
r39_direct_m2_psi4_target_eom_coefficient_defect_polynomial_packet_summary.json,.json,461
r3_minimal_internal_light_propagator_packet_for_kobs.json,.json,1958
r3_minimal_internal_light_propagator_packet_for_kobs_summary.json,.json,407
r40_direct_m2_psi7_psi10_role_matching_packet.json,.json,4924
r40_direct_m2_psi7_psi10_role_matching_packet_summary.json,.json,361
r41_direct_m2_psi7_psi10_declared_formal_slot_separation_packet.json,.json,5356
r41_direct_m2_psi7_psi10_declared_formal_slot_separation_packet_summary.json,.json,400
r42_direct_m2_psi7_psi10_common_plus3_orbit_parameter_sufficient_route_packet.json,.json,4552
r42_direct_m2_psi7_psi10_common_plus3_orbit_parameter_sufficient_route_packet_summary.json,.json,376
r43_direct_m2_psi7_psi10_common_plus3_assignment_slot_split_packet.json,.json,4637
r43_direct_m2_psi7_psi10_common_plus3_assignment_slot_split_packet_summary.json,.json,373
r44_direct_m2_psi7_common_plus3_assignment_role_split_packet.json,.json,4938
r44_direct_m2_psi7_common_plus3_assignment_role_split_packet_summary.json,.json,461
r45_direct_m2_psi7_source_action_common_monomial_support_packet.json,.json,4949
r45_direct_m2_psi7_source_action_common_monomial_support_packet_summary.json,.json,378
r46_direct_m2_psi7_source_action_coefficient_defect_polynomial_packet.json,.json,5503
r46_direct_m2_psi7_source_action_coefficient_defect_polynomial_packet_summary.json,.json,338
r47_direct_m2_psi7_source_eom_common_monomial_support_packet.json,.json,4785
r47_direct_m2_psi7_source_eom_common_monomial_support_packet_summary.json,.json,458
r48_direct_m2_psi7_source_eom_coefficient_defect_polynomial_packet.json,.json,4274
r48_direct_m2_psi7_source_eom_coefficient_defect_polynomial_packet_summary.json,.json,429
r49_direct_m2_psi2_psi5_role_matching_packet.json,.json,4885
r49_direct_m2_psi2_psi5_role_matching_packet_summary.json,.json,359
r4_local_chart_emission_map_packet_for_kobs.json,.json,3984
r4_local_chart_emission_map_packet_for_kobs_summary.json,.json,413
r50_direct_m2_psi8_psi11_role_matching_packet.json,.json,4924
r50_direct_m2_psi8_psi11_role_matching_packet_summary.json,.json,361
r51_direct_m2_psi2_psi5_declared_formal_slot_separation_packet.json,.json,5114
r51_direct_m2_psi2_psi5_declared_formal_slot_separation_packet_summary.json,.json,398
r52_direct_m2_psi2_psi5_common_plus3_orbit_parameter_sufficient_route_packet.json,.json,4510
r52_direct_m2_psi2_psi5_common_plus3_orbit_parameter_sufficient_route_packet_summary.json,.json,375
r53_direct_m2_psi2_psi5_common_plus3_assignment_slot_split_packet.json,.json,4532
r53_direct_m2_psi2_psi5_common_plus3_assignment_slot_split_packet_summary.json,.json,372
r54_direct_m2_psi8_psi11_declared_formal_slot_separation_packet.json,.json,5129
r54_direct_m2_psi8_psi11_declared_formal_slot_separation_packet_summary.json,.json,400
r55_direct_m2_psi8_psi11_common_plus3_orbit_parameter_sufficient_route_packet.json,.json,4535
r55_direct_m2_psi8_psi11_common_plus3_orbit_parameter_sufficient_route_packet_summary.json,.json,376
r56_direct_m2_psi8_psi11_common_plus3_assignment_slot_split_packet.json,.json,4549
r56_direct_m2_psi8_psi11_common_plus3_assignment_slot_split_packet_summary.json,.json,373
r57_direct_m2_psi10_common_plus3_assignment_role_split_packet.json,.json,4964
r57_direct_m2_psi10_common_plus3_assignment_role_split_packet_summary.json,.json,462
r58_direct_m2_psi10_target_action_common_monomial_support_packet.json,.json,4982
r58_direct_m2_psi10_target_action_common_monomial_support_packet_summary.json,.json,379
r59_direct_m2_psi10_target_action_coefficient_defect_polynomial_packet.json,.json,5472
r59_direct_m2_psi10_target_action_coefficient_defect_polynomial_packet_summary.json,.json,339
r5_minimal_light_to_matter_response_packet_for_kobs.json,.json,5006
r5_minimal_light_to_matter_response_packet_for_kobs_summary.json,.json,407
r60_direct_m2_psi10_target_eom_common_monomial_support_packet.json,.json,4304
r60_direct_m2_psi10_target_eom_common_monomial_support_packet_summary.json,.json,458
r61_direct_m2_psi10_target_eom_coefficient_defect_polynomial_packet.json,.json,4594
r61_direct_m2_psi10_target_eom_coefficient_defect_polynomial_packet_summary.json,.json,421
r62_direct_m2_psi2_common_plus3_assignment_role_split_packet.json,.json,4909
r62_direct_m2_psi2_common_plus3_assignment_role_split_packet_summary.json,.json,441
r63_direct_m2_psi5_common_plus3_assignment_role_split_packet.json,.json,4909
r63_direct_m2_psi5_common_plus3_assignment_role_split_packet_summary.json,.json,441
r64_direct_m2_psi2_source_action_common_monomial_support_packet.json,.json,4941
r64_direct_m2_psi2_source_action_common_monomial_support_packet_summary.json,.json,378
r65_direct_m2_psi2_source_action_coefficient_defect_polynomial_packet.json,.json,5492
r65_direct_m2_psi2_source_action_coefficient_defect_polynomial_packet_summary.json,.json,338
r66_direct_m2_psi2_source_eom_common_monomial_support_packet.json,.json,4337
r66_direct_m2_psi2_source_eom_common_monomial_support_packet_summary.json,.json,457
r67_direct_m2_psi2_source_eom_coefficient_defect_polynomial_packet.json,.json,4223
r67_direct_m2_psi2_source_eom_coefficient_defect_polynomial_packet_summary.json,.json,420
r68_direct_m2_psi5_target_action_common_monomial_support_packet.json,.json,4948
r68_direct_m2_psi5_target_action_common_monomial_support_packet_summary.json,.json,378
r69_direct_m2_psi5_target_action_coefficient_defect_polynomial_packet.json,.json,5425
r69_direct_m2_psi5_target_action_coefficient_defect_polynomial_packet_summary.json,.json,338
r6_minimal_observer_readout_packet_for_kobs.json,.json,5525
r6_minimal_observer_readout_packet_for_kobs_summary.json,.json,391
r70_direct_m2_psi5_target_eom_common_monomial_support_packet.json,.json,4277
r70_direct_m2_psi5_target_eom_common_monomial_support_packet_summary.json,.json,457
r71_direct_m2_psi5_target_eom_coefficient_defect_polynomial_packet.json,.json,4560
r71_direct_m2_psi5_target_eom_coefficient_defect_polynomial_packet_summary.json,.json,420
r72_direct_m2_psi8_common_plus3_assignment_role_split_packet.json,.json,4918
r72_direct_m2_psi8_common_plus3_assignment_role_split_packet_summary.json,.json,441
r73_direct_m2_psi11_common_plus3_assignment_role_split_packet.json,.json,4944
r73_direct_m2_psi11_common_plus3_assignment_role_split_packet_summary.json,.json,442
r74_direct_m2_psi8_source_action_common_monomial_support_packet.json,.json,4949
r74_direct_m2_psi8_source_action_common_monomial_support_packet_summary.json,.json,378
r75_direct_m2_psi8_source_action_coefficient_defect_polynomial_packet.json,.json,5503
r75_direct_m2_psi8_source_action_coefficient_defect_polynomial_packet_summary.json,.json,338
r76_direct_m2_psi8_source_eom_common_monomial_support_packet.json,.json,4346
r76_direct_m2_psi8_source_eom_common_monomial_support_packet_summary.json,.json,457
r77_direct_m2_psi8_source_eom_coefficient_defect_polynomial_packet.json,.json,4232
r77_direct_m2_psi8_source_eom_coefficient_defect_polynomial_packet_summary.json,.json,420
r78_direct_m2_psi11_target_action_common_monomial_support_packet.json,.json,4982
r78_direct_m2_psi11_target_action_common_monomial_support_packet_summary.json,.json,379
r79_direct_m2_psi11_target_action_coefficient_defect_polynomial_packet.json,.json,5472
r79_direct_m2_psi11_target_action_coefficient_defect_polynomial_packet_summary.json,.json,339
r7_shared_frozen_kernel_provenance_packet_for_kobs.json,.json,8487
r7_shared_frozen_kernel_provenance_packet_for_kobs_summary.json,.json,359
r80_direct_m2_psi11_target_eom_common_monomial_support_packet.json,.json,4304
r80_direct_m2_psi11_target_eom_common_monomial_support_packet_summary.json,.json,458
r81_direct_m2_psi11_target_eom_coefficient_defect_polynomial_packet.json,.json,4594
r81_direct_m2_psi11_target_eom_coefficient_defect_polynomial_packet_summary.json,.json,421
r82_direct_formal_c1s1_g4_g6_family_shift_defect_zero_witness_under_strict_t169_constrained_lift_packet.json,.json,4291
r82_direct_formal_c1s1_g4_g6_family_shift_defect_zero_witness_under_strict_t169_constrained_lift_packet_summary.json,.json,407
r83_direct_formal_c1s1_shift_defect_vacuum_eom_yukawa_elimination_and_zero_witness_under_strict_t169_constrained_lift_packet.json,.json,5190
r83_direct_formal_c1s1_shift_defect_vacuum_eom_yukawa_elimination_and_zero_witness_under_strict_t169_constrained_lift_packet_summary.json,.json,293
r8_existing_kernel_feedback_host_operator_carrier_packet_for_kobs.json,.json,4428
r8_existing_kernel_feedback_host_operator_carrier_packet_for_kobs_summary.json,.json,438
r9_existing_kernel_feedback_host_to_control_pushforward_packet_for_kobs.json,.json,4748
r9_existing_kernel_feedback_host_to_control_pushforward_packet_for_kobs_summary.json,.json,420
r_ord_z12_v1_reference_distribution.json,.json,942
r_ord_z24_v1_reference_distribution.json,.json,1099
r_ordpow_z12_v1_reference_distribution.json,.json,1240
residual_datum_bridge_export_map_object_support_carrier_actual_inhabitant_instance.json,.json,3426
route_a_minimal_candidate_instance.json,.json,1045
route_a_operator_origin_value_set.json,.json,732
route_a_partial_provenance_record.json,.json,550
route_a_provenance_template.json,.json,521
route_a_provenance_valid_binding_instance.json,.json,779
s2_current_far_strategic_priority_reorientation_packet.json,.json,2595
s2_current_far_strategic_priority_reorientation_packet_summary.json,.json,456
s_dir_pair1_strict_v1.json,.json,2686
selector_atlas_global_c_v1_strict_v1.json,.json,15833
selector_atlas_pair12345_axis_only_projector_v1.json,.json,9386
selector_atlas_pair12345_axis_only_projector_v2.json,.json,13109
selector_atlas_pair12345_oriented_transport_mod_2pi_strict_convention_v1.json,.json,8996
selector_atlas_pair123_axis_only_projector_v1.json,.json,5085
selector_atlas_pair12_sigma_int_corridor_projector_v1.json,.json,4173
selector_atlas_pair12_sigma_int_corridor_projector_v1_summary.json,.json,372
selector_bridge_operator_global_c_v1_seed_v1_promoted_strict_v1.json,.json,7723
selector_closure_global_c_v1_directed_rooted_transport_from_s_sel_int_w_break_strict_convention_v1.json,.json,4243
selector_closure_global_c_v1_directed_sign_fixed_from_strict_core_payload_weights_strict_convention_v1.json,.json,7744
selector_closure_global_c_v1_directed_strict_v1.json,.json,8780
selector_closure_global_c_v1_projective_strict_v1.json,.json,7163
selector_downstream_completion_branch_global_c_v1_seed_v1_promoted_strict_v1.json,.json,4272
selector_output_operator_global_c_v1_seed_v1_promoted_strict_v1.json,.json,5941
selector_output_sign_lift_global_c_v1_rooted_transport_from_s_sel_int_w_break_strict_convention_v1.json,.json,6776
selector_reduction_operator_global_c_v1_seed_v1_promoted_strict_v1.json,.json,9010
selector_state_global_c_v1_directed_rooted_transport_from_s_sel_int_w_break_strict_convention_v1.json,.json,6913
selector_state_global_c_v1_directed_sign_fixed_from_strict_core_payload_weights_strict_convention_v1.json,.json,4508
selector_state_global_c_v1_directed_strict_v1.json,.json,4662
selector_state_global_c_v1_projective_strict_v1.json,.json,4952
selector_transition_global_c_v1_oriented_mod_2pi_edge_sign_lift_from_sign_fixed_directed_state_strict_convention_v1.json,.json,10877
selector_transition_global_c_v1_oriented_mod_2pi_edge_sign_lift_from_w_break_rooted_directed_state_strict_convention_v1.json,.json,11504
selector_transition_global_c_v1_strict_v1.json,.json,5979
selector_uniqueness_certificate_v1.json,.json,378
sigma_int_gauge_quotient_safety_witness_v1.json,.json,1910
sigma_int_residual_datum_selector_track_identification_witness_v1.json,.json,1556
sigma_int_residual_orientation_datum_acceptance_artifact_instance.json,.json,407
sigma_int_strict_derived_v1.json,.json,1284
sigma_int_strict_derived_v1_to_residual_datum_bridge_export_map_object_support_projection_candidate_instance.json,.json,3620
sigma_int_strict_derived_v1_to_residual_datum_bridge_export_map_object_support_projection_candidate_positive_window_instance.json,.json,4673
sigma_int_to_residual_datum_bridge_export_map_object_support_projection_candidate_instance.json,.json,2989
sigma_int_to_residual_datum_bridge_export_map_object_support_projection_candidate_positive_window_instance.json,.json,3448
sigma_int_to_residual_datum_bridge_export_map_object_support_projection_candidate_positive_window_low_delta_instance.json,.json,3674
sign_distinction_obstruction_pair1_aut_invariant_reference_weights_strict_v1.json,.json,3271
sign_distinction_obstruction_pair1_even_reference_weights_strict_v1.json,.json,1838
strict_convergence_side_joint_coherence_witness_candidate_instance.json,.json,1843
strict_convergence_side_pullback_support_carrier_candidate_instance.json,.json,2701
strict_extension_lane_pair1_sign_distinction_observable_packet.json,.json,3519
strict_extension_lane_publication_ready_summary_packet.json,.json,2986
strict_extension_lane_selector_state_global_c_v1_oriented_vector_v1.json,.json,4066
strict_extension_lane_sigma_int_residual_orientation_closure_packet.json,.json,5101
strict_extension_lane_sigma_int_residual_orientation_datum_instance.json,.json,5906
strict_extension_lane_sigma_int_to_theta_selector_ingredient_closure_packet.json,.json,3787
strict_extension_lane_z12_generator_fix_and_shannon_kl_o2_cut_closure_packet.json,.json,2699
strict_to_axiom_sigma_int_residual_orientation_datum_bridge_artifact_instance.json,.json,1722
t10_route_role_typing_rule_theorem_spec_summary.json,.json,1108
t11_route_role_typing_rule_discharge_attempt_summary.json,.json,1415
t12_typing_judgment_totality_uniqueness_theorem_spec_summary.json,.json,1183
t1_strict_core_no_internal_theta_source_theorem_spec_summary.json,.json,1561
t2_sigma_int_to_residual_datum_bridge_theorem_spec_summary.json,.json,2538
t3_strict_core_no_internal_theta_source_discharge_attempt_summary.json,.json,2078
t4_strict_core_export_completeness_principle_theorem_spec_summary.json,.json,1302
t5_export_completeness_principle_discharge_attempt_summary.json,.json,1689
t6_route_family_closure_certificate_theorem_spec_summary.json,.json,1163
t7_route_family_closure_certificate_discharge_attempt_summary.json,.json,1265
t8_route_admissibility_grammar_theorem_spec_summary.json,.json,1175
t9_route_admissibility_grammar_discharge_attempt_summary.json,.json,1359
tau_z12_v1_regular_action_on_i_12_v1.json,.json,1060
tau_z24_v1_regular_action_on_i_24_v1.json,.json,950
theta_family_pair12345_oriented_mod_2pi_strict_convention_v1.json,.json,2763
theta_fix_pair1_o2_cut_ord_reference_v1.json,.json,561
theta_pair_canonical_local_diagonal_strict_derived_v1.json,.json,4127
theta_pair_canonical_local_diagonal_strict_derived_v1_summary.json,.json,1700
theta_pair_sigma_int_strict_selector_ingredient_o2_cut_candidate_v1.json,.json,5532
theta_pair_sigma_int_strict_selector_ingredient_o2_cut_slot_free_v1.json,.json,3442
theta_pair_sigma_int_strict_selector_ingredient_o2_cut_slot_free_v1_summary.json,.json,570
u_12345_pair12345_chart_glued_orientation_vector_section_oriented_mod_2pi_strict_convention_v1.json,.json,8740
upsilon_residual_datum_sigma_int_bridge_export_map_object_v1.json,.json,1944
upsilon_residual_datum_sigma_int_bridge_export_map_object_v2.json,.json,3984
upsilon_residual_datum_sigma_int_bridge_export_map_object_v2_summary.json,.json,861
v1_informational_viscosity_hypothesis_audit.json,.json,933
v1_informational_viscosity_hypothesis_audit_summary.json,.json,933
v2_viscosity_proxy_to_pair1_reduction_audit.json,.json,1186
v2_viscosity_proxy_to_pair1_reduction_audit_summary.json,.json,997
v3_minimal_pair_level_viscosity_operator_audit.json,.json,1376
v3_minimal_pair_level_viscosity_operator_audit_summary.json,.json,1158
v4_psi0_coupled_viscosity_effect_audit.json,.json,1053
v4_psi0_coupled_viscosity_effect_audit_summary.json,.json,935
v5_psi0_viscosity_anti_overclaim_boundary_audit.json,.json,678
v5_psi0_viscosity_anti_overclaim_boundary_audit_summary.json,.json,204
v6_psi0_viscosity_distinct_effect_audit.json,.json,447
v6_psi0_viscosity_distinct_effect_audit_summary.json,.json,447
v7_informational_viscosity_current_best_supported_conclusion.json,.json,440
v7_informational_viscosity_current_best_supported_conclusion_summary.json,.json,440
z_12_v1_group.json,.json,1229
z_24_v1_group.json,.json,1254
