relative_path,size_bytes,sha256,included_in_handoff,reason
AUDIT.md,2528,afc7c451952cc18a44f28d407b02186152e46abfa6b5f6d867e81e318e7ceb61,True,included_text_source_or_output
Bclass0.err,457,a0b2ff1a1e79fe19149f7626829c1f2345dac337a4d6d565188f9eff30968c12,True,included_text_source_or_output
Bclass0.txt,13069,da160365fc372832c2332bfd41545435a03d184afb284d88e97d882c0a2df44a,True,included_text_source_or_output
Bclass3.err,457,681f4ef0c5b91870591b37dab5a5f4f247e2ba7aa0168ce2c35329d59e115c5e,True,included_text_source_or_output
Bclass3.txt,12874,3a77e61c1e9c23f82fa2a92c2797d80b29dfe93aefa7f6cc1a5e7710034dfd7f,True,included_text_source_or_output
Bclass4.err,457,605458af7bb53902f8ea55adcad4b52dfe167a5804373a54673ecfe4a66d7707,True,included_text_source_or_output
Bclass4.txt,13070,01771a8ad3a596d28e4bb3a4f2cb7229b9cf949ecbd5a0b4906fa16d4bf082c1,True,included_text_source_or_output
Bclass5.err,467,438e949ff886b05bb59fd0d465266b6786521411b4a79c9d8e15be09873687c4,True,included_text_source_or_output
Bclass5.txt,13070,db55d628408777dd5bab5209da4a3c5a1b2d833184bd145d1c5035b326ecaedb,True,included_text_source_or_output
Bclass6.err,457,901f3ea74e267dc2561a2900c2dc502619802cdd66702f7d5382b3288fd702f1,True,included_text_source_or_output
Bclass6.txt,13079,d8c0b5d7e88675a18eeb4ee6340a5f2b46d01356d4095350d27a0e22b79f002a,True,included_text_source_or_output
Bclass7.err,457,b7d0dc4aaaa98f306315c76a463e53653c1ecf1a2092e58e67501c5470b11980,True,included_text_source_or_output
Bclass7.txt,13088,26ecda530fa01452104b9fc5274a3b97eb6b69ff15766b01a55bb37f69c8bba3,True,included_text_source_or_output
Bclass8.err,457,d21dadbb5a292e679305847283f00db93ea13f85585059c256fe488577289015,True,included_text_source_or_output
Bclass8.txt,12880,b1cf91b04e652e32a766d0587be3afad563f9469935f19590e84c893a6426a78,True,included_text_source_or_output
Bclass9.err,457,6a6067a5a45f2b416a3332ca3c82dfc7486ad972b8a3610d545926d8cc0440ab,True,included_text_source_or_output
Bclass9.txt,12874,0d7b1c366ac006bdc6951fb584bdeacc64795671d8c58c1fac2b56d3d1c5b2a6,True,included_text_source_or_output
Bmode_1.err,457,4631bb4e8277b3756557705e2a1e9dedc9f5a925e4eb07eb0a5cf564ec8f060a,True,included_text_source_or_output
Bmode_1.txt,13083,5f9aa214752372f4d3cfa5186c8e4c19f0d0dba645ed9186d174485ff35c89b8,True,included_text_source_or_output
Bmode_2.err,457,029d2f7a91f08cc455e0e977da2b22a5aea5f66d7dd798fe20c7ad69d3793011,True,included_text_source_or_output
Bmode_2.txt,13088,f30e2e035551af610b1d3b7ba36c4a34ac9c13d032509db91e5130ae90d77624,True,included_text_source_or_output
Bmode_3.err,457,681f4ef0c5b91870591b37dab5a5f4f247e2ba7aa0168ce2c35329d59e115c5e,True,included_text_source_or_output
Bmode_3.txt,12884,44bef448ab7c8150b7cb7a5b92046d5ded72b6834074a5c154ccf0732f53cdd2,True,included_text_source_or_output
Bmode_4.err,263,35886440e2861900d9e4a2caf3968f38b21e58e2fcadb7233c8270535a7a53a2,True,included_text_source_or_output
Bmode_4.txt,0,e3b0c44298fc1c149afbf4c8996fb92427ae41e4649b934ca495991b7852b855,True,included_text_source_or_output
README.md,206,abdf8011fb1635b94e82cf92673514da02acd848c1919ef71b9b7870a03431a1,True,included_text_source_or_output
b8235.npy,18448328,1537e8292afc32785ca7552e03403e109ab78fe8d0501b1cd0038c161d23b2b8,False,excluded_binary_or_cache
b8235.npy.eq,4,c5113df82a1a44cb4e13baf89776e96a9a29fba93b5bc2f33e6ca04dafa2169e,False,excluded_binary_or_cache
b8240.npy,18448328,fe5822e06254205d13e7592f97578abcff99cce2aad4ede975747ee8e3c5f10a,False,excluded_binary_or_cache
b8240.npy.eq,4,c5113df82a1a44cb4e13baf89776e96a9a29fba93b5bc2f33e6ca04dafa2169e,False,excluded_binary_or_cache
b8245.npy,18448328,ee7f73dda79bc50a662be4de855e79db7ddd51ee798c75a6b83e4eb558cc211f,False,excluded_binary_or_cache
b8245.npy.eq,4,c5113df82a1a44cb4e13baf89776e96a9a29fba93b5bc2f33e6ca04dafa2169e,False,excluded_binary_or_cache
b8250.npy,18448328,27299b2ba57dea336782cf60d5600654b61903bf6d35b8d52b7981116026b0cf,False,excluded_binary_or_cache
b8250.npy.eq,4,c5113df82a1a44cb4e13baf89776e96a9a29fba93b5bc2f33e6ca04dafa2169e,False,excluded_binary_or_cache
b8255.npy,18448328,7b6f1b4dacfe5c09de41bb862bd4b91ca8920fee97ca9ae321b2b5a753f89b21,False,excluded_binary_or_cache
b8255.npy.eq,4,c5113df82a1a44cb4e13baf89776e96a9a29fba93b5bc2f33e6ca04dafa2169e,False,excluded_binary_or_cache
b_basis/0.err,458,eb419c4369ead3e0b0f7bfcbffcf0f410c376a3fd289ebadd319a9f99b417a9c,True,included_text_source_or_output
b_basis/0.txt,13072,29d031dc2d4cba44a52cdf235c26ea8ebd2a1045a3b1438f5c64b429bc6e842f,True,included_text_source_or_output
b_basis/1.err,458,0c0eed1554b89a15398c1d8b3919c7c7f802615f5dac83dadcd24f5c1d8d57e0,True,included_text_source_or_output
b_basis/1.txt,13074,6d80e9960bae8c9928816ad64b73c40dd770b2cadb69ada5c2681c847f641800,True,included_text_source_or_output
b_basis/10.err,458,dce7178f65e7176efb25d700e61995bf6c8557f9c028359cba348adef9d88a9e,True,included_text_source_or_output
b_basis/10.txt,13071,a75a9a55726139f8af7d1d086e2e313c5918675be8b483e945fc30198bdcbf6a,True,included_text_source_or_output
b_basis/100.err,459,1cbf2136e4b337289292153e8b0cf9a48223c3b774947cd592af72dc89be21f7,True,included_text_source_or_output
b_basis/100.txt,13057,674a42d60bc9e58f76bbb898ef5cff1034a7d27c3d15ed4d34efa5ab8dac418a,True,included_text_source_or_output
b_basis/101.err,459,ed8b189404e31c82440a30644b6c34b04f297b74d9cc750451a31b038ec0389a,True,included_text_source_or_output
b_basis/101.txt,13077,1d1b963787c27e9ae8eb17293f0446f2dc0e0920dbca42a48f2bc530ba531f8f,True,included_text_source_or_output
b_basis/102.err,459,d2398d7d8656a9947d600989014161e38e3da1396c6e56e9e0cafbd5cc16bb0e,True,included_text_source_or_output
b_basis/102.txt,13066,018f365def02177b383af2419132662164ce3b859e942785237abd7d55cfb9f4,True,included_text_source_or_output
b_basis/103.err,459,cc3a3790d7b49de730d054cc2b3b19636632959845dd3d2cea1534786d3340b6,True,included_text_source_or_output
b_basis/103.txt,13077,0a5257faba16118e719d0fc219c56f7e70614682720d8360ba248929d176995e,True,included_text_source_or_output
b_basis/104.err,459,7d1ada15b7a8e04aa745542ed8e639fa699fefff12e58d6047f66f4472d24107,True,included_text_source_or_output
b_basis/104.txt,13068,a042f0247a343e10a09bb9849e0b7f975560628307455b2339b02d8000226412,True,included_text_source_or_output
b_basis/105.err,459,755a7132193612dcdd2dea798de1d264213121e1223b2e3bff89553b8252b18c,True,included_text_source_or_output
b_basis/105.txt,13069,08d9d7093dd05387314c550fb258e001544d600fe19783d8d4f5fe3418675d39,True,included_text_source_or_output
b_basis/106.err,459,c980b3e5bb763d82e232218fa537c4fe618fb4d5e590ef779038fd48e92107da,True,included_text_source_or_output
b_basis/106.txt,13075,2e21fb8862437142e82cebfa9ab13d2d66af834a00461bdb17dbb5f3b99ea9ba,True,included_text_source_or_output
b_basis/107.err,459,b0c04bf9320892b0a0d3821dd9786dfb11da93aee27d3539d58a71dfab64fecd,True,included_text_source_or_output
b_basis/107.txt,13060,91a685579b7f5b800e73b850a8af48cd01336cb2509e93b89d751922756b5ffe,True,included_text_source_or_output
b_basis/108.err,459,9f6a17911cdacff6935fb085b1fbe9df0e4f59e6ed7c875a51effa19cba3ebca,True,included_text_source_or_output
b_basis/108.txt,13072,62b56fc3892c6582328060ac20f7797f567eafef99b9662ca76ceb708711d984,True,included_text_source_or_output
b_basis/109.err,459,2ea9849de9efbbbc4c6cf1ee113c72a423add2569819dd89da03039aabd644e7,True,included_text_source_or_output
b_basis/109.txt,13061,c01e909403571eca78ddf04c9d1bb398ae5f8f822d582f37e2bb3b49178bf120,True,included_text_source_or_output
b_basis/11.err,458,1085c23afed4240ed9ff4c08fe59422309df221d072a3625f7a526fd3987e3e7,True,included_text_source_or_output
b_basis/11.txt,13072,e0a4a34dfdb2d087aa9c590869e57756ce5697ee8e6a38b099d7d523c20f05e5,True,included_text_source_or_output
b_basis/110.err,459,9003a96622c6de2f1d88a99137cddb822b722cb1692d2051f80d03629fbacef5,True,included_text_source_or_output
b_basis/110.txt,13069,7970a0174e891ecfed15ad1ea6953ca587be1d47735586fe797949f630313aeb,True,included_text_source_or_output
b_basis/111.err,459,847d93cb2fe09638bfe6d17abbcb7ddc29c3275d65567097cd179375022954a7,True,included_text_source_or_output
b_basis/111.txt,13074,2de1d860f4305f22e0b0e746cb73c370117bef2a9c1f0fd07686cf270ec01110,True,included_text_source_or_output
b_basis/112.err,459,d91cc6e0f729732d40f55d4ecb39c523fdcd3b164ebaa3303fbe0296b7d39532,True,included_text_source_or_output
b_basis/112.txt,13053,d7d53072ab2442c93ae63d919307952dd7f27b22e1fced0404e107282cc8b820,True,included_text_source_or_output
b_basis/113.err,459,a35383cc85b3fcabc1961fe0bae9e08c38fec820f11ce50348716a9d79eb8d39,True,included_text_source_or_output
b_basis/113.txt,13059,cf270e588b5903f75049eb2f42aa1f08881d3619b879ff8c5966d06cdd844de6,True,included_text_source_or_output
b_basis/114.err,459,b7fa43e992158b394e59d0cc89cbcc9bd09048a681cdd12d09c2be069bd91326,True,included_text_source_or_output
b_basis/114.txt,13070,f258ecbccd8c4d3ee873698f6c09ab3a79e2b7e932f83069baa61c5a528950c2,True,included_text_source_or_output
b_basis/115.err,459,58e404e1c21a6d69d6163e030027a32f2efa72877de123b63895c66dc11e5711,True,included_text_source_or_output
b_basis/115.txt,13064,f5c37a041288eb88c21453b688410cbf267d3823aee0e584a9660941a17c5a7e,True,included_text_source_or_output
b_basis/116.err,459,de93dc6f241171007a234772f5751b5c5efbd8876a5677a7a057433bd396eb80,True,included_text_source_or_output
b_basis/116.txt,13067,5b511e95ee02bed25fbf8e763e2e6adc7e3c4701efb1147abc97bfd6dd5f6bad,True,included_text_source_or_output
b_basis/117.err,459,a47c89be477d3d83f76fffdb7e4ccac2d963e353a087f09a48aca4201a9288f2,True,included_text_source_or_output
b_basis/117.txt,13061,a6f09d7acbfbb2f181d756a64cbe3be601540baf3fbbf1d5933e2e4e3557f3ab,True,included_text_source_or_output
b_basis/118.err,459,6871704b05f424e27d0828fe1de00571330642cb36af0627a13c6ec65e9aedb3,True,included_text_source_or_output
b_basis/118.txt,13060,04e3b4486ff056a745044d7d988e8bc6e1a2d1db09f219f18a2b1ae209a10bee,True,included_text_source_or_output
b_basis/119.err,459,d5bbf5783f200417aaf1a37cb5a2e9112af73ebabf6f2530c109fb7fca3af1eb,True,included_text_source_or_output
b_basis/119.txt,13063,66966b0d0937a883d2195bb9e4d32ae1209e76022bb223189bf32c07acb6ef8d,True,included_text_source_or_output
b_basis/12.err,458,a72f04cba45d33c5627c14e71f3213b8f35183ed4ecc369626406e3c45d15e83,True,included_text_source_or_output
b_basis/12.txt,13080,0a89bb08e5fac31cf15a782eb6594d0e03d2626cd2457806c1ac375efde2d411,True,included_text_source_or_output
b_basis/120.err,459,775147ffbc24aa72e0b518655254ef066e5662cfb2fc3297781ff7d87a4d694c,True,included_text_source_or_output
b_basis/120.txt,13067,75d255fe1174687edf443450e718f5060607fe163998461061600ddae3426937,True,included_text_source_or_output
b_basis/13.err,458,34d4e5d83bbb34eca363e4d0f59c2e450b16347ed8aa1847ebb7570a35b58334,True,included_text_source_or_output
b_basis/13.txt,13067,d5be055fe10a0d667cc9f5dc73838dd4ceea745c014c64a4abaa3643576ea0d7,True,included_text_source_or_output
b_basis/14.err,458,b3f725e64ad72d97ef1a26d3ab601feea19e7c980dd68d110212d4e6970976b0,True,included_text_source_or_output
b_basis/14.txt,13070,10e101d3990d64aa35f18aab93a743e481e74d6ba8b422eeb57b1ebd04a48582,True,included_text_source_or_output
b_basis/15.err,458,38fd45ecce2e760d95c5817a7068d3ee51bc071354764e57360cb52031793901,True,included_text_source_or_output
b_basis/15.txt,13066,8094332d2a23f7651bf5e7b23a74e85a79350765f321a2e26ef2dbc0b225773e,True,included_text_source_or_output
b_basis/16.err,458,32579929e9d3589df999977ca538254198b5008bb3b8709831402a942e3f9569,True,included_text_source_or_output
b_basis/16.txt,13080,5b24c4d5ecee06de55331fb036e03aefbdb2e1816c4a9076dd6070431dd994b1,True,included_text_source_or_output
b_basis/17.err,458,ec5833db982f46533991f28c8f7e8b9d84a70a0d23027f6e9f1607dd1248c2a4,True,included_text_source_or_output
b_basis/17.txt,13071,1213c08370f29f19ca4bf00d0344ae963245252ae2858edab0b6feb29c1272ed,True,included_text_source_or_output
b_basis/18.err,458,e0c881f4038b0632add04af14ecd7675514fb52288a31614a59dd757e7d43336,True,included_text_source_or_output
b_basis/18.txt,13065,46473d302d31f2c8e6683f83cdbc07ea57737d922c0597a549aa0c4efe128cee,True,included_text_source_or_output
b_basis/19.err,458,7613ac00edd1b26f484ddbb278c6e84887afd3e45edf7abdb4b6bd3e7306611c,True,included_text_source_or_output
b_basis/19.txt,13061,1e5f91d30e8b44aa05b49bdaa653545de29a1d86de25f3efbf011fac5458a877,True,included_text_source_or_output
b_basis/2.err,458,275478a512e2810e1787b5b609196598e71ebaa1f5e4503b4c337953d01b9f0f,True,included_text_source_or_output
b_basis/2.txt,13068,7a674de303f19d0aeef6dfa4fdd8ed789426ac44b52526161de2652bac55aa7e,True,included_text_source_or_output
b_basis/20.err,458,c216b16900607a4c99c54542278ae03cd6f1ce6797c9ea7f9f476ebd1ed61e8e,True,included_text_source_or_output
b_basis/20.txt,13076,794bd93eb3325b7191422fff1725bf1c9ec4a06c018db278b402635af3fba9e0,True,included_text_source_or_output
b_basis/21.err,458,2be782fd55808ed042690198586150e9b1fd7db569fc005099543252f081bbf8,True,included_text_source_or_output
b_basis/21.txt,13068,3a6ba65fdd45723a19e4855d7b58b9fbc149c0472e18f5fc72a1cf88b6dfa256,True,included_text_source_or_output
b_basis/22.err,458,7e3248775be612e59f883d73daf257f5cbc8c2e785ebb5ecde666cdadabef624,True,included_text_source_or_output
b_basis/22.txt,13072,c0d108899f9e1cee4bff7773761422c2289838889574399693a6a67b72808899,True,included_text_source_or_output
b_basis/23.err,458,67c25245068bca937300a1f7e225ff75b63f81b24e453f7e39a922e5f5922b37,True,included_text_source_or_output
b_basis/23.txt,13080,0bf79a57a89c33877aaf2adfe16183fc41171961f5d21cc241c00a8dcd62c75e,True,included_text_source_or_output
b_basis/24.err,458,d8ab041529cbca5a2e2fd8d08ce3a1f2dfaf08b478ae07c1533399606813c290,True,included_text_source_or_output
b_basis/24.txt,13058,c0d9296eba808df6ae561230ba697aeda0bc48909af8c8aa6f62cd3517f9155e,True,included_text_source_or_output
b_basis/25.err,458,9ebe3ffaf5bc6d9092dd7950a830861457471ee2e17d60aeaf6342bc32c46056,True,included_text_source_or_output
b_basis/25.txt,13068,f55290975d5bd7c5b1aaa1e9ba88262526e7d3d14570969e418767ce69dc4150,True,included_text_source_or_output
b_basis/26.err,458,b0ab4c96eec07970f9613eb7f7a7804c2d631193c7f09c924687a675c3a0f4d7,True,included_text_source_or_output
b_basis/26.txt,13069,2b7f889799a1abdd384111079d946ddd28c52dfac0cb26479c54c82b277129fb,True,included_text_source_or_output
b_basis/27.err,458,8acbf2402cac5894a16d723c0188b4f5fbcf49ea006684847253189ea86ee0ef,True,included_text_source_or_output
b_basis/27.txt,13066,aeafa323a98b5140dbdf71ff2eeb5acdd2514ce1138b9e590a00c964aff9ae90,True,included_text_source_or_output
b_basis/28.err,458,c2155d06f35ba72c4e472231d008f423abe868396b8013178efbc2f1b76dabd6,True,included_text_source_or_output
b_basis/28.txt,13062,24f038d64c80c5db410370a8f38e21a2656c4718b96680c59f073248ca46d178,True,included_text_source_or_output
b_basis/29.err,458,934162e1fcac81cde93335f781d1b252d915911cb5b202cbfc9e4f9bea9b57f2,True,included_text_source_or_output
b_basis/29.txt,13067,cbdcea77f0f5f3bf96cadac55cf7634904c6666e1a53a5f19bd6c188151cccf9,True,included_text_source_or_output
b_basis/3.err,458,74276603a43201a2bd70e4bce59112cead30df5e26909067ed80db5bf2d98ebd,True,included_text_source_or_output
b_basis/3.txt,13061,058117342ddddab2af1176b9b068d9641caa99380abb97ffdfbf2bde1cc88f0d,True,included_text_source_or_output
b_basis/30.err,458,4f0fc205c971bb8c3b2c1866439d1e4c69f7aea146e4a17ffa969bc205beb140,True,included_text_source_or_output
b_basis/30.txt,13077,d5909fb93300f70f32f539c259c31500cb875772b21773fee8780b1aac72a3e4,True,included_text_source_or_output
b_basis/31.err,458,52b8676b9abe43a8d1993aa1b4855c1ea68fc26cb9830ec53279ddfb13c6a97a,True,included_text_source_or_output
b_basis/31.txt,13065,f56c87cadb945ed8f6fa48868446e4d1774143720bf08316e96a41c9b22f4ca6,True,included_text_source_or_output
b_basis/32.err,458,3f00e40f425fe753c1db23080ade17966ba49921187572926c7b86423c7c46bf,True,included_text_source_or_output
b_basis/32.txt,13070,937bc923921db297ed0f6c0f5ff4d03c03561ddc452b74f12eaddc1b3abb793b,True,included_text_source_or_output
b_basis/33.err,458,f669a2072a6f3e581cc8de48553edecc2a60c4285aa003703874ed85664c7ed0,True,included_text_source_or_output
b_basis/33.txt,13063,10a8de362a44939551106a0ffc6f37507c803e2c92dc72fbc57052f0526473b9,True,included_text_source_or_output
b_basis/34.err,458,c6c97d3f1e8141add348cbf81662288cd3f4dda48944e24e2538b8cfd1f36ba0,True,included_text_source_or_output
b_basis/34.txt,13076,48c1f7e51c4edc84f2662c048c1c6f7315906c8ef4b32b0142c361f8487549be,True,included_text_source_or_output
b_basis/35.err,458,ef5a421cf7c8e777d74b17acde91dd57c450ebab7c9803e0f5ccad94f25d5f83,True,included_text_source_or_output
b_basis/35.txt,13065,37821ee2de1592bf206108b68c5a46e4dd74cce5c89e17f4a919e645ca66454d,True,included_text_source_or_output
b_basis/36.err,458,ca901c5c5521c0ecf14670bfcdf5981e7b2dcba6bfcf874a205a796c3e8b3793,True,included_text_source_or_output
b_basis/36.txt,13060,1e2797f3739bb3984042cfdedb7b59d9d568a79695090563fac761fc34d2cacb,True,included_text_source_or_output
b_basis/37.err,458,70b2b6121d8db4d960f6ec35c852668ed9f0c38192975647a739ef72cfae7796,True,included_text_source_or_output
b_basis/37.txt,13081,d6aeea47d11a27cdff4f5fae710cfb86645d278c5a94242ef3e60b92c02ec18f,True,included_text_source_or_output
b_basis/38.err,458,e6d048366a6f0db9f9c9d1818b18453fb0dfe1bb6ac65ce6dcb2b0952e7f2b84,True,included_text_source_or_output
b_basis/38.txt,13072,18c83e75affb11e2e94975d73dc9c7c7b9fcfa0c40ab7fd602380cdc3ac7438e,True,included_text_source_or_output
b_basis/39.err,458,d2fcc6a8c85ab1a6f133cd819498a5d964a0740597c8bcf9778dbb98ba089c36,True,included_text_source_or_output
b_basis/39.txt,13042,cbe216211d8a5670fef0f2712f9059f93716e47dceccf2e3be5ee13c806ee818,True,included_text_source_or_output
b_basis/4.err,458,9b95f64f0a9cc4d908a0801eee10399c0e712f8b9d38bacf85e6a7bf2aef41c7,True,included_text_source_or_output
b_basis/4.txt,13068,62db37367afc6005c14160fb56c0fb02c3c0f02f0a005d5d5b656a9c72b27505,True,included_text_source_or_output
b_basis/40.err,458,95e57b9734da93583ba0e918650afd62e281630490464ada14a56788826c4054,True,included_text_source_or_output
b_basis/40.txt,13058,1518570c08fa06b0ebc14257b0bbe748d20753727bafaed6e11b762610dee8db,True,included_text_source_or_output
b_basis/41.err,458,9d3bbe7d5139a64d62625f9f9d4dc9514808408cca19d143cca507566cb48f65,True,included_text_source_or_output
b_basis/41.txt,13061,f8d795a39661fdace45d2bd54fa872125f18a878c17aced039d5675ea1239485,True,included_text_source_or_output
b_basis/42.err,458,8ee30ef9017ca8cf8a6161f65f8b249e0285422d1beb1cb89a4d7bab5bd9ffbc,True,included_text_source_or_output
b_basis/42.txt,13068,a7fd7b7d828d340bd77996ef5cb0b7c2511458c592813a47f0bf9459586f90f2,True,included_text_source_or_output
b_basis/43.err,458,a7514aae12bedefbc9734e633796b98ce8df45bb173120e669ce77d609dfd100,True,included_text_source_or_output
b_basis/43.txt,13076,d57c44c05417d1a46013014513845d32c2171c9b42ca4a9e8e86a17f823d6340,True,included_text_source_or_output
b_basis/44.err,458,d1d45eaccc583f2979f611e5bdb2ef5e5c80aab3a053a9dfbe7f8531dcb4c997,True,included_text_source_or_output
b_basis/44.txt,13062,f0f889beb8ee99834e2cffd8ff7fdaa1d5ce951327764cad30a4fbb9d9fe7996,True,included_text_source_or_output
b_basis/45.err,458,947592361374056ea661332b17f8e2ae8b09b4b2c9f8a289fb16dc6fd95aea7f,True,included_text_source_or_output
b_basis/45.txt,13067,e85be509f67fc54f513ea2f5ee8b538019717c187377064efcffadfe90cc8c66,True,included_text_source_or_output
b_basis/46.err,458,e74cefe0a6e04e553541727ac5b63fc02dbdd1cb974444dd1ed428e58aec5108,True,included_text_source_or_output
b_basis/46.txt,13069,f4fa4c15c7af49f6631a387d61518c3733957960b81c8bafe79e0fd28ee51927,True,included_text_source_or_output
b_basis/47.err,458,75e3fa34988436856002346cca3eea560623078b25b8cada145f245be9676780,True,included_text_source_or_output
b_basis/47.txt,13065,b991773824123b6b5d27aa38f7ecd308a338430c48f7db7cb5a64199862ab100,True,included_text_source_or_output
b_basis/48.err,458,c156730f8626b21ea9515ab04f92c59df3e33f7f2a569937568e81fca07a5183,True,included_text_source_or_output
b_basis/48.txt,13066,2bc90746b209bfe4fa89ef5b6b7f1f1ddaf59843242c48b921bf5de4a9e4cec5,True,included_text_source_or_output
b_basis/49.err,458,c2dbc02d06ef82567ca8e73cee9b8af28883f312228984e6fc597b7aee205ecf,True,included_text_source_or_output
b_basis/49.txt,13059,8a0df6bcb6a21dd6157c9a8c70e3f9ae89bee403647eb58eb24a4d84a137777f,True,included_text_source_or_output
b_basis/5.err,458,6e233695c9b0f6c92abd3a81c68cf3cc9c1cfd6f1c8b956cfb5acab4ead51b5e,True,included_text_source_or_output
b_basis/5.txt,13074,e2f07064df66091b32e6580567b00c916c73516393ada5f5c3a03c3f10efcd67,True,included_text_source_or_output
b_basis/50.err,458,0ae8e85165ed1d5844ed976626b4ae119006b01410149ebcfc1db8b98a4db355,True,included_text_source_or_output
b_basis/50.txt,13072,bac46fb562e88e7a3209af0d361148d36660249922815de1dc9229861f1c4591,True,included_text_source_or_output
b_basis/51.err,458,e62c1a77a5d9ecf9e1495d19ca13ccc3e869b5bad28e348da55c5b6650fcfd79,True,included_text_source_or_output
b_basis/51.txt,13072,4da9ebdf31995d636f797fd51ec3720f16d87d2c730fff6e7294b59920ff5a40,True,included_text_source_or_output
b_basis/52.err,458,eb09a6ee393389c3f77cb1055f001316a4cd6dedc66cc0d94588af158afec14c,True,included_text_source_or_output
b_basis/52.txt,13066,d923ea64d3bcb0ba4bc82a09751653dcfea81068fe8011ca628269fbe1407e61,True,included_text_source_or_output
b_basis/53.err,458,06c12cf0bad420343ba2af3b5b60c2d4c5c0c9aed3d667c0eaeb2e0ef3a23f97,True,included_text_source_or_output
b_basis/53.txt,13074,9dd9f7c8b6f21b7cbf4f999e1ea69820e336ee256182e756b35cd7a41edf804d,True,included_text_source_or_output
b_basis/54.err,458,70d3f75bba2f7404413b0e6ff17105eaa30edd4beea4f4914a0d1132a7539d1e,True,included_text_source_or_output
b_basis/54.txt,13067,33054695a1f04f74c6da8dfdbbe17067cc5eb526dc1e2fff17f5532ef8adc4c5,True,included_text_source_or_output
b_basis/55.err,458,83873129b1c9ebd0b287c26ceabbbf85d12c6d916d3c5479946aa802ddd02672,True,included_text_source_or_output
b_basis/55.txt,13074,00bc86ccfbe1bf2f073beb1c4f27231aa6c093d8a3dd8b5090a5fd94ef9a482f,True,included_text_source_or_output
b_basis/56.err,458,01c7679942833b4f8ec9e970bbe4a1afeb8bee4990362aa98082ca4f0c40b881,True,included_text_source_or_output
b_basis/56.txt,13079,7a0c76ef517c405bf131e8d7ac97d44a0638294bebee858522188a7b510cac31,True,included_text_source_or_output
b_basis/57.err,458,06405f32aa01fce62748189e4d22ec0f98756f381d00bccf7f311923d3e0a1f8,True,included_text_source_or_output
b_basis/57.txt,13059,4e946f5e13f670d25cf20f67e9289fb195d5df9f582dbe45dbfbfdeab9aa808b,True,included_text_source_or_output
b_basis/58.err,458,f4d35911d14bcc95218241f518693d2e6739fff26d9e104fb2e3abe8321f609f,True,included_text_source_or_output
b_basis/58.txt,13064,cf7122bdf664384e7803c6a7cd34e3379b4e3a3af0c92fc247a6126438994b2d,True,included_text_source_or_output
b_basis/59.err,458,a7b63b1ed1bfcdc08a1e55b1173edc29bd57e9371875d13948ce319047842a90,True,included_text_source_or_output
b_basis/59.txt,13068,21739716deae0fa0ba70cda67de649cf73b2d4d539dab4baa0c8cb778c9ea83b,True,included_text_source_or_output
b_basis/6.err,458,60a64461e19b13e795d618e279d03a7ccc9bcb52c7c30d5941f5eb22b543b29a,True,included_text_source_or_output
b_basis/6.txt,13075,44a7cc4c61d45e19093d7b52e30a167af525233abc259d1dd76aa276d1028020,True,included_text_source_or_output
b_basis/60.err,458,d0d6feea20a213a7527ee82b810e675500fb24f270b6e0d425d55d77e6ca718a,True,included_text_source_or_output
b_basis/60.txt,13065,6464f53312c8da0a06af5abb0cca88e6288881c8512973e7d7dc0c30c5ad87e3,True,included_text_source_or_output
b_basis/61.err,458,1261fb80c11c2c468e24747a25966040f29630f1eba10b7d9aed7c465f79256a,True,included_text_source_or_output
b_basis/61.txt,13065,231bc311f828f68d99a3a54adec8b92b5186c100aaa31096b9e1afd81d99ff73,True,included_text_source_or_output
b_basis/62.err,458,b700017301ebc77c15b9a1f525899dd77fce13a902ab803a3ee991251dff6738,True,included_text_source_or_output
b_basis/62.txt,13067,bbeb9d2be2d008d2119bedd3c09681c375c5b3a8597d5cedce33111eec07ba63,True,included_text_source_or_output
b_basis/63.err,458,ca545530c10854b32eae727f698482cda7c4484e4b323d0ee71ff0c0190718dd,True,included_text_source_or_output
b_basis/63.txt,13064,a7ed7f83f968e559d4810e85143b8f3df8a8037c6f347f1abc2df01919d20b42,True,included_text_source_or_output
b_basis/64.err,458,81791e00b63f14002ee7d11c158064dc1f708079a00e8e849b43b9c24db02212,True,included_text_source_or_output
b_basis/64.txt,13063,288c05590c6f0fdfa859f13b04e98d798f8a256c51c781f957889e815e42a812,True,included_text_source_or_output
b_basis/65.err,458,5e013b742d3876610b2a2e0c1fca57afcf05888ef725f10c9f33ef134d18e385,True,included_text_source_or_output
b_basis/65.txt,13075,171d412cc44fd1e90e67f24aad9129c0fb4c1f16d64c99a4f33481d226856cb9,True,included_text_source_or_output
b_basis/66.err,458,fb0b5dafc011e3e563e82f6fed98ccf6fc672efbd04ff92c77bcf84fca5775cf,True,included_text_source_or_output
b_basis/66.txt,13075,52d8dcbc8fd8db8929061ba3225a7ef1e06340b396604a692568535621e214b0,True,included_text_source_or_output
b_basis/67.err,458,b5348c02cbeaad5b94d59a5bbeeffcea2b6efc704318a8c60c96db11459b65e6,True,included_text_source_or_output
b_basis/67.txt,13071,851500a29d9d670acf4e1ecf45fc0e1fc73de898e23d79d95af517007f47f9f4,True,included_text_source_or_output
b_basis/68.err,458,1f955ee7441c1bd1d70ba6f0cfb4ead9bb5869b81efca647c175414c1245003a,True,included_text_source_or_output
b_basis/68.txt,13075,bfb46c12df06985078e668235e46e742565bb479c516fc855ac081efe666c197,True,included_text_source_or_output
b_basis/69.err,458,e4493b99034f27e03fe5c78d724b6b2a45c207f57bea9d13710a557bebd4127a,True,included_text_source_or_output
b_basis/69.txt,13060,3051ef51eca0cf8e0e2abef1620a6035d0eac01adc346e10565d1acbf1510fcf,True,included_text_source_or_output
b_basis/7.err,458,f43284236575bb943a95c78714e34605d4b84fe26945015480a158ec74a2e366,True,included_text_source_or_output
b_basis/7.txt,13071,9723dfdc4e5852a8523390c68e4bb9152888ac32adf7555b3b992c03b8a8ac76,True,included_text_source_or_output
b_basis/70.err,458,926316f360e0f93a38a7f74f44ea7271e2d7c1c89dbb1401ca8b52b783f5d13b,True,included_text_source_or_output
b_basis/70.txt,13059,61b58a9b9379cb281ac111ac022f691a1268ae353290469553c689fd38e2cc89,True,included_text_source_or_output
b_basis/71.err,458,5ec32a06b0848bbef26eb735580525e8c2f3a8c37f325dad1929f930e3ab8646,True,included_text_source_or_output
b_basis/71.txt,13062,e54f717655eaea09b14d2c594440ced7b299a60a565070ebbc08c5f56c2c3f65,True,included_text_source_or_output
b_basis/72.err,458,6dcc100c2f0a2a7cfc2b7b496a5411bd8ed762efe2e49c5c9114f54fc3ca81da,True,included_text_source_or_output
b_basis/72.txt,13057,0a0e139a0e06c422934be061db833a436b330f5715f4e0d2d5ff72277e6a4672,True,included_text_source_or_output
b_basis/73.err,458,064a53e3c0755b6bf350fe12494dec90d58e87de0db7ffe39909dddc899a2ae6,True,included_text_source_or_output
b_basis/73.txt,13069,03ab8683de41fa2b5e5fc2f6896ffcc39300a551d895595491d3ab04e398729c,True,included_text_source_or_output
b_basis/74.err,458,fd35f0aa60ab0f8e33855b208743d1e8394e54045a22cbdf7ecbb0df0697451e,True,included_text_source_or_output
b_basis/74.txt,13077,ca00cb80e346fd8dcf895fffe908cc48413cfdde13274b100a5ed9cc230de4dc,True,included_text_source_or_output
b_basis/75.err,458,7df126d0c506b5bae2ebf7fe225900ca28247bf654b0f09fd1db95469ef4f852,True,included_text_source_or_output
b_basis/75.txt,13074,8fe2293d99103785e401a8146632e5e6a6735a1163cf6fb4708da484fe317d40,True,included_text_source_or_output
b_basis/76.err,458,167f94e95833ce4ce33c196fe7422d920edd7d3f8465afe796d1800980d9d727,True,included_text_source_or_output
b_basis/76.txt,13063,9dca2728a4d1c35f4f5e5f3f9a2026ddb55e10f4834cc99b2b793431f730392c,True,included_text_source_or_output
b_basis/77.err,458,5dc73ccdd776f3c01df981741215fe0e677cd4d7961f639ae300ff3cebf05dc5,True,included_text_source_or_output
b_basis/77.txt,13071,7fbd6c7d2b224485b621de1a5afd7327c02256fd2c624ef670bbb100b309d125,True,included_text_source_or_output
b_basis/78.err,458,25d6aaff01618079e8511802e1cb90a9bd512c3fd9c70d7dfa342cd87a23d027,True,included_text_source_or_output
b_basis/78.txt,13067,ff0fd9a6d5acca8f30998944e484005ef1c6a2a2342e38d3492ab857b0cc090a,True,included_text_source_or_output
b_basis/79.err,458,61aed89248654023ba33ae54c4cbf890b3e9089d25ad55e780ff74a1dc5aea96,True,included_text_source_or_output
b_basis/79.txt,13067,71797859b7e165d1f900a550074fb62d296f86a4a57992b6c24a5404f32e8a45,True,included_text_source_or_output
b_basis/8.err,458,3431f0f06d898ba4bca95b4b597fc57a8190076e94bc0ccd6ff57dca57e7f4b3,True,included_text_source_or_output
b_basis/8.txt,13067,4e84e1c1e5058d0294e04dcf11dbb8cf9fadd80bfb94cc9f4636d37888424c07,True,included_text_source_or_output
b_basis/80.err,458,4373f9ce58bdc31391ee8116ebfc72a219073b1fe0da7ac8701b10d3c349a30e,True,included_text_source_or_output
b_basis/80.txt,13058,41d2d2e477774416d41c9502a661eaab3122b5bd4cb4d2479f4417cb111823e3,True,included_text_source_or_output
b_basis/81.err,458,a82dbd704f487f6ec4579ea19d91348f9b87a785f652b0cd10c0ab1d4d9c7a56,True,included_text_source_or_output
b_basis/81.txt,13064,32183b09ead67019142cc5fc3dd7be33c41aa3eb857c5597430a1bf2c38e405d,True,included_text_source_or_output
b_basis/82.err,458,7169176ba2a28320d95e5519f4f54525d14fef53c2a224aaf929299be5754234,True,included_text_source_or_output
b_basis/82.txt,13073,7f340cac6f48f4dc11b628e4b3b95590e73611f9cfb255fbb2a3b249d909ad7a,True,included_text_source_or_output
b_basis/83.err,458,baba8902abb48bd78085be36a10384e7e14be7677b12067654c346ba15a88160,True,included_text_source_or_output
b_basis/83.txt,13059,0cdb7bb620150421bb908f2d2787d84897663209c1443ae36522db67dc0b11fd,True,included_text_source_or_output
b_basis/84.err,458,f00d47dd7fc9239d61cc9917d103b4570b4258c572fac3d18a1cb30cd7268117,True,included_text_source_or_output
b_basis/84.txt,13075,c6a117e98942d911dd6ebc045c5ba8ebe469986b88c2a6f8a9a0faeb0bf435b4,True,included_text_source_or_output
b_basis/85.err,458,18cf13cfe62262b33c715878bd7c5ca1d3a8fc510479db8988ddbe7cb61c45da,True,included_text_source_or_output
b_basis/85.txt,13067,15908beeae0d8f4d428d7d246bd1f728677b290f2892a64280ba44e4b5624c0f,True,included_text_source_or_output
b_basis/86.err,458,766557de1c65f7e2435d59c75c7fe0a5dc627cf756c6887e4b20d7710e2fbdb2,True,included_text_source_or_output
b_basis/86.txt,13074,6bf2beb01def6615406adbb713fce58dec5193c53cb0b5ae424c0076100ab02b,True,included_text_source_or_output
b_basis/87.err,458,be3c25aacb0ecd2edeb454fdccbecb33ecdd6dba798e67f7a0e1a24019ca0be0,True,included_text_source_or_output
b_basis/87.txt,13069,ce9ab22caac5b1b2b83cc37d45663d8511b4b35c5d1c168b675d30668113b846,True,included_text_source_or_output
b_basis/88.err,458,f7ec9ad239076b65c5595a4b8c6946dbff41f3195412d3f717d77f032c02600b,True,included_text_source_or_output
b_basis/88.txt,13065,6d4f48b0e852b91146ff352992992c302ecc1b0df5b2214a229b99198c01948a,True,included_text_source_or_output
b_basis/89.err,458,8c75a95d4cc8d5a0e174671ef721b25bc3d442967bffd7881c562269bc4fabe3,True,included_text_source_or_output
b_basis/89.txt,13072,ac05427ea4fb68f98600f308f3e3720686280002888a9ee55d4909eaf2d20096,True,included_text_source_or_output
b_basis/9.err,458,83f4352b5817ba649977c3d03c108023ec64a40c67b7cb71fa4e9eab2a08cf56,True,included_text_source_or_output
b_basis/9.txt,13075,d25c63e9b59aa8a928f588d06ab14fd626e0246d05b60e87d34ab61646a89b44,True,included_text_source_or_output
b_basis/90.err,459,1e2f1440ae3a5721b4ab01ab49efc5aa0398091f46a3a8d5aa0397d91290c65c,True,included_text_source_or_output
b_basis/90.txt,13069,0b438ec57003e4f5592d697206f8744d4d19e01ee22ae74cd1f918ae2c426128,True,included_text_source_or_output
b_basis/91.err,459,c69d18b9ba622cf312a2802848664ff11e65daf873460f3f1bbbc8da4ab467de,True,included_text_source_or_output
b_basis/91.txt,13070,c613d88bd14e1cd2b20c128f652d9f9d6b315f19f00e6f7f5a02e317619ea0aa,True,included_text_source_or_output
b_basis/92.err,459,36033e6355a9476b54d6b9bb7180f181bfeaae419f9252b822f29f11d72d08d1,True,included_text_source_or_output
b_basis/92.txt,13067,50298ea7c8d1d5b6bb73ba39b1f485c67bc389e227b538c3fee56b0c60b3be56,True,included_text_source_or_output
b_basis/93.err,459,fc17bf7989ce67f2f8ca3a609ab928a7e7b06a89c11c3e3afc05620dcdd2fb5e,True,included_text_source_or_output
b_basis/93.txt,13058,a7e486fdceeac9cf05ebbd74f0b3c8d9f1ca104025fba17d9efcd214eaaf53a2,True,included_text_source_or_output
b_basis/94.err,459,615407ba0b8915455d998c377e45994518a04c7abf25b2dae27bab511728156d,True,included_text_source_or_output
b_basis/94.txt,13067,7a2476721330ec609e02ce84665784c1291cfcc7218ffad0b8a470df05b6ddb1,True,included_text_source_or_output
b_basis/95.err,459,e6a805ad49e06139d9583bb308593d8e6cf7462254f2a03fb94d4590b425cd9d,True,included_text_source_or_output
b_basis/95.txt,13066,0b31550cb3e4480804f0351056880e20d24918ea00549086310f75836c294c58,True,included_text_source_or_output
b_basis/96.err,459,fb4c145dbeb23e648cd0add02bf8bd44bd6f16552cbfee0e9b197a85a003057d,True,included_text_source_or_output
b_basis/96.txt,13058,4459cecbec434edf7e8df0805558bac9b392d41d2aacaee8a6b4a999bf1e6870,True,included_text_source_or_output
b_basis/97.err,459,77b83976484a5a1a83cdd0cf9cbe98b0833b071a8e0b2bbeeea4467507130f7e,True,included_text_source_or_output
b_basis/97.txt,13075,229be8b40f59ef097a29713b5db7474cfdff8883f3d038fe09a620034b5703c9,True,included_text_source_or_output
b_basis/98.err,459,445cefb7698846d260e9d5e7bc6c90fd512bdb15aaddb4cc3b6d0bcc25d6127f,True,included_text_source_or_output
b_basis/98.txt,13070,631b958771ea1b3ff59defe465805bb0339ca359ec1102c351bc63385de98881,True,included_text_source_or_output
b_basis/99.err,459,6625d5ef1adfc0f0483a908a3c0901052f0e8fc0e94ecdd31510e58a61b81bbd,True,included_text_source_or_output
b_basis/99.txt,13060,1b3fbc2ac14436a2bb3a57187083749dda51f0d729e14170a19bcf351f97fce5,True,included_text_source_or_output
brows/0.err,459,d6ffbb9ecc140f2ad0b31145bbd495e416a98a690cfb7986891299992dd72b88,True,included_text_source_or_output
brows/0.txt,13015,99d74fdbf4c61495ea56930c4b6f8211fec0674294a587ddf7a7705c34cb8742,True,included_text_source_or_output
brows/1.err,459,0913b57c755350cc5625916ab9a544a377c90dfd53bb9605ee99e1b26ab07c6c,True,included_text_source_or_output
brows/1.txt,12985,01571f6a30058c1026182ff03c147ba1c01f5c07623584c6205add77979a4a72,True,included_text_source_or_output
brows/10.err,459,67f044c1985b8bb78de44bcd2060c0f954306e86af451f681194b726d194780b,True,included_text_source_or_output
brows/10.txt,12978,09e2b84f93a3e1ee34691e657242fcf29eedc3c5b0f4cedd8bd0b69a95743868,True,included_text_source_or_output
brows/2.err,459,50c7ef500f98ef847ea645eb508da2f9ff16dac8d109f1ace326df1789f1a30a,True,included_text_source_or_output
brows/2.txt,12931,6214e264fb393d1b1ad0a2986e9b21eadfb25b88b87aba0ccd9006e35bbcd6b1,True,included_text_source_or_output
brows/3.err,459,3f2a985ef1f557f58cf11470f4071e2de3b392dc0ac291ebdb8c8053a35dd9ac,True,included_text_source_or_output
brows/3.txt,12936,13dafc6e64e76c04d3838936ce7a4d32fafea67ce36515ab7ff383dd9f1f2814,True,included_text_source_or_output
brows/4.err,459,cc6b65d1b89287be10ffc7501f5b3a4af4e10baf0458c5b13ee411034d7e03ff,True,included_text_source_or_output
brows/4.txt,12975,a941379bb6648cc25c89e89f78f3f4a66159f2de94cc2e246fb0e308c7001190,True,included_text_source_or_output
brows/5.err,459,f73e68e64cef8cc8f5370e69207c431027ba891896c2c303ebeef3d4e215b99a,True,included_text_source_or_output
brows/5.txt,12976,39f48d04f12f502ae58fe6c8da034e2cc42d700d1f03b98c22b3d70e7dc35218,True,included_text_source_or_output
brows/6.err,459,a709fbb75529eac02e9812aefe07491f8b5d4210c7c71eecd93bc50056ab83a8,True,included_text_source_or_output
brows/6.txt,12943,b62dfa289206d7ce4dd0f33c3e51673e74b2e805215f239583d17236a8bf278a,True,included_text_source_or_output
brows/7.err,459,c6b5bec264255f865920ceabff09d07d452c5ce9ad5e4d03973dea4054b43e88,True,included_text_source_or_output
brows/7.txt,12994,4e42accec3da22b87521ee06682701cc5fcc4710c6883dfd9d7516f196657787,True,included_text_source_or_output
brows/8.err,459,788d4e5a7d4ee29292b7f2e354766a59ed1b1cee98f7bf2dbd6457cc23848762,True,included_text_source_or_output
brows/8.txt,12937,05ec73e24460c63ab1b8a18064f082d0d2a444bd8f3bd7d420030bd796e4b7c7,True,included_text_source_or_output
brows/9.err,459,971d77265ddb6205157f2206541dfceaf4e50ccdf1785fbc44ce90ffb3e4a1f1,True,included_text_source_or_output
brows/9.txt,12939,39ac26272cf4c9b04585c6bcd77e5ed861444f1ea7d6df09745d49576c764dae,True,included_text_source_or_output
continuation_02/GEOMETRY_CONVOLUTION_08.md,1692,85acbb39d1b06a7c0dbe4d57e075c601567fa723fdd775e804eed49373fbb26c,True,included_text_source_or_output
continuation_02/MANIFEST.sha256,933,29ae7188dbc8a6499b4dee849507dcc4674e91b6595f693eb669754b99f20e8f,True,included_text_source_or_output
continuation_02/TREE_INVERSE_CONDITIONING_08.md,2417,4e9eb4952c39941b4459e7cab3d6df4fcf63fb803de44efb399d20e60c5cb2bf,True,included_text_source_or_output
continuation_02/TWO_MEMORY_COUPLING_03.md,2267,a7609fcca46efde557ad054b8e39d5f44afd79366018b0f835c0e4b763d9e1cf,True,included_text_source_or_output
continuation_02/binder_m16.tsv,296,50d4a53b748d52c9732be792cd3bef0fababdeb7bba11fdeaf828bf4e62930ec,True,included_text_source_or_output
continuation_02/binder_m32.tsv,458,28f349c8ccaeae32cb55743389aa5fb8c458642ef6a65d37bab1db54ba94a337,True,included_text_source_or_output
continuation_02/bottomup_m64_stderr.txt,1552,e48b8714f95c4b44b32db83ced7bdc0f2e70796fb5b667d5ec4681429d833bc0,True,included_text_source_or_output
continuation_02/bottomup_m64_stdout.txt,0,e3b0c44298fc1c149afbf4c8996fb92427ae41e4649b934ca495991b7852b855,True,included_text_source_or_output
continuation_02/energy_m32_a0745.txt,943954,422a81489c2210dbcde2b04efd44a1d3005500a02a7c1ed3edbd298ee32d03fe,False,excluded_large_regenerable_text
continuation_02/fft_m64.py,5170,1dc0b0f9b4c0c8c2f954c3acea9714290f59eddfe0c81cef4ebfa39edf825bb8,True,included_text_source_or_output
continuation_02/fft_m64_0735_OUTPUT.txt,218,cec4cb3765ab99d0e9b1580effa0721b1203a4e277677326cb37c1086ca0e0e7,True,included_text_source_or_output
continuation_02/fft_m64_0735_stderr.txt,0,e3b0c44298fc1c149afbf4c8996fb92427ae41e4649b934ca495991b7852b855,True,included_text_source_or_output
continuation_02/fft_m64_0735_stdout.txt,436,1cb56de67c29a048b5e6a19aafa8ac43cf161ed93a4180b51ca8c69880206332,True,included_text_source_or_output
continuation_02/fft_m64_074_OUTPUT.txt,220,875b8111dd9b3c205201d3c76ffc65908d5e1f52100341edcfe2f3e85bf17e5c,True,included_text_source_or_output
continuation_02/fft_m64_074_stderr.txt,29,907fcac00a6c5c8bfc26cb67f485ef1663f57345794c3651ef9a7789c8406b92,True,included_text_source_or_output
continuation_02/fft_m64_074_stdout.txt,434,3f37a9aa155f89e41f0b3a0ab6c12f55dac40866a5060c68ef3b889140f0babb,True,included_text_source_or_output
continuation_02/fft_m64_0755_OUTPUT.txt,208,3b209bdbcdd49e6bf8c54fff66dd2168a08d520a02a33a958fcf0abf38ea988d,True,included_text_source_or_output
continuation_02/fft_m64_0755_stderr.txt,0,e3b0c44298fc1c149afbf4c8996fb92427ae41e4649b934ca495991b7852b855,True,included_text_source_or_output
continuation_02/fft_m64_0755_stdout.txt,434,062c04b3b051469cec7c6d97a1eb124376ee941d4c7869ad4110c1d23e0ec84d,True,included_text_source_or_output
continuation_02/fft_m64_075_OUTPUT.txt,206,2c4b19167a0fb9a32a99b4e05b4c0f220be29620d96ba4a22c2174d03e35d0ed,True,included_text_source_or_output
continuation_02/fft_m64_075_stderr.txt,29,46d87ac45be1386c7dec7105964d62a788a688dd14ec35a764b756e1886ab7b7,True,included_text_source_or_output
continuation_02/fft_m64_075_stdout.txt,433,f138cf769f3293d657d90beb6b7175f736b1940ac7285a5a98da1b2a87c00889,True,included_text_source_or_output
continuation_02/fft_m64_0760_OUTPUT.txt,222,73a600192560183b90e145a8c7accaf803fe7c4c69da0357c1f75c054b8aa4a0,True,included_text_source_or_output
continuation_02/fft_m64_0760_stderr.txt,0,e3b0c44298fc1c149afbf4c8996fb92427ae41e4649b934ca495991b7852b855,True,included_text_source_or_output
continuation_02/fft_m64_0760_stdout.txt,433,8ce360ca79564e692decfcddac991980cbf540932451c73a80bcee12f0a38e84,True,included_text_source_or_output
continuation_02/fft_m64_0765_OUTPUT.txt,222,1d41bd921fb6148b10828fe0db0766f8cbe5b44c6473300076643f184ab8453e,True,included_text_source_or_output
continuation_02/fft_m64_0765_stderr.txt,0,e3b0c44298fc1c149afbf4c8996fb92427ae41e4649b934ca495991b7852b855,True,included_text_source_or_output
continuation_02/fft_m64_0765_stdout.txt,434,22a92edbd9f358c9a2b2ed79a48a74315e46e1a9d70a4f5f0422243b3d10e171,True,included_text_source_or_output
continuation_02/fft_m64_0770_OUTPUT.txt,222,3cdcd79313abbb250161a2424ee69330bf2603bf79f02d6beca9ae4a252fd21b,True,included_text_source_or_output
continuation_02/fft_m64_0770_stderr.txt,0,e3b0c44298fc1c149afbf4c8996fb92427ae41e4649b934ca495991b7852b855,True,included_text_source_or_output
continuation_02/fft_m64_0770_stdout.txt,434,285a0356b24b8b37342b3a37fca520163faa7f97a5deecc6f92a708432ca320a,True,included_text_source_or_output
continuation_02/fft_m64_0775_OUTPUT.txt,222,45c7aacf8bb38a5e7053a5c9ee3cc7ccb9f7086a703dcdd7c93a8f6d7a764b89,True,included_text_source_or_output
continuation_02/fft_m64_0775_stderr.txt,0,e3b0c44298fc1c149afbf4c8996fb92427ae41e4649b934ca495991b7852b855,True,included_text_source_or_output
continuation_02/fft_m64_0775_stdout.txt,435,b1a02bb0272bbf8742796660eac61d249592139d2a5896c4218c4649dd1b5735,True,included_text_source_or_output
continuation_02/fft_m64_0780_OUTPUT.txt,221,508b003f3e912d6bfbddd4623be22cfba8bf534ce913337b8c26df58f3d31dda,True,included_text_source_or_output
continuation_02/fft_m64_0780_stderr.txt,0,e3b0c44298fc1c149afbf4c8996fb92427ae41e4649b934ca495991b7852b855,True,included_text_source_or_output
continuation_02/fft_m64_0780_stdout.txt,434,25598d520b8da131bb03f8a0825e2a426d9b8a5ac7a4b8f946801fb007319d51,True,included_text_source_or_output
continuation_02/fft_m64_0785_OUTPUT.txt,221,86f3e4d13d4cba8edbd4245004e8ed048a7d6cb427be59b5c0e20d63e14d7237,True,included_text_source_or_output
continuation_02/fft_m64_0785_stderr.txt,0,e3b0c44298fc1c149afbf4c8996fb92427ae41e4649b934ca495991b7852b855,True,included_text_source_or_output
continuation_02/fft_m64_0785_stdout.txt,439,bfdd1f2df97d7e6e7cc29f421879c21773ea2f4f5ce4cdaf857eec343300bdfc,True,included_text_source_or_output
continuation_02/fft_m64_0820_OUTPUT.txt,220,5010457c759f65f0076d70d1936a801df2d4d8d185a29700dbc03bd47a635009,True,included_text_source_or_output
continuation_02/fft_m64_0820_stderr.txt,0,e3b0c44298fc1c149afbf4c8996fb92427ae41e4649b934ca495991b7852b855,True,included_text_source_or_output
continuation_02/fft_m64_0820_stdout.txt,432,19ae475bd844b1c4163756a06db901e1d6860e47c485c28872cc446031cd259c,True,included_text_source_or_output
continuation_02/fft_m64_08225_OUTPUT.txt,221,8379cfd46ba7851ea4019013379170c2acec062fe074e7e9f256aedb5b9fdfc4,True,included_text_source_or_output
continuation_02/fft_m64_08225_stderr.txt,0,e3b0c44298fc1c149afbf4c8996fb92427ae41e4649b934ca495991b7852b855,True,included_text_source_or_output
continuation_02/fft_m64_08225_stdout.txt,435,a567ff29f249ee7e711b4e3822076978895b47bfbe0fcf09f07745ce49fe0cd5,True,included_text_source_or_output
continuation_02/fft_m64_08230_OUTPUT.txt,221,f20b4362e677fc3d309186a3a67944954d0709a06e198cba29a05d4b409cdcd7,True,included_text_source_or_output
continuation_02/fft_m64_08230_stderr.txt,0,e3b0c44298fc1c149afbf4c8996fb92427ae41e4649b934ca495991b7852b855,True,included_text_source_or_output
continuation_02/fft_m64_08230_stdout.txt,432,74ea346b5dc7d8fde531dbbba13f77b434063af85fd5644975918c2dc5a7f9e7,True,included_text_source_or_output
continuation_02/fft_m64_08235_OUTPUT.txt,221,21bad8d77a1ff5aca4dae89537a9ffb31393d7988804ce0ef7ff4eba2bdf9619,True,included_text_source_or_output
continuation_02/fft_m64_08235_stderr.txt,0,e3b0c44298fc1c149afbf4c8996fb92427ae41e4649b934ca495991b7852b855,True,included_text_source_or_output
continuation_02/fft_m64_08235_stdout.txt,434,053fda391ed998db3f518cf82324d552ddf09fed81e97e81ae2088dae87891bb,True,included_text_source_or_output
continuation_02/fft_m64_08240_OUTPUT.txt,221,038e14bed989b850eaad149581a30334769723c49003f49ae630822fba0af4f6,True,included_text_source_or_output
continuation_02/fft_m64_08240_stderr.txt,0,e3b0c44298fc1c149afbf4c8996fb92427ae41e4649b934ca495991b7852b855,True,included_text_source_or_output
continuation_02/fft_m64_08240_stdout.txt,439,729a2603c64c0ad3b6d30ca567b6e52bb50853703867c15e2a02c2452a89d8d6,True,included_text_source_or_output
continuation_02/fft_m64_08245_OUTPUT.txt,221,8face1bd16dc4d075cac2a04f7e8d3ef9efda3e74ed5c5d4b16bc667568123cc,True,included_text_source_or_output
continuation_02/fft_m64_08245_stderr.txt,0,e3b0c44298fc1c149afbf4c8996fb92427ae41e4649b934ca495991b7852b855,True,included_text_source_or_output
continuation_02/fft_m64_08245_stdout.txt,432,c92b428bf0e153054c3397c92bfea843947121a561f3163269476d7041c04240,True,included_text_source_or_output
continuation_02/fft_m64_08255_OUTPUT.txt,220,fb983835305df03b3d2ae49d01ce8a4cd273a75ab585cb674ef8daddd3e658c1,True,included_text_source_or_output
continuation_02/fft_m64_08255_stderr.txt,0,e3b0c44298fc1c149afbf4c8996fb92427ae41e4649b934ca495991b7852b855,True,included_text_source_or_output
continuation_02/fft_m64_08255_stdout.txt,435,a52df7932ff606de9bb8aca78a070d7c4606bbe1fbeb3096eec5e8dd9cca58f5,True,included_text_source_or_output
continuation_02/fft_m64_0825_OUTPUT.txt,220,c540617effd12ba7ce989b02d165cbf553f3cc489797ec271ce58d89e5e44cfc,True,included_text_source_or_output
continuation_02/fft_m64_0825_stderr.txt,0,e3b0c44298fc1c149afbf4c8996fb92427ae41e4649b934ca495991b7852b855,True,included_text_source_or_output
continuation_02/fft_m64_0825_stdout.txt,434,1ae1fbc0e60d8a9918e84211d7950dfb74d68698230a67a35caa7e71b5b74728,True,included_text_source_or_output
continuation_02/fft_m64_08260_OUTPUT.txt,220,840a3b03da22ac1b3d38a20084ee9eece27dae2a0e13751430e36c038f76908d,True,included_text_source_or_output
continuation_02/fft_m64_08260_stderr.txt,0,e3b0c44298fc1c149afbf4c8996fb92427ae41e4649b934ca495991b7852b855,True,included_text_source_or_output
continuation_02/fft_m64_08260_stdout.txt,433,15ab071ec170429c5d602a2193608baeb1cf47900b63ad1d487135b517ea8afb,True,included_text_source_or_output
continuation_02/fft_m64_08265_OUTPUT.txt,221,54cdbf3240c604c413511846ec2fd1732a91824c384b4608f6cc1149834bbe00,True,included_text_source_or_output
continuation_02/fft_m64_08265_stderr.txt,0,e3b0c44298fc1c149afbf4c8996fb92427ae41e4649b934ca495991b7852b855,True,included_text_source_or_output
continuation_02/fft_m64_08265_stdout.txt,439,f1aebf559d3d18067dbd67c404bd91a9679b4897a834c1026521e0ade6bcc12e,True,included_text_source_or_output
continuation_02/fft_m64_08270_OUTPUT.txt,218,2c52709b07cfa27fda49f130463c023ab82801bc4d2a52cc028d1429074a0b20,True,included_text_source_or_output
continuation_02/fft_m64_08270_stderr.txt,0,e3b0c44298fc1c149afbf4c8996fb92427ae41e4649b934ca495991b7852b855,True,included_text_source_or_output
continuation_02/fft_m64_08270_stdout.txt,432,d3067d9d78b430bb4daadc343b32b94151165def6eefe2b178e433da4d543e97,True,included_text_source_or_output
continuation_02/fft_m64_08275_OUTPUT.txt,221,f6efb4040811607bb706d502101c3a38ad31c5ea84fc0eefd8759c82f3d4d525,True,included_text_source_or_output
continuation_02/fft_m64_08275_stderr.txt,0,e3b0c44298fc1c149afbf4c8996fb92427ae41e4649b934ca495991b7852b855,True,included_text_source_or_output
continuation_02/fft_m64_08275_stdout.txt,436,90e5a180e7496f4b5ca17346746eebd2120a7c59b83538a3f0c9ad3a2fb2ba5e,True,included_text_source_or_output
continuation_02/fft_m64_0830_OUTPUT.txt,220,c07f2363397fde49c5dbf01165197382ba563439cd8a9a5b037854c0433846ab,True,included_text_source_or_output
continuation_02/fft_m64_0830_stderr.txt,0,e3b0c44298fc1c149afbf4c8996fb92427ae41e4649b934ca495991b7852b855,True,included_text_source_or_output
continuation_02/fft_m64_0830_stdout.txt,432,3bbeebbd053f2a7c2dedf19ee7ea0195227c1263228242c5a63ac2c15b024cf9,True,included_text_source_or_output
continuation_02/fft_m64_0835_OUTPUT.txt,221,01d28c1ad713639329c0407b784d1ced7082b1687d13e6c691aeaf9f6a1e7080,True,included_text_source_or_output
continuation_02/fft_m64_0835_stderr.txt,0,e3b0c44298fc1c149afbf4c8996fb92427ae41e4649b934ca495991b7852b855,True,included_text_source_or_output
continuation_02/fft_m64_0835_stdout.txt,435,1e28fb6a051ea3e18d1e4367014b233da52a641657ccccd59718734c5a1972f9,True,included_text_source_or_output
continuation_02/fft_m64_0840_OUTPUT.txt,221,736057e787e660c0872121d72f95520a7c94b718feb73a17590117b29df05f25,True,included_text_source_or_output
continuation_02/fft_m64_0840_stderr.txt,0,e3b0c44298fc1c149afbf4c8996fb92427ae41e4649b934ca495991b7852b855,True,included_text_source_or_output
continuation_02/fft_m64_0840_stdout.txt,432,30f33e43467bc988d446779801b583ba6c80225ef50e52f7b104716fa6c741b0,True,included_text_source_or_output
continuation_02/fft_m64_0845_OUTPUT.txt,220,500d8d07f631e3b77c38f2adfb47aa38ec3eee18ea8ed773a9d9220ab57241ef,True,included_text_source_or_output
continuation_02/fft_m64_0845_stderr.txt,0,e3b0c44298fc1c149afbf4c8996fb92427ae41e4649b934ca495991b7852b855,True,included_text_source_or_output
continuation_02/fft_m64_0845_stdout.txt,436,2233949eb756facaaa47a4a2a6685f74c08f0d22e1299a743fa22d2251de20fd,True,included_text_source_or_output
continuation_02/fft_m64_0850_OUTPUT.txt,221,debc25f6029a4dbd47ea3642824e56e0f1dcbc12f531394885a7a48fa92ae915,True,included_text_source_or_output
continuation_02/fft_m64_0850_stderr.txt,0,e3b0c44298fc1c149afbf4c8996fb92427ae41e4649b934ca495991b7852b855,True,included_text_source_or_output
continuation_02/fft_m64_0850_stdout.txt,433,dcda36191ccba841edb877425f925ad1b79a5f7db03e9032906d17362616a5c0,True,included_text_source_or_output
continuation_02/fft_m64_0875_OUTPUT.txt,207,2c69f61c1c5a9f7f2936597a1a3212696649a9ccd95403d691dd50fa68f3ee8c,True,included_text_source_or_output
continuation_02/fft_m64_0875_stderr.txt,0,e3b0c44298fc1c149afbf4c8996fb92427ae41e4649b934ca495991b7852b855,True,included_text_source_or_output
continuation_02/fft_m64_0875_stdout.txt,436,2c5d6725d941a1f6ee0343052dd3278fd7e9f4417fcfe4aa920afe6edb161bd4,True,included_text_source_or_output
continuation_02/fft_m64_0900_OUTPUT.txt,221,c23483ae95e74f113841383a70db2b8dc9dc9c57a06c2bfaee211cbe6c48cf4b,True,included_text_source_or_output
continuation_02/fft_m64_0900_stderr.txt,0,e3b0c44298fc1c149afbf4c8996fb92427ae41e4649b934ca495991b7852b855,True,included_text_source_or_output
continuation_02/fft_m64_0900_stdout.txt,439,bdd541f912ece0d647db3881e2e9c7a8f1e680eaf34105e3d810b1bca8c3091f,True,included_text_source_or_output
continuation_02/fft_m64_a0745_OUTPUT.txt,210,525f9fa8285759fb37bcc9ab39c85e96223512dff9709ea6dd819ff2e0382136,True,included_text_source_or_output
continuation_02/fft_m64_run_stderr.txt,0,e3b0c44298fc1c149afbf4c8996fb92427ae41e4649b934ca495991b7852b855,True,included_text_source_or_output
continuation_02/fft_m64_run_stdout.txt,432,75494b63d422ff854c1d2f7c1c8ac0e1ed28ff57143aba400cd23e9c475a10ba,True,included_text_source_or_output
continuation_02/fft_m64_vec.py,5404,210768d0abba381908387d296bbab8505f5ec45c235cd48c94d0e40f93d78345,True,included_text_source_or_output
continuation_02/fft_m64_vec_arg.py,5525,2953f3655e89ec262a18ed1e481fdf1ccb8cbeb2f4189c99f67ca75632ad7092,True,included_text_source_or_output
continuation_02/fft_m64_vec_stderr.txt,747,b851a8204480fa4b4d50316f18f9ecf512b6ae85bf5731d846b77d688e708c26,True,included_text_source_or_output
continuation_02/fft_m64_vec_stdout.txt,441,41a977a63754d499473beb05e752de6eb9f73632b1bcd3d63dba802f663b73f6,True,included_text_source_or_output
continuation_02/fft_spotcheck.py,2367,41da78fb778154b5fcbdb4f339adb4ddd6ec1abcd1bec6a225c934bb28274b8d,True,included_text_source_or_output
continuation_02/fft_spotcheck_OUTPUT.txt,540,536fcbacd0e1a3b43d109c1d2d437218b12e9ccd546f913f623bea14d3ef2aac,True,included_text_source_or_output
continuation_02/fin12_m16_mask15_scan.tsv,1581,15a3a051a27412e62f94862f335c55407f38933ce03813623bbbe3286c963f0b,True,included_text_source_or_output
continuation_02/fin12_m32_D12_extreme_curvature.tsv,126,aa62b376acfcabe9c99dbf4cf9e7bda716d4631f11e05820f80b4e5dbf326a43,True,included_text_source_or_output
continuation_02/fin12_m32_D12_sample_b028231.tsv,1369,d35566433a24aeb188cc97e109d85d05fefe9899fcff29901e5936dac9c16fb1,True,included_text_source_or_output
continuation_02/fin12_m32_beta5_mask15_stderr.txt,48,15f9e710580d4554f236c74a95ae95c08e092d83a47b5bc511174516e6b3a2ee,True,included_text_source_or_output
continuation_02/fin12_m32_beta5_mask15_stdout.txt,0,e3b0c44298fc1c149afbf4c8996fb92427ae41e4649b934ca495991b7852b855,True,included_text_source_or_output
continuation_02/fin12_m32_direct_b0215.err,166,2e75fbd09836d675fdf3a135cdf17a7b6fc5102c48e7fde7b1c0652ceff5da52,True,included_text_source_or_output
continuation_02/fin12_m32_direct_b0215.out,88,51f85b047201a96a9b6d381c860f42bc43e49c75e075790ac85ad22c87cf46fa,True,included_text_source_or_output
continuation_02/fin12_m32_fast_stderr.txt,166,d1cf0d203065457e525668ea424619e05f23cdd3fa2160ab7440642e25bfab5d,True,included_text_source_or_output
continuation_02/fin12_m32_fast_stdout.txt,83,2b6d1a49db68d188688629e643496e586e198be94156dc93af62d5c95e9bcd55,True,included_text_source_or_output
continuation_02/fin12_m32_neareq_b035.err,21,c6c0ef5c7671dab03b4ded9bbfd5abfb04550cb9aa44f2cd5dc6ba1628902e53,True,included_text_source_or_output
continuation_02/fin12_m32_neareq_b035.out,800,852d680e6a2a15402f8308ea82ab0cea01680499496d3761713225d0f92eb81a,True,included_text_source_or_output
continuation_02/fin12_m32_neareq_direct,36912,558dd97607ab033d9a1d56e82ebb2bbd45d1fbeee562dee6c6eac38443b3c702,False,excluded_binary_or_cache
continuation_02/fin12_m32_neareq_direct.cpp,6119,2c3f835c75c3b452615bbb9db7e2ad36f339b041fe5958eec30d44ce38dd2911,True,included_text_source_or_output
continuation_02/fin12_m32_neareq_direct_b028231.err,166,dbbd8acc1ca2d3dba240f5eda85190843d9729f1fe95267c0738806370c7cb69,True,included_text_source_or_output
continuation_02/fin12_m32_neareq_direct_b028231.out,108,79f65c856688c80f3ddf591d019ce9984a2f0bcd3d4591853678edb72ac62fa2,True,included_text_source_or_output
continuation_02/fin12_m32_neareq_scan.tsv,416,f35fbeae162bfe66b1748c4f8aae72f7eff23866141b1088349ba7382c44a4ae,True,included_text_source_or_output
continuation_02/fin12_m32_one,26992,3a4cd88fe0527ab1b3206a3ae7c3763ad8befbf4c6d2b7c6ed030aa90f2c4c1a,False,excluded_binary_or_cache
continuation_02/fin12_m32_one.cpp,5890,4102314c7064e0920ce038846efaff108d05482470f405355c80e7db86d77b73,True,included_text_source_or_output
continuation_02/fin12_m32_one_fast,36912,860da90a153717c0cd966930e4f68dc996e85752f2548f915076f685464d204a,False,excluded_binary_or_cache
continuation_02/fin12_m32_one_fast.cpp,6119,5603cc1284783239bdc1d0b2a1e8c0beab571ff3929f47b9f645416c8eab5802,True,included_text_source_or_output
continuation_02/fin12_rep_m16_fine.tsv,217,baa03947002a0a4ebb4afde661219929dbec79bf7c5af791071401ef257663b1,True,included_text_source_or_output
continuation_02/fin12_rep_m16_scan.tsv,269,09e7076defd89062fe74cdcadd0ffb605f9d1c76c3938105ff0d7824af7690e8,True,included_text_source_or_output
continuation_02/fin12_rep_m32_highbeta.tsv,188,e7a76f60090dbdfe08dd6eeaa3a8fa59114167e3a6d100a5f0f6a261f9aac876,True,included_text_source_or_output
continuation_02/fin12_rep_m32_highbeta_direct.tsv,47,0585c008f1483514805e555ae47fb9ee98d9c46d4bb551fa9c6d21581fa4fa22,True,included_text_source_or_output
continuation_02/fin12_rep_m32_scan.tsv,486,58f0142c30555991aa74e4e60f53acb26651012f9cea41e7e35cdb87aafe55e5,True,included_text_source_or_output
continuation_02/fin8_bottomup,46536,0504bf0ce0f87580ed01611fe986d3bbd7405f2ce37a958bc95e9de69bd3cf22,False,excluded_binary_or_cache
continuation_02/fin8_bottomup.cpp,6528,7f3e5a0a96fbe34dab784af04f711ddeff9bb1670b02121b59eb29703f5cd5d8,True,included_text_source_or_output
continuation_02/fin8_direct.cpp,4305,c5ac4df0c4ad109245344227ea1a3c20059472e0db1381ef060caee15fbd227f,True,included_text_source_or_output
continuation_02/fin8_direct_run,31944,cf8dd9d62a005a2d90c277514e2b13401d9dfd4b4ed3ad74728d3aa96b8183e0,False,excluded_binary_or_cache
continuation_02/fin8_exact_sampler,33696,6f0cf63c374df27f034d525d5c09f97777301933a9bceefb5396167b54f56015,False,excluded_binary_or_cache
continuation_02/fin8_exact_sampler.cpp,4824,424d09982b724638cee611310bc298605db66e3fb857bc5fda1e571c787e23e4,True,included_text_source_or_output
continuation_02/fin8_fast,32848,e8d51a92465c342ec3af4340db09a87b11f447d623cab21b1e0099c309d9315d,False,excluded_binary_or_cache
continuation_02/fin8_fast.cpp,4744,1828d2f0cdc486c2e93493531e6875bb3c6cc6a354dc5d6e4e2e35df950bc17e,True,included_text_source_or_output
continuation_02/fin8_fast_progress,32920,befcc789f71c83807dab1448f59cf2124f4441a02bc17fafad9e8d867ca59204,False,excluded_binary_or_cache
continuation_02/fin8_fast_progress.cpp,4895,3abc0b64efe771441c82f04576cd029702d525b7d32b2e086bee842cab81efa1,True,included_text_source_or_output
continuation_02/fin8_fft7_08245.err,22,4d90a9920187fabab1616be1f84940e6d8dddd3baf19b392dc91084740f8c1e2,True,included_text_source_or_output
continuation_02/fin8_fft7_08245.out,1002,93db19d32e16bd766f35de15494b50cf10afec0ded848769357a4827990112d5,True,included_text_source_or_output
continuation_02/fin8_fft7_check.py,4909,dbcdef3db58c5333c2238943e012d404e34680fc43fec53ba5d85672f696635d,True,included_text_source_or_output
continuation_02/fin8_gauge.cpp,3887,f4b7b3f4fd5732233e64ab75d6572119a5d82d815f4b6f1933c0829eda803170,True,included_text_source_or_output
continuation_02/fin8_gauge_regression_OUTPUT.txt,223,e7526b62aac69ae0c6c505478fe46e355e6b041114e3e80c2382b0b292466d0d,True,included_text_source_or_output
continuation_02/fin8_gauge_run,23168,dd3b3e92e58d9183a027c2aa2647e8bf6efc6c05dbb141579a1ca21f346b2320,False,excluded_binary_or_cache
continuation_02/fin8_level16_dump,50448,971ec7148b3fa8c941db936ff9c420a923cd3d89b9e0b964da8ef37bc99cef6b,False,excluded_binary_or_cache
continuation_02/fin8_level16_dump.cpp,6594,f7ce5e1fc179be50c6baac5d224326cbea05aa240573b532fda91b980809558a,True,included_text_source_or_output
continuation_02/fin8_min,104696,0d557eef89ca10a122cc94733944a9f4a006df8ccd98cbe85019437ac5e299f3,False,excluded_binary_or_cache
continuation_02/fin8_min.cpp,3559,6572fe1052435df07a5089b30799b5232eec5968a84bce22b12418f9383a7df5,True,included_text_source_or_output
continuation_02/fin8_min8,105056,2e3fe534c9acb47d35383741cfb130a23e03cd5526f30d28937d8454d4c88c85,False,excluded_binary_or_cache
continuation_02/fin8_min8.cpp,3555,ea1eee23adeb7fb313242141fc80b06263a098765c8e3c5909531671e573f878,True,included_text_source_or_output
continuation_02/fin8_min8_OUTPUT.txt,0,e3b0c44298fc1c149afbf4c8996fb92427ae41e4649b934ca495991b7852b855,True,included_text_source_or_output
continuation_02/fin8_min8_TIME.txt,0,e3b0c44298fc1c149afbf4c8996fb92427ae41e4649b934ca495991b7852b855,True,included_text_source_or_output
continuation_02/fin8_min8_retry_OUTPUT.txt,0,e3b0c44298fc1c149afbf4c8996fb92427ae41e4649b934ca495991b7852b855,True,included_text_source_or_output
continuation_02/fin8_min8_retry_TIME.txt,0,e3b0c44298fc1c149afbf4c8996fb92427ae41e4649b934ca495991b7852b855,True,included_text_source_or_output
continuation_02/fin8_min_OUTPUT.txt,102,7743ea6aae0d688b1f91d2f58f7a5916be18bbae16f8d704c83d61690964fcbf,True,included_text_source_or_output
continuation_02/fin8_min_current_OUTPUT.txt,102,7743ea6aae0d688b1f91d2f58f7a5916be18bbae16f8d704c83d61690964fcbf,True,included_text_source_or_output
continuation_02/fin8_min_current_TIME.txt,10,0887a0fd953916d1f6206b2a42be8760adfd3b65a4105eda2aceebcdfdaf48c0,True,included_text_source_or_output
continuation_02/fin_partition_fft_general_fixed.py,3771,bbe7a3523b9a1340b49f70560e0fbde14dc10f45468db0b348658bbf5736c5e9,True,included_text_source_or_output
continuation_02/gauge_m32_08235.txt,32,dfc381aa2d2cf03a6b6fc46513c28f6fc2fa54554a915260640d59bb1ef6303d,True,included_text_source_or_output
continuation_02/gauge_m32_08240.txt,32,cc5a5065fff8a174beb36fd8affc46ca8f2365c9594b265c5748ddace313dff5,True,included_text_source_or_output
continuation_02/gauge_m32_08245.txt,32,072b1ae625636453040ede38faa58e92efffea1cc1bd25d8d334b94f855d1791,True,included_text_source_or_output
continuation_02/gauge_m32_08255.txt,32,c2fd4e5fffad62b17210f178b2607bffdf0e849628352c8988f1c1c7bcaf4705,True,included_text_source_or_output
continuation_02/gauge_m32_08260.txt,31,ef58b844cf53b426a8b66d2a59d95802aba26a200fde6c1fa7dc7242a8d577f0,True,included_text_source_or_output
continuation_02/l3_hidden_phase_scan.py,1939,89b3a8022f78a643a1d7a78e520b732948fe434583cde4fa041768e6f44916ec,True,included_text_source_or_output
continuation_02/l3_k2_N120.err,151,36620f6236d1e33480332688b9fbfc25c2a9093566c1933325e48c6761ce1909,True,included_text_source_or_output
continuation_02/l3_k2_N120.txt,684,2033abc09b31dfd10f21c3795d0f8f49f12964125750b276c89c7509e6407717,True,included_text_source_or_output
continuation_02/level16_0735.txt,8556394,870b20cf1d9382f647a2ad58a36c3bd149c11705667844d045178a6a85fa196f,False,excluded_large_regenerable_text
continuation_02/level16_0735_stderr.txt,1414,e69b620a9f6ff780df930fc0ba56b932c3549e37ad410292c977170414c7516c,True,included_text_source_or_output
continuation_02/level16_074.txt,8555286,92d62ffa7b62ebfc8735ad09ee839df42544d9f5e63fb0585e13b520372fb6b6,False,excluded_large_regenerable_text
continuation_02/level16_0745.txt,8555521,d1c9e45ba0e4cbdfa09acf4f467242ea2f7a7bb1dd218fd2d2508cfca834d7c4,False,excluded_large_regenerable_text
continuation_02/level16_07459.txt,8555889,18a7413ec5ea30e3bf37dfa96ebb6b34b581e56c1453cdd147bb05dfee0357c2,False,excluded_large_regenerable_text
continuation_02/level16_0745_stderr.txt,1407,d4f9a72d7c93471dbf63211690966d70b69532b1e744b82f30efb10735ec0d47,True,included_text_source_or_output
continuation_02/level16_075.txt,8555645,e7fb010eec12ac350cd256c0eef90bb07dfd8fcf7c0c064147c11b683b8c2d94,False,excluded_large_regenerable_text
continuation_02/level16_0755.txt,8556285,e528f684f6b6fae7017cb8d021b302ea7ab06a68b08aed78a5d49453731b6039,False,excluded_large_regenerable_text
continuation_02/level16_0755_stderr.txt,1412,2a8eb82853667bf37242ba442dd31a87af867120e88dc30c37e3a9ad800927da,True,included_text_source_or_output
continuation_02/level16_075_stderr.txt,1408,9a15396ad37d07ae76ac42b5db2f37864f69f020ce8c1e7290c5e455c311ee5e,True,included_text_source_or_output
continuation_02/level16_0760.txt,8554057,448f1b32f0cb906075832987fe251b0932581fb3b28fb66e0140f5794ce257ce,False,excluded_large_regenerable_text
continuation_02/level16_0760_stderr.txt,1413,fdd00938c3fc6653a16482ef7019c6aa3382dc7bb2d4bb2966c6dbe6fd77aa66,True,included_text_source_or_output
continuation_02/level16_0765.txt,8556137,b37ebd1f5456873245978612a21e424d5e5d83d3e1b71516ee2ca7925d2cf046,False,excluded_large_regenerable_text
continuation_02/level16_0765_stderr.txt,1406,c89e121fa5ab7927c5f1e72a5e1c78ded5ec73a09150e36213494ff873911a73,True,included_text_source_or_output
continuation_02/level16_0770.txt,8554334,9c44066f784c3633bb10f4f142aa9060d3f2719f53cc55841ac9cba8655b1010,False,excluded_large_regenerable_text
continuation_02/level16_0770_stderr.txt,1411,e06e2aa6c829deb4945ceb589712b3c5aecf478f3a05712869b459416b95cd76,True,included_text_source_or_output
continuation_02/level16_0775.txt,8555105,e411ced54e75f005c3735892f34c481c99bee03d3898c9adbaf69f12bf3d946c,False,excluded_large_regenerable_text
continuation_02/level16_0775_stderr.txt,1408,f0837bceb3b4bdf250954053843302ffe17468a8d97a59a8100c1233a5d69ea8,True,included_text_source_or_output
continuation_02/level16_0780.txt,8555315,3a663c1818f662eea48c71c6c0e72958213e217b63c623349926c00606e230ce,False,excluded_large_regenerable_text
continuation_02/level16_0780_stderr.txt,1413,d4f04c5cdef950e89a1c01a1e7dce82b0920358efcd55bced03a83a06d41f8f8,True,included_text_source_or_output
continuation_02/level16_0785.txt,8554873,aa33221d32ff6375859adf8fb4a24665e7bdea1e1bd89cc1e9876c3c3659f13e,False,excluded_large_regenerable_text
continuation_02/level16_0785_stderr.txt,1411,cbca4d7955c9f091a4eee80d36fdeff4a935e6f1e15dc8086c97f0bed39d0918,True,included_text_source_or_output
continuation_02/level16_0820.txt,8555442,a4072bedfc7784801169af4910b49ef69fa7d8cfa6198a22081bb9152c5bbf8c,False,excluded_large_regenerable_text
continuation_02/level16_0820_stderr.txt,1411,f2cadbd34028ad83ebae71b91cc8db4e20f10c39f6c48b942f13fd322bc75e1a,True,included_text_source_or_output
continuation_02/level16_08225.txt,8555073,f9414a4fe51a82f287c29bd8989ab28e364eb109e284a7b5c27c7c0c3c992221,False,excluded_large_regenerable_text
continuation_02/level16_08225_stderr.txt,1409,66d005f27fa497e1fa0fb9a188d194a03f8caba4463a05860225692339ffea29,True,included_text_source_or_output
continuation_02/level16_08230.txt,8555558,28740a3e4fc27120617f9f7f4f69ce3b7b83acc501ff01824f31cb46ba8bd043,False,excluded_large_regenerable_text
continuation_02/level16_08230_stderr.txt,1413,4386be16771603293bbf9f05e4e2f53e666a33670b4f989a9ee6dba569485710,True,included_text_source_or_output
continuation_02/level16_08235.txt,8556048,907fbca1178f2e29fe18dc514727786feae8fab0a3d1b0b11e600dcf813762ed,False,excluded_large_regenerable_text
continuation_02/level16_08235_stderr.txt,1413,2944cf56d9067d417b69a80865e4cd7fdf85daceb0cbcd63d679598edcea9557,True,included_text_source_or_output
continuation_02/level16_08240.txt,8555909,ea25eb39fcc57cacb4cc9283a74e9c7126b8cc1dd64cc81f51801cb68cd3f967,False,excluded_large_regenerable_text
continuation_02/level16_08240_stderr.txt,1411,5c5163de0883a4af67103caee44b8c878e088898c434016559189979a0311adf,True,included_text_source_or_output
continuation_02/level16_08245.txt,8555289,31878c3b4ded2710300edbf0e8435ac7bda99f192e6217301e8dd682f8bddfaf,False,excluded_large_regenerable_text
continuation_02/level16_08245_stderr.txt,1413,4facd90500695b24aedaf91ebdac85543d1d82b415131f12661e765390bfd810,True,included_text_source_or_output
continuation_02/level16_0825.txt,8555233,556d7acfc8c90e7caa166602a754616553f419cf153d7ce1064eaf448d3159a3,False,excluded_large_regenerable_text
continuation_02/level16_08255.txt,8555780,6274cd8865eae47a45ac70ebb136a54bfb82e77ff4af6cb15b9a2379f2e0a124,False,excluded_large_regenerable_text
continuation_02/level16_08255_stderr.txt,1413,1e44a00c613de40854ab5a5c283c32da846256073665746acd3509e2818d65d6,True,included_text_source_or_output
continuation_02/level16_08260.txt,8555639,f1ccf85c120835dd94c0923f5da27820513cd67bd8bcfb09025b3f372ea220c9,False,excluded_large_regenerable_text
continuation_02/level16_08260_stderr.txt,1411,6a93ce18ed86fb6cdf35d0dd15abb67e1d07a1f7088b45f76706a9fa55c4ee70,True,included_text_source_or_output
continuation_02/level16_08265.txt,8554732,49c7baad9a85e114c0d88383a55653b07c27cd2955bc0e48930cfb621edcebcc,False,excluded_large_regenerable_text
continuation_02/level16_08265_stderr.txt,1411,e8e8b77141628d1e67ef2e7cff3a31077a7bc99e96cdb61a82e10ebb17913e72,True,included_text_source_or_output
continuation_02/level16_08270.txt,8555661,3e516e861016d1a59c8e71bfe381eaefe6d31bce48165082ecbd2375cde8d35b,False,excluded_large_regenerable_text
continuation_02/level16_08270_stderr.txt,1411,c12149e43fbad9320d33b4031440fe949b8219a22a5bbd53996534e663bd32b9,True,included_text_source_or_output
continuation_02/level16_08275.txt,8555721,0f8fd80d90d60a362b4a8dc9658248a4511e554fa99ca09f409ffeaf839ee8a1,False,excluded_large_regenerable_text
continuation_02/level16_08275_stderr.txt,1410,fc060ff0182944c490f5220618602caa5e28cb4eba6c68f99c617e4940afe544,True,included_text_source_or_output
continuation_02/level16_0830.txt,8554516,218d50fc5e0d51aa227e63f58b2b52e605aded05e3dd57bddbc5e3179e8eeea9,False,excluded_large_regenerable_text
continuation_02/level16_0830_stderr.txt,1410,49d8ad323f32591e9ff8bca6f94fcc8717eb18805512cc0bcce193fc5047f20c,True,included_text_source_or_output
continuation_02/level16_0835.txt,8554733,2b3a062011fdc68e4eac220d5649f800ebbc3027554922983e3b437b2f06b331,False,excluded_large_regenerable_text
continuation_02/level16_0835_stderr.txt,1412,3b22942affae36c5ae6a2f4d924f5e2b68479d9a69e20ec9277580fadbcbd6ff,True,included_text_source_or_output
continuation_02/level16_0840.txt,8555967,008fd303e28f71341c55a5a86d48131d965f4b73f9225c10c360ad4ade2acf7e,False,excluded_large_regenerable_text
continuation_02/level16_0840_stderr.txt,1409,1b95654d58064a5627458986efe6c5a6aa66eceac7d38465fdb498ae2e880e08,True,included_text_source_or_output
continuation_02/level16_0845.txt,8555353,204bcd0572a77ddebf31b9544add51c396665c3b786b2a2c2b20df3b45445923,False,excluded_large_regenerable_text
continuation_02/level16_0845_stderr.txt,1412,2c526178905a783e368932f026ce53868bf9c1bf4d28d6d0cd4396a4ff0c1895,True,included_text_source_or_output
continuation_02/level16_0850.txt,8555677,3b29bed37c99e003331b2b4e6f1cd29098aaa069cf2400db04f77c603dc9ca7a,False,excluded_large_regenerable_text
continuation_02/level16_0850_stderr.txt,1412,7a2d8197fa76dec53faf2fa3cbbd273565fdcb3e6f262984da65f68b20f8098c,True,included_text_source_or_output
continuation_02/level16_0875.txt,8554221,aa901a5d213d0b3e6cd81f6323fc0782792786afbfb45e917c7f7ff03032ead2,False,excluded_large_regenerable_text
continuation_02/level16_0875_stderr.txt,1415,f14b0c9aa3c91d52641b43c8d6ed517afa32fa4fd8508af671bf60f6191b90d7,True,included_text_source_or_output
continuation_02/level16_0900.txt,8556248,863b6c0275db4150d07df987727716c14ca5c78efbbf90a5af05b2869e6b24b2,False,excluded_large_regenerable_text
continuation_02/level16_0900_stderr.txt,1411,a4de6cc49b6c0fa401af02f003f29e68cf9e7ede4e47b37fcdf3371b94becec3,True,included_text_source_or_output
continuation_02/level16_a0745.txt,8555521,d1c9e45ba0e4cbdfa09acf4f467242ea2f7a7bb1dd218fd2d2508cfca834d7c4,False,excluded_large_regenerable_text
continuation_02/level16_a0745_stderr.txt,1412,6a358b11fa3911bfdb752655900cd6e45c328306684222aa22dacfdc41f218aa,True,included_text_source_or_output
continuation_02/level16_tmp.txt,8554733,2b3a062011fdc68e4eac220d5649f800ebbc3027554922983e3b437b2f06b331,False,excluded_large_regenerable_text
continuation_02/logY32_07800.npy,18448328,ca62c37bd9c610e9761fa4ebb7d7f33a341adc29e22ccec80379cf978b5a45c8,False,excluded_binary_or_cache
continuation_02/logY32_07800.npy.idx.npy,18448328,64a89ebdb34201e6a9a73b00267ea1462f412019ad152e4e0c018766db01ac69,False,excluded_binary_or_cache
continuation_02/logY32_08200.npy,18448328,afaf77c76740834534c360b1963e0fb50cadcb82a6d12e6bb9675dd1ed1cfac7,False,excluded_binary_or_cache
continuation_02/logY32_08200.npy.idx.npy,18448328,64a89ebdb34201e6a9a73b00267ea1462f412019ad152e4e0c018766db01ac69,False,excluded_binary_or_cache
continuation_02/logY32_08240.npy,18448328,4d980f5d00ee9f010061ec25e08aba4ace0cae42dcd0e4336ef826b6637a83de,False,excluded_binary_or_cache
continuation_02/logY32_08240.npy.idx.npy,18448328,64a89ebdb34201e6a9a73b00267ea1462f412019ad152e4e0c018766db01ac69,False,excluded_binary_or_cache
continuation_02/logY32_08245.npy,18448328,92e6d922b4e89387b274215ae37165920f473da695e204ff44b5ea7b407be2f1,False,excluded_binary_or_cache
continuation_02/logY32_08245.npy.idx.npy,18448328,64a89ebdb34201e6a9a73b00267ea1462f412019ad152e4e0c018766db01ac69,False,excluded_binary_or_cache
continuation_02/logY32_08250.npy,18448328,1bb71aa6e8340715a69238eab0e4802af7e5d4b0215f30d477fa91cd24159057,False,excluded_binary_or_cache
continuation_02/logY32_08250.npy.idx.npy,18448328,64a89ebdb34201e6a9a73b00267ea1462f412019ad152e4e0c018766db01ac69,False,excluded_binary_or_cache
continuation_02/logY32_08300.npy,18448328,1aec0114d258628fedf5529ea073aa1afc04a40cdaee2869fb5d897bdbfe1df0,False,excluded_binary_or_cache
continuation_02/logY32_08300.npy.idx.npy,18448328,64a89ebdb34201e6a9a73b00267ea1462f412019ad152e4e0c018766db01ac69,False,excluded_binary_or_cache
continuation_02/logY32_08350.npy,18448328,3a0d7e9ca29db1f2a641e756b76c80433d7f23df8efb36152d6377589e8a1047,False,excluded_binary_or_cache
continuation_02/logY32_08350.npy.idx.npy,18448328,64a89ebdb34201e6a9a73b00267ea1462f412019ad152e4e0c018766db01ac69,False,excluded_binary_or_cache
continuation_02/logY32_08400.npy,18448328,abd7fa157a80874f7b2ccc5623ca604e77d262896adc18ab1bd74be7cab68f27,False,excluded_binary_or_cache
continuation_02/logY32_08400.npy.idx.npy,18448328,64a89ebdb34201e6a9a73b00267ea1462f412019ad152e4e0c018766db01ac69,False,excluded_binary_or_cache
continuation_02/logY32_08500.npy,18448328,b41329d4c8156d6dd25cff6ded41fe65930faa6b46aff2ae5598a224eea38a25,False,excluded_binary_or_cache
continuation_02/logY32_08500.npy.idx.npy,18448328,64a89ebdb34201e6a9a73b00267ea1462f412019ad152e4e0c018766db01ac69,False,excluded_binary_or_cache
continuation_02/logY32_09000.npy,18448328,b0df91d98409f1378b6a396ef734e02f8aad552f7b4ccd78f6fabc24d92a3375,False,excluded_binary_or_cache
continuation_02/logY32_09000.npy.idx.npy,18448328,64a89ebdb34201e6a9a73b00267ea1462f412019ad152e4e0c018766db01ac69,False,excluded_binary_or_cache
continuation_02/m32_b05_m15.txt,92,816c843aac056f9f6e9a53ee04ec29f251dec86b4cfb3910816903e6d3f56ed3,True,included_text_source_or_output
continuation_02/m32_b1_m15.txt,89,e571879d503cd062ef8dfaa163ada0591eb346f65b209b14277855e9687bd2c0,True,included_text_source_or_output
continuation_02/m32_b1_m23.txt,85,6ac999e571d9f06d44b84f61a888ff82d85dc3cfbc708ca00988afc7676449b1,True,included_text_source_or_output
continuation_02/m32_b5_m23.txt,0,e3b0c44298fc1c149afbf4c8996fb92427ae41e4649b934ca495991b7852b855,True,included_text_source_or_output
continuation_02/m64_20s_stderr.txt,366,b04fad2e77be27d17c8e7bf39922ef8cf7cb993adf6b8f218318bf2082496fe2,True,included_text_source_or_output
continuation_02/m64_20s_stdout.txt,0,e3b0c44298fc1c149afbf4c8996fb92427ae41e4649b934ca495991b7852b855,True,included_text_source_or_output
continuation_02/m64_scan.tsv,50,c289de57444d7c4fdb16c41a0b44cef04343081defad5602483c50077df2b2df,True,included_text_source_or_output
continuation_02/out074.txt,220,875b8111dd9b3c205201d3c76ffc65908d5e1f52100341edcfe2f3e85bf17e5c,True,included_text_source_or_output
continuation_02/root_hist_a08245_full.txt,3144,fa43674d8b4b098df79073fd57b901679d442079ed6129a92c7daeb4fe76e813,True,included_text_source_or_output
continuation_02/root_hist_dump.py,4765,64ced5c753c648cf323a72bed6bc8331f3226363728d8cc17bbf188e883a9e53,True,included_text_source_or_output
continuation_02/root_split_m32.py,2409,d6bfd08ee6a2498a9009248dab613b71323ccf62a0da8582528942599afcc47c,True,included_text_source_or_output
continuation_02/root_split_m32_OUTPUT.txt,1279,3176bd2f47310dfc320981af9f752b1aff0e6593e2f6099e6eca925277339c75,True,included_text_source_or_output
continuation_02/root_split_peak.py,4536,11cb5455adffd51ef50cc0f7ed9417b19d02828f1473475586cd5cd23c3d6560,True,included_text_source_or_output
continuation_02/root_split_peak_OUTPUT.txt,1944,dc00ff1353897269defd768f22e5ccbcf7fb5c331d3f957d7cb1ead37463f95d,True,included_text_source_or_output
continuation_02/root_stats_m64.py,4279,583cfeaf12ae90333ad9a6d1ca3fdd544e463801b49e7bcf5c2074daa1c9d257,True,included_text_source_or_output
continuation_02/root_stats_m64_a0780.txt,1388,ece9a3d03ffdd0a85622d5f3e543d53f51bd4dc4242c7354ddec0500e557dbc9,True,included_text_source_or_output
continuation_02/root_stats_m64_a0825.txt,1378,b7a8430f24eb4fa102644385296edc547db990642f35b78fa360b38d60cdf76c,True,included_text_source_or_output
continuation_02/root_stats_m64_a0875.txt,1379,740258cb5616d74f764b2eb396cd36ac632890caf68994ff4fc39cedad06b550,True,included_text_source_or_output
continuation_02/root_stats_m64_hist.py,4653,6ac516336781ffe560bdc73a8fb02b4fef257875a8a54c92b6acbc7bc0910b5e,True,included_text_source_or_output
continuation_02/root_stats_m64_hist_a0780.txt,1793,32cb4f4f9359d4e7edaecb9d876fda4483e7ee3cc30638a636a29169a70eb44d,True,included_text_source_or_output
continuation_02/root_stats_m64_hist_a08245.txt,1792,b9c1e7b104cc55d22ccaf0265e23d5929c27d1919d12f7276cc521efb6ef91b5,True,included_text_source_or_output
continuation_02/root_stats_m64_hist_a0825.txt,1787,7279eba83518b578b518962cef80037cb78143a3b71bb9ceafc0e733b8f1a9ab,True,included_text_source_or_output
continuation_02/root_stats_m64_hist_a0875.txt,1792,f3f1dbc683757774535563d3c4f9a4242677ad99eb54646e4288fc0d1925f563,True,included_text_source_or_output
continuation_02/sampler_m32_a0745_stderr.txt,57,4341c7071fc695796ee7c6ca00b71d79fa43ec041a6d873784700b8b34e77805,True,included_text_source_or_output
continuation_02/samples_m16_peak.err,67,64e74f9564877e3529cf48d804416f947c76b71f1af7167a66af0472ec4c08c5,True,included_text_source_or_output
continuation_02/samples_m16_peak.txt,1888391,9b6ce5ff58d470fbc3a757d39194faba5b54ba8dbb0032c26603516a48e01d52,False,excluded_large_regenerable_text
continuation_02/samples_m32_peak.err,71,81bcdd56b00e638e9212dee4a8ec37a28196909721a27de1625911e125d8e202,True,included_text_source_or_output
continuation_02/samples_m32_peak.txt,1888131,271278968c48e21c458e288a8cc0220247072ce8c23c49f027777b0f0f218489,False,excluded_large_regenerable_text
continuation_02/save_07800.stderr,0,e3b0c44298fc1c149afbf4c8996fb92427ae41e4649b934ca495991b7852b855,False,excluded_binary_or_cache
continuation_02/save_07800.stdout,245,c651241fcdee4ecbacf98be571cadf0f426de8fb9c53b7f6928629071aa83747,False,excluded_binary_or_cache
continuation_02/save_08200.stderr,0,e3b0c44298fc1c149afbf4c8996fb92427ae41e4649b934ca495991b7852b855,False,excluded_binary_or_cache
continuation_02/save_08200.stdout,246,4730d6c73b1d116664e86087a14c10806c87f912364455e9f8a13c4771a93848,False,excluded_binary_or_cache
continuation_02/save_08240.stderr,0,e3b0c44298fc1c149afbf4c8996fb92427ae41e4649b934ca495991b7852b855,False,excluded_binary_or_cache
continuation_02/save_08240.stdout,247,4fa1063fa811138aa915225012c0630b76aae0cb1bff7d878b770e7455e0e2a8,False,excluded_binary_or_cache
continuation_02/save_08245.stderr,0,e3b0c44298fc1c149afbf4c8996fb92427ae41e4649b934ca495991b7852b855,False,excluded_binary_or_cache
continuation_02/save_08245.stdout,246,471f85aefec7db991206514044e9bd0dd4c6ec283616cd2a91cb0908a13bdc80,False,excluded_binary_or_cache
continuation_02/save_08250.stderr,0,e3b0c44298fc1c149afbf4c8996fb92427ae41e4649b934ca495991b7852b855,False,excluded_binary_or_cache
continuation_02/save_08250.stdout,245,edc281de2c63a2b728c6c17acef0e8489c1521dcb45a97201fbc5a78f5c022ca,False,excluded_binary_or_cache
continuation_02/save_08300.stderr,0,e3b0c44298fc1c149afbf4c8996fb92427ae41e4649b934ca495991b7852b855,False,excluded_binary_or_cache
continuation_02/save_08300.stdout,243,440e14de14ff2d9969cf95c74d71ca94d2c3b44821a42ecf0bd879eb6e4c56f3,False,excluded_binary_or_cache
continuation_02/save_08350.stderr,0,e3b0c44298fc1c149afbf4c8996fb92427ae41e4649b934ca495991b7852b855,False,excluded_binary_or_cache
continuation_02/save_08350.stdout,244,8f630c039d72f6bdd725c921d254a0932742502af4dd71bdf53a658b11e560a3,False,excluded_binary_or_cache
continuation_02/save_08400.stderr,0,e3b0c44298fc1c149afbf4c8996fb92427ae41e4649b934ca495991b7852b855,False,excluded_binary_or_cache
continuation_02/save_08400.stdout,244,a366f14c80aa2edddac2e3dcbc0ab22bca97455b0cbe5a257ba6e7e20e830787,False,excluded_binary_or_cache
continuation_02/save_08500.stderr,0,e3b0c44298fc1c149afbf4c8996fb92427ae41e4649b934ca495991b7852b855,False,excluded_binary_or_cache
continuation_02/save_08500.stdout,244,ca29abf16a780d36e56280fa9defd7baa644044287bd2334cebe6fee91cba9a5,False,excluded_binary_or_cache
continuation_02/save_09000.stderr,0,e3b0c44298fc1c149afbf4c8996fb92427ae41e4649b934ca495991b7852b855,False,excluded_binary_or_cache
continuation_02/save_09000.stdout,246,72ac101153d3d66b3246aecdbcc7863696120c0000b072bba883dba175c25b96,False,excluded_binary_or_cache
continuation_02/save_logY32.py,5695,752cbb52f8ad6dfc8b521ba2cc15e085e8c3cb6246b8c95de792b6ff6723e9fb,True,included_text_source_or_output
continuation_02/stdout074.txt,433,d0f174e484b707981de61226f0e590ccc8f0ba31c3fd77bc5f6b4754b0fc6797,True,included_text_source_or_output
continuation_02/time074.txt,1419,f5abdd3f695d2f554ebf48c34d9899ac15b33eeccdd24f378c708d2770d6c180,True,included_text_source_or_output
continuation_02/timepy074.txt,14,7f27da2dce1a0ba9e6e5732a02f67e1988fa1821e0c8d4bc048f065804a3d97f,True,included_text_source_or_output
continuation_02/tmp_out.txt,221,01d28c1ad713639329c0407b784d1ced7082b1687d13e6c691aeaf9f6a1e7080,True,included_text_source_or_output
continuation_02/tmp_stdout.txt,435,22a9c78027db3afdfa4c305d544a2f439d93ee0d678322ee8e00c10ece287358,True,included_text_source_or_output
continuation_02/verify_hankel_condition.py,857,3c9e744c91691f403e1242716367068c39dd3bb4cce7820e66bfc4b471b76b4b,True,included_text_source_or_output
continuation_02/verify_hankel_condition_OUTPUT.txt,440,34dcc5fe204f367743a48ac396788f1786cf9500ab4e5422162ed64e89cff78a,True,included_text_source_or_output
continuation_02/verify_prony_bound.py,1629,3c283e98f442942cbaa053ddae096082095b89c0a0db423ce06dcc3e5d2b1941,True,included_text_source_or_output
continuation_02/verify_prony_bound_OUTPUT.txt,3583,8773a8c7791ad249de403ab4256dec89a4706f128513e16038d709e500da4426,True,included_text_source_or_output
continuation_02/verify_two_memory_phase.py,1625,975d83f3edc791b7736df5a92b9ae03fc411834f167c24fe62ab90768c291d38,True,included_text_source_or_output
continuation_02/verify_two_memory_phase_OUTPUT.txt,266,b009b7b00f56cf1f7ff1f17a387c40a85b3984fc014275185f3c18015cd7f312,True,included_text_source_or_output
continuation_03/d12_four_subset_orbits.tsv,423,3d9d64c20a907458deaffeeda1e3ee9e175f2ebc4648f0b362474a4fca17ee7b,True,included_text_source_or_output
continuation_03/degree2_chain_inverse.py,1205,b04a64a05733608aaede1fc1b2e124a6dec6c8ede2bd0cafb2995a89ea31174e,True,included_text_source_or_output
continuation_03/degree2_chain_inverse_OUTPUT.txt,159,202e41e2c84cdd91df69322a6bf017bc16feab0543be6472d5230cae2a34eff5,True,included_text_source_or_output
continuation_03/fin12_m32_impurity_min,31800,86af6066c3f17fd4defa1a1d48b58ab0aab585f74881cc1ae65f994d8afbdeb9,False,excluded_binary_or_cache
continuation_03/fin12_m32_impurity_min.cpp,5787,382ab2e60d6d5e12fb291802e37e851388e39a84865b6e2458e81faf36cc1955,True,included_text_source_or_output
continuation_03/fin12_m32_impurity_min_mask15.time,27,a60dd5b52052a54671e77668b3d758843404b68c057258941e24048af130e2a2,False,excluded_binary_or_cache
continuation_03/fin12_m32_impurity_min_mask15.txt,154,820c3cd0e6c9aa798d947f82318ffd38716e5986ef7fb7471deb3824d8184e2f,True,included_text_source_or_output
continuation_03/fin12_m32_impurity_trace,36432,f13bd268c6c7303c68dd3c5b6e09ae5fe6bdf7f2618319654e2574ac44ef8c8a,False,excluded_binary_or_cache
continuation_03/fin12_m32_impurity_trace.cpp,6444,0daf440e9707af2950e9b4966627809d0f8128cf993766414fd8c9dac9780171,True,included_text_source_or_output
continuation_03/impurity_1035.txt,157,8055e4307e77769bd0fda14c573cd54b6fa57a54835bebade68bb5ad278f1866,True,included_text_source_or_output
continuation_03/impurity_135.txt,156,14aed4652a3d28d9bf6794bfc9c489068af77c3a97d0dfdece2cfcf0e9f9e81f,True,included_text_source_or_output
continuation_03/impurity_139.txt,156,251728bdbf59583c59be6ed5480b31de2408cd0b143fbcd95c1adb1dbd689f3b,True,included_text_source_or_output
continuation_03/impurity_147.txt,150,7929fb77527470c6b369db38d37e56183d066727a63e1b899dcb0f67a6444b18,True,included_text_source_or_output
continuation_03/impurity_149.txt,155,02a778585b0d04822fe61055c07aa5717e3c348bfe13f48198fc006101535206,True,included_text_source_or_output
continuation_03/impurity_15.txt,154,820c3cd0e6c9aa798d947f82318ffd38716e5986ef7fb7471deb3824d8184e2f,True,included_text_source_or_output
continuation_03/impurity_163.txt,155,27acf63e4a1b65092f1ff953996f7b50d0961d47e8a85702893ba892b00d7670,True,included_text_source_or_output
continuation_03/impurity_165.txt,155,086cad9fd371f89bc2a832ffb31cb8afc88ef1725b1d5827377cf0d1d4f87288,True,included_text_source_or_output
continuation_03/impurity_195.txt,149,086246868770cc5d267453c899c794914864dabdaef937f3ac7184db5afca13a,True,included_text_source_or_output
continuation_03/impurity_23.txt,155,1f43251ec299a496356319c1bd4f3665e9aa1dd4ab2ff9002764bbf64ee74042,True,included_text_source_or_output
continuation_03/impurity_267.txt,156,3efc2f3ea91e39ec0714d7c3db9d91e9b4240c68a555328b6b74256677fb5a8b,True,included_text_source_or_output
continuation_03/impurity_27.txt,155,5a5d7afc8db6d2f005fb6e0a4a7eb3685b335b4dab52b9dd958a09186288dd03,True,included_text_source_or_output
continuation_03/impurity_275.txt,156,0a1b67627a0d011803e7fb9ea12ea3054fb882c5b2c841f43876dd9408db234f,True,included_text_source_or_output
continuation_03/impurity_277.txt,155,3995f2a70f33f71f47f589a540ea61d1536b517ecfe45d5285b43cc3090a1105,True,included_text_source_or_output
continuation_03/impurity_291.txt,156,994c4e179d72611ef435bf697f1c9726db1518c9a15f287c904111ba6f891623,True,included_text_source_or_output
continuation_03/impurity_293.txt,156,d32eff174058bacea8a029247f26189286832ca2a5d5f1dbd45205a2e6c950a8,True,included_text_source_or_output
continuation_03/impurity_325.txt,146,5efef1780f65fe83aea42bcf74e5c754fe768d0a37b7aa4ec0653c0032854de1,True,included_text_source_or_output
continuation_03/impurity_39.txt,155,17b990b0f8d2594e64d537b6805f040f9a61f4216e21f193f810edf0151af95e,True,included_text_source_or_output
continuation_03/impurity_43.txt,155,40a0985a3458d7bd5b3f42d5da91e30316fec554231792dae1db4221208e1e21,True,included_text_source_or_output
continuation_03/impurity_51.txt,155,118e9703efe7dc29d83352431c241ad1ec801326205d3f42d2a59358602f678e,True,included_text_source_or_output
continuation_03/impurity_523.txt,156,1393c96c8b68de511e26af903518a3d9dd388414776bba9d5d00b653a0d437c5,True,included_text_source_or_output
continuation_03/impurity_531.txt,156,f8f8bda6de7645761e7cef0e0c19ef813ee358920dbacedf6fd6243a9c6dbdd7,True,included_text_source_or_output
continuation_03/impurity_549.txt,156,49241fd9c7e0b282202e3d908812850efe0c2c44ca5238504722836ad4685044,True,included_text_source_or_output
continuation_03/impurity_585.txt,148,0993030c90b0f58344dbb52f614e2ba53282f9fccaeac24356be9d41ef1a1c41,True,included_text_source_or_output
continuation_03/impurity_71.txt,149,cd545c14b79211040375257992c46d396b70a5f16e885479f2272ff745dd8039,True,included_text_source_or_output
continuation_03/impurity_75.txt,149,fe474a59ff19ada0551c4a053dda4a2901d5c18d009c908c38f605aa56875d8f,True,included_text_source_or_output
continuation_03/impurity_83.txt,149,766f7b3caf3c5d3ee20753b0270d3abe372d64fb9616482e7302f177b09dc436,True,included_text_source_or_output
continuation_03/impurity_85.txt,154,40f1d3e3dff16742848dd469ff7ad6e31cda3d8a10b678dd5039d5fed7bd273f,True,included_text_source_or_output
continuation_03/impurity_99.txt,155,f733d3c2b5149ad868e4554a7181f1f82b198d9e7a0f10563dd387d7efd0eba5,True,included_text_source_or_output
continuation_03/inverse_no_uniform_stability.py,779,c4758c09a6c090c82a6519e6a94ef152948bcdf1aa30195eac1a8fbd99d0276f,True,included_text_source_or_output
continuation_03/inverse_no_uniform_stability_OUTPUT.txt,227,114739f3bd198acee07a55f80be0e2f79f0c457bc497de57691ef2bdc823dc5e,True,included_text_source_or_output
continuation_03/m16_beta10_orbits/1035.out,81,11f5e2512435aa59b8753bdb4d0efdffb5cc9ae46222a346392fdea97f90435c,True,included_text_source_or_output
continuation_03/m16_beta10_orbits/135.out,80,47ed072659231eeab8d49796a8c6f1c3bdfff991d606ace65740c5ad82d72d4a,True,included_text_source_or_output
continuation_03/m16_beta10_orbits/139.out,90,6b3ee5907d03ae34d390a053f6e849b493d647242ac1a58b8dc7491f20fc9df0,True,included_text_source_or_output
continuation_03/m16_beta10_orbits/147.out,89,f9cbe1b45143531e04446a5387906013c3ab713869ee9074bb9752ff938d0020,True,included_text_source_or_output
continuation_03/m16_beta10_orbits/149.out,79,3337118384b0fd5d0f9108ae2d619bf88f559bdf5f9b8115c38b9c20c9b8c844,True,included_text_source_or_output
continuation_03/m16_beta10_orbits/15.out,79,cb3c7c5fe3447beffdee3f4ff9594ca50ab3243381b7d12e9333e7077f429c10,True,included_text_source_or_output
continuation_03/m16_beta10_orbits/163.out,89,b42db197e57c05b8b1bb3d5e91030edf842df52833bc56360a115af9a66314b3,True,included_text_source_or_output
continuation_03/m16_beta10_orbits/165.out,89,0bf76be4057d5b27c863b49ef8382a37a4b6ee31eed3ace1c278c8567f71b1b0,True,included_text_source_or_output
continuation_03/m16_beta10_orbits/195.out,80,95bc22966fc3577181d60bc22cc5bd560da9c1f253599559e5d9e166798e8322,True,included_text_source_or_output
continuation_03/m16_beta10_orbits/23.out,79,4c6ff5de18583a9f79847692ddf99eeb0f4ced7a378160a56aa15cc34da9a32b,True,included_text_source_or_output
continuation_03/m16_beta10_orbits/267.out,90,455c4052ecc151bd57ada062222a4259e5ebaf83c323c200cef3ea758ebb7beb,True,included_text_source_or_output
continuation_03/m16_beta10_orbits/27.out,88,296766297c1a2bcea43d500f54e6988f9fb0573f36db2994e06b324d07f8786b,True,included_text_source_or_output
continuation_03/m16_beta10_orbits/275.out,89,b7d9171b5f326f446d7e47e4d1ce78bff5f6fc8205e0fe3a8e26fb1c4265c147,True,included_text_source_or_output
continuation_03/m16_beta10_orbits/277.out,79,a5c10b06943302650e2fe8ffb6354c169fd3630d91b80275f2cd4e2ca07f0fb4,True,included_text_source_or_output
continuation_03/m16_beta10_orbits/291.out,80,419317dde4cb8efd5eee5dfe3da3842359bba43b0f9a7a12b12ddd7129748600,True,included_text_source_or_output
continuation_03/m16_beta10_orbits/293.out,89,596b45d2b71ca96fd9b5859d6138223f4102e2e62851c71bd8cee3d970cd653a,True,included_text_source_or_output
continuation_03/m16_beta10_orbits/325.out,90,432cf37a68a535debebcf893bdaedd7682f244d6d694b0897907052d37d9c53b,True,included_text_source_or_output
continuation_03/m16_beta10_orbits/39.out,89,e089c16e228e54488066edf3350f24af7ce54bb08aa2e35141f5c9212853821a,True,included_text_source_or_output
continuation_03/m16_beta10_orbits/43.out,89,09df38378c3e34ec3f8321cbe7e89fe01dc1ae10a5fe5f0a87ec1a8e23d650b0,True,included_text_source_or_output
continuation_03/m16_beta10_orbits/51.out,88,4da51809c37fb5505a51e03625b1258cc76719cd3b4abebc9721f4b6b66188ca,True,included_text_source_or_output
continuation_03/m16_beta10_orbits/523.out,89,61e6ad1a56ad0ba811efb55c79f61f78a00490f30583030810d09efea1f523b0,True,included_text_source_or_output
continuation_03/m16_beta10_orbits/531.out,89,a9758c6d15201a5dfe5d98de6a8bb979e6dd27b647bbbe08c99246badc14a394,True,included_text_source_or_output
continuation_03/m16_beta10_orbits/549.out,89,f9b3f371db9e3b9c5773b8b8052545b0bab16ab3072152fca6765bf4f7426b63,True,included_text_source_or_output
continuation_03/m16_beta10_orbits/585.out,89,37501f9510ca6637a11fd6ee05cf90e28c51e5f5d84203173a065f42bd0a57b4,True,included_text_source_or_output
continuation_03/m16_beta10_orbits/71.out,78,8046127eb46f26888cd59cf1d10f1ae06e108656615760b131990bd3d31c08b6,True,included_text_source_or_output
continuation_03/m16_beta10_orbits/75.out,87,71579de5f28aa9c0d35e429916c8702e41afa593752c7a6db96584de976b23d7,True,included_text_source_or_output
continuation_03/m16_beta10_orbits/83.out,79,1976bec738c1653e8cfc8a7661d9fde361ede48e28ce93f9f8b2572f93118926,True,included_text_source_or_output
continuation_03/m16_beta10_orbits/85.out,79,42ae93f5b82a56c2a91b69685054a737e2befb89e888c3e4ee26e8ae0ca48dde,True,included_text_source_or_output
continuation_03/m16_beta10_orbits/99.out,88,aeec6258ec7015da51370505fb87b9c4ff0f5129ad016986c208c6b88bc56441,True,included_text_source_or_output
continuation_03/m16_gap_mask15.py,1632,ff61c420eea03b725011e46901a0368b2b9527f01924c1915d3e837b74dba68f,True,included_text_source_or_output
continuation_03/m16_gap_mask15_OUTPUT.txt,261,0f557c3200c9990c0294c9e0560d4bff91261d6490977b03c51033a8abcbfbb0,True,included_text_source_or_output
continuation_03/m32_beta5_orbit_summary.tsv,1036,d9a92dfd6d2afde9aa71e78f2029d9d8c0d72146553f45cb1f8af87789723954,True,included_text_source_or_output
continuation_03/m32_beta5_orbits/1035.err,192,9944443c2b3feff4e47f918612a2081b651ef65f1c57ba9e600675b6e29a24d5,True,included_text_source_or_output
continuation_03/m32_beta5_orbits/1035.out,87,9a8027a75cccaf053c5e2653f7e8d937242731d64337da8c383b2e44219c565c,True,included_text_source_or_output
continuation_03/m32_beta5_orbits/135.err,192,9f2a53d0c9fe359c339a55e88f16c6be7e004ad1e9acdf72d197e01efa1111dd,True,included_text_source_or_output
continuation_03/m32_beta5_orbits/135.out,86,0637da2f9112020ba3e168ee2f7c12485a6dcb75ca560b77201a51624e716d44,True,included_text_source_or_output
continuation_03/m32_beta5_orbits/139.err,292,97954adbe030c4b146ce48125319bd803a266dc176cc8ce47f885f22deffd17b,True,included_text_source_or_output
continuation_03/m32_beta5_orbits/139.out,92,7b5a7dff7166c9192d66a52812d1ddbbaa712bf528a0d4d13d0944c23ecebb9b,True,included_text_source_or_output
continuation_03/m32_beta5_orbits/147.err,242,6ecf84bd3f922a03f3754ea83a5cfd06b20e747071c1de8d1aed68db1f38f35f,True,included_text_source_or_output
continuation_03/m32_beta5_orbits/147.out,92,6982c0039711f3f78c684757a0697f6bcd5317cfed04bb5b692a8856d3fff5c2,True,included_text_source_or_output
continuation_03/m32_beta5_orbits/149.err,192,f15a1111681ad18ec3c17c47d0fbfe46668330e010311a88d6ad3e6363a5ab25,True,included_text_source_or_output
continuation_03/m32_beta5_orbits/149.out,86,ae1e49e4478f0ee566ad38d12382b611b69e011c30593ccbbc65123a46dcc9ac,True,included_text_source_or_output
continuation_03/m32_beta5_orbits/15.err,144,d31c071b29f20bd90730d19fa2b6b1246a8fdc9c698e6a3bfeb82c8d9cda77d1,True,included_text_source_or_output
continuation_03/m32_beta5_orbits/15.out,83,8d6101a5b16f9ef87b10d4390e26389facd3bc06abba95969dc7e8bebf7ee539,True,included_text_source_or_output
continuation_03/m32_beta5_orbits/163.err,242,4c838f360ece352c4ef0d9c2c8a322df35fe086f15cb7cabce46ec02e017b79d,True,included_text_source_or_output
continuation_03/m32_beta5_orbits/163.out,92,ac287e84ed5fc2360a8c69f5a56e71a20a784669657bc16fb1c52aba47665fbb,True,included_text_source_or_output
continuation_03/m32_beta5_orbits/165.err,144,efc92894b22c383f4cf1b3a264e353ee9a9e3d0f2cad44df7ea9bf0c348247ac,True,included_text_source_or_output
continuation_03/m32_beta5_orbits/165.out,85,505908f42d8dab2d044716bbc2ec18b6fb38d23631f34fbf0b58c38b7f1ce128,True,included_text_source_or_output
continuation_03/m32_beta5_orbits/195.err,144,0a09b86a653fee8bc7d7d1a6a545f05d1fd9bc204643f6926f7ef2ebbc78fbea,True,included_text_source_or_output
continuation_03/m32_beta5_orbits/195.out,85,9f99a3f95c8023bf81b4f3c645090a2a0b72757eec05e62add7d0ba032d769c1,True,included_text_source_or_output
continuation_03/m32_beta5_orbits/23.err,192,1abab3cfc5fdee47cc252f70683cfe71118b7eafb8909827fe2cd4fc3bb3b0f7,True,included_text_source_or_output
continuation_03/m32_beta5_orbits/23.out,91,c48f54958e4b3bb5a5deab8f9a12adaa3937629222681f9eac9e912a5f1ba427,True,included_text_source_or_output
continuation_03/m32_beta5_orbits/267.err,242,4f369f7e56e38cc5f18206e13cc9f1cdc620bffd15581f1bd3b548ad0f73ba0a,True,included_text_source_or_output
continuation_03/m32_beta5_orbits/267.out,92,50842598523c50ff564887c37b6ac559131df572b1ffb05cac7f3ded1d162012,True,included_text_source_or_output
continuation_03/m32_beta5_orbits/27.err,192,7018e72c9f8fd0efb59bb8ac92c4a0f3451059b7e73cb13ff3b7713713611d48,True,included_text_source_or_output
continuation_03/m32_beta5_orbits/27.out,85,8af31c3ebc6f5ee424915ae4ac9d090fa5808648f9f86a58253722715dc183cf,True,included_text_source_or_output
continuation_03/m32_beta5_orbits/275.err,192,70e3981b192a8fdadeab607cc97c62b0a270222c63ce5aac568d95093a75e938,True,included_text_source_or_output
continuation_03/m32_beta5_orbits/275.out,86,07acd32667a4530ad6bc7685e68f0de64abf806501e37ce7f1601c3612d4bea6,True,included_text_source_or_output
continuation_03/m32_beta5_orbits/277.err,144,0697782ce36ce309c05f25e66471039448d35a8242bd2cd391f0d33cd6399bff,True,included_text_source_or_output
continuation_03/m32_beta5_orbits/277.out,91,8a9a451aaa7529dbd9e55dcf60fdeff1d314886767133764e4c5bcb9e9e4a472,True,included_text_source_or_output
continuation_03/m32_beta5_orbits/291.err,192,609ac080c1f7b97deca0693ac272db9a6a45d338491fb3e16a9dbfdccd546b28,True,included_text_source_or_output
continuation_03/m32_beta5_orbits/291.out,92,5e55c340648bc174fc7864a8babbce3b647be123f981d7ddec10ff2a29a09be8,True,included_text_source_or_output
continuation_03/m32_beta5_orbits/293.err,242,2c6c9edacf35952aa7ab03f1a70e21431ceeafb023384bbf062a9bbde201147b,True,included_text_source_or_output
continuation_03/m32_beta5_orbits/293.out,92,3cb8b78d5e87982df6e2fa99acd2f142b34a219c4c15fe3ea887ca03fe76aa08,True,included_text_source_or_output
continuation_03/m32_beta5_orbits/325.err,144,4ba2915115caa7b3f7e622c19b1d3311272deb48ffd3234840d78986915d9487,True,included_text_source_or_output
continuation_03/m32_beta5_orbits/325.out,85,5adbafc9609c4d298b4b5d5fb863c1c2e55236452e433a0a790737786a15cb24,True,included_text_source_or_output
continuation_03/m32_beta5_orbits/39.err,242,eb99bd8e6e5dad4bc279a94674e5af9a4f0d641337e59a187a0f61a78f92a279,True,included_text_source_or_output
continuation_03/m32_beta5_orbits/39.out,91,8422a3d60ae72aa4bfdf575fda1ac9d1bf8f9e41f75cead6572867e7f215f2dc,True,included_text_source_or_output
continuation_03/m32_beta5_orbits/43.err,242,36665aaa6d2f9e588ef79e2ed99fe82a803bfa38901d8476f933907e7d9c5b3a,True,included_text_source_or_output
continuation_03/m32_beta5_orbits/43.out,91,bcc5990cce00df1126f86179e2fb418ef99998974e8a9283250182f87127ee26,True,included_text_source_or_output
continuation_03/m32_beta5_orbits/51.err,192,b08a5f41a46dc53c115c6afb4434e7d69f1a95e3d985f909036a144fdcf3299f,True,included_text_source_or_output
continuation_03/m32_beta5_orbits/51.out,91,b442ea902cb3a18db45243094e230f24be2043788f1b746033624377c18c1ef5,True,included_text_source_or_output
continuation_03/m32_beta5_orbits/523.err,242,a64ff58639185372b919eb58dda25d2e0bdd91deb25bc66822b74ba56f721368,True,included_text_source_or_output
continuation_03/m32_beta5_orbits/523.out,92,c067538ddbd8a280d385781f0a6cc0a5ae62c557f7b58f8dea8911b1ec630208,True,included_text_source_or_output
continuation_03/m32_beta5_orbits/531.err,192,d18f3a402e5cea2af9190b5c858f1bd905e5cd981ebb38b26c518d94eceb2cb1,True,included_text_source_or_output
continuation_03/m32_beta5_orbits/531.out,92,d4ab559d8134290d2da5ba7569c030e0574731804e101e1cd9b65a76a92b24c1,True,included_text_source_or_output
continuation_03/m32_beta5_orbits/549.err,192,43e6facfd0fcc6b4d1a48784b46f458e2a85a1719bcf8d19bece1df7ff80beb5,True,included_text_source_or_output
continuation_03/m32_beta5_orbits/549.out,92,61ad547091e8210e803e0003214f724455a4a80aa0e0534fdc5786de00c5d367,True,included_text_source_or_output
continuation_03/m32_beta5_orbits/585.err,96,79b933abff89ef34ad1a5715e74686102a6f2db874f87a625af2f89bc4eb8bde,True,included_text_source_or_output
continuation_03/m32_beta5_orbits/585.out,91,d1e7bcc1f84a6f8341659ce34a718bdc93ff1b0450756f0d14c2a4d05f552aa9,True,included_text_source_or_output
continuation_03/m32_beta5_orbits/71.err,242,2173790fbf454917154fdb1b8baa08bab77508768313ad0581ec6cf6e360eed9,True,included_text_source_or_output
continuation_03/m32_beta5_orbits/71.out,84,862b5d91d438487532aeb38cd8ca78c1081e0da3961bc0d82e0f796397973488,True,included_text_source_or_output
continuation_03/m32_beta5_orbits/75.err,242,72194cea3efef454f89297ddc044b20607dc9b5dec112bd97d34ea13ac34916d,True,included_text_source_or_output
continuation_03/m32_beta5_orbits/75.out,90,b78b1c901bd2e62f33881cbc690da31610b640845ef3a1e23d796c6776335913,True,included_text_source_or_output
continuation_03/m32_beta5_orbits/83.err,292,d85057deabfb2cf2edb5bff28283f5eac32dbab324fc2c9eb4121a585f1eaa51,True,included_text_source_or_output
continuation_03/m32_beta5_orbits/83.out,84,05f34de5779e3c1a65114e24a1b30146508c25c1f8d6ebcdd29f6da3662acc76,True,included_text_source_or_output
continuation_03/m32_beta5_orbits/85.err,144,8a16c3cc0908a6c57156afffabe9fd9f1d5307d17256eb431de0ffce3844dfde,True,included_text_source_or_output
continuation_03/m32_beta5_orbits/85.out,90,b5b72e6670b9e412b65acf5496640e523b12c13aae3a59af8a96296122f39755,True,included_text_source_or_output
continuation_03/m32_beta5_orbits/99.err,192,56e3c29cb791d9724dc91e81c9d95b21c8c58c056c416db0083a5c3a9d24ccd8,True,included_text_source_or_output
continuation_03/m32_beta5_orbits/99.out,85,ff947de95be968a254a248ec612571fbf887165d93d79b5f83da197ed67a5ccb,True,included_text_source_or_output
continuation_03/root_stats_m32.py,2298,93c493e2b8384da9404e03bc94cd3393de5c1ae0522e0c358f4454265ea85824,True,included_text_source_or_output
continuation_03/root_stats_m32_07459.py,2433,c5a91956e8a9551ca6787dbbab89dad1cbebdb22568058fcb359aa31a95b8024,True,included_text_source_or_output
continuation_03/root_stats_m32_07459_OUTPUT.txt,1335,c27674f3c2738e4d840e5d524b37e7441110b88a135377e77a10f4393fdf4bcd,True,included_text_source_or_output
continuation_03/root_stats_m32_OUTPUT.txt,908,7aac60cd560f9946911b05f2a3db2be69a41c89ef950bcd53e6ba5fd8e94d3c5,True,included_text_source_or_output
continuation_03/trace15.err,368,c5b007187b409e718ece4b0876d7e5f85d921d3f2ba5aca4c5a12409cf89ab7b,True,included_text_source_or_output
continuation_03/trace15.out,154,1af642367390c34f2affac9fb973fca3ba6793c3a93973780bf93c02572ea126,True,included_text_source_or_output
continuation_03/trace23.err,0,e3b0c44298fc1c149afbf4c8996fb92427ae41e4649b934ca495991b7852b855,True,included_text_source_or_output
continuation_03/trace23.out,0,e3b0c44298fc1c149afbf4c8996fb92427ae41e4649b934ca495991b7852b855,True,included_text_source_or_output
continuation_03/trace_15_err.txt,368,c5b007187b409e718ece4b0876d7e5f85d921d3f2ba5aca4c5a12409cf89ab7b,True,included_text_source_or_output
continuation_03/trace_15_out.txt,154,998df07b72a0ab3cb6708cc909e5c6deec42c2a93f282bd7961dbd0092a588fc,True,included_text_source_or_output
continuation_03/trace_23_err.txt,368,de6eec0007a23de71bf6c04a3c51ea5b5680fb23644700b845b7da818e388aef,True,included_text_source_or_output
continuation_03/trace_23_out.txt,155,313e8ffac33c703ceef8fc8eacd6f7271d822a4092eafd6d93fa91232c7e3b27,True,included_text_source_or_output
continuation_03/tree_degree2_family.py,523,7aa0190c1656c3e76d243913fdc59d71960dda24a09c4cb4b82bd441e0a3fa27,True,included_text_source_or_output
continuation_03/tree_degree2_family_OUTPUT.txt,577,1c281e1ac56607de7b0d23a4a73ccb895935a6453943c95170a29e7e1dada282,True,included_text_source_or_output
continuation_03/two_memory_isotropic_sensor.py,1526,5059965f6487443eb350247aa1c660e4e0b9d97ad6417639e7e4815097d8b746,True,included_text_source_or_output
continuation_03/two_memory_isotropic_sensor_OUTPUT.txt,396,04ad7f3c3c0d31ef60618cfa23d40d43db3677869b3d8e4610339e97947d0c87,True,included_text_source_or_output
continuation_03/two_memory_tomography.py,1259,218fad1272aae43ed950b6f82aefd7685c04b5094813ce3415d182ef36ff9db9,True,included_text_source_or_output
continuation_03/two_memory_tomography_OUTPUT.txt,223,72c529806a19637f188da690de864158869bd73dde8e9801285bee1d792d3f0a,True,included_text_source_or_output
continuation_03/verify_impurity_modular_rule.py,1336,9a60f0bcf780a73a7ec6ef8aea0f4127f85d85ecb254b10afc00c73a6f17cb86,True,included_text_source_or_output
continuation_03/verify_impurity_modular_rule_OUTPUT.txt,65,a371e37394597d727ecca45bc223ddee6d779188948436aa3773f0206cd423e2,True,included_text_source_or_output
continuation_04/DEGREE2_CAUER_EQUIVALENCE_02.md,1589,68b8646a8e5d163d7ceb3601630298dd8e1b45d8314437155aaabae2a0848abb,True,included_text_source_or_output
continuation_04/GEOMETRY_M64_SCALING_09.md,3685,3c42c71f1be9a3bec19f6fa81073f02fa2829bac547fdec1bd1da60af1708b20,True,included_text_source_or_output
continuation_04/MANIFEST.sha256,1137,baeb520067c98454ce6002d72f70eb3441223ea583851519f25817aa9e631df7,True,included_text_source_or_output
continuation_04/TWELVE_PHASE_IMPURITY_MODULAR_09.md,1638,f14c10ea19b6ad35a8ea73c6c4b6852f49fa46a4535a4a82c43ab96c9afb3c20,True,included_text_source_or_output
continuation_04/TWO_MEMORY_TOMOGRAPHY_04.md,1863,85e83d52ded1778f68b98b50bb386668ed299f41755978918e8c923f2a7f47a1,True,included_text_source_or_output
continuation_04/degree2_cauer_exact.py,1300,905618150b4901a17fe8ec2a793abd5fd6533329390c8da7c8e9d34c5a34f4d2,True,included_text_source_or_output
continuation_04/degree2_cauer_exact_OUTPUT.txt,167,37166a20202ca632581bf38c0722c8ead37bccfaac68a1933bf7ebeac6fa0598,True,included_text_source_or_output
continuation_04/fin12_m16_mask15_fine.tsv,577,ff4c8b95b4b54e69599fbe40f8b7f0007d65354169749f4cd350dd273236ec41,True,included_text_source_or_output
continuation_04/fin12_m16_one,36904,5f8419ea2ee5a73380b2feaf33f12fe3704bf833d2ee0976afffa4e6067d8c10,False,excluded_binary_or_cache
continuation_04/fin12_m16_one.cpp,6119,184d5c7bf6776f5ee06f3afd06e761d39ea5a59646277fb9b90695947048f766,True,included_text_source_or_output
continuation_04/general_quartic_test.py,2718,11dbacd7323d7534687405466c6491e6afff7586e2c06fa7187c81a83f4244d3,True,included_text_source_or_output
continuation_04/general_quartic_test_OUTPUT.txt,0,e3b0c44298fc1c149afbf4c8996fb92427ae41e4649b934ca495991b7852b855,True,included_text_source_or_output
continuation_04/m32_b0175_m15.err,144,d31c071b29f20bd90730d19fa2b6b1246a8fdc9c698e6a3bfeb82c8d9cda77d1,True,included_text_source_or_output
continuation_04/m32_b0175_m15.txt,108,72367ffd343b370d19642b02c07e86c83ad3244af6495f96d77ca2fa5fed1da3,True,included_text_source_or_output
continuation_04/m32_b01875_m15.err,144,d31c071b29f20bd90730d19fa2b6b1246a8fdc9c698e6a3bfeb82c8d9cda77d1,True,included_text_source_or_output
continuation_04/m32_b01875_m15.txt,89,9326d9853f18d68f83247b7404487277862b2874e17d61467b6650703f0421fa,True,included_text_source_or_output
continuation_04/m32_b020_m15.err,144,d31c071b29f20bd90730d19fa2b6b1246a8fdc9c698e6a3bfeb82c8d9cda77d1,True,included_text_source_or_output
continuation_04/m32_b020_m15.txt,102,3d173b4107727f422d835bca41e893f4f391f6986df49579237b420d3a4c8ad0,True,included_text_source_or_output
continuation_04/m32_b02125_m15.err,144,d31c071b29f20bd90730d19fa2b6b1246a8fdc9c698e6a3bfeb82c8d9cda77d1,True,included_text_source_or_output
continuation_04/m32_b02125_m15.txt,101,ee092fecf5d4e39a330c67147818a41d9b3deead40dad974063cc7abe249a2d4,True,included_text_source_or_output
continuation_04/m32_b0225_m15.err,144,d31c071b29f20bd90730d19fa2b6b1246a8fdc9c698e6a3bfeb82c8d9cda77d1,True,included_text_source_or_output
continuation_04/m32_b0225_m15.txt,102,1b74c8c12abe984d9458a54e06e967916e8e4fc3bbb35158145782a2c0e7ea5d,True,included_text_source_or_output
continuation_04/m32_b02375_m15.err,144,d31c071b29f20bd90730d19fa2b6b1246a8fdc9c698e6a3bfeb82c8d9cda77d1,True,included_text_source_or_output
continuation_04/m32_b02375_m15.txt,107,d7e7d89651daa9fdad818461ea86d7c76e0cb70fc52a63d84b08db63517dfc01,True,included_text_source_or_output
continuation_04/m32_b025_m15.err,144,d31c071b29f20bd90730d19fa2b6b1246a8fdc9c698e6a3bfeb82c8d9cda77d1,True,included_text_source_or_output
continuation_04/m32_b025_m15.txt,87,b43f9d2323f9665ed8455349c32ad13ccef16034a2cff94440b6dc5a7829def1,True,included_text_source_or_output
continuation_04/m32_b0275_m15.err,144,d31c071b29f20bd90730d19fa2b6b1246a8fdc9c698e6a3bfeb82c8d9cda77d1,True,included_text_source_or_output
continuation_04/m32_b0275_m15.txt,102,7ebf16fd5cba5874587f28e1de9adb6e43f80920ab751d16c5225c3c29b0a5e5,True,included_text_source_or_output
continuation_04/m32_b0325_m15.err,144,d31c071b29f20bd90730d19fa2b6b1246a8fdc9c698e6a3bfeb82c8d9cda77d1,True,included_text_source_or_output
continuation_04/m32_b0325_m15.txt,108,f265c61121914b198d61624d6a91faeabba067a582772db0e18da76059dba722,True,included_text_source_or_output
continuation_04/m32_b0375_m15.err,144,d31c071b29f20bd90730d19fa2b6b1246a8fdc9c698e6a3bfeb82c8d9cda77d1,True,included_text_source_or_output
continuation_04/m32_b0375_m15.txt,88,a7521c4858f09fc0bbc6318148d41e1d47e66cad06f4404f3d59fd2d01762cd9,True,included_text_source_or_output
continuation_04/m32_b040_m15.err,144,d31c071b29f20bd90730d19fa2b6b1246a8fdc9c698e6a3bfeb82c8d9cda77d1,True,included_text_source_or_output
continuation_04/m32_b040_m15.txt,102,cd9f9c867ccc98d5a5fcaea64e05304311b4ff51872ced213a9b0937b19be9d4,True,included_text_source_or_output
continuation_04/m32_mask23_b01875.err,192,1abab3cfc5fdee47cc252f70683cfe71118b7eafb8909827fe2cd4fc3bb3b0f7,True,included_text_source_or_output
continuation_04/m32_mask23_b01875.txt,95,a6b2dd06a1a9fe08e05e18b5c4c9e4bdb62a35e9c7214debff37556d65812719,True,included_text_source_or_output
continuation_04/m32_mask23_b020.err,192,1abab3cfc5fdee47cc252f70683cfe71118b7eafb8909827fe2cd4fc3bb3b0f7,True,included_text_source_or_output
continuation_04/m32_mask23_b020.txt,109,bf2ec1c880145126f5db20ef920a1b8c3159e6040a5f8b7b701d12168520e478,True,included_text_source_or_output
continuation_04/m32_mask23_b02125.err,192,1abab3cfc5fdee47cc252f70683cfe71118b7eafb8909827fe2cd4fc3bb3b0f7,True,included_text_source_or_output
continuation_04/m32_mask23_b02125.txt,109,66c0bed161d9d9e7e565b3ca7149d8fd142b7ca38b5e9beda66c510bfb43f9c6,True,included_text_source_or_output
continuation_04/m32_mask23_b0225.err,192,1abab3cfc5fdee47cc252f70683cfe71118b7eafb8909827fe2cd4fc3bb3b0f7,True,included_text_source_or_output
continuation_04/m32_mask23_b0225.txt,109,545033ae2ec1c2b15ddb5e859abe1dc7e675d28656a5f2a54d36ee8cd7dca493,True,included_text_source_or_output
continuation_04/m32_mask23_b02375.err,192,1abab3cfc5fdee47cc252f70683cfe71118b7eafb8909827fe2cd4fc3bb3b0f7,True,included_text_source_or_output
continuation_04/m32_mask23_b02375.txt,109,033895e3e9b607594c6a715f97482738ee9b7d5a009ca4a9815840164480b21f,True,included_text_source_or_output
continuation_04/root_order_m16.py,2172,756f647b2cf2b202fee788ac7ce37cfd006ddac6fce84c954ffe5f1d1ae85e70,True,included_text_source_or_output
continuation_04/root_order_m16_OUTPUT.txt,239,ccc34616ff58d9d16a163bf3d63c15de3f5467c04ac973bcc0c166ab09080c06,True,included_text_source_or_output
continuation_04/two_memory_full_tomography.py,1785,a5a3466a44080348da9f0d87af625bb8914887652fa09ceff43ecf2aa5a8f918,True,included_text_source_or_output
continuation_04/two_memory_full_tomography_OUTPUT.txt,132,bcee96247b254db4e12ca93622d4c321bf8c4cc5fb481b2179533db68c031e5a,True,included_text_source_or_output
continuation_04/verify_impurity_modular_rule.py,1433,5941f571d2e75abef7b726008353963d1d820e05ba268d87116540cb2dca631b,True,included_text_source_or_output
continuation_04/verify_impurity_modular_rule_OUTPUT.txt,65,a371e37394597d727ecca45bc223ddee6d779188948436aa3773f0206cd423e2,True,included_text_source_or_output
continuation_05/GENERAL_QUARTIC_CLOSURE_12.md,1136,164ebed5dea60245aef1c15942f0c85e7e412c9938173192bbf4dd5405205639,True,included_text_source_or_output
continuation_05/MANIFEST.sha256,1935,68b446540ef2f70adce5b0143723a5c06b2eabed4aef920cb7ef278dea77ee7c,True,included_text_source_or_output
continuation_05/TREE_INVERSE_PRONY_INTERVAL_09.md,1271,f826b083bdbc19b4057a54052c151cd6dd33dc3b9ce2b9f459a8556635691917,True,included_text_source_or_output
continuation_05/TWELVE_PHASE_COMPOSITION_SCALING_10.md,3216,2856a5d66ac4d2c06a80935825d29fe3cb04097028773b42c9a1b90e271f5bff,True,included_text_source_or_output
continuation_05/TWO_MEMORY_SECOND_ORDER_05.md,2062,f9d35d248ab7d7cd77d8fa2952a0f2959ed9faf5cf4e307cf242f2d9de2ee5cb,True,included_text_source_or_output
continuation_05/fin12_m16_jet4,41000,a56ca39de74b2f0c03de6cb2d2680959917a9c6d99d46adaa3cc01d773bfada6,False,excluded_binary_or_cache
continuation_05/fin12_m16_jet4.cpp,6971,8d99cbeeb719422273a117c369c41b27a24f7b4897b493424aae733c2d6641d7,True,included_text_source_or_output
continuation_05/fin12_m16_jet_group,36992,086c632e6d5218c9f52b7deab765cc82cdbf0e5ce7ac13d8f7440e30223a6f4f,False,excluded_binary_or_cache
continuation_05/fin12_m16_jet_group.cpp,6552,3d7954c7e4381172594b9dbd1422b134dd887357fe956519edc3fadecbee6903,True,included_text_source_or_output
continuation_05/fin12_m16_peaks,40776,5bc166c89854428acfc637cfc5dba39f3a35466ee15f013d39c1afcd75393173,False,excluded_binary_or_cache
continuation_05/fin12_m16_peaks.cpp,7520,a0c3e79c338b42745cd3606e952e069448c08dc2be7a6d813af4b5900b24352b,True,included_text_source_or_output
continuation_05/fin12_m16_root_order,58296,9aaa7d4f737e6e468aa85b2e44353c9208858856f20a9658cc147f9cdaae88af,False,excluded_binary_or_cache
continuation_05/fin12_m16_root_order.cpp,7958,166ae7ad4f1e0bd2d6fa4578051490df14cec6faa7c59c9345de43410faf549f,True,included_text_source_or_output
continuation_05/fin12_m32_jet,36856,be09930ef9b6b3e04c78b8bd568c86084564657b7caa2b62eec9e9f90bff1203,False,excluded_binary_or_cache
continuation_05/fin12_m32_jet.cpp,6404,ec6b3f38bf183a7b8afde48095d1ede6bca6a4e81137ec1f936d0ee58633ac60,True,included_text_source_or_output
continuation_05/fin12_m32_jet4,41000,dfc270d26dc5d7c5a1f93315bd124e80399075a291d5f7bb7f08722366b75082,False,excluded_binary_or_cache
continuation_05/fin12_m32_jet4.cpp,6971,f23fbdcb3666c179c376d7dff426f5244c6ca1777844ff758afb6934425bcac2,True,included_text_source_or_output
continuation_05/fin12_m32_jet4_group,41136,8fe8991dc1e855c81a794a7edfbd5400a9c761e7387e87fae16a1c1b822ba52b,False,excluded_binary_or_cache
continuation_05/fin12_m32_jet4_group.cpp,7204,1295d5a790351a88d0c8f454f504d0c9b13209f86cfaf4ad80da13728bd88239,True,included_text_source_or_output
continuation_05/fin12_m32_jet_all,36848,6643adcce04370dcf069dacbef07fe75f7599d7855aa0ffaf8d59978c9309789,False,excluded_binary_or_cache
continuation_05/fin12_m32_jet_all.cpp,6755,8332a5ef4d822cdcd339a2ddf3fb60dd05de72b2550db406fae31e9d44105a18,True,included_text_source_or_output
continuation_05/fin12_m32_jet_group,36992,da20411ad87d17a770d5a53518eb284c1d20a5db573042bff13e18ac1eed1576,False,excluded_binary_or_cache
continuation_05/fin12_m32_jet_group.cpp,6552,9806a5b6f91057b436f318db293aad38ae6fd7b45c1ac475792c65a08cb9f056,True,included_text_source_or_output
continuation_05/fin12_m32_root_order,58296,08293f06fce3bde07f2d49d6a9269d078b3f1a82de0a71e951278c619de6d3be,False,excluded_binary_or_cache
continuation_05/fin12_m32_root_order.cpp,7966,1ff9ae9badc89ca3d49d9012ee2a1857646d8e5b21c45cef929b721eb3399331,True,included_text_source_or_output
continuation_05/find_m16_peaks.py,1777,ed5ff2f9de85f9ff722826bb4af6ea9d9f4a01b2f94e620fc39bd1fc1e7d1985,True,included_text_source_or_output
continuation_05/general_quartic_one.py,2636,adc2840b755bbb2ecf6b25d88071978c9ea48ca188c69743d9adb49b73cb7b35,True,included_text_source_or_output
continuation_05/general_quartic_one_OUTPUT.txt,200,bf7f7e659c5218f9e7f72b8ee119a635447672aea43e8fcaaaa72107ba71acb5,True,included_text_source_or_output
continuation_05/general_quartic_test_rerun_OUTPUT.txt,0,e3b0c44298fc1c149afbf4c8996fb92427ae41e4649b934ca495991b7852b855,True,included_text_source_or_output
continuation_05/general_quartic_two.py,2615,43c4f85204cb96521564245b12705755f55067139c9ad89cd5a52bf24fe6f8b7,True,included_text_source_or_output
continuation_05/general_quartic_two_OUTPUT.txt,198,d0aa2b078d2bcf3a3c6a303a2a987164eb01151134980deb2ceeff2a78ff821b,True,included_text_source_or_output
continuation_05/group2.tsv,538,a3d77ce55280c101d9b036c079c541dba6dd01680dbc540ea874b108cdceb490,True,included_text_source_or_output
continuation_05/group3.tsv,521,3796e28cfba2d16880c8af481467c9521121d3379a2be06e361b0cb68ae4d8e4,True,included_text_source_or_output
continuation_05/group4.tsv,537,a66dd5d96e5461097635aa5518803ef997103494ce97f0ab470d1d9d7c126042,True,included_text_source_or_output
continuation_05/group5.tsv,537,dee58416734bfaffd16c8c20f2df6937aae4e2d83d90182e2591d487715d70b6,True,included_text_source_or_output
continuation_05/group6.tsv,532,3363d2b36a7ddf88dc99e809bf4284c21fed4dd1ef5d22bcc8f64f1af3fccc33,True,included_text_source_or_output
continuation_05/group7.tsv,531,0c400fd47b0b3f773eb92596e0f1e315b631588250ee8f6c336b770aa213edfb,True,included_text_source_or_output
continuation_05/group8.tsv,514,0a904e91c935931abbb63694b0555636d4c9906fb1119318f9fc1f3348f21556,True,included_text_source_or_output
continuation_05/group9.tsv,173,5ad7c9b2db50e0c5b6b465fb5885937c7d4792081493e642767f48d4e5ebde76,True,included_text_source_or_output
continuation_05/j4_163.tsv,0,e3b0c44298fc1c149afbf4c8996fb92427ae41e4649b934ca495991b7852b855,True,included_text_source_or_output
continuation_05/j4_195.tsv,356,a2dc99c0bd63c47556cc591a2f274296d0e3351e417049c3c76fd7bdaa1617c1,True,included_text_source_or_output
continuation_05/j4_267.tsv,0,e3b0c44298fc1c149afbf4c8996fb92427ae41e4649b934ca495991b7852b855,True,included_text_source_or_output
continuation_05/j4_275.tsv,358,5725f5af9877ebc504001197528a26ba7cebd3d50f5fd3f6310f77c197b03157,True,included_text_source_or_output
continuation_05/j4_291.tsv,0,e3b0c44298fc1c149afbf4c8996fb92427ae41e4649b934ca495991b7852b855,True,included_text_source_or_output
continuation_05/j4_523.tsv,0,e3b0c44298fc1c149afbf4c8996fb92427ae41e4649b934ca495991b7852b855,True,included_text_source_or_output
continuation_05/j4_531.tsv,0,e3b0c44298fc1c149afbf4c8996fb92427ae41e4649b934ca495991b7852b855,True,included_text_source_or_output
continuation_05/j4g1.tsv,1409,e1b80b04d495d5a084435f5b0b57bb8ad2ca7a57867318136536e6feee08edfc,True,included_text_source_or_output
continuation_05/j4g2.tsv,711,a513aece91cb92e9fb044acafb42f05d916a4285a04ff6868bcecb0ab6586ba7,True,included_text_source_or_output
continuation_05/j4g3.tsv,1070,ede42220eec89212c8e3412a0fc3addd0f9cf821f69c362cce148618da63359e,True,included_text_source_or_output
continuation_05/j4g4.tsv,1072,867b6fe5cd363d8f3f4e9f5e0de64c9c62856b7a618a57870031039aab02ca82,True,included_text_source_or_output
continuation_05/j4g5.tsv,707,51fe5ff84f08ea26bb8ce988fd1342e8cbf84f9c4be046c505f791b6bb23a855,True,included_text_source_or_output
continuation_05/m16_jet_alpha0425_all.tsv,5066,5bc6f6248e6e011f0eaa0a82d47ca9824f36e4ec4694c293b21bc4d134a17383,True,included_text_source_or_output
continuation_05/m16_mask15_b0.4000.txt,106,9ed66d82704eb0f4261c0c7d0560c5d23a5263285f3693a227b0092a7bbcd905,True,included_text_source_or_output
continuation_05/m16_mask15_b0.4250.txt,106,867cb76c60ffc0bed2349a24ef68b4cdb2c02e3daefe10d9613770462c5bc17d,True,included_text_source_or_output
continuation_05/m16_mask15_b0.4500.txt,106,2b0a252a7b2b768a635478a40b0498a3b309bccf31d933a579a0dc0969a712b3,True,included_text_source_or_output
continuation_05/m16_mask15_peak_jet4.txt,294,0d89d072f35aabb28e38cb3c72b7480dd1e6706bd26a5cee15ce1da121e99844,True,included_text_source_or_output
continuation_05/m16_mask15_root_order.tsv,310,22f217096b4d29de38145f10f924861bde7c7544d363434842b603e12a19b2a6,True,included_text_source_or_output
continuation_05/m16_mask23_b0.4000.txt,105,bc7571241a4978da0e4b8ed6c5635f47becf9fd14b6ce82f9881dbc1b05911f4,True,included_text_source_or_output
continuation_05/m16_mask23_b0.4250.txt,96,2844546420b0be37ce37b5a50bbc33233867dc6a027a96f5197b8a29c49c1ac9,True,included_text_source_or_output
continuation_05/m16_mask23_b0.4500.txt,95,0e87d19588da61aea217f0af3f0f877b540df3e65820d9dd2974f2e8de117fcd,True,included_text_source_or_output
continuation_05/m16_mask585_b0.4000.txt,97,52f0a3d0efc14c0b5fea21a4a921ef9a8fdc8e280222b40bfb150071d9d2554e,True,included_text_source_or_output
continuation_05/m16_mask585_b0.4250.txt,107,5353aa8a6ae9f55838c40276596c7c883d334e89915fc5967debbacca4611565,True,included_text_source_or_output
continuation_05/m16_mask585_b0.4500.txt,97,0182af965460b29e3238a23d0a0bb7c5400cb4a93b9fb5b2aee310088f85f41e,True,included_text_source_or_output
continuation_05/m16_mask99_b0.4000.txt,96,a99ffbcd25821b8348fe6dd982190c906ca658e2a272a2097f90826e187f031e,True,included_text_source_or_output
continuation_05/m16_mask99_b0.4250.txt,96,4314b71f41bc4ac4f8caf9f57f9ae88c4c5c4134e7164f9b6e98e7ebf05df043,True,included_text_source_or_output
continuation_05/m16_mask99_b0.4500.txt,96,18a965cb1ccf9d35d1455d924b877edd499b5331c38bcbbf91b37980219939ad,True,included_text_source_or_output
continuation_05/m16_peak_all29.tsv,2804,a019e0b04150555294e369c89933d28b2309cabf3f45af1b7e49f79c7595dabb,True,included_text_source_or_output
continuation_05/m32_275_b02125.txt,295,2ce4ebcdaefbe17c24d8e62ba3294e681062e634272c8154d615ac9e90abfc3b,True,included_text_source_or_output
continuation_05/m32_275_b0225.txt,296,17bf8d879aa726f8788591cbd4b70110d570b645c4267af4bafdd397189e208c,True,included_text_source_or_output
continuation_05/m32_jet4_all29.tsv,1423,77c852b40046d58d456fc858de49294de6357d75fbabcf77336333714a4301a9,True,included_text_source_or_output
continuation_05/m32_jet_alpha0425_all.err,0,e3b0c44298fc1c149afbf4c8996fb92427ae41e4649b934ca495991b7852b855,True,included_text_source_or_output
continuation_05/m32_jet_alpha0425_all.tsv,1225,58a9e17029e5fab4b59a4cbd6e1f2682a260ff1aa706e8d176556aaf14691fc6,True,included_text_source_or_output
continuation_05/m32_jet_orbits/15.err,0,e3b0c44298fc1c149afbf4c8996fb92427ae41e4649b934ca495991b7852b855,True,included_text_source_or_output
continuation_05/m32_jet_orbits/15.out,172,861b495214fbb4a68e00ac731fd0d857bcd623376005c8587056c9cdc7ff240f,True,included_text_source_or_output
continuation_05/m32_jet_orbits/23.err,0,e3b0c44298fc1c149afbf4c8996fb92427ae41e4649b934ca495991b7852b855,True,included_text_source_or_output
continuation_05/m32_jet_orbits/23.out,175,722480f6c1c5f072bbfc21a6121b60d5414a1c31ca872a91447853d4ebbafe87,True,included_text_source_or_output
continuation_05/m32_jet_orbits/39.err,0,e3b0c44298fc1c149afbf4c8996fb92427ae41e4649b934ca495991b7852b855,True,included_text_source_or_output
continuation_05/m32_jet_orbits/39.out,0,e3b0c44298fc1c149afbf4c8996fb92427ae41e4649b934ca495991b7852b855,True,included_text_source_or_output
continuation_05/m32_jet_orbits/71.err,0,e3b0c44298fc1c149afbf4c8996fb92427ae41e4649b934ca495991b7852b855,True,included_text_source_or_output
continuation_05/m32_jet_orbits/71.out,0,e3b0c44298fc1c149afbf4c8996fb92427ae41e4649b934ca495991b7852b855,True,included_text_source_or_output
continuation_05/m32_mask15_peak_jet4.txt,289,1e6707826115796c1bee806d8b4b13a3fae3dd3a8536b7bdb022ad7424c6893f,True,included_text_source_or_output
continuation_05/m32_mask15_root_order.tsv,504,7ec0c7651518bd7234e80bca71d9f59c1586190eff3dc5f74b395d5e7dc73a21,True,included_text_source_or_output
continuation_05/m32_mask195_peakcheck.err,11,36ff23775b9301ac0011ac156f518b431ae5c5a0d92c2dc7da66e553bce4c3b5,True,included_text_source_or_output
continuation_05/m32_mask195_peakcheck.txt,354,783f9d6516a78875317e836673b0184ec0614d44de033ef28d472c0bb522808d,True,included_text_source_or_output
continuation_05/m32_mask585_b0.2000.err,96,79b933abff89ef34ad1a5715e74686102a6f2db874f87a625af2f89bc4eb8bde,True,included_text_source_or_output
continuation_05/m32_mask585_b0.2000.txt,109,6d57bf3a03dc4deec25dda114de940705b3b2328fc2af11f07783c62ce1f5c20,True,included_text_source_or_output
continuation_05/m32_mask585_b0.2125.err,96,79b933abff89ef34ad1a5715e74686102a6f2db874f87a625af2f89bc4eb8bde,True,included_text_source_or_output
continuation_05/m32_mask585_b0.2125.txt,109,fd811831bb85ecf8d8dca987db6e395495204fad7ff00cf2f026b4b73b95f693,True,included_text_source_or_output
continuation_05/m32_mask585_b0.2250.err,96,79b933abff89ef34ad1a5715e74686102a6f2db874f87a625af2f89bc4eb8bde,True,included_text_source_or_output
continuation_05/m32_mask585_b0.2250.txt,109,a717a1ef4becfec38c49684377d68131d7bc025c5128ccbb39b16dbd9d89738a,True,included_text_source_or_output
continuation_05/m32_mask585_peakcheck.err,11,8e3474535dcbaaf860da9b079f9df3e8dc4e4d2409f91038ae82171bd043b6d8,True,included_text_source_or_output
continuation_05/m32_mask585_peakcheck.txt,348,8830ca360482d2abad3018006adacd58ff713d39653c32e70c6eea6771b280b8,True,included_text_source_or_output
continuation_05/m32_mask585_root_order.tsv,503,2fc8227578a79ce1e60e2dc931d924e0a3a61d4a30582ac14338a409f24741e4,True,included_text_source_or_output
continuation_05/m32_mask99_b0.2000.err,192,56e3c29cb791d9724dc91e81c9d95b21c8c58c056c416db0083a5c3a9d24ccd8,True,included_text_source_or_output
continuation_05/m32_mask99_b0.2000.txt,109,b5fb721e98886e807675410ca0b2787424b1889b8e8cf1693ac6f53554f01c3f,True,included_text_source_or_output
continuation_05/m32_mask99_b0.2125.err,192,56e3c29cb791d9724dc91e81c9d95b21c8c58c056c416db0083a5c3a9d24ccd8,True,included_text_source_or_output
continuation_05/m32_mask99_b0.2125.txt,108,41f624a8bbfcb567d22bdd4cb255b0ba3885b1e7e87e75d7fb6685a09414f39f,True,included_text_source_or_output
continuation_05/m32_mask99_b0.2250.err,192,56e3c29cb791d9724dc91e81c9d95b21c8c58c056c416db0083a5c3a9d24ccd8,True,included_text_source_or_output
continuation_05/m32_mask99_b0.2250.txt,102,e712a7a38cae099667ae8c92f0534893fc7d45cb1c366bacf43f7570fbacdfe9,True,included_text_source_or_output
continuation_05/prony_interval_certificate.py,1319,82c494c4f65b7c6efe535b596c3a83e3fa942865809b23f7bca82fcae27cad6d,True,included_text_source_or_output
continuation_05/prony_interval_certificate_OUTPUT.txt,771,095805078142c368ace9d0e98b234bb7be9ba95c31a83d10c6f6003604551269,True,included_text_source_or_output
continuation_05/two_memory_cubic_quartic_repair.py,2051,1edaa09b9d846fbefe15343474600a117dda2786b5fd0ab0b662545babce8b44,True,included_text_source_or_output
continuation_05/two_memory_cubic_quartic_repair_OUTPUT.txt,170,1b7f8ae831816c1c1588027714fe62478f8a5e8672323d103e5e8c47280cd2e2,True,included_text_source_or_output
continuation_05/two_memory_second_order_no_go.py,1552,585bf658390a8fa3082a65a664bf9d0c827c80ee7facde774dc36ea7a3b24ac2,True,included_text_source_or_output
continuation_05/two_memory_second_order_no_go_OUTPUT.txt,324,6ebf506ce2cbe6e232527427137dbba363e63920433ed524c471428c41f1e171,True,included_text_source_or_output
continuation_06/EDGEWORTH_STATIONARY_15.md,7591,86bc8210ce57c38c0f00bb872880eeacd756dc15b2a70ee6a1c8c3a057429594,True,included_text_source_or_output
continuation_06/FIBER_EDGEWORTH_BIAS_17.md,3338,ba43c719ef666e6234945d79f35dd013f692d7a491ba71729eb8b49b05c0c42d,True,included_text_source_or_output
continuation_06/FINITE_N_REFRESH_INVARIANT_16.md,2366,2cdad5bae50bc2d4671055a573c83b7f9df4d183900bff7a50da85fb8540bb4f,True,included_text_source_or_output
continuation_06/GENERAL_QUARTIC_THEOREM_13.md,6590,cd351c7276f9c6d242293096e62c87a46e0834837e226d171cfb0ac577cb97d1,True,included_text_source_or_output
continuation_06/HIDDEN_MULTIPLICATION_RANK_14.md,2160,5e3349b8209e755271175fa1ebeac74061633811b0f373dff649aca887e7305d,True,included_text_source_or_output
continuation_06/MANIFEST.sha256,947,5097b80bb7f877b03fc9477f545d3b5705fae0b621318c6c00af090c92d4dfb3,True,included_text_source_or_output
continuation_06/conditional_fiber_bias.py,1888,dbb102f6fb91a7aed6fa4396f86f513493f13b99bb193099008e1cf08f3a2805,True,included_text_source_or_output
continuation_06/conditional_fiber_bias_OUTPUT.txt,1930,003a360e76e46ea16287a99221357e543f743e1aeee24fa47ade8b2c2f866bbe,True,included_text_source_or_output
continuation_06/edgeworth_stationary_general_check.py,3286,ab97bd6cedef135b00a248d9789512d2db3494aee1896f76e9484184c00abbbf,True,included_text_source_or_output
continuation_06/edgeworth_stationary_general_check_OUTPUT.txt,514,d561a8c261906a678a5c8ca15e15f1d69e6996e79c9e45bcadccf00b27b32bfd,True,included_text_source_or_output
continuation_06/edgeworth_uniform_hidden_check.py,2449,0f6a2f006e91b4e14fba9c387ced06cd400db9c5fc7274bea0e6675e0cfa662e,True,included_text_source_or_output
continuation_06/edgeworth_uniform_hidden_check_OUTPUT.txt,1297,50b623fcb1060ff7e21252fe8984bf6fea8485c28b5595105395a158109782e6,True,included_text_source_or_output
continuation_06/edgeworth_uniform_local_check.py,2888,83f50a96e785690047ac28164d2a3b30080f314fd538518e97528bf482e2a0b9,True,included_text_source_or_output
continuation_06/edgeworth_uniform_local_check_OUTPUT.txt,3844,4fbe4da067ed46f3d65af235960c43151f3719382adbaaa1c7af1ee01dce6107,True,included_text_source_or_output
continuation_06/fin8_n2_peak_scan.tsv,954,74f339144372340be92cb231c8ed7fb45489a98fd0270105d8f5be30c55573d8,True,included_text_source_or_output
continuation_06/fin8_n4_peak_scan.tsv,1218,b72caa1eb42ad31792c81cd833faceb6cf1631ab154ddd5f82fe4eeacf3ee9f1,True,included_text_source_or_output
continuation_06/finiteN_heatbath_invariant.py,2228,224ad1cc8b7c1b02a8bd8bc9b2759cac945ca3da787f2ac9e9bc0625e5f8f832,True,included_text_source_or_output
continuation_06/finiteN_heatbath_invariant_OUTPUT.txt,715,9c96e800e39d06b4acc25fa5a499cc9e9b57267b55bd0aeb0f7d1230e400dbc1,True,included_text_source_or_output
continuation_06/finiteN_heatbath_reversibility.py,1374,b52f74e22ace799ebefbacc786c10e271399d79180f4afd8cef9fb5e767d3ae8,True,included_text_source_or_output
continuation_06/finiteN_heatbath_reversibility_OUTPUT.txt,109,43c1af90570ca0362f755e0676a40e88a02fd66c5b75001319b767c1bbf5c36b,True,included_text_source_or_output
continuation_06/hidden_pair_rank_exact.py,1188,0f85e4fca721c2357aeb04d8cc1e0e2b869bc935f391ed9d602cf7c587154b35,True,included_text_source_or_output
continuation_06/hidden_pair_rank_exact.py.tmp,1188,0f85e4fca721c2357aeb04d8cc1e0e2b869bc935f391ed9d602cf7c587154b35,False,excluded_binary_or_cache
continuation_06/hidden_pair_rank_exact_OUTPUT.txt,448,b6cf0a217ae36765f388224001b5e5752b68ac52f7950c2e2ff125c220fc1147,True,included_text_source_or_output
continuation_06/kurtosis_generator_series_loo.py,2576,5e96870969c2d11d5e724c53f438781b53542b075962dba5d21529d700d428d5,True,included_text_source_or_output
continuation_06/kurtosis_generator_series_loo_OUTPUT.txt,0,e3b0c44298fc1c149afbf4c8996fb92427ae41e4649b934ca495991b7852b855,True,included_text_source_or_output
continuation_06/kurtosis_generator_series_loo_k5.py,2543,7521d587cc986adbcf46296e234fff9d1078cb3af361f54df8e4a1fe9e0d55a6,True,included_text_source_or_output
continuation_06/kurtosis_generator_series_loo_k5_OUTPUT.txt,71,d194a6617c3e9df2b49a284ede9d478d994e290986284566b51b2cc26461b5c2,True,included_text_source_or_output
continuation_06/loo_k3.py,2541,1ce5edc37296252346ad4c8666a549c4c71a9fdcc8dfc9c1b71c76d0ea8ccff7,True,included_text_source_or_output
continuation_06/loo_k3_OUTPUT.txt,57,c2152c7a9bce17d0aea1bbb079cedded619cf21b3b69ed60ad5fcdeb9b05c103,True,included_text_source_or_output
continuation_06/loo_k4.py,2541,8747945b4fd4b8c95fb798e3f4773794d88186d353865ebce4c681b36ff4962a,True,included_text_source_or_output
continuation_06/loo_k4_OUTPUT.txt,76,3fad7532e496fb1ad3cf6ec4648640f815eb1eea2b5898891c9647bf1198c618,True,included_text_source_or_output
continuation_06/loo_k6.py,2541,af9b1e9b2a950eab99cde5cda1e03571110018479a83556e438758d2ba3c8d66,True,included_text_source_or_output
continuation_06/loo_k6_OUTPUT.txt,76,e2c8c7ad182c9d3f9e7a71387180c3569e834a81a7846a3e26102f9bfb788ee6,True,included_text_source_or_output
continuation_06/m64_root_sector.py,4713,56cd954c3fcb18bbe44529124e7f95eedf16fd60339f5edf9b4a6680c9120b5e,True,included_text_source_or_output
continuation_06/m64_root_sector_075_OUTPUT.txt,2610,89bdb8f3768aa7028e9a0cc5ac3067b6732b2f7c88fe5ec42377c14bff25d50b,True,included_text_source_or_output
continuation_06/m64_root_sector_08245_OUTPUT.txt,2887,65f2423d60bae321198dc69314c9d1b2b10872c5d9b3db8425c1ed45fcfacd4b,True,included_text_source_or_output
continuation_06/m64_root_sector_090_OUTPUT.txt,2859,5b961ac9d753ba0d357390640b002d1c76c0f524aca06ce3dd7cb7d1901e4764,True,included_text_source_or_output
continuation_06/me7_edgeworth_match.py,2381,fb0b214a089d5a0027e6c373c621b6cf20dcd622fe6feef91e05892da31f049c,True,included_text_source_or_output
continuation_06/me7_edgeworth_match_OUTPUT.txt,923,7adec9f5c16f7025c36b6bd5b3d505c6673d14bc20413774a9124b568379e80d,True,included_text_source_or_output
continuation_06/optimize_quartic_fast.py,2110,ce9edab28d76469eea79f4ca998c141c41c7b51fba8fa7ab8a626db30ecdfa5e,True,included_text_source_or_output
continuation_06/optimize_quartic_fast_OUTPUT.txt,765,2f39a7e0fee413348db411d57f271c7841be6bf0989523b25b65e92e5fa53574,True,included_text_source_or_output
continuation_06/optimize_quartic_probe.py,1682,551dd4213dc2112bb697ec1e8f6673cfad5e90e94fdfeab9f49a2c4cda8253e6,True,included_text_source_or_output
continuation_06/optimize_quartic_probe_OUTPUT.txt,2361,cac8faaf38b2d49f97298b1665253e9da0eda8bc2ee0059b4afa6ff4f67a1cc1,True,included_text_source_or_output
continuation_06/optimize_quartic_tensor.py,2122,eae05da0da9a8dbe663e18c57b4df205cc700620af905eba44cb123562c17d95,True,included_text_source_or_output
continuation_06/optimize_quartic_tensor_OUTPUT.txt,0,e3b0c44298fc1c149afbf4c8996fb92427ae41e4649b934ca495991b7852b855,True,included_text_source_or_output
continuation_06/probe_optimum_certificate.py,1980,faff1d695e021a9991359ec2189fd1cdff5c183db1cf189c62b2fb495e97aaea,True,included_text_source_or_output
continuation_06/probe_optimum_certificate_OUTPUT.txt,1092,905233ac80867c24d7c46d0edcabc7bbc84f73e4910c94ed0cf245ef035afb8d,True,included_text_source_or_output
continuation_06/quartic_tensor_actual.err,466,ea786fd566b313dcad61acb238400daeef5e0331ae61bce0b340e4c9f3ddd7db,True,included_text_source_or_output
continuation_06/quartic_tensor_actual.txt,13069,7ee26094f769869a384ae15a0ad709a5447f6f5e90dc87a5634a5d059deb1cb2,True,included_text_source_or_output
continuation_06/quartic_tensor_adjoint.cpp,4782,9cf934bece08d7495f2457bbea55f3332fc07da71d35c460de9e5fcd7304e566,True,included_text_source_or_output
continuation_06/quartic_tensor_adjoint_loo,36080,e6266f2c1e8025742c6ef737a0ffc3db9776ff557df98f1677f922835635ae2f,False,excluded_binary_or_cache
continuation_06/quartic_tensor_adjoint_loo.cpp,4862,a2962ea1e83b38f414ac77522821d45e7aacb5ac0a2d30d154cb66a9acfc46cd,True,included_text_source_or_output
continuation_06/quartic_tensor_compare.py,2889,d28ebd586fff6009bc34ee335ad239d74d70e36b1566b15c6f71f16c62b353dc,True,included_text_source_or_output
continuation_06/quartic_tensor_compare_OUTPUT.txt,478,2f7f39f4dd8d0ffa8719d4d26e76538e3f8c0e96630589c1fdf4a976dc073934,True,included_text_source_or_output
continuation_06/quartic_tensor_loo_actual.err,467,470da451cc364a14e094a065b32b27c66e64cd9528435c24af08bcaa07f4f737,True,included_text_source_or_output
continuation_06/quartic_tensor_loo_actual.txt,13069,da160365fc372832c2332bfd41545435a03d184afb284d88e97d882c0a2df44a,True,included_text_source_or_output
continuation_06/quartic_tensor_loo_certificate.npz,28162,807e30c359c491af443cb5f122fec6c88e9a02a98d9fc2ba7e97800bcbd6cf5e,False,excluded_binary_or_cache
continuation_06/quartic_tensor_loo_compare.py,2929,9fbe691d715a674c5515b3a338d75b213fbb109e344aa024ecf6975f8dadd0f2,True,included_text_source_or_output
continuation_06/quartic_tensor_loo_compare_OUTPUT.txt,480,b23a215b8df691148147f8bf33763e0016e8f765a3940a02cb97fb3eb9cc1637,True,included_text_source_or_output
continuation_06/quartic_tensor_sequences.cpp,3504,50862f69613ad06d4ffce7b52e8b9b777a5c7e8ccda02f4ab1724c33baf946f9,True,included_text_source_or_output
continuation_06/quartic_tensor_sequences.txt,56813,10f6c2c5585d4bc88afdcaa04914b4a65983ccbfc8b01f9865cf30e6812a6fce,True,included_text_source_or_output
continuation_06/quartic_tensor_sequences_loo,31464,e29c7bfc867fa0144cd696e1bd1d49a286b3f587530dafd724a267f335978fec,False,excluded_binary_or_cache
continuation_06/quartic_tensor_sequences_loo.cpp,3570,2f90a19bd7ea9e3405bdebe49565483cdec28a2ca7fa008fe208c10dbd974446,True,included_text_source_or_output
continuation_06/quartic_tensor_sequences_loo.txt,65809,7c488b1264d04fd561983a04f3c4ad50d26ae5fbb9660c4c5bad59f48a6b2bc1,True,included_text_source_or_output
continuation_06/uniform_memory_tensor_exact.py,1144,d5937d9eff3e31688821917b478c07a7115eb9bdc702f5558ebb860d69bb7853,True,included_text_source_or_output
continuation_06/uniform_memory_tensor_exact_OUTPUT.txt,983,78bfbb3c9604715790263cdc32cb112228d0fc37214725ae4e6285059475360d,True,included_text_source_or_output
continuation_06_quartic_random.py,3234,e8d3dc72c1c459399482605af00c0aa1818c9f9017e9ddc7a0335cdc4037c881,True,included_text_source_or_output
continuation_06_quartic_random_OUTPUT.txt,0,e3b0c44298fc1c149afbf4c8996fb92427ae41e4649b934ca495991b7852b855,True,included_text_source_or_output
continuation_07/FINITE_N_CONVENTION_ROBUSTNESS_20.md,2083,83bb841aada17f6dba8ed38df493e33fdac0b7ec240ee1d403c2950811ded475,True,included_text_source_or_output
continuation_07/GEOMETRY_ROOT_REORGANIZATION_18.md,2961,44c5f500c66c7789acef57deb8c30aa165e7510acc7a61f922198ad93fbdd82d,True,included_text_source_or_output
continuation_07/MANIFEST.sha256,1655,623c49969b40009c256bf33e5dd2dd2ea13a6c51c63544b41abd53fd344739de,True,included_text_source_or_output
continuation_07/QUARTIC_PROBE_GLOBAL_19.md,2825,bd47056504b3d951d04ffea950aab43d4f540bebdc9dd260d0e0659178789fce,True,included_text_source_or_output
continuation_07/continuation_07_k5_Bcirc.py,2757,fd8928a5641674d1f543084915d401eca0d0bf65c789e6d0f7fc66c9e9c767a8,True,included_text_source_or_output
continuation_07/continuation_07_k5_Bcirc_OUTPUT.txt,71,f5dfa622004b14a1eb2b17d210209d1d60c5db42d9df4b5031e83e53dfa69b2f,True,included_text_source_or_output
continuation_07/continuation_07_m16_root_decomp.py,3264,a653de5d602845f169014df8be90a2d39141510ccf9801f0f49adb20a58d14c9,True,included_text_source_or_output
continuation_07/continuation_07_m16_root_decomp_OUTPUT.txt,350,8fde5f9fe2507c3eedbf2fe49fe5727aa84b098a26d2c1a7cfe6a82a538115b0,True,included_text_source_or_output
continuation_07/continuation_07_m32_root_decomp.py,3210,4f94d319a306a676b4ddfcc7ec076fb5c5bf0b8fa692ac2ee53c0779ad8354cd,True,included_text_source_or_output
continuation_07/continuation_07_m32_root_decomp_OUTPUT.txt,612,8969307fe25d97184cbf30fb31ed064567b11addcd8ed933482ce78859d61b8f,True,included_text_source_or_output
continuation_07/continuation_07_m64_root_corr_OUTPUT.txt,355,24bfb279146b0391244d629a7e835fdadcc3dc7e34bba9afce52f048765390e4,True,included_text_source_or_output
continuation_07/continuation_07_mix1_Bcirc_OUTPUT.txt,60,1310809cb81d10be6c2062e22df5b7fb0e38ed19d806e80d0cd8c6775a1d215e,True,included_text_source_or_output
continuation_07/continuation_07_probe_bnb.cpp,3702,cd8376600f19674d956d841c44464ec124a2df7c755289691c201ee3bd86f78e,True,included_text_source_or_output
continuation_07/continuation_07_probe_bnb_5e-5_OUTPUT.txt,822,75aade2b3e28b59d439cdc623a46ba6ce227b988d31a0299f1c76f1597b24526,True,included_text_source_or_output
continuation_07/continuation_07_probe_bnb_fisher.cpp,3707,6752b4fddd877a11cbdd6b9401c1ad9af911f98f7765fb11c89c58e8a2288c6f,True,included_text_source_or_output
continuation_07/continuation_07_probe_bnb_fisher_OUTPUT.txt,827,7c453f366403881f532fb7e5167775513feaf5036299f45a160d3859f3b19dd6,True,included_text_source_or_output
continuation_07/continuation_07_root_variance_decomp_OUTPUT.txt,515,f912ccfd8d185627c1151f1e72f9c75db681782950ba2c24356bbe6a304091ce,True,included_text_source_or_output
continuation_07_branch_dump.py,3593,241bbeb2cd7b2944866d868f7482843f805ea4b16c2687a45d3d0e1fa1844721,True,included_text_source_or_output
continuation_07_decomp_from_dumps.py,1568,f4967a97063662a1fe19089ffdeb9256fe1e25ffc0816b6de01821186e57ca83,True,included_text_source_or_output
continuation_07_k5_Bcirc.py,2757,fd8928a5641674d1f543084915d401eca0d0bf65c789e6d0f7fc66c9e9c767a8,True,included_text_source_or_output
continuation_07_k5_Bcirc_OUTPUT.txt,71,f5dfa622004b14a1eb2b17d210209d1d60c5db42d9df4b5031e83e53dfa69b2f,True,included_text_source_or_output
continuation_07_m16_root_corr.py,3564,db310944f4aea2835b173f6a52d1b5a22dc3eb7319fa5680ba0cf16f503757d1,True,included_text_source_or_output
continuation_07_m16_root_decomp.py,3264,a653de5d602845f169014df8be90a2d39141510ccf9801f0f49adb20a58d14c9,True,included_text_source_or_output
continuation_07_m16_root_decomp_OUTPUT.txt,350,8fde5f9fe2507c3eedbf2fe49fe5727aa84b098a26d2c1a7cfe6a82a538115b0,True,included_text_source_or_output
continuation_07_m16_root_decomp_entropy.py,3370,e0508138665c0bf00463f04906f64af9ecefca13eecf8da997b6c59ad54155f7,True,included_text_source_or_output
continuation_07_m32_root_corr.py,3485,d7728652efc2de0feb268330f54a858350d517f40c670bf9c95e8740957a9e52,True,included_text_source_or_output
continuation_07_m32_root_decomp.py,3210,4f94d319a306a676b4ddfcc7ec076fb5c5bf0b8fa692ac2ee53c0779ad8354cd,True,included_text_source_or_output
continuation_07_m32_root_decomp_OUTPUT.txt,612,8969307fe25d97184cbf30fb31ed064567b11addcd8ed933482ce78859d61b8f,True,included_text_source_or_output
continuation_07_m32_root_decomp_entropy.py,3316,3a416b12ebe8d91ea379d64dae873d0ac09901bf4273754bc530ff919efce065,True,included_text_source_or_output
continuation_07_m64_root_corr.py,5620,b11633f84cd0e4e858e25f8f0dcc6f4b813c0dfb940212c9472feb299e210426,True,included_text_source_or_output
continuation_07_m64_root_corr_OUTPUT.txt,355,24bfb279146b0391244d629a7e835fdadcc3dc7e34bba9afce52f048765390e4,True,included_text_source_or_output
continuation_07_mix1_Bcirc.py,2760,1fa3aff53026e71a7e74d65ccdcc09f2d2f1f0f9deb8276c679c552a17308cc9,True,included_text_source_or_output
continuation_07_mix1_Bcirc_OUTPUT.txt,60,1310809cb81d10be6c2062e22df5b7fb0e38ed19d806e80d0cd8c6775a1d215e,True,included_text_source_or_output
continuation_07_mixed_Bcirc.py,2923,f742b6c17e4810950e848e6ae1a36da31fcdebd024ac5eb87745664e7e4fa6b7,True,included_text_source_or_output
continuation_07_mixed_Bcirc_OUTPUT.txt,134,d6b060527f735f5729e42ace8a73a14415ef1e49b2eec192c265a572be3e83db,True,included_text_source_or_output
continuation_07_probe_bnb,26648,e091341f7fbc3926ff07962f4781e93a5ca9c7ccd3955da108750024848dbace,False,excluded_binary_or_cache
continuation_07_probe_bnb.cpp,3702,cd8376600f19674d956d841c44464ec124a2df7c755289691c201ee3bd86f78e,True,included_text_source_or_output
continuation_07_probe_bnb_5e-5_OUTPUT.txt,822,75aade2b3e28b59d439cdc623a46ba6ce227b988d31a0299f1c76f1597b24526,True,included_text_source_or_output
continuation_07_probe_bnb_OUTPUT.txt,1089,8029cef206ce22464830441cda4b3dd21c7f2af9b836481c35ca9060de3ed172,True,included_text_source_or_output
continuation_07_probe_bnb_fisher,26656,5f25601efba375c6cb97f14972445437ec860a20c684a4bfb94122d5f97c7aa5,False,excluded_binary_or_cache
continuation_07_probe_bnb_fisher.cpp,3707,6752b4fddd877a11cbdd6b9401c1ad9af911f98f7765fb11c89c58e8a2288c6f,True,included_text_source_or_output
continuation_07_probe_bnb_fisher_OUTPUT.txt,827,7c453f366403881f532fb7e5167775513feaf5036299f45a160d3859f3b19dd6,True,included_text_source_or_output
continuation_07_quartic_B,41112,70aa72a69be0b3013e6dd9ab00efdcb510671b65361144a839427da2458e11f8,False,excluded_binary_or_cache
continuation_07_quartic_B.cpp,5075,126f4e0afed7c157e65b6418407c9fa0ab92f0adc9bd59f75903f1ce45311445,True,included_text_source_or_output
continuation_07_quartic_Bcirc,41160,430fe805795993e0130b830a738aeaa908516ba9b71676645e81af5fd968f255,False,excluded_binary_or_cache
continuation_07_quartic_Bcirc.cpp,5508,880597f88a3e919482f88c5d01dbec7c8f47a187c3191302430952f47ca2574f,True,included_text_source_or_output
continuation_07_quartic_Brand,41160,77f19edf6219c1e69705e23b0f251dc8f82143fec808f70b68689fbf69a8ac59,False,excluded_binary_or_cache
continuation_07_quartic_Brand.cpp,5289,0349e6f4064b65ecf6baa8dac091da81e4f3d58d7406e9a1500c954b5f77867f,True,included_text_source_or_output
continuation_07_quartic_theta,40840,4a9d810939ecd865da10869721e857e8f7835b9c41fb58ccc2fb4a30b0b465d1,False,excluded_binary_or_cache
continuation_07_quartic_theta.cpp,4955,5630bd05829f7534d491fd80258fd41f90f6890fa8fb385438cedae589ebad4d,True,included_text_source_or_output
continuation_07_root_decomp.py,4847,2425f95b81f05c0e9cecc1e52e9efb4101411eae17fef35ec0603c10a333497d,True,included_text_source_or_output
continuation_07_root_variance_decomp_OUTPUT.txt,515,f912ccfd8d185627c1151f1e72f9c75db681782950ba2c24356bbe6a304091ce,True,included_text_source_or_output
continuation_08/FINITE_N_TARGET_CORRECTION_THEOREM_21.md,5720,99c6fd1b299ab609138b416cc5edb81cb056e3741c0acd109a248daa3306d7fc,True,included_text_source_or_output
continuation_08/GEOMETRY_DEPTH_SUSCEPTIBILITY_22.md,2923,0746ad9749f301350d9fc7f3b3530250c66426c766dfe6dfe21e4c1f68df2788,True,included_text_source_or_output
continuation_08/MANIFEST.sha256,861,b6b7d6278cb104dd79b5ea2767d1a19b9aa2baa58c90c08a5cb314e8a52e915b,True,included_text_source_or_output
continuation_08/continuation_08_depth_variance.cpp,5449,acb0dfe54580cad86c804ba741b3d86286ee8ede1ba5c1900eebcd5fcf9d9a3d,True,included_text_source_or_output
continuation_08/continuation_08_quartic_Bclass.cpp,7952,128360538d42a7e737cd6b4f741c54f20e2932419cd50a6eca94755fe0468412,True,included_text_source_or_output
continuation_08/continuation_08_sequences_b.cpp,3718,fb385532b7fa1942e4d292eaf618803f54d92e15130e4d1b0b352c37439289c6,True,included_text_source_or_output
continuation_08/continuation_08_sequences_b.txt,65760,b6b9252bb43a92e8edb0d729ef0bb0e3f4e42e735f241915d832e4edf66f6253,True,included_text_source_or_output
continuation_08/depth16.txt,382,2e25dc929420232d178d693373c69deeb75332b10670c393f5b7c2ab33e3e623,True,included_text_source_or_output
continuation_08/depth32.txt,466,2a9eb33e8819bad9996f9944756f8204b9431ca0a537d89a65b69e3fddbabdf6,True,included_text_source_or_output
continuation_08/depth_variance_bin,36280,feddcd95ba5a711255a6f6c7cc39ccbd26fd005dba6d19d304f122811394641f,False,excluded_binary_or_cache
continuation_08/finiteN_B_basis_certificate.txt,552,776adb44d9987f5c390af1a2346d40c46490a60d6b77ddeffa8ae3354c816435,True,included_text_source_or_output
continuation_08_depth_variance,36280,feddcd95ba5a711255a6f6c7cc39ccbd26fd005dba6d19d304f122811394641f,False,excluded_binary_or_cache
continuation_08_depth_variance.cpp,5449,acb0dfe54580cad86c804ba741b3d86286ee8ede1ba5c1900eebcd5fcf9d9a3d,True,included_text_source_or_output
continuation_08_quartic_Bclass,57576,411d922502681dc9a7e20d374c6a2af28e59d280691b2c937abedd40e6ab2dc1,False,excluded_binary_or_cache
continuation_08_quartic_Bclass.cpp,7952,128360538d42a7e737cd6b4f741c54f20e2932419cd50a6eca94755fe0468412,True,included_text_source_or_output
continuation_08_sequences_b,31488,59e84cc80c952e5208d86a261c7a6caa00d50df6d55ce9a58e46af25993ff435,False,excluded_binary_or_cache
continuation_08_sequences_b.cpp,3718,fb385532b7fa1942e4d292eaf618803f54d92e15130e4d1b0b352c37439289c6,True,included_text_source_or_output
continuation_08_sequences_b.txt,65760,b6b9252bb43a92e8edb0d729ef0bb0e3f4e42e735f241915d832e4edf66f6253,True,included_text_source_or_output
continuation_09/GENERAL_RATE_CORRECTION_THEOREM_23.md,3772,80d827152dbb33d99dc9ccf7de8c0433651c2f8c99a8b963cff559dd67ef375c,True,included_text_source_or_output
continuation_09/MANIFEST.partial.sha256,514,546354b10787e657d2ea4da28c223876f741ec1b925df222afde5bb56e3a8349,True,included_text_source_or_output
continuation_09/MANIFEST.sha256,3863,aff716faccd3734168099e5fd2a3268c11f13539e6c03443d1ffd493d8f0f716,True,included_text_source_or_output
continuation_09/QUARTIC_PROBE_INTERVAL_CERTIFICATE_23.md,4057,7d1129f7a2b751f07d899fb74f1ca26aef3490ebd1871ab7f8a696b654b35d4b,True,included_text_source_or_output
continuation_09/fin12_m32_jet3_group,37040,ebda091f568b6dbcb1eec36acdd7f4377cbe8caae96fd9e0a075f2c02fa6e1c7,False,excluded_binary_or_cache
continuation_09/fin12_m32_jet3_group.cpp,6820,00e58c14e3f690e67f693cc5a11554dc82eb9758c4e655bbd44f3e210c71649e,True,included_text_source_or_output
continuation_09/fin8_level16_depth_dump,50496,c8e671dd35f04b0c169958dad4625f623708ee521553329753fffc83424228e5,False,excluded_binary_or_cache
continuation_09/fin8_level16_depth_dump.cpp,5354,90ce7bc3b85f25986c6538133266e205ced63fd7a65fe867c70cac5836edfd8d,True,included_text_source_or_output
continuation_09/general_rate_operator_replay.py,1401,34877eccc2e8bc617871e859974004e56ea6496ff6926cbe9e2ca27540a4fff4,True,included_text_source_or_output
continuation_09/general_rate_operator_replay_OUTPUT.txt,314,3ac541fdd96416036aa5ebb93f770c267ae6845af8fb32ee635751d5cdd52506,True,included_text_source_or_output
continuation_09/jet3_all29_b0213.err,0,e3b0c44298fc1c149afbf4c8996fb92427ae41e4649b934ca495991b7852b855,True,included_text_source_or_output
continuation_09/jet3_all29_b0213.tsv,4478,e0b828e58a3cc27d10253fc09e7cdfe0dd6f3d60ac78c38fa64f42f8070591c5,True,included_text_source_or_output
continuation_09/jet3_g1_b0216.err,11,bacd2ccc2e6e6af2c18c48bd38d2e4299bcce87ac7e996c534ad8e4ba0daf838,True,included_text_source_or_output
continuation_09/jet3_g1_b0216.tsv,3179,5c36baf00f8d1818837645116a5c27efae5f16b8268f58ddfa48b98c87e92e27,True,included_text_source_or_output
continuation_09/jet3_g2_b0216.err,11,635c0da0d461cd87ed0a4c4cc787c8d11d48cd53b3350f6c3b8cca022b59e6fe,True,included_text_source_or_output
continuation_09/jet3_g2_b0216.tsv,2945,d8b06d3154189e45bfc24523242f2cd7bc89eedf015db771d7ad769b6e27877e,True,included_text_source_or_output
continuation_09/jet3_last9_b0213.err,11,f17ff7232aca41e5a8f1aa515eb08b0f24ebf43383f9f7a7769e6d59a5832e83,True,included_text_source_or_output
continuation_09/jet3_last9_b0213.tsv,2023,363f5f1f4ef87a822a634d7369042e32c7e01ef4cd15328f1dccb41a645945ce,True,included_text_source_or_output
continuation_09/jet3_smoke.tsv,672,71e285b3a6c4c3def0153376a01d0fbb22c1df087f9d706e5d7422d38eafa92d,True,included_text_source_or_output
continuation_09/level16_depth_08245.err,285,04c85f458c50f39e952f528d457fee349f0d7aac2bcac5801e30449ae388475e,True,included_text_source_or_output
continuation_09/level16_depth_08245.txt,43180695,b39ff6079deccf18a7dd994699c7ba28be0beb25e3bbcfc3cd48b4a04ac382f6,False,excluded_large_regenerable_text
continuation_09/m64_full_depth_fft.py,6385,5a736950e4f0004aa677ea0ee266dc2235a14163d70bcc0a2458bc1203551244,True,included_text_source_or_output
continuation_09/m64_full_depth_fft_OUTPUT.txt,26,bfd29d7e51dea3f74d9a412e5b17e24b5729b751765fae2b009a54c68fc55292,True,included_text_source_or_output
continuation_09/m64_full_depth_fft_TIME.txt,56,0495dd4f2d7ae50c88304873c641283a29ce65d05fbd39d7b9ecd6522ab29172,True,included_text_source_or_output
continuation_09/probe_bnb_interval_coeffsphere.cpp,3888,1c449c97be2dda0a847383418982b7251f76889af9ae99b357dd2a9a28eb8227,True,included_text_source_or_output
continuation_09/probe_bnb_interval_coeffsphere_LOG.txt,544,a3701f65ab52a23c645e154b27bcbe598af2720774ebb5939cd4627f2e40f22e,True,included_text_source_or_output
continuation_09/probe_bnb_interval_coeffsphere_OUTPUT.txt,120,13a63975fd6d63379dd69e2339481bfa966e53433f41896ab684a1357ca9384a,True,included_text_source_or_output
continuation_09/probe_bnb_interval_fisher.cpp,3898,4a63bc54c249d854dfecb25767674fd4f13d462bac1bd09dc99cde7d9ea94dda,True,included_text_source_or_output
continuation_09/probe_bnb_interval_fisher_LOG.txt,543,bbf580da6a9a4bb69d46ebcbaf85964435aa2e1baec6afc64d03fca7f8b0dcf2,True,included_text_source_or_output
continuation_09/probe_bnb_interval_fisher_OUTPUT.txt,120,71dd516f483f47546e0366695e3d31968aabc6280cf18f03e1680b9c44485d57,True,included_text_source_or_output
continuation_09/probe_krawczyk_interval,47912,1e1ac22548579a01be436cee49024a494e9265d28c5b8825db7ab7e2329fe267,False,excluded_binary_or_cache
continuation_09/probe_krawczyk_interval.cpp,5003,16e41e68c6b46e648081a00826c28518cba128d261bc6f76f8595a4addd8850b,True,included_text_source_or_output
continuation_09/probe_krawczyk_interval_OUTPUT.txt,750,2a88254f926fa12745d8b4befcbe1713c48caad894dbb47454aabba28349d459,True,included_text_source_or_output
continuation_09/probe_localize_coeffsphere,21008,900244b327995b2845d44326a7dc5d471af9f90fda49197619e3c177cef936ed,False,excluded_binary_or_cache
continuation_09/probe_localize_coeffsphere.cpp,2980,328691393b0bc44c69af5b5d78647e321cd6b709576541d80e9de51073ef7f21,True,included_text_source_or_output
continuation_09/probe_localize_coeffsphere_OUTPUT.txt,222,6739dd99af04de6fc5a31af61112a01dd6704b5b552d7945f6dfa344b6714a1c,True,included_text_source_or_output
continuation_09/probe_localize_kkt,21432,cbf0ec0d696048d129b83b1c102d55b64adb66ed26ce24d6dab1bbbfde018aac,False,excluded_binary_or_cache
continuation_09/probe_localize_kkt.cpp,2512,f5dab5024b6215bc62da138aeeea805b0708c892bda4f8557edaa0977c9a7d4c,True,included_text_source_or_output
continuation_09/probe_localize_kkt_0.00025.txt,194,14f09a0c336a25d40a553adcada8bdff6c84fc0e97cb7756dfe88a72df4713f8,True,included_text_source_or_output
continuation_09/probe_localize_kkt_0.0005.txt,186,2788fe7e7a8dad24fff8c9a5a08afa25b92a14b4c888048a94330fe1eede71ab,True,included_text_source_or_output
continuation_09/probe_localize_kkt_OUTPUT.txt,178,9684891208b030066878b1ae7103246f186f3e5aa3e44b236d0170d95e720f4b,True,included_text_source_or_output
continuation_09/probe_localize_kkt_components,22632,30c86dca580e6bf58d4f9ce1e799e43b09bbfc32e8ed1634bd3d75145ab0746b,False,excluded_binary_or_cache
continuation_09/probe_localize_kkt_components.cpp,3068,c8e8a2fae2570c3fc3116b924117b0e20458265a4e32f0242ecadcad95e93c8c,True,included_text_source_or_output
continuation_09/probe_localize_kkt_components_OUTPUT.txt,207,67a2d6819761a1d1551c6053814118a1cd04f4bc7237da8b644a51df5e3630a0,True,included_text_source_or_output
continuation_09/probe_localize_kkt_fisher,22632,4af711f384d4c8e85310f46f9516ce6f0e3554b5b032b5c2aadaa1ff0d0bbd35,False,excluded_binary_or_cache
continuation_09/probe_localize_kkt_fisher.cpp,3077,4f95798a470e5bd9e87965f3e51e89aa4e3b7c3b197108ad2654459498eef108,True,included_text_source_or_output
continuation_09/probe_localize_kkt_fisher_OUTPUT.txt,205,413d1ac792ea5e55aeff2dafe1c1446decb75bca29bbcad561ccc38cd2ed28f6,True,included_text_source_or_output
continuation_09/quartic_probe_symbolic_coefficients.py,1066,aaaef0d60f4591d0f20c6a6103f89b5d1e0aaa1ebcd4d14657a252b50a71b054,True,included_text_source_or_output
continuation_09/quartic_probe_symbolic_coefficients_OUTPUT.txt,509,87ea35dfd2984685500f3db1aed273f374fad6b3a142059c0103cc28fb5e46e5,True,included_text_source_or_output
continuation_09/rate_first_moment_calibration.py,1011,97774e7ed333dc3e737525f7c7f3820a268d2dc9ee4a51de56c1543a0651eae3,True,included_text_source_or_output
continuation_09/rate_first_moment_calibration_OUTPUT.txt,220,8e4f1bfe0d6850194480c900514031ae98210e360229d7bae7cd8bed78b07ad9,True,included_text_source_or_output
continuation_09/robust_probe_numeric_OUTPUT.txt,0,e3b0c44298fc1c149afbf4c8996fb92427ae41e4649b934ca495991b7852b855,True,included_text_source_or_output
continuation_10/fin12_depth,37144,ed2d186619fe598596521204a53abe1f47fb90031ff6c097076f56b82da5b865,False,excluded_binary_or_cache
continuation_10/fin12_depth.cpp,7140,178db1613ae9a54ed4585a2264f997417f66d7908384c4ab46e77054830ebb1c,True,included_text_source_or_output
continuation_10/fin12_depth_group,41256,68658d47ff845537a59383a8bf22f39f1d34567b44bf795e848027623fec64e8,False,excluded_binary_or_cache
continuation_10/fin12_depth_group.cpp,7078,e983f2f30be0f9965f71bef8d753cbd11ab6256b01c3b3a43676325e6acb31fd,True,included_text_source_or_output
continuation_10/fin12_depth_group_m16_b0214_full.log,0,e3b0c44298fc1c149afbf4c8996fb92427ae41e4649b934ca495991b7852b855,True,included_text_source_or_output
continuation_10/fin12_depth_group_m16_b0214_full.tsv,3480,acaa4b2d4a86206d1990dad9378ac3dd867383c3e05a575066763306adf6303e,True,included_text_source_or_output
continuation_10/fin12_depth_group_m32_b0214.log,0,e3b0c44298fc1c149afbf4c8996fb92427ae41e4649b934ca495991b7852b855,True,included_text_source_or_output
continuation_10/fin12_depth_group_m32_b0214.tsv,1021,ba540b0c1f4f3e3ad31e33165896b0a16ea47067b5f472e4cc5a08bb3a922a98,True,included_text_source_or_output
continuation_10/fin12_depth_group_m32_b0214_full.log,0,e3b0c44298fc1c149afbf4c8996fb92427ae41e4649b934ca495991b7852b855,True,included_text_source_or_output
continuation_10/fin12_depth_group_m32_b0214_full.tsv,1000,83b160795137363b77538f2be7f054ed64df26334bc3716244d95fa76c0e4a1f,True,included_text_source_or_output
continuation_10/fin12_depth_m16_195.log,20,615fce6109a10d34c92aa3e3223765550e448341b9d8c9f82386c3df09e0b98e,True,included_text_source_or_output
continuation_10/fin12_depth_m16_195.txt,439,1eeb1fdb44f67b98f70cc1e6a30047b7106f8032b231675d3ee95cc161017e22,True,included_text_source_or_output
continuation_10/fin12_depth_m16_585.log,20,71a0e18c320b89c46f3541bcdbf1d8331af09824411e29ece0f762a812b3f64d,True,included_text_source_or_output
continuation_10/fin12_depth_m16_585.txt,430,d8a7197dcf6f5605f4c0ba993672be8e4f22c8ce1f7dfdb9eede437eff834c1e,True,included_text_source_or_output
continuation_10/fin12_depth_m16_mask15.log,20,3792ea2ac300e715367c78d75bcb47c3b86abef6eea237df37266a82b423f5fd,True,included_text_source_or_output
continuation_10/fin12_depth_m16_mask15.txt,438,52dea52f1d636a58b368e92e4e77fbea3dfb4e1905a7d70fee7a92476451668b,True,included_text_source_or_output
continuation_10/fin12_depth_m32_195.log,22,bd62dfe0b89e14e48d1d78252c7f87c8dee79cd3bc4339baa836e830ecf8e601,True,included_text_source_or_output
continuation_10/fin12_depth_m32_195.txt,477,2ddbe83b0f3c854a5e7bb7392c139dea63286d7d85ad02b82bd53125c50352ed,True,included_text_source_or_output
continuation_10/fin12_depth_m32_585.log,22,e21b672b59baee4356d333a01784035d47f53ca5648b3f746af04d044baa2833,True,included_text_source_or_output
continuation_10/fin12_depth_m32_585.txt,475,2928083eb6d1152f6be70b4e6418a2e65be0f07e272405a680a99904e0704c9c,True,included_text_source_or_output
continuation_10/fin12_depth_m32_mask15.log,22,b60ad42d04d7b9472db4051b33d123b25bc6e8d21e7d5529fb92fe66b48e7542,True,included_text_source_or_output
continuation_10/fin12_depth_m32_mask15.txt,477,6cfefb929674ea018784507f32add13ef797f3cf1a280a84d5b3db2dc3497228,True,included_text_source_or_output
continuation_10/m64_depth_fftw,65600,f3d2783e49dbd7fb85af1d87359b7d7ed10367ab20cbd4b924642b1abb61930e,False,excluded_binary_or_cache
continuation_10/m64_depth_fftw.cpp,11027,eeff4863c996d5f861ad4ada49c0a8dba7543c5fbf163c7016d01c23cdfe7ec2,True,included_text_source_or_output
continuation_10/m64_depth_fftw_LOG.txt,240,0cda2d6c944a41a4207c74812d377d1f1606572deea15c85b04711adc81a2d05,True,included_text_source_or_output
continuation_10/m64_depth_fftw_OUTPUT.txt,432,9d56589ff02e50c977702bd61837dd9fe853d0d020964738f5c01e60d57c8b5c,True,included_text_source_or_output
continuation_10/robust_Q_bnb,21136,ed7a526ddf0a95c2c1f29349b1f69facf802c3df583f1bbe3d2b6c68dcfff80d,False,excluded_binary_or_cache
continuation_10/robust_Q_bnb.cpp,2208,62399cc1fd7ef2dbe3832a051853b9d27e3cf6322461e22f0005a6291c6dffdd,True,included_text_source_or_output
continuation_10/robust_Q_bnb_2e4_LOG.txt,231,51df4880da6ef6f39c3aae5d42f88c2e1279076e0dd71894b847b4fcef0e34dc,True,included_text_source_or_output
continuation_10/robust_Q_bnb_2e4_OUTPUT.txt,28,2f97bd552f43b1b1317b65c155e7de943c9f39529e067e80b96f695d82788a04,True,included_text_source_or_output
continuation_10/robust_Q_bnb_LOG.txt,464,d8e7c477f1fda0a52e97556fdcb6ec73701d768aa846b2cbb81994f452701041,True,included_text_source_or_output
continuation_10/robust_Q_bnb_OUTPUT.txt,0,e3b0c44298fc1c149afbf4c8996fb92427ae41e4649b934ca495991b7852b855,True,included_text_source_or_output
continuation_10/robust_rho_bnb,21424,b5fbce1374b128b0ea6269aa96cf51f9fa95d95451c40d0949f663ac0dcefc7a,False,excluded_binary_or_cache
continuation_10/robust_rho_bnb.cpp,3878,c138293f6fad758b569adf512057216d63f6e43d28e8f885d79c99bc46f444b2,True,included_text_source_or_output
continuation_10/robust_rho_bnb_LOG.txt,649,2002cecab6adc2430325c70b8745d91e0953cd14f36fdf28478f184a38025fe7,True,included_text_source_or_output
continuation_10/robust_rho_bnb_OUTPUT.txt,0,e3b0c44298fc1c149afbf4c8996fb92427ae41e4649b934ca495991b7852b855,True,included_text_source_or_output
continuation_10/robust_rho_krawczyk,35016,ddfad031041c8a20c93298295b02cb4bec39f897252a8b592fcdcfcac1e1086c,False,excluded_binary_or_cache
continuation_10/robust_rho_krawczyk.cpp,5077,4a244a64a412d65d7db48e5466e8e41bbdd0d87cff2a90ecbdc911341fb287d1,True,included_text_source_or_output
continuation_10/robust_rho_krawczyk_OUTPUT.txt,561,ae395fa10d63f2a733a8122247e7022560cf7ca6a3f21dcc4ad05231611ecc4b,True,included_text_source_or_output
continuation_10/robust_rho_krawczyk_iter,34928,705ab641b9981040afc78328c65220887ebe12660e388e4e45960ee3970c8124,False,excluded_binary_or_cache
continuation_10/robust_rho_krawczyk_iter.cpp,3902,aa3389db830998be769bbf1b4656d4c80cc6e9b230e562df994f196056be5a23,True,included_text_source_or_output
continuation_10/robust_rho_krawczyk_iter_OUTPUT.txt,1702,ca858eacbc63e97f2f30f2e6e707b052e22bb79bf609f7e4427e0338ca013a6c,True,included_text_source_or_output
continuation_10/robust_rho_outside,21488,baef5b8d57a7175e7e8d4b956f954c5ead8f57f54e6d85a5b80291452f236396,False,excluded_binary_or_cache
continuation_10/robust_rho_outside.cpp,4159,8d064da2886fe3adadaa011837152cba20513aafde2791e9e511c4baf8e634bb,True,included_text_source_or_output
continuation_10/robust_rho_outside_LOG.txt,747,88e814a95a49e331bc9281b2980797337b5d22ba424aad43da3e854cb28cc262,True,included_text_source_or_output
continuation_10/robust_rho_outside_OUTPUT.txt,0,e3b0c44298fc1c149afbf4c8996fb92427ae41e4649b934ca495991b7852b855,True,included_text_source_or_output
continuation_10/robust_rho_outside_big,21496,cf2993e9814445d9ce24059eb054303266847851e016b3bbcb35d7a2ddb98487,False,excluded_binary_or_cache
continuation_10/robust_rho_outside_big.cpp,4153,e81da0b040e8d77c92ebec288f3f297a9f969ec51c12a3e4339d6f8abf253655,True,included_text_source_or_output
continuation_10/robust_rho_outside_big_LOG.txt,0,e3b0c44298fc1c149afbf4c8996fb92427ae41e4649b934ca495991b7852b855,True,included_text_source_or_output
continuation_10/robust_rho_outside_big_OUTPUT.txt,92,2f907222744ed09626fe7be58224deb38e44f91947c143239a1c48c46aaf25e4,True,included_text_source_or_output
continuation_10/robust_rho_outside_interval,39688,0a8c8fb27f2284e7fb8bbccb6a03203780c7da338fc7bcd671665506baba4bc1,False,excluded_binary_or_cache
continuation_10/robust_rho_outside_interval.cpp,3928,05f05bdc106f499de614f3637a4770d5326b329a98bb5b97ea698ffc2b786032,True,included_text_source_or_output
continuation_10/robust_rho_outside_interval_OUTPUT.txt,24,f27857a199db656baad7f378d00a0357b58011d5265c6a63444e3e12a59634c3,True,included_text_source_or_output
continuation_10/robust_rho_region,21432,d161948089cb9b94db7df84a2bc2856a2ef4932d5105fce42fdecabf2f8b89ba,False,excluded_binary_or_cache
continuation_10/robust_rho_region.cpp,3902,72c1029fd6d8329e7bc5814ff19474b34958e5c7eb3c2e3b966655a0d03fd0c1,True,included_text_source_or_output
continuation_10/robust_rho_region_LOG.txt,603,7ae158300af340a23281e952edd2be23f79a4c8fd1b88f56e99a6eaff7bcac69,True,included_text_source_or_output
continuation_10/robust_rho_region_OUTPUT.txt,0,e3b0c44298fc1c149afbf4c8996fb92427ae41e4649b934ca495991b7852b855,True,included_text_source_or_output
continuation_10/robust_rho_ring_interval,39680,651c4def104233d94102e5c3f2191d907dc5e48ab570f0b1fd76d4d11e9f27a3,False,excluded_binary_or_cache
continuation_10/robust_rho_ring_interval.cpp,4006,f6f53ce293dcb711ebd54f50dc740b9611f5dd0427cc29a31d56692b61b8c98c,True,included_text_source_or_output
continuation_10/robust_rho_ring_interval_5e4,39688,f1abe95b8ac24e36bc1fedcd6da42d0d15bdc3ad3baad2eb0d5be45423f952e5,False,excluded_binary_or_cache
continuation_10/robust_rho_ring_interval_5e4.cpp,4006,3a078d654ade10c0c3fc4aff3910e3157fee247aa6dfa416265b1233adec235f,True,included_text_source_or_output
continuation_10/robust_rho_ring_interval_5e4_OUTPUT.txt,0,e3b0c44298fc1c149afbf4c8996fb92427ae41e4649b934ca495991b7852b855,True,included_text_source_or_output
continuation_10/robust_rho_ring_interval_OUTPUT.txt,0,e3b0c44298fc1c149afbf4c8996fb92427ae41e4649b934ca495991b7852b855,True,included_text_source_or_output
continuation_10/robust_rho_ring_meanvalue,75960,00dc8eaae219dc26a81edde34c3f06edfdd8ccc45cddddd04cce62a8d0cb603b,False,excluded_binary_or_cache
continuation_10/robust_rho_ring_meanvalue.cpp,4729,983ae6774032b535b1b8c550e5d0e2a55e480209179e968895806b1c0436e7a1,True,included_text_source_or_output
continuation_10/robust_rho_ring_meanvalue_LOG.txt,0,e3b0c44298fc1c149afbf4c8996fb92427ae41e4649b934ca495991b7852b855,True,included_text_source_or_output
continuation_10/robust_rho_ring_meanvalue_OUTPUT.txt,21,e699896130ceba850641ff785ae12baad26249d491d7e04f43720e59ef71e721,True,included_text_source_or_output
continuation_10_probe_argloc,21192,7f91cc4f95cf695e3f831aa14720ced5cb462b45b0e86a9486d4da1da24449c8,False,excluded_binary_or_cache
continuation_10_probe_argloc.cpp,3262,79fd779cd718ede5b06e2ca22fc0f910e4f9d343b550d27a3d4f842b5b12f08b,True,included_text_source_or_output
continuation_10_probe_argloc_1e5.err,1376,b12b661e4aa3858c8181f1580e7aa7c92ba40b07973b04e186c61fd01a0eaddb,True,included_text_source_or_output
continuation_10_probe_argloc_1e5.txt,0,e3b0c44298fc1c149afbf4c8996fb92427ae41e4649b934ca495991b7852b855,True,included_text_source_or_output
continuation_10_region_cert,25600,be3ef813e7bd6f9a7deeace3b6d82e86541f1801df7a7abda75adf2724c16a11,False,excluded_binary_or_cache
continuation_10_region_cert.cpp,2859,bd58fabfc576ea8f66c2b3ac3e04e0da2631ea20ac9cc9e7af98adba528e6328,True,included_text_source_or_output
continuation_11/GEOMETRY_DEPTH_M64_CLOSURE_25.md,1831,bd3a0cf6a4088e57760f21f2f25a8a50d3662a43b11e49ceb36cbfb50a87d61f,True,included_text_source_or_output
continuation_11/MANIFEST.sha256,976,91830a89e066f6abc9487e8ed462d0891cbf88be0af69c98735239caa5d5ac54,True,included_text_source_or_output
continuation_11/ROBUST_QUARTIC_DRIFT_OPTIMUM_24.md,5212,de247fe4bbcccd0e9191513305902b4df14d535b13b3309fda12bbb8e65830d0,True,included_text_source_or_output
continuation_11/m64_depth_fftw.cpp,11027,eeff4863c996d5f861ad4ada49c0a8dba7543c5fbf163c7016d01c23cdfe7ec2,True,included_text_source_or_output
continuation_11/m64_depth_fftw_OUTPUT.txt,432,9d56589ff02e50c977702bd61837dd9fe853d0d020964738f5c01e60d57c8b5c,True,included_text_source_or_output
continuation_11/robust_rho_krawczyk_iter.cpp,3902,aa3389db830998be769bbf1b4656d4c80cc6e9b230e562df994f196056be5a23,True,included_text_source_or_output
continuation_11/robust_rho_krawczyk_iter_OUTPUT.txt,1702,ca858eacbc63e97f2f30f2e6e707b052e22bb79bf609f7e4427e0338ca013a6c,True,included_text_source_or_output
continuation_11/robust_rho_outside_interval.cpp,3928,05f05bdc106f499de614f3637a4770d5326b329a98bb5b97ea698ffc2b786032,True,included_text_source_or_output
continuation_11/robust_rho_outside_interval_OUTPUT.txt,24,f27857a199db656baad7f378d00a0357b58011d5265c6a63444e3e12a59634c3,True,included_text_source_or_output
continuation_11/robust_rho_ring_meanvalue.cpp,4729,983ae6774032b535b1b8c550e5d0e2a55e480209179e968895806b1c0436e7a1,True,included_text_source_or_output
continuation_11/robust_rho_ring_meanvalue_OUTPUT.txt,21,e699896130ceba850641ff785ae12baad26249d491d7e04f43720e59ef71e721,True,included_text_source_or_output
depth16.err,0,e3b0c44298fc1c149afbf4c8996fb92427ae41e4649b934ca495991b7852b855,True,included_text_source_or_output
depth16.txt,382,2e25dc929420232d178d693373c69deeb75332b10670c393f5b7c2ab33e3e623,True,included_text_source_or_output
depth32.err,0,e3b0c44298fc1c149afbf4c8996fb92427ae41e4649b934ca495991b7852b855,True,included_text_source_or_output
depth32.txt,466,2a9eb33e8819bad9996f9944756f8204b9431ca0a537d89a65b69e3fddbabdf6,True,included_text_source_or_output
optimize_quartic_probe.py,1682,551dd4213dc2112bb697ec1e8f6673cfad5e90e94fdfeab9f49a2c4cda8253e6,True,included_text_source_or_output
optimize_quartic_probe_OUTPUT.txt,2361,cac8faaf38b2d49f97298b1665253e9da0eda8bc2ee0059b4afa6ff4f67a1cc1,True,included_text_source_or_output
quartic_tensor_actual.err,466,ea786fd566b313dcad61acb238400daeef5e0331ae61bce0b340e4c9f3ddd7db,True,included_text_source_or_output
quartic_tensor_actual.txt,13069,7ee26094f769869a384ae15a0ad709a5447f6f5e90dc87a5634a5d059deb1cb2,True,included_text_source_or_output
quartic_tensor_adjoint.cpp,4782,9cf934bece08d7495f2457bbea55f3332fc07da71d35c460de9e5fcd7304e566,True,included_text_source_or_output
quartic_tensor_adjoint.py,4908,4fcf3be79114e4637008d1f730abcc500c8637807546e58ea51b7555415c1104,True,included_text_source_or_output
quartic_tensor_adjoint_OUTPUT.txt,0,e3b0c44298fc1c149afbf4c8996fb92427ae41e4649b934ca495991b7852b855,True,included_text_source_or_output
quartic_tensor_adjoint_bin,36080,3687e0dfe6a566d653aa0ec49cb9bd45c504a0f94bf5b012d546e27cf1f4f6f4,False,excluded_binary_or_cache
quartic_tensor_certificate.npz,28162,8a30731033411216d3571aaf7adeca2b2e925d91837d16d7bb80cb2cbf98436e,False,excluded_binary_or_cache
quartic_tensor_certificate.py,6931,3db0a82a46138bc69ca8292fe274d1315a92edd0869e6265669eb0051e210a14,True,included_text_source_or_output
quartic_tensor_certificate_OUTPUT.txt,0,e3b0c44298fc1c149afbf4c8996fb92427ae41e4649b934ca495991b7852b855,True,included_text_source_or_output
quartic_tensor_compare.py,2889,d28ebd586fff6009bc34ee335ad239d74d70e36b1566b15c6f71f16c62b353dc,True,included_text_source_or_output
quartic_tensor_compare_OUTPUT.txt,478,2f7f39f4dd8d0ffa8719d4d26e76538e3f8c0e96630589c1fdf4a976dc073934,True,included_text_source_or_output
quartic_tensor_sequences.cpp,3504,50862f69613ad06d4ffce7b52e8b9b777a5c7e8ccda02f4ab1724c33baf946f9,True,included_text_source_or_output
quartic_tensor_sequences.txt,56813,10f6c2c5585d4bc88afdcaa04914b4a65983ccbfc8b01f9865cf30e6812a6fce,True,included_text_source_or_output
quartic_tensor_sequences_bin,31464,8e73dd8ddab5eb7412b1efd2ce187616e4da45130e9d3183b1261e4eba2895c1,False,excluded_binary_or_cache
theta_-1.0.err,450,487c497b0ee7e9f43c1136237ad7823066f25add3a60157ab4314f9d910f17d1,True,included_text_source_or_output
theta_-1.0.txt,13079,4602f2559b6cbdc08be53d76e98091bbc742bb002ee015b2af520a9c8919b582,True,included_text_source_or_output
theta_0.5.err,451,20ef8d9ca61d854f6186ad560279dbb07b3fb0d8e02450a1887556d0e4cb6a15,True,included_text_source_or_output
theta_0.5.txt,13081,adfde54e4faa74336251d21a0b8c7b70b11647ad25d5eb4cc454a7d94363c924,True,included_text_source_or_output
theta_2.0.err,449,cc24f1224de3f7af02e219b49ac0429d23b98f69dc815cf4ca00157f4cd50890,True,included_text_source_or_output
theta_2.0.txt,13078,3f8fbac07ee0c49b85b74d09de10de60722ea120ef2039da3e220ef065fee427,True,included_text_source_or_output
