pair_id,pair,domain_id,domain,structural_score_0_4,touches_both_puzzles,shared_tags,mandatory_caveat
C01+C02,strict oscillatory-damped kernel + legacy intermediate bridge profile,D01,spectral graphs and quantum walks,1,False,finite;graph;spectral,Exact at the finite operator level; not a continuum or laboratory identification.
C01+C02,strict oscillatory-damped kernel + legacy intermediate bridge profile,D02,lattice Green functions and inverse field reconstruction,1,True,green;spectral,Exact for chosen quadratic operators; interaction and physical units are extra.
C01+C02,strict oscillatory-damped kernel + legacy intermediate bridge profile,D03,graph signal processing and wavelets,2,False,graph;nonlocal;oscillation;spectral,Strong filter analogy; it does not supply ontology or dynamics by itself.
C01+C02,strict oscillatory-damped kernel + legacy intermediate bridge profile,D04,"Kron reduction, Schur complements and multigrid",0,False,graph,Exact block algebra; closure inside the strict kernel family is separately false.
C01+C02,strict oscillatory-damped kernel + legacy intermediate bridge profile,D05,Mori-Zwanzig reduction and process tensors,0,False,,Exact reduced-memory mechanism after a declared observed/hidden split; the split is operational input.
C01+C02,strict oscillatory-damped kernel + legacy intermediate bridge profile,D06,resource theory of asymmetry,0,False,,Exact no-creation logic for symmetric free operations; no nonpremise source is obtained.
C01+C02,strict oscillatory-damped kernel + legacy intermediate bridge profile,D07,stochastic thermodynamics and feedback,0,False,information,"Requires bath, temperature, energy scale and reset ledger."
C01+C02,strict oscillatory-damped kernel + legacy intermediate bridge profile,D08,information geometry and diffusion maps,0,False,information,"Produces intrinsic dimensionless geometry, not SI length or spacetime."
C01+C02,strict oscillatory-damped kernel + legacy intermediate bridge profile,D09,noncommutative geometry and spectral action,0,False,spectral,"Spectral analogy is real; algebra, grading, real structure and scale remain additional data."
C01+C02,strict oscillatory-damped kernel + legacy intermediate bridge profile,D10,renormalization and stable fractional limits,1,True,damping;nonlocal,Possible universality language; the audited strict family is not Schur-closed.
C01+C02,strict oscillatory-damped kernel + legacy intermediate bridge profile,D11,"control, observability and process tomography",0,False,,"Operationally exact when preparations, clock and POVM are supplied."
C01+C02,strict oscillatory-damped kernel + legacy intermediate bridge profile,D12,adaptive neural operators and reservoir memory,0,False,,Mechanistic analogy; training objective and data provenance are not derived.
C01+C02,strict oscillatory-damped kernel + legacy intermediate bridge profile,D13,"topological phases, cohomology and holonomy",0,False,phase,Correct language for orientation carriers; no automatic signed section.
C01+C02,strict oscillatory-damped kernel + legacy intermediate bridge profile,D14,causal-operational quantum theory,0,False,,Clarifies interventions and records; does not choose a physical realization.
C01+C02,strict oscillatory-damped kernel + legacy intermediate bridge profile,D15,statistical field theory and random operators,0,False,spectral,Useful null ensembles and effective-action comparisons; not an equivalence theorem.
C01+C03,strict oscillatory-damped kernel + positive graph Laplacian A,D01,spectral graphs and quantum walks,3,True,finite;graph;spectral,Exact at the finite operator level; not a continuum or laboratory identification.
C01+C03,strict oscillatory-damped kernel + positive graph Laplacian A,D02,lattice Green functions and inverse field reconstruction,1,True,spectral;variational,Exact for chosen quadratic operators; interaction and physical units are extra.
C01+C03,strict oscillatory-damped kernel + positive graph Laplacian A,D03,graph signal processing and wavelets,3,True,graph;nonlocal;oscillation;spectral,Strong filter analogy; it does not supply ontology or dynamics by itself.
C01+C03,strict oscillatory-damped kernel + positive graph Laplacian A,D04,"Kron reduction, Schur complements and multigrid",1,True,graph,Exact block algebra; closure inside the strict kernel family is separately false.
C01+C03,strict oscillatory-damped kernel + positive graph Laplacian A,D05,Mori-Zwanzig reduction and process tensors,0,False,,Exact reduced-memory mechanism after a declared observed/hidden split; the split is operational input.
C01+C03,strict oscillatory-damped kernel + positive graph Laplacian A,D06,resource theory of asymmetry,0,False,,Exact no-creation logic for symmetric free operations; no nonpremise source is obtained.
C01+C03,strict oscillatory-damped kernel + positive graph Laplacian A,D07,stochastic thermodynamics and feedback,0,False,,"Requires bath, temperature, energy scale and reset ledger."
C01+C03,strict oscillatory-damped kernel + positive graph Laplacian A,D08,information geometry and diffusion maps,0,False,,"Produces intrinsic dimensionless geometry, not SI length or spacetime."
C01+C03,strict oscillatory-damped kernel + positive graph Laplacian A,D09,noncommutative geometry and spectral action,1,True,spectral;variational,"Spectral analogy is real; algebra, grading, real structure and scale remain additional data."
C01+C03,strict oscillatory-damped kernel + positive graph Laplacian A,D10,renormalization and stable fractional limits,1,False,damping;nonlocal,Possible universality language; the audited strict family is not Schur-closed.
C01+C03,strict oscillatory-damped kernel + positive graph Laplacian A,D11,"control, observability and process tomography",0,False,,"Operationally exact when preparations, clock and POVM are supplied."
C01+C03,strict oscillatory-damped kernel + positive graph Laplacian A,D12,adaptive neural operators and reservoir memory,0,False,,Mechanistic analogy; training objective and data provenance are not derived.
C01+C03,strict oscillatory-damped kernel + positive graph Laplacian A,D13,"topological phases, cohomology and holonomy",0,False,,Correct language for orientation carriers; no automatic signed section.
C01+C03,strict oscillatory-damped kernel + positive graph Laplacian A,D14,causal-operational quantum theory,0,False,,Clarifies interventions and records; does not choose a physical realization.
C01+C03,strict oscillatory-damped kernel + positive graph Laplacian A,D15,statistical field theory and random operators,1,True,spectral,Useful null ensembles and effective-action comparisons; not an equivalence theorem.
C01+C04,strict oscillatory-damped kernel + unitary/heat dual functional calculus,D01,spectral graphs and quantum walks,4,True,diffusion;dynamics;finite;graph;spectral;unitary,Exact at the finite operator level; not a continuum or laboratory identification.
C01+C04,strict oscillatory-damped kernel + unitary/heat dual functional calculus,D02,lattice Green functions and inverse field reconstruction,0,True,spectral,Exact for chosen quadratic operators; interaction and physical units are extra.
C01+C04,strict oscillatory-damped kernel + unitary/heat dual functional calculus,D03,graph signal processing and wavelets,3,True,graph;nonlocal;oscillation;spectral,Strong filter analogy; it does not supply ontology or dynamics by itself.
C01+C04,strict oscillatory-damped kernel + unitary/heat dual functional calculus,D04,"Kron reduction, Schur complements and multigrid",0,False,graph,Exact block algebra; closure inside the strict kernel family is separately false.
C01+C04,strict oscillatory-damped kernel + unitary/heat dual functional calculus,D05,Mori-Zwanzig reduction and process tensors,0,False,dynamics,Exact reduced-memory mechanism after a declared observed/hidden split; the split is operational input.
C01+C04,strict oscillatory-damped kernel + unitary/heat dual functional calculus,D06,resource theory of asymmetry,0,False,,Exact no-creation logic for symmetric free operations; no nonpremise source is obtained.
C01+C04,strict oscillatory-damped kernel + unitary/heat dual functional calculus,D07,stochastic thermodynamics and feedback,0,False,,"Requires bath, temperature, energy scale and reset ledger."
C01+C04,strict oscillatory-damped kernel + unitary/heat dual functional calculus,D08,information geometry and diffusion maps,0,False,diffusion,"Produces intrinsic dimensionless geometry, not SI length or spacetime."
C01+C04,strict oscillatory-damped kernel + unitary/heat dual functional calculus,D09,noncommutative geometry and spectral action,0,True,spectral,"Spectral analogy is real; algebra, grading, real structure and scale remain additional data."
C01+C04,strict oscillatory-damped kernel + unitary/heat dual functional calculus,D10,renormalization and stable fractional limits,1,False,damping;nonlocal,Possible universality language; the audited strict family is not Schur-closed.
C01+C04,strict oscillatory-damped kernel + unitary/heat dual functional calculus,D11,"control, observability and process tomography",0,False,,"Operationally exact when preparations, clock and POVM are supplied."
C01+C04,strict oscillatory-damped kernel + unitary/heat dual functional calculus,D12,adaptive neural operators and reservoir memory,0,False,,Mechanistic analogy; training objective and data provenance are not derived.
C01+C04,strict oscillatory-damped kernel + unitary/heat dual functional calculus,D13,"topological phases, cohomology and holonomy",0,False,,Correct language for orientation carriers; no automatic signed section.
C01+C04,strict oscillatory-damped kernel + unitary/heat dual functional calculus,D14,causal-operational quantum theory,0,False,dynamics,Clarifies interventions and records; does not choose a physical realization.
C01+C04,strict oscillatory-damped kernel + unitary/heat dual functional calculus,D15,statistical field theory and random operators,0,True,spectral,Useful null ensembles and effective-action comparisons; not an equivalence theorem.
C01+C05,strict oscillatory-damped kernel + Green/resolvent/action reconstruction,D01,spectral graphs and quantum walks,2,True,finite;graph;spectral,Exact at the finite operator level; not a continuum or laboratory identification.
C01+C05,strict oscillatory-damped kernel + Green/resolvent/action reconstruction,D02,lattice Green functions and inverse field reconstruction,4,True,field;green;inverse;resolvent;spectral;variational,Exact for chosen quadratic operators; interaction and physical units are extra.
C01+C05,strict oscillatory-damped kernel + Green/resolvent/action reconstruction,D03,graph signal processing and wavelets,3,True,graph;nonlocal;oscillation;spectral,Strong filter analogy; it does not supply ontology or dynamics by itself.
C01+C05,strict oscillatory-damped kernel + Green/resolvent/action reconstruction,D04,"Kron reduction, Schur complements and multigrid",1,True,graph;resolvent,Exact block algebra; closure inside the strict kernel family is separately false.
C01+C05,strict oscillatory-damped kernel + Green/resolvent/action reconstruction,D05,Mori-Zwanzig reduction and process tensors,0,False,resolvent,Exact reduced-memory mechanism after a declared observed/hidden split; the split is operational input.
C01+C05,strict oscillatory-damped kernel + Green/resolvent/action reconstruction,D06,resource theory of asymmetry,0,False,,Exact no-creation logic for symmetric free operations; no nonpremise source is obtained.
C01+C05,strict oscillatory-damped kernel + Green/resolvent/action reconstruction,D07,stochastic thermodynamics and feedback,0,False,,"Requires bath, temperature, energy scale and reset ledger."
C01+C05,strict oscillatory-damped kernel + Green/resolvent/action reconstruction,D08,information geometry and diffusion maps,0,False,,"Produces intrinsic dimensionless geometry, not SI length or spacetime."
C01+C05,strict oscillatory-damped kernel + Green/resolvent/action reconstruction,D09,noncommutative geometry and spectral action,1,True,spectral;variational,"Spectral analogy is real; algebra, grading, real structure and scale remain additional data."
C01+C05,strict oscillatory-damped kernel + Green/resolvent/action reconstruction,D10,renormalization and stable fractional limits,1,False,damping;nonlocal,Possible universality language; the audited strict family is not Schur-closed.
C01+C05,strict oscillatory-damped kernel + Green/resolvent/action reconstruction,D11,"control, observability and process tomography",0,False,inverse,"Operationally exact when preparations, clock and POVM are supplied."
C01+C05,strict oscillatory-damped kernel + Green/resolvent/action reconstruction,D12,adaptive neural operators and reservoir memory,0,False,,Mechanistic analogy; training objective and data provenance are not derived.
C01+C05,strict oscillatory-damped kernel + Green/resolvent/action reconstruction,D13,"topological phases, cohomology and holonomy",0,False,,Correct language for orientation carriers; no automatic signed section.
C01+C05,strict oscillatory-damped kernel + Green/resolvent/action reconstruction,D14,causal-operational quantum theory,0,False,,Clarifies interventions and records; does not choose a physical realization.
C01+C05,strict oscillatory-damped kernel + Green/resolvent/action reconstruction,D15,statistical field theory and random operators,1,True,field;spectral,Useful null ensembles and effective-action comparisons; not an equivalence theorem.
C01+C06,strict oscillatory-damped kernel + orientation cocycle and chiral receivers,D01,spectral graphs and quantum walks,1,False,finite;graph;spectral,Exact at the finite operator level; not a continuum or laboratory identification.
C01+C06,strict oscillatory-damped kernel + orientation cocycle and chiral receivers,D02,lattice Green functions and inverse field reconstruction,0,False,spectral,Exact for chosen quadratic operators; interaction and physical units are extra.
C01+C06,strict oscillatory-damped kernel + orientation cocycle and chiral receivers,D03,graph signal processing and wavelets,2,False,graph;nonlocal;oscillation;spectral,Strong filter analogy; it does not supply ontology or dynamics by itself.
C01+C06,strict oscillatory-damped kernel + orientation cocycle and chiral receivers,D04,"Kron reduction, Schur complements and multigrid",0,False,graph,Exact block algebra; closure inside the strict kernel family is separately false.
C01+C06,strict oscillatory-damped kernel + orientation cocycle and chiral receivers,D05,Mori-Zwanzig reduction and process tensors,0,False,,Exact reduced-memory mechanism after a declared observed/hidden split; the split is operational input.
C01+C06,strict oscillatory-damped kernel + orientation cocycle and chiral receivers,D06,resource theory of asymmetry,1,False,chirality;resource;symmetry,Exact no-creation logic for symmetric free operations; no nonpremise source is obtained.
C01+C06,strict oscillatory-damped kernel + orientation cocycle and chiral receivers,D07,stochastic thermodynamics and feedback,0,False,,"Requires bath, temperature, energy scale and reset ledger."
C01+C06,strict oscillatory-damped kernel + orientation cocycle and chiral receivers,D08,information geometry and diffusion maps,0,False,,"Produces intrinsic dimensionless geometry, not SI length or spacetime."
C01+C06,strict oscillatory-damped kernel + orientation cocycle and chiral receivers,D09,noncommutative geometry and spectral action,0,False,spectral,"Spectral analogy is real; algebra, grading, real structure and scale remain additional data."
C01+C06,strict oscillatory-damped kernel + orientation cocycle and chiral receivers,D10,renormalization and stable fractional limits,1,False,damping;nonlocal,Possible universality language; the audited strict family is not Schur-closed.
C01+C06,strict oscillatory-damped kernel + orientation cocycle and chiral receivers,D11,"control, observability and process tomography",0,False,,"Operationally exact when preparations, clock and POVM are supplied."
C01+C06,strict oscillatory-damped kernel + orientation cocycle and chiral receivers,D12,adaptive neural operators and reservoir memory,0,False,,Mechanistic analogy; training objective and data provenance are not derived.
C01+C06,strict oscillatory-damped kernel + orientation cocycle and chiral receivers,D13,"topological phases, cohomology and holonomy",2,False,chirality;cohomology;phase;symmetry;topology,Correct language for orientation carriers; no automatic signed section.
C01+C06,strict oscillatory-damped kernel + orientation cocycle and chiral receivers,D14,causal-operational quantum theory,0,False,,Clarifies interventions and records; does not choose a physical realization.
C01+C06,strict oscillatory-damped kernel + orientation cocycle and chiral receivers,D15,statistical field theory and random operators,0,False,spectral,Useful null ensembles and effective-action comparisons; not an equivalence theorem.
C01+C07,strict oscillatory-damped kernel + fractal Schur compression,D01,spectral graphs and quantum walks,2,True,finite;graph;spectral,Exact at the finite operator level; not a continuum or laboratory identification.
C01+C07,strict oscillatory-damped kernel + fractal Schur compression,D02,lattice Green functions and inverse field reconstruction,0,False,spectral,Exact for chosen quadratic operators; interaction and physical units are extra.
C01+C07,strict oscillatory-damped kernel + fractal Schur compression,D03,graph signal processing and wavelets,3,True,graph;multiscale;nonlocal;oscillation;spectral,Strong filter analogy; it does not supply ontology or dynamics by itself.
C01+C07,strict oscillatory-damped kernel + fractal Schur compression,D04,"Kron reduction, Schur complements and multigrid",3,True,coarse_graining;graph;multiscale;renormalization;schur,Exact block algebra; closure inside the strict kernel family is separately false.
C01+C07,strict oscillatory-damped kernel + fractal Schur compression,D05,Mori-Zwanzig reduction and process tensors,0,False,coarse_graining,Exact reduced-memory mechanism after a declared observed/hidden split; the split is operational input.
C01+C07,strict oscillatory-damped kernel + fractal Schur compression,D06,resource theory of asymmetry,0,False,,Exact no-creation logic for symmetric free operations; no nonpremise source is obtained.
C01+C07,strict oscillatory-damped kernel + fractal Schur compression,D07,stochastic thermodynamics and feedback,0,False,,"Requires bath, temperature, energy scale and reset ledger."
C01+C07,strict oscillatory-damped kernel + fractal Schur compression,D08,information geometry and diffusion maps,0,False,,"Produces intrinsic dimensionless geometry, not SI length or spacetime."
C01+C07,strict oscillatory-damped kernel + fractal Schur compression,D09,noncommutative geometry and spectral action,0,False,spectral,"Spectral analogy is real; algebra, grading, real structure and scale remain additional data."
C01+C07,strict oscillatory-damped kernel + fractal Schur compression,D10,renormalization and stable fractional limits,3,True,coarse_graining;damping;multiscale;nonlocal;renormalization,Possible universality language; the audited strict family is not Schur-closed.
C01+C07,strict oscillatory-damped kernel + fractal Schur compression,D11,"control, observability and process tomography",0,False,,"Operationally exact when preparations, clock and POVM are supplied."
C01+C07,strict oscillatory-damped kernel + fractal Schur compression,D12,adaptive neural operators and reservoir memory,0,False,,Mechanistic analogy; training objective and data provenance are not derived.
C01+C07,strict oscillatory-damped kernel + fractal Schur compression,D13,"topological phases, cohomology and holonomy",0,False,,Correct language for orientation carriers; no automatic signed section.
C01+C07,strict oscillatory-damped kernel + fractal Schur compression,D14,causal-operational quantum theory,0,False,,Clarifies interventions and records; does not choose a physical realization.
C01+C07,strict oscillatory-damped kernel + fractal Schur compression,D15,statistical field theory and random operators,0,False,spectral,Useful null ensembles and effective-action comparisons; not an equivalence theorem.
C01+C08,strict oscillatory-damped kernel + adaptive operator and memory law,D01,spectral graphs and quantum walks,1,False,finite;graph;spectral,Exact at the finite operator level; not a continuum or laboratory identification.
C01+C08,strict oscillatory-damped kernel + adaptive operator and memory law,D02,lattice Green functions and inverse field reconstruction,0,False,spectral,Exact for chosen quadratic operators; interaction and physical units are extra.
C01+C08,strict oscillatory-damped kernel + adaptive operator and memory law,D03,graph signal processing and wavelets,2,False,graph;nonlocal;oscillation;spectral,Strong filter analogy; it does not supply ontology or dynamics by itself.
C01+C08,strict oscillatory-damped kernel + adaptive operator and memory law,D04,"Kron reduction, Schur complements and multigrid",0,False,graph,Exact block algebra; closure inside the strict kernel family is separately false.
C01+C08,strict oscillatory-damped kernel + adaptive operator and memory law,D05,Mori-Zwanzig reduction and process tensors,0,False,memory,Exact reduced-memory mechanism after a declared observed/hidden split; the split is operational input.
C01+C08,strict oscillatory-damped kernel + adaptive operator and memory law,D06,resource theory of asymmetry,0,False,,Exact no-creation logic for symmetric free operations; no nonpremise source is obtained.
C01+C08,strict oscillatory-damped kernel + adaptive operator and memory law,D07,stochastic thermodynamics and feedback,0,False,feedback,"Requires bath, temperature, energy scale and reset ledger."
C01+C08,strict oscillatory-damped kernel + adaptive operator and memory law,D08,information geometry and diffusion maps,0,False,,"Produces intrinsic dimensionless geometry, not SI length or spacetime."
C01+C08,strict oscillatory-damped kernel + adaptive operator and memory law,D09,noncommutative geometry and spectral action,1,True,operator;spectral,"Spectral analogy is real; algebra, grading, real structure and scale remain additional data."
C01+C08,strict oscillatory-damped kernel + adaptive operator and memory law,D10,renormalization and stable fractional limits,1,False,damping;nonlocal,Possible universality language; the audited strict family is not Schur-closed.
C01+C08,strict oscillatory-damped kernel + adaptive operator and memory law,D11,"control, observability and process tomography",0,False,,"Operationally exact when preparations, clock and POVM are supplied."
C01+C08,strict oscillatory-damped kernel + adaptive operator and memory law,D12,adaptive neural operators and reservoir memory,3,False,adaptive;feedback;learning;memory;nonlinear;operator,Mechanistic analogy; training objective and data provenance are not derived.
C01+C08,strict oscillatory-damped kernel + adaptive operator and memory law,D13,"topological phases, cohomology and holonomy",0,False,,Correct language for orientation carriers; no automatic signed section.
C01+C08,strict oscillatory-damped kernel + adaptive operator and memory law,D14,causal-operational quantum theory,0,False,,Clarifies interventions and records; does not choose a physical realization.
C01+C08,strict oscillatory-damped kernel + adaptive operator and memory law,D15,statistical field theory and random operators,1,True,nonlinear;spectral,Useful null ensembles and effective-action comparisons; not an equivalence theorem.
C01+C09,strict oscillatory-damped kernel + information/entropy geometry,D01,spectral graphs and quantum walks,1,False,finite;graph;spectral,Exact at the finite operator level; not a continuum or laboratory identification.
C01+C09,strict oscillatory-damped kernel + information/entropy geometry,D02,lattice Green functions and inverse field reconstruction,0,False,spectral,Exact for chosen quadratic operators; interaction and physical units are extra.
C01+C09,strict oscillatory-damped kernel + information/entropy geometry,D03,graph signal processing and wavelets,2,False,graph;nonlocal;oscillation;spectral,Strong filter analogy; it does not supply ontology or dynamics by itself.
C01+C09,strict oscillatory-damped kernel + information/entropy geometry,D04,"Kron reduction, Schur complements and multigrid",0,False,graph,Exact block algebra; closure inside the strict kernel family is separately false.
C01+C09,strict oscillatory-damped kernel + information/entropy geometry,D05,Mori-Zwanzig reduction and process tensors,0,False,,Exact reduced-memory mechanism after a declared observed/hidden split; the split is operational input.
C01+C09,strict oscillatory-damped kernel + information/entropy geometry,D06,resource theory of asymmetry,0,False,,Exact no-creation logic for symmetric free operations; no nonpremise source is obtained.
C01+C09,strict oscillatory-damped kernel + information/entropy geometry,D07,stochastic thermodynamics and feedback,1,False,entropy;information,"Requires bath, temperature, energy scale and reset ledger."
C01+C09,strict oscillatory-damped kernel + information/entropy geometry,D08,information geometry and diffusion maps,2,False,geometry;inference;information;metric;probability,"Produces intrinsic dimensionless geometry, not SI length or spacetime."
C01+C09,strict oscillatory-damped kernel + information/entropy geometry,D09,noncommutative geometry and spectral action,1,True,geometry;spectral,"Spectral analogy is real; algebra, grading, real structure and scale remain additional data."
C01+C09,strict oscillatory-damped kernel + information/entropy geometry,D10,renormalization and stable fractional limits,1,False,damping;nonlocal,Possible universality language; the audited strict family is not Schur-closed.
C01+C09,strict oscillatory-damped kernel + information/entropy geometry,D11,"control, observability and process tomography",0,False,,"Operationally exact when preparations, clock and POVM are supplied."
C01+C09,strict oscillatory-damped kernel + information/entropy geometry,D12,adaptive neural operators and reservoir memory,0,False,,Mechanistic analogy; training objective and data provenance are not derived.
C01+C09,strict oscillatory-damped kernel + information/entropy geometry,D13,"topological phases, cohomology and holonomy",0,False,geometry,Correct language for orientation carriers; no automatic signed section.
C01+C09,strict oscillatory-damped kernel + information/entropy geometry,D14,causal-operational quantum theory,0,False,,Clarifies interventions and records; does not choose a physical realization.
C01+C09,strict oscillatory-damped kernel + information/entropy geometry,D15,statistical field theory and random operators,2,True,entropy;probability;spectral,Useful null ensembles and effective-action comparisons; not an equivalence theorem.
C01+C10,strict oscillatory-damped kernel + operational process tuple,D01,spectral graphs and quantum walks,1,False,finite;graph;spectral,Exact at the finite operator level; not a continuum or laboratory identification.
C01+C10,strict oscillatory-damped kernel + operational process tuple,D02,lattice Green functions and inverse field reconstruction,0,False,spectral,Exact for chosen quadratic operators; interaction and physical units are extra.
C01+C10,strict oscillatory-damped kernel + operational process tuple,D03,graph signal processing and wavelets,2,False,graph;nonlocal;oscillation;spectral,Strong filter analogy; it does not supply ontology or dynamics by itself.
C01+C10,strict oscillatory-damped kernel + operational process tuple,D04,"Kron reduction, Schur complements and multigrid",0,False,graph,Exact block algebra; closure inside the strict kernel family is separately false.
C01+C10,strict oscillatory-damped kernel + operational process tuple,D05,Mori-Zwanzig reduction and process tensors,1,False,environment;process,Exact reduced-memory mechanism after a declared observed/hidden split; the split is operational input.
C01+C10,strict oscillatory-damped kernel + operational process tuple,D06,resource theory of asymmetry,0,False,measurement,Exact no-creation logic for symmetric free operations; no nonpremise source is obtained.
C01+C10,strict oscillatory-damped kernel + operational process tuple,D07,stochastic thermodynamics and feedback,1,False,environment;measurement,"Requires bath, temperature, energy scale and reset ledger."
C01+C10,strict oscillatory-damped kernel + operational process tuple,D08,information geometry and diffusion maps,0,False,,"Produces intrinsic dimensionless geometry, not SI length or spacetime."
C01+C10,strict oscillatory-damped kernel + operational process tuple,D09,noncommutative geometry and spectral action,0,False,spectral,"Spectral analogy is real; algebra, grading, real structure and scale remain additional data."
C01+C10,strict oscillatory-damped kernel + operational process tuple,D10,renormalization and stable fractional limits,1,False,damping;nonlocal,Possible universality language; the audited strict family is not Schur-closed.
C01+C10,strict oscillatory-damped kernel + operational process tuple,D11,"control, observability and process tomography",2,False,instrument;measurement;process;record,"Operationally exact when preparations, clock and POVM are supplied."
C01+C10,strict oscillatory-damped kernel + operational process tuple,D12,adaptive neural operators and reservoir memory,0,False,,Mechanistic analogy; training objective and data provenance are not derived.
C01+C10,strict oscillatory-damped kernel + operational process tuple,D13,"topological phases, cohomology and holonomy",0,False,,Correct language for orientation carriers; no automatic signed section.
C01+C10,strict oscillatory-damped kernel + operational process tuple,D14,causal-operational quantum theory,2,False,environment;instrument;measurement;observer;process,Clarifies interventions and records; does not choose a physical realization.
C01+C10,strict oscillatory-damped kernel + operational process tuple,D15,statistical field theory and random operators,0,False,spectral,Useful null ensembles and effective-action comparisons; not an equivalence theorem.
C01+C11,strict oscillatory-damped kernel + dimensional-scale obstruction,D01,spectral graphs and quantum walks,1,False,finite;graph;spectral,Exact at the finite operator level; not a continuum or laboratory identification.
C01+C11,strict oscillatory-damped kernel + dimensional-scale obstruction,D02,lattice Green functions and inverse field reconstruction,0,False,spectral,Exact for chosen quadratic operators; interaction and physical units are extra.
C01+C11,strict oscillatory-damped kernel + dimensional-scale obstruction,D03,graph signal processing and wavelets,2,False,graph;nonlocal;oscillation;spectral,Strong filter analogy; it does not supply ontology or dynamics by itself.
C01+C11,strict oscillatory-damped kernel + dimensional-scale obstruction,D04,"Kron reduction, Schur complements and multigrid",0,False,graph,Exact block algebra; closure inside the strict kernel family is separately false.
C01+C11,strict oscillatory-damped kernel + dimensional-scale obstruction,D05,Mori-Zwanzig reduction and process tensors,0,False,,Exact reduced-memory mechanism after a declared observed/hidden split; the split is operational input.
C01+C11,strict oscillatory-damped kernel + dimensional-scale obstruction,D06,resource theory of asymmetry,0,False,no_go,Exact no-creation logic for symmetric free operations; no nonpremise source is obtained.
C01+C11,strict oscillatory-damped kernel + dimensional-scale obstruction,D07,stochastic thermodynamics and feedback,0,False,units,"Requires bath, temperature, energy scale and reset ledger."
C01+C11,strict oscillatory-damped kernel + dimensional-scale obstruction,D08,information geometry and diffusion maps,0,False,,"Produces intrinsic dimensionless geometry, not SI length or spacetime."
C01+C11,strict oscillatory-damped kernel + dimensional-scale obstruction,D09,noncommutative geometry and spectral action,1,True,dimensions;spectral,"Spectral analogy is real; algebra, grading, real structure and scale remain additional data."
C01+C11,strict oscillatory-damped kernel + dimensional-scale obstruction,D10,renormalization and stable fractional limits,2,True,damping;nonlocal;scale,Possible universality language; the audited strict family is not Schur-closed.
C01+C11,strict oscillatory-damped kernel + dimensional-scale obstruction,D11,"control, observability and process tomography",0,False,calibration,"Operationally exact when preparations, clock and POVM are supplied."
C01+C11,strict oscillatory-damped kernel + dimensional-scale obstruction,D12,adaptive neural operators and reservoir memory,0,False,,Mechanistic analogy; training objective and data provenance are not derived.
C01+C11,strict oscillatory-damped kernel + dimensional-scale obstruction,D13,"topological phases, cohomology and holonomy",0,False,,Correct language for orientation carriers; no automatic signed section.
C01+C11,strict oscillatory-damped kernel + dimensional-scale obstruction,D14,causal-operational quantum theory,0,False,,Clarifies interventions and records; does not choose a physical realization.
C01+C11,strict oscillatory-damped kernel + dimensional-scale obstruction,D15,statistical field theory and random operators,1,True,scale;spectral,Useful null ensembles and effective-action comparisons; not an equivalence theorem.
C01+C12,strict oscillatory-damped kernel + selector/source obstruction,D01,spectral graphs and quantum walks,1,False,finite;graph;spectral,Exact at the finite operator level; not a continuum or laboratory identification.
C01+C12,strict oscillatory-damped kernel + selector/source obstruction,D02,lattice Green functions and inverse field reconstruction,0,False,spectral,Exact for chosen quadratic operators; interaction and physical units are extra.
C01+C12,strict oscillatory-damped kernel + selector/source obstruction,D03,graph signal processing and wavelets,2,False,graph;nonlocal;oscillation;spectral,Strong filter analogy; it does not supply ontology or dynamics by itself.
C01+C12,strict oscillatory-damped kernel + selector/source obstruction,D04,"Kron reduction, Schur complements and multigrid",0,False,graph,Exact block algebra; closure inside the strict kernel family is separately false.
C01+C12,strict oscillatory-damped kernel + selector/source obstruction,D05,Mori-Zwanzig reduction and process tensors,0,False,,Exact reduced-memory mechanism after a declared observed/hidden split; the split is operational input.
C01+C12,strict oscillatory-damped kernel + selector/source obstruction,D06,resource theory of asymmetry,2,False,chirality;no_go;resource;selector;symmetry,Exact no-creation logic for symmetric free operations; no nonpremise source is obtained.
C01+C12,strict oscillatory-damped kernel + selector/source obstruction,D07,stochastic thermodynamics and feedback,0,False,,"Requires bath, temperature, energy scale and reset ledger."
C01+C12,strict oscillatory-damped kernel + selector/source obstruction,D08,information geometry and diffusion maps,0,False,,"Produces intrinsic dimensionless geometry, not SI length or spacetime."
C01+C12,strict oscillatory-damped kernel + selector/source obstruction,D09,noncommutative geometry and spectral action,0,False,spectral,"Spectral analogy is real; algebra, grading, real structure and scale remain additional data."
C01+C12,strict oscillatory-damped kernel + selector/source obstruction,D10,renormalization and stable fractional limits,1,False,damping;nonlocal,Possible universality language; the audited strict family is not Schur-closed.
C01+C12,strict oscillatory-damped kernel + selector/source obstruction,D11,"control, observability and process tomography",0,False,,"Operationally exact when preparations, clock and POVM are supplied."
C01+C12,strict oscillatory-damped kernel + selector/source obstruction,D12,adaptive neural operators and reservoir memory,0,False,,Mechanistic analogy; training objective and data provenance are not derived.
C01+C12,strict oscillatory-damped kernel + selector/source obstruction,D13,"topological phases, cohomology and holonomy",1,False,chirality;symmetry,Correct language for orientation carriers; no automatic signed section.
C01+C12,strict oscillatory-damped kernel + selector/source obstruction,D14,causal-operational quantum theory,0,False,,Clarifies interventions and records; does not choose a physical realization.
C01+C12,strict oscillatory-damped kernel + selector/source obstruction,D15,statistical field theory and random operators,0,False,spectral,Useful null ensembles and effective-action comparisons; not an equivalence theorem.
C02+C03,legacy intermediate bridge profile + positive graph Laplacian A,D01,spectral graphs and quantum walks,1,False,graph;spectral,Exact at the finite operator level; not a continuum or laboratory identification.
C02+C03,legacy intermediate bridge profile + positive graph Laplacian A,D02,lattice Green functions and inverse field reconstruction,2,True,green;spectral;variational,Exact for chosen quadratic operators; interaction and physical units are extra.
C02+C03,legacy intermediate bridge profile + positive graph Laplacian A,D03,graph signal processing and wavelets,1,False,graph;spectral,Strong filter analogy; it does not supply ontology or dynamics by itself.
C02+C03,legacy intermediate bridge profile + positive graph Laplacian A,D04,"Kron reduction, Schur complements and multigrid",0,False,graph,Exact block algebra; closure inside the strict kernel family is separately false.
C02+C03,legacy intermediate bridge profile + positive graph Laplacian A,D05,Mori-Zwanzig reduction and process tensors,0,False,,Exact reduced-memory mechanism after a declared observed/hidden split; the split is operational input.
C02+C03,legacy intermediate bridge profile + positive graph Laplacian A,D06,resource theory of asymmetry,0,False,,Exact no-creation logic for symmetric free operations; no nonpremise source is obtained.
C02+C03,legacy intermediate bridge profile + positive graph Laplacian A,D07,stochastic thermodynamics and feedback,0,False,information,"Requires bath, temperature, energy scale and reset ledger."
C02+C03,legacy intermediate bridge profile + positive graph Laplacian A,D08,information geometry and diffusion maps,0,False,information,"Produces intrinsic dimensionless geometry, not SI length or spacetime."
C02+C03,legacy intermediate bridge profile + positive graph Laplacian A,D09,noncommutative geometry and spectral action,1,False,spectral;variational,"Spectral analogy is real; algebra, grading, real structure and scale remain additional data."
C02+C03,legacy intermediate bridge profile + positive graph Laplacian A,D10,renormalization and stable fractional limits,0,False,damping,Possible universality language; the audited strict family is not Schur-closed.
C02+C03,legacy intermediate bridge profile + positive graph Laplacian A,D11,"control, observability and process tomography",0,False,,"Operationally exact when preparations, clock and POVM are supplied."
C02+C03,legacy intermediate bridge profile + positive graph Laplacian A,D12,adaptive neural operators and reservoir memory,0,False,,Mechanistic analogy; training objective and data provenance are not derived.
C02+C03,legacy intermediate bridge profile + positive graph Laplacian A,D13,"topological phases, cohomology and holonomy",0,False,phase,Correct language for orientation carriers; no automatic signed section.
C02+C03,legacy intermediate bridge profile + positive graph Laplacian A,D14,causal-operational quantum theory,0,False,,Clarifies interventions and records; does not choose a physical realization.
C02+C03,legacy intermediate bridge profile + positive graph Laplacian A,D15,statistical field theory and random operators,0,False,spectral,Useful null ensembles and effective-action comparisons; not an equivalence theorem.
C02+C04,legacy intermediate bridge profile + unitary/heat dual functional calculus,D01,spectral graphs and quantum walks,2,False,diffusion;dynamics;spectral;unitary,Exact at the finite operator level; not a continuum or laboratory identification.
C02+C04,legacy intermediate bridge profile + unitary/heat dual functional calculus,D02,lattice Green functions and inverse field reconstruction,1,True,green;spectral,Exact for chosen quadratic operators; interaction and physical units are extra.
C02+C04,legacy intermediate bridge profile + unitary/heat dual functional calculus,D03,graph signal processing and wavelets,0,False,spectral,Strong filter analogy; it does not supply ontology or dynamics by itself.
C02+C04,legacy intermediate bridge profile + unitary/heat dual functional calculus,D04,"Kron reduction, Schur complements and multigrid",0,False,,Exact block algebra; closure inside the strict kernel family is separately false.
C02+C04,legacy intermediate bridge profile + unitary/heat dual functional calculus,D05,Mori-Zwanzig reduction and process tensors,0,False,dynamics,Exact reduced-memory mechanism after a declared observed/hidden split; the split is operational input.
C02+C04,legacy intermediate bridge profile + unitary/heat dual functional calculus,D06,resource theory of asymmetry,0,False,,Exact no-creation logic for symmetric free operations; no nonpremise source is obtained.
C02+C04,legacy intermediate bridge profile + unitary/heat dual functional calculus,D07,stochastic thermodynamics and feedback,0,False,information,"Requires bath, temperature, energy scale and reset ledger."
C02+C04,legacy intermediate bridge profile + unitary/heat dual functional calculus,D08,information geometry and diffusion maps,1,True,diffusion;information,"Produces intrinsic dimensionless geometry, not SI length or spacetime."
C02+C04,legacy intermediate bridge profile + unitary/heat dual functional calculus,D09,noncommutative geometry and spectral action,0,False,spectral,"Spectral analogy is real; algebra, grading, real structure and scale remain additional data."
C02+C04,legacy intermediate bridge profile + unitary/heat dual functional calculus,D10,renormalization and stable fractional limits,0,False,damping,Possible universality language; the audited strict family is not Schur-closed.
C02+C04,legacy intermediate bridge profile + unitary/heat dual functional calculus,D11,"control, observability and process tomography",0,False,,"Operationally exact when preparations, clock and POVM are supplied."
C02+C04,legacy intermediate bridge profile + unitary/heat dual functional calculus,D12,adaptive neural operators and reservoir memory,0,False,,Mechanistic analogy; training objective and data provenance are not derived.
C02+C04,legacy intermediate bridge profile + unitary/heat dual functional calculus,D13,"topological phases, cohomology and holonomy",0,False,phase,Correct language for orientation carriers; no automatic signed section.
C02+C04,legacy intermediate bridge profile + unitary/heat dual functional calculus,D14,causal-operational quantum theory,0,False,dynamics,Clarifies interventions and records; does not choose a physical realization.
C02+C04,legacy intermediate bridge profile + unitary/heat dual functional calculus,D15,statistical field theory and random operators,0,False,spectral,Useful null ensembles and effective-action comparisons; not an equivalence theorem.
C02+C05,legacy intermediate bridge profile + Green/resolvent/action reconstruction,D01,spectral graphs and quantum walks,0,False,spectral,Exact at the finite operator level; not a continuum or laboratory identification.
C02+C05,legacy intermediate bridge profile + Green/resolvent/action reconstruction,D02,lattice Green functions and inverse field reconstruction,4,True,field;green;inverse;resolvent;spectral;variational,Exact for chosen quadratic operators; interaction and physical units are extra.
C02+C05,legacy intermediate bridge profile + Green/resolvent/action reconstruction,D03,graph signal processing and wavelets,0,False,spectral,Strong filter analogy; it does not supply ontology or dynamics by itself.
C02+C05,legacy intermediate bridge profile + Green/resolvent/action reconstruction,D04,"Kron reduction, Schur complements and multigrid",0,False,resolvent,Exact block algebra; closure inside the strict kernel family is separately false.
C02+C05,legacy intermediate bridge profile + Green/resolvent/action reconstruction,D05,Mori-Zwanzig reduction and process tensors,0,False,resolvent,Exact reduced-memory mechanism after a declared observed/hidden split; the split is operational input.
C02+C05,legacy intermediate bridge profile + Green/resolvent/action reconstruction,D06,resource theory of asymmetry,0,False,,Exact no-creation logic for symmetric free operations; no nonpremise source is obtained.
C02+C05,legacy intermediate bridge profile + Green/resolvent/action reconstruction,D07,stochastic thermodynamics and feedback,0,False,information,"Requires bath, temperature, energy scale and reset ledger."
C02+C05,legacy intermediate bridge profile + Green/resolvent/action reconstruction,D08,information geometry and diffusion maps,0,False,information,"Produces intrinsic dimensionless geometry, not SI length or spacetime."
C02+C05,legacy intermediate bridge profile + Green/resolvent/action reconstruction,D09,noncommutative geometry and spectral action,1,False,spectral;variational,"Spectral analogy is real; algebra, grading, real structure and scale remain additional data."
C02+C05,legacy intermediate bridge profile + Green/resolvent/action reconstruction,D10,renormalization and stable fractional limits,0,False,damping,Possible universality language; the audited strict family is not Schur-closed.
C02+C05,legacy intermediate bridge profile + Green/resolvent/action reconstruction,D11,"control, observability and process tomography",0,False,inverse,"Operationally exact when preparations, clock and POVM are supplied."
C02+C05,legacy intermediate bridge profile + Green/resolvent/action reconstruction,D12,adaptive neural operators and reservoir memory,0,False,,Mechanistic analogy; training objective and data provenance are not derived.
C02+C05,legacy intermediate bridge profile + Green/resolvent/action reconstruction,D13,"topological phases, cohomology and holonomy",0,False,phase,Correct language for orientation carriers; no automatic signed section.
C02+C05,legacy intermediate bridge profile + Green/resolvent/action reconstruction,D14,causal-operational quantum theory,0,False,,Clarifies interventions and records; does not choose a physical realization.
C02+C05,legacy intermediate bridge profile + Green/resolvent/action reconstruction,D15,statistical field theory and random operators,1,False,field;spectral,Useful null ensembles and effective-action comparisons; not an equivalence theorem.
C02+C06,legacy intermediate bridge profile + orientation cocycle and chiral receivers,D01,spectral graphs and quantum walks,0,False,,Exact at the finite operator level; not a continuum or laboratory identification.
C02+C06,legacy intermediate bridge profile + orientation cocycle and chiral receivers,D02,lattice Green functions and inverse field reconstruction,0,False,green,Exact for chosen quadratic operators; interaction and physical units are extra.
C02+C06,legacy intermediate bridge profile + orientation cocycle and chiral receivers,D03,graph signal processing and wavelets,0,False,,Strong filter analogy; it does not supply ontology or dynamics by itself.
C02+C06,legacy intermediate bridge profile + orientation cocycle and chiral receivers,D04,"Kron reduction, Schur complements and multigrid",0,False,,Exact block algebra; closure inside the strict kernel family is separately false.
C02+C06,legacy intermediate bridge profile + orientation cocycle and chiral receivers,D05,Mori-Zwanzig reduction and process tensors,0,False,,Exact reduced-memory mechanism after a declared observed/hidden split; the split is operational input.
C02+C06,legacy intermediate bridge profile + orientation cocycle and chiral receivers,D06,resource theory of asymmetry,1,False,chirality;resource;symmetry,Exact no-creation logic for symmetric free operations; no nonpremise source is obtained.
C02+C06,legacy intermediate bridge profile + orientation cocycle and chiral receivers,D07,stochastic thermodynamics and feedback,0,False,information,"Requires bath, temperature, energy scale and reset ledger."
C02+C06,legacy intermediate bridge profile + orientation cocycle and chiral receivers,D08,information geometry and diffusion maps,0,False,information,"Produces intrinsic dimensionless geometry, not SI length or spacetime."
C02+C06,legacy intermediate bridge profile + orientation cocycle and chiral receivers,D09,noncommutative geometry and spectral action,0,False,,"Spectral analogy is real; algebra, grading, real structure and scale remain additional data."
C02+C06,legacy intermediate bridge profile + orientation cocycle and chiral receivers,D10,renormalization and stable fractional limits,0,False,damping,Possible universality language; the audited strict family is not Schur-closed.
C02+C06,legacy intermediate bridge profile + orientation cocycle and chiral receivers,D11,"control, observability and process tomography",0,False,,"Operationally exact when preparations, clock and POVM are supplied."
C02+C06,legacy intermediate bridge profile + orientation cocycle and chiral receivers,D12,adaptive neural operators and reservoir memory,0,False,,Mechanistic analogy; training objective and data provenance are not derived.
C02+C06,legacy intermediate bridge profile + orientation cocycle and chiral receivers,D13,"topological phases, cohomology and holonomy",3,True,chirality;cohomology;phase;symmetry;topology,Correct language for orientation carriers; no automatic signed section.
C02+C06,legacy intermediate bridge profile + orientation cocycle and chiral receivers,D14,causal-operational quantum theory,0,False,,Clarifies interventions and records; does not choose a physical realization.
C02+C06,legacy intermediate bridge profile + orientation cocycle and chiral receivers,D15,statistical field theory and random operators,0,False,,Useful null ensembles and effective-action comparisons; not an equivalence theorem.
C02+C07,legacy intermediate bridge profile + fractal Schur compression,D01,spectral graphs and quantum walks,0,False,graph,Exact at the finite operator level; not a continuum or laboratory identification.
C02+C07,legacy intermediate bridge profile + fractal Schur compression,D02,lattice Green functions and inverse field reconstruction,0,False,green,Exact for chosen quadratic operators; interaction and physical units are extra.
C02+C07,legacy intermediate bridge profile + fractal Schur compression,D03,graph signal processing and wavelets,1,False,graph;multiscale,Strong filter analogy; it does not supply ontology or dynamics by itself.
C02+C07,legacy intermediate bridge profile + fractal Schur compression,D04,"Kron reduction, Schur complements and multigrid",2,False,coarse_graining;graph;multiscale;renormalization;schur,Exact block algebra; closure inside the strict kernel family is separately false.
C02+C07,legacy intermediate bridge profile + fractal Schur compression,D05,Mori-Zwanzig reduction and process tensors,0,False,coarse_graining,Exact reduced-memory mechanism after a declared observed/hidden split; the split is operational input.
C02+C07,legacy intermediate bridge profile + fractal Schur compression,D06,resource theory of asymmetry,0,False,,Exact no-creation logic for symmetric free operations; no nonpremise source is obtained.
C02+C07,legacy intermediate bridge profile + fractal Schur compression,D07,stochastic thermodynamics and feedback,0,False,information,"Requires bath, temperature, energy scale and reset ledger."
C02+C07,legacy intermediate bridge profile + fractal Schur compression,D08,information geometry and diffusion maps,0,False,information,"Produces intrinsic dimensionless geometry, not SI length or spacetime."
C02+C07,legacy intermediate bridge profile + fractal Schur compression,D09,noncommutative geometry and spectral action,0,False,,"Spectral analogy is real; algebra, grading, real structure and scale remain additional data."
C02+C07,legacy intermediate bridge profile + fractal Schur compression,D10,renormalization and stable fractional limits,3,True,coarse_graining;damping;multiscale;renormalization,Possible universality language; the audited strict family is not Schur-closed.
C02+C07,legacy intermediate bridge profile + fractal Schur compression,D11,"control, observability and process tomography",0,False,,"Operationally exact when preparations, clock and POVM are supplied."
C02+C07,legacy intermediate bridge profile + fractal Schur compression,D12,adaptive neural operators and reservoir memory,0,False,,Mechanistic analogy; training objective and data provenance are not derived.
C02+C07,legacy intermediate bridge profile + fractal Schur compression,D13,"topological phases, cohomology and holonomy",0,False,phase,Correct language for orientation carriers; no automatic signed section.
C02+C07,legacy intermediate bridge profile + fractal Schur compression,D14,causal-operational quantum theory,0,False,,Clarifies interventions and records; does not choose a physical realization.
C02+C07,legacy intermediate bridge profile + fractal Schur compression,D15,statistical field theory and random operators,0,False,,Useful null ensembles and effective-action comparisons; not an equivalence theorem.
C02+C08,legacy intermediate bridge profile + adaptive operator and memory law,D01,spectral graphs and quantum walks,0,False,,Exact at the finite operator level; not a continuum or laboratory identification.
C02+C08,legacy intermediate bridge profile + adaptive operator and memory law,D02,lattice Green functions and inverse field reconstruction,0,False,green,Exact for chosen quadratic operators; interaction and physical units are extra.
C02+C08,legacy intermediate bridge profile + adaptive operator and memory law,D03,graph signal processing and wavelets,0,False,,Strong filter analogy; it does not supply ontology or dynamics by itself.
C02+C08,legacy intermediate bridge profile + adaptive operator and memory law,D04,"Kron reduction, Schur complements and multigrid",0,False,,Exact block algebra; closure inside the strict kernel family is separately false.
C02+C08,legacy intermediate bridge profile + adaptive operator and memory law,D05,Mori-Zwanzig reduction and process tensors,0,False,memory,Exact reduced-memory mechanism after a declared observed/hidden split; the split is operational input.
C02+C08,legacy intermediate bridge profile + adaptive operator and memory law,D06,resource theory of asymmetry,0,False,,Exact no-creation logic for symmetric free operations; no nonpremise source is obtained.
C02+C08,legacy intermediate bridge profile + adaptive operator and memory law,D07,stochastic thermodynamics and feedback,1,True,feedback;information,"Requires bath, temperature, energy scale and reset ledger."
C02+C08,legacy intermediate bridge profile + adaptive operator and memory law,D08,information geometry and diffusion maps,0,False,information,"Produces intrinsic dimensionless geometry, not SI length or spacetime."
C02+C08,legacy intermediate bridge profile + adaptive operator and memory law,D09,noncommutative geometry and spectral action,0,False,operator,"Spectral analogy is real; algebra, grading, real structure and scale remain additional data."
C02+C08,legacy intermediate bridge profile + adaptive operator and memory law,D10,renormalization and stable fractional limits,0,False,damping,Possible universality language; the audited strict family is not Schur-closed.
C02+C08,legacy intermediate bridge profile + adaptive operator and memory law,D11,"control, observability and process tomography",0,False,,"Operationally exact when preparations, clock and POVM are supplied."
C02+C08,legacy intermediate bridge profile + adaptive operator and memory law,D12,adaptive neural operators and reservoir memory,3,False,adaptive;feedback;learning;memory;nonlinear;operator,Mechanistic analogy; training objective and data provenance are not derived.
C02+C08,legacy intermediate bridge profile + adaptive operator and memory law,D13,"topological phases, cohomology and holonomy",0,False,phase,Correct language for orientation carriers; no automatic signed section.
C02+C08,legacy intermediate bridge profile + adaptive operator and memory law,D14,causal-operational quantum theory,0,False,,Clarifies interventions and records; does not choose a physical realization.
C02+C08,legacy intermediate bridge profile + adaptive operator and memory law,D15,statistical field theory and random operators,0,False,nonlinear,Useful null ensembles and effective-action comparisons; not an equivalence theorem.
C02+C09,legacy intermediate bridge profile + information/entropy geometry,D01,spectral graphs and quantum walks,0,False,,Exact at the finite operator level; not a continuum or laboratory identification.
C02+C09,legacy intermediate bridge profile + information/entropy geometry,D02,lattice Green functions and inverse field reconstruction,0,False,green,Exact for chosen quadratic operators; interaction and physical units are extra.
C02+C09,legacy intermediate bridge profile + information/entropy geometry,D03,graph signal processing and wavelets,0,False,,Strong filter analogy; it does not supply ontology or dynamics by itself.
C02+C09,legacy intermediate bridge profile + information/entropy geometry,D04,"Kron reduction, Schur complements and multigrid",0,False,,Exact block algebra; closure inside the strict kernel family is separately false.
C02+C09,legacy intermediate bridge profile + information/entropy geometry,D05,Mori-Zwanzig reduction and process tensors,0,False,,Exact reduced-memory mechanism after a declared observed/hidden split; the split is operational input.
C02+C09,legacy intermediate bridge profile + information/entropy geometry,D06,resource theory of asymmetry,0,False,,Exact no-creation logic for symmetric free operations; no nonpremise source is obtained.
C02+C09,legacy intermediate bridge profile + information/entropy geometry,D07,stochastic thermodynamics and feedback,1,True,entropy;information,"Requires bath, temperature, energy scale and reset ledger."
C02+C09,legacy intermediate bridge profile + information/entropy geometry,D08,information geometry and diffusion maps,3,True,geometry;inference;information;metric;probability,"Produces intrinsic dimensionless geometry, not SI length or spacetime."
C02+C09,legacy intermediate bridge profile + information/entropy geometry,D09,noncommutative geometry and spectral action,0,False,geometry,"Spectral analogy is real; algebra, grading, real structure and scale remain additional data."
C02+C09,legacy intermediate bridge profile + information/entropy geometry,D10,renormalization and stable fractional limits,0,False,damping,Possible universality language; the audited strict family is not Schur-closed.
C02+C09,legacy intermediate bridge profile + information/entropy geometry,D11,"control, observability and process tomography",0,False,,"Operationally exact when preparations, clock and POVM are supplied."
C02+C09,legacy intermediate bridge profile + information/entropy geometry,D12,adaptive neural operators and reservoir memory,0,False,,Mechanistic analogy; training objective and data provenance are not derived.
C02+C09,legacy intermediate bridge profile + information/entropy geometry,D13,"topological phases, cohomology and holonomy",1,True,geometry;phase,Correct language for orientation carriers; no automatic signed section.
C02+C09,legacy intermediate bridge profile + information/entropy geometry,D14,causal-operational quantum theory,0,False,,Clarifies interventions and records; does not choose a physical realization.
C02+C09,legacy intermediate bridge profile + information/entropy geometry,D15,statistical field theory and random operators,1,False,entropy;probability,Useful null ensembles and effective-action comparisons; not an equivalence theorem.
C02+C10,legacy intermediate bridge profile + operational process tuple,D01,spectral graphs and quantum walks,0,False,,Exact at the finite operator level; not a continuum or laboratory identification.
C02+C10,legacy intermediate bridge profile + operational process tuple,D02,lattice Green functions and inverse field reconstruction,0,False,green,Exact for chosen quadratic operators; interaction and physical units are extra.
C02+C10,legacy intermediate bridge profile + operational process tuple,D03,graph signal processing and wavelets,0,False,,Strong filter analogy; it does not supply ontology or dynamics by itself.
C02+C10,legacy intermediate bridge profile + operational process tuple,D04,"Kron reduction, Schur complements and multigrid",0,False,,Exact block algebra; closure inside the strict kernel family is separately false.
C02+C10,legacy intermediate bridge profile + operational process tuple,D05,Mori-Zwanzig reduction and process tensors,1,False,environment;process,Exact reduced-memory mechanism after a declared observed/hidden split; the split is operational input.
C02+C10,legacy intermediate bridge profile + operational process tuple,D06,resource theory of asymmetry,0,False,measurement,Exact no-creation logic for symmetric free operations; no nonpremise source is obtained.
C02+C10,legacy intermediate bridge profile + operational process tuple,D07,stochastic thermodynamics and feedback,2,True,environment;information;measurement,"Requires bath, temperature, energy scale and reset ledger."
C02+C10,legacy intermediate bridge profile + operational process tuple,D08,information geometry and diffusion maps,0,False,information,"Produces intrinsic dimensionless geometry, not SI length or spacetime."
C02+C10,legacy intermediate bridge profile + operational process tuple,D09,noncommutative geometry and spectral action,0,False,,"Spectral analogy is real; algebra, grading, real structure and scale remain additional data."
C02+C10,legacy intermediate bridge profile + operational process tuple,D10,renormalization and stable fractional limits,0,False,damping,Possible universality language; the audited strict family is not Schur-closed.
C02+C10,legacy intermediate bridge profile + operational process tuple,D11,"control, observability and process tomography",2,False,instrument;measurement;process;record,"Operationally exact when preparations, clock and POVM are supplied."
C02+C10,legacy intermediate bridge profile + operational process tuple,D12,adaptive neural operators and reservoir memory,0,False,,Mechanistic analogy; training objective and data provenance are not derived.
C02+C10,legacy intermediate bridge profile + operational process tuple,D13,"topological phases, cohomology and holonomy",0,False,phase,Correct language for orientation carriers; no automatic signed section.
C02+C10,legacy intermediate bridge profile + operational process tuple,D14,causal-operational quantum theory,2,False,environment;instrument;measurement;observer;process,Clarifies interventions and records; does not choose a physical realization.
C02+C10,legacy intermediate bridge profile + operational process tuple,D15,statistical field theory and random operators,0,False,,Useful null ensembles and effective-action comparisons; not an equivalence theorem.
C02+C11,legacy intermediate bridge profile + dimensional-scale obstruction,D01,spectral graphs and quantum walks,0,False,,Exact at the finite operator level; not a continuum or laboratory identification.
C02+C11,legacy intermediate bridge profile + dimensional-scale obstruction,D02,lattice Green functions and inverse field reconstruction,0,False,green,Exact for chosen quadratic operators; interaction and physical units are extra.
C02+C11,legacy intermediate bridge profile + dimensional-scale obstruction,D03,graph signal processing and wavelets,0,False,,Strong filter analogy; it does not supply ontology or dynamics by itself.
C02+C11,legacy intermediate bridge profile + dimensional-scale obstruction,D04,"Kron reduction, Schur complements and multigrid",0,False,,Exact block algebra; closure inside the strict kernel family is separately false.
C02+C11,legacy intermediate bridge profile + dimensional-scale obstruction,D05,Mori-Zwanzig reduction and process tensors,0,False,,Exact reduced-memory mechanism after a declared observed/hidden split; the split is operational input.
C02+C11,legacy intermediate bridge profile + dimensional-scale obstruction,D06,resource theory of asymmetry,0,False,no_go,Exact no-creation logic for symmetric free operations; no nonpremise source is obtained.
C02+C11,legacy intermediate bridge profile + dimensional-scale obstruction,D07,stochastic thermodynamics and feedback,1,True,information;units,"Requires bath, temperature, energy scale and reset ledger."
C02+C11,legacy intermediate bridge profile + dimensional-scale obstruction,D08,information geometry and diffusion maps,0,False,information,"Produces intrinsic dimensionless geometry, not SI length or spacetime."
C02+C11,legacy intermediate bridge profile + dimensional-scale obstruction,D09,noncommutative geometry and spectral action,0,False,dimensions,"Spectral analogy is real; algebra, grading, real structure and scale remain additional data."
C02+C11,legacy intermediate bridge profile + dimensional-scale obstruction,D10,renormalization and stable fractional limits,1,True,damping;scale,Possible universality language; the audited strict family is not Schur-closed.
C02+C11,legacy intermediate bridge profile + dimensional-scale obstruction,D11,"control, observability and process tomography",0,False,calibration,"Operationally exact when preparations, clock and POVM are supplied."
C02+C11,legacy intermediate bridge profile + dimensional-scale obstruction,D12,adaptive neural operators and reservoir memory,0,False,,Mechanistic analogy; training objective and data provenance are not derived.
C02+C11,legacy intermediate bridge profile + dimensional-scale obstruction,D13,"topological phases, cohomology and holonomy",0,False,phase,Correct language for orientation carriers; no automatic signed section.
C02+C11,legacy intermediate bridge profile + dimensional-scale obstruction,D14,causal-operational quantum theory,0,False,,Clarifies interventions and records; does not choose a physical realization.
C02+C11,legacy intermediate bridge profile + dimensional-scale obstruction,D15,statistical field theory and random operators,0,False,scale,Useful null ensembles and effective-action comparisons; not an equivalence theorem.
C02+C12,legacy intermediate bridge profile + selector/source obstruction,D01,spectral graphs and quantum walks,0,False,,Exact at the finite operator level; not a continuum or laboratory identification.
C02+C12,legacy intermediate bridge profile + selector/source obstruction,D02,lattice Green functions and inverse field reconstruction,0,False,green,Exact for chosen quadratic operators; interaction and physical units are extra.
C02+C12,legacy intermediate bridge profile + selector/source obstruction,D03,graph signal processing and wavelets,0,False,,Strong filter analogy; it does not supply ontology or dynamics by itself.
C02+C12,legacy intermediate bridge profile + selector/source obstruction,D04,"Kron reduction, Schur complements and multigrid",0,False,,Exact block algebra; closure inside the strict kernel family is separately false.
C02+C12,legacy intermediate bridge profile + selector/source obstruction,D05,Mori-Zwanzig reduction and process tensors,0,False,,Exact reduced-memory mechanism after a declared observed/hidden split; the split is operational input.
C02+C12,legacy intermediate bridge profile + selector/source obstruction,D06,resource theory of asymmetry,2,False,chirality;no_go;resource;selector;symmetry,Exact no-creation logic for symmetric free operations; no nonpremise source is obtained.
C02+C12,legacy intermediate bridge profile + selector/source obstruction,D07,stochastic thermodynamics and feedback,0,False,information,"Requires bath, temperature, energy scale and reset ledger."
C02+C12,legacy intermediate bridge profile + selector/source obstruction,D08,information geometry and diffusion maps,0,False,information,"Produces intrinsic dimensionless geometry, not SI length or spacetime."
C02+C12,legacy intermediate bridge profile + selector/source obstruction,D09,noncommutative geometry and spectral action,0,False,,"Spectral analogy is real; algebra, grading, real structure and scale remain additional data."
C02+C12,legacy intermediate bridge profile + selector/source obstruction,D10,renormalization and stable fractional limits,0,False,damping,Possible universality language; the audited strict family is not Schur-closed.
C02+C12,legacy intermediate bridge profile + selector/source obstruction,D11,"control, observability and process tomography",0,False,,"Operationally exact when preparations, clock and POVM are supplied."
C02+C12,legacy intermediate bridge profile + selector/source obstruction,D12,adaptive neural operators and reservoir memory,0,False,,Mechanistic analogy; training objective and data provenance are not derived.
C02+C12,legacy intermediate bridge profile + selector/source obstruction,D13,"topological phases, cohomology and holonomy",2,True,chirality;phase;symmetry,Correct language for orientation carriers; no automatic signed section.
C02+C12,legacy intermediate bridge profile + selector/source obstruction,D14,causal-operational quantum theory,0,False,,Clarifies interventions and records; does not choose a physical realization.
C02+C12,legacy intermediate bridge profile + selector/source obstruction,D15,statistical field theory and random operators,0,False,,Useful null ensembles and effective-action comparisons; not an equivalence theorem.
C03+C04,positive graph Laplacian A + unitary/heat dual functional calculus,D01,spectral graphs and quantum walks,4,True,diffusion;dynamics;graph;spectral;unitary,Exact at the finite operator level; not a continuum or laboratory identification.
C03+C04,positive graph Laplacian A + unitary/heat dual functional calculus,D02,lattice Green functions and inverse field reconstruction,1,True,spectral;variational,Exact for chosen quadratic operators; interaction and physical units are extra.
C03+C04,positive graph Laplacian A + unitary/heat dual functional calculus,D03,graph signal processing and wavelets,1,True,graph;spectral,Strong filter analogy; it does not supply ontology or dynamics by itself.
C03+C04,positive graph Laplacian A + unitary/heat dual functional calculus,D04,"Kron reduction, Schur complements and multigrid",1,False,graph,Exact block algebra; closure inside the strict kernel family is separately false.
C03+C04,positive graph Laplacian A + unitary/heat dual functional calculus,D05,Mori-Zwanzig reduction and process tensors,1,False,dynamics,Exact reduced-memory mechanism after a declared observed/hidden split; the split is operational input.
C03+C04,positive graph Laplacian A + unitary/heat dual functional calculus,D06,resource theory of asymmetry,0,False,,Exact no-creation logic for symmetric free operations; no nonpremise source is obtained.
C03+C04,positive graph Laplacian A + unitary/heat dual functional calculus,D07,stochastic thermodynamics and feedback,0,False,,"Requires bath, temperature, energy scale and reset ledger."
C03+C04,positive graph Laplacian A + unitary/heat dual functional calculus,D08,information geometry and diffusion maps,1,False,diffusion,"Produces intrinsic dimensionless geometry, not SI length or spacetime."
C03+C04,positive graph Laplacian A + unitary/heat dual functional calculus,D09,noncommutative geometry and spectral action,1,True,spectral;variational,"Spectral analogy is real; algebra, grading, real structure and scale remain additional data."
C03+C04,positive graph Laplacian A + unitary/heat dual functional calculus,D10,renormalization and stable fractional limits,0,False,,Possible universality language; the audited strict family is not Schur-closed.
C03+C04,positive graph Laplacian A + unitary/heat dual functional calculus,D11,"control, observability and process tomography",0,False,,"Operationally exact when preparations, clock and POVM are supplied."
C03+C04,positive graph Laplacian A + unitary/heat dual functional calculus,D12,adaptive neural operators and reservoir memory,0,False,,Mechanistic analogy; training objective and data provenance are not derived.
C03+C04,positive graph Laplacian A + unitary/heat dual functional calculus,D13,"topological phases, cohomology and holonomy",0,False,,Correct language for orientation carriers; no automatic signed section.
C03+C04,positive graph Laplacian A + unitary/heat dual functional calculus,D14,causal-operational quantum theory,1,False,dynamics,Clarifies interventions and records; does not choose a physical realization.
C03+C04,positive graph Laplacian A + unitary/heat dual functional calculus,D15,statistical field theory and random operators,1,True,spectral,Useful null ensembles and effective-action comparisons; not an equivalence theorem.
C03+C05,positive graph Laplacian A + Green/resolvent/action reconstruction,D01,spectral graphs and quantum walks,1,True,graph;spectral,Exact at the finite operator level; not a continuum or laboratory identification.
C03+C05,positive graph Laplacian A + Green/resolvent/action reconstruction,D02,lattice Green functions and inverse field reconstruction,4,True,field;green;inverse;resolvent;spectral;variational,Exact for chosen quadratic operators; interaction and physical units are extra.
C03+C05,positive graph Laplacian A + Green/resolvent/action reconstruction,D03,graph signal processing and wavelets,1,True,graph;spectral,Strong filter analogy; it does not supply ontology or dynamics by itself.
C03+C05,positive graph Laplacian A + Green/resolvent/action reconstruction,D04,"Kron reduction, Schur complements and multigrid",1,True,graph;resolvent,Exact block algebra; closure inside the strict kernel family is separately false.
C03+C05,positive graph Laplacian A + Green/resolvent/action reconstruction,D05,Mori-Zwanzig reduction and process tensors,1,False,resolvent,Exact reduced-memory mechanism after a declared observed/hidden split; the split is operational input.
C03+C05,positive graph Laplacian A + Green/resolvent/action reconstruction,D06,resource theory of asymmetry,0,False,,Exact no-creation logic for symmetric free operations; no nonpremise source is obtained.
C03+C05,positive graph Laplacian A + Green/resolvent/action reconstruction,D07,stochastic thermodynamics and feedback,0,False,,"Requires bath, temperature, energy scale and reset ledger."
C03+C05,positive graph Laplacian A + Green/resolvent/action reconstruction,D08,information geometry and diffusion maps,0,False,,"Produces intrinsic dimensionless geometry, not SI length or spacetime."
C03+C05,positive graph Laplacian A + Green/resolvent/action reconstruction,D09,noncommutative geometry and spectral action,1,True,spectral;variational,"Spectral analogy is real; algebra, grading, real structure and scale remain additional data."
C03+C05,positive graph Laplacian A + Green/resolvent/action reconstruction,D10,renormalization and stable fractional limits,0,False,,Possible universality language; the audited strict family is not Schur-closed.
C03+C05,positive graph Laplacian A + Green/resolvent/action reconstruction,D11,"control, observability and process tomography",1,False,inverse,"Operationally exact when preparations, clock and POVM are supplied."
C03+C05,positive graph Laplacian A + Green/resolvent/action reconstruction,D12,adaptive neural operators and reservoir memory,0,False,,Mechanistic analogy; training objective and data provenance are not derived.
C03+C05,positive graph Laplacian A + Green/resolvent/action reconstruction,D13,"topological phases, cohomology and holonomy",0,False,,Correct language for orientation carriers; no automatic signed section.
C03+C05,positive graph Laplacian A + Green/resolvent/action reconstruction,D14,causal-operational quantum theory,0,False,,Clarifies interventions and records; does not choose a physical realization.
C03+C05,positive graph Laplacian A + Green/resolvent/action reconstruction,D15,statistical field theory and random operators,1,True,field;spectral,Useful null ensembles and effective-action comparisons; not an equivalence theorem.
C03+C06,positive graph Laplacian A + orientation cocycle and chiral receivers,D01,spectral graphs and quantum walks,1,False,graph;spectral,Exact at the finite operator level; not a continuum or laboratory identification.
C03+C06,positive graph Laplacian A + orientation cocycle and chiral receivers,D02,lattice Green functions and inverse field reconstruction,1,False,spectral;variational,Exact for chosen quadratic operators; interaction and physical units are extra.
C03+C06,positive graph Laplacian A + orientation cocycle and chiral receivers,D03,graph signal processing and wavelets,1,False,graph;spectral,Strong filter analogy; it does not supply ontology or dynamics by itself.
C03+C06,positive graph Laplacian A + orientation cocycle and chiral receivers,D04,"Kron reduction, Schur complements and multigrid",0,False,graph,Exact block algebra; closure inside the strict kernel family is separately false.
C03+C06,positive graph Laplacian A + orientation cocycle and chiral receivers,D05,Mori-Zwanzig reduction and process tensors,0,False,,Exact reduced-memory mechanism after a declared observed/hidden split; the split is operational input.
C03+C06,positive graph Laplacian A + orientation cocycle and chiral receivers,D06,resource theory of asymmetry,1,False,chirality;resource;symmetry,Exact no-creation logic for symmetric free operations; no nonpremise source is obtained.
C03+C06,positive graph Laplacian A + orientation cocycle and chiral receivers,D07,stochastic thermodynamics and feedback,0,False,,"Requires bath, temperature, energy scale and reset ledger."
C03+C06,positive graph Laplacian A + orientation cocycle and chiral receivers,D08,information geometry and diffusion maps,0,False,,"Produces intrinsic dimensionless geometry, not SI length or spacetime."
C03+C06,positive graph Laplacian A + orientation cocycle and chiral receivers,D09,noncommutative geometry and spectral action,1,False,spectral;variational,"Spectral analogy is real; algebra, grading, real structure and scale remain additional data."
C03+C06,positive graph Laplacian A + orientation cocycle and chiral receivers,D10,renormalization and stable fractional limits,0,False,,Possible universality language; the audited strict family is not Schur-closed.
C03+C06,positive graph Laplacian A + orientation cocycle and chiral receivers,D11,"control, observability and process tomography",0,False,,"Operationally exact when preparations, clock and POVM are supplied."
C03+C06,positive graph Laplacian A + orientation cocycle and chiral receivers,D12,adaptive neural operators and reservoir memory,0,False,,Mechanistic analogy; training objective and data provenance are not derived.
C03+C06,positive graph Laplacian A + orientation cocycle and chiral receivers,D13,"topological phases, cohomology and holonomy",2,False,chirality;cohomology;phase;symmetry;topology,Correct language for orientation carriers; no automatic signed section.
C03+C06,positive graph Laplacian A + orientation cocycle and chiral receivers,D14,causal-operational quantum theory,0,False,,Clarifies interventions and records; does not choose a physical realization.
C03+C06,positive graph Laplacian A + orientation cocycle and chiral receivers,D15,statistical field theory and random operators,0,False,spectral,Useful null ensembles and effective-action comparisons; not an equivalence theorem.
C03+C07,positive graph Laplacian A + fractal Schur compression,D01,spectral graphs and quantum walks,1,True,graph;spectral,Exact at the finite operator level; not a continuum or laboratory identification.
C03+C07,positive graph Laplacian A + fractal Schur compression,D02,lattice Green functions and inverse field reconstruction,1,False,spectral;variational,Exact for chosen quadratic operators; interaction and physical units are extra.
C03+C07,positive graph Laplacian A + fractal Schur compression,D03,graph signal processing and wavelets,2,True,graph;multiscale;spectral,Strong filter analogy; it does not supply ontology or dynamics by itself.
C03+C07,positive graph Laplacian A + fractal Schur compression,D04,"Kron reduction, Schur complements and multigrid",3,True,coarse_graining;graph;multiscale;renormalization;schur,Exact block algebra; closure inside the strict kernel family is separately false.
C03+C07,positive graph Laplacian A + fractal Schur compression,D05,Mori-Zwanzig reduction and process tensors,0,False,coarse_graining,Exact reduced-memory mechanism after a declared observed/hidden split; the split is operational input.
C03+C07,positive graph Laplacian A + fractal Schur compression,D06,resource theory of asymmetry,0,False,,Exact no-creation logic for symmetric free operations; no nonpremise source is obtained.
C03+C07,positive graph Laplacian A + fractal Schur compression,D07,stochastic thermodynamics and feedback,0,False,,"Requires bath, temperature, energy scale and reset ledger."
C03+C07,positive graph Laplacian A + fractal Schur compression,D08,information geometry and diffusion maps,0,False,,"Produces intrinsic dimensionless geometry, not SI length or spacetime."
C03+C07,positive graph Laplacian A + fractal Schur compression,D09,noncommutative geometry and spectral action,1,False,spectral;variational,"Spectral analogy is real; algebra, grading, real structure and scale remain additional data."
C03+C07,positive graph Laplacian A + fractal Schur compression,D10,renormalization and stable fractional limits,1,False,coarse_graining;multiscale;renormalization,Possible universality language; the audited strict family is not Schur-closed.
C03+C07,positive graph Laplacian A + fractal Schur compression,D11,"control, observability and process tomography",0,False,,"Operationally exact when preparations, clock and POVM are supplied."
C03+C07,positive graph Laplacian A + fractal Schur compression,D12,adaptive neural operators and reservoir memory,0,False,,Mechanistic analogy; training objective and data provenance are not derived.
C03+C07,positive graph Laplacian A + fractal Schur compression,D13,"topological phases, cohomology and holonomy",0,False,,Correct language for orientation carriers; no automatic signed section.
C03+C07,positive graph Laplacian A + fractal Schur compression,D14,causal-operational quantum theory,0,False,,Clarifies interventions and records; does not choose a physical realization.
C03+C07,positive graph Laplacian A + fractal Schur compression,D15,statistical field theory and random operators,0,False,spectral,Useful null ensembles and effective-action comparisons; not an equivalence theorem.
C03+C08,positive graph Laplacian A + adaptive operator and memory law,D01,spectral graphs and quantum walks,1,False,graph;spectral,Exact at the finite operator level; not a continuum or laboratory identification.
C03+C08,positive graph Laplacian A + adaptive operator and memory law,D02,lattice Green functions and inverse field reconstruction,1,False,spectral;variational,Exact for chosen quadratic operators; interaction and physical units are extra.
C03+C08,positive graph Laplacian A + adaptive operator and memory law,D03,graph signal processing and wavelets,1,False,graph;spectral,Strong filter analogy; it does not supply ontology or dynamics by itself.
C03+C08,positive graph Laplacian A + adaptive operator and memory law,D04,"Kron reduction, Schur complements and multigrid",0,False,graph,Exact block algebra; closure inside the strict kernel family is separately false.
C03+C08,positive graph Laplacian A + adaptive operator and memory law,D05,Mori-Zwanzig reduction and process tensors,0,False,memory,Exact reduced-memory mechanism after a declared observed/hidden split; the split is operational input.
C03+C08,positive graph Laplacian A + adaptive operator and memory law,D06,resource theory of asymmetry,0,False,,Exact no-creation logic for symmetric free operations; no nonpremise source is obtained.
C03+C08,positive graph Laplacian A + adaptive operator and memory law,D07,stochastic thermodynamics and feedback,0,False,feedback,"Requires bath, temperature, energy scale and reset ledger."
C03+C08,positive graph Laplacian A + adaptive operator and memory law,D08,information geometry and diffusion maps,0,False,,"Produces intrinsic dimensionless geometry, not SI length or spacetime."
C03+C08,positive graph Laplacian A + adaptive operator and memory law,D09,noncommutative geometry and spectral action,2,True,operator;spectral;variational,"Spectral analogy is real; algebra, grading, real structure and scale remain additional data."
C03+C08,positive graph Laplacian A + adaptive operator and memory law,D10,renormalization and stable fractional limits,0,False,,Possible universality language; the audited strict family is not Schur-closed.
C03+C08,positive graph Laplacian A + adaptive operator and memory law,D11,"control, observability and process tomography",0,False,,"Operationally exact when preparations, clock and POVM are supplied."
C03+C08,positive graph Laplacian A + adaptive operator and memory law,D12,adaptive neural operators and reservoir memory,3,False,adaptive;feedback;learning;memory;nonlinear;operator,Mechanistic analogy; training objective and data provenance are not derived.
C03+C08,positive graph Laplacian A + adaptive operator and memory law,D13,"topological phases, cohomology and holonomy",0,False,,Correct language for orientation carriers; no automatic signed section.
C03+C08,positive graph Laplacian A + adaptive operator and memory law,D14,causal-operational quantum theory,0,False,,Clarifies interventions and records; does not choose a physical realization.
C03+C08,positive graph Laplacian A + adaptive operator and memory law,D15,statistical field theory and random operators,1,True,nonlinear;spectral,Useful null ensembles and effective-action comparisons; not an equivalence theorem.
C03+C09,positive graph Laplacian A + information/entropy geometry,D01,spectral graphs and quantum walks,1,False,graph;spectral,Exact at the finite operator level; not a continuum or laboratory identification.
C03+C09,positive graph Laplacian A + information/entropy geometry,D02,lattice Green functions and inverse field reconstruction,1,False,spectral;variational,Exact for chosen quadratic operators; interaction and physical units are extra.
C03+C09,positive graph Laplacian A + information/entropy geometry,D03,graph signal processing and wavelets,1,False,graph;spectral,Strong filter analogy; it does not supply ontology or dynamics by itself.
C03+C09,positive graph Laplacian A + information/entropy geometry,D04,"Kron reduction, Schur complements and multigrid",0,False,graph,Exact block algebra; closure inside the strict kernel family is separately false.
C03+C09,positive graph Laplacian A + information/entropy geometry,D05,Mori-Zwanzig reduction and process tensors,0,False,,Exact reduced-memory mechanism after a declared observed/hidden split; the split is operational input.
C03+C09,positive graph Laplacian A + information/entropy geometry,D06,resource theory of asymmetry,0,False,,Exact no-creation logic for symmetric free operations; no nonpremise source is obtained.
C03+C09,positive graph Laplacian A + information/entropy geometry,D07,stochastic thermodynamics and feedback,1,False,entropy;information,"Requires bath, temperature, energy scale and reset ledger."
C03+C09,positive graph Laplacian A + information/entropy geometry,D08,information geometry and diffusion maps,2,False,geometry;inference;information;metric;probability,"Produces intrinsic dimensionless geometry, not SI length or spacetime."
C03+C09,positive graph Laplacian A + information/entropy geometry,D09,noncommutative geometry and spectral action,2,True,geometry;spectral;variational,"Spectral analogy is real; algebra, grading, real structure and scale remain additional data."
C03+C09,positive graph Laplacian A + information/entropy geometry,D10,renormalization and stable fractional limits,0,False,,Possible universality language; the audited strict family is not Schur-closed.
C03+C09,positive graph Laplacian A + information/entropy geometry,D11,"control, observability and process tomography",0,False,,"Operationally exact when preparations, clock and POVM are supplied."
C03+C09,positive graph Laplacian A + information/entropy geometry,D12,adaptive neural operators and reservoir memory,0,False,,Mechanistic analogy; training objective and data provenance are not derived.
C03+C09,positive graph Laplacian A + information/entropy geometry,D13,"topological phases, cohomology and holonomy",0,False,geometry,Correct language for orientation carriers; no automatic signed section.
C03+C09,positive graph Laplacian A + information/entropy geometry,D14,causal-operational quantum theory,0,False,,Clarifies interventions and records; does not choose a physical realization.
C03+C09,positive graph Laplacian A + information/entropy geometry,D15,statistical field theory and random operators,2,True,entropy;probability;spectral,Useful null ensembles and effective-action comparisons; not an equivalence theorem.
C03+C10,positive graph Laplacian A + operational process tuple,D01,spectral graphs and quantum walks,1,False,graph;spectral,Exact at the finite operator level; not a continuum or laboratory identification.
C03+C10,positive graph Laplacian A + operational process tuple,D02,lattice Green functions and inverse field reconstruction,1,False,spectral;variational,Exact for chosen quadratic operators; interaction and physical units are extra.
C03+C10,positive graph Laplacian A + operational process tuple,D03,graph signal processing and wavelets,1,False,graph;spectral,Strong filter analogy; it does not supply ontology or dynamics by itself.
C03+C10,positive graph Laplacian A + operational process tuple,D04,"Kron reduction, Schur complements and multigrid",0,False,graph,Exact block algebra; closure inside the strict kernel family is separately false.
C03+C10,positive graph Laplacian A + operational process tuple,D05,Mori-Zwanzig reduction and process tensors,1,False,environment;process,Exact reduced-memory mechanism after a declared observed/hidden split; the split is operational input.
C03+C10,positive graph Laplacian A + operational process tuple,D06,resource theory of asymmetry,0,False,measurement,Exact no-creation logic for symmetric free operations; no nonpremise source is obtained.
C03+C10,positive graph Laplacian A + operational process tuple,D07,stochastic thermodynamics and feedback,1,False,environment;measurement,"Requires bath, temperature, energy scale and reset ledger."
C03+C10,positive graph Laplacian A + operational process tuple,D08,information geometry and diffusion maps,0,False,,"Produces intrinsic dimensionless geometry, not SI length or spacetime."
C03+C10,positive graph Laplacian A + operational process tuple,D09,noncommutative geometry and spectral action,1,False,spectral;variational,"Spectral analogy is real; algebra, grading, real structure and scale remain additional data."
C03+C10,positive graph Laplacian A + operational process tuple,D10,renormalization and stable fractional limits,0,False,,Possible universality language; the audited strict family is not Schur-closed.
C03+C10,positive graph Laplacian A + operational process tuple,D11,"control, observability and process tomography",2,False,instrument;measurement;process;record,"Operationally exact when preparations, clock and POVM are supplied."
C03+C10,positive graph Laplacian A + operational process tuple,D12,adaptive neural operators and reservoir memory,0,False,,Mechanistic analogy; training objective and data provenance are not derived.
C03+C10,positive graph Laplacian A + operational process tuple,D13,"topological phases, cohomology and holonomy",0,False,,Correct language for orientation carriers; no automatic signed section.
C03+C10,positive graph Laplacian A + operational process tuple,D14,causal-operational quantum theory,2,False,environment;instrument;measurement;observer;process,Clarifies interventions and records; does not choose a physical realization.
C03+C10,positive graph Laplacian A + operational process tuple,D15,statistical field theory and random operators,0,False,spectral,Useful null ensembles and effective-action comparisons; not an equivalence theorem.
C03+C11,positive graph Laplacian A + dimensional-scale obstruction,D01,spectral graphs and quantum walks,1,False,graph;spectral,Exact at the finite operator level; not a continuum or laboratory identification.
C03+C11,positive graph Laplacian A + dimensional-scale obstruction,D02,lattice Green functions and inverse field reconstruction,1,False,spectral;variational,Exact for chosen quadratic operators; interaction and physical units are extra.
C03+C11,positive graph Laplacian A + dimensional-scale obstruction,D03,graph signal processing and wavelets,1,False,graph;spectral,Strong filter analogy; it does not supply ontology or dynamics by itself.
C03+C11,positive graph Laplacian A + dimensional-scale obstruction,D04,"Kron reduction, Schur complements and multigrid",0,False,graph,Exact block algebra; closure inside the strict kernel family is separately false.
C03+C11,positive graph Laplacian A + dimensional-scale obstruction,D05,Mori-Zwanzig reduction and process tensors,0,False,,Exact reduced-memory mechanism after a declared observed/hidden split; the split is operational input.
C03+C11,positive graph Laplacian A + dimensional-scale obstruction,D06,resource theory of asymmetry,0,False,no_go,Exact no-creation logic for symmetric free operations; no nonpremise source is obtained.
C03+C11,positive graph Laplacian A + dimensional-scale obstruction,D07,stochastic thermodynamics and feedback,0,False,units,"Requires bath, temperature, energy scale and reset ledger."
C03+C11,positive graph Laplacian A + dimensional-scale obstruction,D08,information geometry and diffusion maps,0,False,,"Produces intrinsic dimensionless geometry, not SI length or spacetime."
C03+C11,positive graph Laplacian A + dimensional-scale obstruction,D09,noncommutative geometry and spectral action,2,True,dimensions;spectral;variational,"Spectral analogy is real; algebra, grading, real structure and scale remain additional data."
C03+C11,positive graph Laplacian A + dimensional-scale obstruction,D10,renormalization and stable fractional limits,0,False,scale,Possible universality language; the audited strict family is not Schur-closed.
C03+C11,positive graph Laplacian A + dimensional-scale obstruction,D11,"control, observability and process tomography",0,False,calibration,"Operationally exact when preparations, clock and POVM are supplied."
C03+C11,positive graph Laplacian A + dimensional-scale obstruction,D12,adaptive neural operators and reservoir memory,0,False,,Mechanistic analogy; training objective and data provenance are not derived.
C03+C11,positive graph Laplacian A + dimensional-scale obstruction,D13,"topological phases, cohomology and holonomy",0,False,,Correct language for orientation carriers; no automatic signed section.
C03+C11,positive graph Laplacian A + dimensional-scale obstruction,D14,causal-operational quantum theory,0,False,,Clarifies interventions and records; does not choose a physical realization.
C03+C11,positive graph Laplacian A + dimensional-scale obstruction,D15,statistical field theory and random operators,1,True,scale;spectral,Useful null ensembles and effective-action comparisons; not an equivalence theorem.
C03+C12,positive graph Laplacian A + selector/source obstruction,D01,spectral graphs and quantum walks,1,False,graph;spectral,Exact at the finite operator level; not a continuum or laboratory identification.
C03+C12,positive graph Laplacian A + selector/source obstruction,D02,lattice Green functions and inverse field reconstruction,1,False,spectral;variational,Exact for chosen quadratic operators; interaction and physical units are extra.
C03+C12,positive graph Laplacian A + selector/source obstruction,D03,graph signal processing and wavelets,1,False,graph;spectral,Strong filter analogy; it does not supply ontology or dynamics by itself.
C03+C12,positive graph Laplacian A + selector/source obstruction,D04,"Kron reduction, Schur complements and multigrid",0,False,graph,Exact block algebra; closure inside the strict kernel family is separately false.
C03+C12,positive graph Laplacian A + selector/source obstruction,D05,Mori-Zwanzig reduction and process tensors,0,False,,Exact reduced-memory mechanism after a declared observed/hidden split; the split is operational input.
C03+C12,positive graph Laplacian A + selector/source obstruction,D06,resource theory of asymmetry,2,False,chirality;no_go;resource;selector;symmetry,Exact no-creation logic for symmetric free operations; no nonpremise source is obtained.
C03+C12,positive graph Laplacian A + selector/source obstruction,D07,stochastic thermodynamics and feedback,0,False,,"Requires bath, temperature, energy scale and reset ledger."
C03+C12,positive graph Laplacian A + selector/source obstruction,D08,information geometry and diffusion maps,0,False,,"Produces intrinsic dimensionless geometry, not SI length or spacetime."
C03+C12,positive graph Laplacian A + selector/source obstruction,D09,noncommutative geometry and spectral action,1,False,spectral;variational,"Spectral analogy is real; algebra, grading, real structure and scale remain additional data."
C03+C12,positive graph Laplacian A + selector/source obstruction,D10,renormalization and stable fractional limits,0,False,,Possible universality language; the audited strict family is not Schur-closed.
C03+C12,positive graph Laplacian A + selector/source obstruction,D11,"control, observability and process tomography",0,False,,"Operationally exact when preparations, clock and POVM are supplied."
C03+C12,positive graph Laplacian A + selector/source obstruction,D12,adaptive neural operators and reservoir memory,0,False,,Mechanistic analogy; training objective and data provenance are not derived.
C03+C12,positive graph Laplacian A + selector/source obstruction,D13,"topological phases, cohomology and holonomy",1,False,chirality;symmetry,Correct language for orientation carriers; no automatic signed section.
C03+C12,positive graph Laplacian A + selector/source obstruction,D14,causal-operational quantum theory,0,False,,Clarifies interventions and records; does not choose a physical realization.
C03+C12,positive graph Laplacian A + selector/source obstruction,D15,statistical field theory and random operators,0,False,spectral,Useful null ensembles and effective-action comparisons; not an equivalence theorem.
C04+C05,unitary/heat dual functional calculus + Green/resolvent/action reconstruction,D01,spectral graphs and quantum walks,3,True,diffusion;dynamics;spectral;unitary,Exact at the finite operator level; not a continuum or laboratory identification.
C04+C05,unitary/heat dual functional calculus + Green/resolvent/action reconstruction,D02,lattice Green functions and inverse field reconstruction,4,True,field;green;inverse;resolvent;spectral;variational,Exact for chosen quadratic operators; interaction and physical units are extra.
C04+C05,unitary/heat dual functional calculus + Green/resolvent/action reconstruction,D03,graph signal processing and wavelets,0,True,spectral,Strong filter analogy; it does not supply ontology or dynamics by itself.
C04+C05,unitary/heat dual functional calculus + Green/resolvent/action reconstruction,D04,"Kron reduction, Schur complements and multigrid",0,False,resolvent,Exact block algebra; closure inside the strict kernel family is separately false.
C04+C05,unitary/heat dual functional calculus + Green/resolvent/action reconstruction,D05,Mori-Zwanzig reduction and process tensors,1,True,dynamics;resolvent,Exact reduced-memory mechanism after a declared observed/hidden split; the split is operational input.
C04+C05,unitary/heat dual functional calculus + Green/resolvent/action reconstruction,D06,resource theory of asymmetry,0,False,,Exact no-creation logic for symmetric free operations; no nonpremise source is obtained.
C04+C05,unitary/heat dual functional calculus + Green/resolvent/action reconstruction,D07,stochastic thermodynamics and feedback,0,False,,"Requires bath, temperature, energy scale and reset ledger."
C04+C05,unitary/heat dual functional calculus + Green/resolvent/action reconstruction,D08,information geometry and diffusion maps,0,False,diffusion,"Produces intrinsic dimensionless geometry, not SI length or spacetime."
C04+C05,unitary/heat dual functional calculus + Green/resolvent/action reconstruction,D09,noncommutative geometry and spectral action,1,True,spectral;variational,"Spectral analogy is real; algebra, grading, real structure and scale remain additional data."
C04+C05,unitary/heat dual functional calculus + Green/resolvent/action reconstruction,D10,renormalization and stable fractional limits,0,False,,Possible universality language; the audited strict family is not Schur-closed.
C04+C05,unitary/heat dual functional calculus + Green/resolvent/action reconstruction,D11,"control, observability and process tomography",0,False,inverse,"Operationally exact when preparations, clock and POVM are supplied."
C04+C05,unitary/heat dual functional calculus + Green/resolvent/action reconstruction,D12,adaptive neural operators and reservoir memory,0,False,,Mechanistic analogy; training objective and data provenance are not derived.
C04+C05,unitary/heat dual functional calculus + Green/resolvent/action reconstruction,D13,"topological phases, cohomology and holonomy",0,False,,Correct language for orientation carriers; no automatic signed section.
C04+C05,unitary/heat dual functional calculus + Green/resolvent/action reconstruction,D14,causal-operational quantum theory,0,False,dynamics,Clarifies interventions and records; does not choose a physical realization.
C04+C05,unitary/heat dual functional calculus + Green/resolvent/action reconstruction,D15,statistical field theory and random operators,1,True,field;spectral,Useful null ensembles and effective-action comparisons; not an equivalence theorem.
C04+C06,unitary/heat dual functional calculus + orientation cocycle and chiral receivers,D01,spectral graphs and quantum walks,2,False,diffusion;dynamics;spectral;unitary,Exact at the finite operator level; not a continuum or laboratory identification.
C04+C06,unitary/heat dual functional calculus + orientation cocycle and chiral receivers,D02,lattice Green functions and inverse field reconstruction,0,False,spectral,Exact for chosen quadratic operators; interaction and physical units are extra.
C04+C06,unitary/heat dual functional calculus + orientation cocycle and chiral receivers,D03,graph signal processing and wavelets,0,False,spectral,Strong filter analogy; it does not supply ontology or dynamics by itself.
C04+C06,unitary/heat dual functional calculus + orientation cocycle and chiral receivers,D04,"Kron reduction, Schur complements and multigrid",0,False,,Exact block algebra; closure inside the strict kernel family is separately false.
C04+C06,unitary/heat dual functional calculus + orientation cocycle and chiral receivers,D05,Mori-Zwanzig reduction and process tensors,0,False,dynamics,Exact reduced-memory mechanism after a declared observed/hidden split; the split is operational input.
C04+C06,unitary/heat dual functional calculus + orientation cocycle and chiral receivers,D06,resource theory of asymmetry,1,False,chirality;resource;symmetry,Exact no-creation logic for symmetric free operations; no nonpremise source is obtained.
C04+C06,unitary/heat dual functional calculus + orientation cocycle and chiral receivers,D07,stochastic thermodynamics and feedback,0,False,,"Requires bath, temperature, energy scale and reset ledger."
C04+C06,unitary/heat dual functional calculus + orientation cocycle and chiral receivers,D08,information geometry and diffusion maps,0,False,diffusion,"Produces intrinsic dimensionless geometry, not SI length or spacetime."
C04+C06,unitary/heat dual functional calculus + orientation cocycle and chiral receivers,D09,noncommutative geometry and spectral action,0,False,spectral,"Spectral analogy is real; algebra, grading, real structure and scale remain additional data."
C04+C06,unitary/heat dual functional calculus + orientation cocycle and chiral receivers,D10,renormalization and stable fractional limits,0,False,,Possible universality language; the audited strict family is not Schur-closed.
C04+C06,unitary/heat dual functional calculus + orientation cocycle and chiral receivers,D11,"control, observability and process tomography",0,False,,"Operationally exact when preparations, clock and POVM are supplied."
C04+C06,unitary/heat dual functional calculus + orientation cocycle and chiral receivers,D12,adaptive neural operators and reservoir memory,0,False,,Mechanistic analogy; training objective and data provenance are not derived.
C04+C06,unitary/heat dual functional calculus + orientation cocycle and chiral receivers,D13,"topological phases, cohomology and holonomy",2,False,chirality;cohomology;phase;symmetry;topology,Correct language for orientation carriers; no automatic signed section.
C04+C06,unitary/heat dual functional calculus + orientation cocycle and chiral receivers,D14,causal-operational quantum theory,0,False,dynamics,Clarifies interventions and records; does not choose a physical realization.
C04+C06,unitary/heat dual functional calculus + orientation cocycle and chiral receivers,D15,statistical field theory and random operators,0,False,spectral,Useful null ensembles and effective-action comparisons; not an equivalence theorem.
C04+C07,unitary/heat dual functional calculus + fractal Schur compression,D01,spectral graphs and quantum walks,3,True,diffusion;dynamics;graph;spectral;unitary,Exact at the finite operator level; not a continuum or laboratory identification.
C04+C07,unitary/heat dual functional calculus + fractal Schur compression,D02,lattice Green functions and inverse field reconstruction,0,False,spectral,Exact for chosen quadratic operators; interaction and physical units are extra.
C04+C07,unitary/heat dual functional calculus + fractal Schur compression,D03,graph signal processing and wavelets,2,True,graph;multiscale;spectral,Strong filter analogy; it does not supply ontology or dynamics by itself.
C04+C07,unitary/heat dual functional calculus + fractal Schur compression,D04,"Kron reduction, Schur complements and multigrid",2,False,coarse_graining;graph;multiscale;renormalization;schur,Exact block algebra; closure inside the strict kernel family is separately false.
C04+C07,unitary/heat dual functional calculus + fractal Schur compression,D05,Mori-Zwanzig reduction and process tensors,1,True,coarse_graining;dynamics,Exact reduced-memory mechanism after a declared observed/hidden split; the split is operational input.
C04+C07,unitary/heat dual functional calculus + fractal Schur compression,D06,resource theory of asymmetry,0,False,,Exact no-creation logic for symmetric free operations; no nonpremise source is obtained.
C04+C07,unitary/heat dual functional calculus + fractal Schur compression,D07,stochastic thermodynamics and feedback,0,False,,"Requires bath, temperature, energy scale and reset ledger."
C04+C07,unitary/heat dual functional calculus + fractal Schur compression,D08,information geometry and diffusion maps,0,False,diffusion,"Produces intrinsic dimensionless geometry, not SI length or spacetime."
C04+C07,unitary/heat dual functional calculus + fractal Schur compression,D09,noncommutative geometry and spectral action,0,False,spectral,"Spectral analogy is real; algebra, grading, real structure and scale remain additional data."
C04+C07,unitary/heat dual functional calculus + fractal Schur compression,D10,renormalization and stable fractional limits,1,False,coarse_graining;multiscale;renormalization,Possible universality language; the audited strict family is not Schur-closed.
C04+C07,unitary/heat dual functional calculus + fractal Schur compression,D11,"control, observability and process tomography",0,False,,"Operationally exact when preparations, clock and POVM are supplied."
C04+C07,unitary/heat dual functional calculus + fractal Schur compression,D12,adaptive neural operators and reservoir memory,0,False,,Mechanistic analogy; training objective and data provenance are not derived.
C04+C07,unitary/heat dual functional calculus + fractal Schur compression,D13,"topological phases, cohomology and holonomy",0,False,,Correct language for orientation carriers; no automatic signed section.
C04+C07,unitary/heat dual functional calculus + fractal Schur compression,D14,causal-operational quantum theory,0,False,dynamics,Clarifies interventions and records; does not choose a physical realization.
C04+C07,unitary/heat dual functional calculus + fractal Schur compression,D15,statistical field theory and random operators,0,False,spectral,Useful null ensembles and effective-action comparisons; not an equivalence theorem.
C04+C08,unitary/heat dual functional calculus + adaptive operator and memory law,D01,spectral graphs and quantum walks,2,False,diffusion;dynamics;spectral;unitary,Exact at the finite operator level; not a continuum or laboratory identification.
C04+C08,unitary/heat dual functional calculus + adaptive operator and memory law,D02,lattice Green functions and inverse field reconstruction,0,False,spectral,Exact for chosen quadratic operators; interaction and physical units are extra.
C04+C08,unitary/heat dual functional calculus + adaptive operator and memory law,D03,graph signal processing and wavelets,0,False,spectral,Strong filter analogy; it does not supply ontology or dynamics by itself.
C04+C08,unitary/heat dual functional calculus + adaptive operator and memory law,D04,"Kron reduction, Schur complements and multigrid",0,False,,Exact block algebra; closure inside the strict kernel family is separately false.
C04+C08,unitary/heat dual functional calculus + adaptive operator and memory law,D05,Mori-Zwanzig reduction and process tensors,1,True,dynamics;memory,Exact reduced-memory mechanism after a declared observed/hidden split; the split is operational input.
C04+C08,unitary/heat dual functional calculus + adaptive operator and memory law,D06,resource theory of asymmetry,0,False,,Exact no-creation logic for symmetric free operations; no nonpremise source is obtained.
C04+C08,unitary/heat dual functional calculus + adaptive operator and memory law,D07,stochastic thermodynamics and feedback,0,False,feedback,"Requires bath, temperature, energy scale and reset ledger."
C04+C08,unitary/heat dual functional calculus + adaptive operator and memory law,D08,information geometry and diffusion maps,0,False,diffusion,"Produces intrinsic dimensionless geometry, not SI length or spacetime."
C04+C08,unitary/heat dual functional calculus + adaptive operator and memory law,D09,noncommutative geometry and spectral action,1,True,operator;spectral,"Spectral analogy is real; algebra, grading, real structure and scale remain additional data."
C04+C08,unitary/heat dual functional calculus + adaptive operator and memory law,D10,renormalization and stable fractional limits,0,False,,Possible universality language; the audited strict family is not Schur-closed.
C04+C08,unitary/heat dual functional calculus + adaptive operator and memory law,D11,"control, observability and process tomography",0,False,,"Operationally exact when preparations, clock and POVM are supplied."
C04+C08,unitary/heat dual functional calculus + adaptive operator and memory law,D12,adaptive neural operators and reservoir memory,3,False,adaptive;feedback;learning;memory;nonlinear;operator,Mechanistic analogy; training objective and data provenance are not derived.
C04+C08,unitary/heat dual functional calculus + adaptive operator and memory law,D13,"topological phases, cohomology and holonomy",0,False,,Correct language for orientation carriers; no automatic signed section.
C04+C08,unitary/heat dual functional calculus + adaptive operator and memory law,D14,causal-operational quantum theory,0,False,dynamics,Clarifies interventions and records; does not choose a physical realization.
C04+C08,unitary/heat dual functional calculus + adaptive operator and memory law,D15,statistical field theory and random operators,1,True,nonlinear;spectral,Useful null ensembles and effective-action comparisons; not an equivalence theorem.
C04+C09,unitary/heat dual functional calculus + information/entropy geometry,D01,spectral graphs and quantum walks,2,False,diffusion;dynamics;spectral;unitary,Exact at the finite operator level; not a continuum or laboratory identification.
C04+C09,unitary/heat dual functional calculus + information/entropy geometry,D02,lattice Green functions and inverse field reconstruction,0,False,spectral,Exact for chosen quadratic operators; interaction and physical units are extra.
C04+C09,unitary/heat dual functional calculus + information/entropy geometry,D03,graph signal processing and wavelets,0,False,spectral,Strong filter analogy; it does not supply ontology or dynamics by itself.
C04+C09,unitary/heat dual functional calculus + information/entropy geometry,D04,"Kron reduction, Schur complements and multigrid",0,False,,Exact block algebra; closure inside the strict kernel family is separately false.
C04+C09,unitary/heat dual functional calculus + information/entropy geometry,D05,Mori-Zwanzig reduction and process tensors,0,False,dynamics,Exact reduced-memory mechanism after a declared observed/hidden split; the split is operational input.
C04+C09,unitary/heat dual functional calculus + information/entropy geometry,D06,resource theory of asymmetry,0,False,,Exact no-creation logic for symmetric free operations; no nonpremise source is obtained.
C04+C09,unitary/heat dual functional calculus + information/entropy geometry,D07,stochastic thermodynamics and feedback,1,False,entropy;information,"Requires bath, temperature, energy scale and reset ledger."
C04+C09,unitary/heat dual functional calculus + information/entropy geometry,D08,information geometry and diffusion maps,4,True,diffusion;geometry;inference;information;metric;probability,"Produces intrinsic dimensionless geometry, not SI length or spacetime."
C04+C09,unitary/heat dual functional calculus + information/entropy geometry,D09,noncommutative geometry and spectral action,1,True,geometry;spectral,"Spectral analogy is real; algebra, grading, real structure and scale remain additional data."
C04+C09,unitary/heat dual functional calculus + information/entropy geometry,D10,renormalization and stable fractional limits,0,False,,Possible universality language; the audited strict family is not Schur-closed.
C04+C09,unitary/heat dual functional calculus + information/entropy geometry,D11,"control, observability and process tomography",0,False,,"Operationally exact when preparations, clock and POVM are supplied."
C04+C09,unitary/heat dual functional calculus + information/entropy geometry,D12,adaptive neural operators and reservoir memory,0,False,,Mechanistic analogy; training objective and data provenance are not derived.
C04+C09,unitary/heat dual functional calculus + information/entropy geometry,D13,"topological phases, cohomology and holonomy",0,False,geometry,Correct language for orientation carriers; no automatic signed section.
C04+C09,unitary/heat dual functional calculus + information/entropy geometry,D14,causal-operational quantum theory,0,False,dynamics,Clarifies interventions and records; does not choose a physical realization.
C04+C09,unitary/heat dual functional calculus + information/entropy geometry,D15,statistical field theory and random operators,2,True,entropy;probability;spectral,Useful null ensembles and effective-action comparisons; not an equivalence theorem.
C04+C10,unitary/heat dual functional calculus + operational process tuple,D01,spectral graphs and quantum walks,2,False,diffusion;dynamics;spectral;unitary,Exact at the finite operator level; not a continuum or laboratory identification.
C04+C10,unitary/heat dual functional calculus + operational process tuple,D02,lattice Green functions and inverse field reconstruction,0,False,spectral,Exact for chosen quadratic operators; interaction and physical units are extra.
C04+C10,unitary/heat dual functional calculus + operational process tuple,D03,graph signal processing and wavelets,0,False,spectral,Strong filter analogy; it does not supply ontology or dynamics by itself.
C04+C10,unitary/heat dual functional calculus + operational process tuple,D04,"Kron reduction, Schur complements and multigrid",0,False,,Exact block algebra; closure inside the strict kernel family is separately false.
C04+C10,unitary/heat dual functional calculus + operational process tuple,D05,Mori-Zwanzig reduction and process tensors,2,True,dynamics;environment;process,Exact reduced-memory mechanism after a declared observed/hidden split; the split is operational input.
C04+C10,unitary/heat dual functional calculus + operational process tuple,D06,resource theory of asymmetry,0,False,measurement,Exact no-creation logic for symmetric free operations; no nonpremise source is obtained.
C04+C10,unitary/heat dual functional calculus + operational process tuple,D07,stochastic thermodynamics and feedback,1,False,environment;measurement,"Requires bath, temperature, energy scale and reset ledger."
C04+C10,unitary/heat dual functional calculus + operational process tuple,D08,information geometry and diffusion maps,0,False,diffusion,"Produces intrinsic dimensionless geometry, not SI length or spacetime."
C04+C10,unitary/heat dual functional calculus + operational process tuple,D09,noncommutative geometry and spectral action,0,False,spectral,"Spectral analogy is real; algebra, grading, real structure and scale remain additional data."
C04+C10,unitary/heat dual functional calculus + operational process tuple,D10,renormalization and stable fractional limits,0,False,,Possible universality language; the audited strict family is not Schur-closed.
C04+C10,unitary/heat dual functional calculus + operational process tuple,D11,"control, observability and process tomography",2,False,instrument;measurement;process;record,"Operationally exact when preparations, clock and POVM are supplied."
C04+C10,unitary/heat dual functional calculus + operational process tuple,D12,adaptive neural operators and reservoir memory,0,False,,Mechanistic analogy; training objective and data provenance are not derived.
C04+C10,unitary/heat dual functional calculus + operational process tuple,D13,"topological phases, cohomology and holonomy",0,False,,Correct language for orientation carriers; no automatic signed section.
C04+C10,unitary/heat dual functional calculus + operational process tuple,D14,causal-operational quantum theory,4,True,dynamics;environment;instrument;measurement;observer;process,Clarifies interventions and records; does not choose a physical realization.
C04+C10,unitary/heat dual functional calculus + operational process tuple,D15,statistical field theory and random operators,0,False,spectral,Useful null ensembles and effective-action comparisons; not an equivalence theorem.
C04+C11,unitary/heat dual functional calculus + dimensional-scale obstruction,D01,spectral graphs and quantum walks,2,False,diffusion;dynamics;spectral;unitary,Exact at the finite operator level; not a continuum or laboratory identification.
C04+C11,unitary/heat dual functional calculus + dimensional-scale obstruction,D02,lattice Green functions and inverse field reconstruction,0,False,spectral,Exact for chosen quadratic operators; interaction and physical units are extra.
C04+C11,unitary/heat dual functional calculus + dimensional-scale obstruction,D03,graph signal processing and wavelets,0,False,spectral,Strong filter analogy; it does not supply ontology or dynamics by itself.
C04+C11,unitary/heat dual functional calculus + dimensional-scale obstruction,D04,"Kron reduction, Schur complements and multigrid",0,False,,Exact block algebra; closure inside the strict kernel family is separately false.
C04+C11,unitary/heat dual functional calculus + dimensional-scale obstruction,D05,Mori-Zwanzig reduction and process tensors,0,False,dynamics,Exact reduced-memory mechanism after a declared observed/hidden split; the split is operational input.
C04+C11,unitary/heat dual functional calculus + dimensional-scale obstruction,D06,resource theory of asymmetry,0,False,no_go,Exact no-creation logic for symmetric free operations; no nonpremise source is obtained.
C04+C11,unitary/heat dual functional calculus + dimensional-scale obstruction,D07,stochastic thermodynamics and feedback,0,False,units,"Requires bath, temperature, energy scale and reset ledger."
C04+C11,unitary/heat dual functional calculus + dimensional-scale obstruction,D08,information geometry and diffusion maps,0,False,diffusion,"Produces intrinsic dimensionless geometry, not SI length or spacetime."
C04+C11,unitary/heat dual functional calculus + dimensional-scale obstruction,D09,noncommutative geometry and spectral action,1,True,dimensions;spectral,"Spectral analogy is real; algebra, grading, real structure and scale remain additional data."
C04+C11,unitary/heat dual functional calculus + dimensional-scale obstruction,D10,renormalization and stable fractional limits,0,False,scale,Possible universality language; the audited strict family is not Schur-closed.
C04+C11,unitary/heat dual functional calculus + dimensional-scale obstruction,D11,"control, observability and process tomography",0,False,calibration,"Operationally exact when preparations, clock and POVM are supplied."
C04+C11,unitary/heat dual functional calculus + dimensional-scale obstruction,D12,adaptive neural operators and reservoir memory,0,False,,Mechanistic analogy; training objective and data provenance are not derived.
C04+C11,unitary/heat dual functional calculus + dimensional-scale obstruction,D13,"topological phases, cohomology and holonomy",0,False,,Correct language for orientation carriers; no automatic signed section.
C04+C11,unitary/heat dual functional calculus + dimensional-scale obstruction,D14,causal-operational quantum theory,0,False,dynamics,Clarifies interventions and records; does not choose a physical realization.
C04+C11,unitary/heat dual functional calculus + dimensional-scale obstruction,D15,statistical field theory and random operators,1,True,scale;spectral,Useful null ensembles and effective-action comparisons; not an equivalence theorem.
C04+C12,unitary/heat dual functional calculus + selector/source obstruction,D01,spectral graphs and quantum walks,2,False,diffusion;dynamics;spectral;unitary,Exact at the finite operator level; not a continuum or laboratory identification.
C04+C12,unitary/heat dual functional calculus + selector/source obstruction,D02,lattice Green functions and inverse field reconstruction,0,False,spectral,Exact for chosen quadratic operators; interaction and physical units are extra.
C04+C12,unitary/heat dual functional calculus + selector/source obstruction,D03,graph signal processing and wavelets,0,False,spectral,Strong filter analogy; it does not supply ontology or dynamics by itself.
C04+C12,unitary/heat dual functional calculus + selector/source obstruction,D04,"Kron reduction, Schur complements and multigrid",0,False,,Exact block algebra; closure inside the strict kernel family is separately false.
C04+C12,unitary/heat dual functional calculus + selector/source obstruction,D05,Mori-Zwanzig reduction and process tensors,0,False,dynamics,Exact reduced-memory mechanism after a declared observed/hidden split; the split is operational input.
C04+C12,unitary/heat dual functional calculus + selector/source obstruction,D06,resource theory of asymmetry,2,False,chirality;no_go;resource;selector;symmetry,Exact no-creation logic for symmetric free operations; no nonpremise source is obtained.
C04+C12,unitary/heat dual functional calculus + selector/source obstruction,D07,stochastic thermodynamics and feedback,0,False,,"Requires bath, temperature, energy scale and reset ledger."
C04+C12,unitary/heat dual functional calculus + selector/source obstruction,D08,information geometry and diffusion maps,0,False,diffusion,"Produces intrinsic dimensionless geometry, not SI length or spacetime."
C04+C12,unitary/heat dual functional calculus + selector/source obstruction,D09,noncommutative geometry and spectral action,0,False,spectral,"Spectral analogy is real; algebra, grading, real structure and scale remain additional data."
C04+C12,unitary/heat dual functional calculus + selector/source obstruction,D10,renormalization and stable fractional limits,0,False,,Possible universality language; the audited strict family is not Schur-closed.
C04+C12,unitary/heat dual functional calculus + selector/source obstruction,D11,"control, observability and process tomography",0,False,,"Operationally exact when preparations, clock and POVM are supplied."
C04+C12,unitary/heat dual functional calculus + selector/source obstruction,D12,adaptive neural operators and reservoir memory,0,False,,Mechanistic analogy; training objective and data provenance are not derived.
C04+C12,unitary/heat dual functional calculus + selector/source obstruction,D13,"topological phases, cohomology and holonomy",1,False,chirality;symmetry,Correct language for orientation carriers; no automatic signed section.
C04+C12,unitary/heat dual functional calculus + selector/source obstruction,D14,causal-operational quantum theory,0,False,dynamics,Clarifies interventions and records; does not choose a physical realization.
C04+C12,unitary/heat dual functional calculus + selector/source obstruction,D15,statistical field theory and random operators,0,False,spectral,Useful null ensembles and effective-action comparisons; not an equivalence theorem.
C05+C06,Green/resolvent/action reconstruction + orientation cocycle and chiral receivers,D01,spectral graphs and quantum walks,0,False,spectral,Exact at the finite operator level; not a continuum or laboratory identification.
C05+C06,Green/resolvent/action reconstruction + orientation cocycle and chiral receivers,D02,lattice Green functions and inverse field reconstruction,3,False,field;green;inverse;resolvent;spectral;variational,Exact for chosen quadratic operators; interaction and physical units are extra.
C05+C06,Green/resolvent/action reconstruction + orientation cocycle and chiral receivers,D03,graph signal processing and wavelets,0,False,spectral,Strong filter analogy; it does not supply ontology or dynamics by itself.
C05+C06,Green/resolvent/action reconstruction + orientation cocycle and chiral receivers,D04,"Kron reduction, Schur complements and multigrid",0,False,resolvent,Exact block algebra; closure inside the strict kernel family is separately false.
C05+C06,Green/resolvent/action reconstruction + orientation cocycle and chiral receivers,D05,Mori-Zwanzig reduction and process tensors,0,False,resolvent,Exact reduced-memory mechanism after a declared observed/hidden split; the split is operational input.
C05+C06,Green/resolvent/action reconstruction + orientation cocycle and chiral receivers,D06,resource theory of asymmetry,1,False,chirality;resource;symmetry,Exact no-creation logic for symmetric free operations; no nonpremise source is obtained.
C05+C06,Green/resolvent/action reconstruction + orientation cocycle and chiral receivers,D07,stochastic thermodynamics and feedback,0,False,,"Requires bath, temperature, energy scale and reset ledger."
C05+C06,Green/resolvent/action reconstruction + orientation cocycle and chiral receivers,D08,information geometry and diffusion maps,0,False,,"Produces intrinsic dimensionless geometry, not SI length or spacetime."
C05+C06,Green/resolvent/action reconstruction + orientation cocycle and chiral receivers,D09,noncommutative geometry and spectral action,1,False,spectral;variational,"Spectral analogy is real; algebra, grading, real structure and scale remain additional data."
C05+C06,Green/resolvent/action reconstruction + orientation cocycle and chiral receivers,D10,renormalization and stable fractional limits,0,False,,Possible universality language; the audited strict family is not Schur-closed.
C05+C06,Green/resolvent/action reconstruction + orientation cocycle and chiral receivers,D11,"control, observability and process tomography",0,False,inverse,"Operationally exact when preparations, clock and POVM are supplied."
C05+C06,Green/resolvent/action reconstruction + orientation cocycle and chiral receivers,D12,adaptive neural operators and reservoir memory,0,False,,Mechanistic analogy; training objective and data provenance are not derived.
C05+C06,Green/resolvent/action reconstruction + orientation cocycle and chiral receivers,D13,"topological phases, cohomology and holonomy",2,False,chirality;cohomology;phase;symmetry;topology,Correct language for orientation carriers; no automatic signed section.
C05+C06,Green/resolvent/action reconstruction + orientation cocycle and chiral receivers,D14,causal-operational quantum theory,0,False,,Clarifies interventions and records; does not choose a physical realization.
C05+C06,Green/resolvent/action reconstruction + orientation cocycle and chiral receivers,D15,statistical field theory and random operators,1,False,field;spectral,Useful null ensembles and effective-action comparisons; not an equivalence theorem.
C05+C07,Green/resolvent/action reconstruction + fractal Schur compression,D01,spectral graphs and quantum walks,1,True,graph;spectral,Exact at the finite operator level; not a continuum or laboratory identification.
C05+C07,Green/resolvent/action reconstruction + fractal Schur compression,D02,lattice Green functions and inverse field reconstruction,3,False,field;green;inverse;resolvent;spectral;variational,Exact for chosen quadratic operators; interaction and physical units are extra.
C05+C07,Green/resolvent/action reconstruction + fractal Schur compression,D03,graph signal processing and wavelets,2,True,graph;multiscale;spectral,Strong filter analogy; it does not supply ontology or dynamics by itself.
C05+C07,Green/resolvent/action reconstruction + fractal Schur compression,D04,"Kron reduction, Schur complements and multigrid",4,True,coarse_graining;graph;multiscale;renormalization;resolvent;schur,Exact block algebra; closure inside the strict kernel family is separately false.
C05+C07,Green/resolvent/action reconstruction + fractal Schur compression,D05,Mori-Zwanzig reduction and process tensors,1,True,coarse_graining;resolvent,Exact reduced-memory mechanism after a declared observed/hidden split; the split is operational input.
C05+C07,Green/resolvent/action reconstruction + fractal Schur compression,D06,resource theory of asymmetry,0,False,,Exact no-creation logic for symmetric free operations; no nonpremise source is obtained.
C05+C07,Green/resolvent/action reconstruction + fractal Schur compression,D07,stochastic thermodynamics and feedback,0,False,,"Requires bath, temperature, energy scale and reset ledger."
C05+C07,Green/resolvent/action reconstruction + fractal Schur compression,D08,information geometry and diffusion maps,0,False,,"Produces intrinsic dimensionless geometry, not SI length or spacetime."
C05+C07,Green/resolvent/action reconstruction + fractal Schur compression,D09,noncommutative geometry and spectral action,1,False,spectral;variational,"Spectral analogy is real; algebra, grading, real structure and scale remain additional data."
C05+C07,Green/resolvent/action reconstruction + fractal Schur compression,D10,renormalization and stable fractional limits,1,False,coarse_graining;multiscale;renormalization,Possible universality language; the audited strict family is not Schur-closed.
C05+C07,Green/resolvent/action reconstruction + fractal Schur compression,D11,"control, observability and process tomography",0,False,inverse,"Operationally exact when preparations, clock and POVM are supplied."
C05+C07,Green/resolvent/action reconstruction + fractal Schur compression,D12,adaptive neural operators and reservoir memory,0,False,,Mechanistic analogy; training objective and data provenance are not derived.
C05+C07,Green/resolvent/action reconstruction + fractal Schur compression,D13,"topological phases, cohomology and holonomy",0,False,,Correct language for orientation carriers; no automatic signed section.
C05+C07,Green/resolvent/action reconstruction + fractal Schur compression,D14,causal-operational quantum theory,0,False,,Clarifies interventions and records; does not choose a physical realization.
C05+C07,Green/resolvent/action reconstruction + fractal Schur compression,D15,statistical field theory and random operators,1,False,field;spectral,Useful null ensembles and effective-action comparisons; not an equivalence theorem.
C05+C08,Green/resolvent/action reconstruction + adaptive operator and memory law,D01,spectral graphs and quantum walks,0,False,spectral,Exact at the finite operator level; not a continuum or laboratory identification.
C05+C08,Green/resolvent/action reconstruction + adaptive operator and memory law,D02,lattice Green functions and inverse field reconstruction,3,False,field;green;inverse;resolvent;spectral;variational,Exact for chosen quadratic operators; interaction and physical units are extra.
C05+C08,Green/resolvent/action reconstruction + adaptive operator and memory law,D03,graph signal processing and wavelets,0,False,spectral,Strong filter analogy; it does not supply ontology or dynamics by itself.
C05+C08,Green/resolvent/action reconstruction + adaptive operator and memory law,D04,"Kron reduction, Schur complements and multigrid",0,False,resolvent,Exact block algebra; closure inside the strict kernel family is separately false.
C05+C08,Green/resolvent/action reconstruction + adaptive operator and memory law,D05,Mori-Zwanzig reduction and process tensors,1,True,memory;resolvent,Exact reduced-memory mechanism after a declared observed/hidden split; the split is operational input.
C05+C08,Green/resolvent/action reconstruction + adaptive operator and memory law,D06,resource theory of asymmetry,0,False,,Exact no-creation logic for symmetric free operations; no nonpremise source is obtained.
C05+C08,Green/resolvent/action reconstruction + adaptive operator and memory law,D07,stochastic thermodynamics and feedback,0,False,feedback,"Requires bath, temperature, energy scale and reset ledger."
C05+C08,Green/resolvent/action reconstruction + adaptive operator and memory law,D08,information geometry and diffusion maps,0,False,,"Produces intrinsic dimensionless geometry, not SI length or spacetime."
C05+C08,Green/resolvent/action reconstruction + adaptive operator and memory law,D09,noncommutative geometry and spectral action,2,True,operator;spectral;variational,"Spectral analogy is real; algebra, grading, real structure and scale remain additional data."
C05+C08,Green/resolvent/action reconstruction + adaptive operator and memory law,D10,renormalization and stable fractional limits,0,False,,Possible universality language; the audited strict family is not Schur-closed.
C05+C08,Green/resolvent/action reconstruction + adaptive operator and memory law,D11,"control, observability and process tomography",0,False,inverse,"Operationally exact when preparations, clock and POVM are supplied."
C05+C08,Green/resolvent/action reconstruction + adaptive operator and memory law,D12,adaptive neural operators and reservoir memory,3,False,adaptive;feedback;learning;memory;nonlinear;operator,Mechanistic analogy; training objective and data provenance are not derived.
C05+C08,Green/resolvent/action reconstruction + adaptive operator and memory law,D13,"topological phases, cohomology and holonomy",0,False,,Correct language for orientation carriers; no automatic signed section.
C05+C08,Green/resolvent/action reconstruction + adaptive operator and memory law,D14,causal-operational quantum theory,0,False,,Clarifies interventions and records; does not choose a physical realization.
C05+C08,Green/resolvent/action reconstruction + adaptive operator and memory law,D15,statistical field theory and random operators,2,True,field;nonlinear;spectral,Useful null ensembles and effective-action comparisons; not an equivalence theorem.
C05+C09,Green/resolvent/action reconstruction + information/entropy geometry,D01,spectral graphs and quantum walks,0,False,spectral,Exact at the finite operator level; not a continuum or laboratory identification.
C05+C09,Green/resolvent/action reconstruction + information/entropy geometry,D02,lattice Green functions and inverse field reconstruction,3,False,field;green;inverse;resolvent;spectral;variational,Exact for chosen quadratic operators; interaction and physical units are extra.
C05+C09,Green/resolvent/action reconstruction + information/entropy geometry,D03,graph signal processing and wavelets,0,False,spectral,Strong filter analogy; it does not supply ontology or dynamics by itself.
C05+C09,Green/resolvent/action reconstruction + information/entropy geometry,D04,"Kron reduction, Schur complements and multigrid",0,False,resolvent,Exact block algebra; closure inside the strict kernel family is separately false.
C05+C09,Green/resolvent/action reconstruction + information/entropy geometry,D05,Mori-Zwanzig reduction and process tensors,0,False,resolvent,Exact reduced-memory mechanism after a declared observed/hidden split; the split is operational input.
C05+C09,Green/resolvent/action reconstruction + information/entropy geometry,D06,resource theory of asymmetry,0,False,,Exact no-creation logic for symmetric free operations; no nonpremise source is obtained.
C05+C09,Green/resolvent/action reconstruction + information/entropy geometry,D07,stochastic thermodynamics and feedback,1,False,entropy;information,"Requires bath, temperature, energy scale and reset ledger."
C05+C09,Green/resolvent/action reconstruction + information/entropy geometry,D08,information geometry and diffusion maps,2,False,geometry;inference;information;metric;probability,"Produces intrinsic dimensionless geometry, not SI length or spacetime."
C05+C09,Green/resolvent/action reconstruction + information/entropy geometry,D09,noncommutative geometry and spectral action,2,True,geometry;spectral;variational,"Spectral analogy is real; algebra, grading, real structure and scale remain additional data."
C05+C09,Green/resolvent/action reconstruction + information/entropy geometry,D10,renormalization and stable fractional limits,0,False,,Possible universality language; the audited strict family is not Schur-closed.
C05+C09,Green/resolvent/action reconstruction + information/entropy geometry,D11,"control, observability and process tomography",0,False,inverse,"Operationally exact when preparations, clock and POVM are supplied."
C05+C09,Green/resolvent/action reconstruction + information/entropy geometry,D12,adaptive neural operators and reservoir memory,0,False,,Mechanistic analogy; training objective and data provenance are not derived.
C05+C09,Green/resolvent/action reconstruction + information/entropy geometry,D13,"topological phases, cohomology and holonomy",0,False,geometry,Correct language for orientation carriers; no automatic signed section.
C05+C09,Green/resolvent/action reconstruction + information/entropy geometry,D14,causal-operational quantum theory,0,False,,Clarifies interventions and records; does not choose a physical realization.
C05+C09,Green/resolvent/action reconstruction + information/entropy geometry,D15,statistical field theory and random operators,3,True,entropy;field;probability;spectral,Useful null ensembles and effective-action comparisons; not an equivalence theorem.
C05+C10,Green/resolvent/action reconstruction + operational process tuple,D01,spectral graphs and quantum walks,0,False,spectral,Exact at the finite operator level; not a continuum or laboratory identification.
C05+C10,Green/resolvent/action reconstruction + operational process tuple,D02,lattice Green functions and inverse field reconstruction,3,False,field;green;inverse;resolvent;spectral;variational,Exact for chosen quadratic operators; interaction and physical units are extra.
C05+C10,Green/resolvent/action reconstruction + operational process tuple,D03,graph signal processing and wavelets,0,False,spectral,Strong filter analogy; it does not supply ontology or dynamics by itself.
C05+C10,Green/resolvent/action reconstruction + operational process tuple,D04,"Kron reduction, Schur complements and multigrid",0,False,resolvent,Exact block algebra; closure inside the strict kernel family is separately false.
C05+C10,Green/resolvent/action reconstruction + operational process tuple,D05,Mori-Zwanzig reduction and process tensors,2,True,environment;process;resolvent,Exact reduced-memory mechanism after a declared observed/hidden split; the split is operational input.
C05+C10,Green/resolvent/action reconstruction + operational process tuple,D06,resource theory of asymmetry,0,False,measurement,Exact no-creation logic for symmetric free operations; no nonpremise source is obtained.
C05+C10,Green/resolvent/action reconstruction + operational process tuple,D07,stochastic thermodynamics and feedback,1,False,environment;measurement,"Requires bath, temperature, energy scale and reset ledger."
C05+C10,Green/resolvent/action reconstruction + operational process tuple,D08,information geometry and diffusion maps,0,False,,"Produces intrinsic dimensionless geometry, not SI length or spacetime."
C05+C10,Green/resolvent/action reconstruction + operational process tuple,D09,noncommutative geometry and spectral action,1,False,spectral;variational,"Spectral analogy is real; algebra, grading, real structure and scale remain additional data."
C05+C10,Green/resolvent/action reconstruction + operational process tuple,D10,renormalization and stable fractional limits,0,False,,Possible universality language; the audited strict family is not Schur-closed.
C05+C10,Green/resolvent/action reconstruction + operational process tuple,D11,"control, observability and process tomography",3,True,instrument;inverse;measurement;process;record,"Operationally exact when preparations, clock and POVM are supplied."
C05+C10,Green/resolvent/action reconstruction + operational process tuple,D12,adaptive neural operators and reservoir memory,0,False,,Mechanistic analogy; training objective and data provenance are not derived.
C05+C10,Green/resolvent/action reconstruction + operational process tuple,D13,"topological phases, cohomology and holonomy",0,False,,Correct language for orientation carriers; no automatic signed section.
C05+C10,Green/resolvent/action reconstruction + operational process tuple,D14,causal-operational quantum theory,2,False,environment;instrument;measurement;observer;process,Clarifies interventions and records; does not choose a physical realization.
C05+C10,Green/resolvent/action reconstruction + operational process tuple,D15,statistical field theory and random operators,1,False,field;spectral,Useful null ensembles and effective-action comparisons; not an equivalence theorem.
C05+C11,Green/resolvent/action reconstruction + dimensional-scale obstruction,D01,spectral graphs and quantum walks,0,False,spectral,Exact at the finite operator level; not a continuum or laboratory identification.
C05+C11,Green/resolvent/action reconstruction + dimensional-scale obstruction,D02,lattice Green functions and inverse field reconstruction,3,False,field;green;inverse;resolvent;spectral;variational,Exact for chosen quadratic operators; interaction and physical units are extra.
C05+C11,Green/resolvent/action reconstruction + dimensional-scale obstruction,D03,graph signal processing and wavelets,0,False,spectral,Strong filter analogy; it does not supply ontology or dynamics by itself.
C05+C11,Green/resolvent/action reconstruction + dimensional-scale obstruction,D04,"Kron reduction, Schur complements and multigrid",0,False,resolvent,Exact block algebra; closure inside the strict kernel family is separately false.
C05+C11,Green/resolvent/action reconstruction + dimensional-scale obstruction,D05,Mori-Zwanzig reduction and process tensors,0,False,resolvent,Exact reduced-memory mechanism after a declared observed/hidden split; the split is operational input.
C05+C11,Green/resolvent/action reconstruction + dimensional-scale obstruction,D06,resource theory of asymmetry,0,False,no_go,Exact no-creation logic for symmetric free operations; no nonpremise source is obtained.
C05+C11,Green/resolvent/action reconstruction + dimensional-scale obstruction,D07,stochastic thermodynamics and feedback,0,False,units,"Requires bath, temperature, energy scale and reset ledger."
C05+C11,Green/resolvent/action reconstruction + dimensional-scale obstruction,D08,information geometry and diffusion maps,0,False,,"Produces intrinsic dimensionless geometry, not SI length or spacetime."
C05+C11,Green/resolvent/action reconstruction + dimensional-scale obstruction,D09,noncommutative geometry and spectral action,2,True,dimensions;spectral;variational,"Spectral analogy is real; algebra, grading, real structure and scale remain additional data."
C05+C11,Green/resolvent/action reconstruction + dimensional-scale obstruction,D10,renormalization and stable fractional limits,0,False,scale,Possible universality language; the audited strict family is not Schur-closed.
C05+C11,Green/resolvent/action reconstruction + dimensional-scale obstruction,D11,"control, observability and process tomography",1,True,calibration;inverse,"Operationally exact when preparations, clock and POVM are supplied."
C05+C11,Green/resolvent/action reconstruction + dimensional-scale obstruction,D12,adaptive neural operators and reservoir memory,0,False,,Mechanistic analogy; training objective and data provenance are not derived.
C05+C11,Green/resolvent/action reconstruction + dimensional-scale obstruction,D13,"topological phases, cohomology and holonomy",0,False,,Correct language for orientation carriers; no automatic signed section.
C05+C11,Green/resolvent/action reconstruction + dimensional-scale obstruction,D14,causal-operational quantum theory,0,False,,Clarifies interventions and records; does not choose a physical realization.
C05+C11,Green/resolvent/action reconstruction + dimensional-scale obstruction,D15,statistical field theory and random operators,2,True,field;scale;spectral,Useful null ensembles and effective-action comparisons; not an equivalence theorem.
C05+C12,Green/resolvent/action reconstruction + selector/source obstruction,D01,spectral graphs and quantum walks,0,False,spectral,Exact at the finite operator level; not a continuum or laboratory identification.
C05+C12,Green/resolvent/action reconstruction + selector/source obstruction,D02,lattice Green functions and inverse field reconstruction,3,False,field;green;inverse;resolvent;spectral;variational,Exact for chosen quadratic operators; interaction and physical units are extra.
C05+C12,Green/resolvent/action reconstruction + selector/source obstruction,D03,graph signal processing and wavelets,0,False,spectral,Strong filter analogy; it does not supply ontology or dynamics by itself.
C05+C12,Green/resolvent/action reconstruction + selector/source obstruction,D04,"Kron reduction, Schur complements and multigrid",0,False,resolvent,Exact block algebra; closure inside the strict kernel family is separately false.
C05+C12,Green/resolvent/action reconstruction + selector/source obstruction,D05,Mori-Zwanzig reduction and process tensors,0,False,resolvent,Exact reduced-memory mechanism after a declared observed/hidden split; the split is operational input.
C05+C12,Green/resolvent/action reconstruction + selector/source obstruction,D06,resource theory of asymmetry,2,False,chirality;no_go;resource;selector;symmetry,Exact no-creation logic for symmetric free operations; no nonpremise source is obtained.
C05+C12,Green/resolvent/action reconstruction + selector/source obstruction,D07,stochastic thermodynamics and feedback,0,False,,"Requires bath, temperature, energy scale and reset ledger."
C05+C12,Green/resolvent/action reconstruction + selector/source obstruction,D08,information geometry and diffusion maps,0,False,,"Produces intrinsic dimensionless geometry, not SI length or spacetime."
C05+C12,Green/resolvent/action reconstruction + selector/source obstruction,D09,noncommutative geometry and spectral action,1,False,spectral;variational,"Spectral analogy is real; algebra, grading, real structure and scale remain additional data."
C05+C12,Green/resolvent/action reconstruction + selector/source obstruction,D10,renormalization and stable fractional limits,0,False,,Possible universality language; the audited strict family is not Schur-closed.
C05+C12,Green/resolvent/action reconstruction + selector/source obstruction,D11,"control, observability and process tomography",0,False,inverse,"Operationally exact when preparations, clock and POVM are supplied."
C05+C12,Green/resolvent/action reconstruction + selector/source obstruction,D12,adaptive neural operators and reservoir memory,0,False,,Mechanistic analogy; training objective and data provenance are not derived.
C05+C12,Green/resolvent/action reconstruction + selector/source obstruction,D13,"topological phases, cohomology and holonomy",1,False,chirality;symmetry,Correct language for orientation carriers; no automatic signed section.
C05+C12,Green/resolvent/action reconstruction + selector/source obstruction,D14,causal-operational quantum theory,0,False,,Clarifies interventions and records; does not choose a physical realization.
C05+C12,Green/resolvent/action reconstruction + selector/source obstruction,D15,statistical field theory and random operators,1,False,field;spectral,Useful null ensembles and effective-action comparisons; not an equivalence theorem.
C06+C07,orientation cocycle and chiral receivers + fractal Schur compression,D01,spectral graphs and quantum walks,0,False,graph,Exact at the finite operator level; not a continuum or laboratory identification.
C06+C07,orientation cocycle and chiral receivers + fractal Schur compression,D02,lattice Green functions and inverse field reconstruction,0,False,,Exact for chosen quadratic operators; interaction and physical units are extra.
C06+C07,orientation cocycle and chiral receivers + fractal Schur compression,D03,graph signal processing and wavelets,1,False,graph;multiscale,Strong filter analogy; it does not supply ontology or dynamics by itself.
C06+C07,orientation cocycle and chiral receivers + fractal Schur compression,D04,"Kron reduction, Schur complements and multigrid",2,False,coarse_graining;graph;multiscale;renormalization;schur,Exact block algebra; closure inside the strict kernel family is separately false.
C06+C07,orientation cocycle and chiral receivers + fractal Schur compression,D05,Mori-Zwanzig reduction and process tensors,0,False,coarse_graining,Exact reduced-memory mechanism after a declared observed/hidden split; the split is operational input.
C06+C07,orientation cocycle and chiral receivers + fractal Schur compression,D06,resource theory of asymmetry,1,False,chirality;resource;symmetry,Exact no-creation logic for symmetric free operations; no nonpremise source is obtained.
C06+C07,orientation cocycle and chiral receivers + fractal Schur compression,D07,stochastic thermodynamics and feedback,0,False,,"Requires bath, temperature, energy scale and reset ledger."
C06+C07,orientation cocycle and chiral receivers + fractal Schur compression,D08,information geometry and diffusion maps,0,False,,"Produces intrinsic dimensionless geometry, not SI length or spacetime."
C06+C07,orientation cocycle and chiral receivers + fractal Schur compression,D09,noncommutative geometry and spectral action,0,False,,"Spectral analogy is real; algebra, grading, real structure and scale remain additional data."
C06+C07,orientation cocycle and chiral receivers + fractal Schur compression,D10,renormalization and stable fractional limits,1,False,coarse_graining;multiscale;renormalization,Possible universality language; the audited strict family is not Schur-closed.
C06+C07,orientation cocycle and chiral receivers + fractal Schur compression,D11,"control, observability and process tomography",0,False,,"Operationally exact when preparations, clock and POVM are supplied."
C06+C07,orientation cocycle and chiral receivers + fractal Schur compression,D12,adaptive neural operators and reservoir memory,0,False,,Mechanistic analogy; training objective and data provenance are not derived.
C06+C07,orientation cocycle and chiral receivers + fractal Schur compression,D13,"topological phases, cohomology and holonomy",2,False,chirality;cohomology;phase;symmetry;topology,Correct language for orientation carriers; no automatic signed section.
C06+C07,orientation cocycle and chiral receivers + fractal Schur compression,D14,causal-operational quantum theory,0,False,,Clarifies interventions and records; does not choose a physical realization.
C06+C07,orientation cocycle and chiral receivers + fractal Schur compression,D15,statistical field theory and random operators,0,False,,Useful null ensembles and effective-action comparisons; not an equivalence theorem.
C06+C08,orientation cocycle and chiral receivers + adaptive operator and memory law,D01,spectral graphs and quantum walks,0,False,,Exact at the finite operator level; not a continuum or laboratory identification.
C06+C08,orientation cocycle and chiral receivers + adaptive operator and memory law,D02,lattice Green functions and inverse field reconstruction,0,False,,Exact for chosen quadratic operators; interaction and physical units are extra.
C06+C08,orientation cocycle and chiral receivers + adaptive operator and memory law,D03,graph signal processing and wavelets,0,False,,Strong filter analogy; it does not supply ontology or dynamics by itself.
C06+C08,orientation cocycle and chiral receivers + adaptive operator and memory law,D04,"Kron reduction, Schur complements and multigrid",0,False,,Exact block algebra; closure inside the strict kernel family is separately false.
C06+C08,orientation cocycle and chiral receivers + adaptive operator and memory law,D05,Mori-Zwanzig reduction and process tensors,0,False,memory,Exact reduced-memory mechanism after a declared observed/hidden split; the split is operational input.
C06+C08,orientation cocycle and chiral receivers + adaptive operator and memory law,D06,resource theory of asymmetry,1,False,chirality;resource;symmetry,Exact no-creation logic for symmetric free operations; no nonpremise source is obtained.
C06+C08,orientation cocycle and chiral receivers + adaptive operator and memory law,D07,stochastic thermodynamics and feedback,0,False,feedback,"Requires bath, temperature, energy scale and reset ledger."
C06+C08,orientation cocycle and chiral receivers + adaptive operator and memory law,D08,information geometry and diffusion maps,0,False,,"Produces intrinsic dimensionless geometry, not SI length or spacetime."
C06+C08,orientation cocycle and chiral receivers + adaptive operator and memory law,D09,noncommutative geometry and spectral action,0,False,operator,"Spectral analogy is real; algebra, grading, real structure and scale remain additional data."
C06+C08,orientation cocycle and chiral receivers + adaptive operator and memory law,D10,renormalization and stable fractional limits,0,False,,Possible universality language; the audited strict family is not Schur-closed.
C06+C08,orientation cocycle and chiral receivers + adaptive operator and memory law,D11,"control, observability and process tomography",0,False,,"Operationally exact when preparations, clock and POVM are supplied."
C06+C08,orientation cocycle and chiral receivers + adaptive operator and memory law,D12,adaptive neural operators and reservoir memory,3,False,adaptive;feedback;learning;memory;nonlinear;operator,Mechanistic analogy; training objective and data provenance are not derived.
C06+C08,orientation cocycle and chiral receivers + adaptive operator and memory law,D13,"topological phases, cohomology and holonomy",2,False,chirality;cohomology;phase;symmetry;topology,Correct language for orientation carriers; no automatic signed section.
C06+C08,orientation cocycle and chiral receivers + adaptive operator and memory law,D14,causal-operational quantum theory,0,False,,Clarifies interventions and records; does not choose a physical realization.
C06+C08,orientation cocycle and chiral receivers + adaptive operator and memory law,D15,statistical field theory and random operators,0,False,nonlinear,Useful null ensembles and effective-action comparisons; not an equivalence theorem.
C06+C09,orientation cocycle and chiral receivers + information/entropy geometry,D01,spectral graphs and quantum walks,0,False,,Exact at the finite operator level; not a continuum or laboratory identification.
C06+C09,orientation cocycle and chiral receivers + information/entropy geometry,D02,lattice Green functions and inverse field reconstruction,0,False,,Exact for chosen quadratic operators; interaction and physical units are extra.
C06+C09,orientation cocycle and chiral receivers + information/entropy geometry,D03,graph signal processing and wavelets,0,False,,Strong filter analogy; it does not supply ontology or dynamics by itself.
C06+C09,orientation cocycle and chiral receivers + information/entropy geometry,D04,"Kron reduction, Schur complements and multigrid",0,False,,Exact block algebra; closure inside the strict kernel family is separately false.
C06+C09,orientation cocycle and chiral receivers + information/entropy geometry,D05,Mori-Zwanzig reduction and process tensors,0,False,,Exact reduced-memory mechanism after a declared observed/hidden split; the split is operational input.
C06+C09,orientation cocycle and chiral receivers + information/entropy geometry,D06,resource theory of asymmetry,1,False,chirality;resource;symmetry,Exact no-creation logic for symmetric free operations; no nonpremise source is obtained.
C06+C09,orientation cocycle and chiral receivers + information/entropy geometry,D07,stochastic thermodynamics and feedback,1,False,entropy;information,"Requires bath, temperature, energy scale and reset ledger."
C06+C09,orientation cocycle and chiral receivers + information/entropy geometry,D08,information geometry and diffusion maps,2,False,geometry;inference;information;metric;probability,"Produces intrinsic dimensionless geometry, not SI length or spacetime."
C06+C09,orientation cocycle and chiral receivers + information/entropy geometry,D09,noncommutative geometry and spectral action,0,False,geometry,"Spectral analogy is real; algebra, grading, real structure and scale remain additional data."
C06+C09,orientation cocycle and chiral receivers + information/entropy geometry,D10,renormalization and stable fractional limits,0,False,,Possible universality language; the audited strict family is not Schur-closed.
C06+C09,orientation cocycle and chiral receivers + information/entropy geometry,D11,"control, observability and process tomography",0,False,,"Operationally exact when preparations, clock and POVM are supplied."
C06+C09,orientation cocycle and chiral receivers + information/entropy geometry,D12,adaptive neural operators and reservoir memory,0,False,,Mechanistic analogy; training objective and data provenance are not derived.
C06+C09,orientation cocycle and chiral receivers + information/entropy geometry,D13,"topological phases, cohomology and holonomy",4,True,chirality;cohomology;geometry;phase;symmetry;topology,Correct language for orientation carriers; no automatic signed section.
C06+C09,orientation cocycle and chiral receivers + information/entropy geometry,D14,causal-operational quantum theory,0,False,,Clarifies interventions and records; does not choose a physical realization.
C06+C09,orientation cocycle and chiral receivers + information/entropy geometry,D15,statistical field theory and random operators,1,False,entropy;probability,Useful null ensembles and effective-action comparisons; not an equivalence theorem.
C06+C10,orientation cocycle and chiral receivers + operational process tuple,D01,spectral graphs and quantum walks,0,False,,Exact at the finite operator level; not a continuum or laboratory identification.
C06+C10,orientation cocycle and chiral receivers + operational process tuple,D02,lattice Green functions and inverse field reconstruction,0,False,,Exact for chosen quadratic operators; interaction and physical units are extra.
C06+C10,orientation cocycle and chiral receivers + operational process tuple,D03,graph signal processing and wavelets,0,False,,Strong filter analogy; it does not supply ontology or dynamics by itself.
C06+C10,orientation cocycle and chiral receivers + operational process tuple,D04,"Kron reduction, Schur complements and multigrid",0,False,,Exact block algebra; closure inside the strict kernel family is separately false.
C06+C10,orientation cocycle and chiral receivers + operational process tuple,D05,Mori-Zwanzig reduction and process tensors,1,False,environment;process,Exact reduced-memory mechanism after a declared observed/hidden split; the split is operational input.
C06+C10,orientation cocycle and chiral receivers + operational process tuple,D06,resource theory of asymmetry,3,True,chirality;measurement;resource;symmetry,Exact no-creation logic for symmetric free operations; no nonpremise source is obtained.
C06+C10,orientation cocycle and chiral receivers + operational process tuple,D07,stochastic thermodynamics and feedback,1,False,environment;measurement,"Requires bath, temperature, energy scale and reset ledger."
C06+C10,orientation cocycle and chiral receivers + operational process tuple,D08,information geometry and diffusion maps,0,False,,"Produces intrinsic dimensionless geometry, not SI length or spacetime."
C06+C10,orientation cocycle and chiral receivers + operational process tuple,D09,noncommutative geometry and spectral action,0,False,,"Spectral analogy is real; algebra, grading, real structure and scale remain additional data."
C06+C10,orientation cocycle and chiral receivers + operational process tuple,D10,renormalization and stable fractional limits,0,False,,Possible universality language; the audited strict family is not Schur-closed.
C06+C10,orientation cocycle and chiral receivers + operational process tuple,D11,"control, observability and process tomography",2,False,instrument;measurement;process;record,"Operationally exact when preparations, clock and POVM are supplied."
C06+C10,orientation cocycle and chiral receivers + operational process tuple,D12,adaptive neural operators and reservoir memory,0,False,,Mechanistic analogy; training objective and data provenance are not derived.
C06+C10,orientation cocycle and chiral receivers + operational process tuple,D13,"topological phases, cohomology and holonomy",2,False,chirality;cohomology;phase;symmetry;topology,Correct language for orientation carriers; no automatic signed section.
C06+C10,orientation cocycle and chiral receivers + operational process tuple,D14,causal-operational quantum theory,2,False,environment;instrument;measurement;observer;process,Clarifies interventions and records; does not choose a physical realization.
C06+C10,orientation cocycle and chiral receivers + operational process tuple,D15,statistical field theory and random operators,0,False,,Useful null ensembles and effective-action comparisons; not an equivalence theorem.
C06+C11,orientation cocycle and chiral receivers + dimensional-scale obstruction,D01,spectral graphs and quantum walks,0,False,,Exact at the finite operator level; not a continuum or laboratory identification.
C06+C11,orientation cocycle and chiral receivers + dimensional-scale obstruction,D02,lattice Green functions and inverse field reconstruction,0,False,,Exact for chosen quadratic operators; interaction and physical units are extra.
C06+C11,orientation cocycle and chiral receivers + dimensional-scale obstruction,D03,graph signal processing and wavelets,0,False,,Strong filter analogy; it does not supply ontology or dynamics by itself.
C06+C11,orientation cocycle and chiral receivers + dimensional-scale obstruction,D04,"Kron reduction, Schur complements and multigrid",0,False,,Exact block algebra; closure inside the strict kernel family is separately false.
C06+C11,orientation cocycle and chiral receivers + dimensional-scale obstruction,D05,Mori-Zwanzig reduction and process tensors,0,False,,Exact reduced-memory mechanism after a declared observed/hidden split; the split is operational input.
C06+C11,orientation cocycle and chiral receivers + dimensional-scale obstruction,D06,resource theory of asymmetry,3,True,chirality;no_go;resource;symmetry,Exact no-creation logic for symmetric free operations; no nonpremise source is obtained.
C06+C11,orientation cocycle and chiral receivers + dimensional-scale obstruction,D07,stochastic thermodynamics and feedback,0,False,units,"Requires bath, temperature, energy scale and reset ledger."
C06+C11,orientation cocycle and chiral receivers + dimensional-scale obstruction,D08,information geometry and diffusion maps,0,False,,"Produces intrinsic dimensionless geometry, not SI length or spacetime."
C06+C11,orientation cocycle and chiral receivers + dimensional-scale obstruction,D09,noncommutative geometry and spectral action,0,False,dimensions,"Spectral analogy is real; algebra, grading, real structure and scale remain additional data."
C06+C11,orientation cocycle and chiral receivers + dimensional-scale obstruction,D10,renormalization and stable fractional limits,0,False,scale,Possible universality language; the audited strict family is not Schur-closed.
C06+C11,orientation cocycle and chiral receivers + dimensional-scale obstruction,D11,"control, observability and process tomography",0,False,calibration,"Operationally exact when preparations, clock and POVM are supplied."
C06+C11,orientation cocycle and chiral receivers + dimensional-scale obstruction,D12,adaptive neural operators and reservoir memory,0,False,,Mechanistic analogy; training objective and data provenance are not derived.
C06+C11,orientation cocycle and chiral receivers + dimensional-scale obstruction,D13,"topological phases, cohomology and holonomy",2,False,chirality;cohomology;phase;symmetry;topology,Correct language for orientation carriers; no automatic signed section.
C06+C11,orientation cocycle and chiral receivers + dimensional-scale obstruction,D14,causal-operational quantum theory,0,False,,Clarifies interventions and records; does not choose a physical realization.
C06+C11,orientation cocycle and chiral receivers + dimensional-scale obstruction,D15,statistical field theory and random operators,0,False,scale,Useful null ensembles and effective-action comparisons; not an equivalence theorem.
C06+C12,orientation cocycle and chiral receivers + selector/source obstruction,D01,spectral graphs and quantum walks,0,False,,Exact at the finite operator level; not a continuum or laboratory identification.
C06+C12,orientation cocycle and chiral receivers + selector/source obstruction,D02,lattice Green functions and inverse field reconstruction,0,False,,Exact for chosen quadratic operators; interaction and physical units are extra.
C06+C12,orientation cocycle and chiral receivers + selector/source obstruction,D03,graph signal processing and wavelets,0,False,,Strong filter analogy; it does not supply ontology or dynamics by itself.
C06+C12,orientation cocycle and chiral receivers + selector/source obstruction,D04,"Kron reduction, Schur complements and multigrid",0,False,,Exact block algebra; closure inside the strict kernel family is separately false.
C06+C12,orientation cocycle and chiral receivers + selector/source obstruction,D05,Mori-Zwanzig reduction and process tensors,0,False,,Exact reduced-memory mechanism after a declared observed/hidden split; the split is operational input.
C06+C12,orientation cocycle and chiral receivers + selector/source obstruction,D06,resource theory of asymmetry,4,True,chirality;no_go;resource;selector;symmetry,Exact no-creation logic for symmetric free operations; no nonpremise source is obtained.
C06+C12,orientation cocycle and chiral receivers + selector/source obstruction,D07,stochastic thermodynamics and feedback,0,False,,"Requires bath, temperature, energy scale and reset ledger."
C06+C12,orientation cocycle and chiral receivers + selector/source obstruction,D08,information geometry and diffusion maps,0,False,,"Produces intrinsic dimensionless geometry, not SI length or spacetime."
C06+C12,orientation cocycle and chiral receivers + selector/source obstruction,D09,noncommutative geometry and spectral action,0,False,,"Spectral analogy is real; algebra, grading, real structure and scale remain additional data."
C06+C12,orientation cocycle and chiral receivers + selector/source obstruction,D10,renormalization and stable fractional limits,0,False,,Possible universality language; the audited strict family is not Schur-closed.
C06+C12,orientation cocycle and chiral receivers + selector/source obstruction,D11,"control, observability and process tomography",0,False,,"Operationally exact when preparations, clock and POVM are supplied."
C06+C12,orientation cocycle and chiral receivers + selector/source obstruction,D12,adaptive neural operators and reservoir memory,0,False,,Mechanistic analogy; training objective and data provenance are not derived.
C06+C12,orientation cocycle and chiral receivers + selector/source obstruction,D13,"topological phases, cohomology and holonomy",4,True,chirality;cohomology;phase;symmetry;topology,Correct language for orientation carriers; no automatic signed section.
C06+C12,orientation cocycle and chiral receivers + selector/source obstruction,D14,causal-operational quantum theory,0,False,,Clarifies interventions and records; does not choose a physical realization.
C06+C12,orientation cocycle and chiral receivers + selector/source obstruction,D15,statistical field theory and random operators,0,False,,Useful null ensembles and effective-action comparisons; not an equivalence theorem.
C07+C08,fractal Schur compression + adaptive operator and memory law,D01,spectral graphs and quantum walks,0,False,graph,Exact at the finite operator level; not a continuum or laboratory identification.
C07+C08,fractal Schur compression + adaptive operator and memory law,D02,lattice Green functions and inverse field reconstruction,0,False,,Exact for chosen quadratic operators; interaction and physical units are extra.
C07+C08,fractal Schur compression + adaptive operator and memory law,D03,graph signal processing and wavelets,1,False,graph;multiscale,Strong filter analogy; it does not supply ontology or dynamics by itself.
C07+C08,fractal Schur compression + adaptive operator and memory law,D04,"Kron reduction, Schur complements and multigrid",2,False,coarse_graining;graph;multiscale;renormalization;schur,Exact block algebra; closure inside the strict kernel family is separately false.
C07+C08,fractal Schur compression + adaptive operator and memory law,D05,Mori-Zwanzig reduction and process tensors,1,True,coarse_graining;memory,Exact reduced-memory mechanism after a declared observed/hidden split; the split is operational input.
C07+C08,fractal Schur compression + adaptive operator and memory law,D06,resource theory of asymmetry,0,False,,Exact no-creation logic for symmetric free operations; no nonpremise source is obtained.
C07+C08,fractal Schur compression + adaptive operator and memory law,D07,stochastic thermodynamics and feedback,0,False,feedback,"Requires bath, temperature, energy scale and reset ledger."
C07+C08,fractal Schur compression + adaptive operator and memory law,D08,information geometry and diffusion maps,0,False,,"Produces intrinsic dimensionless geometry, not SI length or spacetime."
C07+C08,fractal Schur compression + adaptive operator and memory law,D09,noncommutative geometry and spectral action,0,False,operator,"Spectral analogy is real; algebra, grading, real structure and scale remain additional data."
C07+C08,fractal Schur compression + adaptive operator and memory law,D10,renormalization and stable fractional limits,1,False,coarse_graining;multiscale;renormalization,Possible universality language; the audited strict family is not Schur-closed.
C07+C08,fractal Schur compression + adaptive operator and memory law,D11,"control, observability and process tomography",0,False,,"Operationally exact when preparations, clock and POVM are supplied."
C07+C08,fractal Schur compression + adaptive operator and memory law,D12,adaptive neural operators and reservoir memory,3,False,adaptive;feedback;learning;memory;nonlinear;operator,Mechanistic analogy; training objective and data provenance are not derived.
C07+C08,fractal Schur compression + adaptive operator and memory law,D13,"topological phases, cohomology and holonomy",0,False,,Correct language for orientation carriers; no automatic signed section.
C07+C08,fractal Schur compression + adaptive operator and memory law,D14,causal-operational quantum theory,0,False,,Clarifies interventions and records; does not choose a physical realization.
C07+C08,fractal Schur compression + adaptive operator and memory law,D15,statistical field theory and random operators,0,False,nonlinear,Useful null ensembles and effective-action comparisons; not an equivalence theorem.
C07+C09,fractal Schur compression + information/entropy geometry,D01,spectral graphs and quantum walks,0,False,graph,Exact at the finite operator level; not a continuum or laboratory identification.
C07+C09,fractal Schur compression + information/entropy geometry,D02,lattice Green functions and inverse field reconstruction,0,False,,Exact for chosen quadratic operators; interaction and physical units are extra.
C07+C09,fractal Schur compression + information/entropy geometry,D03,graph signal processing and wavelets,1,False,graph;multiscale,Strong filter analogy; it does not supply ontology or dynamics by itself.
C07+C09,fractal Schur compression + information/entropy geometry,D04,"Kron reduction, Schur complements and multigrid",2,False,coarse_graining;graph;multiscale;renormalization;schur,Exact block algebra; closure inside the strict kernel family is separately false.
C07+C09,fractal Schur compression + information/entropy geometry,D05,Mori-Zwanzig reduction and process tensors,0,False,coarse_graining,Exact reduced-memory mechanism after a declared observed/hidden split; the split is operational input.
C07+C09,fractal Schur compression + information/entropy geometry,D06,resource theory of asymmetry,0,False,,Exact no-creation logic for symmetric free operations; no nonpremise source is obtained.
C07+C09,fractal Schur compression + information/entropy geometry,D07,stochastic thermodynamics and feedback,1,False,entropy;information,"Requires bath, temperature, energy scale and reset ledger."
C07+C09,fractal Schur compression + information/entropy geometry,D08,information geometry and diffusion maps,2,False,geometry;inference;information;metric;probability,"Produces intrinsic dimensionless geometry, not SI length or spacetime."
C07+C09,fractal Schur compression + information/entropy geometry,D09,noncommutative geometry and spectral action,0,False,geometry,"Spectral analogy is real; algebra, grading, real structure and scale remain additional data."
C07+C09,fractal Schur compression + information/entropy geometry,D10,renormalization and stable fractional limits,1,False,coarse_graining;multiscale;renormalization,Possible universality language; the audited strict family is not Schur-closed.
C07+C09,fractal Schur compression + information/entropy geometry,D11,"control, observability and process tomography",0,False,,"Operationally exact when preparations, clock and POVM are supplied."
C07+C09,fractal Schur compression + information/entropy geometry,D12,adaptive neural operators and reservoir memory,0,False,,Mechanistic analogy; training objective and data provenance are not derived.
C07+C09,fractal Schur compression + information/entropy geometry,D13,"topological phases, cohomology and holonomy",0,False,geometry,Correct language for orientation carriers; no automatic signed section.
C07+C09,fractal Schur compression + information/entropy geometry,D14,causal-operational quantum theory,0,False,,Clarifies interventions and records; does not choose a physical realization.
C07+C09,fractal Schur compression + information/entropy geometry,D15,statistical field theory and random operators,1,False,entropy;probability,Useful null ensembles and effective-action comparisons; not an equivalence theorem.
C07+C10,fractal Schur compression + operational process tuple,D01,spectral graphs and quantum walks,0,False,graph,Exact at the finite operator level; not a continuum or laboratory identification.
C07+C10,fractal Schur compression + operational process tuple,D02,lattice Green functions and inverse field reconstruction,0,False,,Exact for chosen quadratic operators; interaction and physical units are extra.
C07+C10,fractal Schur compression + operational process tuple,D03,graph signal processing and wavelets,1,False,graph;multiscale,Strong filter analogy; it does not supply ontology or dynamics by itself.
C07+C10,fractal Schur compression + operational process tuple,D04,"Kron reduction, Schur complements and multigrid",2,False,coarse_graining;graph;multiscale;renormalization;schur,Exact block algebra; closure inside the strict kernel family is separately false.
C07+C10,fractal Schur compression + operational process tuple,D05,Mori-Zwanzig reduction and process tensors,2,True,coarse_graining;environment;process,Exact reduced-memory mechanism after a declared observed/hidden split; the split is operational input.
C07+C10,fractal Schur compression + operational process tuple,D06,resource theory of asymmetry,0,False,measurement,Exact no-creation logic for symmetric free operations; no nonpremise source is obtained.
C07+C10,fractal Schur compression + operational process tuple,D07,stochastic thermodynamics and feedback,1,False,environment;measurement,"Requires bath, temperature, energy scale and reset ledger."
C07+C10,fractal Schur compression + operational process tuple,D08,information geometry and diffusion maps,0,False,,"Produces intrinsic dimensionless geometry, not SI length or spacetime."
C07+C10,fractal Schur compression + operational process tuple,D09,noncommutative geometry and spectral action,0,False,,"Spectral analogy is real; algebra, grading, real structure and scale remain additional data."
C07+C10,fractal Schur compression + operational process tuple,D10,renormalization and stable fractional limits,1,False,coarse_graining;multiscale;renormalization,Possible universality language; the audited strict family is not Schur-closed.
C07+C10,fractal Schur compression + operational process tuple,D11,"control, observability and process tomography",2,False,instrument;measurement;process;record,"Operationally exact when preparations, clock and POVM are supplied."
C07+C10,fractal Schur compression + operational process tuple,D12,adaptive neural operators and reservoir memory,0,False,,Mechanistic analogy; training objective and data provenance are not derived.
C07+C10,fractal Schur compression + operational process tuple,D13,"topological phases, cohomology and holonomy",0,False,,Correct language for orientation carriers; no automatic signed section.
C07+C10,fractal Schur compression + operational process tuple,D14,causal-operational quantum theory,2,False,environment;instrument;measurement;observer;process,Clarifies interventions and records; does not choose a physical realization.
C07+C10,fractal Schur compression + operational process tuple,D15,statistical field theory and random operators,0,False,,Useful null ensembles and effective-action comparisons; not an equivalence theorem.
C07+C11,fractal Schur compression + dimensional-scale obstruction,D01,spectral graphs and quantum walks,0,False,graph,Exact at the finite operator level; not a continuum or laboratory identification.
C07+C11,fractal Schur compression + dimensional-scale obstruction,D02,lattice Green functions and inverse field reconstruction,0,False,,Exact for chosen quadratic operators; interaction and physical units are extra.
C07+C11,fractal Schur compression + dimensional-scale obstruction,D03,graph signal processing and wavelets,1,False,graph;multiscale,Strong filter analogy; it does not supply ontology or dynamics by itself.
C07+C11,fractal Schur compression + dimensional-scale obstruction,D04,"Kron reduction, Schur complements and multigrid",2,False,coarse_graining;graph;multiscale;renormalization;schur,Exact block algebra; closure inside the strict kernel family is separately false.
C07+C11,fractal Schur compression + dimensional-scale obstruction,D05,Mori-Zwanzig reduction and process tensors,0,False,coarse_graining,Exact reduced-memory mechanism after a declared observed/hidden split; the split is operational input.
C07+C11,fractal Schur compression + dimensional-scale obstruction,D06,resource theory of asymmetry,0,False,no_go,Exact no-creation logic for symmetric free operations; no nonpremise source is obtained.
C07+C11,fractal Schur compression + dimensional-scale obstruction,D07,stochastic thermodynamics and feedback,0,False,units,"Requires bath, temperature, energy scale and reset ledger."
C07+C11,fractal Schur compression + dimensional-scale obstruction,D08,information geometry and diffusion maps,0,False,,"Produces intrinsic dimensionless geometry, not SI length or spacetime."
C07+C11,fractal Schur compression + dimensional-scale obstruction,D09,noncommutative geometry and spectral action,0,False,dimensions,"Spectral analogy is real; algebra, grading, real structure and scale remain additional data."
C07+C11,fractal Schur compression + dimensional-scale obstruction,D10,renormalization and stable fractional limits,3,True,coarse_graining;multiscale;renormalization;scale,Possible universality language; the audited strict family is not Schur-closed.
C07+C11,fractal Schur compression + dimensional-scale obstruction,D11,"control, observability and process tomography",0,False,calibration,"Operationally exact when preparations, clock and POVM are supplied."
C07+C11,fractal Schur compression + dimensional-scale obstruction,D12,adaptive neural operators and reservoir memory,0,False,,Mechanistic analogy; training objective and data provenance are not derived.
C07+C11,fractal Schur compression + dimensional-scale obstruction,D13,"topological phases, cohomology and holonomy",0,False,,Correct language for orientation carriers; no automatic signed section.
C07+C11,fractal Schur compression + dimensional-scale obstruction,D14,causal-operational quantum theory,0,False,,Clarifies interventions and records; does not choose a physical realization.
C07+C11,fractal Schur compression + dimensional-scale obstruction,D15,statistical field theory and random operators,0,False,scale,Useful null ensembles and effective-action comparisons; not an equivalence theorem.
C07+C12,fractal Schur compression + selector/source obstruction,D01,spectral graphs and quantum walks,0,False,graph,Exact at the finite operator level; not a continuum or laboratory identification.
C07+C12,fractal Schur compression + selector/source obstruction,D02,lattice Green functions and inverse field reconstruction,0,False,,Exact for chosen quadratic operators; interaction and physical units are extra.
C07+C12,fractal Schur compression + selector/source obstruction,D03,graph signal processing and wavelets,1,False,graph;multiscale,Strong filter analogy; it does not supply ontology or dynamics by itself.
C07+C12,fractal Schur compression + selector/source obstruction,D04,"Kron reduction, Schur complements and multigrid",2,False,coarse_graining;graph;multiscale;renormalization;schur,Exact block algebra; closure inside the strict kernel family is separately false.
C07+C12,fractal Schur compression + selector/source obstruction,D05,Mori-Zwanzig reduction and process tensors,0,False,coarse_graining,Exact reduced-memory mechanism after a declared observed/hidden split; the split is operational input.
C07+C12,fractal Schur compression + selector/source obstruction,D06,resource theory of asymmetry,2,False,chirality;no_go;resource;selector;symmetry,Exact no-creation logic for symmetric free operations; no nonpremise source is obtained.
C07+C12,fractal Schur compression + selector/source obstruction,D07,stochastic thermodynamics and feedback,0,False,,"Requires bath, temperature, energy scale and reset ledger."
C07+C12,fractal Schur compression + selector/source obstruction,D08,information geometry and diffusion maps,0,False,,"Produces intrinsic dimensionless geometry, not SI length or spacetime."
C07+C12,fractal Schur compression + selector/source obstruction,D09,noncommutative geometry and spectral action,0,False,,"Spectral analogy is real; algebra, grading, real structure and scale remain additional data."
C07+C12,fractal Schur compression + selector/source obstruction,D10,renormalization and stable fractional limits,1,False,coarse_graining;multiscale;renormalization,Possible universality language; the audited strict family is not Schur-closed.
C07+C12,fractal Schur compression + selector/source obstruction,D11,"control, observability and process tomography",0,False,,"Operationally exact when preparations, clock and POVM are supplied."
C07+C12,fractal Schur compression + selector/source obstruction,D12,adaptive neural operators and reservoir memory,0,False,,Mechanistic analogy; training objective and data provenance are not derived.
C07+C12,fractal Schur compression + selector/source obstruction,D13,"topological phases, cohomology and holonomy",1,False,chirality;symmetry,Correct language for orientation carriers; no automatic signed section.
C07+C12,fractal Schur compression + selector/source obstruction,D14,causal-operational quantum theory,0,False,,Clarifies interventions and records; does not choose a physical realization.
C07+C12,fractal Schur compression + selector/source obstruction,D15,statistical field theory and random operators,0,False,,Useful null ensembles and effective-action comparisons; not an equivalence theorem.
C08+C09,adaptive operator and memory law + information/entropy geometry,D01,spectral graphs and quantum walks,0,False,,Exact at the finite operator level; not a continuum or laboratory identification.
C08+C09,adaptive operator and memory law + information/entropy geometry,D02,lattice Green functions and inverse field reconstruction,0,False,,Exact for chosen quadratic operators; interaction and physical units are extra.
C08+C09,adaptive operator and memory law + information/entropy geometry,D03,graph signal processing and wavelets,0,False,,Strong filter analogy; it does not supply ontology or dynamics by itself.
C08+C09,adaptive operator and memory law + information/entropy geometry,D04,"Kron reduction, Schur complements and multigrid",0,False,,Exact block algebra; closure inside the strict kernel family is separately false.
C08+C09,adaptive operator and memory law + information/entropy geometry,D05,Mori-Zwanzig reduction and process tensors,0,False,memory,Exact reduced-memory mechanism after a declared observed/hidden split; the split is operational input.
C08+C09,adaptive operator and memory law + information/entropy geometry,D06,resource theory of asymmetry,0,False,,Exact no-creation logic for symmetric free operations; no nonpremise source is obtained.
C08+C09,adaptive operator and memory law + information/entropy geometry,D07,stochastic thermodynamics and feedback,2,True,entropy;feedback;information,"Requires bath, temperature, energy scale and reset ledger."
C08+C09,adaptive operator and memory law + information/entropy geometry,D08,information geometry and diffusion maps,2,False,geometry;inference;information;metric;probability,"Produces intrinsic dimensionless geometry, not SI length or spacetime."
C08+C09,adaptive operator and memory law + information/entropy geometry,D09,noncommutative geometry and spectral action,1,True,geometry;operator,"Spectral analogy is real; algebra, grading, real structure and scale remain additional data."
C08+C09,adaptive operator and memory law + information/entropy geometry,D10,renormalization and stable fractional limits,0,False,,Possible universality language; the audited strict family is not Schur-closed.
C08+C09,adaptive operator and memory law + information/entropy geometry,D11,"control, observability and process tomography",0,False,,"Operationally exact when preparations, clock and POVM are supplied."
C08+C09,adaptive operator and memory law + information/entropy geometry,D12,adaptive neural operators and reservoir memory,3,False,adaptive;feedback;learning;memory;nonlinear;operator,Mechanistic analogy; training objective and data provenance are not derived.
C08+C09,adaptive operator and memory law + information/entropy geometry,D13,"topological phases, cohomology and holonomy",0,False,geometry,Correct language for orientation carriers; no automatic signed section.
C08+C09,adaptive operator and memory law + information/entropy geometry,D14,causal-operational quantum theory,0,False,,Clarifies interventions and records; does not choose a physical realization.
C08+C09,adaptive operator and memory law + information/entropy geometry,D15,statistical field theory and random operators,2,True,entropy;nonlinear;probability,Useful null ensembles and effective-action comparisons; not an equivalence theorem.
C08+C10,adaptive operator and memory law + operational process tuple,D01,spectral graphs and quantum walks,0,False,,Exact at the finite operator level; not a continuum or laboratory identification.
C08+C10,adaptive operator and memory law + operational process tuple,D02,lattice Green functions and inverse field reconstruction,0,False,,Exact for chosen quadratic operators; interaction and physical units are extra.
C08+C10,adaptive operator and memory law + operational process tuple,D03,graph signal processing and wavelets,0,False,,Strong filter analogy; it does not supply ontology or dynamics by itself.
C08+C10,adaptive operator and memory law + operational process tuple,D04,"Kron reduction, Schur complements and multigrid",0,False,,Exact block algebra; closure inside the strict kernel family is separately false.
C08+C10,adaptive operator and memory law + operational process tuple,D05,Mori-Zwanzig reduction and process tensors,2,True,environment;memory;process,Exact reduced-memory mechanism after a declared observed/hidden split; the split is operational input.
C08+C10,adaptive operator and memory law + operational process tuple,D06,resource theory of asymmetry,0,False,measurement,Exact no-creation logic for symmetric free operations; no nonpremise source is obtained.
C08+C10,adaptive operator and memory law + operational process tuple,D07,stochastic thermodynamics and feedback,2,True,environment;feedback;measurement,"Requires bath, temperature, energy scale and reset ledger."
C08+C10,adaptive operator and memory law + operational process tuple,D08,information geometry and diffusion maps,0,False,,"Produces intrinsic dimensionless geometry, not SI length or spacetime."
C08+C10,adaptive operator and memory law + operational process tuple,D09,noncommutative geometry and spectral action,0,False,operator,"Spectral analogy is real; algebra, grading, real structure and scale remain additional data."
C08+C10,adaptive operator and memory law + operational process tuple,D10,renormalization and stable fractional limits,0,False,,Possible universality language; the audited strict family is not Schur-closed.
C08+C10,adaptive operator and memory law + operational process tuple,D11,"control, observability and process tomography",2,False,instrument;measurement;process;record,"Operationally exact when preparations, clock and POVM are supplied."
C08+C10,adaptive operator and memory law + operational process tuple,D12,adaptive neural operators and reservoir memory,3,False,adaptive;feedback;learning;memory;nonlinear;operator,Mechanistic analogy; training objective and data provenance are not derived.
C08+C10,adaptive operator and memory law + operational process tuple,D13,"topological phases, cohomology and holonomy",0,False,,Correct language for orientation carriers; no automatic signed section.
C08+C10,adaptive operator and memory law + operational process tuple,D14,causal-operational quantum theory,2,False,environment;instrument;measurement;observer;process,Clarifies interventions and records; does not choose a physical realization.
C08+C10,adaptive operator and memory law + operational process tuple,D15,statistical field theory and random operators,0,False,nonlinear,Useful null ensembles and effective-action comparisons; not an equivalence theorem.
C08+C11,adaptive operator and memory law + dimensional-scale obstruction,D01,spectral graphs and quantum walks,0,False,,Exact at the finite operator level; not a continuum or laboratory identification.
C08+C11,adaptive operator and memory law + dimensional-scale obstruction,D02,lattice Green functions and inverse field reconstruction,0,False,,Exact for chosen quadratic operators; interaction and physical units are extra.
C08+C11,adaptive operator and memory law + dimensional-scale obstruction,D03,graph signal processing and wavelets,0,False,,Strong filter analogy; it does not supply ontology or dynamics by itself.
C08+C11,adaptive operator and memory law + dimensional-scale obstruction,D04,"Kron reduction, Schur complements and multigrid",0,False,,Exact block algebra; closure inside the strict kernel family is separately false.
C08+C11,adaptive operator and memory law + dimensional-scale obstruction,D05,Mori-Zwanzig reduction and process tensors,0,False,memory,Exact reduced-memory mechanism after a declared observed/hidden split; the split is operational input.
C08+C11,adaptive operator and memory law + dimensional-scale obstruction,D06,resource theory of asymmetry,0,False,no_go,Exact no-creation logic for symmetric free operations; no nonpremise source is obtained.
C08+C11,adaptive operator and memory law + dimensional-scale obstruction,D07,stochastic thermodynamics and feedback,1,True,feedback;units,"Requires bath, temperature, energy scale and reset ledger."
C08+C11,adaptive operator and memory law + dimensional-scale obstruction,D08,information geometry and diffusion maps,0,False,,"Produces intrinsic dimensionless geometry, not SI length or spacetime."
C08+C11,adaptive operator and memory law + dimensional-scale obstruction,D09,noncommutative geometry and spectral action,1,True,dimensions;operator,"Spectral analogy is real; algebra, grading, real structure and scale remain additional data."
C08+C11,adaptive operator and memory law + dimensional-scale obstruction,D10,renormalization and stable fractional limits,0,False,scale,Possible universality language; the audited strict family is not Schur-closed.
C08+C11,adaptive operator and memory law + dimensional-scale obstruction,D11,"control, observability and process tomography",0,False,calibration,"Operationally exact when preparations, clock and POVM are supplied."
C08+C11,adaptive operator and memory law + dimensional-scale obstruction,D12,adaptive neural operators and reservoir memory,3,False,adaptive;feedback;learning;memory;nonlinear;operator,Mechanistic analogy; training objective and data provenance are not derived.
C08+C11,adaptive operator and memory law + dimensional-scale obstruction,D13,"topological phases, cohomology and holonomy",0,False,,Correct language for orientation carriers; no automatic signed section.
C08+C11,adaptive operator and memory law + dimensional-scale obstruction,D14,causal-operational quantum theory,0,False,,Clarifies interventions and records; does not choose a physical realization.
C08+C11,adaptive operator and memory law + dimensional-scale obstruction,D15,statistical field theory and random operators,1,True,nonlinear;scale,Useful null ensembles and effective-action comparisons; not an equivalence theorem.
C08+C12,adaptive operator and memory law + selector/source obstruction,D01,spectral graphs and quantum walks,0,False,,Exact at the finite operator level; not a continuum or laboratory identification.
C08+C12,adaptive operator and memory law + selector/source obstruction,D02,lattice Green functions and inverse field reconstruction,0,False,,Exact for chosen quadratic operators; interaction and physical units are extra.
C08+C12,adaptive operator and memory law + selector/source obstruction,D03,graph signal processing and wavelets,0,False,,Strong filter analogy; it does not supply ontology or dynamics by itself.
C08+C12,adaptive operator and memory law + selector/source obstruction,D04,"Kron reduction, Schur complements and multigrid",0,False,,Exact block algebra; closure inside the strict kernel family is separately false.
C08+C12,adaptive operator and memory law + selector/source obstruction,D05,Mori-Zwanzig reduction and process tensors,0,False,memory,Exact reduced-memory mechanism after a declared observed/hidden split; the split is operational input.
C08+C12,adaptive operator and memory law + selector/source obstruction,D06,resource theory of asymmetry,2,False,chirality;no_go;resource;selector;symmetry,Exact no-creation logic for symmetric free operations; no nonpremise source is obtained.
C08+C12,adaptive operator and memory law + selector/source obstruction,D07,stochastic thermodynamics and feedback,0,False,feedback,"Requires bath, temperature, energy scale and reset ledger."
C08+C12,adaptive operator and memory law + selector/source obstruction,D08,information geometry and diffusion maps,0,False,,"Produces intrinsic dimensionless geometry, not SI length or spacetime."
C08+C12,adaptive operator and memory law + selector/source obstruction,D09,noncommutative geometry and spectral action,0,False,operator,"Spectral analogy is real; algebra, grading, real structure and scale remain additional data."
C08+C12,adaptive operator and memory law + selector/source obstruction,D10,renormalization and stable fractional limits,0,False,,Possible universality language; the audited strict family is not Schur-closed.
C08+C12,adaptive operator and memory law + selector/source obstruction,D11,"control, observability and process tomography",0,False,,"Operationally exact when preparations, clock and POVM are supplied."
C08+C12,adaptive operator and memory law + selector/source obstruction,D12,adaptive neural operators and reservoir memory,3,False,adaptive;feedback;learning;memory;nonlinear;operator,Mechanistic analogy; training objective and data provenance are not derived.
C08+C12,adaptive operator and memory law + selector/source obstruction,D13,"topological phases, cohomology and holonomy",1,False,chirality;symmetry,Correct language for orientation carriers; no automatic signed section.
C08+C12,adaptive operator and memory law + selector/source obstruction,D14,causal-operational quantum theory,0,False,,Clarifies interventions and records; does not choose a physical realization.
C08+C12,adaptive operator and memory law + selector/source obstruction,D15,statistical field theory and random operators,0,False,nonlinear,Useful null ensembles and effective-action comparisons; not an equivalence theorem.
C09+C10,information/entropy geometry + operational process tuple,D01,spectral graphs and quantum walks,0,False,,Exact at the finite operator level; not a continuum or laboratory identification.
C09+C10,information/entropy geometry + operational process tuple,D02,lattice Green functions and inverse field reconstruction,0,False,,Exact for chosen quadratic operators; interaction and physical units are extra.
C09+C10,information/entropy geometry + operational process tuple,D03,graph signal processing and wavelets,0,False,,Strong filter analogy; it does not supply ontology or dynamics by itself.
C09+C10,information/entropy geometry + operational process tuple,D04,"Kron reduction, Schur complements and multigrid",0,False,,Exact block algebra; closure inside the strict kernel family is separately false.
C09+C10,information/entropy geometry + operational process tuple,D05,Mori-Zwanzig reduction and process tensors,1,False,environment;process,Exact reduced-memory mechanism after a declared observed/hidden split; the split is operational input.
C09+C10,information/entropy geometry + operational process tuple,D06,resource theory of asymmetry,0,False,measurement,Exact no-creation logic for symmetric free operations; no nonpremise source is obtained.
C09+C10,information/entropy geometry + operational process tuple,D07,stochastic thermodynamics and feedback,3,True,entropy;environment;information;measurement,"Requires bath, temperature, energy scale and reset ledger."
C09+C10,information/entropy geometry + operational process tuple,D08,information geometry and diffusion maps,2,False,geometry;inference;information;metric;probability,"Produces intrinsic dimensionless geometry, not SI length or spacetime."
C09+C10,information/entropy geometry + operational process tuple,D09,noncommutative geometry and spectral action,0,False,geometry,"Spectral analogy is real; algebra, grading, real structure and scale remain additional data."
C09+C10,information/entropy geometry + operational process tuple,D10,renormalization and stable fractional limits,0,False,,Possible universality language; the audited strict family is not Schur-closed.
C09+C10,information/entropy geometry + operational process tuple,D11,"control, observability and process tomography",2,False,instrument;measurement;process;record,"Operationally exact when preparations, clock and POVM are supplied."
C09+C10,information/entropy geometry + operational process tuple,D12,adaptive neural operators and reservoir memory,0,False,,Mechanistic analogy; training objective and data provenance are not derived.
C09+C10,information/entropy geometry + operational process tuple,D13,"topological phases, cohomology and holonomy",0,False,geometry,Correct language for orientation carriers; no automatic signed section.
C09+C10,information/entropy geometry + operational process tuple,D14,causal-operational quantum theory,2,False,environment;instrument;measurement;observer;process,Clarifies interventions and records; does not choose a physical realization.
C09+C10,information/entropy geometry + operational process tuple,D15,statistical field theory and random operators,1,False,entropy;probability,Useful null ensembles and effective-action comparisons; not an equivalence theorem.
C09+C11,information/entropy geometry + dimensional-scale obstruction,D01,spectral graphs and quantum walks,0,False,,Exact at the finite operator level; not a continuum or laboratory identification.
C09+C11,information/entropy geometry + dimensional-scale obstruction,D02,lattice Green functions and inverse field reconstruction,0,False,,Exact for chosen quadratic operators; interaction and physical units are extra.
C09+C11,information/entropy geometry + dimensional-scale obstruction,D03,graph signal processing and wavelets,0,False,,Strong filter analogy; it does not supply ontology or dynamics by itself.
C09+C11,information/entropy geometry + dimensional-scale obstruction,D04,"Kron reduction, Schur complements and multigrid",0,False,,Exact block algebra; closure inside the strict kernel family is separately false.
C09+C11,information/entropy geometry + dimensional-scale obstruction,D05,Mori-Zwanzig reduction and process tensors,0,False,,Exact reduced-memory mechanism after a declared observed/hidden split; the split is operational input.
C09+C11,information/entropy geometry + dimensional-scale obstruction,D06,resource theory of asymmetry,0,False,no_go,Exact no-creation logic for symmetric free operations; no nonpremise source is obtained.
C09+C11,information/entropy geometry + dimensional-scale obstruction,D07,stochastic thermodynamics and feedback,2,True,entropy;information;units,"Requires bath, temperature, energy scale and reset ledger."
C09+C11,information/entropy geometry + dimensional-scale obstruction,D08,information geometry and diffusion maps,2,False,geometry;inference;information;metric;probability,"Produces intrinsic dimensionless geometry, not SI length or spacetime."
C09+C11,information/entropy geometry + dimensional-scale obstruction,D09,noncommutative geometry and spectral action,1,True,dimensions;geometry,"Spectral analogy is real; algebra, grading, real structure and scale remain additional data."
C09+C11,information/entropy geometry + dimensional-scale obstruction,D10,renormalization and stable fractional limits,0,False,scale,Possible universality language; the audited strict family is not Schur-closed.
C09+C11,information/entropy geometry + dimensional-scale obstruction,D11,"control, observability and process tomography",0,False,calibration,"Operationally exact when preparations, clock and POVM are supplied."
C09+C11,information/entropy geometry + dimensional-scale obstruction,D12,adaptive neural operators and reservoir memory,0,False,,Mechanistic analogy; training objective and data provenance are not derived.
C09+C11,information/entropy geometry + dimensional-scale obstruction,D13,"topological phases, cohomology and holonomy",0,False,geometry,Correct language for orientation carriers; no automatic signed section.
C09+C11,information/entropy geometry + dimensional-scale obstruction,D14,causal-operational quantum theory,0,False,,Clarifies interventions and records; does not choose a physical realization.
C09+C11,information/entropy geometry + dimensional-scale obstruction,D15,statistical field theory and random operators,2,True,entropy;probability;scale,Useful null ensembles and effective-action comparisons; not an equivalence theorem.
C09+C12,information/entropy geometry + selector/source obstruction,D01,spectral graphs and quantum walks,0,False,,Exact at the finite operator level; not a continuum or laboratory identification.
C09+C12,information/entropy geometry + selector/source obstruction,D02,lattice Green functions and inverse field reconstruction,0,False,,Exact for chosen quadratic operators; interaction and physical units are extra.
C09+C12,information/entropy geometry + selector/source obstruction,D03,graph signal processing and wavelets,0,False,,Strong filter analogy; it does not supply ontology or dynamics by itself.
C09+C12,information/entropy geometry + selector/source obstruction,D04,"Kron reduction, Schur complements and multigrid",0,False,,Exact block algebra; closure inside the strict kernel family is separately false.
C09+C12,information/entropy geometry + selector/source obstruction,D05,Mori-Zwanzig reduction and process tensors,0,False,,Exact reduced-memory mechanism after a declared observed/hidden split; the split is operational input.
C09+C12,information/entropy geometry + selector/source obstruction,D06,resource theory of asymmetry,2,False,chirality;no_go;resource;selector;symmetry,Exact no-creation logic for symmetric free operations; no nonpremise source is obtained.
C09+C12,information/entropy geometry + selector/source obstruction,D07,stochastic thermodynamics and feedback,1,False,entropy;information,"Requires bath, temperature, energy scale and reset ledger."
C09+C12,information/entropy geometry + selector/source obstruction,D08,information geometry and diffusion maps,2,False,geometry;inference;information;metric;probability,"Produces intrinsic dimensionless geometry, not SI length or spacetime."
C09+C12,information/entropy geometry + selector/source obstruction,D09,noncommutative geometry and spectral action,0,False,geometry,"Spectral analogy is real; algebra, grading, real structure and scale remain additional data."
C09+C12,information/entropy geometry + selector/source obstruction,D10,renormalization and stable fractional limits,0,False,,Possible universality language; the audited strict family is not Schur-closed.
C09+C12,information/entropy geometry + selector/source obstruction,D11,"control, observability and process tomography",0,False,,"Operationally exact when preparations, clock and POVM are supplied."
C09+C12,information/entropy geometry + selector/source obstruction,D12,adaptive neural operators and reservoir memory,0,False,,Mechanistic analogy; training objective and data provenance are not derived.
C09+C12,information/entropy geometry + selector/source obstruction,D13,"topological phases, cohomology and holonomy",2,True,chirality;geometry;symmetry,Correct language for orientation carriers; no automatic signed section.
C09+C12,information/entropy geometry + selector/source obstruction,D14,causal-operational quantum theory,0,False,,Clarifies interventions and records; does not choose a physical realization.
C09+C12,information/entropy geometry + selector/source obstruction,D15,statistical field theory and random operators,1,False,entropy;probability,Useful null ensembles and effective-action comparisons; not an equivalence theorem.
C10+C11,operational process tuple + dimensional-scale obstruction,D01,spectral graphs and quantum walks,0,False,,Exact at the finite operator level; not a continuum or laboratory identification.
C10+C11,operational process tuple + dimensional-scale obstruction,D02,lattice Green functions and inverse field reconstruction,0,False,,Exact for chosen quadratic operators; interaction and physical units are extra.
C10+C11,operational process tuple + dimensional-scale obstruction,D03,graph signal processing and wavelets,0,False,,Strong filter analogy; it does not supply ontology or dynamics by itself.
C10+C11,operational process tuple + dimensional-scale obstruction,D04,"Kron reduction, Schur complements and multigrid",0,False,,Exact block algebra; closure inside the strict kernel family is separately false.
C10+C11,operational process tuple + dimensional-scale obstruction,D05,Mori-Zwanzig reduction and process tensors,1,False,environment;process,Exact reduced-memory mechanism after a declared observed/hidden split; the split is operational input.
C10+C11,operational process tuple + dimensional-scale obstruction,D06,resource theory of asymmetry,1,True,measurement;no_go,Exact no-creation logic for symmetric free operations; no nonpremise source is obtained.
C10+C11,operational process tuple + dimensional-scale obstruction,D07,stochastic thermodynamics and feedback,2,True,environment;measurement;units,"Requires bath, temperature, energy scale and reset ledger."
C10+C11,operational process tuple + dimensional-scale obstruction,D08,information geometry and diffusion maps,0,False,,"Produces intrinsic dimensionless geometry, not SI length or spacetime."
C10+C11,operational process tuple + dimensional-scale obstruction,D09,noncommutative geometry and spectral action,0,False,dimensions,"Spectral analogy is real; algebra, grading, real structure and scale remain additional data."
C10+C11,operational process tuple + dimensional-scale obstruction,D10,renormalization and stable fractional limits,0,False,scale,Possible universality language; the audited strict family is not Schur-closed.
C10+C11,operational process tuple + dimensional-scale obstruction,D11,"control, observability and process tomography",3,True,calibration;instrument;measurement;process;record,"Operationally exact when preparations, clock and POVM are supplied."
C10+C11,operational process tuple + dimensional-scale obstruction,D12,adaptive neural operators and reservoir memory,0,False,,Mechanistic analogy; training objective and data provenance are not derived.
C10+C11,operational process tuple + dimensional-scale obstruction,D13,"topological phases, cohomology and holonomy",0,False,,Correct language for orientation carriers; no automatic signed section.
C10+C11,operational process tuple + dimensional-scale obstruction,D14,causal-operational quantum theory,2,False,environment;instrument;measurement;observer;process,Clarifies interventions and records; does not choose a physical realization.
C10+C11,operational process tuple + dimensional-scale obstruction,D15,statistical field theory and random operators,0,False,scale,Useful null ensembles and effective-action comparisons; not an equivalence theorem.
C10+C12,operational process tuple + selector/source obstruction,D01,spectral graphs and quantum walks,0,False,,Exact at the finite operator level; not a continuum or laboratory identification.
C10+C12,operational process tuple + selector/source obstruction,D02,lattice Green functions and inverse field reconstruction,0,False,,Exact for chosen quadratic operators; interaction and physical units are extra.
C10+C12,operational process tuple + selector/source obstruction,D03,graph signal processing and wavelets,0,False,,Strong filter analogy; it does not supply ontology or dynamics by itself.
C10+C12,operational process tuple + selector/source obstruction,D04,"Kron reduction, Schur complements and multigrid",0,False,,Exact block algebra; closure inside the strict kernel family is separately false.
C10+C12,operational process tuple + selector/source obstruction,D05,Mori-Zwanzig reduction and process tensors,1,False,environment;process,Exact reduced-memory mechanism after a declared observed/hidden split; the split is operational input.
C10+C12,operational process tuple + selector/source obstruction,D06,resource theory of asymmetry,4,True,chirality;measurement;no_go;resource;selector;symmetry,Exact no-creation logic for symmetric free operations; no nonpremise source is obtained.
C10+C12,operational process tuple + selector/source obstruction,D07,stochastic thermodynamics and feedback,1,False,environment;measurement,"Requires bath, temperature, energy scale and reset ledger."
C10+C12,operational process tuple + selector/source obstruction,D08,information geometry and diffusion maps,0,False,,"Produces intrinsic dimensionless geometry, not SI length or spacetime."
C10+C12,operational process tuple + selector/source obstruction,D09,noncommutative geometry and spectral action,0,False,,"Spectral analogy is real; algebra, grading, real structure and scale remain additional data."
C10+C12,operational process tuple + selector/source obstruction,D10,renormalization and stable fractional limits,0,False,,Possible universality language; the audited strict family is not Schur-closed.
C10+C12,operational process tuple + selector/source obstruction,D11,"control, observability and process tomography",2,False,instrument;measurement;process;record,"Operationally exact when preparations, clock and POVM are supplied."
C10+C12,operational process tuple + selector/source obstruction,D12,adaptive neural operators and reservoir memory,0,False,,Mechanistic analogy; training objective and data provenance are not derived.
C10+C12,operational process tuple + selector/source obstruction,D13,"topological phases, cohomology and holonomy",1,False,chirality;symmetry,Correct language for orientation carriers; no automatic signed section.
C10+C12,operational process tuple + selector/source obstruction,D14,causal-operational quantum theory,2,False,environment;instrument;measurement;observer;process,Clarifies interventions and records; does not choose a physical realization.
C10+C12,operational process tuple + selector/source obstruction,D15,statistical field theory and random operators,0,False,,Useful null ensembles and effective-action comparisons; not an equivalence theorem.
C11+C12,dimensional-scale obstruction + selector/source obstruction,D01,spectral graphs and quantum walks,0,False,,Exact at the finite operator level; not a continuum or laboratory identification.
C11+C12,dimensional-scale obstruction + selector/source obstruction,D02,lattice Green functions and inverse field reconstruction,0,False,,Exact for chosen quadratic operators; interaction and physical units are extra.
C11+C12,dimensional-scale obstruction + selector/source obstruction,D03,graph signal processing and wavelets,0,False,,Strong filter analogy; it does not supply ontology or dynamics by itself.
C11+C12,dimensional-scale obstruction + selector/source obstruction,D04,"Kron reduction, Schur complements and multigrid",0,False,,Exact block algebra; closure inside the strict kernel family is separately false.
C11+C12,dimensional-scale obstruction + selector/source obstruction,D05,Mori-Zwanzig reduction and process tensors,0,False,,Exact reduced-memory mechanism after a declared observed/hidden split; the split is operational input.
C11+C12,dimensional-scale obstruction + selector/source obstruction,D06,resource theory of asymmetry,4,True,chirality;no_go;resource;selector;symmetry,Exact no-creation logic for symmetric free operations; no nonpremise source is obtained.
C11+C12,dimensional-scale obstruction + selector/source obstruction,D07,stochastic thermodynamics and feedback,1,False,units,"Requires bath, temperature, energy scale and reset ledger."
C11+C12,dimensional-scale obstruction + selector/source obstruction,D08,information geometry and diffusion maps,0,False,,"Produces intrinsic dimensionless geometry, not SI length or spacetime."
C11+C12,dimensional-scale obstruction + selector/source obstruction,D09,noncommutative geometry and spectral action,1,False,dimensions,"Spectral analogy is real; algebra, grading, real structure and scale remain additional data."
C11+C12,dimensional-scale obstruction + selector/source obstruction,D10,renormalization and stable fractional limits,1,False,scale,Possible universality language; the audited strict family is not Schur-closed.
C11+C12,dimensional-scale obstruction + selector/source obstruction,D11,"control, observability and process tomography",1,False,calibration,"Operationally exact when preparations, clock and POVM are supplied."
C11+C12,dimensional-scale obstruction + selector/source obstruction,D12,adaptive neural operators and reservoir memory,0,False,,Mechanistic analogy; training objective and data provenance are not derived.
C11+C12,dimensional-scale obstruction + selector/source obstruction,D13,"topological phases, cohomology and holonomy",1,False,chirality;symmetry,Correct language for orientation carriers; no automatic signed section.
C11+C12,dimensional-scale obstruction + selector/source obstruction,D14,causal-operational quantum theory,0,False,,Clarifies interventions and records; does not choose a physical realization.
C11+C12,dimensional-scale obstruction + selector/source obstruction,D15,statistical field theory and random operators,1,False,scale,Useful null ensembles and effective-action comparisons; not an equivalence theorem.
