size,combination,base_puzzles,common_operation,derived_candidate,object_space,new_observable,new_dynamics,status,screening_verdict
1,C01,strict oscillatory-damped kernel,base object only,No derivative at generation 1,declared base characteristic,none beyond the base puzzle,none beyond the base puzzle,[Proven],Input inventory item
1,C02,legacy intermediate bridge profile,base object only,No derivative at generation 1,declared base characteristic,none beyond the base puzzle,none beyond the base puzzle,[Proven],Input inventory item
1,C03,positive graph Laplacian A,base object only,No derivative at generation 1,declared base characteristic,none beyond the base puzzle,none beyond the base puzzle,[Proven],Input inventory item
1,C04,unitary/heat dual functional calculus,base object only,No derivative at generation 1,declared base characteristic,none beyond the base puzzle,none beyond the base puzzle,[Proven],Input inventory item
1,C05,Green/resolvent/action reconstruction,base object only,No derivative at generation 1,declared base characteristic,none beyond the base puzzle,none beyond the base puzzle,[Proven],Input inventory item
1,C06,orientation cocycle and chiral receivers,base object only,No derivative at generation 1,declared base characteristic,none beyond the base puzzle,none beyond the base puzzle,[Proven],Input inventory item
1,C07,fractal Schur compression,base object only,No derivative at generation 1,declared base characteristic,none beyond the base puzzle,none beyond the base puzzle,[Proven],Input inventory item
1,C08,adaptive operator and memory law,base object only,No derivative at generation 1,declared base characteristic,none beyond the base puzzle,none beyond the base puzzle,[Proven],Input inventory item
1,C09,information/entropy geometry,base object only,No derivative at generation 1,declared base characteristic,none beyond the base puzzle,none beyond the base puzzle,[Proven],Input inventory item
1,C10,operational process tuple,base object only,No derivative at generation 1,declared base characteristic,none beyond the base puzzle,none beyond the base puzzle,[Proven],Input inventory item
1,C11,dimensional-scale obstruction,base object only,No derivative at generation 1,declared base characteristic,none beyond the base puzzle,none beyond the base puzzle,[Proven],Input inventory item
1,C12,selector/source obstruction,base object only,No derivative at generation 1,declared base characteristic,none beyond the base puzzle,none beyond the base puzzle,[Proven],Input inventory item
2,C01+C02,strict oscillatory-damped kernel + legacy intermediate bridge profile,compare a declared completion map with strict projective shape,Legacy-Strict Completion Defect,residual/obstruction space between kernel families,completion residual and role-safe mismatch,none unless a typed completion flow is supplied,[Proven],Typed derivative generated
2,C01+C03,strict oscillatory-damped kernel + positive graph Laplacian A,no typed common operation in the declared finite grammar,No admitted derivative,not constructed,not constructed,not constructed,[Refuted],Visual juxtaposition alone was rejected
2,C01+C04,strict oscillatory-damped kernel + unitary/heat dual functional calculus,no typed common operation in the declared finite grammar,No admitted derivative,not constructed,not constructed,not constructed,[Refuted],Visual juxtaposition alone was rejected
2,C01+C05,strict oscillatory-damped kernel + Green/resolvent/action reconstruction,no typed common operation in the declared finite grammar,No admitted derivative,not constructed,not constructed,not constructed,[Refuted],Visual juxtaposition alone was rejected
2,C01+C06,strict oscillatory-damped kernel + orientation cocycle and chiral receivers,no typed common operation in the declared finite grammar,No admitted derivative,not constructed,not constructed,not constructed,[Refuted],Visual juxtaposition alone was rejected
2,C01+C07,strict oscillatory-damped kernel + fractal Schur compression,no typed common operation in the declared finite grammar,No admitted derivative,not constructed,not constructed,not constructed,[Refuted],Visual juxtaposition alone was rejected
2,C01+C08,strict oscillatory-damped kernel + adaptive operator and memory law,no typed common operation in the declared finite grammar,No admitted derivative,not constructed,not constructed,not constructed,[Refuted],Visual juxtaposition alone was rejected
2,C01+C09,strict oscillatory-damped kernel + information/entropy geometry,no typed common operation in the declared finite grammar,No admitted derivative,not constructed,not constructed,not constructed,[Refuted],Visual juxtaposition alone was rejected
2,C01+C10,strict oscillatory-damped kernel + operational process tuple,no typed common operation in the declared finite grammar,No admitted derivative,not constructed,not constructed,not constructed,[Refuted],Visual juxtaposition alone was rejected
2,C01+C11,strict oscillatory-damped kernel + dimensional-scale obstruction,quotient positive generator rescaling,Projective Spectral Fingerprint,ordered eigenvalue-ratio simplex,scale-free spectral ratios,none beyond the inferred dimensionless generator ray,[Proven],Typed derivative generated
2,C01+C12,strict oscillatory-damped kernel + selector/source obstruction,no typed common operation in the declared finite grammar,No admitted derivative,not constructed,not constructed,not constructed,[Refuted],Visual juxtaposition alone was rejected
2,C02+C03,legacy intermediate bridge profile + positive graph Laplacian A,no typed common operation in the declared finite grammar,No admitted derivative,not constructed,not constructed,not constructed,[Refuted],Visual juxtaposition alone was rejected
2,C02+C04,legacy intermediate bridge profile + unitary/heat dual functional calculus,no typed common operation in the declared finite grammar,No admitted derivative,not constructed,not constructed,not constructed,[Refuted],Visual juxtaposition alone was rejected
2,C02+C05,legacy intermediate bridge profile + Green/resolvent/action reconstruction,no typed common operation in the declared finite grammar,No admitted derivative,not constructed,not constructed,not constructed,[Refuted],Visual juxtaposition alone was rejected
2,C02+C06,legacy intermediate bridge profile + orientation cocycle and chiral receivers,no typed common operation in the declared finite grammar,No admitted derivative,not constructed,not constructed,not constructed,[Refuted],Visual juxtaposition alone was rejected
2,C02+C07,legacy intermediate bridge profile + fractal Schur compression,no typed common operation in the declared finite grammar,No admitted derivative,not constructed,not constructed,not constructed,[Refuted],Visual juxtaposition alone was rejected
2,C02+C08,legacy intermediate bridge profile + adaptive operator and memory law,no typed common operation in the declared finite grammar,No admitted derivative,not constructed,not constructed,not constructed,[Refuted],Visual juxtaposition alone was rejected
2,C02+C09,legacy intermediate bridge profile + information/entropy geometry,no typed common operation in the declared finite grammar,No admitted derivative,not constructed,not constructed,not constructed,[Refuted],Visual juxtaposition alone was rejected
2,C02+C10,legacy intermediate bridge profile + operational process tuple,no typed common operation in the declared finite grammar,No admitted derivative,not constructed,not constructed,not constructed,[Refuted],Visual juxtaposition alone was rejected
2,C02+C11,legacy intermediate bridge profile + dimensional-scale obstruction,no typed common operation in the declared finite grammar,No admitted derivative,not constructed,not constructed,not constructed,[Refuted],Visual juxtaposition alone was rejected
2,C02+C12,legacy intermediate bridge profile + selector/source obstruction,no typed common operation in the declared finite grammar,No admitted derivative,not constructed,not constructed,not constructed,[Refuted],Visual juxtaposition alone was rejected
2,C03+C04,positive graph Laplacian A + unitary/heat dual functional calculus,holomorphic/Borel functional calculus of one positive generator,Dual Spectral Ray,commutative operator algebra generated by A,spectral response along real and imaginary time rays,unitary group plus heat semigroup,[Proven],Typed derivative generated
2,C03+C05,positive graph Laplacian A + Green/resolvent/action reconstruction,operator inversion followed by stationary-action reconstruction,Quadratic Green Action,quadratic forms on the zero-mode quotient or a regulated Hilbert space,source response and on-shell quadratic value,gradient flow or Hamiltonian flow only after an explicit temporal rule,[Proven],Typed derivative generated
2,C03+C06,positive graph Laplacian A + orientation cocycle and chiral receivers,no typed common operation in the declared finite grammar,No admitted derivative,not constructed,not constructed,not constructed,[Refuted],Visual juxtaposition alone was rejected
2,C03+C07,positive graph Laplacian A + fractal Schur compression,Kron/Schur elimination of hidden vertices,Static Schur Effective Generator,positive graph Laplacians on retained contexts,static boundary response,not exact dynamically unless memory vanishes,[Proven],Typed derivative generated
2,C03+C08,positive graph Laplacian A + adaptive operator and memory law,no typed common operation in the declared finite grammar,No admitted derivative,not constructed,not constructed,not constructed,[Refuted],Visual juxtaposition alone was rejected
2,C03+C09,positive graph Laplacian A + information/entropy geometry,no typed common operation in the declared finite grammar,No admitted derivative,not constructed,not constructed,not constructed,[Refuted],Visual juxtaposition alone was rejected
2,C03+C10,positive graph Laplacian A + operational process tuple,no typed common operation in the declared finite grammar,No admitted derivative,not constructed,not constructed,not constructed,[Refuted],Visual juxtaposition alone was rejected
2,C03+C11,positive graph Laplacian A + dimensional-scale obstruction,no typed common operation in the declared finite grammar,No admitted derivative,not constructed,not constructed,not constructed,[Refuted],Visual juxtaposition alone was rejected
2,C03+C12,positive graph Laplacian A + selector/source obstruction,no typed common operation in the declared finite grammar,No admitted derivative,not constructed,not constructed,not constructed,[Refuted],Visual juxtaposition alone was rejected
2,C04+C05,unitary/heat dual functional calculus + Green/resolvent/action reconstruction,no typed common operation in the declared finite grammar,No admitted derivative,not constructed,not constructed,not constructed,[Refuted],Visual juxtaposition alone was rejected
2,C04+C06,unitary/heat dual functional calculus + orientation cocycle and chiral receivers,no typed common operation in the declared finite grammar,No admitted derivative,not constructed,not constructed,not constructed,[Refuted],Visual juxtaposition alone was rejected
2,C04+C07,unitary/heat dual functional calculus + fractal Schur compression,no typed common operation in the declared finite grammar,No admitted derivative,not constructed,not constructed,not constructed,[Refuted],Visual juxtaposition alone was rejected
2,C04+C08,unitary/heat dual functional calculus + adaptive operator and memory law,no typed common operation in the declared finite grammar,No admitted derivative,not constructed,not constructed,not constructed,[Refuted],Visual juxtaposition alone was rejected
2,C04+C09,unitary/heat dual functional calculus + information/entropy geometry,construct diffusion distances from heat-kernel rows,Heat Information Metric,dimensionless metric family indexed by heat time,multi-scale distinguishability,contractive geometry under the heat semigroup,[Proven],Typed derivative generated
2,C04+C10,unitary/heat dual functional calculus + operational process tuple,insert preparations and instruments into two functional-calculus rays,Operational Dual Process,multi-time probability/process objects,intervention-conditioned records,wave and diffusion records with separate environments,[Proven],Typed derivative generated
2,C04+C11,unitary/heat dual functional calculus + dimensional-scale obstruction,no typed common operation in the declared finite grammar,No admitted derivative,not constructed,not constructed,not constructed,[Refuted],Visual juxtaposition alone was rejected
2,C04+C12,unitary/heat dual functional calculus + selector/source obstruction,no typed common operation in the declared finite grammar,No admitted derivative,not constructed,not constructed,not constructed,[Refuted],Visual juxtaposition alone was rejected
2,C05+C06,Green/resolvent/action reconstruction + orientation cocycle and chiral receivers,no typed common operation in the declared finite grammar,No admitted derivative,not constructed,not constructed,not constructed,[Refuted],Visual juxtaposition alone was rejected
2,C05+C07,Green/resolvent/action reconstruction + fractal Schur compression,no typed common operation in the declared finite grammar,No admitted derivative,not constructed,not constructed,not constructed,[Refuted],Visual juxtaposition alone was rejected
2,C05+C08,Green/resolvent/action reconstruction + adaptive operator and memory law,no typed common operation in the declared finite grammar,No admitted derivative,not constructed,not constructed,not constructed,[Refuted],Visual juxtaposition alone was rejected
2,C05+C09,Green/resolvent/action reconstruction + information/entropy geometry,no typed common operation in the declared finite grammar,No admitted derivative,not constructed,not constructed,not constructed,[Refuted],Visual juxtaposition alone was rejected
2,C05+C10,Green/resolvent/action reconstruction + operational process tuple,no typed common operation in the declared finite grammar,No admitted derivative,not constructed,not constructed,not constructed,[Refuted],Visual juxtaposition alone was rejected
2,C05+C11,Green/resolvent/action reconstruction + dimensional-scale obstruction,no typed common operation in the declared finite grammar,No admitted derivative,not constructed,not constructed,not constructed,[Refuted],Visual juxtaposition alone was rejected
2,C05+C12,Green/resolvent/action reconstruction + selector/source obstruction,no typed common operation in the declared finite grammar,No admitted derivative,not constructed,not constructed,not constructed,[Refuted],Visual juxtaposition alone was rejected
2,C06+C07,orientation cocycle and chiral receivers + fractal Schur compression,no typed common operation in the declared finite grammar,No admitted derivative,not constructed,not constructed,not constructed,[Refuted],Visual juxtaposition alone was rejected
2,C06+C08,orientation cocycle and chiral receivers + adaptive operator and memory law,no typed common operation in the declared finite grammar,No admitted derivative,not constructed,not constructed,not constructed,[Refuted],Visual juxtaposition alone was rejected
2,C06+C09,orientation cocycle and chiral receivers + information/entropy geometry,no typed common operation in the declared finite grammar,No admitted derivative,not constructed,not constructed,not constructed,[Refuted],Visual juxtaposition alone was rejected
2,C06+C10,orientation cocycle and chiral receivers + operational process tuple,no typed common operation in the declared finite grammar,No admitted derivative,not constructed,not constructed,not constructed,[Refuted],Visual juxtaposition alone was rejected
2,C06+C11,orientation cocycle and chiral receivers + dimensional-scale obstruction,no typed common operation in the declared finite grammar,No admitted derivative,not constructed,not constructed,not constructed,[Refuted],Visual juxtaposition alone was rejected
2,C06+C12,orientation cocycle and chiral receivers + selector/source obstruction,pair an inversion-odd observable with a prepared state,Asymmetry Resource Receiver,reflection-asymmetry resource preorder,signed current/bispectrum/cocycle response,covariant channels cannot create the missing mode,[Proven],Typed derivative generated
2,C07+C08,fractal Schur compression + adaptive operator and memory law,no typed common operation in the declared finite grammar,No admitted derivative,not constructed,not constructed,not constructed,[Refuted],Visual juxtaposition alone was rejected
2,C07+C09,fractal Schur compression + information/entropy geometry,no typed common operation in the declared finite grammar,No admitted derivative,not constructed,not constructed,not constructed,[Refuted],Visual juxtaposition alone was rejected
2,C07+C10,fractal Schur compression + operational process tuple,no typed common operation in the declared finite grammar,No admitted derivative,not constructed,not constructed,not constructed,[Refuted],Visual juxtaposition alone was rejected
2,C07+C11,fractal Schur compression + dimensional-scale obstruction,no typed common operation in the declared finite grammar,No admitted derivative,not constructed,not constructed,not constructed,[Refuted],Visual juxtaposition alone was rejected
2,C07+C12,fractal Schur compression + selector/source obstruction,no typed common operation in the declared finite grammar,No admitted derivative,not constructed,not constructed,not constructed,[Refuted],Visual juxtaposition alone was rejected
2,C08+C09,adaptive operator and memory law + information/entropy geometry,no typed common operation in the declared finite grammar,No admitted derivative,not constructed,not constructed,not constructed,[Refuted],Visual juxtaposition alone was rejected
2,C08+C10,adaptive operator and memory law + operational process tuple,update an operator model from intervention-conditioned records,Adaptive Process Estimator,operator-valued state space with apparatus memory,held-out process likelihood or residual,nonlinear learning coupled to process dynamics,[Moderate evidence],Typed derivative generated
2,C08+C11,adaptive operator and memory law + dimensional-scale obstruction,no typed common operation in the declared finite grammar,No admitted derivative,not constructed,not constructed,not constructed,[Refuted],Visual juxtaposition alone was rejected
2,C08+C12,adaptive operator and memory law + selector/source obstruction,no typed common operation in the declared finite grammar,No admitted derivative,not constructed,not constructed,not constructed,[Refuted],Visual juxtaposition alone was rejected
2,C09+C10,information/entropy geometry + operational process tuple,no typed common operation in the declared finite grammar,No admitted derivative,not constructed,not constructed,not constructed,[Refuted],Visual juxtaposition alone was rejected
2,C09+C11,information/entropy geometry + dimensional-scale obstruction,no typed common operation in the declared finite grammar,No admitted derivative,not constructed,not constructed,not constructed,[Refuted],Visual juxtaposition alone was rejected
2,C09+C12,information/entropy geometry + selector/source obstruction,no typed common operation in the declared finite grammar,No admitted derivative,not constructed,not constructed,not constructed,[Refuted],Visual juxtaposition alone was rejected
2,C10+C11,operational process tuple + dimensional-scale obstruction,quotient simultaneous generator-time rescaling,Operational Calibration Torsor,"principal positive-scale orbit of (A,tau)",projective spectrum before an external section is supplied,same transition operator on every scale-orbit representative,[Proven],Typed derivative generated
2,C10+C12,operational process tuple + selector/source obstruction,no typed common operation in the declared finite grammar,No admitted derivative,not constructed,not constructed,not constructed,[Refuted],Visual juxtaposition alone was rejected
2,C11+C12,dimensional-scale obstruction + selector/source obstruction,no typed common operation in the declared finite grammar,No admitted derivative,not constructed,not constructed,not constructed,[Refuted],Visual juxtaposition alone was rejected
3,C01+C02+C03,strict oscillatory-damped kernel + legacy intermediate bridge profile + positive graph Laplacian A,compare a declared completion map with strict projective shape,Legacy-Strict Completion Defect,residual/obstruction space between kernel families,completion residual and role-safe mismatch,none unless a typed completion flow is supplied,[Proven],Inherited lower-order object; no new irreducible coupling
3,C01+C02+C04,strict oscillatory-damped kernel + legacy intermediate bridge profile + unitary/heat dual functional calculus,compare a declared completion map with strict projective shape,Legacy-Strict Completion Defect,residual/obstruction space between kernel families,completion residual and role-safe mismatch,none unless a typed completion flow is supplied,[Proven],Inherited lower-order object; no new irreducible coupling
3,C01+C02+C05,strict oscillatory-damped kernel + legacy intermediate bridge profile + Green/resolvent/action reconstruction,compare a declared completion map with strict projective shape,Legacy-Strict Completion Defect,residual/obstruction space between kernel families,completion residual and role-safe mismatch,none unless a typed completion flow is supplied,[Proven],Inherited lower-order object; no new irreducible coupling
3,C01+C02+C06,strict oscillatory-damped kernel + legacy intermediate bridge profile + orientation cocycle and chiral receivers,compare a declared completion map with strict projective shape,Legacy-Strict Completion Defect,residual/obstruction space between kernel families,completion residual and role-safe mismatch,none unless a typed completion flow is supplied,[Proven],Inherited lower-order object; no new irreducible coupling
3,C01+C02+C07,strict oscillatory-damped kernel + legacy intermediate bridge profile + fractal Schur compression,transport the legacy-strict residual through nested reductions,Multiscale Completion-Defect Tower,scale-indexed obstruction diagram,"whether bridge defect contracts, persists or grows","reduction-index flow, not physical time",[Moderate evidence],Typed derivative generated
3,C01+C02+C08,strict oscillatory-damped kernel + legacy intermediate bridge profile + adaptive operator and memory law,compare a declared completion map with strict projective shape,Legacy-Strict Completion Defect,residual/obstruction space between kernel families,completion residual and role-safe mismatch,none unless a typed completion flow is supplied,[Proven],Inherited lower-order object; no new irreducible coupling
3,C01+C02+C09,strict oscillatory-damped kernel + legacy intermediate bridge profile + information/entropy geometry,compare a declared completion map with strict projective shape,Legacy-Strict Completion Defect,residual/obstruction space between kernel families,completion residual and role-safe mismatch,none unless a typed completion flow is supplied,[Proven],Inherited lower-order object; no new irreducible coupling
3,C01+C02+C10,strict oscillatory-damped kernel + legacy intermediate bridge profile + operational process tuple,compare a declared completion map with strict projective shape,Legacy-Strict Completion Defect,residual/obstruction space between kernel families,completion residual and role-safe mismatch,none unless a typed completion flow is supplied,[Proven],Inherited lower-order object; no new irreducible coupling
3,C01+C02+C11,strict oscillatory-damped kernel + legacy intermediate bridge profile + dimensional-scale obstruction,quotient positive generator rescaling | compare a declared completion map with strict projective shape,Projective Spectral Fingerprint | Legacy-Strict Completion Defect,ordered eigenvalue-ratio simplex | residual/obstruction space between kernel families,scale-free spectral ratios | completion residual and role-safe mismatch,none beyond the inferred dimensionless generator ray | none unless a typed completion flow is supplied,[Proven],Inherited lower-order object; no new irreducible coupling
3,C01+C02+C12,strict oscillatory-damped kernel + legacy intermediate bridge profile + selector/source obstruction,compare a declared completion map with strict projective shape,Legacy-Strict Completion Defect,residual/obstruction space between kernel families,completion residual and role-safe mismatch,none unless a typed completion flow is supplied,[Proven],Inherited lower-order object; no new irreducible coupling
3,C01+C03+C04,strict oscillatory-damped kernel + positive graph Laplacian A + unitary/heat dual functional calculus,holomorphic/Borel functional calculus of one positive generator,Dual Spectral Ray,commutative operator algebra generated by A,spectral response along real and imaginary time rays,unitary group plus heat semigroup,[Proven],Inherited lower-order object; no new irreducible coupling
3,C01+C03+C05,strict oscillatory-damped kernel + positive graph Laplacian A + Green/resolvent/action reconstruction,operator inversion followed by stationary-action reconstruction,Quadratic Green Action,quadratic forms on the zero-mode quotient or a regulated Hilbert space,source response and on-shell quadratic value,gradient flow or Hamiltonian flow only after an explicit temporal rule,[Proven],Inherited lower-order object; no new irreducible coupling
3,C01+C03+C06,strict oscillatory-damped kernel + positive graph Laplacian A + orientation cocycle and chiral receivers,no typed common operation in the declared finite grammar,No admitted derivative,not constructed,not constructed,not constructed,[Refuted],Visual juxtaposition alone was rejected
3,C01+C03+C07,strict oscillatory-damped kernel + positive graph Laplacian A + fractal Schur compression,Kron/Schur elimination of hidden vertices,Static Schur Effective Generator,positive graph Laplacians on retained contexts,static boundary response,not exact dynamically unless memory vanishes,[Proven],Inherited lower-order object; no new irreducible coupling
3,C01+C03+C08,strict oscillatory-damped kernel + positive graph Laplacian A + adaptive operator and memory law,no typed common operation in the declared finite grammar,No admitted derivative,not constructed,not constructed,not constructed,[Refuted],Visual juxtaposition alone was rejected
3,C01+C03+C09,strict oscillatory-damped kernel + positive graph Laplacian A + information/entropy geometry,no typed common operation in the declared finite grammar,No admitted derivative,not constructed,not constructed,not constructed,[Refuted],Visual juxtaposition alone was rejected
3,C01+C03+C10,strict oscillatory-damped kernel + positive graph Laplacian A + operational process tuple,no typed common operation in the declared finite grammar,No admitted derivative,not constructed,not constructed,not constructed,[Refuted],Visual juxtaposition alone was rejected
3,C01+C03+C11,strict oscillatory-damped kernel + positive graph Laplacian A + dimensional-scale obstruction,quotient positive generator rescaling,Projective Spectral Fingerprint,ordered eigenvalue-ratio simplex,scale-free spectral ratios,none beyond the inferred dimensionless generator ray,[Proven],Inherited lower-order object; no new irreducible coupling
3,C01+C03+C12,strict oscillatory-damped kernel + positive graph Laplacian A + selector/source obstruction,no typed common operation in the declared finite grammar,No admitted derivative,not constructed,not constructed,not constructed,[Refuted],Visual juxtaposition alone was rejected
3,C01+C04+C05,strict oscillatory-damped kernel + unitary/heat dual functional calculus + Green/resolvent/action reconstruction,no typed common operation in the declared finite grammar,No admitted derivative,not constructed,not constructed,not constructed,[Refuted],Visual juxtaposition alone was rejected
3,C01+C04+C06,strict oscillatory-damped kernel + unitary/heat dual functional calculus + orientation cocycle and chiral receivers,no typed common operation in the declared finite grammar,No admitted derivative,not constructed,not constructed,not constructed,[Refuted],Visual juxtaposition alone was rejected
3,C01+C04+C07,strict oscillatory-damped kernel + unitary/heat dual functional calculus + fractal Schur compression,no typed common operation in the declared finite grammar,No admitted derivative,not constructed,not constructed,not constructed,[Refuted],Visual juxtaposition alone was rejected
3,C01+C04+C08,strict oscillatory-damped kernel + unitary/heat dual functional calculus + adaptive operator and memory law,no typed common operation in the declared finite grammar,No admitted derivative,not constructed,not constructed,not constructed,[Refuted],Visual juxtaposition alone was rejected
3,C01+C04+C09,strict oscillatory-damped kernel + unitary/heat dual functional calculus + information/entropy geometry,construct diffusion distances from heat-kernel rows,Heat Information Metric,dimensionless metric family indexed by heat time,multi-scale distinguishability,contractive geometry under the heat semigroup,[Proven],Inherited lower-order object; no new irreducible coupling
3,C01+C04+C10,strict oscillatory-damped kernel + unitary/heat dual functional calculus + operational process tuple,insert preparations and instruments into two functional-calculus rays,Operational Dual Process,multi-time probability/process objects,intervention-conditioned records,wave and diffusion records with separate environments,[Proven],Inherited lower-order object; no new irreducible coupling
3,C01+C04+C11,strict oscillatory-damped kernel + unitary/heat dual functional calculus + dimensional-scale obstruction,quotient positive generator rescaling,Projective Spectral Fingerprint,ordered eigenvalue-ratio simplex,scale-free spectral ratios,none beyond the inferred dimensionless generator ray,[Proven],Inherited lower-order object; no new irreducible coupling
3,C01+C04+C12,strict oscillatory-damped kernel + unitary/heat dual functional calculus + selector/source obstruction,no typed common operation in the declared finite grammar,No admitted derivative,not constructed,not constructed,not constructed,[Refuted],Visual juxtaposition alone was rejected
3,C01+C05+C06,strict oscillatory-damped kernel + Green/resolvent/action reconstruction + orientation cocycle and chiral receivers,no typed common operation in the declared finite grammar,No admitted derivative,not constructed,not constructed,not constructed,[Refuted],Visual juxtaposition alone was rejected
3,C01+C05+C07,strict oscillatory-damped kernel + Green/resolvent/action reconstruction + fractal Schur compression,no typed common operation in the declared finite grammar,No admitted derivative,not constructed,not constructed,not constructed,[Refuted],Visual juxtaposition alone was rejected
3,C01+C05+C08,strict oscillatory-damped kernel + Green/resolvent/action reconstruction + adaptive operator and memory law,no typed common operation in the declared finite grammar,No admitted derivative,not constructed,not constructed,not constructed,[Refuted],Visual juxtaposition alone was rejected
3,C01+C05+C09,strict oscillatory-damped kernel + Green/resolvent/action reconstruction + information/entropy geometry,no typed common operation in the declared finite grammar,No admitted derivative,not constructed,not constructed,not constructed,[Refuted],Visual juxtaposition alone was rejected
3,C01+C05+C10,strict oscillatory-damped kernel + Green/resolvent/action reconstruction + operational process tuple,no typed common operation in the declared finite grammar,No admitted derivative,not constructed,not constructed,not constructed,[Refuted],Visual juxtaposition alone was rejected
3,C01+C05+C11,strict oscillatory-damped kernel + Green/resolvent/action reconstruction + dimensional-scale obstruction,quotient positive generator rescaling,Projective Spectral Fingerprint,ordered eigenvalue-ratio simplex,scale-free spectral ratios,none beyond the inferred dimensionless generator ray,[Proven],Inherited lower-order object; no new irreducible coupling
3,C01+C05+C12,strict oscillatory-damped kernel + Green/resolvent/action reconstruction + selector/source obstruction,no typed common operation in the declared finite grammar,No admitted derivative,not constructed,not constructed,not constructed,[Refuted],Visual juxtaposition alone was rejected
3,C01+C06+C07,strict oscillatory-damped kernel + orientation cocycle and chiral receivers + fractal Schur compression,no typed common operation in the declared finite grammar,No admitted derivative,not constructed,not constructed,not constructed,[Refuted],Visual juxtaposition alone was rejected
3,C01+C06+C08,strict oscillatory-damped kernel + orientation cocycle and chiral receivers + adaptive operator and memory law,no typed common operation in the declared finite grammar,No admitted derivative,not constructed,not constructed,not constructed,[Refuted],Visual juxtaposition alone was rejected
3,C01+C06+C09,strict oscillatory-damped kernel + orientation cocycle and chiral receivers + information/entropy geometry,no typed common operation in the declared finite grammar,No admitted derivative,not constructed,not constructed,not constructed,[Refuted],Visual juxtaposition alone was rejected
3,C01+C06+C10,strict oscillatory-damped kernel + orientation cocycle and chiral receivers + operational process tuple,no typed common operation in the declared finite grammar,No admitted derivative,not constructed,not constructed,not constructed,[Refuted],Visual juxtaposition alone was rejected
3,C01+C06+C11,strict oscillatory-damped kernel + orientation cocycle and chiral receivers + dimensional-scale obstruction,quotient positive generator rescaling,Projective Spectral Fingerprint,ordered eigenvalue-ratio simplex,scale-free spectral ratios,none beyond the inferred dimensionless generator ray,[Proven],Inherited lower-order object; no new irreducible coupling
3,C01+C06+C12,strict oscillatory-damped kernel + orientation cocycle and chiral receivers + selector/source obstruction,pair an inversion-odd observable with a prepared state,Asymmetry Resource Receiver,reflection-asymmetry resource preorder,signed current/bispectrum/cocycle response,covariant channels cannot create the missing mode,[Proven],Inherited lower-order object; no new irreducible coupling
3,C01+C07+C08,strict oscillatory-damped kernel + fractal Schur compression + adaptive operator and memory law,no typed common operation in the declared finite grammar,No admitted derivative,not constructed,not constructed,not constructed,[Refuted],Visual juxtaposition alone was rejected
3,C01+C07+C09,strict oscillatory-damped kernel + fractal Schur compression + information/entropy geometry,no typed common operation in the declared finite grammar,No admitted derivative,not constructed,not constructed,not constructed,[Refuted],Visual juxtaposition alone was rejected
3,C01+C07+C10,strict oscillatory-damped kernel + fractal Schur compression + operational process tuple,no typed common operation in the declared finite grammar,No admitted derivative,not constructed,not constructed,not constructed,[Refuted],Visual juxtaposition alone was rejected
3,C01+C07+C11,strict oscillatory-damped kernel + fractal Schur compression + dimensional-scale obstruction,quotient positive generator rescaling,Projective Spectral Fingerprint,ordered eigenvalue-ratio simplex,scale-free spectral ratios,none beyond the inferred dimensionless generator ray,[Proven],Inherited lower-order object; no new irreducible coupling
3,C01+C07+C12,strict oscillatory-damped kernel + fractal Schur compression + selector/source obstruction,no typed common operation in the declared finite grammar,No admitted derivative,not constructed,not constructed,not constructed,[Refuted],Visual juxtaposition alone was rejected
3,C01+C08+C09,strict oscillatory-damped kernel + adaptive operator and memory law + information/entropy geometry,no typed common operation in the declared finite grammar,No admitted derivative,not constructed,not constructed,not constructed,[Refuted],Visual juxtaposition alone was rejected
3,C01+C08+C10,strict oscillatory-damped kernel + adaptive operator and memory law + operational process tuple,update an operator model from intervention-conditioned records,Adaptive Process Estimator,operator-valued state space with apparatus memory,held-out process likelihood or residual,nonlinear learning coupled to process dynamics,[Moderate evidence],Inherited lower-order object; no new irreducible coupling
3,C01+C08+C11,strict oscillatory-damped kernel + adaptive operator and memory law + dimensional-scale obstruction,quotient positive generator rescaling,Projective Spectral Fingerprint,ordered eigenvalue-ratio simplex,scale-free spectral ratios,none beyond the inferred dimensionless generator ray,[Proven],Inherited lower-order object; no new irreducible coupling
3,C01+C08+C12,strict oscillatory-damped kernel + adaptive operator and memory law + selector/source obstruction,no typed common operation in the declared finite grammar,No admitted derivative,not constructed,not constructed,not constructed,[Refuted],Visual juxtaposition alone was rejected
3,C01+C09+C10,strict oscillatory-damped kernel + information/entropy geometry + operational process tuple,no typed common operation in the declared finite grammar,No admitted derivative,not constructed,not constructed,not constructed,[Refuted],Visual juxtaposition alone was rejected
3,C01+C09+C11,strict oscillatory-damped kernel + information/entropy geometry + dimensional-scale obstruction,quotient positive generator rescaling,Projective Spectral Fingerprint,ordered eigenvalue-ratio simplex,scale-free spectral ratios,none beyond the inferred dimensionless generator ray,[Proven],Inherited lower-order object; no new irreducible coupling
3,C01+C09+C12,strict oscillatory-damped kernel + information/entropy geometry + selector/source obstruction,no typed common operation in the declared finite grammar,No admitted derivative,not constructed,not constructed,not constructed,[Refuted],Visual juxtaposition alone was rejected
3,C01+C10+C11,strict oscillatory-damped kernel + operational process tuple + dimensional-scale obstruction,quotient simultaneous generator-time rescaling | quotient positive generator rescaling,Operational Calibration Torsor | Projective Spectral Fingerprint,"principal positive-scale orbit of (A,tau) | ordered eigenvalue-ratio simplex",projective spectrum before an external section is supplied | scale-free spectral ratios,same transition operator on every scale-orbit representative | none beyond the inferred dimensionless generator ray,[Proven],Inherited lower-order object; no new irreducible coupling
3,C01+C10+C12,strict oscillatory-damped kernel + operational process tuple + selector/source obstruction,no typed common operation in the declared finite grammar,No admitted derivative,not constructed,not constructed,not constructed,[Refuted],Visual juxtaposition alone was rejected
3,C01+C11+C12,strict oscillatory-damped kernel + dimensional-scale obstruction + selector/source obstruction,quotient positive generator rescaling,Projective Spectral Fingerprint,ordered eigenvalue-ratio simplex,scale-free spectral ratios,none beyond the inferred dimensionless generator ray,[Proven],Inherited lower-order object; no new irreducible coupling
3,C02+C03+C04,legacy intermediate bridge profile + positive graph Laplacian A + unitary/heat dual functional calculus,holomorphic/Borel functional calculus of one positive generator,Dual Spectral Ray,commutative operator algebra generated by A,spectral response along real and imaginary time rays,unitary group plus heat semigroup,[Proven],Inherited lower-order object; no new irreducible coupling
3,C02+C03+C05,legacy intermediate bridge profile + positive graph Laplacian A + Green/resolvent/action reconstruction,operator inversion followed by stationary-action reconstruction,Quadratic Green Action,quadratic forms on the zero-mode quotient or a regulated Hilbert space,source response and on-shell quadratic value,gradient flow or Hamiltonian flow only after an explicit temporal rule,[Proven],Inherited lower-order object; no new irreducible coupling
3,C02+C03+C06,legacy intermediate bridge profile + positive graph Laplacian A + orientation cocycle and chiral receivers,no typed common operation in the declared finite grammar,No admitted derivative,not constructed,not constructed,not constructed,[Refuted],Visual juxtaposition alone was rejected
3,C02+C03+C07,legacy intermediate bridge profile + positive graph Laplacian A + fractal Schur compression,Kron/Schur elimination of hidden vertices,Static Schur Effective Generator,positive graph Laplacians on retained contexts,static boundary response,not exact dynamically unless memory vanishes,[Proven],Inherited lower-order object; no new irreducible coupling
3,C02+C03+C08,legacy intermediate bridge profile + positive graph Laplacian A + adaptive operator and memory law,no typed common operation in the declared finite grammar,No admitted derivative,not constructed,not constructed,not constructed,[Refuted],Visual juxtaposition alone was rejected
3,C02+C03+C09,legacy intermediate bridge profile + positive graph Laplacian A + information/entropy geometry,no typed common operation in the declared finite grammar,No admitted derivative,not constructed,not constructed,not constructed,[Refuted],Visual juxtaposition alone was rejected
3,C02+C03+C10,legacy intermediate bridge profile + positive graph Laplacian A + operational process tuple,no typed common operation in the declared finite grammar,No admitted derivative,not constructed,not constructed,not constructed,[Refuted],Visual juxtaposition alone was rejected
3,C02+C03+C11,legacy intermediate bridge profile + positive graph Laplacian A + dimensional-scale obstruction,no typed common operation in the declared finite grammar,No admitted derivative,not constructed,not constructed,not constructed,[Refuted],Visual juxtaposition alone was rejected
3,C02+C03+C12,legacy intermediate bridge profile + positive graph Laplacian A + selector/source obstruction,no typed common operation in the declared finite grammar,No admitted derivative,not constructed,not constructed,not constructed,[Refuted],Visual juxtaposition alone was rejected
3,C02+C04+C05,legacy intermediate bridge profile + unitary/heat dual functional calculus + Green/resolvent/action reconstruction,no typed common operation in the declared finite grammar,No admitted derivative,not constructed,not constructed,not constructed,[Refuted],Visual juxtaposition alone was rejected
3,C02+C04+C06,legacy intermediate bridge profile + unitary/heat dual functional calculus + orientation cocycle and chiral receivers,no typed common operation in the declared finite grammar,No admitted derivative,not constructed,not constructed,not constructed,[Refuted],Visual juxtaposition alone was rejected
3,C02+C04+C07,legacy intermediate bridge profile + unitary/heat dual functional calculus + fractal Schur compression,no typed common operation in the declared finite grammar,No admitted derivative,not constructed,not constructed,not constructed,[Refuted],Visual juxtaposition alone was rejected
3,C02+C04+C08,legacy intermediate bridge profile + unitary/heat dual functional calculus + adaptive operator and memory law,no typed common operation in the declared finite grammar,No admitted derivative,not constructed,not constructed,not constructed,[Refuted],Visual juxtaposition alone was rejected
3,C02+C04+C09,legacy intermediate bridge profile + unitary/heat dual functional calculus + information/entropy geometry,construct diffusion distances from heat-kernel rows,Heat Information Metric,dimensionless metric family indexed by heat time,multi-scale distinguishability,contractive geometry under the heat semigroup,[Proven],Inherited lower-order object; no new irreducible coupling
3,C02+C04+C10,legacy intermediate bridge profile + unitary/heat dual functional calculus + operational process tuple,insert preparations and instruments into two functional-calculus rays,Operational Dual Process,multi-time probability/process objects,intervention-conditioned records,wave and diffusion records with separate environments,[Proven],Inherited lower-order object; no new irreducible coupling
3,C02+C04+C11,legacy intermediate bridge profile + unitary/heat dual functional calculus + dimensional-scale obstruction,no typed common operation in the declared finite grammar,No admitted derivative,not constructed,not constructed,not constructed,[Refuted],Visual juxtaposition alone was rejected
3,C02+C04+C12,legacy intermediate bridge profile + unitary/heat dual functional calculus + selector/source obstruction,no typed common operation in the declared finite grammar,No admitted derivative,not constructed,not constructed,not constructed,[Refuted],Visual juxtaposition alone was rejected
3,C02+C05+C06,legacy intermediate bridge profile + Green/resolvent/action reconstruction + orientation cocycle and chiral receivers,no typed common operation in the declared finite grammar,No admitted derivative,not constructed,not constructed,not constructed,[Refuted],Visual juxtaposition alone was rejected
3,C02+C05+C07,legacy intermediate bridge profile + Green/resolvent/action reconstruction + fractal Schur compression,no typed common operation in the declared finite grammar,No admitted derivative,not constructed,not constructed,not constructed,[Refuted],Visual juxtaposition alone was rejected
3,C02+C05+C08,legacy intermediate bridge profile + Green/resolvent/action reconstruction + adaptive operator and memory law,no typed common operation in the declared finite grammar,No admitted derivative,not constructed,not constructed,not constructed,[Refuted],Visual juxtaposition alone was rejected
3,C02+C05+C09,legacy intermediate bridge profile + Green/resolvent/action reconstruction + information/entropy geometry,no typed common operation in the declared finite grammar,No admitted derivative,not constructed,not constructed,not constructed,[Refuted],Visual juxtaposition alone was rejected
3,C02+C05+C10,legacy intermediate bridge profile + Green/resolvent/action reconstruction + operational process tuple,no typed common operation in the declared finite grammar,No admitted derivative,not constructed,not constructed,not constructed,[Refuted],Visual juxtaposition alone was rejected
3,C02+C05+C11,legacy intermediate bridge profile + Green/resolvent/action reconstruction + dimensional-scale obstruction,no typed common operation in the declared finite grammar,No admitted derivative,not constructed,not constructed,not constructed,[Refuted],Visual juxtaposition alone was rejected
3,C02+C05+C12,legacy intermediate bridge profile + Green/resolvent/action reconstruction + selector/source obstruction,no typed common operation in the declared finite grammar,No admitted derivative,not constructed,not constructed,not constructed,[Refuted],Visual juxtaposition alone was rejected
3,C02+C06+C07,legacy intermediate bridge profile + orientation cocycle and chiral receivers + fractal Schur compression,no typed common operation in the declared finite grammar,No admitted derivative,not constructed,not constructed,not constructed,[Refuted],Visual juxtaposition alone was rejected
3,C02+C06+C08,legacy intermediate bridge profile + orientation cocycle and chiral receivers + adaptive operator and memory law,no typed common operation in the declared finite grammar,No admitted derivative,not constructed,not constructed,not constructed,[Refuted],Visual juxtaposition alone was rejected
3,C02+C06+C09,legacy intermediate bridge profile + orientation cocycle and chiral receivers + information/entropy geometry,no typed common operation in the declared finite grammar,No admitted derivative,not constructed,not constructed,not constructed,[Refuted],Visual juxtaposition alone was rejected
3,C02+C06+C10,legacy intermediate bridge profile + orientation cocycle and chiral receivers + operational process tuple,no typed common operation in the declared finite grammar,No admitted derivative,not constructed,not constructed,not constructed,[Refuted],Visual juxtaposition alone was rejected
3,C02+C06+C11,legacy intermediate bridge profile + orientation cocycle and chiral receivers + dimensional-scale obstruction,no typed common operation in the declared finite grammar,No admitted derivative,not constructed,not constructed,not constructed,[Refuted],Visual juxtaposition alone was rejected
3,C02+C06+C12,legacy intermediate bridge profile + orientation cocycle and chiral receivers + selector/source obstruction,pair an inversion-odd observable with a prepared state,Asymmetry Resource Receiver,reflection-asymmetry resource preorder,signed current/bispectrum/cocycle response,covariant channels cannot create the missing mode,[Proven],Inherited lower-order object; no new irreducible coupling
3,C02+C07+C08,legacy intermediate bridge profile + fractal Schur compression + adaptive operator and memory law,no typed common operation in the declared finite grammar,No admitted derivative,not constructed,not constructed,not constructed,[Refuted],Visual juxtaposition alone was rejected
3,C02+C07+C09,legacy intermediate bridge profile + fractal Schur compression + information/entropy geometry,no typed common operation in the declared finite grammar,No admitted derivative,not constructed,not constructed,not constructed,[Refuted],Visual juxtaposition alone was rejected
3,C02+C07+C10,legacy intermediate bridge profile + fractal Schur compression + operational process tuple,no typed common operation in the declared finite grammar,No admitted derivative,not constructed,not constructed,not constructed,[Refuted],Visual juxtaposition alone was rejected
3,C02+C07+C11,legacy intermediate bridge profile + fractal Schur compression + dimensional-scale obstruction,no typed common operation in the declared finite grammar,No admitted derivative,not constructed,not constructed,not constructed,[Refuted],Visual juxtaposition alone was rejected
3,C02+C07+C12,legacy intermediate bridge profile + fractal Schur compression + selector/source obstruction,no typed common operation in the declared finite grammar,No admitted derivative,not constructed,not constructed,not constructed,[Refuted],Visual juxtaposition alone was rejected
3,C02+C08+C09,legacy intermediate bridge profile + adaptive operator and memory law + information/entropy geometry,no typed common operation in the declared finite grammar,No admitted derivative,not constructed,not constructed,not constructed,[Refuted],Visual juxtaposition alone was rejected
3,C02+C08+C10,legacy intermediate bridge profile + adaptive operator and memory law + operational process tuple,update an operator model from intervention-conditioned records,Adaptive Process Estimator,operator-valued state space with apparatus memory,held-out process likelihood or residual,nonlinear learning coupled to process dynamics,[Moderate evidence],Inherited lower-order object; no new irreducible coupling
3,C02+C08+C11,legacy intermediate bridge profile + adaptive operator and memory law + dimensional-scale obstruction,no typed common operation in the declared finite grammar,No admitted derivative,not constructed,not constructed,not constructed,[Refuted],Visual juxtaposition alone was rejected
3,C02+C08+C12,legacy intermediate bridge profile + adaptive operator and memory law + selector/source obstruction,no typed common operation in the declared finite grammar,No admitted derivative,not constructed,not constructed,not constructed,[Refuted],Visual juxtaposition alone was rejected
3,C02+C09+C10,legacy intermediate bridge profile + information/entropy geometry + operational process tuple,no typed common operation in the declared finite grammar,No admitted derivative,not constructed,not constructed,not constructed,[Refuted],Visual juxtaposition alone was rejected
3,C02+C09+C11,legacy intermediate bridge profile + information/entropy geometry + dimensional-scale obstruction,no typed common operation in the declared finite grammar,No admitted derivative,not constructed,not constructed,not constructed,[Refuted],Visual juxtaposition alone was rejected
3,C02+C09+C12,legacy intermediate bridge profile + information/entropy geometry + selector/source obstruction,no typed common operation in the declared finite grammar,No admitted derivative,not constructed,not constructed,not constructed,[Refuted],Visual juxtaposition alone was rejected
3,C02+C10+C11,legacy intermediate bridge profile + operational process tuple + dimensional-scale obstruction,quotient simultaneous generator-time rescaling,Operational Calibration Torsor,"principal positive-scale orbit of (A,tau)",projective spectrum before an external section is supplied,same transition operator on every scale-orbit representative,[Proven],Inherited lower-order object; no new irreducible coupling
3,C02+C10+C12,legacy intermediate bridge profile + operational process tuple + selector/source obstruction,no typed common operation in the declared finite grammar,No admitted derivative,not constructed,not constructed,not constructed,[Refuted],Visual juxtaposition alone was rejected
3,C02+C11+C12,legacy intermediate bridge profile + dimensional-scale obstruction + selector/source obstruction,no typed common operation in the declared finite grammar,No admitted derivative,not constructed,not constructed,not constructed,[Refuted],Visual juxtaposition alone was rejected
3,C03+C04+C05,positive graph Laplacian A + unitary/heat dual functional calculus + Green/resolvent/action reconstruction,operator inversion followed by stationary-action reconstruction | holomorphic/Borel functional calculus of one positive generator,Quadratic Green Action | Dual Spectral Ray,quadratic forms on the zero-mode quotient or a regulated Hilbert space | commutative operator algebra generated by A,source response and on-shell quadratic value | spectral response along real and imaginary time rays,gradient flow or Hamiltonian flow only after an explicit temporal rule | unitary group plus heat semigroup,[Proven],Inherited lower-order object; no new irreducible coupling
3,C03+C04+C06,positive graph Laplacian A + unitary/heat dual functional calculus + orientation cocycle and chiral receivers,holomorphic/Borel functional calculus of one positive generator,Dual Spectral Ray,commutative operator algebra generated by A,spectral response along real and imaginary time rays,unitary group plus heat semigroup,[Proven],Inherited lower-order object; no new irreducible coupling
3,C03+C04+C07,positive graph Laplacian A + unitary/heat dual functional calculus + fractal Schur compression,holomorphic/Borel functional calculus of one positive generator | Kron/Schur elimination of hidden vertices,Dual Spectral Ray | Static Schur Effective Generator,commutative operator algebra generated by A | positive graph Laplacians on retained contexts,spectral response along real and imaginary time rays | static boundary response,unitary group plus heat semigroup | not exact dynamically unless memory vanishes,[Proven],Inherited lower-order object; no new irreducible coupling
3,C03+C04+C08,positive graph Laplacian A + unitary/heat dual functional calculus + adaptive operator and memory law,holomorphic/Borel functional calculus of one positive generator,Dual Spectral Ray,commutative operator algebra generated by A,spectral response along real and imaginary time rays,unitary group plus heat semigroup,[Proven],Inherited lower-order object; no new irreducible coupling
3,C03+C04+C09,positive graph Laplacian A + unitary/heat dual functional calculus + information/entropy geometry,spectral calculus followed by diffusion/Fisher geometry,Heat-Spectral Geometry Tower,one-parameter family of intrinsic finite geometries,diffusion distances and spectral dimensions,metric contraction along heat time,[Proven],Typed derivative generated
3,C03+C04+C10,positive graph Laplacian A + unitary/heat dual functional calculus + operational process tuple,holomorphic/Borel functional calculus of one positive generator | insert preparations and instruments into two functional-calculus rays,Dual Spectral Ray | Operational Dual Process,commutative operator algebra generated by A | multi-time probability/process objects,spectral response along real and imaginary time rays | intervention-conditioned records,unitary group plus heat semigroup | wave and diffusion records with separate environments,[Proven],Inherited lower-order object; no new irreducible coupling
3,C03+C04+C11,positive graph Laplacian A + unitary/heat dual functional calculus + dimensional-scale obstruction,holomorphic/Borel functional calculus of one positive generator,Dual Spectral Ray,commutative operator algebra generated by A,spectral response along real and imaginary time rays,unitary group plus heat semigroup,[Proven],Inherited lower-order object; no new irreducible coupling
3,C03+C04+C12,positive graph Laplacian A + unitary/heat dual functional calculus + selector/source obstruction,holomorphic/Borel functional calculus of one positive generator,Dual Spectral Ray,commutative operator algebra generated by A,spectral response along real and imaginary time rays,unitary group plus heat semigroup,[Proven],Inherited lower-order object; no new irreducible coupling
3,C03+C05+C06,positive graph Laplacian A + Green/resolvent/action reconstruction + orientation cocycle and chiral receivers,operator inversion followed by stationary-action reconstruction,Quadratic Green Action,quadratic forms on the zero-mode quotient or a regulated Hilbert space,source response and on-shell quadratic value,gradient flow or Hamiltonian flow only after an explicit temporal rule,[Proven],Inherited lower-order object; no new irreducible coupling
3,C03+C05+C07,positive graph Laplacian A + Green/resolvent/action reconstruction + fractal Schur compression,frequency-dependent block resolvent and Schur elimination,Dynamic Spectral Compression Kernel (DSCK),positive operator-valued Stieltjes functions Sigma_E(z),"self-energy, memory kernel and projected composition defect",exact non-Markovian reduced heat/wave dynamics,[Proven],Typed derivative generated
3,C03+C05+C08,positive graph Laplacian A + Green/resolvent/action reconstruction + adaptive operator and memory law,operator inversion followed by stationary-action reconstruction,Quadratic Green Action,quadratic forms on the zero-mode quotient or a regulated Hilbert space,source response and on-shell quadratic value,gradient flow or Hamiltonian flow only after an explicit temporal rule,[Proven],Inherited lower-order object; no new irreducible coupling
3,C03+C05+C09,positive graph Laplacian A + Green/resolvent/action reconstruction + information/entropy geometry,operator inversion followed by stationary-action reconstruction,Quadratic Green Action,quadratic forms on the zero-mode quotient or a regulated Hilbert space,source response and on-shell quadratic value,gradient flow or Hamiltonian flow only after an explicit temporal rule,[Proven],Inherited lower-order object; no new irreducible coupling
3,C03+C05+C10,positive graph Laplacian A + Green/resolvent/action reconstruction + operational process tuple,operator inversion followed by stationary-action reconstruction,Quadratic Green Action,quadratic forms on the zero-mode quotient or a regulated Hilbert space,source response and on-shell quadratic value,gradient flow or Hamiltonian flow only after an explicit temporal rule,[Proven],Inherited lower-order object; no new irreducible coupling
3,C03+C05+C11,positive graph Laplacian A + Green/resolvent/action reconstruction + dimensional-scale obstruction,operator inversion followed by stationary-action reconstruction,Quadratic Green Action,quadratic forms on the zero-mode quotient or a regulated Hilbert space,source response and on-shell quadratic value,gradient flow or Hamiltonian flow only after an explicit temporal rule,[Proven],Inherited lower-order object; no new irreducible coupling
3,C03+C05+C12,positive graph Laplacian A + Green/resolvent/action reconstruction + selector/source obstruction,operator inversion followed by stationary-action reconstruction,Quadratic Green Action,quadratic forms on the zero-mode quotient or a regulated Hilbert space,source response and on-shell quadratic value,gradient flow or Hamiltonian flow only after an explicit temporal rule,[Proven],Inherited lower-order object; no new irreducible coupling
3,C03+C06+C07,positive graph Laplacian A + orientation cocycle and chiral receivers + fractal Schur compression,Kron/Schur elimination of hidden vertices,Static Schur Effective Generator,positive graph Laplacians on retained contexts,static boundary response,not exact dynamically unless memory vanishes,[Proven],Inherited lower-order object; no new irreducible coupling
3,C03+C06+C08,positive graph Laplacian A + orientation cocycle and chiral receivers + adaptive operator and memory law,no typed common operation in the declared finite grammar,No admitted derivative,not constructed,not constructed,not constructed,[Refuted],Visual juxtaposition alone was rejected
3,C03+C06+C09,positive graph Laplacian A + orientation cocycle and chiral receivers + information/entropy geometry,no typed common operation in the declared finite grammar,No admitted derivative,not constructed,not constructed,not constructed,[Refuted],Visual juxtaposition alone was rejected
3,C03+C06+C10,positive graph Laplacian A + orientation cocycle and chiral receivers + operational process tuple,no typed common operation in the declared finite grammar,No admitted derivative,not constructed,not constructed,not constructed,[Refuted],Visual juxtaposition alone was rejected
3,C03+C06+C11,positive graph Laplacian A + orientation cocycle and chiral receivers + dimensional-scale obstruction,no typed common operation in the declared finite grammar,No admitted derivative,not constructed,not constructed,not constructed,[Refuted],Visual juxtaposition alone was rejected
3,C03+C06+C12,positive graph Laplacian A + orientation cocycle and chiral receivers + selector/source obstruction,collect inversion-odd spectral receivers under one resource monotone,Chiral Spectral Response Bundle,bundle of signed observables over reflection-asymmetric states,"current, bispectrum and cocycle responses with common sign covariance",covariant spectral dynamics transports but does not source the sign,[Strong evidence],Typed derivative generated
3,C03+C07+C08,positive graph Laplacian A + fractal Schur compression + adaptive operator and memory law,Kron/Schur elimination of hidden vertices,Static Schur Effective Generator,positive graph Laplacians on retained contexts,static boundary response,not exact dynamically unless memory vanishes,[Proven],Inherited lower-order object; no new irreducible coupling
3,C03+C07+C09,positive graph Laplacian A + fractal Schur compression + information/entropy geometry,Kron/Schur elimination of hidden vertices,Static Schur Effective Generator,positive graph Laplacians on retained contexts,static boundary response,not exact dynamically unless memory vanishes,[Proven],Inherited lower-order object; no new irreducible coupling
3,C03+C07+C10,positive graph Laplacian A + fractal Schur compression + operational process tuple,Kron/Schur elimination of hidden vertices,Static Schur Effective Generator,positive graph Laplacians on retained contexts,static boundary response,not exact dynamically unless memory vanishes,[Proven],Inherited lower-order object; no new irreducible coupling
3,C03+C07+C11,positive graph Laplacian A + fractal Schur compression + dimensional-scale obstruction,Kron/Schur elimination of hidden vertices,Static Schur Effective Generator,positive graph Laplacians on retained contexts,static boundary response,not exact dynamically unless memory vanishes,[Proven],Inherited lower-order object; no new irreducible coupling
3,C03+C07+C12,positive graph Laplacian A + fractal Schur compression + selector/source obstruction,Kron/Schur elimination of hidden vertices,Static Schur Effective Generator,positive graph Laplacians on retained contexts,static boundary response,not exact dynamically unless memory vanishes,[Proven],Inherited lower-order object; no new irreducible coupling
3,C03+C08+C09,positive graph Laplacian A + adaptive operator and memory law + information/entropy geometry,no typed common operation in the declared finite grammar,No admitted derivative,not constructed,not constructed,not constructed,[Refuted],Visual juxtaposition alone was rejected
3,C03+C08+C10,positive graph Laplacian A + adaptive operator and memory law + operational process tuple,update an operator model from intervention-conditioned records,Adaptive Process Estimator,operator-valued state space with apparatus memory,held-out process likelihood or residual,nonlinear learning coupled to process dynamics,[Moderate evidence],Inherited lower-order object; no new irreducible coupling
3,C03+C08+C11,positive graph Laplacian A + adaptive operator and memory law + dimensional-scale obstruction,no typed common operation in the declared finite grammar,No admitted derivative,not constructed,not constructed,not constructed,[Refuted],Visual juxtaposition alone was rejected
3,C03+C08+C12,positive graph Laplacian A + adaptive operator and memory law + selector/source obstruction,no typed common operation in the declared finite grammar,No admitted derivative,not constructed,not constructed,not constructed,[Refuted],Visual juxtaposition alone was rejected
3,C03+C09+C10,positive graph Laplacian A + information/entropy geometry + operational process tuple,no typed common operation in the declared finite grammar,No admitted derivative,not constructed,not constructed,not constructed,[Refuted],Visual juxtaposition alone was rejected
3,C03+C09+C11,positive graph Laplacian A + information/entropy geometry + dimensional-scale obstruction,no typed common operation in the declared finite grammar,No admitted derivative,not constructed,not constructed,not constructed,[Refuted],Visual juxtaposition alone was rejected
3,C03+C09+C12,positive graph Laplacian A + information/entropy geometry + selector/source obstruction,no typed common operation in the declared finite grammar,No admitted derivative,not constructed,not constructed,not constructed,[Refuted],Visual juxtaposition alone was rejected
3,C03+C10+C11,positive graph Laplacian A + operational process tuple + dimensional-scale obstruction,quotient simultaneous generator-time rescaling,Operational Calibration Torsor,"principal positive-scale orbit of (A,tau)",projective spectrum before an external section is supplied,same transition operator on every scale-orbit representative,[Proven],Inherited lower-order object; no new irreducible coupling
3,C03+C10+C12,positive graph Laplacian A + operational process tuple + selector/source obstruction,no typed common operation in the declared finite grammar,No admitted derivative,not constructed,not constructed,not constructed,[Refuted],Visual juxtaposition alone was rejected
3,C03+C11+C12,positive graph Laplacian A + dimensional-scale obstruction + selector/source obstruction,no typed common operation in the declared finite grammar,No admitted derivative,not constructed,not constructed,not constructed,[Refuted],Visual juxtaposition alone was rejected
3,C04+C05+C06,unitary/heat dual functional calculus + Green/resolvent/action reconstruction + orientation cocycle and chiral receivers,no typed common operation in the declared finite grammar,No admitted derivative,not constructed,not constructed,not constructed,[Refuted],Visual juxtaposition alone was rejected
3,C04+C05+C07,unitary/heat dual functional calculus + Green/resolvent/action reconstruction + fractal Schur compression,no typed common operation in the declared finite grammar,No admitted derivative,not constructed,not constructed,not constructed,[Refuted],Visual juxtaposition alone was rejected
3,C04+C05+C08,unitary/heat dual functional calculus + Green/resolvent/action reconstruction + adaptive operator and memory law,no typed common operation in the declared finite grammar,No admitted derivative,not constructed,not constructed,not constructed,[Refuted],Visual juxtaposition alone was rejected
3,C04+C05+C09,unitary/heat dual functional calculus + Green/resolvent/action reconstruction + information/entropy geometry,construct diffusion distances from heat-kernel rows,Heat Information Metric,dimensionless metric family indexed by heat time,multi-scale distinguishability,contractive geometry under the heat semigroup,[Proven],Inherited lower-order object; no new irreducible coupling
3,C04+C05+C10,unitary/heat dual functional calculus + Green/resolvent/action reconstruction + operational process tuple,insert preparations and instruments into two functional-calculus rays,Operational Dual Process,multi-time probability/process objects,intervention-conditioned records,wave and diffusion records with separate environments,[Proven],Inherited lower-order object; no new irreducible coupling
3,C04+C05+C11,unitary/heat dual functional calculus + Green/resolvent/action reconstruction + dimensional-scale obstruction,no typed common operation in the declared finite grammar,No admitted derivative,not constructed,not constructed,not constructed,[Refuted],Visual juxtaposition alone was rejected
3,C04+C05+C12,unitary/heat dual functional calculus + Green/resolvent/action reconstruction + selector/source obstruction,no typed common operation in the declared finite grammar,No admitted derivative,not constructed,not constructed,not constructed,[Refuted],Visual juxtaposition alone was rejected
3,C04+C06+C07,unitary/heat dual functional calculus + orientation cocycle and chiral receivers + fractal Schur compression,no typed common operation in the declared finite grammar,No admitted derivative,not constructed,not constructed,not constructed,[Refuted],Visual juxtaposition alone was rejected
3,C04+C06+C08,unitary/heat dual functional calculus + orientation cocycle and chiral receivers + adaptive operator and memory law,no typed common operation in the declared finite grammar,No admitted derivative,not constructed,not constructed,not constructed,[Refuted],Visual juxtaposition alone was rejected
3,C04+C06+C09,unitary/heat dual functional calculus + orientation cocycle and chiral receivers + information/entropy geometry,construct diffusion distances from heat-kernel rows,Heat Information Metric,dimensionless metric family indexed by heat time,multi-scale distinguishability,contractive geometry under the heat semigroup,[Proven],Inherited lower-order object; no new irreducible coupling
3,C04+C06+C10,unitary/heat dual functional calculus + orientation cocycle and chiral receivers + operational process tuple,insert preparations and instruments into two functional-calculus rays,Operational Dual Process,multi-time probability/process objects,intervention-conditioned records,wave and diffusion records with separate environments,[Proven],Inherited lower-order object; no new irreducible coupling
3,C04+C06+C11,unitary/heat dual functional calculus + orientation cocycle and chiral receivers + dimensional-scale obstruction,no typed common operation in the declared finite grammar,No admitted derivative,not constructed,not constructed,not constructed,[Refuted],Visual juxtaposition alone was rejected
3,C04+C06+C12,unitary/heat dual functional calculus + orientation cocycle and chiral receivers + selector/source obstruction,pair an inversion-odd observable with a prepared state,Asymmetry Resource Receiver,reflection-asymmetry resource preorder,signed current/bispectrum/cocycle response,covariant channels cannot create the missing mode,[Proven],Inherited lower-order object; no new irreducible coupling
3,C04+C07+C08,unitary/heat dual functional calculus + fractal Schur compression + adaptive operator and memory law,no typed common operation in the declared finite grammar,No admitted derivative,not constructed,not constructed,not constructed,[Refuted],Visual juxtaposition alone was rejected
3,C04+C07+C09,unitary/heat dual functional calculus + fractal Schur compression + information/entropy geometry,construct diffusion distances from heat-kernel rows,Heat Information Metric,dimensionless metric family indexed by heat time,multi-scale distinguishability,contractive geometry under the heat semigroup,[Proven],Inherited lower-order object; no new irreducible coupling
3,C04+C07+C10,unitary/heat dual functional calculus + fractal Schur compression + operational process tuple,project wave/heat propagators and retain intermediate interventions,Dual-Ray Reduced Process Tensor,context-indexed multi-time process maps,intervention-dependent memory witness,coherent and diffusive reduced processes with hidden excursions,[Strong evidence],Typed derivative generated
3,C04+C07+C11,unitary/heat dual functional calculus + fractal Schur compression + dimensional-scale obstruction,no typed common operation in the declared finite grammar,No admitted derivative,not constructed,not constructed,not constructed,[Refuted],Visual juxtaposition alone was rejected
3,C04+C07+C12,unitary/heat dual functional calculus + fractal Schur compression + selector/source obstruction,no typed common operation in the declared finite grammar,No admitted derivative,not constructed,not constructed,not constructed,[Refuted],Visual juxtaposition alone was rejected
3,C04+C08+C09,unitary/heat dual functional calculus + adaptive operator and memory law + information/entropy geometry,construct diffusion distances from heat-kernel rows,Heat Information Metric,dimensionless metric family indexed by heat time,multi-scale distinguishability,contractive geometry under the heat semigroup,[Proven],Inherited lower-order object; no new irreducible coupling
3,C04+C08+C10,unitary/heat dual functional calculus + adaptive operator and memory law + operational process tuple,insert preparations and instruments into two functional-calculus rays | update an operator model from intervention-conditioned records,Operational Dual Process | Adaptive Process Estimator,multi-time probability/process objects | operator-valued state space with apparatus memory,intervention-conditioned records | held-out process likelihood or residual,wave and diffusion records with separate environments | nonlinear learning coupled to process dynamics,[Moderate evidence] | [Proven],Inherited lower-order object; no new irreducible coupling
3,C04+C08+C11,unitary/heat dual functional calculus + adaptive operator and memory law + dimensional-scale obstruction,no typed common operation in the declared finite grammar,No admitted derivative,not constructed,not constructed,not constructed,[Refuted],Visual juxtaposition alone was rejected
3,C04+C08+C12,unitary/heat dual functional calculus + adaptive operator and memory law + selector/source obstruction,no typed common operation in the declared finite grammar,No admitted derivative,not constructed,not constructed,not constructed,[Refuted],Visual juxtaposition alone was rejected
3,C04+C09+C10,unitary/heat dual functional calculus + information/entropy geometry + operational process tuple,apply data processing to operational heat records,Information Contraction Ledger,pairs of probability measures modulo the process channel,lost relative distinguishability,monotone contraction without dimensional energy interpretation,[Proven],Typed derivative generated
3,C04+C09+C11,unitary/heat dual functional calculus + information/entropy geometry + dimensional-scale obstruction,construct diffusion distances from heat-kernel rows,Heat Information Metric,dimensionless metric family indexed by heat time,multi-scale distinguishability,contractive geometry under the heat semigroup,[Proven],Inherited lower-order object; no new irreducible coupling
3,C04+C09+C12,unitary/heat dual functional calculus + information/entropy geometry + selector/source obstruction,construct diffusion distances from heat-kernel rows,Heat Information Metric,dimensionless metric family indexed by heat time,multi-scale distinguishability,contractive geometry under the heat semigroup,[Proven],Inherited lower-order object; no new irreducible coupling
3,C04+C10+C11,unitary/heat dual functional calculus + operational process tuple + dimensional-scale obstruction,insert preparations and instruments into two functional-calculus rays | quotient simultaneous generator-time rescaling,Operational Dual Process | Operational Calibration Torsor,"multi-time probability/process objects | principal positive-scale orbit of (A,tau)",intervention-conditioned records | projective spectrum before an external section is supplied,wave and diffusion records with separate environments | same transition operator on every scale-orbit representative,[Proven],Inherited lower-order object; no new irreducible coupling
3,C04+C10+C12,unitary/heat dual functional calculus + operational process tuple + selector/source obstruction,insert preparations and instruments into two functional-calculus rays,Operational Dual Process,multi-time probability/process objects,intervention-conditioned records,wave and diffusion records with separate environments,[Proven],Inherited lower-order object; no new irreducible coupling
3,C04+C11+C12,unitary/heat dual functional calculus + dimensional-scale obstruction + selector/source obstruction,no typed common operation in the declared finite grammar,No admitted derivative,not constructed,not constructed,not constructed,[Refuted],Visual juxtaposition alone was rejected
3,C05+C06+C07,Green/resolvent/action reconstruction + orientation cocycle and chiral receivers + fractal Schur compression,no typed common operation in the declared finite grammar,No admitted derivative,not constructed,not constructed,not constructed,[Refuted],Visual juxtaposition alone was rejected
3,C05+C06+C08,Green/resolvent/action reconstruction + orientation cocycle and chiral receivers + adaptive operator and memory law,no typed common operation in the declared finite grammar,No admitted derivative,not constructed,not constructed,not constructed,[Refuted],Visual juxtaposition alone was rejected
3,C05+C06+C09,Green/resolvent/action reconstruction + orientation cocycle and chiral receivers + information/entropy geometry,no typed common operation in the declared finite grammar,No admitted derivative,not constructed,not constructed,not constructed,[Refuted],Visual juxtaposition alone was rejected
3,C05+C06+C10,Green/resolvent/action reconstruction + orientation cocycle and chiral receivers + operational process tuple,no typed common operation in the declared finite grammar,No admitted derivative,not constructed,not constructed,not constructed,[Refuted],Visual juxtaposition alone was rejected
3,C05+C06+C11,Green/resolvent/action reconstruction + orientation cocycle and chiral receivers + dimensional-scale obstruction,no typed common operation in the declared finite grammar,No admitted derivative,not constructed,not constructed,not constructed,[Refuted],Visual juxtaposition alone was rejected
3,C05+C06+C12,Green/resolvent/action reconstruction + orientation cocycle and chiral receivers + selector/source obstruction,pair an inversion-odd observable with a prepared state,Asymmetry Resource Receiver,reflection-asymmetry resource preorder,signed current/bispectrum/cocycle response,covariant channels cannot create the missing mode,[Proven],Inherited lower-order object; no new irreducible coupling
3,C05+C07+C08,Green/resolvent/action reconstruction + fractal Schur compression + adaptive operator and memory law,iterate resolvent self-energies through a nested reduction hierarchy,Multiscale Memory Functor,scale-indexed diagram of operator-valued Stieltjes functions,memory spectrum and Schur-composition residual at each depth,hierarchical fading memory; adaptation remains an added law,[Strong evidence],Typed derivative generated
3,C05+C07+C09,Green/resolvent/action reconstruction + fractal Schur compression + information/entropy geometry,no typed common operation in the declared finite grammar,No admitted derivative,not constructed,not constructed,not constructed,[Refuted],Visual juxtaposition alone was rejected
3,C05+C07+C10,Green/resolvent/action reconstruction + fractal Schur compression + operational process tuple,assign Schur-effective resolvents to nested observation contexts,Resolvent Context Presheaf,contravariant diagram of effective operator pencils,context-to-context self-energy and gluing residual,contextual memory under refinement/coarsening,[Proven],Typed derivative generated
3,C05+C07+C11,Green/resolvent/action reconstruction + fractal Schur compression + dimensional-scale obstruction,no typed common operation in the declared finite grammar,No admitted derivative,not constructed,not constructed,not constructed,[Refuted],Visual juxtaposition alone was rejected
3,C05+C07+C12,Green/resolvent/action reconstruction + fractal Schur compression + selector/source obstruction,no typed common operation in the declared finite grammar,No admitted derivative,not constructed,not constructed,not constructed,[Refuted],Visual juxtaposition alone was rejected
3,C05+C08+C09,Green/resolvent/action reconstruction + adaptive operator and memory law + information/entropy geometry,no typed common operation in the declared finite grammar,No admitted derivative,not constructed,not constructed,not constructed,[Refuted],Visual juxtaposition alone was rejected
3,C05+C08+C10,Green/resolvent/action reconstruction + adaptive operator and memory law + operational process tuple,update an operator model from intervention-conditioned records,Adaptive Process Estimator,operator-valued state space with apparatus memory,held-out process likelihood or residual,nonlinear learning coupled to process dynamics,[Moderate evidence],Inherited lower-order object; no new irreducible coupling
3,C05+C08+C11,Green/resolvent/action reconstruction + adaptive operator and memory law + dimensional-scale obstruction,no typed common operation in the declared finite grammar,No admitted derivative,not constructed,not constructed,not constructed,[Refuted],Visual juxtaposition alone was rejected
3,C05+C08+C12,Green/resolvent/action reconstruction + adaptive operator and memory law + selector/source obstruction,no typed common operation in the declared finite grammar,No admitted derivative,not constructed,not constructed,not constructed,[Refuted],Visual juxtaposition alone was rejected
3,C05+C09+C10,Green/resolvent/action reconstruction + information/entropy geometry + operational process tuple,no typed common operation in the declared finite grammar,No admitted derivative,not constructed,not constructed,not constructed,[Refuted],Visual juxtaposition alone was rejected
3,C05+C09+C11,Green/resolvent/action reconstruction + information/entropy geometry + dimensional-scale obstruction,no typed common operation in the declared finite grammar,No admitted derivative,not constructed,not constructed,not constructed,[Refuted],Visual juxtaposition alone was rejected
3,C05+C09+C12,Green/resolvent/action reconstruction + information/entropy geometry + selector/source obstruction,no typed common operation in the declared finite grammar,No admitted derivative,not constructed,not constructed,not constructed,[Refuted],Visual juxtaposition alone was rejected
3,C05+C10+C11,Green/resolvent/action reconstruction + operational process tuple + dimensional-scale obstruction,quotient simultaneous generator-time rescaling,Operational Calibration Torsor,"principal positive-scale orbit of (A,tau)",projective spectrum before an external section is supplied,same transition operator on every scale-orbit representative,[Proven],Inherited lower-order object; no new irreducible coupling
3,C05+C10+C12,Green/resolvent/action reconstruction + operational process tuple + selector/source obstruction,no typed common operation in the declared finite grammar,No admitted derivative,not constructed,not constructed,not constructed,[Refuted],Visual juxtaposition alone was rejected
3,C05+C11+C12,Green/resolvent/action reconstruction + dimensional-scale obstruction + selector/source obstruction,no typed common operation in the declared finite grammar,No admitted derivative,not constructed,not constructed,not constructed,[Refuted],Visual juxtaposition alone was rejected
3,C06+C07+C08,orientation cocycle and chiral receivers + fractal Schur compression + adaptive operator and memory law,no typed common operation in the declared finite grammar,No admitted derivative,not constructed,not constructed,not constructed,[Refuted],Visual juxtaposition alone was rejected
3,C06+C07+C09,orientation cocycle and chiral receivers + fractal Schur compression + information/entropy geometry,no typed common operation in the declared finite grammar,No admitted derivative,not constructed,not constructed,not constructed,[Refuted],Visual juxtaposition alone was rejected
3,C06+C07+C10,orientation cocycle and chiral receivers + fractal Schur compression + operational process tuple,differentiate context self-energy with respect to an oriented flux twist,Chiral Memory Susceptibility,inversion-odd tangent operators over the context diagram,"Xi_E(z)=partial_theta Sigma_E(z,theta)|_0",signed linear response of hidden-node memory,[Strong evidence],Typed derivative generated
3,C06+C07+C11,orientation cocycle and chiral receivers + fractal Schur compression + dimensional-scale obstruction,no typed common operation in the declared finite grammar,No admitted derivative,not constructed,not constructed,not constructed,[Refuted],Visual juxtaposition alone was rejected
3,C06+C07+C12,orientation cocycle and chiral receivers + fractal Schur compression + selector/source obstruction,pair an inversion-odd observable with a prepared state,Asymmetry Resource Receiver,reflection-asymmetry resource preorder,signed current/bispectrum/cocycle response,covariant channels cannot create the missing mode,[Proven],Inherited lower-order object; no new irreducible coupling
3,C06+C08+C09,orientation cocycle and chiral receivers + adaptive operator and memory law + information/entropy geometry,no typed common operation in the declared finite grammar,No admitted derivative,not constructed,not constructed,not constructed,[Refuted],Visual juxtaposition alone was rejected
3,C06+C08+C10,orientation cocycle and chiral receivers + adaptive operator and memory law + operational process tuple,update an operator model from intervention-conditioned records,Adaptive Process Estimator,operator-valued state space with apparatus memory,held-out process likelihood or residual,nonlinear learning coupled to process dynamics,[Moderate evidence],Inherited lower-order object; no new irreducible coupling
3,C06+C08+C11,orientation cocycle and chiral receivers + adaptive operator and memory law + dimensional-scale obstruction,no typed common operation in the declared finite grammar,No admitted derivative,not constructed,not constructed,not constructed,[Refuted],Visual juxtaposition alone was rejected
3,C06+C08+C12,orientation cocycle and chiral receivers + adaptive operator and memory law + selector/source obstruction,pair an inversion-odd observable with a prepared state,Asymmetry Resource Receiver,reflection-asymmetry resource preorder,signed current/bispectrum/cocycle response,covariant channels cannot create the missing mode,[Proven],Inherited lower-order object; no new irreducible coupling
3,C06+C09+C10,orientation cocycle and chiral receivers + information/entropy geometry + operational process tuple,no typed common operation in the declared finite grammar,No admitted derivative,not constructed,not constructed,not constructed,[Refuted],Visual juxtaposition alone was rejected
3,C06+C09+C11,orientation cocycle and chiral receivers + information/entropy geometry + dimensional-scale obstruction,no typed common operation in the declared finite grammar,No admitted derivative,not constructed,not constructed,not constructed,[Refuted],Visual juxtaposition alone was rejected
3,C06+C09+C12,orientation cocycle and chiral receivers + information/entropy geometry + selector/source obstruction,minimize information-geometric cost over symmetry-covariant channels,Spectral Asymmetry Transport Cost,resource-conversion metric space,minimum cost of a signed receiver target,resource monotone under free channels,[Moderate evidence],Typed derivative generated
3,C06+C10+C11,orientation cocycle and chiral receivers + operational process tuple + dimensional-scale obstruction,quotient simultaneous generator-time rescaling,Operational Calibration Torsor,"principal positive-scale orbit of (A,tau)",projective spectrum before an external section is supplied,same transition operator on every scale-orbit representative,[Proven],Inherited lower-order object; no new irreducible coupling
3,C06+C10+C12,orientation cocycle and chiral receivers + operational process tuple + selector/source obstruction,pair an inversion-odd observable with a prepared state,Asymmetry Resource Receiver,reflection-asymmetry resource preorder,signed current/bispectrum/cocycle response,covariant channels cannot create the missing mode,[Proven],Inherited lower-order object; no new irreducible coupling
3,C06+C11+C12,orientation cocycle and chiral receivers + dimensional-scale obstruction + selector/source obstruction,pair an inversion-odd observable with a prepared state,Asymmetry Resource Receiver,reflection-asymmetry resource preorder,signed current/bispectrum/cocycle response,covariant channels cannot create the missing mode,[Proven],Inherited lower-order object; no new irreducible coupling
3,C07+C08+C09,fractal Schur compression + adaptive operator and memory law + information/entropy geometry,no typed common operation in the declared finite grammar,No admitted derivative,not constructed,not constructed,not constructed,[Refuted],Visual juxtaposition alone was rejected
3,C07+C08+C10,fractal Schur compression + adaptive operator and memory law + operational process tuple,couple context self-energies to a record-driven update law,Adaptive Multiscale Memory Flow,trajectories of operator-valued Stieltjes functions,held-out change in memory spectrum,nonlinear adaptive non-Markovian flow,[Speculative],Typed derivative generated
3,C07+C08+C11,fractal Schur compression + adaptive operator and memory law + dimensional-scale obstruction,no typed common operation in the declared finite grammar,No admitted derivative,not constructed,not constructed,not constructed,[Refuted],Visual juxtaposition alone was rejected
3,C07+C08+C12,fractal Schur compression + adaptive operator and memory law + selector/source obstruction,no typed common operation in the declared finite grammar,No admitted derivative,not constructed,not constructed,not constructed,[Refuted],Visual juxtaposition alone was rejected
3,C07+C09+C10,fractal Schur compression + information/entropy geometry + operational process tuple,no typed common operation in the declared finite grammar,No admitted derivative,not constructed,not constructed,not constructed,[Refuted],Visual juxtaposition alone was rejected
3,C07+C09+C11,fractal Schur compression + information/entropy geometry + dimensional-scale obstruction,no typed common operation in the declared finite grammar,No admitted derivative,not constructed,not constructed,not constructed,[Refuted],Visual juxtaposition alone was rejected
3,C07+C09+C12,fractal Schur compression + information/entropy geometry + selector/source obstruction,no typed common operation in the declared finite grammar,No admitted derivative,not constructed,not constructed,not constructed,[Refuted],Visual juxtaposition alone was rejected
3,C07+C10+C11,fractal Schur compression + operational process tuple + dimensional-scale obstruction,quotient simultaneous generator-time rescaling,Operational Calibration Torsor,"principal positive-scale orbit of (A,tau)",projective spectrum before an external section is supplied,same transition operator on every scale-orbit representative,[Proven],Inherited lower-order object; no new irreducible coupling
3,C07+C10+C12,fractal Schur compression + operational process tuple + selector/source obstruction,no typed common operation in the declared finite grammar,No admitted derivative,not constructed,not constructed,not constructed,[Refuted],Visual juxtaposition alone was rejected
3,C07+C11+C12,fractal Schur compression + dimensional-scale obstruction + selector/source obstruction,no typed common operation in the declared finite grammar,No admitted derivative,not constructed,not constructed,not constructed,[Refuted],Visual juxtaposition alone was rejected
3,C08+C09+C10,adaptive operator and memory law + information/entropy geometry + operational process tuple,couple Fisher/heat geometry to record-driven operator learning,Adaptive Memory Geometry Flow,product of probability manifold and operator-memory manifold,geometric learning dissipation and predictive error,coupled gradient/process flow,[Speculative],Typed derivative generated
3,C08+C09+C11,adaptive operator and memory law + information/entropy geometry + dimensional-scale obstruction,no typed common operation in the declared finite grammar,No admitted derivative,not constructed,not constructed,not constructed,[Refuted],Visual juxtaposition alone was rejected
3,C08+C09+C12,adaptive operator and memory law + information/entropy geometry + selector/source obstruction,no typed common operation in the declared finite grammar,No admitted derivative,not constructed,not constructed,not constructed,[Refuted],Visual juxtaposition alone was rejected
3,C08+C10+C11,adaptive operator and memory law + operational process tuple + dimensional-scale obstruction,quotient simultaneous generator-time rescaling | update an operator model from intervention-conditioned records,Operational Calibration Torsor | Adaptive Process Estimator,"principal positive-scale orbit of (A,tau) | operator-valued state space with apparatus memory",projective spectrum before an external section is supplied | held-out process likelihood or residual,same transition operator on every scale-orbit representative | nonlinear learning coupled to process dynamics,[Moderate evidence] | [Proven],Inherited lower-order object; no new irreducible coupling
3,C08+C10+C12,adaptive operator and memory law + operational process tuple + selector/source obstruction,update an operator model from intervention-conditioned records,Adaptive Process Estimator,operator-valued state space with apparatus memory,held-out process likelihood or residual,nonlinear learning coupled to process dynamics,[Moderate evidence],Inherited lower-order object; no new irreducible coupling
3,C08+C11+C12,adaptive operator and memory law + dimensional-scale obstruction + selector/source obstruction,no typed common operation in the declared finite grammar,No admitted derivative,not constructed,not constructed,not constructed,[Refuted],Visual juxtaposition alone was rejected
3,C09+C10+C11,information/entropy geometry + operational process tuple + dimensional-scale obstruction,quotient simultaneous generator-time rescaling,Operational Calibration Torsor,"principal positive-scale orbit of (A,tau)",projective spectrum before an external section is supplied,same transition operator on every scale-orbit representative,[Proven],Inherited lower-order object; no new irreducible coupling
3,C09+C10+C12,information/entropy geometry + operational process tuple + selector/source obstruction,no typed common operation in the declared finite grammar,No admitted derivative,not constructed,not constructed,not constructed,[Refuted],Visual juxtaposition alone was rejected
3,C09+C11+C12,information/entropy geometry + dimensional-scale obstruction + selector/source obstruction,no typed common operation in the declared finite grammar,No admitted derivative,not constructed,not constructed,not constructed,[Refuted],Visual juxtaposition alone was rejected
3,C10+C11+C12,operational process tuple + dimensional-scale obstruction + selector/source obstruction,keep scale calibration and orientation resource as separate sections,Two-Torsor Physicalization Bundle,product of a positive-scale torsor and an orientation torsor over operational contexts,calibrated signed record only after both sections are supplied,conditional physicalization map; no internal source theorem,[Strong evidence],Typed derivative generated
4,C03+C04+C05+C07,positive graph Laplacian A + unitary/heat dual functional calculus + Green/resolvent/action reconstruction + fractal Schur compression,frequency-dependent block resolvent and Schur elimination,Dynamic Spectral Compression Kernel (DSCK),positive operator-valued Stieltjes functions Sigma_E(z),"self-energy, memory kernel and projected composition defect",exact non-Markovian reduced heat/wave dynamics,[Proven],Selected 4--6 puzzle coupling
4,C03+C04+C07+C10,positive graph Laplacian A + unitary/heat dual functional calculus + fractal Schur compression + operational process tuple,project wave/heat propagators and retain intermediate interventions,Dual-Ray Reduced Process Tensor,context-indexed multi-time process maps,intervention-dependent memory witness,coherent and diffusive reduced processes with hidden excursions,[Strong evidence],Selected 4--6 puzzle coupling
5,C03+C05+C06+C07+C12,positive graph Laplacian A + Green/resolvent/action reconstruction + orientation cocycle and chiral receivers + fractal Schur compression + selector/source obstruction,frequency-dependent block resolvent and Schur elimination | collect inversion-odd spectral receivers under one resource monotone,Dynamic Spectral Compression Kernel (DSCK) | Chiral Spectral Response Bundle,positive operator-valued Stieltjes functions Sigma_E(z) | bundle of signed observables over reflection-asymmetric states,"self-energy, memory kernel and projected composition defect | current, bispectrum and cocycle responses with common sign covariance",exact non-Markovian reduced heat/wave dynamics | covariant spectral dynamics transports but does not source the sign,[Proven] | [Strong evidence],Selected 4--6 puzzle coupling
5,C03+C04+C08+C09+C10,positive graph Laplacian A + unitary/heat dual functional calculus + adaptive operator and memory law + information/entropy geometry + operational process tuple,spectral calculus followed by diffusion/Fisher geometry | apply data processing to operational heat records | couple Fisher/heat geometry to record-driven operator learning,Heat-Spectral Geometry Tower | Information Contraction Ledger | Adaptive Memory Geometry Flow,one-parameter family of intrinsic finite geometries | pairs of probability measures modulo the process channel | product of probability manifold and operator-memory manifold,diffusion distances and spectral dimensions | lost relative distinguishability | geometric learning dissipation and predictive error,metric contraction along heat time | monotone contraction without dimensional energy interpretation | coupled gradient/process flow,[Proven] | [Speculative],Selected 4--6 puzzle coupling
6,C01+C02+C03+C05+C07+C11,strict oscillatory-damped kernel + legacy intermediate bridge profile + positive graph Laplacian A + Green/resolvent/action reconstruction + fractal Schur compression + dimensional-scale obstruction,frequency-dependent block resolvent and Schur elimination | transport the legacy-strict residual through nested reductions,Dynamic Spectral Compression Kernel (DSCK) | Multiscale Completion-Defect Tower,positive operator-valued Stieltjes functions Sigma_E(z) | scale-indexed obstruction diagram,"self-energy, memory kernel and projected composition defect | whether bridge defect contracts, persists or grows","exact non-Markovian reduced heat/wave dynamics | reduction-index flow, not physical time",[Moderate evidence] | [Proven],Selected 4--6 puzzle coupling
6,C03+C04+C05+C07+C09+C10,positive graph Laplacian A + unitary/heat dual functional calculus + Green/resolvent/action reconstruction + fractal Schur compression + information/entropy geometry + operational process tuple,frequency-dependent block resolvent and Schur elimination | project wave/heat propagators and retain intermediate interventions | spectral calculus followed by diffusion/Fisher geometry | apply data processing to operational heat records | assign Schur-effective resolvents to nested observation contexts,Dynamic Spectral Compression Kernel (DSCK) | Dual-Ray Reduced Process Tensor | Heat-Spectral Geometry Tower | Information Contraction Ledger | Resolvent Context Presheaf,positive operator-valued Stieltjes functions Sigma_E(z) | context-indexed multi-time process maps | one-parameter family of intrinsic finite geometries | pairs of probability measures modulo the process channel | contravariant diagram of effective operator pencils,"self-energy, memory kernel and projected composition defect | intervention-dependent memory witness | diffusion distances and spectral dimensions | lost relative distinguishability | context-to-context self-energy and gluing residual",exact non-Markovian reduced heat/wave dynamics | coherent and diffusive reduced processes with hidden excursions | metric contraction along heat time | monotone contraction without dimensional energy interpretation | contextual memory under refinement/coarsening,[Proven] | [Strong evidence],Selected 4--6 puzzle coupling
6,C04+C06+C09+C10+C11+C12,unitary/heat dual functional calculus + orientation cocycle and chiral receivers + information/entropy geometry + operational process tuple + dimensional-scale obstruction + selector/source obstruction,minimize information-geometric cost over symmetry-covariant channels | apply data processing to operational heat records | keep scale calibration and orientation resource as separate sections,Spectral Asymmetry Transport Cost | Information Contraction Ledger | Two-Torsor Physicalization Bundle,resource-conversion metric space | pairs of probability measures modulo the process channel | product of a positive-scale torsor and an orientation torsor over operational contexts,minimum cost of a signed receiver target | lost relative distinguishability | calibrated signed record only after both sections are supplied,resource monotone under free channels | monotone contraction without dimensional energy interpretation | conditional physicalization map; no internal source theorem,[Moderate evidence] | [Proven] | [Strong evidence],Selected 4--6 puzzle coupling
