mode_order,rank_assignment,common_mode_shift,minimum_weight,weights_exact,exact_mode_identity,all_weights_positive
"[0, 1, 2, 3, 4, 5]","[-5, -3, -1, 1, 3, 5]",1,0.16166666666666665,"[""sqrt(3)/150 + 7/40"", ""97/600"", ""33/200"", ""97/600"", ""7/40 - sqrt(3)/150"", ""97/600""]",True,True
"[0, 1, 2, 3, 5, 4]","[-5, -3, -1, 1, 5, 3]",1/3,0.15834402104803713,"[""sqrt(3)/120 + 311/1800"", ""29/180"", ""293/1800"", ""37/225"", ""311/1800 - sqrt(3)/120"", ""299/1800""]",True,True
"[0, 1, 2, 4, 3, 5]","[-5, -3, -1, 3, 1, 5]",5/3,0.15555555555555556,"[""sqrt(3)/200 + 319/1800"", ""149/900"", ""73/450"", ""73/450"", ""319/1800 - sqrt(3)/200"", ""7/45""]",True,True
"[0, 1, 2, 5, 3, 4]","[-5, -3, -1, 3, 5, 1]",1/3,0.15777777777777777,"[""sqrt(3)/120 + 311/1800"", ""37/225"", ""71/450"", ""151/900"", ""311/1800 - sqrt(3)/120"", ""37/225""]",True,True
"[0, 1, 2, 4, 5, 3]","[-5, -3, -1, 5, 1, 3]",5/3,0.15388888888888888,"[""sqrt(3)/200 + 319/1800"", ""38/225"", ""283/1800"", ""149/900"", ""319/1800 - sqrt(3)/200"", ""277/1800""]",True,True
"[0, 1, 2, 5, 4, 3]","[-5, -3, -1, 5, 3, 1]",1,0.155,"[""sqrt(3)/150 + 7/40"", ""101/600"", ""31/200"", ""101/600"", ""7/40 - sqrt(3)/150"", ""19/120""]",True,True
"[0, 1, 3, 2, 4, 5]","[-5, -3, 1, -1, 3, 5]",1/3,0.15611111111111112,"[""sqrt(3)/150 + 311/1800"", ""293/1800"", ""151/900"", ""281/1800"", ""311/1800 - sqrt(3)/150"", ""151/900""]",True,True
"[0, 1, 3, 2, 5, 4]","[-5, -3, 1, -1, 5, 3]",-1/3,0.15612179882581492,"[""sqrt(3)/120 + 307/1800"", ""73/450"", ""149/900"", ""143/900"", ""307/1800 - sqrt(3)/120"", ""31/180""]",True,True
"[0, 1, 4, 2, 3, 5]","[-5, -3, 1, 3, -1, 5]",5/3,0.15555555555555556,"[""sqrt(3)/300 + 319/1800"", ""307/1800"", ""73/450"", ""283/1800"", ""319/1800 - sqrt(3)/300"", ""7/45""]",True,True
"[0, 1, 5, 2, 3, 4]","[-5, -3, 1, 3, 5, -1]",-1/3,0.15555555555555556,"[""sqrt(3)/120 + 307/1800"", ""38/225"", ""7/45"", ""149/900"", ""307/1800 - sqrt(3)/120"", ""38/225""]",True,True
"[0, 1, 4, 2, 5, 3]","[-5, -3, 1, 5, -1, 3]",5/3,0.15388888888888888,"[""sqrt(3)/300 + 319/1800"", ""313/1800"", ""283/1800"", ""289/1800"", ""319/1800 - sqrt(3)/300"", ""277/1800""]",True,True
"[0, 1, 5, 2, 4, 3]","[-5, -3, 1, 5, 3, -1]",1/3,0.1527777777777778,"[""sqrt(3)/150 + 311/1800"", ""311/1800"", ""11/72"", ""299/1800"", ""311/1800 - sqrt(3)/150"", ""293/1800""]",True,True
"[0, 1, 3, 4, 2, 5]","[-5, -3, 3, -1, 1, 5]",1/3,0.1511111111111111,"[""sqrt(3)/200 + 311/1800"", ""151/900"", ""151/900"", ""34/225"", ""311/1800 - sqrt(3)/200"", ""151/900""]",True,True
"[0, 1, 3, 5, 2, 4]","[-5, -3, 3, -1, 5, 1]",-1,0.15389957660359269,"[""sqrt(3)/120 + 101/600"", ""1/6"", ""49/300"", ""47/300"", ""101/600 - sqrt(3)/120"", ""53/300""]",True,True
"[0, 1, 4, 3, 2, 5]","[-5, -3, 3, 1, -1, 5]",1,0.15166666666666667,"[""sqrt(3)/300 + 7/40"", ""103/600"", ""33/200"", ""91/600"", ""7/40 - sqrt(3)/300"", ""97/600""]",True,True
"[0, 1, 5, 3, 2, 4]","[-5, -3, 3, 1, 5, -1]",-1,0.15389957660359269,"[""sqrt(3)/120 + 101/600"", ""17/100"", ""19/120"", ""4/25"", ""101/600 - sqrt(3)/120"", ""7/40""]",True,True
"[0, 1, 4, 5, 2, 3]","[-5, -3, 3, 5, -1, 1]",1,0.155,"[""sqrt(3)/300 + 7/40"", ""107/600"", ""31/200"", ""19/120"", ""7/40 - sqrt(3)/300"", ""19/120""]",True,True
"[0, 1, 5, 4, 2, 3]","[-5, -3, 3, 5, 1, -1]",1/3,0.1527777777777778,"[""sqrt(3)/200 + 311/1800"", ""8/45"", ""11/72"", ""29/180"", ""311/1800 - sqrt(3)/200"", ""293/1800""]",True,True
"[0, 1, 3, 4, 5, 2]","[-5, -3, 5, -1, 1, 3]",-1/3,0.14888888888888888,"[""sqrt(3)/200 + 307/1800"", ""31/180"", ""149/900"", ""67/450"", ""307/1800 - sqrt(3)/200"", ""31/180""]",True,True
"[0, 1, 3, 5, 4, 2]","[-5, -3, 5, -1, 3, 1]",-1,0.15166666666666667,"[""sqrt(3)/150 + 101/600"", ""103/600"", ""49/300"", ""91/600"", ""101/600 - sqrt(3)/150"", ""53/300""]",True,True
"[0, 1, 4, 3, 5, 2]","[-5, -3, 5, 1, -1, 3]",1/3,0.14944444444444444,"[""sqrt(3)/300 + 311/1800"", ""317/1800"", ""293/1800"", ""269/1800"", ""311/1800 - sqrt(3)/300"", ""299/1800""]",True,True
"[0, 1, 5, 3, 4, 2]","[-5, -3, 5, 1, 3, -1]",-1,0.155,"[""sqrt(3)/150 + 101/600"", ""7/40"", ""19/120"", ""31/200"", ""101/600 - sqrt(3)/150"", ""7/40""]",True,True
"[0, 1, 4, 5, 3, 2]","[-5, -3, 5, 3, -1, 1]",1/3,0.1527777777777778,"[""sqrt(3)/300 + 311/1800"", ""323/1800"", ""71/450"", ""11/72"", ""311/1800 - sqrt(3)/300"", ""37/225""]",True,True
"[0, 1, 5, 4, 3, 2]","[-5, -3, 5, 3, 1, -1]",-1/3,0.15555555555555556,"[""sqrt(3)/200 + 307/1800"", ""161/900"", ""7/45"", ""7/45"", ""307/1800 - sqrt(3)/200"", ""38/225""]",True,True
"[0, 2, 1, 3, 4, 5]","[-5, -1, -3, 1, 3, 5]",5/3,0.15555555555555556,"[""sqrt(3)/150 + 313/1800"", ""289/1800"", ""38/225"", ""301/1800"", ""313/1800 - sqrt(3)/150"", ""7/45""]",True,True
"[0, 2, 1, 3, 5, 4]","[-5, -1, -3, 1, 5, 3]",1,0.157232909936926,"[""sqrt(3)/120 + 103/600"", ""4/25"", ""1/6"", ""17/100"", ""103/600 - sqrt(3)/120"", ""4/25""]",True,True
"[0, 2, 1, 4, 3, 5]","[-5, -1, -3, 3, 1, 5]",7/3,0.14944444444444444,"[""sqrt(3)/200 + 317/1800"", ""37/225"", ""299/1800"", ""151/900"", ""317/1800 - sqrt(3)/200"", ""269/1800""]",True,True
"[0, 2, 1, 5, 3, 4]","[-5, -1, -3, 3, 5, 1]",1,0.157232909936926,"[""sqrt(3)/120 + 103/600"", ""49/300"", ""97/600"", ""13/75"", ""103/600 - sqrt(3)/120"", ""19/120""]",True,True
"[0, 2, 1, 4, 5, 3]","[-5, -1, -3, 5, 1, 3]",7/3,0.14777777777777779,"[""sqrt(3)/200 + 317/1800"", ""151/900"", ""29/180"", ""77/450"", ""317/1800 - sqrt(3)/200"", ""133/900""]",True,True
"[0, 2, 1, 5, 4, 3]","[-5, -1, -3, 5, 3, 1]",5/3,0.15222222222222223,"[""sqrt(3)/150 + 313/1800"", ""301/1800"", ""143/900"", ""313/1800"", ""313/1800 - sqrt(3)/150"", ""137/900""]",True,True
"[0, 3, 1, 2, 4, 5]","[-5, -1, 1, -3, 3, 5]",1/3,0.15611111111111112,"[""sqrt(3)/150 + 61/360"", ""293/1800"", ""157/900"", ""281/1800"", ""61/360 - sqrt(3)/150"", ""151/900""]",True,True
"[0, 3, 1, 2, 5, 4]","[-5, -1, 1, -3, 5, 3]",-1/3,0.15278846549248157,"[""sqrt(3)/120 + 301/1800"", ""73/450"", ""31/180"", ""143/900"", ""301/1800 - sqrt(3)/120"", ""31/180""]",True,True
"[0, 4, 1, 2, 3, 5]","[-5, -1, 1, 3, -3, 5]",7/3,0.14944444444444444,"[""sqrt(3)/600 + 317/1800"", ""157/900"", ""299/1800"", ""71/450"", ""317/1800 - sqrt(3)/600"", ""269/1800""]",True,True
"[0, 5, 1, 2, 3, 4]","[-5, -1, 1, 3, 5, -3]",-1/3,0.15278846549248157,"[""sqrt(3)/120 + 301/1800"", ""31/180"", ""283/1800"", ""38/225"", ""301/1800 - sqrt(3)/120"", ""301/1800""]",True,True
"[0, 4, 1, 2, 5, 3]","[-5, -1, 1, 5, -3, 3]",7/3,0.14777777777777779,"[""sqrt(3)/600 + 317/1800"", ""8/45"", ""29/180"", ""29/180"", ""317/1800 - sqrt(3)/600"", ""133/900""]",True,True
"[0, 5, 1, 2, 4, 3]","[-5, -1, 1, 5, 3, -3]",1/3,0.15444444444444444,"[""sqrt(3)/150 + 61/360"", ""317/1800"", ""139/900"", ""61/360"", ""61/360 - sqrt(3)/150"", ""29/180""]",True,True
"[0, 3, 1, 4, 2, 5]","[-5, -1, 3, -3, 1, 5]",1/3,0.1511111111111111,"[""sqrt(3)/200 + 61/360"", ""151/900"", ""157/900"", ""34/225"", ""61/360 - sqrt(3)/200"", ""151/900""]",True,True
"[0, 3, 1, 5, 2, 4]","[-5, -1, 3, -3, 5, 1]",-1,0.15056624327025936,"[""sqrt(3)/120 + 33/200"", ""1/6"", ""17/100"", ""47/300"", ""33/200 - sqrt(3)/120"", ""53/300""]",True,True
"[0, 4, 1, 3, 2, 5]","[-5, -1, 3, 1, -3, 5]",5/3,0.15222222222222223,"[""sqrt(3)/600 + 313/1800"", ""79/450"", ""38/225"", ""137/900"", ""313/1800 - sqrt(3)/600"", ""7/45""]",True,True
"[0, 5, 1, 3, 2, 4]","[-5, -1, 3, 1, 5, -3]",-1,0.15056624327025936,"[""sqrt(3)/120 + 33/200"", ""13/75"", ""4/25"", ""49/300"", ""33/200 - sqrt(3)/120"", ""13/75""]",True,True
"[0, 4, 1, 5, 2, 3]","[-5, -1, 3, 5, -3, 1]",5/3,0.15222222222222223,"[""sqrt(3)/600 + 313/1800"", ""41/225"", ""143/900"", ""143/900"", ""313/1800 - sqrt(3)/600"", ""137/900""]",True,True
"[0, 5, 1, 4, 2, 3]","[-5, -1, 3, 5, 1, -3]",1/3,0.15444444444444444,"[""sqrt(3)/200 + 61/360"", ""163/900"", ""139/900"", ""37/225"", ""61/360 - sqrt(3)/200"", ""29/180""]",True,True
"[0, 3, 1, 4, 5, 2]","[-5, -1, 5, -3, 1, 3]",-1/3,0.14888888888888888,"[""sqrt(3)/200 + 301/1800"", ""31/180"", ""31/180"", ""67/450"", ""301/1800 - sqrt(3)/200"", ""31/180""]",True,True
"[0, 3, 1, 5, 4, 2]","[-5, -1, 5, -3, 3, 1]",-1,0.15166666666666667,"[""sqrt(3)/150 + 33/200"", ""103/600"", ""17/100"", ""91/600"", ""33/200 - sqrt(3)/150"", ""53/300""]",True,True
"[0, 4, 1, 3, 5, 2]","[-5, -1, 5, 1, -3, 3]",1,0.15,"[""sqrt(3)/600 + 103/600"", ""9/50"", ""1/6"", ""3/20"", ""103/600 - sqrt(3)/600"", ""4/25""]",True,True
"[0, 5, 1, 3, 4, 2]","[-5, -1, 5, 1, 3, -3]",-1,0.15345299461620748,"[""sqrt(3)/150 + 33/200"", ""107/600"", ""4/25"", ""19/120"", ""33/200 - sqrt(3)/150"", ""13/75""]",True,True
"[0, 4, 1, 5, 3, 2]","[-5, -1, 5, 3, -3, 1]",1,0.15333333333333332,"[""sqrt(3)/600 + 103/600"", ""11/60"", ""97/600"", ""23/150"", ""103/600 - sqrt(3)/600"", ""19/120""]",True,True
"[0, 5, 1, 4, 3, 2]","[-5, -1, 5, 3, 1, -3]",-1/3,0.15722222222222224,"[""sqrt(3)/200 + 301/1800"", ""41/225"", ""283/1800"", ""143/900"", ""301/1800 - sqrt(3)/200"", ""301/1800""]",True,True
"[0, 2, 3, 1, 4, 5]","[-5, 1, -3, -1, 3, 5]",5/3,0.15555555555555556,"[""sqrt(3)/150 + 307/1800"", ""289/1800"", ""79/450"", ""301/1800"", ""307/1800 - sqrt(3)/150"", ""7/45""]",True,True
"[0, 2, 3, 1, 5, 4]","[-5, 1, -3, -1, 5, 3]",1,0.15389957660359269,"[""sqrt(3)/120 + 101/600"", ""4/25"", ""13/75"", ""17/100"", ""101/600 - sqrt(3)/120"", ""4/25""]",True,True
"[0, 2, 4, 1, 3, 5]","[-5, 1, -3, 3, -1, 5]",3,0.14333333333333334,"[""sqrt(3)/300 + 7/40"", ""101/600"", ""17/100"", ""101/600"", ""7/40 - sqrt(3)/300"", ""43/300""]",True,True
"[0, 2, 5, 1, 3, 4]","[-5, 1, -3, 3, 5, -1]",1,0.15389957660359269,"[""sqrt(3)/120 + 101/600"", ""1/6"", ""49/300"", ""53/300"", ""101/600 - sqrt(3)/120"", ""47/300""]",True,True
"[0, 2, 4, 1, 5, 3]","[-5, 1, -3, 5, -1, 3]",3,0.14166666666666666,"[""sqrt(3)/300 + 7/40"", ""103/600"", ""33/200"", ""103/600"", ""7/40 - sqrt(3)/300"", ""17/120""]",True,True
"[0, 2, 5, 1, 4, 3]","[-5, 1, -3, 5, 3, -1]",5/3,0.15055555555555555,"[""sqrt(3)/150 + 307/1800"", ""307/1800"", ""289/1800"", ""319/1800"", ""307/1800 - sqrt(3)/150"", ""271/1800""]",True,True
"[0, 3, 2, 1, 4, 5]","[-5, 1, -1, -3, 3, 5]",1,0.1567863279495408,"[""sqrt(3)/150 + 101/600"", ""97/600"", ""107/600"", ""97/600"", ""101/600 - sqrt(3)/150"", ""97/600""]",True,True
"[0, 3, 2, 1, 5, 4]","[-5, 1, -1, -3, 5, 3]",1/3,0.15167735438137048,"[""sqrt(3)/120 + 299/1800"", ""29/180"", ""317/1800"", ""37/225"", ""299/1800 - sqrt(3)/120"", ""299/1800""]",True,True
"[0, 4, 2, 1, 3, 5]","[-5, 1, -1, 3, -3, 5]",3,0.14333333333333334,"[""sqrt(3)/600 + 7/40"", ""13/75"", ""17/100"", ""49/300"", ""7/40 - sqrt(3)/600"", ""43/300""]",True,True
"[0, 5, 2, 1, 3, 4]","[-5, 1, -1, 3, 5, -3]",1/3,0.15167735438137048,"[""sqrt(3)/120 + 299/1800"", ""77/450"", ""29/180"", ""157/900"", ""299/1800 - sqrt(3)/120"", ""29/180""]",True,True
"[0, 4, 2, 1, 5, 3]","[-5, 1, -1, 5, -3, 3]",3,0.14166666666666666,"[""sqrt(3)/600 + 7/40"", ""53/300"", ""33/200"", ""1/6"", ""7/40 - sqrt(3)/600"", ""17/120""]",True,True
"[0, 5, 2, 1, 4, 3]","[-5, 1, -1, 5, 3, -3]",1,0.155,"[""sqrt(3)/150 + 101/600"", ""7/40"", ""19/120"", ""7/40"", ""101/600 - sqrt(3)/150"", ""31/200""]",True,True
"[0, 3, 4, 1, 2, 5]","[-5, 1, 3, -3, -1, 5]",1,0.15166666666666667,"[""sqrt(3)/300 + 101/600"", ""103/600"", ""107/600"", ""91/600"", ""101/600 - sqrt(3)/300"", ""97/600""]",True,True
"[0, 3, 5, 1, 2, 4]","[-5, 1, 3, -3, 5, -1]",-1,0.14723290993692603,"[""sqrt(3)/120 + 97/600"", ""17/100"", ""103/600"", ""4/25"", ""97/600 - sqrt(3)/120"", ""7/40""]",True,True
"[0, 4, 3, 1, 2, 5]","[-5, 1, 3, -1, -3, 5]",5/3,0.15222222222222223,"[""sqrt(3)/600 + 307/1800"", ""79/450"", ""79/450"", ""137/900"", ""307/1800 - sqrt(3)/600"", ""7/45""]",True,True
"[0, 5, 3, 1, 2, 4]","[-5, 1, 3, -1, 5, -3]",-1,0.14723290993692603,"[""sqrt(3)/120 + 97/600"", ""13/75"", ""1/6"", ""49/300"", ""97/600 - sqrt(3)/120"", ""13/75""]",True,True
"[0, 4, 5, 1, 2, 3]","[-5, 1, 3, 5, -3, -1]",5/3,0.15055555555555555,"[""sqrt(3)/600 + 307/1800"", ""167/900"", ""289/1800"", ""73/450"", ""307/1800 - sqrt(3)/600"", ""271/1800""]",True,True
"[0, 5, 4, 1, 2, 3]","[-5, 1, 3, 5, -1, -3]",1,0.155,"[""sqrt(3)/300 + 101/600"", ""37/200"", ""19/120"", ""33/200"", ""101/600 - sqrt(3)/300"", ""31/200""]",True,True
"[0, 3, 4, 1, 5, 2]","[-5, 1, 5, -3, -1, 3]",1/3,0.14944444444444444,"[""sqrt(3)/300 + 299/1800"", ""317/1800"", ""317/1800"", ""269/1800"", ""299/1800 - sqrt(3)/300"", ""299/1800""]",True,True
"[0, 3, 5, 1, 4, 2]","[-5, 1, 5, -3, 3, -1]",-1,0.15011966128287416,"[""sqrt(3)/150 + 97/600"", ""7/40"", ""103/600"", ""31/200"", ""97/600 - sqrt(3)/150"", ""7/40""]",True,True
"[0, 4, 3, 1, 5, 2]","[-5, 1, 5, -1, -3, 3]",1,0.15,"[""sqrt(3)/600 + 101/600"", ""9/50"", ""13/75"", ""3/20"", ""101/600 - sqrt(3)/600"", ""4/25""]",True,True
"[0, 5, 3, 1, 4, 2]","[-5, 1, 5, -1, 3, -3]",-1,0.15011966128287416,"[""sqrt(3)/150 + 97/600"", ""107/600"", ""1/6"", ""19/120"", ""97/600 - sqrt(3)/150"", ""13/75""]",True,True
"[0, 4, 5, 1, 3, 2]","[-5, 1, 5, 3, -3, -1]",1,0.15666666666666668,"[""sqrt(3)/600 + 101/600"", ""14/75"", ""49/300"", ""47/300"", ""101/600 - sqrt(3)/600"", ""47/300""]",True,True
"[0, 5, 4, 1, 3, 2]","[-5, 1, 5, 3, -1, -3]",1/3,0.15944444444444444,"[""sqrt(3)/300 + 299/1800"", ""67/360"", ""29/180"", ""287/1800"", ""299/1800 - sqrt(3)/300"", ""29/180""]",True,True
"[0, 2, 3, 4, 1, 5]","[-5, 3, -3, -1, 1, 5]",7/3,0.14944444444444444,"[""sqrt(3)/200 + 61/360"", ""37/225"", ""323/1800"", ""151/900"", ""61/360 - sqrt(3)/200"", ""269/1800""]",True,True
"[0, 2, 3, 5, 1, 4]","[-5, 3, -3, -1, 5, 1]",1,0.15056624327025936,"[""sqrt(3)/120 + 33/200"", ""49/300"", ""7/40"", ""13/75"", ""33/200 - sqrt(3)/120"", ""19/120""]",True,True
"[0, 2, 4, 3, 1, 5]","[-5, 3, -3, 1, -1, 5]",3,0.14333333333333334,"[""sqrt(3)/300 + 103/600"", ""101/600"", ""53/300"", ""101/600"", ""103/600 - sqrt(3)/300"", ""43/300""]",True,True
"[0, 2, 5, 3, 1, 4]","[-5, 3, -3, 1, 5, -1]",1,0.15056624327025936,"[""sqrt(3)/120 + 33/200"", ""1/6"", ""17/100"", ""53/300"", ""33/200 - sqrt(3)/120"", ""47/300""]",True,True
"[0, 2, 4, 5, 1, 3]","[-5, 3, -3, 5, -1, 1]",3,0.14,"[""sqrt(3)/300 + 103/600"", ""7/40"", ""1/6"", ""7/40"", ""103/600 - sqrt(3)/300"", ""7/50""]",True,True
"[0, 2, 5, 4, 1, 3]","[-5, 3, -3, 5, 1, -1]",7/3,0.14444444444444443,"[""sqrt(3)/200 + 61/360"", ""157/900"", ""37/225"", ""8/45"", ""61/360 - sqrt(3)/200"", ""13/90""]",True,True
"[0, 3, 2, 4, 1, 5]","[-5, 3, -1, -3, 1, 5]",5/3,0.15555555555555556,"[""sqrt(3)/200 + 301/1800"", ""149/900"", ""41/225"", ""73/450"", ""301/1800 - sqrt(3)/200"", ""7/45""]",True,True
"[0, 3, 2, 5, 1, 4]","[-5, 3, -1, -3, 5, 1]",1/3,0.14834402104803712,"[""sqrt(3)/120 + 293/1800"", ""37/225"", ""8/45"", ""151/900"", ""293/1800 - sqrt(3)/120"", ""37/225""]",True,True
"[0, 4, 2, 3, 1, 5]","[-5, 3, -1, 1, -3, 5]",3,0.14333333333333334,"[""sqrt(3)/600 + 103/600"", ""13/75"", ""53/300"", ""49/300"", ""103/600 - sqrt(3)/600"", ""43/300""]",True,True
"[0, 5, 2, 3, 1, 4]","[-5, 3, -1, 1, 5, -3]",1/3,0.14834402104803712,"[""sqrt(3)/120 + 293/1800"", ""77/450"", ""151/900"", ""157/900"", ""293/1800 - sqrt(3)/120"", ""29/180""]",True,True
"[0, 4, 2, 5, 1, 3]","[-5, 3, -1, 5, -3, 1]",3,0.14,"[""sqrt(3)/600 + 103/600"", ""9/50"", ""1/6"", ""17/100"", ""103/600 - sqrt(3)/600"", ""7/50""]",True,True
"[0, 5, 2, 4, 1, 3]","[-5, 3, -1, 5, 1, -3]",5/3,0.14888888888888888,"[""sqrt(3)/200 + 301/1800"", ""161/900"", ""73/450"", ""79/450"", ""301/1800 - sqrt(3)/200"", ""67/450""]",True,True
"[0, 3, 4, 2, 1, 5]","[-5, 3, 1, -3, -1, 5]",5/3,0.15555555555555556,"[""sqrt(3)/300 + 301/1800"", ""307/1800"", ""41/225"", ""283/1800"", ""301/1800 - sqrt(3)/300"", ""7/45""]",True,True
"[0, 3, 5, 2, 1, 4]","[-5, 3, 1, -3, 5, -1]",-1/3,0.1461217988258149,"[""sqrt(3)/120 + 289/1800"", ""38/225"", ""79/450"", ""149/900"", ""289/1800 - sqrt(3)/120"", ""38/225""]",True,True
"[0, 4, 3, 2, 1, 5]","[-5, 3, 1, -1, -3, 5]",7/3,0.14944444444444444,"[""sqrt(3)/600 + 61/360"", ""157/900"", ""323/1800"", ""71/450"", ""61/360 - sqrt(3)/600"", ""269/1800""]",True,True
"[0, 5, 3, 2, 1, 4]","[-5, 3, 1, -1, 5, -3]",-1/3,0.1461217988258149,"[""sqrt(3)/120 + 289/1800"", ""31/180"", ""307/1800"", ""38/225"", ""289/1800 - sqrt(3)/120"", ""301/1800""]",True,True
"[0, 4, 5, 2, 1, 3]","[-5, 3, 1, 5, -3, -1]",7/3,0.14444444444444443,"[""sqrt(3)/600 + 61/360"", ""83/450"", ""37/225"", ""151/900"", ""61/360 - sqrt(3)/600"", ""13/90""]",True,True
"[0, 5, 4, 2, 1, 3]","[-5, 3, 1, 5, -1, -3]",5/3,0.14888888888888888,"[""sqrt(3)/300 + 301/1800"", ""331/1800"", ""73/450"", ""307/1800"", ""301/1800 - sqrt(3)/300"", ""67/450""]",True,True
"[0, 3, 4, 5, 1, 2]","[-5, 3, 5, -3, -1, 1]",1/3,0.1527777777777778,"[""sqrt(3)/300 + 293/1800"", ""323/1800"", ""8/45"", ""11/72"", ""293/1800 - sqrt(3)/300"", ""37/225""]",True,True
"[0, 3, 5, 4, 1, 2]","[-5, 3, 5, -3, 1, -1]",-1/3,0.15189530151771116,"[""sqrt(3)/200 + 289/1800"", ""161/900"", ""79/450"", ""7/45"", ""289/1800 - sqrt(3)/200"", ""38/225""]",True,True
"[0, 4, 3, 5, 1, 2]","[-5, 3, 5, -1, -3, 1]",1,0.15333333333333332,"[""sqrt(3)/600 + 33/200"", ""11/60"", ""7/40"", ""23/150"", ""33/200 - sqrt(3)/600"", ""19/120""]",True,True
"[0, 5, 3, 4, 1, 2]","[-5, 3, 5, -1, 1, -3]",-1/3,0.15189530151771116,"[""sqrt(3)/200 + 289/1800"", ""41/225"", ""307/1800"", ""143/900"", ""289/1800 - sqrt(3)/200"", ""301/1800""]",True,True
"[0, 4, 5, 3, 1, 2]","[-5, 3, 5, 1, -3, -1]",1,0.15666666666666668,"[""sqrt(3)/600 + 33/200"", ""14/75"", ""17/100"", ""47/300"", ""33/200 - sqrt(3)/600"", ""47/300""]",True,True
"[0, 5, 4, 3, 1, 2]","[-5, 3, 5, 1, -1, -3]",1/3,0.15700427508588152,"[""sqrt(3)/300 + 293/1800"", ""67/360"", ""151/900"", ""287/1800"", ""293/1800 - sqrt(3)/300"", ""29/180""]",True,True
"[0, 2, 3, 4, 5, 1]","[-5, 5, -3, -1, 1, 3]",7/3,0.14777777777777779,"[""sqrt(3)/200 + 299/1800"", ""151/900"", ""163/900"", ""77/450"", ""299/1800 - sqrt(3)/200"", ""133/900""]",True,True
"[0, 2, 3, 5, 4, 1]","[-5, 5, -3, -1, 3, 1]",5/3,0.15222222222222223,"[""sqrt(3)/150 + 59/360"", ""301/1800"", ""161/900"", ""313/1800"", ""59/360 - sqrt(3)/150"", ""137/900""]",True,True
"[0, 2, 4, 3, 5, 1]","[-5, 5, -3, 1, -1, 3]",3,0.14166666666666666,"[""sqrt(3)/300 + 101/600"", ""103/600"", ""107/600"", ""103/600"", ""101/600 - sqrt(3)/300"", ""17/120""]",True,True
"[0, 2, 5, 3, 4, 1]","[-5, 5, -3, 1, 3, -1]",5/3,0.15055555555555555,"[""sqrt(3)/150 + 59/360"", ""307/1800"", ""313/1800"", ""319/1800"", ""59/360 - sqrt(3)/150"", ""271/1800""]",True,True
"[0, 2, 4, 5, 3, 1]","[-5, 5, -3, 3, -1, 1]",3,0.14,"[""sqrt(3)/300 + 101/600"", ""7/40"", ""13/75"", ""7/40"", ""101/600 - sqrt(3)/300"", ""7/50""]",True,True
"[0, 2, 5, 4, 3, 1]","[-5, 5, -3, 3, 1, -1]",7/3,0.14444444444444443,"[""sqrt(3)/200 + 299/1800"", ""157/900"", ""77/450"", ""8/45"", ""299/1800 - sqrt(3)/200"", ""13/90""]",True,True
"[0, 3, 2, 4, 5, 1]","[-5, 5, -1, -3, 1, 3]",5/3,0.15388888888888888,"[""sqrt(3)/200 + 59/360"", ""38/225"", ""331/1800"", ""149/900"", ""59/360 - sqrt(3)/200"", ""277/1800""]",True,True
"[0, 3, 2, 5, 4, 1]","[-5, 5, -1, -3, 3, 1]",1,0.15011966128287416,"[""sqrt(3)/150 + 97/600"", ""101/600"", ""109/600"", ""101/600"", ""97/600 - sqrt(3)/150"", ""19/120""]",True,True
"[0, 4, 2, 3, 5, 1]","[-5, 5, -1, 1, -3, 3]",3,0.14166666666666666,"[""sqrt(3)/600 + 101/600"", ""53/300"", ""107/600"", ""1/6"", ""101/600 - sqrt(3)/600"", ""17/120""]",True,True
"[0, 5, 2, 3, 4, 1]","[-5, 5, -1, 1, 3, -3]",1,0.15011966128287416,"[""sqrt(3)/150 + 97/600"", ""7/40"", ""103/600"", ""7/40"", ""97/600 - sqrt(3)/150"", ""31/200""]",True,True
"[0, 4, 2, 5, 3, 1]","[-5, 5, -1, 3, -3, 1]",3,0.14,"[""sqrt(3)/600 + 101/600"", ""9/50"", ""13/75"", ""17/100"", ""101/600 - sqrt(3)/600"", ""7/50""]",True,True
"[0, 5, 2, 4, 3, 1]","[-5, 5, -1, 3, 1, -3]",5/3,0.14888888888888888,"[""sqrt(3)/200 + 59/360"", ""161/900"", ""38/225"", ""79/450"", ""59/360 - sqrt(3)/200"", ""67/450""]",True,True
"[0, 3, 4, 2, 5, 1]","[-5, 5, 1, -3, -1, 3]",5/3,0.15388888888888888,"[""sqrt(3)/300 + 59/360"", ""313/1800"", ""331/1800"", ""289/1800"", ""59/360 - sqrt(3)/300"", ""277/1800""]",True,True
"[0, 3, 5, 2, 4, 1]","[-5, 5, 1, -3, 3, -1]",1/3,0.14789743906065192,"[""sqrt(3)/150 + 287/1800"", ""311/1800"", ""323/1800"", ""299/1800"", ""287/1800 - sqrt(3)/150"", ""293/1800""]",True,True
"[0, 4, 3, 2, 5, 1]","[-5, 5, 1, -1, -3, 3]",7/3,0.14777777777777779,"[""sqrt(3)/600 + 299/1800"", ""8/45"", ""163/900"", ""29/180"", ""299/1800 - sqrt(3)/600"", ""133/900""]",True,True
"[0, 5, 3, 2, 4, 1]","[-5, 5, 1, -1, 3, -3]",1/3,0.14789743906065192,"[""sqrt(3)/150 + 287/1800"", ""317/1800"", ""157/900"", ""61/360"", ""287/1800 - sqrt(3)/150"", ""29/180""]",True,True
"[0, 4, 5, 2, 3, 1]","[-5, 5, 1, 3, -3, -1]",7/3,0.14444444444444443,"[""sqrt(3)/600 + 299/1800"", ""83/450"", ""77/450"", ""151/900"", ""299/1800 - sqrt(3)/600"", ""13/90""]",True,True
"[0, 5, 4, 2, 3, 1]","[-5, 5, 1, 3, -1, -3]",5/3,0.14888888888888888,"[""sqrt(3)/300 + 59/360"", ""331/1800"", ""38/225"", ""307/1800"", ""59/360 - sqrt(3)/300"", ""67/450""]",True,True
"[0, 3, 4, 5, 2, 1]","[-5, 5, 3, -3, -1, 1]",1,0.1558931639747704,"[""sqrt(3)/300 + 97/600"", ""107/600"", ""109/600"", ""19/120"", ""97/600 - sqrt(3)/300"", ""19/120""]",True,True
"[0, 3, 5, 4, 2, 1]","[-5, 5, 3, -3, 1, -1]",1/3,0.15078419040660007,"[""sqrt(3)/200 + 287/1800"", ""8/45"", ""323/1800"", ""29/180"", ""287/1800 - sqrt(3)/200"", ""293/1800""]",True,True
"[0, 4, 3, 5, 2, 1]","[-5, 5, 3, -1, -3, 1]",5/3,0.15222222222222223,"[""sqrt(3)/600 + 59/360"", ""41/225"", ""161/900"", ""143/900"", ""59/360 - sqrt(3)/600"", ""137/900""]",True,True
"[0, 5, 3, 4, 2, 1]","[-5, 5, 3, -1, 1, -3]",1/3,0.15078419040660007,"[""sqrt(3)/200 + 287/1800"", ""163/900"", ""157/900"", ""37/225"", ""287/1800 - sqrt(3)/200"", ""29/180""]",True,True
"[0, 4, 5, 3, 2, 1]","[-5, 5, 3, 1, -3, -1]",5/3,0.15055555555555555,"[""sqrt(3)/600 + 59/360"", ""167/900"", ""313/1800"", ""73/450"", ""59/360 - sqrt(3)/600"", ""271/1800""]",True,True
"[0, 5, 4, 3, 2, 1]","[-5, 5, 3, 1, -1, -3]",1,0.155,"[""sqrt(3)/300 + 97/600"", ""37/200"", ""103/600"", ""33/200"", ""97/600 - sqrt(3)/300"", ""31/200""]",True,True
"[1, 0, 2, 3, 4, 5]","[-3, -5, -1, 1, 3, 5]",1/3,0.15777777777777777,"[""sqrt(3)/200 + 317/1800"", ""71/450"", ""29/180"", ""29/180"", ""317/1800 - sqrt(3)/200"", ""151/900""]",True,True
"[1, 0, 2, 3, 5, 4]","[-3, -5, -1, 1, 5, 3]",-1/3,0.15722222222222224,"[""sqrt(3)/150 + 313/1800"", ""283/1800"", ""143/900"", ""59/360"", ""313/1800 - sqrt(3)/150"", ""31/180""]",True,True
"[1, 0, 2, 4, 3, 5]","[-3, -5, -1, 3, 1, 5]",1,0.15833333333333333,"[""sqrt(3)/300 + 107/600"", ""97/600"", ""19/120"", ""97/600"", ""107/600 - sqrt(3)/300"", ""97/600""]",True,True
"[1, 0, 2, 5, 3, 4]","[-3, -5, -1, 3, 5, 1]",-1/3,0.15388888888888888,"[""sqrt(3)/150 + 313/1800"", ""289/1800"", ""277/1800"", ""301/1800"", ""313/1800 - sqrt(3)/150"", ""307/1800""]",True,True
"[1, 0, 2, 4, 5, 3]","[-3, -5, -1, 5, 1, 3]",1,0.15333333333333332,"[""sqrt(3)/300 + 107/600"", ""33/200"", ""23/150"", ""33/200"", ""107/600 - sqrt(3)/300"", ""4/25""]",True,True
"[1, 0, 2, 5, 4, 3]","[-3, -5, -1, 5, 3, 1]",1/3,0.1511111111111111,"[""sqrt(3)/200 + 317/1800"", ""37/225"", ""34/225"", ""151/900"", ""317/1800 - sqrt(3)/200"", ""37/225""]",True,True
"[1, 0, 3, 2, 4, 5]","[-3, -5, 1, -1, 3, 5]",-1/3,0.15555555555555556,"[""sqrt(3)/200 + 313/1800"", ""143/900"", ""59/360"", ""7/45"", ""313/1800 - sqrt(3)/200"", ""313/1800""]",True,True
"[1, 0, 3, 2, 5, 4]","[-3, -5, 1, -1, 5, 3]",-1,0.15833333333333333,"[""sqrt(3)/150 + 103/600"", ""19/120"", ""97/600"", ""19/120"", ""103/600 - sqrt(3)/150"", ""107/600""]",True,True
"[1, 0, 4, 2, 3, 5]","[-3, -5, 1, 3, -1, 5]",1,0.15666666666666668,"[""sqrt(3)/600 + 107/600"", ""1/6"", ""19/120"", ""47/300"", ""107/600 - sqrt(3)/600"", ""97/600""]",True,True
"[1, 0, 5, 2, 3, 4]","[-3, -5, 1, 3, 5, -1]",-1,0.15166666666666667,"[""sqrt(3)/150 + 103/600"", ""33/200"", ""91/600"", ""33/200"", ""103/600 - sqrt(3)/150"", ""7/40""]",True,True
"[1, 0, 4, 2, 5, 3]","[-3, -5, 1, 5, -1, 3]",1,0.15333333333333332,"[""sqrt(3)/600 + 107/600"", ""17/100"", ""23/150"", ""4/25"", ""107/600 - sqrt(3)/600"", ""4/25""]",True,True
"[1, 0, 5, 2, 4, 3]","[-3, -5, 1, 5, 3, -1]",-1/3,0.14888888888888888,"[""sqrt(3)/200 + 313/1800"", ""38/225"", ""67/450"", ""149/900"", ""313/1800 - sqrt(3)/200"", ""38/225""]",True,True
"[1, 0, 3, 4, 2, 5]","[-3, -5, 3, -1, 1, 5]",-1/3,0.15055555555555555,"[""sqrt(3)/300 + 313/1800"", ""59/360"", ""59/360"", ""271/1800"", ""313/1800 - sqrt(3)/300"", ""313/1800""]",True,True
"[1, 0, 3, 5, 2, 4]","[-3, -5, 3, -1, 5, 1]",-5/3,0.15611111111111112,"[""sqrt(3)/150 + 61/360"", ""293/1800"", ""287/1800"", ""281/1800"", ""61/360 - sqrt(3)/150"", ""329/1800""]",True,True
"[1, 0, 4, 3, 2, 5]","[-3, -5, 3, 1, -1, 5]",1/3,0.1511111111111111,"[""sqrt(3)/600 + 317/1800"", ""151/900"", ""29/180"", ""34/225"", ""317/1800 - sqrt(3)/600"", ""151/900""]",True,True
"[1, 0, 5, 3, 2, 4]","[-3, -5, 3, 1, 5, -1]",-5/3,0.15444444444444444,"[""sqrt(3)/150 + 61/360"", ""299/1800"", ""139/900"", ""287/1800"", ""61/360 - sqrt(3)/150"", ""163/900""]",True,True
"[1, 0, 4, 5, 2, 3]","[-3, -5, 3, 5, -1, 1]",1/3,0.1511111111111111,"[""sqrt(3)/600 + 317/1800"", ""157/900"", ""34/225"", ""71/450"", ""317/1800 - sqrt(3)/600"", ""37/225""]",True,True
"[1, 0, 5, 4, 2, 3]","[-3, -5, 3, 5, 1, -1]",-1/3,0.14888888888888888,"[""sqrt(3)/300 + 313/1800"", ""313/1800"", ""67/450"", ""289/1800"", ""313/1800 - sqrt(3)/300"", ""38/225""]",True,True
"[1, 0, 3, 4, 5, 2]","[-3, -5, 5, -1, 1, 3]",-1,0.14833333333333334,"[""sqrt(3)/300 + 103/600"", ""101/600"", ""97/600"", ""89/600"", ""103/600 - sqrt(3)/300"", ""107/600""]",True,True
"[1, 0, 3, 5, 4, 2]","[-3, -5, 5, -1, 3, 1]",-5/3,0.1511111111111111,"[""sqrt(3)/200 + 61/360"", ""151/900"", ""287/1800"", ""34/225"", ""61/360 - sqrt(3)/200"", ""329/1800""]",True,True
"[1, 0, 4, 3, 5, 2]","[-3, -5, 5, 1, -1, 3]",-1/3,0.14888888888888888,"[""sqrt(3)/600 + 313/1800"", ""31/180"", ""143/900"", ""67/450"", ""313/1800 - sqrt(3)/600"", ""31/180""]",True,True
"[1, 0, 5, 3, 4, 2]","[-3, -5, 5, 1, 3, -1]",-5/3,0.15444444444444444,"[""sqrt(3)/200 + 61/360"", ""77/450"", ""139/900"", ""139/900"", ""61/360 - sqrt(3)/200"", ""163/900""]",True,True
"[1, 0, 4, 5, 3, 2]","[-3, -5, 5, 3, -1, 1]",-1/3,0.15222222222222223,"[""sqrt(3)/600 + 313/1800"", ""79/450"", ""277/1800"", ""137/900"", ""313/1800 - sqrt(3)/600"", ""307/1800""]",True,True
"[1, 0, 5, 4, 3, 2]","[-3, -5, 5, 3, 1, -1]",-1,0.15166666666666667,"[""sqrt(3)/300 + 103/600"", ""7/40"", ""91/600"", ""31/200"", ""103/600 - sqrt(3)/300"", ""7/40""]",True,True
"[2, 0, 1, 3, 4, 5]","[-3, -1, -5, 1, 3, 5]",5/3,0.15555555555555556,"[""sqrt(3)/200 + 313/1800"", ""7/45"", ""38/225"", ""31/180"", ""313/1800 - sqrt(3)/200"", ""7/45""]",True,True
"[2, 0, 1, 3, 5, 4]","[-3, -1, -5, 1, 5, 3]",1,0.155,"[""sqrt(3)/150 + 103/600"", ""31/200"", ""1/6"", ""7/40"", ""103/600 - sqrt(3)/150"", ""4/25""]",True,True
"[2, 0, 1, 4, 3, 5]","[-3, -1, -5, 3, 1, 5]",7/3,0.14944444444444444,"[""sqrt(3)/300 + 317/1800"", ""287/1800"", ""299/1800"", ""311/1800"", ""317/1800 - sqrt(3)/300"", ""269/1800""]",True,True
"[2, 0, 1, 5, 3, 4]","[-3, -1, -5, 3, 5, 1]",1,0.15833333333333333,"[""sqrt(3)/150 + 103/600"", ""19/120"", ""97/600"", ""107/600"", ""103/600 - sqrt(3)/150"", ""19/120""]",True,True
"[2, 0, 1, 4, 5, 3]","[-3, -1, -5, 5, 1, 3]",7/3,0.14777777777777779,"[""sqrt(3)/300 + 317/1800"", ""293/1800"", ""29/180"", ""317/1800"", ""317/1800 - sqrt(3)/300"", ""133/900""]",True,True
"[2, 0, 1, 5, 4, 3]","[-3, -1, -5, 5, 3, 1]",5/3,0.15222222222222223,"[""sqrt(3)/200 + 313/1800"", ""73/450"", ""143/900"", ""161/900"", ""313/1800 - sqrt(3)/200"", ""137/900""]",True,True
"[3, 0, 1, 2, 4, 5]","[-3, -1, 1, -5, 3, 5]",-1/3,0.15555555555555556,"[""sqrt(3)/200 + 301/1800"", ""143/900"", ""319/1800"", ""7/45"", ""301/1800 - sqrt(3)/200"", ""313/1800""]",True,True
"[3, 0, 1, 2, 5, 4]","[-3, -1, 1, -5, 5, 3]",-1,0.15345299461620748,"[""sqrt(3)/150 + 33/200"", ""19/120"", ""7/40"", ""19/120"", ""33/200 - sqrt(3)/150"", ""107/600""]",True,True
"[4, 0, 1, 2, 3, 5]","[-3, -1, 1, 3, -5, 5]",7/3,0.14944444444444444,"[""317/1800 - sqrt(3)/600"", ""157/900"", ""299/1800"", ""71/450"", ""sqrt(3)/600 + 317/1800"", ""269/1800""]",True,True
"[5, 0, 1, 2, 3, 4]","[-3, -1, 1, 3, 5, -5]",-1,0.15345299461620748,"[""sqrt(3)/150 + 33/200"", ""103/600"", ""31/200"", ""103/600"", ""33/200 - sqrt(3)/150"", ""103/600""]",True,True
"[4, 0, 1, 2, 5, 3]","[-3, -1, 1, 5, -5, 3]",7/3,0.14777777777777779,"[""317/1800 - sqrt(3)/600"", ""8/45"", ""29/180"", ""29/180"", ""sqrt(3)/600 + 317/1800"", ""133/900""]",True,True
"[5, 0, 1, 2, 4, 3]","[-3, -1, 1, 5, 3, -5]",-1/3,0.15222222222222223,"[""sqrt(3)/200 + 301/1800"", ""79/450"", ""137/900"", ""31/180"", ""301/1800 - sqrt(3)/200"", ""149/900""]",True,True
"[3, 0, 1, 4, 2, 5]","[-3, -1, 3, -5, 1, 5]",-1/3,0.15055555555555555,"[""sqrt(3)/300 + 301/1800"", ""59/360"", ""319/1800"", ""271/1800"", ""301/1800 - sqrt(3)/300"", ""313/1800""]",True,True
"[3, 0, 1, 5, 2, 4]","[-3, -1, 3, -5, 5, 1]",-5/3,0.15123077239398527,"[""sqrt(3)/150 + 293/1800"", ""293/1800"", ""311/1800"", ""281/1800"", ""293/1800 - sqrt(3)/150"", ""329/1800""]",True,True
"[4, 0, 1, 3, 2, 5]","[-3, -1, 3, 1, -5, 5]",5/3,0.15222222222222223,"[""313/1800 - sqrt(3)/600"", ""79/450"", ""38/225"", ""137/900"", ""sqrt(3)/600 + 313/1800"", ""7/45""]",True,True
"[5, 0, 1, 3, 2, 4]","[-3, -1, 3, 1, 5, -5]",-5/3,0.15123077239398527,"[""sqrt(3)/150 + 293/1800"", ""311/1800"", ""71/450"", ""299/1800"", ""293/1800 - sqrt(3)/150"", ""8/45""]",True,True
"[4, 0, 1, 5, 2, 3]","[-3, -1, 3, 5, -5, 1]",5/3,0.15222222222222223,"[""313/1800 - sqrt(3)/600"", ""41/225"", ""143/900"", ""143/900"", ""sqrt(3)/600 + 313/1800"", ""137/900""]",True,True
"[5, 0, 1, 4, 2, 3]","[-3, -1, 3, 5, 1, -5]",-1/3,0.15222222222222223,"[""sqrt(3)/300 + 301/1800"", ""13/72"", ""137/900"", ""301/1800"", ""301/1800 - sqrt(3)/300"", ""149/900""]",True,True
"[3, 0, 1, 4, 5, 2]","[-3, -1, 5, -5, 1, 3]",-1,0.14833333333333334,"[""sqrt(3)/300 + 33/200"", ""101/600"", ""7/40"", ""89/600"", ""33/200 - sqrt(3)/300"", ""107/600""]",True,True
"[3, 0, 1, 5, 4, 2]","[-3, -1, 5, -5, 3, 1]",-5/3,0.1511111111111111,"[""sqrt(3)/200 + 293/1800"", ""151/900"", ""311/1800"", ""34/225"", ""293/1800 - sqrt(3)/200"", ""329/1800""]",True,True
"[4, 0, 1, 3, 5, 2]","[-3, -1, 5, 1, -5, 3]",1,0.15,"[""103/600 - sqrt(3)/600"", ""9/50"", ""1/6"", ""3/20"", ""sqrt(3)/600 + 103/600"", ""4/25""]",True,True
"[5, 0, 1, 3, 4, 2]","[-3, -1, 5, 1, 3, -5]",-5/3,0.1541175237399334,"[""sqrt(3)/200 + 293/1800"", ""8/45"", ""71/450"", ""29/180"", ""293/1800 - sqrt(3)/200"", ""8/45""]",True,True
"[4, 0, 1, 5, 3, 2]","[-3, -1, 5, 3, -5, 1]",1,0.15333333333333332,"[""103/600 - sqrt(3)/600"", ""11/60"", ""97/600"", ""23/150"", ""sqrt(3)/600 + 103/600"", ""19/120""]",True,True
"[5, 0, 1, 4, 3, 2]","[-3, -1, 5, 3, 1, -5]",-1,0.155,"[""sqrt(3)/300 + 33/200"", ""109/600"", ""31/200"", ""97/600"", ""33/200 - sqrt(3)/300"", ""103/600""]",True,True
"[2, 0, 3, 1, 4, 5]","[-3, 1, -5, -1, 3, 5]",5/3,0.15555555555555556,"[""sqrt(3)/200 + 307/1800"", ""7/45"", ""79/450"", ""31/180"", ""307/1800 - sqrt(3)/200"", ""7/45""]",True,True
"[2, 0, 3, 1, 5, 4]","[-3, 1, -5, -1, 5, 3]",1,0.155,"[""sqrt(3)/150 + 101/600"", ""31/200"", ""13/75"", ""7/40"", ""101/600 - sqrt(3)/150"", ""4/25""]",True,True
"[2, 0, 4, 1, 3, 5]","[-3, 1, -5, 3, -1, 5]",3,0.14333333333333334,"[""sqrt(3)/600 + 7/40"", ""49/300"", ""17/100"", ""13/75"", ""7/40 - sqrt(3)/600"", ""43/300""]",True,True
"[2, 0, 5, 1, 3, 4]","[-3, 1, -5, 3, 5, -1]",1,0.15666666666666668,"[""sqrt(3)/150 + 101/600"", ""97/600"", ""49/300"", ""109/600"", ""101/600 - sqrt(3)/150"", ""47/300""]",True,True
"[2, 0, 4, 1, 5, 3]","[-3, 1, -5, 5, -1, 3]",3,0.14166666666666666,"[""sqrt(3)/600 + 7/40"", ""1/6"", ""33/200"", ""53/300"", ""7/40 - sqrt(3)/600"", ""17/120""]",True,True
"[2, 0, 5, 1, 4, 3]","[-3, 1, -5, 5, 3, -1]",5/3,0.15055555555555555,"[""sqrt(3)/200 + 307/1800"", ""149/900"", ""289/1800"", ""41/225"", ""307/1800 - sqrt(3)/200"", ""271/1800""]",True,True
"[3, 0, 2, 1, 4, 5]","[-3, 1, -1, -5, 3, 5]",1/3,0.15745085707326673,"[""sqrt(3)/200 + 299/1800"", ""71/450"", ""163/900"", ""29/180"", ""299/1800 - sqrt(3)/200"", ""151/900""]",True,True
"[3, 0, 2, 1, 5, 4]","[-3, 1, -1, -5, 5, 3]",-1/3,0.15234188350509636,"[""sqrt(3)/150 + 59/360"", ""283/1800"", ""161/900"", ""59/360"", ""59/360 - sqrt(3)/150"", ""31/180""]",True,True
"[4, 0, 2, 1, 3, 5]","[-3, 1, -1, 3, -5, 5]",3,0.14333333333333334,"[""7/40 - sqrt(3)/600"", ""13/75"", ""17/100"", ""49/300"", ""sqrt(3)/600 + 7/40"", ""43/300""]",True,True
"[5, 0, 2, 1, 3, 4]","[-3, 1, -1, 3, 5, -5]",-1/3,0.15234188350509636,"[""sqrt(3)/150 + 59/360"", ""307/1800"", ""143/900"", ""319/1800"", ""59/360 - sqrt(3)/150"", ""149/900""]",True,True
"[4, 0, 2, 1, 5, 3]","[-3, 1, -1, 5, -5, 3]",3,0.14166666666666666,"[""7/40 - sqrt(3)/600"", ""53/300"", ""33/200"", ""1/6"", ""sqrt(3)/600 + 7/40"", ""17/120""]",True,True
"[5, 0, 2, 1, 4, 3]","[-3, 1, -1, 5, 3, -5]",1/3,0.15611111111111112,"[""sqrt(3)/200 + 299/1800"", ""157/900"", ""281/1800"", ""8/45"", ""299/1800 - sqrt(3)/200"", ""287/1800""]",True,True
"[3, 0, 4, 1, 2, 5]","[-3, 1, 3, -5, -1, 5]",1/3,0.1511111111111111,"[""sqrt(3)/600 + 299/1800"", ""151/900"", ""163/900"", ""34/225"", ""299/1800 - sqrt(3)/600"", ""151/900""]",True,True
"[3, 0, 5, 1, 2, 4]","[-3, 1, 3, -5, 5, -1]",-5/3,0.14789743906065192,"[""sqrt(3)/150 + 287/1800"", ""299/1800"", ""157/900"", ""287/1800"", ""287/1800 - sqrt(3)/150"", ""163/900""]",True,True
"[4, 0, 3, 1, 2, 5]","[-3, 1, 3, -1, -5, 5]",5/3,0.15222222222222223,"[""307/1800 - sqrt(3)/600"", ""79/450"", ""79/450"", ""137/900"", ""sqrt(3)/600 + 307/1800"", ""7/45""]",True,True
"[5, 0, 3, 1, 2, 4]","[-3, 1, 3, -1, 5, -5]",-5/3,0.14789743906065192,"[""sqrt(3)/150 + 287/1800"", ""311/1800"", ""37/225"", ""299/1800"", ""287/1800 - sqrt(3)/150"", ""8/45""]",True,True
"[4, 0, 5, 1, 2, 3]","[-3, 1, 3, 5, -5, -1]",5/3,0.15055555555555555,"[""307/1800 - sqrt(3)/600"", ""167/900"", ""289/1800"", ""73/450"", ""sqrt(3)/600 + 307/1800"", ""271/1800""]",True,True
"[5, 0, 4, 1, 2, 3]","[-3, 1, 3, 5, -1, -5]",1/3,0.15611111111111112,"[""sqrt(3)/600 + 299/1800"", ""83/450"", ""281/1800"", ""151/900"", ""299/1800 - sqrt(3)/600"", ""287/1800""]",True,True
"[3, 0, 4, 1, 5, 2]","[-3, 1, 5, -5, -1, 3]",-1/3,0.14888888888888888,"[""sqrt(3)/600 + 59/360"", ""31/180"", ""161/900"", ""67/450"", ""59/360 - sqrt(3)/600"", ""31/180""]",True,True
"[3, 0, 5, 1, 4, 2]","[-3, 1, 5, -5, 3, -1]",-5/3,0.15078419040660007,"[""sqrt(3)/200 + 287/1800"", ""77/450"", ""157/900"", ""139/900"", ""287/1800 - sqrt(3)/200"", ""163/900""]",True,True
"[4, 0, 3, 1, 5, 2]","[-3, 1, 5, -1, -5, 3]",1,0.15,"[""101/600 - sqrt(3)/600"", ""9/50"", ""13/75"", ""3/20"", ""sqrt(3)/600 + 101/600"", ""4/25""]",True,True
"[5, 0, 3, 1, 4, 2]","[-3, 1, 5, -1, 3, -5]",-5/3,0.15078419040660007,"[""sqrt(3)/200 + 287/1800"", ""8/45"", ""37/225"", ""29/180"", ""287/1800 - sqrt(3)/200"", ""8/45""]",True,True
"[4, 0, 5, 1, 3, 2]","[-3, 1, 5, 3, -5, -1]",1,0.15666666666666668,"[""101/600 - sqrt(3)/600"", ""14/75"", ""49/300"", ""47/300"", ""sqrt(3)/600 + 101/600"", ""47/300""]",True,True
"[5, 0, 4, 1, 3, 2]","[-3, 1, 5, 3, -1, -5]",-1/3,0.15888888888888889,"[""sqrt(3)/600 + 59/360"", ""167/900"", ""143/900"", ""73/450"", ""59/360 - sqrt(3)/600"", ""149/900""]",True,True
"[2, 0, 3, 4, 1, 5]","[-3, 3, -5, -1, 1, 5]",7/3,0.14944444444444444,"[""sqrt(3)/300 + 61/360"", ""287/1800"", ""323/1800"", ""311/1800"", ""61/360 - sqrt(3)/300"", ""269/1800""]",True,True
"[2, 0, 3, 5, 1, 4]","[-3, 3, -5, -1, 5, 1]",1,0.15345299461620748,"[""sqrt(3)/150 + 33/200"", ""19/120"", ""7/40"", ""107/600"", ""33/200 - sqrt(3)/150"", ""19/120""]",True,True
"[2, 0, 4, 3, 1, 5]","[-3, 3, -5, 1, -1, 5]",3,0.14333333333333334,"[""sqrt(3)/600 + 103/600"", ""49/300"", ""53/300"", ""13/75"", ""103/600 - sqrt(3)/600"", ""43/300""]",True,True
"[2, 0, 5, 3, 1, 4]","[-3, 3, -5, 1, 5, -1]",1,0.15345299461620748,"[""sqrt(3)/150 + 33/200"", ""97/600"", ""17/100"", ""109/600"", ""33/200 - sqrt(3)/150"", ""47/300""]",True,True
"[2, 0, 4, 5, 1, 3]","[-3, 3, -5, 5, -1, 1]",3,0.14,"[""sqrt(3)/600 + 103/600"", ""17/100"", ""1/6"", ""9/50"", ""103/600 - sqrt(3)/600"", ""7/50""]",True,True
"[2, 0, 5, 4, 1, 3]","[-3, 3, -5, 5, 1, -1]",7/3,0.14444444444444443,"[""sqrt(3)/300 + 61/360"", ""61/360"", ""37/225"", ""329/1800"", ""61/360 - sqrt(3)/300"", ""13/90""]",True,True
"[3, 0, 2, 4, 1, 5]","[-3, 3, -1, -5, 1, 5]",1,0.15922649730810373,"[""sqrt(3)/300 + 33/200"", ""97/600"", ""37/200"", ""97/600"", ""33/200 - sqrt(3)/300"", ""97/600""]",True,True
"[3, 0, 2, 5, 1, 4]","[-3, 3, -1, -5, 5, 1]",-1/3,0.14900855017176304,"[""sqrt(3)/150 + 289/1800"", ""289/1800"", ""13/72"", ""301/1800"", ""289/1800 - sqrt(3)/150"", ""307/1800""]",True,True
"[4, 0, 2, 3, 1, 5]","[-3, 3, -1, 1, -5, 5]",3,0.14333333333333334,"[""103/600 - sqrt(3)/600"", ""13/75"", ""53/300"", ""49/300"", ""sqrt(3)/600 + 103/600"", ""43/300""]",True,True
"[5, 0, 2, 3, 1, 4]","[-3, 3, -1, 1, 5, -5]",-1/3,0.14900855017176304,"[""sqrt(3)/150 + 289/1800"", ""307/1800"", ""149/900"", ""319/1800"", ""289/1800 - sqrt(3)/150"", ""149/900""]",True,True
"[4, 0, 2, 5, 1, 3]","[-3, 3, -1, 5, -5, 1]",3,0.14,"[""103/600 - sqrt(3)/600"", ""9/50"", ""1/6"", ""17/100"", ""sqrt(3)/600 + 103/600"", ""7/50""]",True,True
"[5, 0, 2, 4, 1, 3]","[-3, 3, -1, 5, 1, -5]",1,0.15333333333333332,"[""sqrt(3)/300 + 33/200"", ""107/600"", ""4/25"", ""107/600"", ""33/200 - sqrt(3)/300"", ""23/150""]",True,True
"[3, 0, 4, 2, 1, 5]","[-3, 3, 1, -5, -1, 5]",1,0.15666666666666668,"[""sqrt(3)/600 + 33/200"", ""1/6"", ""37/200"", ""47/300"", ""33/200 - sqrt(3)/600"", ""97/600""]",True,True
"[3, 0, 5, 2, 1, 4]","[-3, 3, 1, -5, 5, -1]",-1,0.14678632794954083,"[""sqrt(3)/150 + 19/120"", ""33/200"", ""107/600"", ""33/200"", ""19/120 - sqrt(3)/150"", ""7/40""]",True,True
"[4, 0, 3, 2, 1, 5]","[-3, 3, 1, -1, -5, 5]",7/3,0.14944444444444444,"[""61/360 - sqrt(3)/600"", ""157/900"", ""323/1800"", ""71/450"", ""sqrt(3)/600 + 61/360"", ""269/1800""]",True,True
"[5, 0, 3, 2, 1, 4]","[-3, 3, 1, -1, 5, -5]",-1,0.14678632794954083,"[""sqrt(3)/150 + 19/120"", ""103/600"", ""101/600"", ""103/600"", ""19/120 - sqrt(3)/150"", ""103/600""]",True,True
"[4, 0, 5, 2, 1, 3]","[-3, 3, 1, 5, -5, -1]",7/3,0.14444444444444443,"[""61/360 - sqrt(3)/600"", ""83/450"", ""37/225"", ""151/900"", ""sqrt(3)/600 + 61/360"", ""13/90""]",True,True
"[5, 0, 4, 2, 1, 3]","[-3, 3, 1, 5, -1, -5]",1,0.15333333333333332,"[""sqrt(3)/600 + 33/200"", ""11/60"", ""4/25"", ""13/75"", ""33/200 - sqrt(3)/600"", ""23/150""]",True,True
"[3, 0, 4, 5, 1, 2]","[-3, 3, 5, -5, -1, 1]",-1/3,0.15222222222222223,"[""sqrt(3)/600 + 289/1800"", ""79/450"", ""13/72"", ""137/900"", ""289/1800 - sqrt(3)/600"", ""307/1800""]",True,True
"[3, 0, 5, 4, 1, 2]","[-3, 3, 5, -5, 1, -1]",-1,0.15255983064143708,"[""sqrt(3)/300 + 19/120"", ""7/40"", ""107/600"", ""31/200"", ""19/120 - sqrt(3)/300"", ""7/40""]",True,True
"[4, 0, 3, 5, 1, 2]","[-3, 3, 5, -1, -5, 1]",1,0.15333333333333332,"[""33/200 - sqrt(3)/600"", ""11/60"", ""7/40"", ""23/150"", ""sqrt(3)/600 + 33/200"", ""19/120""]",True,True
"[5, 0, 3, 4, 1, 2]","[-3, 3, 5, -1, 1, -5]",-1,0.15255983064143708,"[""sqrt(3)/300 + 19/120"", ""109/600"", ""101/600"", ""97/600"", ""19/120 - sqrt(3)/300"", ""103/600""]",True,True
"[4, 0, 5, 3, 1, 2]","[-3, 3, 5, 1, -5, -1]",1,0.15666666666666668,"[""33/200 - sqrt(3)/600"", ""14/75"", ""17/100"", ""47/300"", ""sqrt(3)/600 + 33/200"", ""47/300""]",True,True
"[5, 0, 4, 3, 1, 2]","[-3, 3, 5, 1, -1, -5]",-1/3,0.15766880420960744,"[""sqrt(3)/600 + 289/1800"", ""167/900"", ""149/900"", ""73/450"", ""289/1800 - sqrt(3)/600"", ""149/900""]",True,True
"[2, 0, 3, 4, 5, 1]","[-3, 5, -5, -1, 1, 3]",7/3,0.14777777777777779,"[""sqrt(3)/300 + 299/1800"", ""293/1800"", ""163/900"", ""317/1800"", ""299/1800 - sqrt(3)/300"", ""133/900""]",True,True
"[2, 0, 3, 5, 4, 1]","[-3, 5, -5, -1, 3, 1]",5/3,0.15222222222222223,"[""sqrt(3)/200 + 59/360"", ""73/450"", ""161/900"", ""161/900"", ""59/360 - sqrt(3)/200"", ""137/900""]",True,True
"[2, 0, 4, 3, 5, 1]","[-3, 5, -5, 1, -1, 3]",3,0.14166666666666666,"[""sqrt(3)/600 + 101/600"", ""1/6"", ""107/600"", ""53/300"", ""101/600 - sqrt(3)/600"", ""17/120""]",True,True
"[2, 0, 5, 3, 4, 1]","[-3, 5, -5, 1, 3, -1]",5/3,0.15055555555555555,"[""sqrt(3)/200 + 59/360"", ""149/900"", ""313/1800"", ""41/225"", ""59/360 - sqrt(3)/200"", ""271/1800""]",True,True
"[2, 0, 4, 5, 3, 1]","[-3, 5, -5, 3, -1, 1]",3,0.14,"[""sqrt(3)/600 + 101/600"", ""17/100"", ""13/75"", ""9/50"", ""101/600 - sqrt(3)/600"", ""7/50""]",True,True
"[2, 0, 5, 4, 3, 1]","[-3, 5, -5, 3, 1, -1]",7/3,0.14444444444444443,"[""sqrt(3)/300 + 299/1800"", ""61/360"", ""77/450"", ""329/1800"", ""299/1800 - sqrt(3)/300"", ""13/90""]",True,True
"[3, 0, 2, 4, 5, 1]","[-3, 5, -1, -5, 1, 3]",1,0.1558931639747704,"[""sqrt(3)/300 + 97/600"", ""33/200"", ""14/75"", ""33/200"", ""97/600 - sqrt(3)/300"", ""4/25""]",True,True
"[3, 0, 2, 5, 4, 1]","[-3, 5, -1, -5, 3, 1]",1/3,0.15078419040660007,"[""sqrt(3)/200 + 287/1800"", ""37/225"", ""83/450"", ""151/900"", ""287/1800 - sqrt(3)/200"", ""37/225""]",True,True
"[4, 0, 2, 3, 5, 1]","[-3, 5, -1, 1, -5, 3]",3,0.14166666666666666,"[""101/600 - sqrt(3)/600"", ""53/300"", ""107/600"", ""1/6"", ""sqrt(3)/600 + 101/600"", ""17/120""]",True,True
"[5, 0, 2, 3, 4, 1]","[-3, 5, -1, 1, 3, -5]",1/3,0.15078419040660007,"[""sqrt(3)/200 + 287/1800"", ""157/900"", ""61/360"", ""8/45"", ""287/1800 - sqrt(3)/200"", ""287/1800""]",True,True
"[4, 0, 2, 5, 3, 1]","[-3, 5, -1, 3, -5, 1]",3,0.14,"[""101/600 - sqrt(3)/600"", ""9/50"", ""13/75"", ""17/100"", ""sqrt(3)/600 + 101/600"", ""7/50""]",True,True
"[5, 0, 2, 4, 3, 1]","[-3, 5, -1, 3, 1, -5]",1,0.15333333333333332,"[""sqrt(3)/300 + 97/600"", ""107/600"", ""1/6"", ""107/600"", ""97/600 - sqrt(3)/300"", ""23/150""]",True,True
"[3, 0, 4, 2, 5, 1]","[-3, 5, 1, -5, -1, 3]",1,0.15877991532071853,"[""sqrt(3)/600 + 97/600"", ""17/100"", ""14/75"", ""4/25"", ""97/600 - sqrt(3)/600"", ""4/25""]",True,True
"[3, 0, 5, 2, 4, 1]","[-3, 5, 1, -5, 3, -1]",-1/3,0.14856196818437784,"[""sqrt(3)/200 + 283/1800"", ""38/225"", ""41/225"", ""149/900"", ""283/1800 - sqrt(3)/200"", ""38/225""]",True,True
"[4, 0, 3, 2, 5, 1]","[-3, 5, 1, -1, -5, 3]",7/3,0.14777777777777779,"[""299/1800 - sqrt(3)/600"", ""8/45"", ""163/900"", ""29/180"", ""sqrt(3)/600 + 299/1800"", ""133/900""]",True,True
"[5, 0, 3, 2, 4, 1]","[-3, 5, 1, -1, 3, -5]",-1/3,0.14856196818437784,"[""sqrt(3)/200 + 283/1800"", ""79/450"", ""31/180"", ""31/180"", ""283/1800 - sqrt(3)/200"", ""149/900""]",True,True
"[4, 0, 5, 2, 3, 1]","[-3, 5, 1, 3, -5, -1]",7/3,0.14444444444444443,"[""299/1800 - sqrt(3)/600"", ""83/450"", ""77/450"", ""151/900"", ""sqrt(3)/600 + 299/1800"", ""13/90""]",True,True
"[5, 0, 4, 2, 3, 1]","[-3, 5, 1, 3, -1, -5]",1,0.15333333333333332,"[""sqrt(3)/600 + 97/600"", ""11/60"", ""1/6"", ""13/75"", ""97/600 - sqrt(3)/600"", ""23/150""]",True,True
"[3, 0, 4, 5, 2, 1]","[-3, 5, 3, -5, -1, 1]",1/3,0.15655769309849632,"[""sqrt(3)/600 + 287/1800"", ""157/900"", ""83/450"", ""71/450"", ""287/1800 - sqrt(3)/600"", ""37/225""]",True,True
"[3, 0, 5, 4, 2, 1]","[-3, 5, 3, -5, 1, -1]",-1/3,0.15144871953032596,"[""sqrt(3)/300 + 283/1800"", ""313/1800"", ""41/225"", ""289/1800"", ""283/1800 - sqrt(3)/300"", ""38/225""]",True,True
"[4, 0, 3, 5, 2, 1]","[-3, 5, 3, -1, -5, 1]",5/3,0.15222222222222223,"[""59/360 - sqrt(3)/600"", ""41/225"", ""161/900"", ""143/900"", ""sqrt(3)/600 + 59/360"", ""137/900""]",True,True
"[5, 0, 3, 4, 2, 1]","[-3, 5, 3, -1, 1, -5]",-1/3,0.15144871953032596,"[""sqrt(3)/300 + 283/1800"", ""13/72"", ""31/180"", ""301/1800"", ""283/1800 - sqrt(3)/300"", ""149/900""]",True,True
"[4, 0, 5, 3, 2, 1]","[-3, 5, 3, 1, -5, -1]",5/3,0.15055555555555555,"[""59/360 - sqrt(3)/600"", ""167/900"", ""313/1800"", ""73/450"", ""sqrt(3)/600 + 59/360"", ""271/1800""]",True,True
"[5, 0, 4, 3, 2, 1]","[-3, 5, 3, 1, -1, -5]",1/3,0.15655769309849632,"[""sqrt(3)/600 + 287/1800"", ""83/450"", ""61/360"", ""151/900"", ""287/1800 - sqrt(3)/600"", ""287/1800""]",True,True
"[1, 2, 0, 3, 4, 5]","[-1, -5, -3, 1, 3, 5]",1/3,0.1527777777777778,"[""sqrt(3)/300 + 317/1800"", ""11/72"", ""29/180"", ""299/1800"", ""317/1800 - sqrt(3)/300"", ""151/900""]",True,True
"[1, 2, 0, 3, 5, 4]","[-1, -5, -3, 1, 5, 3]",-1/3,0.15222222222222223,"[""sqrt(3)/200 + 313/1800"", ""137/900"", ""143/900"", ""38/225"", ""313/1800 - sqrt(3)/200"", ""31/180""]",True,True
"[1, 2, 0, 4, 3, 5]","[-1, -5, -3, 3, 1, 5]",1,0.15666666666666668,"[""sqrt(3)/600 + 107/600"", ""47/300"", ""19/120"", ""1/6"", ""107/600 - sqrt(3)/600"", ""97/600""]",True,True
"[1, 2, 0, 5, 3, 4]","[-1, -5, -3, 3, 5, 1]",-1/3,0.15388888888888888,"[""sqrt(3)/200 + 313/1800"", ""7/45"", ""277/1800"", ""31/180"", ""313/1800 - sqrt(3)/200"", ""307/1800""]",True,True
"[1, 2, 0, 4, 5, 3]","[-1, -5, -3, 5, 1, 3]",1,0.15333333333333332,"[""sqrt(3)/600 + 107/600"", ""4/25"", ""23/150"", ""17/100"", ""107/600 - sqrt(3)/600"", ""4/25""]",True,True
"[1, 2, 0, 5, 4, 3]","[-1, -5, -3, 5, 3, 1]",1/3,0.1511111111111111,"[""sqrt(3)/300 + 317/1800"", ""287/1800"", ""34/225"", ""311/1800"", ""317/1800 - sqrt(3)/300"", ""37/225""]",True,True
"[1, 3, 0, 2, 4, 5]","[-1, -5, 1, -3, 3, 5]",-1,0.155,"[""sqrt(3)/300 + 103/600"", ""31/200"", ""1/6"", ""31/200"", ""103/600 - sqrt(3)/300"", ""9/50""]",True,True
"[1, 3, 0, 2, 5, 4]","[-1, -5, 1, -3, 5, 3]",-5/3,0.15444444444444444,"[""sqrt(3)/200 + 61/360"", ""139/900"", ""37/225"", ""71/450"", ""61/360 - sqrt(3)/200"", ""83/450""]",True,True
"[1, 4, 0, 2, 3, 5]","[-1, -5, 1, 3, -3, 5]",1,0.15666666666666668,"[""107/600 - sqrt(3)/600"", ""1/6"", ""19/120"", ""47/300"", ""sqrt(3)/600 + 107/600"", ""97/600""]",True,True
"[1, 5, 0, 2, 3, 4]","[-1, -5, 1, 3, 5, -3]",-5/3,0.14944444444444444,"[""sqrt(3)/200 + 61/360"", ""37/225"", ""269/1800"", ""151/900"", ""61/360 - sqrt(3)/200"", ""323/1800""]",True,True
"[1, 4, 0, 2, 5, 3]","[-1, -5, 1, 5, -3, 3]",1,0.15333333333333332,"[""107/600 - sqrt(3)/600"", ""17/100"", ""23/150"", ""4/25"", ""sqrt(3)/600 + 107/600"", ""4/25""]",True,True
"[1, 5, 0, 2, 4, 3]","[-1, -5, 1, 5, 3, -3]",-1,0.14666666666666667,"[""sqrt(3)/300 + 103/600"", ""101/600"", ""11/75"", ""101/600"", ""103/600 - sqrt(3)/300"", ""13/75""]",True,True
"[1, 3, 0, 4, 2, 5]","[-1, -5, 3, -3, 1, 5]",-1,0.15,"[""sqrt(3)/600 + 103/600"", ""4/25"", ""1/6"", ""3/20"", ""103/600 - sqrt(3)/600"", ""9/50""]",True,True
"[1, 3, 0, 5, 2, 4]","[-1, -5, 3, -3, 5, 1]",-7/3,0.15555555555555556,"[""sqrt(3)/200 + 301/1800"", ""143/900"", ""73/450"", ""7/45"", ""301/1800 - sqrt(3)/200"", ""17/90""]",True,True
"[1, 4, 0, 3, 2, 5]","[-1, -5, 3, 1, -3, 5]",1/3,0.1511111111111111,"[""317/1800 - sqrt(3)/600"", ""151/900"", ""29/180"", ""34/225"", ""sqrt(3)/600 + 317/1800"", ""151/900""]",True,True
"[1, 5, 0, 3, 2, 4]","[-1, -5, 3, 1, 5, -3]",-7/3,0.15222222222222223,"[""sqrt(3)/200 + 301/1800"", ""149/900"", ""137/900"", ""73/450"", ""301/1800 - sqrt(3)/200"", ""167/900""]",True,True
"[1, 4, 0, 5, 2, 3]","[-1, -5, 3, 5, -3, 1]",1/3,0.1511111111111111,"[""317/1800 - sqrt(3)/600"", ""157/900"", ""34/225"", ""71/450"", ""sqrt(3)/600 + 317/1800"", ""37/225""]",True,True
"[1, 5, 0, 4, 2, 3]","[-1, -5, 3, 5, 1, -3]",-1,0.14666666666666667,"[""sqrt(3)/600 + 103/600"", ""13/75"", ""11/75"", ""49/300"", ""103/600 - sqrt(3)/600"", ""13/75""]",True,True
"[1, 3, 0, 4, 5, 2]","[-1, -5, 5, -3, 1, 3]",-5/3,0.14777777777777779,"[""sqrt(3)/600 + 61/360"", ""37/225"", ""37/225"", ""133/900"", ""61/360 - sqrt(3)/600"", ""83/450""]",True,True
"[1, 3, 0, 5, 4, 2]","[-1, -5, 5, -3, 3, 1]",-7/3,0.15055555555555555,"[""sqrt(3)/300 + 301/1800"", ""59/360"", ""73/450"", ""271/1800"", ""301/1800 - sqrt(3)/300"", ""17/90""]",True,True
"[1, 4, 0, 3, 5, 2]","[-1, -5, 5, 1, -3, 3]",-1/3,0.14888888888888888,"[""313/1800 - sqrt(3)/600"", ""31/180"", ""143/900"", ""67/450"", ""sqrt(3)/600 + 313/1800"", ""31/180""]",True,True
"[1, 5, 0, 3, 4, 2]","[-1, -5, 5, 1, 3, -3]",-7/3,0.15222222222222223,"[""sqrt(3)/300 + 301/1800"", ""307/1800"", ""137/900"", ""283/1800"", ""301/1800 - sqrt(3)/300"", ""167/900""]",True,True
"[1, 4, 0, 5, 3, 2]","[-1, -5, 5, 3, -3, 1]",-1/3,0.15222222222222223,"[""313/1800 - sqrt(3)/600"", ""79/450"", ""277/1800"", ""137/900"", ""sqrt(3)/600 + 313/1800"", ""307/1800""]",True,True
"[1, 5, 0, 4, 3, 2]","[-1, -5, 5, 3, 1, -3]",-5/3,0.14944444444444444,"[""sqrt(3)/600 + 61/360"", ""157/900"", ""269/1800"", ""71/450"", ""61/360 - sqrt(3)/600"", ""323/1800""]",True,True
"[2, 1, 0, 3, 4, 5]","[-1, -3, -5, 1, 3, 5]",1,0.15166666666666667,"[""sqrt(3)/300 + 7/40"", ""91/600"", ""33/200"", ""103/600"", ""7/40 - sqrt(3)/300"", ""97/600""]",True,True
"[2, 1, 0, 3, 5, 4]","[-1, -3, -5, 1, 5, 3]",1/3,0.1511111111111111,"[""sqrt(3)/200 + 311/1800"", ""34/225"", ""293/1800"", ""157/900"", ""311/1800 - sqrt(3)/200"", ""299/1800""]",True,True
"[2, 1, 0, 4, 3, 5]","[-1, -3, -5, 3, 1, 5]",5/3,0.15555555555555556,"[""sqrt(3)/600 + 319/1800"", ""7/45"", ""73/450"", ""31/180"", ""319/1800 - sqrt(3)/600"", ""7/45""]",True,True
"[2, 1, 0, 5, 3, 4]","[-1, -3, -5, 3, 5, 1]",1/3,0.15444444444444444,"[""sqrt(3)/200 + 311/1800"", ""139/900"", ""71/450"", ""8/45"", ""311/1800 - sqrt(3)/200"", ""37/225""]",True,True
"[2, 1, 0, 4, 5, 3]","[-1, -3, -5, 5, 1, 3]",5/3,0.15388888888888888,"[""sqrt(3)/600 + 319/1800"", ""143/900"", ""283/1800"", ""79/450"", ""319/1800 - sqrt(3)/600"", ""277/1800""]",True,True
"[2, 1, 0, 5, 4, 3]","[-1, -3, -5, 5, 3, 1]",1,0.155,"[""sqrt(3)/300 + 7/40"", ""19/120"", ""31/200"", ""107/600"", ""7/40 - sqrt(3)/300"", ""19/120""]",True,True
"[3, 1, 0, 2, 4, 5]","[-1, -3, 1, -5, 3, 5]",-1,0.155,"[""sqrt(3)/300 + 101/600"", ""31/200"", ""13/75"", ""31/200"", ""101/600 - sqrt(3)/300"", ""9/50""]",True,True
"[3, 1, 0, 2, 5, 4]","[-1, -3, 1, -5, 5, 3]",-5/3,0.15444444444444444,"[""sqrt(3)/200 + 299/1800"", ""139/900"", ""77/450"", ""71/450"", ""299/1800 - sqrt(3)/200"", ""83/450""]",True,True
"[4, 1, 0, 2, 3, 5]","[-1, -3, 1, 3, -5, 5]",5/3,0.15555555555555556,"[""319/1800 - sqrt(3)/300"", ""307/1800"", ""73/450"", ""283/1800"", ""sqrt(3)/300 + 319/1800"", ""7/45""]",True,True
"[5, 1, 0, 2, 3, 4]","[-1, -3, 1, 3, 5, -5]",-5/3,0.1511111111111111,"[""sqrt(3)/200 + 299/1800"", ""151/900"", ""34/225"", ""77/450"", ""299/1800 - sqrt(3)/200"", ""8/45""]",True,True
"[4, 1, 0, 2, 5, 3]","[-1, -3, 1, 5, -5, 3]",5/3,0.15388888888888888,"[""319/1800 - sqrt(3)/300"", ""313/1800"", ""283/1800"", ""289/1800"", ""sqrt(3)/300 + 319/1800"", ""277/1800""]",True,True
"[5, 1, 0, 2, 4, 3]","[-1, -3, 1, 5, 3, -5]",-1,0.14833333333333334,"[""sqrt(3)/300 + 101/600"", ""103/600"", ""89/600"", ""103/600"", ""101/600 - sqrt(3)/300"", ""103/600""]",True,True
"[3, 1, 0, 4, 2, 5]","[-1, -3, 3, -5, 1, 5]",-1,0.15,"[""sqrt(3)/600 + 101/600"", ""4/25"", ""13/75"", ""3/20"", ""101/600 - sqrt(3)/600"", ""9/50""]",True,True
"[3, 1, 0, 5, 2, 4]","[-1, -3, 3, -5, 5, 1]",-7/3,0.1552286348510445,"[""sqrt(3)/200 + 59/360"", ""143/900"", ""38/225"", ""7/45"", ""59/360 - sqrt(3)/200"", ""17/90""]",True,True
"[4, 1, 0, 3, 2, 5]","[-1, -3, 3, 1, -5, 5]",1,0.15166666666666667,"[""7/40 - sqrt(3)/300"", ""103/600"", ""33/200"", ""91/600"", ""sqrt(3)/300 + 7/40"", ""97/600""]",True,True
"[5, 1, 0, 3, 2, 4]","[-1, -3, 3, 1, 5, -5]",-7/3,0.15388888888888888,"[""sqrt(3)/200 + 59/360"", ""38/225"", ""277/1800"", ""149/900"", ""59/360 - sqrt(3)/200"", ""331/1800""]",True,True
"[4, 1, 0, 5, 2, 3]","[-1, -3, 3, 5, -5, 1]",1,0.155,"[""7/40 - sqrt(3)/300"", ""107/600"", ""31/200"", ""19/120"", ""sqrt(3)/300 + 7/40"", ""19/120""]",True,True
"[5, 1, 0, 4, 2, 3]","[-1, -3, 3, 5, 1, -5]",-1,0.14833333333333334,"[""sqrt(3)/600 + 101/600"", ""53/300"", ""89/600"", ""1/6"", ""101/600 - sqrt(3)/600"", ""103/600""]",True,True
"[3, 1, 0, 4, 5, 2]","[-1, -3, 5, -5, 1, 3]",-5/3,0.14777777777777779,"[""sqrt(3)/600 + 299/1800"", ""37/225"", ""77/450"", ""133/900"", ""299/1800 - sqrt(3)/600"", ""83/450""]",True,True
"[3, 1, 0, 5, 4, 2]","[-1, -3, 5, -5, 3, 1]",-7/3,0.15055555555555555,"[""sqrt(3)/300 + 59/360"", ""59/360"", ""38/225"", ""271/1800"", ""59/360 - sqrt(3)/300"", ""17/90""]",True,True
"[4, 1, 0, 3, 5, 2]","[-1, -3, 5, 1, -5, 3]",1/3,0.14944444444444444,"[""311/1800 - sqrt(3)/300"", ""317/1800"", ""293/1800"", ""269/1800"", ""sqrt(3)/300 + 311/1800"", ""299/1800""]",True,True
"[5, 1, 0, 3, 4, 2]","[-1, -3, 5, 1, 3, -5]",-7/3,0.15388888888888888,"[""sqrt(3)/300 + 59/360"", ""313/1800"", ""277/1800"", ""289/1800"", ""59/360 - sqrt(3)/300"", ""331/1800""]",True,True
"[4, 1, 0, 5, 3, 2]","[-1, -3, 5, 3, -5, 1]",1/3,0.1527777777777778,"[""311/1800 - sqrt(3)/300"", ""323/1800"", ""71/450"", ""11/72"", ""sqrt(3)/300 + 311/1800"", ""37/225""]",True,True
"[5, 1, 0, 4, 3, 2]","[-1, -3, 5, 3, 1, -5]",-5/3,0.1511111111111111,"[""sqrt(3)/600 + 299/1800"", ""8/45"", ""34/225"", ""29/180"", ""299/1800 - sqrt(3)/600"", ""8/45""]",True,True
"[2, 3, 0, 1, 4, 5]","[-1, 1, -5, -3, 3, 5]",1,0.15166666666666667,"[""sqrt(3)/300 + 101/600"", ""91/600"", ""107/600"", ""103/600"", ""101/600 - sqrt(3)/300"", ""97/600""]",True,True
"[2, 3, 0, 1, 5, 4]","[-1, 1, -5, -3, 5, 3]",1/3,0.1511111111111111,"[""sqrt(3)/200 + 299/1800"", ""34/225"", ""317/1800"", ""157/900"", ""299/1800 - sqrt(3)/200"", ""299/1800""]",True,True
"[2, 4, 0, 1, 3, 5]","[-1, 1, -5, 3, -3, 5]",3,0.14333333333333334,"[""7/40 - sqrt(3)/600"", ""49/300"", ""17/100"", ""13/75"", ""sqrt(3)/600 + 7/40"", ""43/300""]",True,True
"[2, 5, 0, 1, 3, 4]","[-1, 1, -5, 3, 5, -3]",1/3,0.15745085707326673,"[""sqrt(3)/200 + 299/1800"", ""29/180"", ""29/180"", ""83/450"", ""299/1800 - sqrt(3)/200"", ""29/180""]",True,True
"[2, 4, 0, 1, 5, 3]","[-1, 1, -5, 5, -3, 3]",3,0.14166666666666666,"[""7/40 - sqrt(3)/600"", ""1/6"", ""33/200"", ""53/300"", ""sqrt(3)/600 + 7/40"", ""17/120""]",True,True
"[2, 5, 0, 1, 4, 3]","[-1, 1, -5, 5, 3, -3]",1,0.155,"[""sqrt(3)/300 + 101/600"", ""33/200"", ""19/120"", ""37/200"", ""101/600 - sqrt(3)/300"", ""31/200""]",True,True
"[3, 2, 0, 1, 4, 5]","[-1, 1, -3, -5, 3, 5]",1/3,0.1527777777777778,"[""sqrt(3)/300 + 299/1800"", ""11/72"", ""163/900"", ""299/1800"", ""299/1800 - sqrt(3)/300"", ""151/900""]",True,True
"[3, 2, 0, 1, 5, 4]","[-1, 1, -3, -5, 5, 3]",-1/3,0.15222222222222223,"[""sqrt(3)/200 + 59/360"", ""137/900"", ""161/900"", ""38/225"", ""59/360 - sqrt(3)/200"", ""31/180""]",True,True
"[4, 2, 0, 1, 3, 5]","[-1, 1, -3, 3, -5, 5]",3,0.14333333333333334,"[""7/40 - sqrt(3)/300"", ""101/600"", ""17/100"", ""101/600"", ""sqrt(3)/300 + 7/40"", ""43/300""]",True,True
"[5, 2, 0, 1, 3, 4]","[-1, 1, -3, 3, 5, -5]",-1/3,0.1552286348510445,"[""sqrt(3)/200 + 59/360"", ""149/900"", ""143/900"", ""41/225"", ""59/360 - sqrt(3)/200"", ""149/900""]",True,True
"[4, 2, 0, 1, 5, 3]","[-1, 1, -3, 5, -5, 3]",3,0.14166666666666666,"[""7/40 - sqrt(3)/300"", ""103/600"", ""33/200"", ""103/600"", ""sqrt(3)/300 + 7/40"", ""17/120""]",True,True
"[5, 2, 0, 1, 4, 3]","[-1, 1, -3, 5, 3, -5]",1/3,0.15611111111111112,"[""sqrt(3)/300 + 299/1800"", ""61/360"", ""281/1800"", ""329/1800"", ""299/1800 - sqrt(3)/300"", ""287/1800""]",True,True
"[3, 4, 0, 1, 2, 5]","[-1, 1, 3, -5, -3, 5]",1/3,0.1511111111111111,"[""299/1800 - sqrt(3)/600"", ""151/900"", ""163/900"", ""34/225"", ""sqrt(3)/600 + 299/1800"", ""151/900""]",True,True
"[3, 5, 0, 1, 2, 4]","[-1, 1, 3, -5, 5, -3]",-7/3,0.14856196818437784,"[""sqrt(3)/200 + 283/1800"", ""149/900"", ""31/180"", ""73/450"", ""283/1800 - sqrt(3)/200"", ""167/900""]",True,True
"[4, 3, 0, 1, 2, 5]","[-1, 1, 3, -3, -5, 5]",1,0.15166666666666667,"[""101/600 - sqrt(3)/300"", ""103/600"", ""107/600"", ""91/600"", ""sqrt(3)/300 + 101/600"", ""97/600""]",True,True
"[5, 3, 0, 1, 2, 4]","[-1, 1, 3, -3, 5, -5]",-7/3,0.14856196818437784,"[""sqrt(3)/200 + 283/1800"", ""38/225"", ""301/1800"", ""149/900"", ""283/1800 - sqrt(3)/200"", ""331/1800""]",True,True
"[4, 5, 0, 1, 2, 3]","[-1, 1, 3, 5, -5, -3]",1,0.155,"[""101/600 - sqrt(3)/300"", ""37/200"", ""19/120"", ""33/200"", ""sqrt(3)/300 + 101/600"", ""31/200""]",True,True
"[5, 4, 0, 1, 2, 3]","[-1, 1, 3, 5, -3, -5]",1/3,0.15611111111111112,"[""299/1800 - sqrt(3)/600"", ""83/450"", ""281/1800"", ""151/900"", ""sqrt(3)/600 + 299/1800"", ""287/1800""]",True,True
"[3, 4, 0, 1, 5, 2]","[-1, 1, 5, -5, -3, 3]",-1/3,0.14888888888888888,"[""59/360 - sqrt(3)/600"", ""31/180"", ""161/900"", ""67/450"", ""sqrt(3)/600 + 59/360"", ""31/180""]",True,True
"[3, 5, 0, 1, 4, 2]","[-1, 1, 5, -5, 3, -3]",-7/3,0.15144871953032596,"[""sqrt(3)/300 + 283/1800"", ""307/1800"", ""31/180"", ""283/1800"", ""283/1800 - sqrt(3)/300"", ""167/900""]",True,True
"[4, 3, 0, 1, 5, 2]","[-1, 1, 5, -3, -5, 3]",1/3,0.14944444444444444,"[""299/1800 - sqrt(3)/300"", ""317/1800"", ""317/1800"", ""269/1800"", ""sqrt(3)/300 + 299/1800"", ""299/1800""]",True,True
"[5, 3, 0, 1, 4, 2]","[-1, 1, 5, -3, 3, -5]",-7/3,0.15144871953032596,"[""sqrt(3)/300 + 283/1800"", ""313/1800"", ""301/1800"", ""289/1800"", ""283/1800 - sqrt(3)/300"", ""331/1800""]",True,True
"[4, 5, 0, 1, 3, 2]","[-1, 1, 5, 3, -5, -3]",1/3,0.15944444444444444,"[""299/1800 - sqrt(3)/300"", ""67/360"", ""29/180"", ""287/1800"", ""sqrt(3)/300 + 299/1800"", ""29/180""]",True,True
"[5, 4, 0, 1, 3, 2]","[-1, 1, 5, 3, -3, -5]",-1/3,0.15888888888888889,"[""59/360 - sqrt(3)/600"", ""167/900"", ""143/900"", ""73/450"", ""sqrt(3)/600 + 59/360"", ""149/900""]",True,True
"[2, 3, 0, 4, 1, 5]","[-1, 3, -5, -3, 1, 5]",5/3,0.15555555555555556,"[""sqrt(3)/600 + 301/1800"", ""7/45"", ""41/225"", ""31/180"", ""301/1800 - sqrt(3)/600"", ""7/45""]",True,True
"[2, 3, 0, 5, 1, 4]","[-1, 3, -5, -3, 5, 1]",1/3,0.1541175237399334,"[""sqrt(3)/200 + 293/1800"", ""139/900"", ""8/45"", ""8/45"", ""293/1800 - sqrt(3)/200"", ""37/225""]",True,True
"[2, 4, 0, 3, 1, 5]","[-1, 3, -5, 1, -3, 5]",3,0.14333333333333334,"[""103/600 - sqrt(3)/600"", ""49/300"", ""53/300"", ""13/75"", ""sqrt(3)/600 + 103/600"", ""43/300""]",True,True
"[2, 5, 0, 3, 1, 4]","[-1, 3, -5, 1, 5, -3]",1/3,0.1541175237399334,"[""sqrt(3)/200 + 293/1800"", ""29/180"", ""151/900"", ""83/450"", ""293/1800 - sqrt(3)/200"", ""29/180""]",True,True
"[2, 4, 0, 5, 1, 3]","[-1, 3, -5, 5, -3, 1]",3,0.14,"[""103/600 - sqrt(3)/600"", ""17/100"", ""1/6"", ""9/50"", ""sqrt(3)/600 + 103/600"", ""7/50""]",True,True
"[2, 5, 0, 4, 1, 3]","[-1, 3, -5, 5, 1, -3]",5/3,0.14888888888888888,"[""sqrt(3)/600 + 301/1800"", ""38/225"", ""73/450"", ""167/900"", ""301/1800 - sqrt(3)/600"", ""67/450""]",True,True
"[3, 2, 0, 4, 1, 5]","[-1, 3, -3, -5, 1, 5]",1,0.15666666666666668,"[""sqrt(3)/600 + 33/200"", ""47/300"", ""37/200"", ""1/6"", ""33/200 - sqrt(3)/600"", ""97/600""]",True,True
"[3, 2, 0, 5, 1, 4]","[-1, 3, -3, -5, 5, 1]",-1/3,0.15189530151771116,"[""sqrt(3)/200 + 289/1800"", ""7/45"", ""13/72"", ""31/180"", ""289/1800 - sqrt(3)/200"", ""307/1800""]",True,True
"[4, 2, 0, 3, 1, 5]","[-1, 3, -3, 1, -5, 5]",3,0.14333333333333334,"[""103/600 - sqrt(3)/300"", ""101/600"", ""53/300"", ""101/600"", ""sqrt(3)/300 + 103/600"", ""43/300""]",True,True
"[5, 2, 0, 3, 1, 4]","[-1, 3, -3, 1, 5, -5]",-1/3,0.15189530151771116,"[""sqrt(3)/200 + 289/1800"", ""149/900"", ""149/900"", ""41/225"", ""289/1800 - sqrt(3)/200"", ""149/900""]",True,True
"[4, 2, 0, 5, 1, 3]","[-1, 3, -3, 5, -5, 1]",3,0.14,"[""103/600 - sqrt(3)/300"", ""7/40"", ""1/6"", ""7/40"", ""sqrt(3)/300 + 103/600"", ""7/50""]",True,True
"[5, 2, 0, 4, 1, 3]","[-1, 3, -3, 5, 1, -5]",1,0.15333333333333332,"[""sqrt(3)/600 + 33/200"", ""13/75"", ""4/25"", ""11/60"", ""33/200 - sqrt(3)/600"", ""23/150""]",True,True
"[3, 4, 0, 2, 1, 5]","[-1, 3, 1, -5, -3, 5]",1,0.15666666666666668,"[""33/200 - sqrt(3)/600"", ""1/6"", ""37/200"", ""47/300"", ""sqrt(3)/600 + 33/200"", ""97/600""]",True,True
"[3, 5, 0, 2, 1, 4]","[-1, 3, 1, -5, 5, -3]",-5/3,0.14745085707326672,"[""sqrt(3)/200 + 281/1800"", ""37/225"", ""317/1800"", ""151/900"", ""281/1800 - sqrt(3)/200"", ""323/1800""]",True,True
"[4, 3, 0, 2, 1, 5]","[-1, 3, 1, -3, -5, 5]",5/3,0.15555555555555556,"[""301/1800 - sqrt(3)/300"", ""307/1800"", ""41/225"", ""283/1800"", ""sqrt(3)/300 + 301/1800"", ""7/45""]",True,True
"[5, 3, 0, 2, 1, 4]","[-1, 3, 1, -3, 5, -5]",-5/3,0.14745085707326672,"[""sqrt(3)/200 + 281/1800"", ""151/900"", ""77/450"", ""77/450"", ""281/1800 - sqrt(3)/200"", ""8/45""]",True,True
"[4, 5, 0, 2, 1, 3]","[-1, 3, 1, 5, -5, -3]",5/3,0.14888888888888888,"[""301/1800 - sqrt(3)/300"", ""331/1800"", ""73/450"", ""307/1800"", ""sqrt(3)/300 + 301/1800"", ""67/450""]",True,True
"[5, 4, 0, 2, 1, 3]","[-1, 3, 1, 5, -3, -5]",1,0.15333333333333332,"[""33/200 - sqrt(3)/600"", ""11/60"", ""4/25"", ""13/75"", ""sqrt(3)/600 + 33/200"", ""23/150""]",True,True
"[3, 4, 0, 5, 1, 2]","[-1, 3, 5, -5, -3, 1]",-1/3,0.15222222222222223,"[""289/1800 - sqrt(3)/600"", ""79/450"", ""13/72"", ""137/900"", ""sqrt(3)/600 + 289/1800"", ""307/1800""]",True,True
"[3, 5, 0, 4, 1, 2]","[-1, 3, 5, -5, 1, -3]",-5/3,0.153224359765163,"[""sqrt(3)/600 + 281/1800"", ""157/900"", ""317/1800"", ""71/450"", ""281/1800 - sqrt(3)/600"", ""323/1800""]",True,True
"[4, 3, 0, 5, 1, 2]","[-1, 3, 5, -3, -5, 1]",1/3,0.1527777777777778,"[""293/1800 - sqrt(3)/300"", ""323/1800"", ""8/45"", ""11/72"", ""sqrt(3)/300 + 293/1800"", ""37/225""]",True,True
"[5, 3, 0, 4, 1, 2]","[-1, 3, 5, -3, 1, -5]",-5/3,0.153224359765163,"[""sqrt(3)/600 + 281/1800"", ""8/45"", ""77/450"", ""29/180"", ""281/1800 - sqrt(3)/600"", ""8/45""]",True,True
"[4, 5, 0, 3, 1, 2]","[-1, 3, 5, 1, -5, -3]",1/3,0.15700427508588152,"[""293/1800 - sqrt(3)/300"", ""67/360"", ""151/900"", ""287/1800"", ""sqrt(3)/300 + 293/1800"", ""29/180""]",True,True
"[5, 4, 0, 3, 1, 2]","[-1, 3, 5, 1, -3, -5]",-1/3,0.15766880420960744,"[""289/1800 - sqrt(3)/600"", ""167/900"", ""149/900"", ""73/450"", ""sqrt(3)/600 + 289/1800"", ""149/900""]",True,True
"[2, 3, 0, 4, 5, 1]","[-1, 5, -5, -3, 1, 3]",5/3,0.15388888888888888,"[""sqrt(3)/600 + 59/360"", ""143/900"", ""331/1800"", ""79/450"", ""59/360 - sqrt(3)/600"", ""277/1800""]",True,True
"[2, 3, 0, 5, 4, 1]","[-1, 5, -5, -3, 3, 1]",1,0.1558931639747704,"[""sqrt(3)/300 + 97/600"", ""19/120"", ""109/600"", ""107/600"", ""97/600 - sqrt(3)/300"", ""19/120""]",True,True
"[2, 4, 0, 3, 5, 1]","[-1, 5, -5, 1, -3, 3]",3,0.14166666666666666,"[""101/600 - sqrt(3)/600"", ""1/6"", ""107/600"", ""53/300"", ""sqrt(3)/600 + 101/600"", ""17/120""]",True,True
"[2, 5, 0, 3, 4, 1]","[-1, 5, -5, 1, 3, -3]",1,0.155,"[""sqrt(3)/300 + 97/600"", ""33/200"", ""103/600"", ""37/200"", ""97/600 - sqrt(3)/300"", ""31/200""]",True,True
"[2, 4, 0, 5, 3, 1]","[-1, 5, -5, 3, -3, 1]",3,0.14,"[""101/600 - sqrt(3)/600"", ""17/100"", ""13/75"", ""9/50"", ""sqrt(3)/600 + 101/600"", ""7/50""]",True,True
"[2, 5, 0, 4, 3, 1]","[-1, 5, -5, 3, 1, -3]",5/3,0.14888888888888888,"[""sqrt(3)/600 + 59/360"", ""38/225"", ""38/225"", ""167/900"", ""59/360 - sqrt(3)/600"", ""67/450""]",True,True
"[3, 2, 0, 4, 5, 1]","[-1, 5, -3, -5, 1, 3]",1,0.15877991532071853,"[""sqrt(3)/600 + 97/600"", ""4/25"", ""14/75"", ""17/100"", ""97/600 - sqrt(3)/600"", ""4/25""]",True,True
"[3, 2, 0, 5, 4, 1]","[-1, 5, -3, -5, 3, 1]",1/3,0.1536709417525482,"[""sqrt(3)/300 + 287/1800"", ""287/1800"", ""83/450"", ""311/1800"", ""287/1800 - sqrt(3)/300"", ""37/225""]",True,True
"[4, 2, 0, 3, 5, 1]","[-1, 5, -3, 1, -5, 3]",3,0.14166666666666666,"[""101/600 - sqrt(3)/300"", ""103/600"", ""107/600"", ""103/600"", ""sqrt(3)/300 + 101/600"", ""17/120""]",True,True
"[5, 2, 0, 3, 4, 1]","[-1, 5, -3, 1, 3, -5]",1/3,0.1536709417525482,"[""sqrt(3)/300 + 287/1800"", ""61/360"", ""61/360"", ""329/1800"", ""287/1800 - sqrt(3)/300"", ""287/1800""]",True,True
"[4, 2, 0, 5, 3, 1]","[-1, 5, -3, 3, -5, 1]",3,0.14,"[""101/600 - sqrt(3)/300"", ""7/40"", ""13/75"", ""7/40"", ""sqrt(3)/300 + 101/600"", ""7/50""]",True,True
"[5, 2, 0, 4, 3, 1]","[-1, 5, -3, 3, 1, -5]",1,0.15333333333333332,"[""sqrt(3)/600 + 97/600"", ""13/75"", ""1/6"", ""11/60"", ""97/600 - sqrt(3)/600"", ""23/150""]",True,True
"[3, 4, 0, 2, 5, 1]","[-1, 5, 1, -5, -3, 3]",1,0.15877991532071853,"[""97/600 - sqrt(3)/600"", ""17/100"", ""14/75"", ""4/25"", ""sqrt(3)/600 + 97/600"", ""4/25""]",True,True
"[3, 5, 0, 2, 4, 1]","[-1, 5, 1, -5, 3, -3]",-1,0.14922649730810375,"[""sqrt(3)/300 + 31/200"", ""101/600"", ""9/50"", ""101/600"", ""31/200 - sqrt(3)/300"", ""13/75""]",True,True
"[4, 3, 0, 2, 5, 1]","[-1, 5, 1, -3, -5, 3]",5/3,0.15388888888888888,"[""59/360 - sqrt(3)/300"", ""313/1800"", ""331/1800"", ""289/1800"", ""sqrt(3)/300 + 59/360"", ""277/1800""]",True,True
"[5, 3, 0, 2, 4, 1]","[-1, 5, 1, -3, 3, -5]",-1,0.14922649730810375,"[""sqrt(3)/300 + 31/200"", ""103/600"", ""7/40"", ""103/600"", ""31/200 - sqrt(3)/300"", ""103/600""]",True,True
"[4, 5, 0, 2, 3, 1]","[-1, 5, 1, 3, -5, -3]",5/3,0.14888888888888888,"[""59/360 - sqrt(3)/300"", ""331/1800"", ""38/225"", ""307/1800"", ""sqrt(3)/300 + 59/360"", ""67/450""]",True,True
"[5, 4, 0, 2, 3, 1]","[-1, 5, 1, 3, -3, -5]",1,0.15333333333333332,"[""97/600 - sqrt(3)/600"", ""11/60"", ""1/6"", ""13/75"", ""sqrt(3)/600 + 97/600"", ""23/150""]",True,True
"[3, 4, 0, 5, 2, 1]","[-1, 5, 3, -5, -3, 1]",1/3,0.15655769309849632,"[""287/1800 - sqrt(3)/600"", ""157/900"", ""83/450"", ""71/450"", ""sqrt(3)/600 + 287/1800"", ""37/225""]",True,True
"[3, 5, 0, 4, 2, 1]","[-1, 5, 3, -5, 1, -3]",-1,0.15211324865405187,"[""sqrt(3)/600 + 31/200"", ""13/75"", ""9/50"", ""49/300"", ""31/200 - sqrt(3)/600"", ""13/75""]",True,True
"[4, 3, 0, 5, 2, 1]","[-1, 5, 3, -3, -5, 1]",1,0.1558931639747704,"[""97/600 - sqrt(3)/300"", ""107/600"", ""109/600"", ""19/120"", ""sqrt(3)/300 + 97/600"", ""19/120""]",True,True
"[5, 3, 0, 4, 2, 1]","[-1, 5, 3, -3, 1, -5]",-1,0.15211324865405187,"[""sqrt(3)/600 + 31/200"", ""53/300"", ""7/40"", ""1/6"", ""31/200 - sqrt(3)/600"", ""103/600""]",True,True
"[4, 5, 0, 3, 2, 1]","[-1, 5, 3, 1, -5, -3]",1,0.155,"[""97/600 - sqrt(3)/300"", ""37/200"", ""103/600"", ""33/200"", ""sqrt(3)/300 + 97/600"", ""31/200""]",True,True
"[5, 4, 0, 3, 2, 1]","[-1, 5, 3, 1, -3, -5]",1/3,0.15655769309849632,"[""287/1800 - sqrt(3)/600"", ""83/450"", ""61/360"", ""151/900"", ""sqrt(3)/600 + 287/1800"", ""287/1800""]",True,True
"[1, 2, 3, 0, 4, 5]","[1, -5, -3, -1, 3, 5]",-1/3,0.14888888888888888,"[""sqrt(3)/600 + 313/1800"", ""67/450"", ""59/360"", ""149/900"", ""313/1800 - sqrt(3)/600"", ""313/1800""]",True,True
"[1, 2, 3, 0, 5, 4]","[1, -5, -3, -1, 5, 3]",-1,0.14833333333333334,"[""sqrt(3)/300 + 103/600"", ""89/600"", ""97/600"", ""101/600"", ""103/600 - sqrt(3)/300"", ""107/600""]",True,True
"[1, 2, 4, 0, 3, 5]","[1, -5, -3, 3, -1, 5]",1,0.15666666666666668,"[""107/600 - sqrt(3)/600"", ""47/300"", ""19/120"", ""1/6"", ""sqrt(3)/600 + 107/600"", ""97/600""]",True,True
"[1, 2, 5, 0, 3, 4]","[1, -5, -3, 3, 5, -1]",-1,0.15166666666666667,"[""sqrt(3)/300 + 103/600"", ""31/200"", ""91/600"", ""7/40"", ""103/600 - sqrt(3)/300"", ""7/40""]",True,True
"[1, 2, 4, 0, 5, 3]","[1, -5, -3, 5, -1, 3]",1,0.15333333333333332,"[""107/600 - sqrt(3)/600"", ""4/25"", ""23/150"", ""17/100"", ""sqrt(3)/600 + 107/600"", ""4/25""]",True,True
"[1, 2, 5, 0, 4, 3]","[1, -5, -3, 5, 3, -1]",-1/3,0.14888888888888888,"[""sqrt(3)/600 + 313/1800"", ""143/900"", ""67/450"", ""79/450"", ""313/1800 - sqrt(3)/600"", ""38/225""]",True,True
"[1, 3, 2, 0, 4, 5]","[1, -5, -1, -3, 3, 5]",-1,0.15,"[""sqrt(3)/600 + 103/600"", ""3/20"", ""1/6"", ""4/25"", ""103/600 - sqrt(3)/600"", ""9/50""]",True,True
"[1, 3, 2, 0, 5, 4]","[1, -5, -1, -3, 5, 3]",-5/3,0.14944444444444444,"[""sqrt(3)/300 + 61/360"", ""269/1800"", ""37/225"", ""293/1800"", ""61/360 - sqrt(3)/300"", ""83/450""]",True,True
"[1, 4, 2, 0, 3, 5]","[1, -5, -1, 3, -3, 5]",1,0.15833333333333333,"[""107/600 - sqrt(3)/300"", ""97/600"", ""19/120"", ""97/600"", ""sqrt(3)/300 + 107/600"", ""97/600""]",True,True
"[1, 5, 2, 0, 3, 4]","[1, -5, -1, 3, 5, -3]",-5/3,0.14944444444444444,"[""sqrt(3)/300 + 61/360"", ""287/1800"", ""269/1800"", ""311/1800"", ""61/360 - sqrt(3)/300"", ""323/1800""]",True,True
"[1, 4, 2, 0, 5, 3]","[1, -5, -1, 5, -3, 3]",1,0.15333333333333332,"[""107/600 - sqrt(3)/300"", ""33/200"", ""23/150"", ""33/200"", ""sqrt(3)/300 + 107/600"", ""4/25""]",True,True
"[1, 5, 2, 0, 4, 3]","[1, -5, -1, 5, 3, -3]",-1,0.14666666666666667,"[""sqrt(3)/600 + 103/600"", ""49/300"", ""11/75"", ""13/75"", ""103/600 - sqrt(3)/600"", ""13/75""]",True,True
"[1, 3, 4, 0, 2, 5]","[1, -5, 3, -3, -1, 5]",-1,0.15,"[""103/600 - sqrt(3)/600"", ""4/25"", ""1/6"", ""3/20"", ""sqrt(3)/600 + 103/600"", ""9/50""]",True,True
"[1, 3, 5, 0, 2, 4]","[1, -5, 3, -3, 5, -1]",-3,0.15833333333333333,"[""sqrt(3)/300 + 33/200"", ""19/120"", ""4/25"", ""19/120"", ""33/200 - sqrt(3)/300"", ""29/150""]",True,True
"[1, 4, 3, 0, 2, 5]","[1, -5, 3, -1, -3, 5]",-1/3,0.15055555555555555,"[""313/1800 - sqrt(3)/300"", ""59/360"", ""59/360"", ""271/1800"", ""sqrt(3)/300 + 313/1800"", ""313/1800""]",True,True
"[1, 5, 3, 0, 2, 4]","[1, -5, 3, -1, 5, -3]",-3,0.155,"[""sqrt(3)/300 + 33/200"", ""97/600"", ""31/200"", ""97/600"", ""33/200 - sqrt(3)/300"", ""23/120""]",True,True
"[1, 4, 5, 0, 2, 3]","[1, -5, 3, 5, -3, -1]",-1/3,0.14888888888888888,"[""313/1800 - sqrt(3)/300"", ""313/1800"", ""67/450"", ""289/1800"", ""sqrt(3)/300 + 313/1800"", ""38/225""]",True,True
"[1, 5, 4, 0, 2, 3]","[1, -5, 3, 5, -1, -3]",-1,0.14666666666666667,"[""103/600 - sqrt(3)/600"", ""13/75"", ""11/75"", ""49/300"", ""sqrt(3)/600 + 103/600"", ""13/75""]",True,True
"[1, 3, 4, 0, 5, 2]","[1, -5, 5, -3, -1, 3]",-5/3,0.14777777777777779,"[""61/360 - sqrt(3)/600"", ""37/225"", ""37/225"", ""133/900"", ""sqrt(3)/600 + 61/360"", ""83/450""]",True,True
"[1, 3, 5, 0, 4, 2]","[1, -5, 5, -3, 3, -1]",-3,0.15333333333333332,"[""sqrt(3)/600 + 33/200"", ""49/300"", ""4/25"", ""23/150"", ""33/200 - sqrt(3)/600"", ""29/150""]",True,True
"[1, 4, 3, 0, 5, 2]","[1, -5, 5, -1, -3, 3]",-1,0.14833333333333334,"[""103/600 - sqrt(3)/300"", ""101/600"", ""97/600"", ""89/600"", ""sqrt(3)/300 + 103/600"", ""107/600""]",True,True
"[1, 5, 3, 0, 4, 2]","[1, -5, 5, -1, 3, -3]",-3,0.155,"[""sqrt(3)/600 + 33/200"", ""1/6"", ""31/200"", ""47/300"", ""33/200 - sqrt(3)/600"", ""23/120""]",True,True
"[1, 4, 5, 0, 3, 2]","[1, -5, 5, 3, -3, -1]",-1,0.15166666666666667,"[""103/600 - sqrt(3)/300"", ""7/40"", ""91/600"", ""31/200"", ""sqrt(3)/300 + 103/600"", ""7/40""]",True,True
"[1, 5, 4, 0, 3, 2]","[1, -5, 5, 3, -1, -3]",-5/3,0.14944444444444444,"[""61/360 - sqrt(3)/600"", ""157/900"", ""269/1800"", ""71/450"", ""sqrt(3)/600 + 61/360"", ""323/1800""]",True,True
"[2, 1, 3, 0, 4, 5]","[1, -3, -5, -1, 3, 5]",1/3,0.14777777777777779,"[""sqrt(3)/600 + 311/1800"", ""133/900"", ""151/900"", ""77/450"", ""311/1800 - sqrt(3)/600"", ""151/900""]",True,True
"[2, 1, 3, 0, 5, 4]","[1, -3, -5, -1, 5, 3]",-1/3,0.14722222222222223,"[""sqrt(3)/300 + 307/1800"", ""53/360"", ""149/900"", ""313/1800"", ""307/1800 - sqrt(3)/300"", ""31/180""]",True,True
"[2, 1, 4, 0, 3, 5]","[1, -3, -5, 3, -1, 5]",5/3,0.15555555555555556,"[""319/1800 - sqrt(3)/600"", ""7/45"", ""73/450"", ""31/180"", ""sqrt(3)/600 + 319/1800"", ""7/45""]",True,True
"[2, 1, 5, 0, 3, 4]","[1, -3, -5, 3, 5, -1]",-1/3,0.15388888888888888,"[""sqrt(3)/300 + 307/1800"", ""277/1800"", ""7/45"", ""13/72"", ""307/1800 - sqrt(3)/300"", ""38/225""]",True,True
"[2, 1, 4, 0, 5, 3]","[1, -3, -5, 5, -1, 3]",5/3,0.15388888888888888,"[""319/1800 - sqrt(3)/600"", ""143/900"", ""283/1800"", ""79/450"", ""sqrt(3)/600 + 319/1800"", ""277/1800""]",True,True
"[2, 1, 5, 0, 4, 3]","[1, -3, -5, 5, 3, -1]",1/3,0.1527777777777778,"[""sqrt(3)/600 + 311/1800"", ""71/450"", ""11/72"", ""163/900"", ""311/1800 - sqrt(3)/600"", ""293/1800""]",True,True
"[3, 1, 2, 0, 4, 5]","[1, -3, -1, -5, 3, 5]",-1,0.15,"[""sqrt(3)/600 + 101/600"", ""3/20"", ""13/75"", ""4/25"", ""101/600 - sqrt(3)/600"", ""9/50""]",True,True
"[3, 1, 2, 0, 5, 4]","[1, -3, -1, -5, 5, 3]",-5/3,0.14944444444444444,"[""sqrt(3)/300 + 299/1800"", ""269/1800"", ""77/450"", ""293/1800"", ""299/1800 - sqrt(3)/300"", ""83/450""]",True,True
"[4, 1, 2, 0, 3, 5]","[1, -3, -1, 3, -5, 5]",5/3,0.15555555555555556,"[""319/1800 - sqrt(3)/200"", ""149/900"", ""73/450"", ""73/450"", ""sqrt(3)/200 + 319/1800"", ""7/45""]",True,True
"[5, 1, 2, 0, 3, 4]","[1, -3, -1, 3, 5, -5]",-5/3,0.1511111111111111,"[""sqrt(3)/300 + 299/1800"", ""293/1800"", ""34/225"", ""317/1800"", ""299/1800 - sqrt(3)/300"", ""8/45""]",True,True
"[4, 1, 2, 0, 5, 3]","[1, -3, -1, 5, -5, 3]",5/3,0.15388888888888888,"[""319/1800 - sqrt(3)/200"", ""38/225"", ""283/1800"", ""149/900"", ""sqrt(3)/200 + 319/1800"", ""277/1800""]",True,True
"[5, 1, 2, 0, 4, 3]","[1, -3, -1, 5, 3, -5]",-1,0.14833333333333334,"[""sqrt(3)/600 + 101/600"", ""1/6"", ""89/600"", ""53/300"", ""101/600 - sqrt(3)/600"", ""103/600""]",True,True
"[3, 1, 4, 0, 2, 5]","[1, -3, 3, -5, -1, 5]",-1,0.15,"[""101/600 - sqrt(3)/600"", ""4/25"", ""13/75"", ""3/20"", ""sqrt(3)/600 + 101/600"", ""9/50""]",True,True
"[3, 1, 5, 0, 2, 4]","[1, -3, 3, -5, 5, -1]",-3,0.1558931639747704,"[""sqrt(3)/300 + 97/600"", ""19/120"", ""1/6"", ""19/120"", ""97/600 - sqrt(3)/300"", ""29/150""]",True,True
"[4, 1, 3, 0, 2, 5]","[1, -3, 3, -1, -5, 5]",1/3,0.1511111111111111,"[""311/1800 - sqrt(3)/200"", ""151/900"", ""151/900"", ""34/225"", ""sqrt(3)/200 + 311/1800"", ""151/900""]",True,True
"[5, 1, 3, 0, 2, 4]","[1, -3, 3, -1, 5, -5]",-3,0.1558931639747704,"[""sqrt(3)/300 + 97/600"", ""33/200"", ""47/300"", ""33/200"", ""97/600 - sqrt(3)/300"", ""19/100""]",True,True
"[4, 1, 5, 0, 2, 3]","[1, -3, 3, 5, -5, -1]",1/3,0.1527777777777778,"[""311/1800 - sqrt(3)/200"", ""8/45"", ""11/72"", ""29/180"", ""sqrt(3)/200 + 311/1800"", ""293/1800""]",True,True
"[5, 1, 4, 0, 2, 3]","[1, -3, 3, 5, -1, -5]",-1,0.14833333333333334,"[""101/600 - sqrt(3)/600"", ""53/300"", ""89/600"", ""1/6"", ""sqrt(3)/600 + 101/600"", ""103/600""]",True,True
"[3, 1, 4, 0, 5, 2]","[1, -3, 5, -5, -1, 3]",-5/3,0.14777777777777779,"[""299/1800 - sqrt(3)/600"", ""37/225"", ""77/450"", ""133/900"", ""sqrt(3)/600 + 299/1800"", ""83/450""]",True,True
"[3, 1, 5, 0, 4, 2]","[1, -3, 5, -5, 3, -1]",-3,0.15333333333333332,"[""sqrt(3)/600 + 97/600"", ""49/300"", ""1/6"", ""23/150"", ""97/600 - sqrt(3)/600"", ""29/150""]",True,True
"[4, 1, 3, 0, 5, 2]","[1, -3, 5, -1, -5, 3]",-1/3,0.14888888888888888,"[""307/1800 - sqrt(3)/200"", ""31/180"", ""149/900"", ""67/450"", ""sqrt(3)/200 + 307/1800"", ""31/180""]",True,True
"[5, 1, 3, 0, 4, 2]","[1, -3, 5, -1, 3, -5]",-3,0.15666666666666668,"[""sqrt(3)/600 + 97/600"", ""17/100"", ""47/300"", ""4/25"", ""97/600 - sqrt(3)/600"", ""19/100""]",True,True
"[4, 1, 5, 0, 3, 2]","[1, -3, 5, 3, -5, -1]",-1/3,0.15555555555555556,"[""307/1800 - sqrt(3)/200"", ""161/900"", ""7/45"", ""7/45"", ""sqrt(3)/200 + 307/1800"", ""38/225""]",True,True
"[5, 1, 4, 0, 3, 2]","[1, -3, 5, 3, -1, -5]",-5/3,0.1511111111111111,"[""299/1800 - sqrt(3)/600"", ""8/45"", ""34/225"", ""29/180"", ""sqrt(3)/600 + 299/1800"", ""8/45""]",True,True
"[2, 3, 1, 0, 4, 5]","[1, -1, -5, -3, 3, 5]",1/3,0.14777777777777779,"[""sqrt(3)/600 + 61/360"", ""133/900"", ""157/900"", ""77/450"", ""61/360 - sqrt(3)/600"", ""151/900""]",True,True
"[2, 3, 1, 0, 5, 4]","[1, -1, -5, -3, 5, 3]",-1/3,0.14722222222222223,"[""sqrt(3)/300 + 301/1800"", ""53/360"", ""31/180"", ""313/1800"", ""301/1800 - sqrt(3)/300"", ""31/180""]",True,True
"[2, 4, 1, 0, 3, 5]","[1, -1, -5, 3, -3, 5]",7/3,0.14944444444444444,"[""317/1800 - sqrt(3)/300"", ""287/1800"", ""299/1800"", ""311/1800"", ""sqrt(3)/300 + 317/1800"", ""269/1800""]",True,True
"[2, 5, 1, 0, 3, 4]","[1, -1, -5, 3, 5, -3]",-1/3,0.15722222222222224,"[""sqrt(3)/300 + 301/1800"", ""283/1800"", ""283/1800"", ""331/1800"", ""301/1800 - sqrt(3)/300"", ""301/1800""]",True,True
"[2, 4, 1, 0, 5, 3]","[1, -1, -5, 5, -3, 3]",7/3,0.14777777777777779,"[""317/1800 - sqrt(3)/300"", ""293/1800"", ""29/180"", ""317/1800"", ""sqrt(3)/300 + 317/1800"", ""133/900""]",True,True
"[2, 5, 1, 0, 4, 3]","[1, -1, -5, 5, 3, -3]",1/3,0.15444444444444444,"[""sqrt(3)/600 + 61/360"", ""29/180"", ""139/900"", ""83/450"", ""61/360 - sqrt(3)/600"", ""29/180""]",True,True
"[3, 2, 1, 0, 4, 5]","[1, -1, -3, -5, 3, 5]",-1/3,0.14888888888888888,"[""sqrt(3)/600 + 301/1800"", ""67/450"", ""319/1800"", ""149/900"", ""301/1800 - sqrt(3)/600"", ""313/1800""]",True,True
"[3, 2, 1, 0, 5, 4]","[1, -1, -3, -5, 5, 3]",-1,0.14833333333333334,"[""sqrt(3)/300 + 33/200"", ""89/600"", ""7/40"", ""101/600"", ""33/200 - sqrt(3)/300"", ""107/600""]",True,True
"[4, 2, 1, 0, 3, 5]","[1, -1, -3, 3, -5, 5]",7/3,0.14944444444444444,"[""317/1800 - sqrt(3)/200"", ""37/225"", ""299/1800"", ""151/900"", ""sqrt(3)/200 + 317/1800"", ""269/1800""]",True,True
"[5, 2, 1, 0, 3, 4]","[1, -1, -3, 3, 5, -5]",-1,0.155,"[""sqrt(3)/300 + 33/200"", ""97/600"", ""31/200"", ""109/600"", ""33/200 - sqrt(3)/300"", ""103/600""]",True,True
"[4, 2, 1, 0, 5, 3]","[1, -1, -3, 5, -5, 3]",7/3,0.14777777777777779,"[""317/1800 - sqrt(3)/200"", ""151/900"", ""29/180"", ""77/450"", ""sqrt(3)/200 + 317/1800"", ""133/900""]",True,True
"[5, 2, 1, 0, 4, 3]","[1, -1, -3, 5, 3, -5]",-1/3,0.15222222222222223,"[""sqrt(3)/600 + 301/1800"", ""149/900"", ""137/900"", ""41/225"", ""301/1800 - sqrt(3)/600"", ""149/900""]",True,True
"[3, 4, 1, 0, 2, 5]","[1, -1, 3, -5, -3, 5]",-1/3,0.15055555555555555,"[""301/1800 - sqrt(3)/300"", ""59/360"", ""319/1800"", ""271/1800"", ""sqrt(3)/300 + 301/1800"", ""313/1800""]",True,True
"[3, 5, 1, 0, 2, 4]","[1, -1, 3, -5, 5, -3]",-3,0.15255983064143708,"[""sqrt(3)/300 + 19/120"", ""97/600"", ""101/600"", ""97/600"", ""19/120 - sqrt(3)/300"", ""23/120""]",True,True
"[4, 3, 1, 0, 2, 5]","[1, -1, 3, -3, -5, 5]",1/3,0.1511111111111111,"[""61/360 - sqrt(3)/200"", ""151/900"", ""157/900"", ""34/225"", ""sqrt(3)/200 + 61/360"", ""151/900""]",True,True
"[5, 3, 1, 0, 2, 4]","[1, -1, 3, -3, 5, -5]",-3,0.15255983064143708,"[""sqrt(3)/300 + 19/120"", ""33/200"", ""49/300"", ""33/200"", ""19/120 - sqrt(3)/300"", ""19/100""]",True,True
"[4, 5, 1, 0, 2, 3]","[1, -1, 3, 5, -5, -3]",1/3,0.15444444444444444,"[""61/360 - sqrt(3)/200"", ""163/900"", ""139/900"", ""37/225"", ""sqrt(3)/200 + 61/360"", ""29/180""]",True,True
"[5, 4, 1, 0, 2, 3]","[1, -1, 3, 5, -3, -5]",-1/3,0.15222222222222223,"[""301/1800 - sqrt(3)/300"", ""13/72"", ""137/900"", ""301/1800"", ""sqrt(3)/300 + 301/1800"", ""149/900""]",True,True
"[3, 4, 1, 0, 5, 2]","[1, -1, 5, -5, -3, 3]",-1,0.14833333333333334,"[""33/200 - sqrt(3)/300"", ""101/600"", ""7/40"", ""89/600"", ""sqrt(3)/300 + 33/200"", ""107/600""]",True,True
"[3, 5, 1, 0, 4, 2]","[1, -1, 5, -5, 3, -3]",-3,0.1554465819873852,"[""sqrt(3)/600 + 19/120"", ""1/6"", ""101/600"", ""47/300"", ""19/120 - sqrt(3)/600"", ""23/120""]",True,True
"[4, 3, 1, 0, 5, 2]","[1, -1, 5, -3, -5, 3]",-1/3,0.14888888888888888,"[""301/1800 - sqrt(3)/200"", ""31/180"", ""31/180"", ""67/450"", ""sqrt(3)/200 + 301/1800"", ""31/180""]",True,True
"[5, 3, 1, 0, 4, 2]","[1, -1, 5, -3, 3, -5]",-3,0.1554465819873852,"[""sqrt(3)/600 + 19/120"", ""17/100"", ""49/300"", ""4/25"", ""19/120 - sqrt(3)/600"", ""19/100""]",True,True
"[4, 5, 1, 0, 3, 2]","[1, -1, 5, 3, -5, -3]",-1/3,0.15722222222222224,"[""301/1800 - sqrt(3)/200"", ""41/225"", ""283/1800"", ""143/900"", ""sqrt(3)/200 + 301/1800"", ""301/1800""]",True,True
"[5, 4, 1, 0, 3, 2]","[1, -1, 5, 3, -3, -5]",-1,0.155,"[""33/200 - sqrt(3)/300"", ""109/600"", ""31/200"", ""97/600"", ""sqrt(3)/300 + 33/200"", ""103/600""]",True,True
"[2, 3, 4, 0, 1, 5]","[1, 3, -5, -3, -1, 5]",5/3,0.15555555555555556,"[""301/1800 - sqrt(3)/600"", ""7/45"", ""41/225"", ""31/180"", ""sqrt(3)/600 + 301/1800"", ""7/45""]",True,True
"[2, 3, 5, 0, 1, 4]","[1, 3, -5, -3, 5, -1]",-1/3,0.15388888888888888,"[""sqrt(3)/300 + 289/1800"", ""277/1800"", ""79/450"", ""13/72"", ""289/1800 - sqrt(3)/300"", ""38/225""]",True,True
"[2, 4, 3, 0, 1, 5]","[1, 3, -5, -1, -3, 5]",7/3,0.14944444444444444,"[""61/360 - sqrt(3)/300"", ""287/1800"", ""323/1800"", ""311/1800"", ""sqrt(3)/300 + 61/360"", ""269/1800""]",True,True
"[2, 5, 3, 0, 1, 4]","[1, 3, -5, -1, 5, -3]",-1/3,0.1547820528636593,"[""sqrt(3)/300 + 289/1800"", ""283/1800"", ""307/1800"", ""331/1800"", ""289/1800 - sqrt(3)/300"", ""301/1800""]",True,True
"[2, 4, 5, 0, 1, 3]","[1, 3, -5, 5, -3, -1]",7/3,0.14444444444444443,"[""61/360 - sqrt(3)/300"", ""61/360"", ""37/225"", ""329/1800"", ""sqrt(3)/300 + 61/360"", ""13/90""]",True,True
"[2, 5, 4, 0, 1, 3]","[1, 3, -5, 5, -1, -3]",5/3,0.14888888888888888,"[""301/1800 - sqrt(3)/600"", ""38/225"", ""73/450"", ""167/900"", ""sqrt(3)/600 + 301/1800"", ""67/450""]",True,True
"[3, 2, 4, 0, 1, 5]","[1, 3, -3, -5, -1, 5]",1,0.15666666666666668,"[""33/200 - sqrt(3)/600"", ""47/300"", ""37/200"", ""1/6"", ""sqrt(3)/600 + 33/200"", ""97/600""]",True,True
"[3, 2, 5, 0, 1, 4]","[1, 3, -3, -5, 5, -1]",-1,0.15255983064143708,"[""sqrt(3)/300 + 19/120"", ""31/200"", ""107/600"", ""7/40"", ""19/120 - sqrt(3)/300"", ""7/40""]",True,True
"[4, 2, 3, 0, 1, 5]","[1, 3, -3, -1, -5, 5]",7/3,0.14944444444444444,"[""61/360 - sqrt(3)/200"", ""37/225"", ""323/1800"", ""151/900"", ""sqrt(3)/200 + 61/360"", ""269/1800""]",True,True
"[5, 2, 3, 0, 1, 4]","[1, 3, -3, -1, 5, -5]",-1,0.15255983064143708,"[""sqrt(3)/300 + 19/120"", ""97/600"", ""101/600"", ""109/600"", ""19/120 - sqrt(3)/300"", ""103/600""]",True,True
"[4, 2, 5, 0, 1, 3]","[1, 3, -3, 5, -5, -1]",7/3,0.14444444444444443,"[""61/360 - sqrt(3)/200"", ""157/900"", ""37/225"", ""8/45"", ""sqrt(3)/200 + 61/360"", ""13/90""]",True,True
"[5, 2, 4, 0, 1, 3]","[1, 3, -3, 5, -1, -5]",1,0.15333333333333332,"[""33/200 - sqrt(3)/600"", ""13/75"", ""4/25"", ""11/60"", ""sqrt(3)/600 + 33/200"", ""23/150""]",True,True
"[3, 4, 2, 0, 1, 5]","[1, 3, -1, -5, -3, 5]",1,0.15922649730810373,"[""33/200 - sqrt(3)/300"", ""97/600"", ""37/200"", ""97/600"", ""sqrt(3)/300 + 33/200"", ""97/600""]",True,True
"[3, 5, 2, 0, 1, 4]","[1, 3, -1, -5, 5, -3]",-5/3,0.15033760841921484,"[""sqrt(3)/300 + 281/1800"", ""287/1800"", ""317/1800"", ""311/1800"", ""281/1800 - sqrt(3)/300"", ""323/1800""]",True,True
"[4, 3, 2, 0, 1, 5]","[1, 3, -1, -3, -5, 5]",5/3,0.15555555555555556,"[""301/1800 - sqrt(3)/200"", ""149/900"", ""41/225"", ""73/450"", ""sqrt(3)/200 + 301/1800"", ""7/45""]",True,True
"[5, 3, 2, 0, 1, 4]","[1, 3, -1, -3, 5, -5]",-5/3,0.15033760841921484,"[""sqrt(3)/300 + 281/1800"", ""293/1800"", ""77/450"", ""317/1800"", ""281/1800 - sqrt(3)/300"", ""8/45""]",True,True
"[4, 5, 2, 0, 1, 3]","[1, 3, -1, 5, -5, -3]",5/3,0.14888888888888888,"[""301/1800 - sqrt(3)/200"", ""161/900"", ""73/450"", ""79/450"", ""sqrt(3)/200 + 301/1800"", ""67/450""]",True,True
"[5, 4, 2, 0, 1, 3]","[1, 3, -1, 5, -3, -5]",1,0.15333333333333332,"[""33/200 - sqrt(3)/300"", ""107/600"", ""4/25"", ""107/600"", ""sqrt(3)/300 + 33/200"", ""23/150""]",True,True
"[3, 4, 5, 0, 1, 2]","[1, 3, 5, -5, -3, -1]",-1,0.15255983064143708,"[""19/120 - sqrt(3)/300"", ""7/40"", ""107/600"", ""31/200"", ""sqrt(3)/300 + 19/120"", ""7/40""]",True,True
"[3, 5, 4, 0, 1, 2]","[1, 3, 5, -5, -1, -3]",-5/3,0.153224359765163,"[""281/1800 - sqrt(3)/600"", ""157/900"", ""317/1800"", ""71/450"", ""sqrt(3)/600 + 281/1800"", ""323/1800""]",True,True
"[4, 3, 5, 0, 1, 2]","[1, 3, 5, -3, -5, -1]",-1/3,0.15189530151771116,"[""289/1800 - sqrt(3)/200"", ""161/900"", ""79/450"", ""7/45"", ""sqrt(3)/200 + 289/1800"", ""38/225""]",True,True
"[5, 3, 4, 0, 1, 2]","[1, 3, 5, -3, -1, -5]",-5/3,0.153224359765163,"[""281/1800 - sqrt(3)/600"", ""8/45"", ""77/450"", ""29/180"", ""sqrt(3)/600 + 281/1800"", ""8/45""]",True,True
"[4, 5, 3, 0, 1, 2]","[1, 3, 5, -1, -5, -3]",-1/3,0.15189530151771116,"[""289/1800 - sqrt(3)/200"", ""41/225"", ""307/1800"", ""143/900"", ""sqrt(3)/200 + 289/1800"", ""301/1800""]",True,True
"[5, 4, 3, 0, 1, 2]","[1, 3, 5, -1, -3, -5]",-1,0.15255983064143708,"[""19/120 - sqrt(3)/300"", ""109/600"", ""101/600"", ""97/600"", ""sqrt(3)/300 + 19/120"", ""103/600""]",True,True
"[2, 3, 4, 0, 5, 1]","[1, 5, -5, -3, -1, 3]",5/3,0.15388888888888888,"[""59/360 - sqrt(3)/600"", ""143/900"", ""331/1800"", ""79/450"", ""sqrt(3)/600 + 59/360"", ""277/1800""]",True,True
"[2, 3, 5, 0, 4, 1]","[1, 5, -5, -3, 3, -1]",1/3,0.15655769309849632,"[""sqrt(3)/600 + 287/1800"", ""71/450"", ""323/1800"", ""163/900"", ""287/1800 - sqrt(3)/600"", ""293/1800""]",True,True
"[2, 4, 3, 0, 5, 1]","[1, 5, -5, -1, -3, 3]",7/3,0.14777777777777779,"[""299/1800 - sqrt(3)/300"", ""293/1800"", ""163/900"", ""317/1800"", ""sqrt(3)/300 + 299/1800"", ""133/900""]",True,True
"[2, 5, 3, 0, 4, 1]","[1, 5, -5, -1, 3, -3]",1/3,0.15655769309849632,"[""sqrt(3)/600 + 287/1800"", ""29/180"", ""157/900"", ""83/450"", ""287/1800 - sqrt(3)/600"", ""29/180""]",True,True
"[2, 4, 5, 0, 3, 1]","[1, 5, -5, 3, -3, -1]",7/3,0.14444444444444443,"[""299/1800 - sqrt(3)/300"", ""61/360"", ""77/450"", ""329/1800"", ""sqrt(3)/300 + 299/1800"", ""13/90""]",True,True
"[2, 5, 4, 0, 3, 1]","[1, 5, -5, 3, -1, -3]",5/3,0.14888888888888888,"[""59/360 - sqrt(3)/600"", ""38/225"", ""38/225"", ""167/900"", ""sqrt(3)/600 + 59/360"", ""67/450""]",True,True
"[3, 2, 4, 0, 5, 1]","[1, 5, -3, -5, -1, 3]",1,0.15877991532071853,"[""97/600 - sqrt(3)/600"", ""4/25"", ""14/75"", ""17/100"", ""sqrt(3)/600 + 97/600"", ""4/25""]",True,True
"[3, 2, 5, 0, 4, 1]","[1, 5, -3, -5, 3, -1]",-1/3,0.15433547087627408,"[""sqrt(3)/600 + 283/1800"", ""143/900"", ""41/225"", ""79/450"", ""283/1800 - sqrt(3)/600"", ""38/225""]",True,True
"[4, 2, 3, 0, 5, 1]","[1, 5, -3, -1, -5, 3]",7/3,0.14777777777777779,"[""299/1800 - sqrt(3)/200"", ""151/900"", ""163/900"", ""77/450"", ""sqrt(3)/200 + 299/1800"", ""133/900""]",True,True
"[5, 2, 3, 0, 4, 1]","[1, 5, -3, -1, 3, -5]",-1/3,0.15433547087627408,"[""sqrt(3)/600 + 283/1800"", ""149/900"", ""31/180"", ""41/225"", ""283/1800 - sqrt(3)/600"", ""149/900""]",True,True
"[4, 2, 5, 0, 3, 1]","[1, 5, -3, 3, -5, -1]",7/3,0.14444444444444443,"[""299/1800 - sqrt(3)/200"", ""157/900"", ""77/450"", ""8/45"", ""sqrt(3)/200 + 299/1800"", ""13/90""]",True,True
"[5, 2, 4, 0, 3, 1]","[1, 5, -3, 3, -1, -5]",1,0.15333333333333332,"[""97/600 - sqrt(3)/600"", ""13/75"", ""1/6"", ""11/60"", ""sqrt(3)/600 + 97/600"", ""23/150""]",True,True
"[3, 4, 2, 0, 5, 1]","[1, 5, -1, -5, -3, 3]",1,0.1558931639747704,"[""97/600 - sqrt(3)/300"", ""33/200"", ""14/75"", ""33/200"", ""sqrt(3)/300 + 97/600"", ""4/25""]",True,True
"[3, 5, 2, 0, 4, 1]","[1, 5, -1, -5, 3, -3]",-1,0.15211324865405187,"[""sqrt(3)/600 + 31/200"", ""49/300"", ""9/50"", ""13/75"", ""31/200 - sqrt(3)/600"", ""13/75""]",True,True
"[4, 3, 2, 0, 5, 1]","[1, 5, -1, -3, -5, 3]",5/3,0.15388888888888888,"[""59/360 - sqrt(3)/200"", ""38/225"", ""331/1800"", ""149/900"", ""sqrt(3)/200 + 59/360"", ""277/1800""]",True,True
"[5, 3, 2, 0, 4, 1]","[1, 5, -1, -3, 3, -5]",-1,0.15211324865405187,"[""sqrt(3)/600 + 31/200"", ""1/6"", ""7/40"", ""53/300"", ""31/200 - sqrt(3)/600"", ""103/600""]",True,True
"[4, 5, 2, 0, 3, 1]","[1, 5, -1, 3, -5, -3]",5/3,0.14888888888888888,"[""59/360 - sqrt(3)/200"", ""161/900"", ""38/225"", ""79/450"", ""sqrt(3)/200 + 59/360"", ""67/450""]",True,True
"[5, 4, 2, 0, 3, 1]","[1, 5, -1, 3, -3, -5]",1,0.15333333333333332,"[""97/600 - sqrt(3)/300"", ""107/600"", ""1/6"", ""107/600"", ""sqrt(3)/300 + 97/600"", ""23/150""]",True,True
"[3, 4, 5, 0, 2, 1]","[1, 5, 3, -5, -3, -1]",-1/3,0.15144871953032596,"[""283/1800 - sqrt(3)/300"", ""313/1800"", ""41/225"", ""289/1800"", ""sqrt(3)/300 + 283/1800"", ""38/225""]",True,True
"[3, 5, 4, 0, 2, 1]","[1, 5, 3, -5, -1, -3]",-1,0.15211324865405187,"[""31/200 - sqrt(3)/600"", ""13/75"", ""9/50"", ""49/300"", ""sqrt(3)/600 + 31/200"", ""13/75""]",True,True
"[4, 3, 5, 0, 2, 1]","[1, 5, 3, -3, -5, -1]",1/3,0.15078419040660007,"[""287/1800 - sqrt(3)/200"", ""8/45"", ""323/1800"", ""29/180"", ""sqrt(3)/200 + 287/1800"", ""293/1800""]",True,True
"[5, 3, 4, 0, 2, 1]","[1, 5, 3, -3, -1, -5]",-1,0.15211324865405187,"[""31/200 - sqrt(3)/600"", ""53/300"", ""7/40"", ""1/6"", ""sqrt(3)/600 + 31/200"", ""103/600""]",True,True
"[4, 5, 3, 0, 2, 1]","[1, 5, 3, -1, -5, -3]",1/3,0.15078419040660007,"[""287/1800 - sqrt(3)/200"", ""163/900"", ""157/900"", ""37/225"", ""sqrt(3)/200 + 287/1800"", ""29/180""]",True,True
"[5, 4, 3, 0, 2, 1]","[1, 5, 3, -1, -3, -5]",-1/3,0.15144871953032596,"[""283/1800 - sqrt(3)/300"", ""13/72"", ""31/180"", ""301/1800"", ""sqrt(3)/300 + 283/1800"", ""149/900""]",True,True
"[1, 2, 3, 4, 0, 5]","[3, -5, -3, -1, 1, 5]",-1/3,0.14888888888888888,"[""313/1800 - sqrt(3)/600"", ""67/450"", ""59/360"", ""149/900"", ""sqrt(3)/600 + 313/1800"", ""313/1800""]",True,True
"[1, 2, 3, 5, 0, 4]","[3, -5, -3, -1, 5, 1]",-5/3,0.14777777777777779,"[""sqrt(3)/600 + 61/360"", ""133/900"", ""287/1800"", ""77/450"", ""61/360 - sqrt(3)/600"", ""329/1800""]",True,True
"[1, 2, 4, 3, 0, 5]","[3, -5, -3, 1, -1, 5]",1/3,0.1527777777777778,"[""317/1800 - sqrt(3)/300"", ""11/72"", ""29/180"", ""299/1800"", ""sqrt(3)/300 + 317/1800"", ""151/900""]",True,True
"[1, 2, 5, 3, 0, 4]","[3, -5, -3, 1, 5, -1]",-5/3,0.1511111111111111,"[""sqrt(3)/600 + 61/360"", ""34/225"", ""139/900"", ""157/900"", ""61/360 - sqrt(3)/600"", ""163/900""]",True,True
"[1, 2, 4, 5, 0, 3]","[3, -5, -3, 5, -1, 1]",1/3,0.1511111111111111,"[""317/1800 - sqrt(3)/300"", ""287/1800"", ""34/225"", ""311/1800"", ""sqrt(3)/300 + 317/1800"", ""37/225""]",True,True
"[1, 2, 5, 4, 0, 3]","[3, -5, -3, 5, 1, -1]",-1/3,0.14888888888888888,"[""313/1800 - sqrt(3)/600"", ""143/900"", ""67/450"", ""79/450"", ""sqrt(3)/600 + 313/1800"", ""38/225""]",True,True
"[1, 3, 2, 4, 0, 5]","[3, -5, -1, -3, 1, 5]",-1,0.15,"[""103/600 - sqrt(3)/600"", ""3/20"", ""1/6"", ""4/25"", ""sqrt(3)/600 + 103/600"", ""9/50""]",True,True
"[1, 3, 2, 5, 0, 4]","[3, -5, -1, -3, 5, 1]",-7/3,0.14888888888888888,"[""sqrt(3)/600 + 301/1800"", ""67/450"", ""73/450"", ""149/900"", ""301/1800 - sqrt(3)/600"", ""17/90""]",True,True
"[1, 4, 2, 3, 0, 5]","[3, -5, -1, 1, -3, 5]",1/3,0.15777777777777777,"[""317/1800 - sqrt(3)/200"", ""71/450"", ""29/180"", ""29/180"", ""sqrt(3)/200 + 317/1800"", ""151/900""]",True,True
"[1, 5, 2, 3, 0, 4]","[3, -5, -1, 1, 5, -3]",-7/3,0.15222222222222223,"[""sqrt(3)/600 + 301/1800"", ""7/45"", ""137/900"", ""31/180"", ""301/1800 - sqrt(3)/600"", ""167/900""]",True,True
"[1, 4, 2, 5, 0, 3]","[3, -5, -1, 5, -3, 1]",1/3,0.1511111111111111,"[""317/1800 - sqrt(3)/200"", ""37/225"", ""34/225"", ""151/900"", ""sqrt(3)/200 + 317/1800"", ""37/225""]",True,True
"[1, 5, 2, 4, 0, 3]","[3, -5, -1, 5, 1, -3]",-1,0.14666666666666667,"[""103/600 - sqrt(3)/600"", ""49/300"", ""11/75"", ""13/75"", ""sqrt(3)/600 + 103/600"", ""13/75""]",True,True
"[1, 3, 4, 2, 0, 5]","[3, -5, 1, -3, -1, 5]",-1,0.155,"[""103/600 - sqrt(3)/300"", ""31/200"", ""1/6"", ""31/200"", ""sqrt(3)/300 + 103/600"", ""9/50""]",True,True
"[1, 3, 5, 2, 0, 4]","[3, -5, 1, -3, 5, -1]",-3,0.15333333333333332,"[""sqrt(3)/600 + 33/200"", ""23/150"", ""4/25"", ""49/300"", ""33/200 - sqrt(3)/600"", ""29/150""]",True,True
"[1, 4, 3, 2, 0, 5]","[3, -5, 1, -1, -3, 5]",-1/3,0.15555555555555556,"[""313/1800 - sqrt(3)/200"", ""143/900"", ""59/360"", ""7/45"", ""sqrt(3)/200 + 313/1800"", ""313/1800""]",True,True
"[1, 5, 3, 2, 0, 4]","[3, -5, 1, -1, 5, -3]",-3,0.155,"[""sqrt(3)/600 + 33/200"", ""47/300"", ""31/200"", ""1/6"", ""33/200 - sqrt(3)/600"", ""23/120""]",True,True
"[1, 4, 5, 2, 0, 3]","[3, -5, 1, 5, -3, -1]",-1/3,0.14888888888888888,"[""313/1800 - sqrt(3)/200"", ""38/225"", ""67/450"", ""149/900"", ""sqrt(3)/200 + 313/1800"", ""38/225""]",True,True
"[1, 5, 4, 2, 0, 3]","[3, -5, 1, 5, -1, -3]",-1,0.14666666666666667,"[""103/600 - sqrt(3)/300"", ""101/600"", ""11/75"", ""101/600"", ""sqrt(3)/300 + 103/600"", ""13/75""]",True,True
"[1, 3, 4, 5, 0, 2]","[3, -5, 5, -3, -1, 1]",-7/3,0.15055555555555555,"[""301/1800 - sqrt(3)/300"", ""59/360"", ""73/450"", ""271/1800"", ""sqrt(3)/300 + 301/1800"", ""17/90""]",True,True
"[1, 3, 5, 4, 0, 2]","[3, -5, 5, -3, 1, -1]",-3,0.15333333333333332,"[""33/200 - sqrt(3)/600"", ""49/300"", ""4/25"", ""23/150"", ""sqrt(3)/600 + 33/200"", ""29/150""]",True,True
"[1, 4, 3, 5, 0, 2]","[3, -5, 5, -1, -3, 1]",-5/3,0.1511111111111111,"[""61/360 - sqrt(3)/200"", ""151/900"", ""287/1800"", ""34/225"", ""sqrt(3)/200 + 61/360"", ""329/1800""]",True,True
"[1, 5, 3, 4, 0, 2]","[3, -5, 5, -1, 1, -3]",-3,0.155,"[""33/200 - sqrt(3)/600"", ""1/6"", ""31/200"", ""47/300"", ""sqrt(3)/600 + 33/200"", ""23/120""]",True,True
"[1, 4, 5, 3, 0, 2]","[3, -5, 5, 1, -3, -1]",-5/3,0.15444444444444444,"[""61/360 - sqrt(3)/200"", ""77/450"", ""139/900"", ""139/900"", ""sqrt(3)/200 + 61/360"", ""163/900""]",True,True
"[1, 5, 4, 3, 0, 2]","[3, -5, 5, 1, -1, -3]",-7/3,0.15222222222222223,"[""301/1800 - sqrt(3)/300"", ""307/1800"", ""137/900"", ""283/1800"", ""sqrt(3)/300 + 301/1800"", ""167/900""]",True,True
"[2, 1, 3, 4, 0, 5]","[3, -3, -5, -1, 1, 5]",1/3,0.14777777777777779,"[""311/1800 - sqrt(3)/600"", ""133/900"", ""151/900"", ""77/450"", ""sqrt(3)/600 + 311/1800"", ""151/900""]",True,True
"[2, 1, 3, 5, 0, 4]","[3, -3, -5, -1, 5, 1]",-1,0.14666666666666667,"[""sqrt(3)/600 + 101/600"", ""11/75"", ""49/300"", ""53/300"", ""101/600 - sqrt(3)/600"", ""53/300""]",True,True
"[2, 1, 4, 3, 0, 5]","[3, -3, -5, 1, -1, 5]",1,0.15166666666666667,"[""7/40 - sqrt(3)/300"", ""91/600"", ""33/200"", ""103/600"", ""sqrt(3)/300 + 7/40"", ""97/600""]",True,True
"[2, 1, 5, 3, 0, 4]","[3, -3, -5, 1, 5, -1]",-1,0.15,"[""sqrt(3)/600 + 101/600"", ""3/20"", ""19/120"", ""9/50"", ""101/600 - sqrt(3)/600"", ""7/40""]",True,True
"[2, 1, 4, 5, 0, 3]","[3, -3, -5, 5, -1, 1]",1,0.155,"[""7/40 - sqrt(3)/300"", ""19/120"", ""31/200"", ""107/600"", ""sqrt(3)/300 + 7/40"", ""19/120""]",True,True
"[2, 1, 5, 4, 0, 3]","[3, -3, -5, 5, 1, -1]",1/3,0.1527777777777778,"[""311/1800 - sqrt(3)/600"", ""71/450"", ""11/72"", ""163/900"", ""sqrt(3)/600 + 311/1800"", ""293/1800""]",True,True
"[3, 1, 2, 4, 0, 5]","[3, -3, -1, -5, 1, 5]",-1,0.15,"[""101/600 - sqrt(3)/600"", ""3/20"", ""13/75"", ""4/25"", ""sqrt(3)/600 + 101/600"", ""9/50""]",True,True
"[3, 1, 2, 5, 0, 4]","[3, -3, -1, -5, 5, 1]",-7/3,0.14888888888888888,"[""sqrt(3)/600 + 59/360"", ""67/450"", ""38/225"", ""149/900"", ""59/360 - sqrt(3)/600"", ""17/90""]",True,True
"[4, 1, 2, 3, 0, 5]","[3, -3, -1, 1, -5, 5]",1,0.16166666666666665,"[""7/40 - sqrt(3)/150"", ""97/600"", ""33/200"", ""97/600"", ""sqrt(3)/150 + 7/40"", ""97/600""]",True,True
"[5, 1, 2, 3, 0, 4]","[3, -3, -1, 1, 5, -5]",-7/3,0.15388888888888888,"[""sqrt(3)/600 + 59/360"", ""143/900"", ""277/1800"", ""79/450"", ""59/360 - sqrt(3)/600"", ""331/1800""]",True,True
"[4, 1, 2, 5, 0, 3]","[3, -3, -1, 5, -5, 1]",1,0.155,"[""7/40 - sqrt(3)/150"", ""101/600"", ""31/200"", ""101/600"", ""sqrt(3)/150 + 7/40"", ""19/120""]",True,True
"[5, 1, 2, 4, 0, 3]","[3, -3, -1, 5, 1, -5]",-1,0.14833333333333334,"[""101/600 - sqrt(3)/600"", ""1/6"", ""89/600"", ""53/300"", ""sqrt(3)/600 + 101/600"", ""103/600""]",True,True
"[3, 1, 4, 2, 0, 5]","[3, -3, 1, -5, -1, 5]",-1,0.155,"[""101/600 - sqrt(3)/300"", ""31/200"", ""13/75"", ""31/200"", ""sqrt(3)/300 + 101/600"", ""9/50""]",True,True
"[3, 1, 5, 2, 0, 4]","[3, -3, 1, -5, 5, -1]",-3,0.15333333333333332,"[""sqrt(3)/600 + 97/600"", ""23/150"", ""1/6"", ""49/300"", ""97/600 - sqrt(3)/600"", ""29/150""]",True,True
"[4, 1, 3, 2, 0, 5]","[3, -3, 1, -1, -5, 5]",1/3,0.15611111111111112,"[""311/1800 - sqrt(3)/150"", ""293/1800"", ""151/900"", ""281/1800"", ""sqrt(3)/150 + 311/1800"", ""151/900""]",True,True
"[5, 1, 3, 2, 0, 4]","[3, -3, 1, -1, 5, -5]",-3,0.15666666666666668,"[""sqrt(3)/600 + 97/600"", ""4/25"", ""47/300"", ""17/100"", ""97/600 - sqrt(3)/600"", ""19/100""]",True,True
"[4, 1, 5, 2, 0, 3]","[3, -3, 1, 5, -5, -1]",1/3,0.1527777777777778,"[""311/1800 - sqrt(3)/150"", ""311/1800"", ""11/72"", ""299/1800"", ""sqrt(3)/150 + 311/1800"", ""293/1800""]",True,True
"[5, 1, 4, 2, 0, 3]","[3, -3, 1, 5, -1, -5]",-1,0.14833333333333334,"[""101/600 - sqrt(3)/300"", ""103/600"", ""89/600"", ""103/600"", ""sqrt(3)/300 + 101/600"", ""103/600""]",True,True
"[3, 1, 4, 5, 0, 2]","[3, -3, 5, -5, -1, 1]",-7/3,0.15055555555555555,"[""59/360 - sqrt(3)/300"", ""59/360"", ""38/225"", ""271/1800"", ""sqrt(3)/300 + 59/360"", ""17/90""]",True,True
"[3, 1, 5, 4, 0, 2]","[3, -3, 5, -5, 1, -1]",-3,0.15333333333333332,"[""97/600 - sqrt(3)/600"", ""49/300"", ""1/6"", ""23/150"", ""sqrt(3)/600 + 97/600"", ""29/150""]",True,True
"[4, 1, 3, 5, 0, 2]","[3, -3, 5, -1, -5, 1]",-1,0.15166666666666667,"[""101/600 - sqrt(3)/150"", ""103/600"", ""49/300"", ""91/600"", ""sqrt(3)/150 + 101/600"", ""53/300""]",True,True
"[5, 1, 3, 4, 0, 2]","[3, -3, 5, -1, 1, -5]",-3,0.15666666666666668,"[""97/600 - sqrt(3)/600"", ""17/100"", ""47/300"", ""4/25"", ""sqrt(3)/600 + 97/600"", ""19/100""]",True,True
"[4, 1, 5, 3, 0, 2]","[3, -3, 5, 1, -5, -1]",-1,0.155,"[""101/600 - sqrt(3)/150"", ""7/40"", ""19/120"", ""31/200"", ""sqrt(3)/150 + 101/600"", ""7/40""]",True,True
"[5, 1, 4, 3, 0, 2]","[3, -3, 5, 1, -1, -5]",-7/3,0.15388888888888888,"[""59/360 - sqrt(3)/300"", ""313/1800"", ""277/1800"", ""289/1800"", ""sqrt(3)/300 + 59/360"", ""331/1800""]",True,True
"[2, 3, 1, 4, 0, 5]","[3, -1, -5, -3, 1, 5]",1/3,0.14777777777777779,"[""61/360 - sqrt(3)/600"", ""133/900"", ""157/900"", ""77/450"", ""sqrt(3)/600 + 61/360"", ""151/900""]",True,True
"[2, 3, 1, 5, 0, 4]","[3, -1, -5, -3, 5, 1]",-1,0.14666666666666667,"[""sqrt(3)/600 + 33/200"", ""11/75"", ""17/100"", ""53/300"", ""33/200 - sqrt(3)/600"", ""53/300""]",True,True
"[2, 4, 1, 3, 0, 5]","[3, -1, -5, 1, -3, 5]",5/3,0.15555555555555556,"[""313/1800 - sqrt(3)/200"", ""7/45"", ""38/225"", ""31/180"", ""sqrt(3)/200 + 313/1800"", ""7/45""]",True,True
"[2, 5, 1, 3, 0, 4]","[3, -1, -5, 1, 5, -3]",-1,0.15333333333333332,"[""sqrt(3)/600 + 33/200"", ""23/150"", ""4/25"", ""11/60"", ""33/200 - sqrt(3)/600"", ""13/75""]",True,True
"[2, 4, 1, 5, 0, 3]","[3, -1, -5, 5, -3, 1]",5/3,0.15222222222222223,"[""313/1800 - sqrt(3)/200"", ""73/450"", ""143/900"", ""161/900"", ""sqrt(3)/200 + 313/1800"", ""137/900""]",True,True
"[2, 5, 1, 4, 0, 3]","[3, -1, -5, 5, 1, -3]",1/3,0.15444444444444444,"[""61/360 - sqrt(3)/600"", ""29/180"", ""139/900"", ""83/450"", ""sqrt(3)/600 + 61/360"", ""29/180""]",True,True
"[3, 2, 1, 4, 0, 5]","[3, -1, -3, -5, 1, 5]",-1/3,0.14888888888888888,"[""301/1800 - sqrt(3)/600"", ""67/450"", ""319/1800"", ""149/900"", ""sqrt(3)/600 + 301/1800"", ""313/1800""]",True,True
"[3, 2, 1, 5, 0, 4]","[3, -1, -3, -5, 5, 1]",-5/3,0.14777777777777779,"[""sqrt(3)/600 + 293/1800"", ""133/900"", ""311/1800"", ""77/450"", ""293/1800 - sqrt(3)/600"", ""329/1800""]",True,True
"[4, 2, 1, 3, 0, 5]","[3, -1, -3, 1, -5, 5]",5/3,0.15555555555555556,"[""313/1800 - sqrt(3)/150"", ""289/1800"", ""38/225"", ""301/1800"", ""sqrt(3)/150 + 313/1800"", ""7/45""]",True,True
"[5, 2, 1, 3, 0, 4]","[3, -1, -3, 1, 5, -5]",-5/3,0.15777777777777777,"[""sqrt(3)/600 + 293/1800"", ""71/450"", ""71/450"", ""163/900"", ""293/1800 - sqrt(3)/600"", ""8/45""]",True,True
"[4, 2, 1, 5, 0, 3]","[3, -1, -3, 5, -5, 1]",5/3,0.15222222222222223,"[""313/1800 - sqrt(3)/150"", ""301/1800"", ""143/900"", ""313/1800"", ""sqrt(3)/150 + 313/1800"", ""137/900""]",True,True
"[5, 2, 1, 4, 0, 3]","[3, -1, -3, 5, 1, -5]",-1/3,0.15222222222222223,"[""301/1800 - sqrt(3)/600"", ""149/900"", ""137/900"", ""41/225"", ""sqrt(3)/600 + 301/1800"", ""149/900""]",True,True
"[3, 4, 1, 2, 0, 5]","[3, -1, 1, -5, -3, 5]",-1/3,0.15555555555555556,"[""301/1800 - sqrt(3)/200"", ""143/900"", ""319/1800"", ""7/45"", ""sqrt(3)/200 + 301/1800"", ""313/1800""]",True,True
"[3, 5, 1, 2, 0, 4]","[3, -1, 1, -5, 5, -3]",-3,0.1554465819873852,"[""sqrt(3)/600 + 19/120"", ""47/300"", ""101/600"", ""1/6"", ""19/120 - sqrt(3)/600"", ""23/120""]",True,True
"[4, 3, 1, 2, 0, 5]","[3, -1, 1, -3, -5, 5]",1/3,0.15611111111111112,"[""61/360 - sqrt(3)/150"", ""293/1800"", ""157/900"", ""281/1800"", ""sqrt(3)/150 + 61/360"", ""151/900""]",True,True
"[5, 3, 1, 2, 0, 4]","[3, -1, 1, -3, 5, -5]",-3,0.1554465819873852,"[""sqrt(3)/600 + 19/120"", ""4/25"", ""49/300"", ""17/100"", ""19/120 - sqrt(3)/600"", ""19/100""]",True,True
"[4, 5, 1, 2, 0, 3]","[3, -1, 1, 5, -5, -3]",1/3,0.15444444444444444,"[""61/360 - sqrt(3)/150"", ""317/1800"", ""139/900"", ""61/360"", ""sqrt(3)/150 + 61/360"", ""29/180""]",True,True
"[5, 4, 1, 2, 0, 3]","[3, -1, 1, 5, -3, -5]",-1/3,0.15222222222222223,"[""301/1800 - sqrt(3)/200"", ""79/450"", ""137/900"", ""31/180"", ""sqrt(3)/200 + 301/1800"", ""149/900""]",True,True
"[3, 4, 1, 5, 0, 2]","[3, -1, 5, -5, -3, 1]",-5/3,0.1511111111111111,"[""293/1800 - sqrt(3)/200"", ""151/900"", ""311/1800"", ""34/225"", ""sqrt(3)/200 + 293/1800"", ""329/1800""]",True,True
"[3, 5, 1, 4, 0, 2]","[3, -1, 5, -5, 1, -3]",-3,0.1554465819873852,"[""19/120 - sqrt(3)/600"", ""1/6"", ""101/600"", ""47/300"", ""sqrt(3)/600 + 19/120"", ""23/120""]",True,True
"[4, 3, 1, 5, 0, 2]","[3, -1, 5, -3, -5, 1]",-1,0.15166666666666667,"[""33/200 - sqrt(3)/150"", ""103/600"", ""17/100"", ""91/600"", ""sqrt(3)/150 + 33/200"", ""53/300""]",True,True
"[5, 3, 1, 4, 0, 2]","[3, -1, 5, -3, 1, -5]",-3,0.1554465819873852,"[""19/120 - sqrt(3)/600"", ""17/100"", ""49/300"", ""4/25"", ""sqrt(3)/600 + 19/120"", ""19/100""]",True,True
"[4, 5, 1, 3, 0, 2]","[3, -1, 5, 1, -5, -3]",-1,0.15345299461620748,"[""33/200 - sqrt(3)/150"", ""107/600"", ""4/25"", ""19/120"", ""sqrt(3)/150 + 33/200"", ""13/75""]",True,True
"[5, 4, 1, 3, 0, 2]","[3, -1, 5, 1, -3, -5]",-5/3,0.1541175237399334,"[""293/1800 - sqrt(3)/200"", ""8/45"", ""71/450"", ""29/180"", ""sqrt(3)/200 + 293/1800"", ""8/45""]",True,True
"[2, 3, 4, 1, 0, 5]","[3, 1, -5, -3, -1, 5]",1,0.15166666666666667,"[""101/600 - sqrt(3)/300"", ""91/600"", ""107/600"", ""103/600"", ""sqrt(3)/300 + 101/600"", ""97/600""]",True,True
"[2, 3, 5, 1, 0, 4]","[3, 1, -5, -3, 5, -1]",-1,0.15,"[""sqrt(3)/600 + 97/600"", ""3/20"", ""103/600"", ""9/50"", ""97/600 - sqrt(3)/600"", ""7/40""]",True,True
"[2, 4, 3, 1, 0, 5]","[3, 1, -5, -1, -3, 5]",5/3,0.15555555555555556,"[""307/1800 - sqrt(3)/200"", ""7/45"", ""79/450"", ""31/180"", ""sqrt(3)/200 + 307/1800"", ""7/45""]",True,True
"[2, 5, 3, 1, 0, 4]","[3, 1, -5, -1, 5, -3]",-1,0.15333333333333332,"[""sqrt(3)/600 + 97/600"", ""23/150"", ""1/6"", ""11/60"", ""97/600 - sqrt(3)/600"", ""13/75""]",True,True
"[2, 4, 5, 1, 0, 3]","[3, 1, -5, 5, -3, -1]",5/3,0.15055555555555555,"[""307/1800 - sqrt(3)/200"", ""149/900"", ""289/1800"", ""41/225"", ""sqrt(3)/200 + 307/1800"", ""271/1800""]",True,True
"[2, 5, 4, 1, 0, 3]","[3, 1, -5, 5, -1, -3]",1,0.155,"[""101/600 - sqrt(3)/300"", ""33/200"", ""19/120"", ""37/200"", ""sqrt(3)/300 + 101/600"", ""31/200""]",True,True
"[3, 2, 4, 1, 0, 5]","[3, 1, -3, -5, -1, 5]",1/3,0.1527777777777778,"[""299/1800 - sqrt(3)/300"", ""11/72"", ""163/900"", ""299/1800"", ""sqrt(3)/300 + 299/1800"", ""151/900""]",True,True
"[3, 2, 5, 1, 0, 4]","[3, 1, -3, -5, 5, -1]",-5/3,0.1511111111111111,"[""sqrt(3)/600 + 287/1800"", ""34/225"", ""157/900"", ""157/900"", ""287/1800 - sqrt(3)/600"", ""163/900""]",True,True
"[4, 2, 3, 1, 0, 5]","[3, 1, -3, -1, -5, 5]",5/3,0.15555555555555556,"[""307/1800 - sqrt(3)/150"", ""289/1800"", ""79/450"", ""301/1800"", ""sqrt(3)/150 + 307/1800"", ""7/45""]",True,True
"[5, 2, 3, 1, 0, 4]","[3, 1, -3, -1, 5, -5]",-5/3,0.15655769309849632,"[""sqrt(3)/600 + 287/1800"", ""71/450"", ""37/225"", ""163/900"", ""287/1800 - sqrt(3)/600"", ""8/45""]",True,True
"[4, 2, 5, 1, 0, 3]","[3, 1, -3, 5, -5, -1]",5/3,0.15055555555555555,"[""307/1800 - sqrt(3)/150"", ""307/1800"", ""289/1800"", ""319/1800"", ""sqrt(3)/150 + 307/1800"", ""271/1800""]",True,True
"[5, 2, 4, 1, 0, 3]","[3, 1, -3, 5, -1, -5]",1/3,0.15611111111111112,"[""299/1800 - sqrt(3)/300"", ""61/360"", ""281/1800"", ""329/1800"", ""sqrt(3)/300 + 299/1800"", ""287/1800""]",True,True
"[3, 4, 2, 1, 0, 5]","[3, 1, -1, -5, -3, 5]",1/3,0.15745085707326673,"[""299/1800 - sqrt(3)/200"", ""71/450"", ""163/900"", ""29/180"", ""sqrt(3)/200 + 299/1800"", ""151/900""]",True,True
"[3, 5, 2, 1, 0, 4]","[3, 1, -1, -5, 5, -3]",-7/3,0.15433547087627408,"[""sqrt(3)/600 + 283/1800"", ""7/45"", ""31/180"", ""31/180"", ""283/1800 - sqrt(3)/600"", ""167/900""]",True,True
"[4, 3, 2, 1, 0, 5]","[3, 1, -1, -3, -5, 5]",1,0.1567863279495408,"[""101/600 - sqrt(3)/150"", ""97/600"", ""107/600"", ""97/600"", ""sqrt(3)/150 + 101/600"", ""97/600""]",True,True
"[5, 3, 2, 1, 0, 4]","[3, 1, -1, -3, 5, -5]",-7/3,0.15433547087627408,"[""sqrt(3)/600 + 283/1800"", ""143/900"", ""301/1800"", ""79/450"", ""283/1800 - sqrt(3)/600"", ""331/1800""]",True,True
"[4, 5, 2, 1, 0, 3]","[3, 1, -1, 5, -5, -3]",1,0.155,"[""101/600 - sqrt(3)/150"", ""7/40"", ""19/120"", ""7/40"", ""sqrt(3)/150 + 101/600"", ""31/200""]",True,True
"[5, 4, 2, 1, 0, 3]","[3, 1, -1, 5, -3, -5]",1/3,0.15611111111111112,"[""299/1800 - sqrt(3)/200"", ""157/900"", ""281/1800"", ""8/45"", ""sqrt(3)/200 + 299/1800"", ""287/1800""]",True,True
"[3, 4, 5, 1, 0, 2]","[3, 1, 5, -5, -3, -1]",-5/3,0.15078419040660007,"[""287/1800 - sqrt(3)/200"", ""77/450"", ""157/900"", ""139/900"", ""sqrt(3)/200 + 287/1800"", ""163/900""]",True,True
"[3, 5, 4, 1, 0, 2]","[3, 1, 5, -5, -1, -3]",-7/3,0.15144871953032596,"[""283/1800 - sqrt(3)/300"", ""307/1800"", ""31/180"", ""283/1800"", ""sqrt(3)/300 + 283/1800"", ""167/900""]",True,True
"[4, 3, 5, 1, 0, 2]","[3, 1, 5, -3, -5, -1]",-1,0.15011966128287416,"[""97/600 - sqrt(3)/150"", ""7/40"", ""103/600"", ""31/200"", ""sqrt(3)/150 + 97/600"", ""7/40""]",True,True
"[5, 3, 4, 1, 0, 2]","[3, 1, 5, -3, -1, -5]",-7/3,0.15144871953032596,"[""283/1800 - sqrt(3)/300"", ""313/1800"", ""301/1800"", ""289/1800"", ""sqrt(3)/300 + 283/1800"", ""331/1800""]",True,True
"[4, 5, 3, 1, 0, 2]","[3, 1, 5, -1, -5, -3]",-1,0.15011966128287416,"[""97/600 - sqrt(3)/150"", ""107/600"", ""1/6"", ""19/120"", ""sqrt(3)/150 + 97/600"", ""13/75""]",True,True
"[5, 4, 3, 1, 0, 2]","[3, 1, 5, -1, -3, -5]",-5/3,0.15078419040660007,"[""287/1800 - sqrt(3)/200"", ""8/45"", ""37/225"", ""29/180"", ""sqrt(3)/200 + 287/1800"", ""8/45""]",True,True
"[2, 3, 4, 5, 0, 1]","[3, 5, -5, -3, -1, 1]",1,0.1558931639747704,"[""97/600 - sqrt(3)/300"", ""19/120"", ""109/600"", ""107/600"", ""sqrt(3)/300 + 97/600"", ""19/120""]",True,True
"[2, 3, 5, 4, 0, 1]","[3, 5, -5, -3, 1, -1]",1/3,0.15655769309849632,"[""287/1800 - sqrt(3)/600"", ""71/450"", ""323/1800"", ""163/900"", ""sqrt(3)/600 + 287/1800"", ""293/1800""]",True,True
"[2, 4, 3, 5, 0, 1]","[3, 5, -5, -1, -3, 1]",5/3,0.15222222222222223,"[""59/360 - sqrt(3)/200"", ""73/450"", ""161/900"", ""161/900"", ""sqrt(3)/200 + 59/360"", ""137/900""]",True,True
"[2, 5, 3, 4, 0, 1]","[3, 5, -5, -1, 1, -3]",1/3,0.15655769309849632,"[""287/1800 - sqrt(3)/600"", ""29/180"", ""157/900"", ""83/450"", ""sqrt(3)/600 + 287/1800"", ""29/180""]",True,True
"[2, 4, 5, 3, 0, 1]","[3, 5, -5, 1, -3, -1]",5/3,0.15055555555555555,"[""59/360 - sqrt(3)/200"", ""149/900"", ""313/1800"", ""41/225"", ""sqrt(3)/200 + 59/360"", ""271/1800""]",True,True
"[2, 5, 4, 3, 0, 1]","[3, 5, -5, 1, -1, -3]",1,0.155,"[""97/600 - sqrt(3)/300"", ""33/200"", ""103/600"", ""37/200"", ""sqrt(3)/300 + 97/600"", ""31/200""]",True,True
"[3, 2, 4, 5, 0, 1]","[3, 5, -3, -5, -1, 1]",1/3,0.1536709417525482,"[""287/1800 - sqrt(3)/300"", ""287/1800"", ""83/450"", ""311/1800"", ""sqrt(3)/300 + 287/1800"", ""37/225""]",True,True
"[3, 2, 5, 4, 0, 1]","[3, 5, -3, -5, 1, -1]",-1/3,0.15433547087627408,"[""283/1800 - sqrt(3)/600"", ""143/900"", ""41/225"", ""79/450"", ""sqrt(3)/600 + 283/1800"", ""38/225""]",True,True
"[4, 2, 3, 5, 0, 1]","[3, 5, -3, -1, -5, 1]",5/3,0.15222222222222223,"[""59/360 - sqrt(3)/150"", ""301/1800"", ""161/900"", ""313/1800"", ""sqrt(3)/150 + 59/360"", ""137/900""]",True,True
"[5, 2, 3, 4, 0, 1]","[3, 5, -3, -1, 1, -5]",-1/3,0.15433547087627408,"[""283/1800 - sqrt(3)/600"", ""149/900"", ""31/180"", ""41/225"", ""sqrt(3)/600 + 283/1800"", ""149/900""]",True,True
"[4, 2, 5, 3, 0, 1]","[3, 5, -3, 1, -5, -1]",5/3,0.15055555555555555,"[""59/360 - sqrt(3)/150"", ""307/1800"", ""313/1800"", ""319/1800"", ""sqrt(3)/150 + 59/360"", ""271/1800""]",True,True
"[5, 2, 4, 3, 0, 1]","[3, 5, -3, 1, -1, -5]",1/3,0.1536709417525482,"[""287/1800 - sqrt(3)/300"", ""61/360"", ""61/360"", ""329/1800"", ""sqrt(3)/300 + 287/1800"", ""287/1800""]",True,True
"[3, 4, 2, 5, 0, 1]","[3, 5, -1, -5, -3, 1]",1/3,0.15078419040660007,"[""287/1800 - sqrt(3)/200"", ""37/225"", ""83/450"", ""151/900"", ""sqrt(3)/200 + 287/1800"", ""37/225""]",True,True
"[3, 5, 2, 4, 0, 1]","[3, 5, -1, -5, 1, -3]",-1,0.15211324865405187,"[""31/200 - sqrt(3)/600"", ""49/300"", ""9/50"", ""13/75"", ""sqrt(3)/600 + 31/200"", ""13/75""]",True,True
"[4, 3, 2, 5, 0, 1]","[3, 5, -1, -3, -5, 1]",1,0.15011966128287416,"[""97/600 - sqrt(3)/150"", ""101/600"", ""109/600"", ""101/600"", ""sqrt(3)/150 + 97/600"", ""19/120""]",True,True
"[5, 3, 2, 4, 0, 1]","[3, 5, -1, -3, 1, -5]",-1,0.15211324865405187,"[""31/200 - sqrt(3)/600"", ""1/6"", ""7/40"", ""53/300"", ""sqrt(3)/600 + 31/200"", ""103/600""]",True,True
"[4, 5, 2, 3, 0, 1]","[3, 5, -1, 1, -5, -3]",1,0.15011966128287416,"[""97/600 - sqrt(3)/150"", ""7/40"", ""103/600"", ""7/40"", ""sqrt(3)/150 + 97/600"", ""31/200""]",True,True
"[5, 4, 2, 3, 0, 1]","[3, 5, -1, 1, -3, -5]",1/3,0.15078419040660007,"[""287/1800 - sqrt(3)/200"", ""157/900"", ""61/360"", ""8/45"", ""sqrt(3)/200 + 287/1800"", ""287/1800""]",True,True
"[3, 4, 5, 2, 0, 1]","[3, 5, 1, -5, -3, -1]",-1/3,0.14856196818437784,"[""283/1800 - sqrt(3)/200"", ""38/225"", ""41/225"", ""149/900"", ""sqrt(3)/200 + 283/1800"", ""38/225""]",True,True
"[3, 5, 4, 2, 0, 1]","[3, 5, 1, -5, -1, -3]",-1,0.14922649730810375,"[""31/200 - sqrt(3)/300"", ""101/600"", ""9/50"", ""101/600"", ""sqrt(3)/300 + 31/200"", ""13/75""]",True,True
"[4, 3, 5, 2, 0, 1]","[3, 5, 1, -3, -5, -1]",1/3,0.14789743906065192,"[""287/1800 - sqrt(3)/150"", ""311/1800"", ""323/1800"", ""299/1800"", ""sqrt(3)/150 + 287/1800"", ""293/1800""]",True,True
"[5, 3, 4, 2, 0, 1]","[3, 5, 1, -3, -1, -5]",-1,0.14922649730810375,"[""31/200 - sqrt(3)/300"", ""103/600"", ""7/40"", ""103/600"", ""sqrt(3)/300 + 31/200"", ""103/600""]",True,True
"[4, 5, 3, 2, 0, 1]","[3, 5, 1, -1, -5, -3]",1/3,0.14789743906065192,"[""287/1800 - sqrt(3)/150"", ""317/1800"", ""157/900"", ""61/360"", ""sqrt(3)/150 + 287/1800"", ""29/180""]",True,True
"[5, 4, 3, 2, 0, 1]","[3, 5, 1, -1, -3, -5]",-1/3,0.14856196818437784,"[""283/1800 - sqrt(3)/200"", ""79/450"", ""31/180"", ""31/180"", ""sqrt(3)/200 + 283/1800"", ""149/900""]",True,True
"[1, 2, 3, 4, 5, 0]","[5, -5, -3, -1, 1, 3]",-1,0.14833333333333334,"[""103/600 - sqrt(3)/300"", ""89/600"", ""97/600"", ""101/600"", ""sqrt(3)/300 + 103/600"", ""107/600""]",True,True
"[1, 2, 3, 5, 4, 0]","[5, -5, -3, -1, 3, 1]",-5/3,0.14777777777777779,"[""61/360 - sqrt(3)/600"", ""133/900"", ""287/1800"", ""77/450"", ""sqrt(3)/600 + 61/360"", ""329/1800""]",True,True
"[1, 2, 4, 3, 5, 0]","[5, -5, -3, 1, -1, 3]",-1/3,0.15222222222222223,"[""313/1800 - sqrt(3)/200"", ""137/900"", ""143/900"", ""38/225"", ""sqrt(3)/200 + 313/1800"", ""31/180""]",True,True
"[1, 2, 5, 3, 4, 0]","[5, -5, -3, 1, 3, -1]",-5/3,0.1511111111111111,"[""61/360 - sqrt(3)/600"", ""34/225"", ""139/900"", ""157/900"", ""sqrt(3)/600 + 61/360"", ""163/900""]",True,True
"[1, 2, 4, 5, 3, 0]","[5, -5, -3, 3, -1, 1]",-1/3,0.15388888888888888,"[""313/1800 - sqrt(3)/200"", ""7/45"", ""277/1800"", ""31/180"", ""sqrt(3)/200 + 313/1800"", ""307/1800""]",True,True
"[1, 2, 5, 4, 3, 0]","[5, -5, -3, 3, 1, -1]",-1,0.15166666666666667,"[""103/600 - sqrt(3)/300"", ""31/200"", ""91/600"", ""7/40"", ""sqrt(3)/300 + 103/600"", ""7/40""]",True,True
"[1, 3, 2, 4, 5, 0]","[5, -5, -1, -3, 1, 3]",-5/3,0.14944444444444444,"[""61/360 - sqrt(3)/300"", ""269/1800"", ""37/225"", ""293/1800"", ""sqrt(3)/300 + 61/360"", ""83/450""]",True,True
"[1, 3, 2, 5, 4, 0]","[5, -5, -1, -3, 3, 1]",-7/3,0.14888888888888888,"[""301/1800 - sqrt(3)/600"", ""67/450"", ""73/450"", ""149/900"", ""sqrt(3)/600 + 301/1800"", ""17/90""]",True,True
"[1, 4, 2, 3, 5, 0]","[5, -5, -1, 1, -3, 3]",-1/3,0.15722222222222224,"[""313/1800 - sqrt(3)/150"", ""283/1800"", ""143/900"", ""59/360"", ""sqrt(3)/150 + 313/1800"", ""31/180""]",True,True
"[1, 5, 2, 3, 4, 0]","[5, -5, -1, 1, 3, -3]",-7/3,0.15222222222222223,"[""301/1800 - sqrt(3)/600"", ""7/45"", ""137/900"", ""31/180"", ""sqrt(3)/600 + 301/1800"", ""167/900""]",True,True
"[1, 4, 2, 5, 3, 0]","[5, -5, -1, 3, -3, 1]",-1/3,0.15388888888888888,"[""313/1800 - sqrt(3)/150"", ""289/1800"", ""277/1800"", ""301/1800"", ""sqrt(3)/150 + 313/1800"", ""307/1800""]",True,True
"[1, 5, 2, 4, 3, 0]","[5, -5, -1, 3, 1, -3]",-5/3,0.14944444444444444,"[""61/360 - sqrt(3)/300"", ""287/1800"", ""269/1800"", ""311/1800"", ""sqrt(3)/300 + 61/360"", ""323/1800""]",True,True
"[1, 3, 4, 2, 5, 0]","[5, -5, 1, -3, -1, 3]",-5/3,0.15444444444444444,"[""61/360 - sqrt(3)/200"", ""139/900"", ""37/225"", ""71/450"", ""sqrt(3)/200 + 61/360"", ""83/450""]",True,True
"[1, 3, 5, 2, 4, 0]","[5, -5, 1, -3, 3, -1]",-3,0.15333333333333332,"[""33/200 - sqrt(3)/600"", ""23/150"", ""4/25"", ""49/300"", ""sqrt(3)/600 + 33/200"", ""29/150""]",True,True
"[1, 4, 3, 2, 5, 0]","[5, -5, 1, -1, -3, 3]",-1,0.15833333333333333,"[""103/600 - sqrt(3)/150"", ""19/120"", ""97/600"", ""19/120"", ""sqrt(3)/150 + 103/600"", ""107/600""]",True,True
"[1, 5, 3, 2, 4, 0]","[5, -5, 1, -1, 3, -3]",-3,0.155,"[""33/200 - sqrt(3)/600"", ""47/300"", ""31/200"", ""1/6"", ""sqrt(3)/600 + 33/200"", ""23/120""]",True,True
"[1, 4, 5, 2, 3, 0]","[5, -5, 1, 3, -3, -1]",-1,0.15166666666666667,"[""103/600 - sqrt(3)/150"", ""33/200"", ""91/600"", ""33/200"", ""sqrt(3)/150 + 103/600"", ""7/40""]",True,True
"[1, 5, 4, 2, 3, 0]","[5, -5, 1, 3, -1, -3]",-5/3,0.14944444444444444,"[""61/360 - sqrt(3)/200"", ""37/225"", ""269/1800"", ""151/900"", ""sqrt(3)/200 + 61/360"", ""323/1800""]",True,True
"[1, 3, 4, 5, 2, 0]","[5, -5, 3, -3, -1, 1]",-7/3,0.15555555555555556,"[""301/1800 - sqrt(3)/200"", ""143/900"", ""73/450"", ""7/45"", ""sqrt(3)/200 + 301/1800"", ""17/90""]",True,True
"[1, 3, 5, 4, 2, 0]","[5, -5, 3, -3, 1, -1]",-3,0.15833333333333333,"[""33/200 - sqrt(3)/300"", ""19/120"", ""4/25"", ""19/120"", ""sqrt(3)/300 + 33/200"", ""29/150""]",True,True
"[1, 4, 3, 5, 2, 0]","[5, -5, 3, -1, -3, 1]",-5/3,0.15611111111111112,"[""61/360 - sqrt(3)/150"", ""293/1800"", ""287/1800"", ""281/1800"", ""sqrt(3)/150 + 61/360"", ""329/1800""]",True,True
"[1, 5, 3, 4, 2, 0]","[5, -5, 3, -1, 1, -3]",-3,0.155,"[""33/200 - sqrt(3)/300"", ""97/600"", ""31/200"", ""97/600"", ""sqrt(3)/300 + 33/200"", ""23/120""]",True,True
"[1, 4, 5, 3, 2, 0]","[5, -5, 3, 1, -3, -1]",-5/3,0.15444444444444444,"[""61/360 - sqrt(3)/150"", ""299/1800"", ""139/900"", ""287/1800"", ""sqrt(3)/150 + 61/360"", ""163/900""]",True,True
"[1, 5, 4, 3, 2, 0]","[5, -5, 3, 1, -1, -3]",-7/3,0.15222222222222223,"[""301/1800 - sqrt(3)/200"", ""149/900"", ""137/900"", ""73/450"", ""sqrt(3)/200 + 301/1800"", ""167/900""]",True,True
"[2, 1, 3, 4, 5, 0]","[5, -3, -5, -1, 1, 3]",-1/3,0.14722222222222223,"[""307/1800 - sqrt(3)/300"", ""53/360"", ""149/900"", ""313/1800"", ""sqrt(3)/300 + 307/1800"", ""31/180""]",True,True
"[2, 1, 3, 5, 4, 0]","[5, -3, -5, -1, 3, 1]",-1,0.14666666666666667,"[""101/600 - sqrt(3)/600"", ""11/75"", ""49/300"", ""53/300"", ""sqrt(3)/600 + 101/600"", ""53/300""]",True,True
"[2, 1, 4, 3, 5, 0]","[5, -3, -5, 1, -1, 3]",1/3,0.1511111111111111,"[""311/1800 - sqrt(3)/200"", ""34/225"", ""293/1800"", ""157/900"", ""sqrt(3)/200 + 311/1800"", ""299/1800""]",True,True
"[2, 1, 5, 3, 4, 0]","[5, -3, -5, 1, 3, -1]",-1,0.15,"[""101/600 - sqrt(3)/600"", ""3/20"", ""19/120"", ""9/50"", ""sqrt(3)/600 + 101/600"", ""7/40""]",True,True
"[2, 1, 4, 5, 3, 0]","[5, -3, -5, 3, -1, 1]",1/3,0.15444444444444444,"[""311/1800 - sqrt(3)/200"", ""139/900"", ""71/450"", ""8/45"", ""sqrt(3)/200 + 311/1800"", ""37/225""]",True,True
"[2, 1, 5, 4, 3, 0]","[5, -3, -5, 3, 1, -1]",-1/3,0.15388888888888888,"[""307/1800 - sqrt(3)/300"", ""277/1800"", ""7/45"", ""13/72"", ""sqrt(3)/300 + 307/1800"", ""38/225""]",True,True
"[3, 1, 2, 4, 5, 0]","[5, -3, -1, -5, 1, 3]",-5/3,0.14944444444444444,"[""299/1800 - sqrt(3)/300"", ""269/1800"", ""77/450"", ""293/1800"", ""sqrt(3)/300 + 299/1800"", ""83/450""]",True,True
"[3, 1, 2, 5, 4, 0]","[5, -3, -1, -5, 3, 1]",-7/3,0.14888888888888888,"[""59/360 - sqrt(3)/600"", ""67/450"", ""38/225"", ""149/900"", ""sqrt(3)/600 + 59/360"", ""17/90""]",True,True
"[4, 1, 2, 3, 5, 0]","[5, -3, -1, 1, -5, 3]",1/3,0.15834402104803713,"[""311/1800 - sqrt(3)/120"", ""29/180"", ""293/1800"", ""37/225"", ""sqrt(3)/120 + 311/1800"", ""299/1800""]",True,True
"[5, 1, 2, 3, 4, 0]","[5, -3, -1, 1, 3, -5]",-7/3,0.15388888888888888,"[""59/360 - sqrt(3)/600"", ""143/900"", ""277/1800"", ""79/450"", ""sqrt(3)/600 + 59/360"", ""331/1800""]",True,True
"[4, 1, 2, 5, 3, 0]","[5, -3, -1, 3, -5, 1]",1/3,0.15777777777777777,"[""311/1800 - sqrt(3)/120"", ""37/225"", ""71/450"", ""151/900"", ""sqrt(3)/120 + 311/1800"", ""37/225""]",True,True
"[5, 1, 2, 4, 3, 0]","[5, -3, -1, 3, 1, -5]",-5/3,0.1511111111111111,"[""299/1800 - sqrt(3)/300"", ""293/1800"", ""34/225"", ""317/1800"", ""sqrt(3)/300 + 299/1800"", ""8/45""]",True,True
"[3, 1, 4, 2, 5, 0]","[5, -3, 1, -5, -1, 3]",-5/3,0.15444444444444444,"[""299/1800 - sqrt(3)/200"", ""139/900"", ""77/450"", ""71/450"", ""sqrt(3)/200 + 299/1800"", ""83/450""]",True,True
"[3, 1, 5, 2, 4, 0]","[5, -3, 1, -5, 3, -1]",-3,0.15333333333333332,"[""97/600 - sqrt(3)/600"", ""23/150"", ""1/6"", ""49/300"", ""sqrt(3)/600 + 97/600"", ""29/150""]",True,True
"[4, 1, 3, 2, 5, 0]","[5, -3, 1, -1, -5, 3]",-1/3,0.15612179882581492,"[""307/1800 - sqrt(3)/120"", ""73/450"", ""149/900"", ""143/900"", ""sqrt(3)/120 + 307/1800"", ""31/180""]",True,True
"[5, 1, 3, 2, 4, 0]","[5, -3, 1, -1, 3, -5]",-3,0.15666666666666668,"[""97/600 - sqrt(3)/600"", ""4/25"", ""47/300"", ""17/100"", ""sqrt(3)/600 + 97/600"", ""19/100""]",True,True
"[4, 1, 5, 2, 3, 0]","[5, -3, 1, 3, -5, -1]",-1/3,0.15555555555555556,"[""307/1800 - sqrt(3)/120"", ""38/225"", ""7/45"", ""149/900"", ""sqrt(3)/120 + 307/1800"", ""38/225""]",True,True
"[5, 1, 4, 2, 3, 0]","[5, -3, 1, 3, -1, -5]",-5/3,0.1511111111111111,"[""299/1800 - sqrt(3)/200"", ""151/900"", ""34/225"", ""77/450"", ""sqrt(3)/200 + 299/1800"", ""8/45""]",True,True
"[3, 1, 4, 5, 2, 0]","[5, -3, 3, -5, -1, 1]",-7/3,0.1552286348510445,"[""59/360 - sqrt(3)/200"", ""143/900"", ""38/225"", ""7/45"", ""sqrt(3)/200 + 59/360"", ""17/90""]",True,True
"[3, 1, 5, 4, 2, 0]","[5, -3, 3, -5, 1, -1]",-3,0.1558931639747704,"[""97/600 - sqrt(3)/300"", ""19/120"", ""1/6"", ""19/120"", ""sqrt(3)/300 + 97/600"", ""29/150""]",True,True
"[4, 1, 3, 5, 2, 0]","[5, -3, 3, -1, -5, 1]",-1,0.15389957660359269,"[""101/600 - sqrt(3)/120"", ""1/6"", ""49/300"", ""47/300"", ""sqrt(3)/120 + 101/600"", ""53/300""]",True,True
"[5, 1, 3, 4, 2, 0]","[5, -3, 3, -1, 1, -5]",-3,0.1558931639747704,"[""97/600 - sqrt(3)/300"", ""33/200"", ""47/300"", ""33/200"", ""sqrt(3)/300 + 97/600"", ""19/100""]",True,True
"[4, 1, 5, 3, 2, 0]","[5, -3, 3, 1, -5, -1]",-1,0.15389957660359269,"[""101/600 - sqrt(3)/120"", ""17/100"", ""19/120"", ""4/25"", ""sqrt(3)/120 + 101/600"", ""7/40""]",True,True
"[5, 1, 4, 3, 2, 0]","[5, -3, 3, 1, -1, -5]",-7/3,0.15388888888888888,"[""59/360 - sqrt(3)/200"", ""38/225"", ""277/1800"", ""149/900"", ""sqrt(3)/200 + 59/360"", ""331/1800""]",True,True
"[2, 3, 1, 4, 5, 0]","[5, -1, -5, -3, 1, 3]",-1/3,0.14722222222222223,"[""301/1800 - sqrt(3)/300"", ""53/360"", ""31/180"", ""313/1800"", ""sqrt(3)/300 + 301/1800"", ""31/180""]",True,True
"[2, 3, 1, 5, 4, 0]","[5, -1, -5, -3, 3, 1]",-1,0.14666666666666667,"[""33/200 - sqrt(3)/600"", ""11/75"", ""17/100"", ""53/300"", ""sqrt(3)/600 + 33/200"", ""53/300""]",True,True
"[2, 4, 1, 3, 5, 0]","[5, -1, -5, 1, -3, 3]",1,0.155,"[""103/600 - sqrt(3)/150"", ""31/200"", ""1/6"", ""7/40"", ""sqrt(3)/150 + 103/600"", ""4/25""]",True,True
"[2, 5, 1, 3, 4, 0]","[5, -1, -5, 1, 3, -3]",-1,0.15333333333333332,"[""33/200 - sqrt(3)/600"", ""23/150"", ""4/25"", ""11/60"", ""sqrt(3)/600 + 33/200"", ""13/75""]",True,True
"[2, 4, 1, 5, 3, 0]","[5, -1, -5, 3, -3, 1]",1,0.15833333333333333,"[""103/600 - sqrt(3)/150"", ""19/120"", ""97/600"", ""107/600"", ""sqrt(3)/150 + 103/600"", ""19/120""]",True,True
"[2, 5, 1, 4, 3, 0]","[5, -1, -5, 3, 1, -3]",-1/3,0.15722222222222224,"[""301/1800 - sqrt(3)/300"", ""283/1800"", ""283/1800"", ""331/1800"", ""sqrt(3)/300 + 301/1800"", ""301/1800""]",True,True
"[3, 2, 1, 4, 5, 0]","[5, -1, -3, -5, 1, 3]",-1,0.14833333333333334,"[""33/200 - sqrt(3)/300"", ""89/600"", ""7/40"", ""101/600"", ""sqrt(3)/300 + 33/200"", ""107/600""]",True,True
"[3, 2, 1, 5, 4, 0]","[5, -1, -3, -5, 3, 1]",-5/3,0.14777777777777779,"[""293/1800 - sqrt(3)/600"", ""133/900"", ""311/1800"", ""77/450"", ""sqrt(3)/600 + 293/1800"", ""329/1800""]",True,True
"[4, 2, 1, 3, 5, 0]","[5, -1, -3, 1, -5, 3]",1,0.157232909936926,"[""103/600 - sqrt(3)/120"", ""4/25"", ""1/6"", ""17/100"", ""sqrt(3)/120 + 103/600"", ""4/25""]",True,True
"[5, 2, 1, 3, 4, 0]","[5, -1, -3, 1, 3, -5]",-5/3,0.15777777777777777,"[""293/1800 - sqrt(3)/600"", ""71/450"", ""71/450"", ""163/900"", ""sqrt(3)/600 + 293/1800"", ""8/45""]",True,True
"[4, 2, 1, 5, 3, 0]","[5, -1, -3, 3, -5, 1]",1,0.157232909936926,"[""103/600 - sqrt(3)/120"", ""49/300"", ""97/600"", ""13/75"", ""sqrt(3)/120 + 103/600"", ""19/120""]",True,True
"[5, 2, 1, 4, 3, 0]","[5, -1, -3, 3, 1, -5]",-1,0.155,"[""33/200 - sqrt(3)/300"", ""97/600"", ""31/200"", ""109/600"", ""sqrt(3)/300 + 33/200"", ""103/600""]",True,True
"[3, 4, 1, 2, 5, 0]","[5, -1, 1, -5, -3, 3]",-1,0.15345299461620748,"[""33/200 - sqrt(3)/150"", ""19/120"", ""7/40"", ""19/120"", ""sqrt(3)/150 + 33/200"", ""107/600""]",True,True
"[3, 5, 1, 2, 4, 0]","[5, -1, 1, -5, 3, -3]",-3,0.1554465819873852,"[""19/120 - sqrt(3)/600"", ""47/300"", ""101/600"", ""1/6"", ""sqrt(3)/600 + 19/120"", ""23/120""]",True,True
"[4, 3, 1, 2, 5, 0]","[5, -1, 1, -3, -5, 3]",-1/3,0.15278846549248157,"[""301/1800 - sqrt(3)/120"", ""73/450"", ""31/180"", ""143/900"", ""sqrt(3)/120 + 301/1800"", ""31/180""]",True,True
"[5, 3, 1, 2, 4, 0]","[5, -1, 1, -3, 3, -5]",-3,0.1554465819873852,"[""19/120 - sqrt(3)/600"", ""4/25"", ""49/300"", ""17/100"", ""sqrt(3)/600 + 19/120"", ""19/100""]",True,True
"[4, 5, 1, 2, 3, 0]","[5, -1, 1, 3, -5, -3]",-1/3,0.15278846549248157,"[""301/1800 - sqrt(3)/120"", ""31/180"", ""283/1800"", ""38/225"", ""sqrt(3)/120 + 301/1800"", ""301/1800""]",True,True
"[5, 4, 1, 2, 3, 0]","[5, -1, 1, 3, -3, -5]",-1,0.15345299461620748,"[""33/200 - sqrt(3)/150"", ""103/600"", ""31/200"", ""103/600"", ""sqrt(3)/150 + 33/200"", ""103/600""]",True,True
"[3, 4, 1, 5, 2, 0]","[5, -1, 3, -5, -3, 1]",-5/3,0.15123077239398527,"[""293/1800 - sqrt(3)/150"", ""293/1800"", ""311/1800"", ""281/1800"", ""sqrt(3)/150 + 293/1800"", ""329/1800""]",True,True
"[3, 5, 1, 4, 2, 0]","[5, -1, 3, -5, 1, -3]",-3,0.15255983064143708,"[""19/120 - sqrt(3)/300"", ""97/600"", ""101/600"", ""97/600"", ""sqrt(3)/300 + 19/120"", ""23/120""]",True,True
"[4, 3, 1, 5, 2, 0]","[5, -1, 3, -3, -5, 1]",-1,0.15056624327025936,"[""33/200 - sqrt(3)/120"", ""1/6"", ""17/100"", ""47/300"", ""sqrt(3)/120 + 33/200"", ""53/300""]",True,True
"[5, 3, 1, 4, 2, 0]","[5, -1, 3, -3, 1, -5]",-3,0.15255983064143708,"[""19/120 - sqrt(3)/300"", ""33/200"", ""49/300"", ""33/200"", ""sqrt(3)/300 + 19/120"", ""19/100""]",True,True
"[4, 5, 1, 3, 2, 0]","[5, -1, 3, 1, -5, -3]",-1,0.15056624327025936,"[""33/200 - sqrt(3)/120"", ""13/75"", ""4/25"", ""49/300"", ""sqrt(3)/120 + 33/200"", ""13/75""]",True,True
"[5, 4, 1, 3, 2, 0]","[5, -1, 3, 1, -3, -5]",-5/3,0.15123077239398527,"[""293/1800 - sqrt(3)/150"", ""311/1800"", ""71/450"", ""299/1800"", ""sqrt(3)/150 + 293/1800"", ""8/45""]",True,True
"[2, 3, 4, 1, 5, 0]","[5, 1, -5, -3, -1, 3]",1/3,0.1511111111111111,"[""299/1800 - sqrt(3)/200"", ""34/225"", ""317/1800"", ""157/900"", ""sqrt(3)/200 + 299/1800"", ""299/1800""]",True,True
"[2, 3, 5, 1, 4, 0]","[5, 1, -5, -3, 3, -1]",-1,0.15,"[""97/600 - sqrt(3)/600"", ""3/20"", ""103/600"", ""9/50"", ""sqrt(3)/600 + 97/600"", ""7/40""]",True,True
"[2, 4, 3, 1, 5, 0]","[5, 1, -5, -1, -3, 3]",1,0.155,"[""101/600 - sqrt(3)/150"", ""31/200"", ""13/75"", ""7/40"", ""sqrt(3)/150 + 101/600"", ""4/25""]",True,True
"[2, 5, 3, 1, 4, 0]","[5, 1, -5, -1, 3, -3]",-1,0.15333333333333332,"[""97/600 - sqrt(3)/600"", ""23/150"", ""1/6"", ""11/60"", ""sqrt(3)/600 + 97/600"", ""13/75""]",True,True
"[2, 4, 5, 1, 3, 0]","[5, 1, -5, 3, -3, -1]",1,0.15666666666666668,"[""101/600 - sqrt(3)/150"", ""97/600"", ""49/300"", ""109/600"", ""sqrt(3)/150 + 101/600"", ""47/300""]",True,True
"[2, 5, 4, 1, 3, 0]","[5, 1, -5, 3, -1, -3]",1/3,0.15745085707326673,"[""299/1800 - sqrt(3)/200"", ""29/180"", ""29/180"", ""83/450"", ""sqrt(3)/200 + 299/1800"", ""29/180""]",True,True
"[3, 2, 4, 1, 5, 0]","[5, 1, -3, -5, -1, 3]",-1/3,0.15222222222222223,"[""59/360 - sqrt(3)/200"", ""137/900"", ""161/900"", ""38/225"", ""sqrt(3)/200 + 59/360"", ""31/180""]",True,True
"[3, 2, 5, 1, 4, 0]","[5, 1, -3, -5, 3, -1]",-5/3,0.1511111111111111,"[""287/1800 - sqrt(3)/600"", ""34/225"", ""157/900"", ""157/900"", ""sqrt(3)/600 + 287/1800"", ""163/900""]",True,True
"[4, 2, 3, 1, 5, 0]","[5, 1, -3, -1, -5, 3]",1,0.15389957660359269,"[""101/600 - sqrt(3)/120"", ""4/25"", ""13/75"", ""17/100"", ""sqrt(3)/120 + 101/600"", ""4/25""]",True,True
"[5, 2, 3, 1, 4, 0]","[5, 1, -3, -1, 3, -5]",-5/3,0.15655769309849632,"[""287/1800 - sqrt(3)/600"", ""71/450"", ""37/225"", ""163/900"", ""sqrt(3)/600 + 287/1800"", ""8/45""]",True,True
"[4, 2, 5, 1, 3, 0]","[5, 1, -3, 3, -5, -1]",1,0.15389957660359269,"[""101/600 - sqrt(3)/120"", ""1/6"", ""49/300"", ""53/300"", ""sqrt(3)/120 + 101/600"", ""47/300""]",True,True
"[5, 2, 4, 1, 3, 0]","[5, 1, -3, 3, -1, -5]",-1/3,0.1552286348510445,"[""59/360 - sqrt(3)/200"", ""149/900"", ""143/900"", ""41/225"", ""sqrt(3)/200 + 59/360"", ""149/900""]",True,True
"[3, 4, 2, 1, 5, 0]","[5, 1, -1, -5, -3, 3]",-1/3,0.15234188350509636,"[""59/360 - sqrt(3)/150"", ""283/1800"", ""161/900"", ""59/360"", ""sqrt(3)/150 + 59/360"", ""31/180""]",True,True
"[3, 5, 2, 1, 4, 0]","[5, 1, -1, -5, 3, -3]",-7/3,0.15433547087627408,"[""283/1800 - sqrt(3)/600"", ""7/45"", ""31/180"", ""31/180"", ""sqrt(3)/600 + 283/1800"", ""167/900""]",True,True
"[4, 3, 2, 1, 5, 0]","[5, 1, -1, -3, -5, 3]",1/3,0.15167735438137048,"[""299/1800 - sqrt(3)/120"", ""29/180"", ""317/1800"", ""37/225"", ""sqrt(3)/120 + 299/1800"", ""299/1800""]",True,True
"[5, 3, 2, 1, 4, 0]","[5, 1, -1, -3, 3, -5]",-7/3,0.15433547087627408,"[""283/1800 - sqrt(3)/600"", ""143/900"", ""301/1800"", ""79/450"", ""sqrt(3)/600 + 283/1800"", ""331/1800""]",True,True
"[4, 5, 2, 1, 3, 0]","[5, 1, -1, 3, -5, -3]",1/3,0.15167735438137048,"[""299/1800 - sqrt(3)/120"", ""77/450"", ""29/180"", ""157/900"", ""sqrt(3)/120 + 299/1800"", ""29/180""]",True,True
"[5, 4, 2, 1, 3, 0]","[5, 1, -1, 3, -3, -5]",-1/3,0.15234188350509636,"[""59/360 - sqrt(3)/150"", ""307/1800"", ""143/900"", ""319/1800"", ""sqrt(3)/150 + 59/360"", ""149/900""]",True,True
"[3, 4, 5, 1, 2, 0]","[5, 1, 3, -5, -3, -1]",-5/3,0.14789743906065192,"[""287/1800 - sqrt(3)/150"", ""299/1800"", ""157/900"", ""287/1800"", ""sqrt(3)/150 + 287/1800"", ""163/900""]",True,True
"[3, 5, 4, 1, 2, 0]","[5, 1, 3, -5, -1, -3]",-7/3,0.14856196818437784,"[""283/1800 - sqrt(3)/200"", ""149/900"", ""31/180"", ""73/450"", ""sqrt(3)/200 + 283/1800"", ""167/900""]",True,True
"[4, 3, 5, 1, 2, 0]","[5, 1, 3, -3, -5, -1]",-1,0.14723290993692603,"[""97/600 - sqrt(3)/120"", ""17/100"", ""103/600"", ""4/25"", ""sqrt(3)/120 + 97/600"", ""7/40""]",True,True
"[5, 3, 4, 1, 2, 0]","[5, 1, 3, -3, -1, -5]",-7/3,0.14856196818437784,"[""283/1800 - sqrt(3)/200"", ""38/225"", ""301/1800"", ""149/900"", ""sqrt(3)/200 + 283/1800"", ""331/1800""]",True,True
"[4, 5, 3, 1, 2, 0]","[5, 1, 3, -1, -5, -3]",-1,0.14723290993692603,"[""97/600 - sqrt(3)/120"", ""13/75"", ""1/6"", ""49/300"", ""sqrt(3)/120 + 97/600"", ""13/75""]",True,True
"[5, 4, 3, 1, 2, 0]","[5, 1, 3, -1, -3, -5]",-5/3,0.14789743906065192,"[""287/1800 - sqrt(3)/150"", ""311/1800"", ""37/225"", ""299/1800"", ""sqrt(3)/150 + 287/1800"", ""8/45""]",True,True
"[2, 3, 4, 5, 1, 0]","[5, 3, -5, -3, -1, 1]",1/3,0.1541175237399334,"[""293/1800 - sqrt(3)/200"", ""139/900"", ""8/45"", ""8/45"", ""sqrt(3)/200 + 293/1800"", ""37/225""]",True,True
"[2, 3, 5, 4, 1, 0]","[5, 3, -5, -3, 1, -1]",-1/3,0.15388888888888888,"[""289/1800 - sqrt(3)/300"", ""277/1800"", ""79/450"", ""13/72"", ""sqrt(3)/300 + 289/1800"", ""38/225""]",True,True
"[2, 4, 3, 5, 1, 0]","[5, 3, -5, -1, -3, 1]",1,0.15345299461620748,"[""33/200 - sqrt(3)/150"", ""19/120"", ""7/40"", ""107/600"", ""sqrt(3)/150 + 33/200"", ""19/120""]",True,True
"[2, 5, 3, 4, 1, 0]","[5, 3, -5, -1, 1, -3]",-1/3,0.1547820528636593,"[""289/1800 - sqrt(3)/300"", ""283/1800"", ""307/1800"", ""331/1800"", ""sqrt(3)/300 + 289/1800"", ""301/1800""]",True,True
"[2, 4, 5, 3, 1, 0]","[5, 3, -5, 1, -3, -1]",1,0.15345299461620748,"[""33/200 - sqrt(3)/150"", ""97/600"", ""17/100"", ""109/600"", ""sqrt(3)/150 + 33/200"", ""47/300""]",True,True
"[2, 5, 4, 3, 1, 0]","[5, 3, -5, 1, -1, -3]",1/3,0.1541175237399334,"[""293/1800 - sqrt(3)/200"", ""29/180"", ""151/900"", ""83/450"", ""sqrt(3)/200 + 293/1800"", ""29/180""]",True,True
"[3, 2, 4, 5, 1, 0]","[5, 3, -3, -5, -1, 1]",-1/3,0.15189530151771116,"[""289/1800 - sqrt(3)/200"", ""7/45"", ""13/72"", ""31/180"", ""sqrt(3)/200 + 289/1800"", ""307/1800""]",True,True
"[3, 2, 5, 4, 1, 0]","[5, 3, -3, -5, 1, -1]",-1,0.15255983064143708,"[""19/120 - sqrt(3)/300"", ""31/200"", ""107/600"", ""7/40"", ""sqrt(3)/300 + 19/120"", ""7/40""]",True,True
"[4, 2, 3, 5, 1, 0]","[5, 3, -3, -1, -5, 1]",1,0.15056624327025936,"[""33/200 - sqrt(3)/120"", ""49/300"", ""7/40"", ""13/75"", ""sqrt(3)/120 + 33/200"", ""19/120""]",True,True
"[5, 2, 3, 4, 1, 0]","[5, 3, -3, -1, 1, -5]",-1,0.15255983064143708,"[""19/120 - sqrt(3)/300"", ""97/600"", ""101/600"", ""109/600"", ""sqrt(3)/300 + 19/120"", ""103/600""]",True,True
"[4, 2, 5, 3, 1, 0]","[5, 3, -3, 1, -5, -1]",1,0.15056624327025936,"[""33/200 - sqrt(3)/120"", ""1/6"", ""17/100"", ""53/300"", ""sqrt(3)/120 + 33/200"", ""47/300""]",True,True
"[5, 2, 4, 3, 1, 0]","[5, 3, -3, 1, -1, -5]",-1/3,0.15189530151771116,"[""289/1800 - sqrt(3)/200"", ""149/900"", ""149/900"", ""41/225"", ""sqrt(3)/200 + 289/1800"", ""149/900""]",True,True
"[3, 4, 2, 5, 1, 0]","[5, 3, -1, -5, -3, 1]",-1/3,0.14900855017176304,"[""289/1800 - sqrt(3)/150"", ""289/1800"", ""13/72"", ""301/1800"", ""sqrt(3)/150 + 289/1800"", ""307/1800""]",True,True
"[3, 5, 2, 4, 1, 0]","[5, 3, -1, -5, 1, -3]",-5/3,0.15033760841921484,"[""281/1800 - sqrt(3)/300"", ""287/1800"", ""317/1800"", ""311/1800"", ""sqrt(3)/300 + 281/1800"", ""323/1800""]",True,True
"[4, 3, 2, 5, 1, 0]","[5, 3, -1, -3, -5, 1]",1/3,0.14834402104803712,"[""293/1800 - sqrt(3)/120"", ""37/225"", ""8/45"", ""151/900"", ""sqrt(3)/120 + 293/1800"", ""37/225""]",True,True
"[5, 3, 2, 4, 1, 0]","[5, 3, -1, -3, 1, -5]",-5/3,0.15033760841921484,"[""281/1800 - sqrt(3)/300"", ""293/1800"", ""77/450"", ""317/1800"", ""sqrt(3)/300 + 281/1800"", ""8/45""]",True,True
"[4, 5, 2, 3, 1, 0]","[5, 3, -1, 1, -5, -3]",1/3,0.14834402104803712,"[""293/1800 - sqrt(3)/120"", ""77/450"", ""151/900"", ""157/900"", ""sqrt(3)/120 + 293/1800"", ""29/180""]",True,True
"[5, 4, 2, 3, 1, 0]","[5, 3, -1, 1, -3, -5]",-1/3,0.14900855017176304,"[""289/1800 - sqrt(3)/150"", ""307/1800"", ""149/900"", ""319/1800"", ""sqrt(3)/150 + 289/1800"", ""149/900""]",True,True
"[3, 4, 5, 2, 1, 0]","[5, 3, 1, -5, -3, -1]",-1,0.14678632794954083,"[""19/120 - sqrt(3)/150"", ""33/200"", ""107/600"", ""33/200"", ""sqrt(3)/150 + 19/120"", ""7/40""]",True,True
"[3, 5, 4, 2, 1, 0]","[5, 3, 1, -5, -1, -3]",-5/3,0.14745085707326672,"[""281/1800 - sqrt(3)/200"", ""37/225"", ""317/1800"", ""151/900"", ""sqrt(3)/200 + 281/1800"", ""323/1800""]",True,True
"[4, 3, 5, 2, 1, 0]","[5, 3, 1, -3, -5, -1]",-1/3,0.1461217988258149,"[""289/1800 - sqrt(3)/120"", ""38/225"", ""79/450"", ""149/900"", ""sqrt(3)/120 + 289/1800"", ""38/225""]",True,True
"[5, 3, 4, 2, 1, 0]","[5, 3, 1, -3, -1, -5]",-5/3,0.14745085707326672,"[""281/1800 - sqrt(3)/200"", ""151/900"", ""77/450"", ""77/450"", ""sqrt(3)/200 + 281/1800"", ""8/45""]",True,True
"[4, 5, 3, 2, 1, 0]","[5, 3, 1, -1, -5, -3]",-1/3,0.1461217988258149,"[""289/1800 - sqrt(3)/120"", ""31/180"", ""307/1800"", ""38/225"", ""sqrt(3)/120 + 289/1800"", ""301/1800""]",True,True
"[5, 4, 3, 2, 1, 0]","[5, 3, 1, -1, -3, -5]",-1,0.14678632794954083,"[""19/120 - sqrt(3)/150"", ""103/600"", ""101/600"", ""103/600"", ""sqrt(3)/150 + 19/120"", ""103/600""]",True,True
