times,worst_case_minimum_information_eigenvalue,median_minimum_information_eigenvalue,all_sampled_clocks_monotone
"[0.035, 0.04475814137899094, 0.05723689199147829, 0.07319476868138912, 0.09360176585269005]",4.045258077187671e-12,4.0491103185119015e-12,True
"[0.035, 0.04475814137899094, 0.05723689199147829, 0.07319476868138912, 0.11969831626736879]",1.2400222749833572e-11,1.2410815357074966e-11,True
"[0.035, 0.04475814137899094, 0.05723689199147829, 0.07319476868138912, 0.15307069035205895]",2.8047325632682145e-11,2.807044618098773e-11,True
"[0.035, 0.04475814137899094, 0.05723689199147829, 0.07319476868138912, 0.1957474171359199]",5.591024383890899e-11,5.5955549424737375e-11,True
"[0.035, 0.04475814137899094, 0.05723689199147829, 0.07319476868138912, 0.25032258773548044]",1.0315177300429684e-10,1.0323446964948666e-10,True
"[0.035, 0.04475814137899094, 0.05723689199147829, 0.07319476868138912, 0.3201135363491284]",1.79616399698714e-10,1.7976113184405928e-10,True
"[0.035, 0.04475814137899094, 0.05723689199147829, 0.07319476868138912, 0.4093624833498013]",2.973226492246639e-10,2.975673649660273e-10,True
"[0.035, 0.04475814137899094, 0.05723689199147829, 0.07319476868138912, 0.5234943972864351]",4.680307164094888e-10,4.684268788507728e-10,True
"[0.035, 0.04475814137899094, 0.05723689199147829, 0.07319476868138912, 0.6694467498530259]",6.981671244896785e-10,6.987780493147773e-10,True
"[0.035, 0.04475814137899094, 0.05723689199147829, 0.07319476868138912, 0.8560912078750774]",9.824021329739887e-10,9.832929045100312e-10,True
"[0.035, 0.04475814137899094, 0.05723689199147829, 0.07319476868138912, 1.0947728947252522]",1.3003701882748695e-09,1.3015902367717747e-09,True
"[0.035, 0.04475814137899094, 0.05723689199147829, 0.07319476868138912, 1.4]",1.6213030252112002e-09,1.6228705252385874e-09,True
"[0.035, 0.04475814137899094, 0.05723689199147829, 0.09360176585269005, 0.11969831626736879]",4.7737785548916294e-11,4.7788712429400045e-11,True
"[0.035, 0.04475814137899094, 0.05723689199147829, 0.09360176585269005, 0.15307069035205895]",1.1572513670476599e-10,1.1582308124914513e-10,True
"[0.035, 0.04475814137899094, 0.05723689199147829, 0.09360176585269005, 0.1957474171359199]",2.3067028476116397e-10,2.3085285765708374e-10,True
"[0.035, 0.04475814137899094, 0.05723689199147829, 0.09360176585269005, 0.25032258773548044]",4.2298782960112514e-10,4.233174899804573e-10,True
"[0.035, 0.04475814137899094, 0.05723689199147829, 0.09360176585269005, 0.3201135363491284]",7.318797122260666e-10,7.324580971452489e-10,True
"[0.035, 0.04475814137899094, 0.05723689199147829, 0.09360176585269005, 0.4093624833498013]",1.2045433302461872e-09,1.2055217458096973e-09,True
"[0.035, 0.04475814137899094, 0.05723689199147829, 0.09360176585269005, 0.5234943972864351]",1.8867394924285796e-09,1.888331538742565e-09,True
"[0.035, 0.04475814137899094, 0.05723689199147829, 0.09360176585269005, 0.6694467498530259]",2.8032966838767277e-09,2.8057723300932515e-09,True
"[0.035, 0.04475814137899094, 0.05723689199147829, 0.09360176585269005, 0.8560912078750774]",3.933747175474194e-09,3.937393905072739e-09,True
"[0.035, 0.04475814137899094, 0.05723689199147829, 0.09360176585269005, 1.0947728947252522]",5.199963451177147e-09,5.205013381241217e-09,True
"[0.035, 0.04475814137899094, 0.05723689199147829, 0.09360176585269005, 1.4]",6.483404951899647e-09,6.489958760890303e-09,True
"[0.035, 0.04475814137899094, 0.05723689199147829, 0.11969831626736879, 0.15307069035205895]",2.893048542661783e-10,2.8959481335722646e-10,True
"[0.035, 0.04475814137899094, 0.05723689199147829, 0.11969831626736879, 0.1957474171359199]",5.910960514583866e-10,5.915634159554946e-10,True
"[0.035, 0.04475814137899094, 0.05723689199147829, 0.11969831626736879, 0.25032258773548044]",1.079095406327343e-09,1.0799293680012958e-09,True
"[0.035, 0.04475814137899094, 0.05723689199147829, 0.11969831626736879, 0.3201135363491284]",1.8564519366784909e-09,1.8579125082495463e-09,True
"[0.035, 0.04475814137899094, 0.05723689199147829, 0.11969831626736879, 0.4093624833498013]",3.0394648533055234e-09,3.0419490372023628e-09,True
"[0.035, 0.04475814137899094, 0.05723689199147829, 0.11969831626736879, 0.5234943972864351]",4.7395096384780166e-09,4.7435890754981566e-09,True
"[0.035, 0.04475814137899094, 0.05723689199147829, 0.11969831626736879, 0.6694467498530259]",7.016849034057254e-09,7.023264537809719e-09,True
"[0.035, 0.04475814137899094, 0.05723689199147829, 0.11969831626736879, 0.8560912078750774]",9.823194478112962e-09,9.832760734622603e-09,True
"[0.035, 0.04475814137899094, 0.05723689199147829, 0.11969831626736879, 1.0947728947252522]",1.2972558948196507e-08,1.2985967772391576e-08,True
"[0.035, 0.04475814137899094, 0.05723689199147829, 0.11969831626736879, 1.4]",1.6180823015057874e-08,1.619842383481601e-08,True
"[0.035, 0.04475814137899094, 0.05723689199147829, 0.15307069035205895, 0.1957474171359199]",1.2378609045746258e-09,1.238988512768166e-09,True
"[0.035, 0.04475814137899094, 0.05723689199147829, 0.15307069035205895, 0.25032258773548044]",2.2801246104989275e-09,2.281946061518741e-09,True
"[0.035, 0.04475814137899094, 0.05723689199147829, 0.15307069035205895, 0.3201135363491284]",3.907850690526703e-09,3.911017714400059e-09,True
"[0.035, 0.04475814137899094, 0.05723689199147829, 0.15307069035205895, 0.4093624833498013]",6.370260381075263e-09,6.375681560321272e-09,True
"[0.035, 0.04475814137899094, 0.05723689199147829, 0.15307069035205895, 0.5234943972864351]",9.893847119228204e-09,9.90284254346111e-09,True
"[0.035, 0.04475814137899094, 0.05723689199147829, 0.15307069035205895, 0.6694467498530259]",1.4601042319289754e-08,1.461535798159509e-08,True
"[0.035, 0.04475814137899094, 0.05723689199147829, 0.15307069035205895, 0.8560912078750774]",2.0398978774249318e-08,2.0420588996704277e-08,True
"[0.035, 0.04475814137899094, 0.05723689199147829, 0.15307069035205895, 1.0947728947252522]",2.692248894011259e-08,2.6953146144010937e-08,True
"[0.035, 0.04475814137899094, 0.05723689199147829, 0.15307069035205895, 1.4]",3.3608253153674954e-08,3.364895446040524e-08,True
"[0.035, 0.04475814137899094, 0.05723689199147829, 0.1957474171359199, 0.25032258773548044]",4.328327739501085e-09,4.332264382035063e-09,True
"[0.035, 0.04475814137899094, 0.05723689199147829, 0.1957474171359199, 0.3201135363491284]",7.429891163680808e-09,7.436301075853115e-09,True
"[0.035, 0.04475814137899094, 0.05723689199147829, 0.1957474171359199, 0.4093624833498013]",1.206444372404503e-08,1.2075435401692936e-08,True
"[0.035, 0.04475814137899094, 0.05723689199147829, 0.1957474171359199, 0.5234943972864351]",1.8664052014351323e-08,1.8682471666993996e-08,True
"[0.035, 0.04475814137899094, 0.05723689199147829, 0.1957474171359199, 0.6694467498530259]",2.745539223664138e-08,2.748504569430855e-08,True
"[0.035, 0.04475814137899094, 0.05723689199147829, 0.1957474171359199, 0.8560912078750774]",3.8281004050692386e-08,3.832629691604022e-08,True
"[0.035, 0.04475814137899094, 0.05723689199147829, 0.1957474171359199, 1.0947728947252522]",5.0500045925107435e-08,5.0565050874123694e-08,True
"[0.035, 0.04475814137899094, 0.05723689199147829, 0.1957474171359199, 1.4]",6.311115495096902e-08,6.319843872188744e-08,True
"[0.035, 0.04475814137899094, 0.05723689199147829, 0.25032258773548044, 0.3201135363491284]",1.316741303314778e-08,1.3180334220242546e-08,True
"[0.035, 0.04475814137899094, 0.05723689199147829, 0.25032258773548044, 0.4093624833498013]",2.1339568841716303e-08,2.1360935931917773e-08,True
"[0.035, 0.04475814137899094, 0.05723689199147829, 0.25032258773548044, 0.5234943972864351]",3.288126566366445e-08,3.2917296724960813e-08,True
"[0.035, 0.04475814137899094, 0.05723689199147829, 0.25032258773548044, 0.6694467498530259]",4.820678977409928e-08,4.8265392893146825e-08,True
"[0.035, 0.04475814137899094, 0.05723689199147829, 0.25032258773548044, 0.8560912078750774]",6.707568941499283e-08,6.716616666425401e-08,True
"[0.035, 0.04475814137899094, 0.05723689199147829, 0.25032258773548044, 1.0947728947252522]",8.845105737643195e-08,8.858233120864312e-08,True
"[0.035, 0.04475814137899094, 0.05723689199147829, 0.25032258773548044, 1.4]",1.1068596310063548e-07,1.1086417878641959e-07,True
"[0.035, 0.04475814137899094, 0.05723689199147829, 0.3201135363491284, 0.4093624833498013]",3.574193390393714e-08,3.5783038100830043e-08,True
"[0.035, 0.04475814137899094, 0.05723689199147829, 0.3201135363491284, 0.5234943972864351]",5.489381221683246e-08,5.496196728901894e-08,True
"[0.035, 0.04475814137899094, 0.05723689199147829, 0.3201135363491284, 0.6694467498530259]",8.020204253408196e-08,8.031369155008618e-08,True
"[0.035, 0.04475814137899094, 0.05723689199147829, 0.3201135363491284, 0.8560912078750774]",1.1135713615992743e-07,1.115310990144336e-07,True
"[0.035, 0.04475814137899094, 0.05723689199147829, 0.3201135363491284, 1.0947728947252522]",1.4679041703387445e-07,1.4704530344279327e-07,True
"[0.035, 0.04475814137899094, 0.05723689199147829, 0.3201135363491284, 1.4]",1.8395760751680875e-07,1.843072638448162e-07,True
"[0.035, 0.04475814137899094, 0.05723689199147829, 0.4093624833498013, 0.5234943972864351]",8.73417639030834e-08,8.746800568672748e-08,True
"[0.035, 0.04475814137899094, 0.05723689199147829, 0.4093624833498013, 0.6694467498530259]",1.2722529783736435e-07,1.2743077269065785e-07,True
"[0.035, 0.04475814137899094, 0.05723689199147829, 0.4093624833498013, 0.8560912078750774]",1.7628078560064337e-07,1.76603089919903e-07,True
"[0.035, 0.04475814137899094, 0.05723689199147829, 0.4093624833498013, 1.0947728947252522]",2.3229330418494916e-07,2.3276950592571113e-07,True
"[0.035, 0.04475814137899094, 0.05723689199147829, 0.4093624833498013, 1.4]",2.9153753031492125e-07,2.921970121807735e-07,True
"[0.035, 0.04475814137899094, 0.05723689199147829, 0.5234943972864351, 0.6694467498530259]",1.9275242773574382e-07,1.9311831793205997e-07,True
"[0.035, 0.04475814137899094, 0.05723689199147829, 0.5234943972864351, 0.8560912078750774]",2.666221486269876e-07,2.671953664088791e-07,True
"[0.035, 0.04475814137899094, 0.05723689199147829, 0.5234943972864351, 1.0947728947252522]",3.5123619884283086e-07,3.5208860978068444e-07,True
"[0.035, 0.04475814137899094, 0.05723689199147829, 0.5234943972864351, 1.4]",4.414060735283904e-07,4.425961852810134e-07,True
"[0.035, 0.04475814137899094, 0.05723689199147829, 0.6694467498530259, 0.8560912078750774]",3.8520027063151474e-07,3.8617530085390146e-07,True
"[0.035, 0.04475814137899094, 0.05723689199147829, 0.6694467498530259, 1.0947728947252522]",5.073705877245299e-07,5.088227296069343e-07,True
"[0.035, 0.04475814137899094, 0.05723689199147829, 0.6694467498530259, 1.4]",6.38288140048563e-07,6.403282124441902e-07,True
"[0.035, 0.04475814137899094, 0.05723689199147829, 0.8560912078750774, 1.0947728947252522]",6.996579592697676e-07,7.020000253044618e-07,True
"[0.035, 0.04475814137899094, 0.05723689199147829, 0.8560912078750774, 1.4]",8.807453652970744e-07,8.840430534202154e-07,True
"[0.035, 0.04475814137899094, 0.05723689199147829, 1.0947728947252522, 1.4]",1.1594929155917236e-06,1.1644992126370197e-06,True
"[0.035, 0.04475814137899094, 0.07319476868138912, 0.09360176585269005, 0.11969831626736879]",3.903456249976257e-11,3.9098286243263225e-11,True
"[0.035, 0.04475814137899094, 0.07319476868138912, 0.09360176585269005, 0.15307069035205895]",1.2500125235488114e-10,1.251914205588101e-10,True
"[0.035, 0.04475814137899094, 0.07319476868138912, 0.09360176585269005, 0.1957474171359199]",2.875340134025374e-10,2.8795952334857166e-10,True
"[0.035, 0.04475814137899094, 0.07319476868138912, 0.09360176585269005, 0.25032258773548044]",5.745058960129806e-10,5.7534275200169e-10,True
"[0.035, 0.04475814137899094, 0.07319476868138912, 0.09360176585269005, 0.3201135363491284]",1.0512821322226526e-09,1.0527956296380947e-09,True
"[0.035, 0.04475814137899094, 0.07319476868138912, 0.09360176585269005, 0.4093624833498013]",1.7981096402314929e-09,1.8006762726070363e-09,True
"[0.035, 0.04475814137899094, 0.07319476868138912, 0.09360176585269005, 0.5234943972864351]",2.8945818437718485e-09,2.8987956443415823e-09,True
"[0.035, 0.04475814137899094, 0.07319476868138912, 0.09360176585269005, 0.6694467498530259]",4.387220125689314e-09,4.393766015017373e-09,True
"[0.035, 0.04475814137899094, 0.07319476868138912, 0.09360176585269005, 0.8560912078750774]",6.247548843924164e-09,6.257128036093738e-09,True
"[0.035, 0.04475814137899094, 0.07319476868138912, 0.09360176585269005, 1.0947728947252522]",8.349332397341176e-09,8.362483691463846e-09,True
"[0.035, 0.04475814137899094, 0.07319476868138912, 0.09360176585269005, 1.4]",1.0495430237418134e-08,1.0512360770307875e-08,True
"[0.035, 0.04475814137899094, 0.07319476868138912, 0.11969831626736879, 0.15307069035205895]",5.056341970753465e-10,5.066740205206591e-10,True
"[0.035, 0.04475814137899094, 0.07319476868138912, 0.11969831626736879, 0.1957474171359199]",1.2965867249751852e-09,1.2986141646164485e-09,True
"[0.035, 0.04475814137899094, 0.07319476868138912, 0.11969831626736879, 0.25032258773548044]",2.5976739797895397e-09,2.601369123291154e-09,True
"[0.035, 0.04475814137899094, 0.07319476868138912, 0.11969831626736879, 0.3201135363491284]",4.7125686752257715e-09,4.719007506871173e-09,True
"[0.035, 0.04475814137899094, 0.07319476868138912, 0.11969831626736879, 0.4093624833498013]",7.982679305117751e-09,7.99366199555018e-09,True
"[0.035, 0.04475814137899094, 0.07319476868138912, 0.11969831626736879, 0.5234943972864351]",1.2739375136271924e-08,1.2757300781035465e-08,True
"[0.035, 0.04475814137899094, 0.07319476868138912, 0.11969831626736879, 0.6694467498530259]",1.9172264058875476e-08,1.9200144383601326e-08,True
"[0.035, 0.04475814137899094, 0.07319476868138912, 0.11969831626736879, 0.8560912078750774]",2.7161969219692522e-08,2.720301401169083e-08,True
"[0.035, 0.04475814137899094, 0.07319476868138912, 0.11969831626736879, 1.0947728947252522]",3.6190348175376094e-08,3.6247193651409986e-08,True
"[0.035, 0.04475814137899094, 0.07319476868138912, 0.11969831626736879, 1.4]",4.544698083009769e-08,4.552088002622202e-08,True
"[0.035, 0.04475814137899094, 0.07319476868138912, 0.15307069035205895, 0.1957474171359199]",3.2233338092848714e-09,3.22972036389489e-09,True
"[0.035, 0.04475814137899094, 0.07319476868138912, 0.15307069035205895, 0.25032258773548044]",6.726596830094268e-09,6.7360192321511375e-09,True
"[0.035, 0.04475814137899094, 0.07319476868138912, 0.15307069035205895, 0.3201135363491284]",1.2109563842579157e-08,1.212562203333408e-08,True
"[0.035, 0.04475814137899094, 0.07319476868138912, 0.15307069035205895, 0.4093624833498013]",2.031428172269038e-08,2.0341410172467745e-08,True
"[0.035, 0.04475814137899094, 0.07319476868138912, 0.15307069035205895, 0.5234943972864351]",3.2148444895132197e-08,3.219283347577278e-08,True
"[0.035, 0.04475814137899094, 0.07319476868138912, 0.15307069035205895, 0.6694467498530259]",4.806460139769249e-08,4.813423290402468e-08,True
"[0.035, 0.04475814137899094, 0.07319476868138912, 0.15307069035205895, 0.8560912078750774]",6.778412596101815e-08,6.788783904563262e-08,True
"[0.035, 0.04475814137899094, 0.07319476868138912, 0.15307069035205895, 1.0947728947252522]",9.00937804426187e-08,9.023928377009603e-08,True
"[0.035, 0.04475814137899094, 0.07319476868138912, 0.15307069035205895, 1.4]",1.1308461291634881e-07,1.1327620298574213e-07,True
"[0.035, 0.04475814137899094, 0.07319476868138912, 0.1957474171359199, 0.25032258773548044]",1.3762043508766637e-08,1.3786106154944431e-08,True
"[0.035, 0.04475814137899094, 0.07319476868138912, 0.1957474171359199, 0.3201135363491284]",2.516916602675403e-08,2.5203587496661722e-08,True
"[0.035, 0.04475814137899094, 0.07319476868138912, 0.1957474171359199, 0.4093624833498013]",4.196947501595469e-08,4.2026609199230865e-08,True
"[0.035, 0.04475814137899094, 0.07319476868138912, 0.1957474171359199, 0.5234943972864351]",6.59931554671712e-08,6.608707963828633e-08,True
"[0.035, 0.04475814137899094, 0.07319476868138912, 0.1957474171359199, 0.6694467498530259]",9.815523019470865e-08,9.830419050855004e-08,True
"[0.035, 0.04475814137899094, 0.07319476868138912, 0.1957474171359199, 0.8560912078750774]",1.3794637642587077e-07,1.3817116150932187e-07,True
"[0.035, 0.04475814137899094, 0.07319476868138912, 0.1957474171359199, 1.0947728947252522]",1.8306827586498584e-07,1.8338793028085544e-07,True
"[0.035, 0.04475814137899094, 0.07319476868138912, 0.1957474171359199, 1.4]",2.2986398942238292e-07,2.3029046945960578e-07,True
"[0.035, 0.04475814137899094, 0.07319476868138912, 0.25032258773548044, 0.3201135363491284]",4.640187241909655e-08,4.647802301627363e-08,True
"[0.035, 0.04475814137899094, 0.07319476868138912, 0.25032258773548044, 0.4093624833498013]",7.771115840590919e-08,7.782454524475728e-08,True
"[0.035, 0.04475814137899094, 0.07319476868138912, 0.25032258773548044, 0.5234943972864351]",1.215947996037837e-07,1.217805636255263e-07,True
"[0.035, 0.04475814137899094, 0.07319476868138912, 0.25032258773548044, 0.6694467498530259]",1.8005414782141317e-07,1.8035163412369748e-07,True
"[0.035, 0.04475814137899094, 0.07319476868138912, 0.25032258773548044, 0.8560912078750774]",2.5231115580573736e-07,2.527656109194373e-07,True
"[0.035, 0.04475814137899094, 0.07319476868138912, 0.25032258773548044, 1.0947728947252522]",3.344978793960382e-07,3.351524263411711e-07,True
"[0.035, 0.04475814137899094, 0.07319476868138912, 0.25032258773548044, 1.4]",4.2035735519109717e-07,4.212417696737865e-07,True
"[0.035, 0.04475814137899094, 0.07319476868138912, 0.3201135363491284, 0.4093624833498013]",1.332688542166508e-07,1.3349978540803352e-07,True
"[0.035, 0.04475814137899094, 0.07319476868138912, 0.3201135363491284, 0.5234943972864351]",2.0842269304197883e-07,2.0877688872004498e-07,True
"[0.035, 0.04475814137899094, 0.07319476868138912, 0.3201135363491284, 0.6694467498530259]",3.0744325602327997e-07,3.0801223799517264e-07,True
"[0.035, 0.04475814137899094, 0.07319476868138912, 0.3201135363491284, 0.8560912078750774]",4.2970315236172943e-07,4.3058113161843523e-07,True
"[0.035, 0.04475814137899094, 0.07319476868138912, 0.3201135363491284, 1.0947728947252522]",5.692419565583603e-07,5.705208664728855e-07,True
"[0.035, 0.04475814137899094, 0.07319476868138912, 0.3201135363491284, 1.4]",7.161650446963593e-07,7.179134754722723e-07,True
"[0.035, 0.04475814137899094, 0.07319476868138912, 0.4093624833498013, 0.5234943972864351]",3.367184748170863e-07,3.373964335739543e-07,True
"[0.035, 0.04475814137899094, 0.07319476868138912, 0.4093624833498013, 0.6694467498530259]",4.958145360545232e-07,4.968656675035726e-07,True
"[0.035, 0.04475814137899094, 0.07319476868138912, 0.4093624833498013, 0.8560912078750774]",6.91420639182139e-07,6.930510568970019e-07,True
"[0.035, 0.04475814137899094, 0.07319476868138912, 0.4093624833498013, 1.0947728947252522]",9.154123372576007e-07,9.178093349073226e-07,True
"[0.035, 0.04475814137899094, 0.07319476868138912, 0.4093624833498013, 1.4]",1.1531101246283095e-06,1.156421427097621e-06,True
"[0.035, 0.04475814137899094, 0.07319476868138912, 0.5234943972864351, 0.6694467498530259]",7.590010066036467e-07,7.609083153704011e-07,True
"[0.035, 0.04475814137899094, 0.07319476868138912, 0.5234943972864351, 0.8560912078750774]",1.0572563097081871e-06,1.0601636187514167e-06,True
"[0.035, 0.04475814137899094, 0.07319476868138912, 0.5234943972864351, 1.0947728947252522]",1.399186951622727e-06,1.4034861462272315e-06,True
"[0.035, 0.04475814137899094, 0.07319476868138912, 0.5234943972864351, 1.4]",1.764569365186407e-06,1.7705597622930164e-06,True
"[0.035, 0.04475814137899094, 0.07319476868138912, 0.6694467498530259, 0.8560912078750774]",1.5386121032233257e-06,1.5436143785780434e-06,True
"[0.035, 0.04475814137899094, 0.07319476868138912, 0.6694467498530259, 1.0947728947252522]",2.0364424813046324e-06,2.043782772444901e-06,True
"[0.035, 0.04475814137899094, 0.07319476868138912, 0.6694467498530259, 1.4]",2.570659483516037e-06,2.5809464774998537e-06,True
"[0.035, 0.04475814137899094, 0.07319476868138912, 0.8560912078750774, 1.0947728947252522]",2.822987669073612e-06,2.8349171905338582e-06,True
"[0.035, 0.04475814137899094, 0.07319476868138912, 0.8560912078750774, 1.4]",3.5661769933917258e-06,3.5828385793312954e-06,True
"[0.035, 0.04475814137899094, 0.07319476868138912, 1.0947728947252522, 1.4]",4.713130241328637e-06,4.738567808173246e-06,True
"[0.035, 0.04475814137899094, 0.09360176585269005, 0.11969831626736879, 0.15307069035205895]",3.120815448611983e-10,3.130004151463584e-10,True
"[0.035, 0.04475814137899094, 0.09360176585269005, 0.11969831626736879, 0.1957474171359199]",1.055107079883297e-09,1.0579738640973906e-09,True
"[0.035, 0.04475814137899094, 0.09360176585269005, 0.11969831626736879, 0.25032258773548044]",2.455185954049576e-09,2.461602755544145e-09,True
"[0.035, 0.04475814137899094, 0.09360176585269005, 0.11969831626736879, 0.3201135363491284]",4.876370553445144e-09,4.8888028590571165e-09,True
"[0.035, 0.04475814137899094, 0.09360176585269005, 0.11969831626736879, 0.4093624833498013]",8.764902244650744e-09,8.786825690155676e-09,True
"[0.035, 0.04475814137899094, 0.09360176585269005, 0.11969831626736879, 0.5234943972864351]",1.457064669184051e-08,1.4606481377165343e-08,True
"[0.035, 0.04475814137899094, 0.09360176585269005, 0.11969831626736879, 0.6694467498530259]",2.2573297908583912e-08,2.2629100669485477e-08,True
"[0.035, 0.04475814137899094, 0.09360176585269005, 0.11969831626736879, 0.8560912078750774]",3.265888587935259e-08,3.274121341211949e-08,True
"[0.035, 0.04475814137899094, 0.09360176585269005, 0.11969831626736879, 1.0947728947252522]",4.418899532843618e-08,4.430270962771269e-08,True
"[0.035, 0.04475814137899094, 0.09360176585269005, 0.11969831626736879, 1.4]",5.612378368764585e-08,5.627099302939358e-08,True
"[0.035, 0.04475814137899094, 0.09360176585269005, 0.15307069035205895, 0.1957474171359199]",4.319922787377195e-09,4.336018064409495e-09,True
"[0.035, 0.04475814137899094, 0.09360176585269005, 0.15307069035205895, 0.25032258773548044]",1.1394372328445549e-08,1.1425362138531584e-08,True
"[0.035, 0.04475814137899094, 0.09360176585269005, 0.15307069035205895, 0.3201135363491284]",2.2561874951630194e-08,2.2616065961229863e-08,True
"[0.035, 0.04475814137899094, 0.09360176585269005, 0.15307069035205895, 0.4093624833498013]",3.9914513946594196e-08,4.0004654885539113e-08,True
"[0.035, 0.04475814137899094, 0.09360176585269005, 0.15307069035205895, 0.5234943972864351]",6.531277234150823e-08,6.546047283765158e-08,True
"[0.035, 0.04475814137899094, 0.09360176585269005, 0.15307069035205895, 0.6694467498530259]",9.986242646044094e-08,1.0009256278086708e-07,True
"[0.035, 0.04475814137899094, 0.09360176585269005, 0.15307069035205895, 0.8560912078750774]",1.4306257813054873e-07,1.4340194194652276e-07,True
"[0.035, 0.04475814137899094, 0.09360176585269005, 0.15307069035205895, 1.0947728947252522]",1.9232337498589344e-07,1.9279470331219007e-07,True
"[0.035, 0.04475814137899094, 0.09360176585269005, 0.15307069035205895, 1.4]",2.434547499114958e-07,2.440702184398462e-07,True
"[0.035, 0.04475814137899094, 0.09360176585269005, 0.1957474171359199, 0.25032258773548044]",2.732904544631208e-08,2.7427817566028196e-08,True
"[0.035, 0.04475814137899094, 0.09360176585269005, 0.1957474171359199, 0.3201135363491284]",5.698644439619e-08,5.711964535535749e-08,True
"[0.035, 0.04475814137899094, 0.09360176585269005, 0.1957474171359199, 0.4093624833498013]",9.963431743489009e-08,9.984897323611404e-08,True
"[0.035, 0.04475814137899094, 0.09360176585269005, 0.1957474171359199, 0.5234943972864351]",1.6080334164893267e-07,1.6115006916891226e-07,True
"[0.035, 0.04475814137899094, 0.09360176585269005, 0.1957474171359199, 0.6694467498530259]",2.4313898246229846e-07,2.436803264982357e-07,True
"[0.035, 0.04475814137899094, 0.09360176585269005, 0.1957474171359199, 0.8560912078750774]",3.4554885681420825e-07,3.463549333695601e-07,True
"[0.035, 0.04475814137899094, 0.09360176585269005, 0.1957474171359199, 1.0947728947252522]",4.6229003345608516e-07,4.634244356537238e-07,True
"[0.035, 0.04475814137899094, 0.09360176585269005, 0.1957474171359199, 1.4]",5.840233462909597e-07,5.855258467207862e-07,True
"[0.035, 0.04475814137899094, 0.09360176585269005, 0.25032258773548044, 0.3201135363491284]",1.1160704933914363e-07,1.1195514244482635e-07,True
"[0.035, 0.04475814137899094, 0.09360176585269005, 0.25032258773548044, 0.4093624833498013]",1.9929483954007708e-07,1.9973957562684012e-07,True
"[0.035, 0.04475814137899094, 0.09360176585269005, 0.25032258773548044, 0.5234943972864351]",3.1912155271822156e-07,3.198229842053998e-07,True
"[0.035, 0.04475814137899094, 0.09360176585269005, 0.25032258773548044, 0.6694467498530259]",4.787852540932072e-07,4.798860789036028e-07,True
"[0.035, 0.04475814137899094, 0.09360176585269005, 0.25032258773548044, 0.8560912078750774]",6.767196026467587e-07,6.783798066115456e-07,True
"[0.035, 0.04475814137899094, 0.09360176585269005, 0.25032258773548044, 1.0947728947252522]",9.02694817263814e-07,9.050661551007042e-07,True
"[0.035, 0.04475814137899094, 0.09360176585269005, 0.25032258773548044, 1.4]",1.13979199501123e-06,1.1429801171486703e-06,True
"[0.035, 0.04475814137899094, 0.09360176585269005, 0.3201135363491284, 0.4093624833498013]",3.513697188642433e-07,3.523554207107708e-07,True
"[0.035, 0.04475814137899094, 0.09360176585269005, 0.3201135363491284, 0.5234943972864351]",5.66650559218787e-07,5.680060770608547e-07,True
"[0.035, 0.04475814137899094, 0.09360176585269005, 0.3201135363491284, 0.6694467498530259]",8.458596491209238e-07,8.479741742268371e-07,True
"[0.035, 0.04475814137899094, 0.09360176585269005, 0.3201135363491284, 0.8560912078750774]",1.1907808948345609e-06,1.1940030044282673e-06,True
"[0.035, 0.04475814137899094, 0.09360176585269005, 0.3201135363491284, 1.0947728947252522]",1.585475824134481e-06,1.5901395099549292e-06,True
"[0.035, 0.04475814137899094, 0.09360176585269005, 0.3201135363491284, 1.4]",2.0025000678111728e-06,2.00885634656662e-06,True
"[0.035, 0.04475814137899094, 0.09360176585269005, 0.4093624833498013, 0.5234943972864351]",9.289692457284119e-07,9.31716559940646e-07,True
"[0.035, 0.04475814137899094, 0.09360176585269005, 0.4093624833498013, 0.6694467498530259]",1.3891012833053093e-06,1.3930355164095685e-06,True
"[0.035, 0.04475814137899094, 0.09360176585269005, 0.4093624833498013, 0.8560912078750774]",1.950136599306598e-06,1.956138184824715e-06,True
"[0.035, 0.04475814137899094, 0.09360176585269005, 0.4093624833498013, 1.0947728947252522]",2.5933723355116428e-06,2.602146190738736e-06,True
"[0.035, 0.04475814137899094, 0.09360176585269005, 0.4093624833498013, 1.4]",3.277790900334815e-06,3.28988840227321e-06,True
"[0.035, 0.04475814137899094, 0.09360176585269005, 0.5234943972864351, 0.6694467498530259]",2.1447828299344248e-06,2.1521900082059684e-06,True
"[0.035, 0.04475814137899094, 0.09360176585269005, 0.5234943972864351, 0.8560912078750774]",3.01260151274257e-06,3.0233661162545644e-06,True
"[0.035, 0.04475814137899094, 0.09360176585269005, 0.5234943972864351, 1.0947728947252522]",4.0035983528636806e-06,4.019391380090491e-06,True
"[0.035, 0.04475814137899094, 0.09360176585269005, 0.5234943972864351, 1.4]",5.0643315669760465e-06,5.086300401266254e-06,True
"[0.035, 0.04475814137899094, 0.09360176585269005, 0.6694467498530259, 0.8560912078750774]",4.407815993973546e-06,4.426783501640493e-06,True
"[0.035, 0.04475814137899094, 0.09360176585269005, 0.6694467498530259, 1.0947728947252522]",5.863002969782393e-06,5.890104174131254e-06,True
"[0.035, 0.04475814137899094, 0.09360176585269005, 0.6694467498530259, 1.4]",7.422066037530048e-06,7.45992265017562e-06,True
"[0.035, 0.04475814137899094, 0.09360176585269005, 0.8560912078750774, 1.0947728947252522]",8.156260460287396e-06,8.201011288129268e-06,True
"[0.035, 0.04475814137899094, 0.09360176585269005, 0.8560912078750774, 1.4]",1.0336778807548077e-05,1.039834965005654e-05,True
"[0.035, 0.04475814137899094, 0.09360176585269005, 1.0947728947252522, 1.4]",1.369502221589877e-05,1.3790091410613135e-05,True
"[0.035, 0.04475814137899094, 0.11969831626736879, 0.15307069035205895, 0.1957474171359199]",2.263902928031311e-09,2.2757174409765804e-09,True
"[0.035, 0.04475814137899094, 0.11969831626736879, 0.15307069035205895, 0.25032258773548044]",7.899752893404494e-09,7.936861415123157e-09,True
"[0.035, 0.04475814137899094, 0.11969831626736879, 0.15307069035205895, 0.3201135363491284]",1.8281945857133494e-08,1.8363314611443142e-08,True
"[0.035, 0.04475814137899094, 0.11969831626736879, 0.15307069035205895, 0.4093624833498013]",3.557530123786202e-08,3.572808107246276e-08,True
"[0.035, 0.04475814137899094, 0.11969831626736879, 0.15307069035205895, 0.5234943972864351]",6.19781781166453e-08,6.22371170267796e-08,True
"[0.035, 0.04475814137899094, 0.11969831626736879, 0.15307069035205895, 0.6694467498530259]",9.894745911828687e-08,9.935130345766237e-08,True
"[0.035, 0.04475814137899094, 0.11969831626736879, 0.15307069035205895, 0.8560912078750774]",1.4615984006853816e-07,1.467487984070868e-07,True
"[0.035, 0.04475814137899094, 0.11969831626736879, 0.15307069035205895, 1.0947728947252522]",2.008541490631668e-07,2.0167560103219487e-07,True
"[0.035, 0.04475814137899094, 0.11969831626736879, 0.15307069035205895, 1.4]",2.583450505564464e-07,2.594176938321006e-07,True
"[0.035, 0.04475814137899094, 0.11969831626736879, 0.1957474171359199, 0.25032258773548044]",3.150739771597892e-08,3.171122396571686e-08,True
"[0.035, 0.04475814137899094, 0.11969831626736879, 0.1957474171359199, 0.3201135363491284]",8.313564941597099e-08,8.35125985860824e-08,True
"[0.035, 0.04475814137899094, 0.11969831626736879, 0.1957474171359199, 0.4093624833498013]",1.5999116809638377e-07,1.6061275261493132e-07,True
"[0.035, 0.04475814137899094, 0.11969831626736879, 0.1957474171359199, 0.5234943972864351]",2.722191851680508e-07,2.7319929846035895e-07,True
"[0.035, 0.04475814137899094, 0.11969831626736879, 0.1957474171359199, 0.6694467498530259]",4.2529244353276047e-07,4.2682179838561436e-07,True
"[0.035, 0.04475814137899094, 0.11969831626736879, 0.1957474171359199, 0.8560912078750774]",6.177210899487343e-07,6.199813471186863e-07,True
"[0.035, 0.04475814137899094, 0.11969831626736879, 0.1957474171359199, 1.0947728947252522]",8.390498003130606e-07,8.422019821787648e-07,True
"[0.035, 0.04475814137899094, 0.11969831626736879, 0.1957474171359199, 1.4]",1.0717062768926888e-06,1.075848326966493e-06,True
"[0.035, 0.04475814137899094, 0.11969831626736879, 0.25032258773548044, 0.3201135363491284]",1.888780518441401e-07,1.9005790134760552e-07,True
"[0.035, 0.04475814137899094, 0.11969831626736879, 0.25032258773548044, 0.4093624833498013]",3.8495338841302965e-07,3.8638957823518813e-07,True
"[0.035, 0.04475814137899094, 0.11969831626736879, 0.25032258773548044, 0.5234943972864351]",6.448629154838732e-07,6.470636018815646e-07,True
"[0.035, 0.04475814137899094, 0.11969831626736879, 0.25032258773548044, 0.6694467498530259]",9.908588573112063e-07,9.942444756541394e-07,True
"[0.035, 0.04475814137899094, 0.11969831626736879, 0.25032258773548044, 0.8560912078750774]",1.4212769328898014e-06,1.4263028000090414e-06,True
"[0.035, 0.04475814137899094, 0.11969831626736879, 0.25032258773548044, 1.0947728947252522]",1.91489953078599e-06,1.921995015929474e-06,True
"[0.035, 0.04475814137899094, 0.11969831626736879, 0.25032258773548044, 1.4]",2.4355046173066013e-06,2.4449699544062666e-06,True
"[0.035, 0.04475814137899094, 0.11969831626736879, 0.3201135363491284, 0.4093624833498013]",7.13162220804125e-07,7.16928966088548e-07,True
"[0.035, 0.04475814137899094, 0.11969831626736879, 0.3201135363491284, 0.5234943972864351]",1.2246582017513945e-06,1.2290437441294382e-06,True
"[0.035, 0.04475814137899094, 0.11969831626736879, 0.3201135363491284, 0.6694467498530259]",1.8656820731183996e-06,1.8722676127170114e-06,True
"[0.035, 0.04475814137899094, 0.11969831626736879, 0.3201135363491284, 0.8560912078750774]",2.655489552793879e-06,2.6653379125766575e-06,True
"[0.035, 0.04475814137899094, 0.11969831626736879, 0.3201135363491284, 1.0947728947252522]",3.5609568624386376e-06,3.575065138790064e-06,True
"[0.035, 0.04475814137899094, 0.11969831626736879, 0.3201135363491284, 1.4]",4.520968607385206e-06,4.540091777655482e-06,True
"[0.035, 0.04475814137899094, 0.11969831626736879, 0.4093624833498013, 0.5234943972864351]",2.0472040562550996e-06,2.0567439279824662e-06,True
"[0.035, 0.04475814137899094, 0.11969831626736879, 0.4093624833498013, 0.6694467498530259]",3.1500939598784065e-06,3.162457904179421e-06,True
"[0.035, 0.04475814137899094, 0.11969831626736879, 0.4093624833498013, 0.8560912078750774]",4.46537702986253e-06,4.483747940847546e-06,True
"[0.035, 0.04475814137899094, 0.11969831626736879, 0.4093624833498013, 1.0947728947252522]",5.97171067444299e-06,5.998307447441615e-06,True
"[0.035, 0.04475814137899094, 0.11969831626736879, 0.4093624833498013, 1.4]",7.577830043627525e-06,7.614362379826167e-06,True
"[0.035, 0.04475814137899094, 0.11969831626736879, 0.5234943972864351, 0.6694467498530259]",4.9066497582814725e-06,4.931149621415743e-06,True
"[0.035, 0.04475814137899094, 0.11969831626736879, 0.5234943972864351, 0.8560912078750774]",6.986754876509951e-06,7.01991748543853e-06,True
"[0.035, 0.04475814137899094, 0.11969831626736879, 0.5234943972864351, 1.0947728947252522]",9.332447903618462e-06,9.380437787476858e-06,True
"[0.035, 0.04475814137899094, 0.11969831626736879, 0.5234943972864351, 1.4]",1.1843827388607981e-05,1.1910342741791895e-05,True
"[0.035, 0.04475814137899094, 0.11969831626736879, 0.6694467498530259, 0.8560912078750774]",1.0267558199912835e-05,1.032806698481709e-05,True
"[0.035, 0.04475814137899094, 0.11969831626736879, 0.6694467498530259, 1.0947728947252522]",1.3754020779649295e-05,1.3836847378938981e-05,True
"[0.035, 0.04475814137899094, 0.11969831626736879, 0.6694467498530259, 1.4]",1.7463809080295073e-05,1.7578766133845967e-05,True
"[0.035, 0.04475814137899094, 0.11969831626736879, 0.8560912078750774, 1.0947728947252522]",1.9179258941901945e-05,1.931928970940744e-05,True
"[0.035, 0.04475814137899094, 0.11969831626736879, 0.8560912078750774, 1.4]",2.4404737476262782e-05,2.459259167816197e-05,True
"[0.035, 0.04475814137899094, 0.11969831626736879, 1.0947728947252522, 1.4]",3.2379532487762416e-05,3.267445091340861e-05,True
"[0.035, 0.04475814137899094, 0.15307069035205895, 0.1957474171359199, 0.25032258773548044]",1.5048648272043042e-08,1.518440832901669e-08,True
"[0.035, 0.04475814137899094, 0.15307069035205895, 0.1957474171359199, 0.3201135363491284]",5.281022838826611e-08,5.3228916296315424e-08,True
"[0.035, 0.04475814137899094, 0.15307069035205895, 0.1957474171359199, 0.4093624833498013]",1.1953280830978807e-07,1.204173095915375e-07,True
"[0.035, 0.04475814137899094, 0.15307069035205895, 0.1957474171359199, 0.5234943972864351]",2.2474863425449035e-07,2.2633543894451294e-07,True
"[0.035, 0.04475814137899094, 0.15307069035205895, 0.1957474171359199, 0.6694467498530259]",3.750636817723188e-07,3.776179929651512e-07,True
"[0.035, 0.04475814137899094, 0.15307069035205895, 0.1957474171359199, 0.8560912078750774]",5.700449579373672e-07,5.73814625552385e-07,True
"[0.035, 0.04475814137899094, 0.15307069035205895, 0.1957474171359199, 1.0947728947252522]",7.994729180432061e-07,8.046309884678132e-07,True
"[0.035, 0.04475814137899094, 0.15307069035205895, 0.1957474171359199, 1.4]",1.0446652862539998e-06,1.0514209695166265e-06,True
"[0.035, 0.04475814137899094, 0.15307069035205895, 0.25032258773548044, 0.3201135363491284]",1.999203089107204e-07,2.0211119890624397e-07,True
"[0.035, 0.04475814137899094, 0.15307069035205895, 0.25032258773548044, 0.4093624833498013]",5.153755653458902e-07,5.191635823020816e-07,True
"[0.035, 0.04475814137899094, 0.15307069035205895, 0.25032258773548044, 0.5234943972864351]",9.497863721319604e-07,9.555820448733756e-07,True
"[0.035, 0.04475814137899094, 0.15307069035205895, 0.25032258773548044, 0.6694467498530259]",1.5368049849650322e-06,1.545447453496913e-06,True
"[0.035, 0.04475814137899094, 0.15307069035205895, 0.25032258773548044, 0.8560912078750774]",2.275107072133145e-06,2.2878923874813876e-06,True
"[0.035, 0.04475814137899094, 0.15307069035205895, 0.25032258773548044, 1.0947728947252522]",3.129928059157437e-06,3.14783213610324e-06,True
"[0.035, 0.04475814137899094, 0.15307069035205895, 0.25032258773548044, 1.4]",4.039192973722672e-06,4.062886787490124e-06,True
"[0.035, 0.04475814137899094, 0.15307069035205895, 0.3201135363491284, 0.4093624833498013]",1.0951966790412685e-06,1.106620014790863e-06,True
"[0.035, 0.04475814137899094, 0.15307069035205895, 0.3201135363491284, 0.5234943972864351]",2.14137766562666e-06,2.1538313303302717e-06,True
"[0.035, 0.04475814137899094, 0.15307069035205895, 0.3201135363491284, 0.6694467498530259]",3.4024446439320125e-06,3.4206895247094712e-06,True
"[0.035, 0.04475814137899094, 0.15307069035205895, 0.3201135363491284, 0.8560912078750774]",4.948678714326981e-06,4.97540840246649e-06,True
"[0.035, 0.04475814137899094, 0.15307069035205895, 0.3201135363491284, 1.0947728947252522]",6.724504493812006e-06,6.7622470284612985e-06,True
"[0.035, 0.04475814137899094, 0.15307069035205895, 0.3201135363491284, 1.4]",8.614798323038256e-06,8.665481936627766e-06,True
"[0.035, 0.04475814137899094, 0.15307069035205895, 0.4093624833498013, 0.5234943972864351]",3.724063395650214e-06,3.756377182765267e-06,True
"[0.035, 0.04475814137899094, 0.15307069035205895, 0.4093624833498013, 0.6694467498530259]",6.084451424217631e-06,6.119396794230638e-06,True
"[0.035, 0.04475814137899094, 0.15307069035205895, 0.4093624833498013, 0.8560912078750774]",8.781017733152155e-06,8.831166437190118e-06,True
"[0.035, 0.04475814137899094, 0.15307069035205895, 0.4093624833498013, 1.0947728947252522]",1.185424471031299e-05,1.1925709213406481e-05,True
"[0.035, 0.04475814137899094, 0.15307069035205895, 0.4093624833498013, 1.4]",1.5134963498125489e-05,1.5232374919237233e-05,True
"[0.035, 0.04475814137899094, 0.15307069035205895, 0.5234943972864351, 0.6694467498530259]",9.601180568898485e-06,9.674525149220934e-06,True
"[0.035, 0.04475814137899094, 0.15307069035205895, 0.5234943972864351, 0.8560912078750774]",1.4039231661010178e-05,1.4130324511017186e-05,True
"[0.035, 0.04475814137899094, 0.15307069035205895, 0.5234943972864351, 1.0947728947252522]",1.8906557579656432e-05,1.9035513792009677e-05,True
"[0.035, 0.04475814137899094, 0.15307069035205895, 0.5234943972864351, 1.4]",2.4105809904269264e-05,2.428323120846807e-05,True
"[0.035, 0.04475814137899094, 0.15307069035205895, 0.6694467498530259, 0.8560912078750774]",2.072482228378552e-05,2.0898453162532305e-05,True
"[0.035, 0.04475814137899094, 0.15307069035205895, 0.6694467498530259, 1.0947728947252522]",2.811305787844397e-05,2.8336790132495078e-05,True
"[0.035, 0.04475814137899094, 0.15307069035205895, 0.6694467498530259, 1.4]",3.5844663340146664e-05,3.615164694448042e-05,True
"[0.035, 0.04475814137899094, 0.15307069035205895, 0.8560912078750774, 1.0947728947252522]",3.926326739109564e-05,3.965343198120963e-05,True
"[0.035, 0.04475814137899094, 0.15307069035205895, 0.8560912078750774, 1.4]",5.0286302999194887e-05,5.0790191002003154e-05,True
"[0.035, 0.04475814137899094, 0.15307069035205895, 1.0947728947252522, 1.4]",6.675375072106656e-05,6.756258811900066e-05,True
"[0.035, 0.04475814137899094, 0.1957474171359199, 0.25032258773548044, 0.3201135363491284]",9.05436134668078e-08,9.193471804970676e-08,True
"[0.035, 0.04475814137899094, 0.1957474171359199, 0.25032258773548044, 0.4093624833498013]",3.1280544061278136e-07,3.1693716830180036e-07,True
"[0.035, 0.04475814137899094, 0.1957474171359199, 0.25032258773548044, 0.5234943972864351]",6.825897893639331e-07,6.908746425773423e-07,True
"[0.035, 0.04475814137899094, 0.1957474171359199, 0.25032258773548044, 0.6694467498530259]",1.226047103673657e-06,1.2400802807785254e-06,True
"[0.035, 0.04475814137899094, 0.1957474171359199, 0.25032258773548044, 0.8560912078750774]",1.944372618506447e-06,1.965659986508108e-06,True
"[0.035, 0.04475814137899094, 0.1957474171359199, 0.25032258773548044, 1.0947728947252522]",2.80379562937236e-06,2.8334447038699963e-06,True
"[0.035, 0.04475814137899094, 0.1957474171359199, 0.25032258773548044, 1.4]",3.7395144848279467e-06,3.777996737673655e-06,True
"[0.035, 0.04475814137899094, 0.1957474171359199, 0.3201135363491284, 0.4093624833498013]",1.102847900890845e-06,1.1230463624428863e-06,True
"[0.035, 0.04475814137899094, 0.1957474171359199, 0.3201135363491284, 0.5234943972864351]",2.7251316176523113e-06,2.7570083350896477e-06,True
"[0.035, 0.04475814137899094, 0.1957474171359199, 0.3201135363491284, 0.6694467498530259]",4.755828354199173e-06,4.800560510915919e-06,True
"[0.035, 0.04475814137899094, 0.1957474171359199, 0.3201135363491284, 0.8560912078750774]",7.269706907574978e-06,7.33292014187323e-06,True
"[0.035, 0.04475814137899094, 0.1957474171359199, 0.3201135363491284, 1.0947728947252522]",1.0178984109571242e-05,1.0267700850753855e-05,True
"[0.035, 0.04475814137899094, 0.1957474171359199, 0.3201135363491284, 1.4]",1.3300269074554462e-05,1.341844271235562e-05,True
"[0.035, 0.04475814137899094, 0.1957474171359199, 0.4093624833498013, 0.5234943972864351]",5.364531878025234e-06,5.456282341317591e-06,True
"[0.035, 0.04475814137899094, 0.1957474171359199, 0.4093624833498013, 0.6694467498530259]",9.939456663771123e-06,1.0029541060903519e-05,True
"[0.035, 0.04475814137899094, 0.1957474171359199, 0.4093624833498013, 0.8560912078750774]",1.4909804595313205e-05,1.503569175124279e-05,True
"[0.035, 0.04475814137899094, 0.1957474171359199, 0.4093624833498013, 1.0947728947252522]",2.052382880089672e-05,2.0699804416983334e-05,True
"[0.035, 0.04475814137899094, 0.1957474171359199, 0.4093624833498013, 1.4]",2.6517662629537924e-05,2.6754666141843785e-05,True
"[0.035, 0.04475814137899094, 0.1957474171359199, 0.5234943972864351, 0.6694467498530259]",1.6155023482416028e-05,1.6384306607184487e-05,True
"[0.035, 0.04475814137899094, 0.1957474171359199, 0.5234943972864351, 0.8560912078750774]",2.5012841664237424e-05,2.5244396290307055e-05,True
"[0.035, 0.04475814137899094, 0.1957474171359199, 0.5234943972864351, 1.0947728947252522]",3.422549979529092e-05,3.454363724979664e-05,True
"[0.035, 0.04475814137899094, 0.1957474171359199, 0.5234943972864351, 1.4]",4.399806443558603e-05,4.44302849085164e-05,True
"[0.035, 0.04475814137899094, 0.1957474171359199, 0.6694467498530259, 0.8560912078750774]",3.7205805158937183e-05,3.766879686357039e-05,True
"[0.035, 0.04475814137899094, 0.1957474171359199, 0.6694467498530259, 1.0947728947252522]",5.174486887890524e-05,5.2299386790687236e-05,True
"[0.035, 0.04475814137899094, 0.1957474171359199, 0.6694467498530259, 1.4]",6.645124206246906e-05,6.71983934569793e-05,True
"[0.035, 0.04475814137899094, 0.1957474171359199, 0.8560912078750774, 1.0947728947252522]",7.236009628415786e-05,7.335848283201905e-05,True
"[0.035, 0.04475814137899094, 0.1957474171359199, 0.8560912078750774, 1.4]",9.380362271756933e-05,9.503494408186637e-05,True
"[0.035, 0.04475814137899094, 0.1957474171359199, 1.0947728947252522, 1.4]",0.0001244775206458498,0.0001265116442223243,True
"[0.035, 0.04475814137899094, 0.25032258773548044, 0.3201135363491284, 0.4093624833498013]",4.838531669280204e-07,4.964525690012184e-07,True
"[0.035, 0.04475814137899094, 0.25032258773548044, 0.3201135363491284, 0.5234943972864351]",1.6192912580064372e-06,1.654750783556727e-06,True
"[0.035, 0.04475814137899094, 0.25032258773548044, 0.3201135363491284, 0.6694467498530259]",3.3695489964690326e-06,3.4362256736784595e-06,True
"[0.035, 0.04475814137899094, 0.25032258773548044, 0.3201135363491284, 0.8560912078750774]",5.74096307987404e-06,5.846811660731516e-06,True
"[0.035, 0.04475814137899094, 0.25032258773548044, 0.3201135363491284, 1.0947728947252522]",8.630290116849988e-06,8.781305630016954e-06,True
"[0.035, 0.04475814137899094, 0.25032258773548044, 0.3201135363491284, 1.4]",1.1833289242760722e-05,1.2032427908293444e-05,True
"[0.035, 0.04475814137899094, 0.25032258773548044, 0.4093624833498013, 0.5234943972864351]",5.234275528584179e-06,5.393852699528159e-06,True
"[0.035, 0.04475814137899094, 0.25032258773548044, 0.4093624833498013, 0.6694467498530259]",1.2246901638128189e-05,1.2473285456041833e-05,True
"[0.035, 0.04475814137899094, 0.25032258773548044, 0.4093624833498013, 0.8560912078750774]",2.0132508151302774e-05,2.0423110716450335e-05,True
"[0.035, 0.04475814137899094, 0.25032258773548044, 0.4093624833498013, 1.0947728947252522]",2.9053084447989327e-05,2.9442295710109526e-05,True
"[0.035, 0.04475814137899094, 0.25032258773548044, 0.4093624833498013, 1.4]",3.860585647396731e-05,3.9126189699487134e-05,True
"[0.035, 0.04475814137899094, 0.25032258773548044, 0.5234943972864351, 0.6694467498530259]",2.217602272189327e-05,2.2798774954958773e-05,True
"[0.035, 0.04475814137899094, 0.25032258773548044, 0.5234943972864351, 0.8560912078750774]",3.881239135562362e-05,3.9360807463481084e-05,True
"[0.035, 0.04475814137899094, 0.25032258773548044, 0.5234943972864351, 1.0947728947252522]",5.501934187911673e-05,5.5753026707424615e-05,True
"[0.035, 0.04475814137899094, 0.25032258773548044, 0.5234943972864351, 1.4]",7.198098102903184e-05,7.296122859517478e-05,True
"[0.035, 0.04475814137899094, 0.25032258773548044, 0.6694467498530259, 0.8560912078750774]",5.8807176297148885e-05,6.0206030564100735e-05,True
"[0.035, 0.04475814137899094, 0.25032258773548044, 0.6694467498530259, 1.0947728947252522]",8.655494073392678e-05,8.784495366671502e-05,True
"[0.035, 0.04475814137899094, 0.25032258773548044, 0.6694467498530259, 1.4]",0.00011276907171528903,0.00011446365200695632,True
"[0.035, 0.04475814137899094, 0.25032258773548044, 0.8560912078750774, 1.0947728947252522]",0.00012123910278303073,0.00012383694132964932,True
"[0.035, 0.04475814137899094, 0.25032258773548044, 0.8560912078750774, 1.4]",0.0001612391534900256,0.00016404333969735515,True
"[0.035, 0.04475814137899094, 0.25032258773548044, 1.0947728947252522, 1.4]",0.00021370145573537558,0.0002185047676313182,True
"[0.035, 0.04475814137899094, 0.3201135363491284, 0.4093624833498013, 0.5234943972864351]",2.2463884662703205e-06,2.345857246461789e-06,True
"[0.035, 0.04475814137899094, 0.3201135363491284, 0.4093624833498013, 0.6694467498530259]",7.209313094329984e-06,7.471612220320593e-06,True
"[0.035, 0.04475814137899094, 0.3201135363491284, 0.4093624833498013, 0.8560912078750774]",1.4223602223691707e-05,1.4683117065918064e-05,True
"[0.035, 0.04475814137899094, 0.3201135363491284, 0.4093624833498013, 1.0947728947252522]",2.2954485294462413e-05,2.36374485473084e-05,True
"[0.035, 0.04475814137899094, 0.3201135363491284, 0.4093624833498013, 1.4]",3.280018344857335e-05,3.372005934772261e-05,True
"[0.035, 0.04475814137899094, 0.3201135363491284, 0.5234943972864351, 0.6694467498530259]",2.1082319356344886e-05,2.216074085010627e-05,True
"[0.035, 0.04475814137899094, 0.3201135363491284, 0.5234943972864351, 0.8560912078750774]",4.660403920615345e-05,4.7977744546550733e-05,True
"[0.035, 0.04475814137899094, 0.3201135363491284, 0.5234943972864351, 1.0947728947252522]",7.226876460084888e-05,7.38927106967371e-05,True
"[0.035, 0.04475814137899094, 0.3201135363491284, 0.5234943972864351, 1.4]",9.89043866001146e-05,0.0001009392253611308,True
"[0.035, 0.04475814137899094, 0.3201135363491284, 0.6694467498530259, 0.8560912078750774]",7.721955011027274e-05,8.086658745255876e-05,True
"[0.035, 0.04475814137899094, 0.3201135363491284, 0.6694467498530259, 1.0947728947252522]",0.00012855923238523834,0.0001313999387531664,True
"[0.035, 0.04475814137899094, 0.3201135363491284, 0.6694467498530259, 1.4]",0.0001730730834153338,0.00017669656899277244,True
"[0.035, 0.04475814137899094, 0.3201135363491284, 0.8560912078750774, 1.0947728947252522]",0.0001809539237261404,0.00018851147351078493,True
"[0.035, 0.04475814137899094, 0.3201135363491284, 0.8560912078750774, 1.4]",0.0002557015283168432,0.0002617439372459475,True
"[0.035, 0.04475814137899094, 0.3201135363491284, 1.0947728947252522, 1.4]",0.0003357795411809704,0.00034930174631525883,True
"[0.035, 0.04475814137899094, 0.4093624833498013, 0.5234943972864351, 0.6694467498530259]",8.850748760511569e-06,9.524510989204206e-06,True
"[0.035, 0.04475814137899094, 0.4093624833498013, 0.5234943972864351, 0.8560912078750774]",2.7176045986947264e-05,2.88362516037923e-05,True
"[0.035, 0.04475814137899094, 0.4093624833498013, 0.5234943972864351, 1.0947728947252522]",5.087127328688036e-05,5.358338982813074e-05,True
"[0.035, 0.04475814137899094, 0.4093624833498013, 0.5234943972864351, 1.4]",7.806086851380133e-05,8.18524174079779e-05,True
"[0.035, 0.04475814137899094, 0.4093624833498013, 0.6694467498530259, 0.8560912078750774]",7.108631646198768e-05,7.732921891641839e-05,True
"[0.035, 0.04475814137899094, 0.4093624833498013, 0.6694467498530259, 1.0947728947252522]",0.00014990827979521155,0.00015714936040201868,True
"[0.035, 0.04475814137899094, 0.4093624833498013, 0.6694467498530259, 1.4]",0.00022082705306010413,0.0002288007500575757,True
"[0.035, 0.04475814137899094, 0.4093624833498013, 0.8560912078750774, 1.0947728947252522]",0.00022589737021057262,0.0002446544045279514,True
"[0.035, 0.04475814137899094, 0.4093624833498013, 0.8560912078750774, 1.4]",0.0003631795276187537,0.0003767815032712964,True
"[0.035, 0.04475814137899094, 0.4093624833498013, 1.0947728947252522, 1.4]",0.0004717595460507022,0.0005085056854512896,True
"[0.035, 0.04475814137899094, 0.5234943972864351, 0.6694467498530259, 0.8560912078750774]",2.8890962995252737e-05,3.274537174030055e-05,True
"[0.035, 0.04475814137899094, 0.5234943972864351, 0.6694467498530259, 1.0947728947252522]",8.545319131496646e-05,9.440184599174543e-05,True
"[0.035, 0.04475814137899094, 0.5234943972864351, 0.6694467498530259, 1.4]",0.00015281034243298008,0.00016654964465304776,True
"[0.035, 0.04475814137899094, 0.5234943972864351, 0.8560912078750774, 1.0947728947252522]",0.00019771958446055657,0.0002287026400485509,True
"[0.035, 0.04475814137899094, 0.5234943972864351, 0.8560912078750774, 1.4]",0.0004066969959332214,0.0004403199346154071,True
"[0.035, 0.04475814137899094, 0.5234943972864351, 1.0947728947252522, 1.4]",0.0005503677220129627,0.0006358677538031472,True
"[0.035, 0.04475814137899094, 0.6694467498530259, 0.8560912078750774, 1.0947728947252522]",7.614236203960792e-05,9.444614908615401e-05,True
"[0.035, 0.04475814137899094, 0.6694467498530259, 0.8560912078750774, 1.4]",0.00022033166832551747,0.0002611695321284438,True
"[0.035, 0.04475814137899094, 0.6694467498530259, 1.0947728947252522, 1.4]",0.00044374792395944214,0.0005748447261491741,True
"[0.035, 0.04475814137899094, 0.8560912078750774, 1.0947728947252522, 1.4]",0.0001571894418148321,0.00022790425781462923,True
"[0.035, 0.05723689199147829, 0.07319476868138912, 0.09360176585269005, 0.11969831626736879]",5.70003802377543e-11,5.7087387964081295e-11,True
"[0.035, 0.05723689199147829, 0.07319476868138912, 0.09360176585269005, 0.15307069035205895]",1.7144248680511705e-10,1.716647358914742e-10,True
"[0.035, 0.05723689199147829, 0.07319476868138912, 0.09360176585269005, 0.1957474171359199]",3.749874642681999e-10,3.754429513617332e-10,True
"[0.035, 0.05723689199147829, 0.07319476868138912, 0.09360176585269005, 0.25032258773548044]",7.234051119752022e-10,7.242536767546339e-10,True
"[0.035, 0.05723689199147829, 0.07319476868138912, 0.09360176585269005, 0.3201135363491284]",1.29131771497176e-09,1.292799691799867e-09,True
"[0.035, 0.05723689199147829, 0.07319476868138912, 0.09360176585269005, 0.4093624833498013]",2.1692666116297463e-09,2.1717918732046787e-09,True
"[0.035, 0.05723689199147829, 0.07319476868138912, 0.09360176585269005, 0.5234943972864351]",3.4460315103064355e-09,3.4501415777194137e-09,True
"[0.035, 0.05723689199147829, 0.07319476868138912, 0.09360176585269005, 0.6694467498530259]",5.1715197891953245e-09,5.177886082895058e-09,True
"[0.035, 0.05723689199147829, 0.07319476868138912, 0.09360176585269005, 0.8560912078750774]",7.310036330331452e-09,7.31936009195086e-09,True
"[0.035, 0.05723689199147829, 0.07319476868138912, 0.09360176585269005, 1.0947728947252522]",9.715731292373144e-09,9.728566314866741e-09,True
"[0.035, 0.05723689199147829, 0.07319476868138912, 0.09360176585269005, 1.4]",1.2164139422787673e-08,1.2180715917980708e-08,True
"[0.035, 0.05723689199147829, 0.07319476868138912, 0.11969831626736879, 0.15307069035205895]",5.524267802893648e-10,5.534135182993757e-10,True
"[0.035, 0.05723689199147829, 0.07319476868138912, 0.11969831626736879, 0.1957474171359199]",1.3307561252359817e-09,1.3324511239267853e-09,True
"[0.035, 0.05723689199147829, 0.07319476868138912, 0.11969831626736879, 0.25032258773548044]",2.5669168313277322e-09,2.5698375394389806e-09,True
"[0.035, 0.05723689199147829, 0.07319476868138912, 0.11969831626736879, 0.3201135363491284]",4.541923564253016e-09,4.547022680018621e-09,True
"[0.035, 0.05723689199147829, 0.07319476868138912, 0.11969831626736879, 0.4093624833498013]",7.561820991131983e-09,7.570448999893506e-09,True
"[0.035, 0.05723689199147829, 0.07319476868138912, 0.11969831626736879, 0.5234943972864351]",1.1919207350916678e-08,1.1933285522242359e-08,True
"[0.035, 0.05723689199147829, 0.07319476868138912, 0.11969831626736879, 0.6694467498530259]",1.7776367126119008e-08,1.7798357620853934e-08,True
"[0.035, 0.05723689199147829, 0.07319476868138912, 0.11969831626736879, 0.8560912078750774]",2.5017519126078596e-08,2.505010687340729e-08,True
"[0.035, 0.05723689199147829, 0.07319476868138912, 0.11969831626736879, 1.0947728947252522]",3.317190010303771e-08,3.321735377489096e-08,True
"[0.035, 0.05723689199147829, 0.07319476868138912, 0.11969831626736879, 1.4]",4.151169063150798e-08,4.157115922838464e-08,True
"[0.035, 0.05723689199147829, 0.07319476868138912, 0.15307069035205895, 0.1957474171359199]",3.0277124374152618e-09,3.032723376119455e-09,True
"[0.035, 0.05723689199147829, 0.07319476868138912, 0.15307069035205895, 0.25032258773548044]",6.0555117145953815e-09,6.062550063357928e-09,True
"[0.035, 0.05723689199147829, 0.07319476868138912, 0.15307069035205895, 0.3201135363491284]",1.0652971206882113e-08,1.0664868457999652e-08,True
"[0.035, 0.05723689199147829, 0.07319476868138912, 0.15307069035205895, 0.4093624833498013]",1.7603062636548018e-08,1.7623173367128426e-08,True
"[0.035, 0.05723689199147829, 0.07319476868138912, 0.15307069035205895, 0.5234943972864351]",2.7566217080118414e-08,2.759933083921923e-08,True
"[0.035, 0.05723689199147829, 0.07319476868138912, 0.15307069035205895, 0.6694467498530259]",4.0903532827387894e-08,4.095594160508712e-08,True
"[0.035, 0.05723689199147829, 0.07319476868138912, 0.15307069035205895, 0.8560912078750774]",5.736943542523024e-08,5.744824016469284e-08,True
"[0.035, 0.05723689199147829, 0.07319476868138912, 0.15307069035205895, 1.0947728947252522]",7.59491599093906e-08,7.60606897419499e-08,True
"[0.035, 0.05723689199147829, 0.07319476868138912, 0.15307069035205895, 1.4]",9.506037980127659e-08,9.520830653335444e-08,True
"[0.035, 0.05723689199147829, 0.07319476868138912, 0.1957474171359199, 0.25032258773548044]",1.1878493581079033e-08,1.1895628235404536e-08,True
"[0.035, 0.05723689199147829, 0.07319476868138912, 0.1957474171359199, 0.3201135363491284]",2.118497137860176e-08,2.1209990839057142e-08,True
"[0.035, 0.05723689199147829, 0.07319476868138912, 0.1957474171359199, 0.4093624833498013]",3.484832022528639e-08,3.489015355418644e-08,True
"[0.035, 0.05723689199147829, 0.07319476868138912, 0.1957474171359199, 0.5234943972864351]",5.4298910696780704e-08,5.436839008906621e-08,True
"[0.035, 0.05723689199147829, 0.07319476868138912, 0.1957474171359199, 0.6694467498530259]",8.024381392592747e-08,8.03552062213888e-08,True
"[0.035, 0.05723689199147829, 0.07319476868138912, 0.1957474171359199, 0.8560912078750774]",1.1225287831773107e-07,1.1242268171451636e-07,True
"[0.035, 0.05723689199147829, 0.07319476868138912, 0.1957474171359199, 1.0947728947252522]",1.484743747201005e-07,1.4871793729721074e-07,True
"[0.035, 0.05723689199147829, 0.07319476868138912, 0.1957474171359199, 1.4]",1.8598391798691072e-07,1.8631111351434402e-07,True
"[0.035, 0.05723689199147829, 0.07319476868138912, 0.25032258773548044, 0.3201135363491284]",3.8181635566150314e-08,3.823638713638323e-08,True
"[0.035, 0.05723689199147829, 0.07319476868138912, 0.25032258773548044, 0.4093624833498013]",6.302670833006298e-08,6.310978509485615e-08,True
"[0.035, 0.05723689199147829, 0.07319476868138912, 0.25032258773548044, 0.5234943972864351]",9.78073225541919e-08,9.79452836068121e-08,True
"[0.035, 0.05723689199147829, 0.07319476868138912, 0.25032258773548044, 0.6694467498530259]",1.4401174723629733e-07,1.44235227772955e-07,True
"[0.035, 0.05723689199147829, 0.07319476868138912, 0.25032258773548044, 0.8560912078750774]",2.0099085115168305e-07,2.0133556522237752e-07,True
"[0.035, 0.05723689199147829, 0.07319476868138912, 0.25032258773548044, 1.0947728947252522]",2.6568844306770886e-07,2.6618881025522236e-07,True
"[0.035, 0.05723689199147829, 0.07319476868138912, 0.25032258773548044, 1.4]",3.3319420727769366e-07,3.338743540345979e-07,True
"[0.035, 0.05723689199147829, 0.07319476868138912, 0.3201135363491284, 0.4093624833498013]",1.0665312201791697e-07,1.0682155631194642e-07,True
"[0.035, 0.05723689199147829, 0.07319476868138912, 0.3201135363491284, 0.5234943972864351]",1.653772672374394e-07,1.6564195703106964e-07,True
"[0.035, 0.05723689199147829, 0.07319476868138912, 0.3201135363491284, 0.6694467498530259]",2.4268293111994457e-07,2.4311337999643933e-07,True
"[0.035, 0.05723689199147829, 0.07319476868138912, 0.3201135363491284, 0.8560912078750774]",3.3795824840656066e-07,3.3862837987858864e-07,True
"[0.035, 0.05723689199147829, 0.07319476868138912, 0.3201135363491284, 1.0947728947252522]",4.4654028130209863e-07,4.475229963003654e-07,True
"[0.035, 0.05723689199147829, 0.07319476868138912, 0.3201135363491284, 1.4]",5.607473514539686e-07,5.620975742841154e-07,True
"[0.035, 0.05723689199147829, 0.07319476868138912, 0.4093624833498013, 0.5234943972864351]",2.6494603294845366e-07,2.654521134153086e-07,True
"[0.035, 0.05723689199147829, 0.07319476868138912, 0.4093624833498013, 0.6694467498530259]",3.880766947612114e-07,3.8887679819410936e-07,True
"[0.035, 0.05723689199147829, 0.07319476868138912, 0.4093624833498013, 0.8560912078750774]",5.393521245671386e-07,5.406038644074098e-07,True
"[0.035, 0.05723689199147829, 0.07319476868138912, 0.4093624833498013, 1.0947728947252522]",7.123706167342554e-07,7.142214312705382e-07,True
"[0.035, 0.05723689199147829, 0.07319476868138912, 0.4093624833498013, 1.4]",8.958044956201214e-07,8.983716964898682e-07,True
"[0.035, 0.05723689199147829, 0.07319476868138912, 0.5234943972864351, 0.6694467498530259]",5.908095673756764e-07,5.922615906817797e-07,True
"[0.035, 0.05723689199147829, 0.07319476868138912, 0.5234943972864351, 0.8560912078750774]",8.201820625581762e-07,8.224238993051139e-07,True
"[0.035, 0.05723689199147829, 0.07319476868138912, 0.5234943972864351, 1.0947728947252522]",1.0829860357942163e-06,1.0863185015778416e-06,True
"[0.035, 0.05723689199147829, 0.07319476868138912, 0.5234943972864351, 1.4]",1.3635862566283846e-06,1.3682450219321708e-06,True
"[0.035, 0.05723689199147829, 0.07319476868138912, 0.6694467498530259, 0.8560912078750774]",1.1891329583576655e-06,1.1929908297078188e-06,True
"[0.035, 0.05723689199147829, 0.07319476868138912, 0.6694467498530259, 1.0947728947252522]",1.5703196443861766e-06,1.5760241788920393e-06,True
"[0.035, 0.05723689199147829, 0.07319476868138912, 0.6694467498530259, 1.4]",1.979179603465213e-06,1.9871976706365826e-06,True
"[0.035, 0.05723689199147829, 0.07319476868138912, 0.8560912078750774, 1.0947728947252522]",2.1711313357484554e-06,2.1804003739262647e-06,True
"[0.035, 0.05723689199147829, 0.07319476868138912, 0.8560912078750774, 1.4]",2.7384291045429795e-06,2.7514327440312524e-06,True
"[0.035, 0.05723689199147829, 0.07319476868138912, 1.0947728947252522, 1.4]",3.6124165181863844e-06,3.6322580027292228e-06,True
"[0.035, 0.05723689199147829, 0.09360176585269005, 0.11969831626736879, 0.15307069035205895]",4.2863851921840015e-10,4.2960954914968014e-10,True
"[0.035, 0.05723689199147829, 0.09360176585269005, 0.11969831626736879, 0.1957474171359199]",1.2429549169362276e-09,1.2456000162147436e-09,True
"[0.035, 0.05723689199147829, 0.09360176585269005, 0.11969831626736879, 0.25032258773548044]",2.69233042662076e-09,2.697935907226014e-09,True
"[0.035, 0.05723689199147829, 0.09360176585269005, 0.11969831626736879, 0.3201135363491284]",5.130805436840049e-09,5.141354580265743e-09,True
"[0.035, 0.05723689199147829, 0.09360176585269005, 0.11969831626736879, 0.4093624833498013]",8.981988221970983e-09,9.000256986650976e-09,True
"[0.035, 0.05723689199147829, 0.09360176585269005, 0.11969831626736879, 0.5234943972864351]",1.4665904264907648e-08,1.4696080768720075e-08,True
"[0.035, 0.05723689199147829, 0.09360176585269005, 0.11969831626736879, 0.6694467498530259]",2.2435941615885707e-08,2.248340461135497e-08,True
"[0.035, 0.05723689199147829, 0.09360176585269005, 0.11969831626736879, 0.8560912078750774]",3.216902004757091e-08,3.22391845755649e-08,True
"[0.035, 0.05723689199147829, 0.09360176585269005, 0.11969831626736879, 1.0947728947252522]",4.324622223179585e-08,4.33434472624685e-08,True
"[0.035, 0.05723689199147829, 0.09360176585269005, 0.11969831626736879, 1.4]",5.4675503460285396e-08,5.480179627021603e-08,True
"[0.035, 0.05723689199147829, 0.09360176585269005, 0.15307069035205895, 0.1957474171359199]",4.176743913918588e-09,4.190420281827375e-09,True
"[0.035, 0.05723689199147829, 0.09360176585269005, 0.15307069035205895, 0.25032258773548044]",1.0398518476766228e-08,1.0423356748205305e-08,True
"[0.035, 0.05723689199147829, 0.09360176585269005, 0.15307069035205895, 0.3201135363491284]",2.0076993310172347e-08,2.011977326320404e-08,True
"[0.035, 0.05723689199147829, 0.09360176585269005, 0.15307069035205895, 0.4093624833498013]",3.501586217614309e-08,3.5088406255377416e-08,True
"[0.035, 0.05723689199147829, 0.09360176585269005, 0.15307069035205895, 0.5234943972864351]",5.6790343485221415e-08,5.690973606045928e-08,True
"[0.035, 0.05723689199147829, 0.09360176585269005, 0.15307069035205895, 0.6694467498530259]",8.632344559702703e-08,8.651053765151906e-08,True
"[0.035, 0.05723689199147829, 0.09360176585269005, 0.15307069035205895, 0.8560912078750774]",1.2317581842865814e-07,1.2345332636067934e-07,True
"[0.035, 0.05723689199147829, 0.09360176585269005, 0.15307069035205895, 1.0947728947252522]",1.651437541142611e-07,1.655312376684165e-07,True
"[0.035, 0.05723689199147829, 0.09360176585269005, 0.15307069035205895, 1.4]",2.0867604750636407e-07,2.0918430870217523e-07,True
"[0.035, 0.05723689199147829, 0.09360176585269005, 0.1957474171359199, 0.25032258773548044]",2.401009598401396e-08,2.4088086622797304e-08,True
"[0.035, 0.05723689199147829, 0.09360176585269005, 0.1957474171359199, 0.3201135363491284]",4.875047732438415e-08,4.8856111989203586e-08,True
"[0.035, 0.05723689199147829, 0.09360176585269005, 0.1957474171359199, 0.4093624833498013]",8.444961959742991e-08,8.46236242401675e-08,True
"[0.035, 0.05723689199147829, 0.09360176585269005, 0.1957474171359199, 0.5234943972864351]",1.3566550222972924e-07,1.3594963952088456e-07,True
"[0.035, 0.05723689199147829, 0.09360176585269005, 0.1957474171359199, 0.6694467498530259]",2.0459131657895103e-07,2.050388593441063e-07,True
"[0.035, 0.05723689199147829, 0.09360176585269005, 0.1957474171359199, 0.8560912078750774]",2.903136472071793e-07,2.909846545913271e-07,True
"[0.035, 0.05723689199147829, 0.09360176585269005, 0.1957474171359199, 1.0947728947252522]",3.8804220358383506e-07,3.8899147759687617e-07,True
"[0.035, 0.05723689199147829, 0.09360176585269005, 0.1957474171359199, 1.4]",4.899833015363762e-07,4.912455037544932e-07,True
"[0.035, 0.05723689199147829, 0.09360176585269005, 0.25032258773548044, 0.3201135363491284]",9.476709859233574e-08,9.503760099554837e-08,True
"[0.035, 0.05723689199147829, 0.09360176585269005, 0.25032258773548044, 0.4093624833498013]",1.6743822274583422e-07,1.6780347657777736e-07,True
"[0.035, 0.05723689199147829, 0.09360176585269005, 0.25032258773548044, 0.5234943972864351]",2.67453473024061e-07,2.680393204627744e-07,True
"[0.035, 0.05723689199147829, 0.09360176585269005, 0.25032258773548044, 0.6694467498530259]",4.009542313850962e-07,4.0188278393045376e-07,True
"[0.035, 0.05723689199147829, 0.09360176585269005, 0.25032258773548044, 0.8560912078750774]",5.666205847670632e-07,5.680297241681951e-07,True
"[0.035, 0.05723689199147829, 0.09360176585269005, 0.25032258773548044, 1.0947728947252522]",7.559152019645117e-07,7.579360479755876e-07,True
"[0.035, 0.05723689199147829, 0.09360176585269005, 0.25032258773548044, 1.4]",9.54689579947694e-07,9.574136940172827e-07,True
"[0.035, 0.05723689199147829, 0.09360176585269005, 0.3201135363491284, 0.4093624833498013]",2.954105080203561e-07,2.9621431066458363e-07,True
"[0.035, 0.05723689199147829, 0.09360176585269005, 0.3201135363491284, 0.5234943972864351]",4.7495897189808176e-07,4.7610432915517317e-07,True
"[0.035, 0.05723689199147829, 0.09360176585269005, 0.3201135363491284, 0.6694467498530259]",7.091501926471113e-07,7.109583510683118e-07,True
"[0.035, 0.05723689199147829, 0.09360176585269005, 0.3201135363491284, 0.8560912078750774]",9.99001478901437e-07,1.0017719157065241e-06,True
"[0.035, 0.05723689199147829, 0.09360176585269005, 0.3201135363491284, 1.0947728947252522]",1.3311066221269158e-06,1.335127965527488e-06,True
"[0.035, 0.05723689199147829, 0.09360176585269005, 0.3201135363491284, 1.4]",1.6823834896554378e-06,1.6878728816990698e-06,True
"[0.035, 0.05723689199147829, 0.09360176585269005, 0.4093624833498013, 0.5234943972864351]",7.808998181644036e-07,7.832045324291892e-07,True
"[0.035, 0.05723689199147829, 0.09360176585269005, 0.4093624833498013, 0.6694467498530259]",1.167708631380552e-06,1.1710942169454703e-06,True
"[0.035, 0.05723689199147829, 0.09360176585269005, 0.4093624833498013, 0.8560912078750774]",1.641231674133453e-06,1.646428214058793e-06,True
"[0.035, 0.05723689199147829, 0.09360176585269005, 0.4093624833498013, 1.0947728947252522]",2.185048705367985e-06,2.1926623117521906e-06,True
"[0.035, 0.05723689199147829, 0.09360176585269005, 0.4093624833498013, 1.4]",2.764415564076359e-06,2.774922436730397e-06,True
"[0.035, 0.05723689199147829, 0.09360176585269005, 0.5234943972864351, 0.6694467498530259]",1.808747420644031e-06,1.8150829916802852e-06,True
"[0.035, 0.05723689199147829, 0.09360176585269005, 0.5234943972864351, 0.8560912078750774]",2.5433723962316443e-06,2.552715338666116e-06,True
"[0.035, 0.05723689199147829, 0.09360176585269005, 0.5234943972864351, 1.0947728947252522]",3.384654501865045e-06,3.3983974131451986e-06,True
"[0.035, 0.05723689199147829, 0.09360176585269005, 0.5234943972864351, 1.4]",4.2864380278131e-06,4.305566752674682e-06,True
"[0.035, 0.05723689199147829, 0.09360176585269005, 0.6694467498530259, 0.8560912078750774]",3.732231244199087e-06,3.748616276749472e-06,True
"[0.035, 0.05723689199147829, 0.09360176585269005, 0.6694467498530259, 1.0947728947252522]",4.971068305146435e-06,4.994660609168337e-06,True
"[0.035, 0.05723689199147829, 0.09360176585269005, 0.6694467498530259, 1.4]",6.3011268859754615e-06,6.334114495997647e-06,True
"[0.035, 0.05723689199147829, 0.09360176585269005, 0.8560912078750774, 1.0947728947252522]",6.932816217644174e-06,6.971636020269223e-06,True
"[0.035, 0.05723689199147829, 0.09360176585269005, 0.8560912078750774, 1.4]",8.797556042787817e-06,8.851188825925664e-06,True
"[0.035, 0.05723689199147829, 0.09360176585269005, 1.0947728947252522, 1.4]",1.1679866285405051e-05,1.1762464630897637e-05,True
"[0.035, 0.05723689199147829, 0.11969831626736879, 0.15307069035205895, 0.1957474171359199]",2.6740894808751343e-09,2.6850966499454354e-09,True
"[0.035, 0.05723689199147829, 0.11969831626736879, 0.15307069035205895, 0.25032258773548044]",8.165851131681741e-09,8.198362796201148e-09,True
"[0.035, 0.05723689199147829, 0.11969831626736879, 0.15307069035205895, 0.3201135363491284]",1.7965716274846517e-08,1.8035658374269244e-08,True
"[0.035, 0.05723689199147829, 0.11969831626736879, 0.15307069035205895, 0.4093624833498013]",3.405738321993682e-08,3.418767080533642e-08,True
"[0.035, 0.05723689199147829, 0.11969831626736879, 0.15307069035205895, 0.5234943972864351]",5.842205127427316e-08,5.864201289428153e-08,True
"[0.035, 0.05723689199147829, 0.11969831626736879, 0.15307069035205895, 0.6694467498530259]",9.235344425835883e-08,9.269572394906184e-08,True
"[0.035, 0.05723689199147829, 0.11969831626736879, 0.15307069035205895, 0.8560912078750774]",1.3551563046944058e-07,1.3602792621438396e-07,True
"[0.035, 0.05723689199147829, 0.11969831626736879, 0.15307069035205895, 1.0947728947252522]",1.8540944257253144e-07,1.861263868965194e-07,True
"[0.035, 0.05723689199147829, 0.11969831626736879, 0.15307069035205895, 1.4]",2.3778271937911627e-07,2.3872188200439627e-07,True
"[0.035, 0.05723689199147829, 0.11969831626736879, 0.1957474171359199, 0.25032258773548044]",2.931879215243941e-08,2.94956621695512e-08,True
"[0.035, 0.05723689199147829, 0.11969831626736879, 0.1957474171359199, 0.3201135363491284]",7.497218168968967e-08,7.529562647209773e-08,True
"[0.035, 0.05723689199147829, 0.11969831626736879, 0.1957474171359199, 0.4093624833498013]",1.4298235037732536e-07,1.4352016566598785e-07,True
"[0.035, 0.05723689199147829, 0.11969831626736879, 0.1957474171359199, 0.5234943972864351]",2.4247679044674687e-07,2.4334307415379687e-07,True
"[0.035, 0.05723689199147829, 0.11969831626736879, 0.1957474171359199, 0.6694467498530259]",3.784072837517292e-07,3.7977083390411415e-07,True
"[0.035, 0.05723689199147829, 0.11969831626736879, 0.1957474171359199, 0.8560912078750774]",5.495243140933587e-07,5.515531483554959e-07,True
"[0.035, 0.05723689199147829, 0.11969831626736879, 0.1957474171359199, 1.0947728947252522]",7.466011129988736e-07,7.494447442638323e-07,True
"[0.035, 0.05723689199147829, 0.11969831626736879, 0.1957474171359199, 1.4]",9.540382528867007e-07,9.577884635457045e-07,True
"[0.035, 0.05723689199147829, 0.11969831626736879, 0.25032258773548044, 0.3201135363491284]",1.699747686888514e-07,1.7099630608535157e-07,True
"[0.035, 0.05723689199147829, 0.11969831626736879, 0.25032258773548044, 0.4093624833498013]",3.437099733372126e-07,3.4499009408646146e-07,True
"[0.035, 0.05723689199147829, 0.11969831626736879, 0.25032258773548044, 0.5234943972864351]",5.765174773541519e-07,5.785306007490021e-07,True
"[0.035, 0.05723689199147829, 0.11969831626736879, 0.25032258773548044, 0.6694467498530259]",8.8803938717419e-07,8.911724681307294e-07,True
"[0.035, 0.05723689199147829, 0.11969831626736879, 0.25032258773548044, 0.8560912078750774]",1.2768969075603029e-06,1.2815796560905953e-06,True
"[0.035, 0.05723689199147829, 0.11969831626736879, 0.25032258773548044, 1.0947728947252522]",1.7240305945627343e-06,1.7306675207755403e-06,True
"[0.035, 0.05723689199147829, 0.11969831626736879, 0.25032258773548044, 1.4]",2.196631480863927e-06,2.205504710478498e-06,True
"[0.035, 0.05723689199147829, 0.11969831626736879, 0.3201135363491284, 0.4093624833498013]",6.434647109114724e-07,6.468220228888408e-07,True
"[0.035, 0.05723689199147829, 0.11969831626736879, 0.3201135363491284, 0.5234943972864351]",1.1065748417215402e-06,1.1106741942712833e-06,True
"[0.035, 0.05723689199147829, 0.11969831626736879, 0.3201135363491284, 0.6694467498530259]",1.6928810180311233e-06,1.6991239432776804e-06,True
"[0.035, 0.05723689199147829, 0.11969831626736879, 0.3201135363491284, 0.8560912078750774]",2.418595480182571e-06,2.4279855932422294e-06,True
"[0.035, 0.05723689199147829, 0.11969831626736879, 0.3201135363491284, 1.0947728947252522]",3.2532537784177648e-06,3.266736068287602e-06,True
"[0.035, 0.05723689199147829, 0.11969831626736879, 0.3201135363491284, 1.4]",4.140412014430554e-06,4.158699813398781e-06,True
"[0.035, 0.05723689199147829, 0.11969831626736879, 0.4093624833498013, 0.5234943972864351]",1.8702489208510472e-06,1.8791555726074636e-06,True
"[0.035, 0.05723689199147829, 0.11969831626736879, 0.4093624833498013, 0.6694467498530259]",2.890277647932669e-06,2.9021298394831417e-06,True
"[0.035, 0.05723689199147829, 0.11969831626736879, 0.4093624833498013, 0.8560912078750774]",4.115327273232788e-06,4.133046767792167e-06,True
"[0.035, 0.05723689199147829, 0.11969831626736879, 0.4093624833498013, 1.0947728947252522]",5.523402993670348e-06,5.5490911401165776e-06,True
"[0.035, 0.05723689199147829, 0.11969831626736879, 0.4093624833498013, 1.4]",7.028766962438354e-06,7.064046850360125e-06,True
"[0.035, 0.05723689199147829, 0.11969831626736879, 0.5234943972864351, 0.6694467498530259]",4.54403067673078e-06,4.56743748226038e-06,True
"[0.035, 0.05723689199147829, 0.11969831626736879, 0.5234943972864351, 0.8560912078750774]",6.499893130197765e-06,6.53201230281697e-06,True
"[0.035, 0.05723689199147829, 0.11969831626736879, 0.5234943972864351, 1.0947728947252522]",8.716054153884664e-06,8.76261207589485e-06,True
"[0.035, 0.05723689199147829, 0.11969831626736879, 0.5234943972864351, 1.4]",1.1095450035071207e-05,1.115996080293043e-05,True
"[0.035, 0.05723689199147829, 0.11969831626736879, 0.6694467498530259, 0.8560912078750774]",9.623451058733667e-06,9.681877081739831e-06,True
"[0.035, 0.05723689199147829, 0.11969831626736879, 0.6694467498530259, 1.0947728947252522]",1.2942521992996403e-05,1.3022966317973133e-05,True
"[0.035, 0.05723689199147829, 0.11969831626736879, 0.6694467498530259, 1.4]",1.648621504560422e-05,1.6597882243676244e-05,True
"[0.035, 0.05723689199147829, 0.11969831626736879, 0.8560912078750774, 1.0947728947252522]",1.815348349561278e-05,1.8289209439688043e-05,True
"[0.035, 0.05723689199147829, 0.11969831626736879, 0.8560912078750774, 1.4]",2.3174830372143037e-05,2.335735266942077e-05,True
"[0.035, 0.05723689199147829, 0.11969831626736879, 1.0947728947252522, 1.4]",3.088813391328068e-05,3.1174369472950014e-05,True
"[0.035, 0.05723689199147829, 0.15307069035205895, 0.1957474171359199, 0.25032258773548044]",1.5872724235859435e-08,1.599625282847832e-08,True
"[0.035, 0.05723689199147829, 0.15307069035205895, 0.1957474171359199, 0.3201135363491284]",5.1239515700080204e-08,5.161299690182737e-08,True
"[0.035, 0.05723689199147829, 0.15307069035205895, 0.1957474171359199, 0.4093624833498013]",1.1298001857722542e-07,1.137684545560064e-07,True
"[0.035, 0.05723689199147829, 0.15307069035205895, 0.1957474171359199, 0.5234943972864351]",2.0997497660804744e-07,2.113941030540951e-07,True
"[0.035, 0.05723689199147829, 0.15307069035205895, 0.1957474171359199, 0.6694467498530259]",3.483564273869774e-07,3.5065008627406315e-07,True
"[0.035, 0.05723689199147829, 0.15307069035205895, 0.1957474171359199, 0.8560912078750774]",5.277958417267727e-07,5.311937829852093e-07,True
"[0.035, 0.05723689199147829, 0.15307069035205895, 0.1957474171359199, 1.0947728947252522]",7.389626601440908e-07,7.43652518011096e-07,True
"[0.035, 0.05723689199147829, 0.15307069035205895, 0.1957474171359199, 1.4]",9.647493587142006e-07,9.709677306175856e-07,True
"[0.035, 0.05723689199147829, 0.15307069035205895, 0.25032258773548044, 0.3201135363491284]",1.8674620391554766e-07,1.8874152768150433e-07,True
"[0.035, 0.05723689199147829, 0.15307069035205895, 0.25032258773548044, 0.4093624833498013]",4.773402414194372e-07,4.808554825182031e-07,True
"[0.035, 0.05723689199147829, 0.15307069035205895, 0.25032258773548044, 0.5234943972864351]",8.819559957145064e-07,8.874574562227859e-07,True
"[0.035, 0.05723689199147829, 0.15307069035205895, 0.25032258773548044, 0.6694467498530259]",1.432861519372536e-06,1.4411923800953661e-06,True
"[0.035, 0.05723689199147829, 0.15307069035205895, 0.25032258773548044, 0.8560912078750774]",2.1294614129011697e-06,2.141900362689661e-06,True
"[0.035, 0.05723689199147829, 0.15307069035205895, 0.25032258773548044, 1.0947728947252522]",2.9392655169209906e-06,2.9567868319079473e-06,True
"[0.035, 0.05723689199147829, 0.15307069035205895, 0.25032258773548044, 1.4]",3.803393823932334e-06,3.826664635744969e-06,True
"[0.035, 0.05723689199147829, 0.15307069035205895, 0.3201135363491284, 0.4093624833498013]",1.030340098047053e-06,1.0411983007649007e-06,True
"[0.035, 0.05723689199147829, 0.15307069035205895, 0.3201135363491284, 0.5234943972864351]",2.0290798818858473e-06,2.0414106017093273e-06,True
"[0.035, 0.05723689199147829, 0.15307069035205895, 0.3201135363491284, 0.6694467498530259]",3.249650007489064e-06,3.268014948743315e-06,True
"[0.035, 0.05723689199147829, 0.15307069035205895, 0.3201135363491284, 0.8560912078750774]",4.757009448355307e-06,4.784140704657118e-06,True
"[0.035, 0.05723689199147829, 0.15307069035205895, 0.3201135363491284, 1.0947728947252522]",6.49672505153074e-06,6.535175590364553e-06,True
"[0.035, 0.05723689199147829, 0.15307069035205895, 0.3201135363491284, 1.4]",8.355390557007752e-06,8.407096462072221e-06,True
"[0.035, 0.05723689199147829, 0.15307069035205895, 0.4093624833498013, 0.5234943972864351]",3.590623742167921e-06,3.6231601416689286e-06,True
"[0.035, 0.05723689199147829, 0.15307069035205895, 0.4093624833498013, 0.6694467498530259]",5.926309043380072e-06,5.9622628072636305e-06,True
"[0.035, 0.05723689199147829, 0.15307069035205895, 0.4093624833498013, 0.8560912078750774]",8.618131747001066e-06,8.67010465518876e-06,True
"[0.035, 0.05723689199147829, 0.15307069035205895, 0.4093624833498013, 1.0947728947252522]",1.1701529810925204e-05,1.1775720343302744e-05,True
"[0.035, 0.05723689199147829, 0.15307069035205895, 0.4093624833498013, 1.4]",1.5005285358050878e-05,1.5106397828943725e-05,True
"[0.035, 0.05723689199147829, 0.15307069035205895, 0.5234943972864351, 0.6694467498530259]",9.483760676984111e-06,9.55967950077111e-06,True
"[0.035, 0.05723689199147829, 0.15307069035205895, 0.5234943972864351, 0.8560912078750774]",1.3989241141478812e-05,1.4084502693343573e-05,True
"[0.035, 0.05723689199147829, 0.15307069035205895, 0.5234943972864351, 1.0947728947252522]",1.895561418096259e-05,1.9090593124518743e-05,True
"[0.035, 0.05723689199147829, 0.15307069035205895, 0.5234943972864351, 1.4]",2.4279770595452865e-05,2.446534733477095e-05,True
"[0.035, 0.05723689199147829, 0.15307069035205895, 0.6694467498530259, 0.8560912078750774]",2.0873251621062695e-05,2.105551783129392e-05,True
"[0.035, 0.05723689199147829, 0.15307069035205895, 0.6694467498530259, 1.0947728947252522]",2.850723789971977e-05,2.8742288553941904e-05,True
"[0.035, 0.05723689199147829, 0.15307069035205895, 0.6694467498530259, 1.4]",3.652111906179957e-05,3.68433618722834e-05,True
"[0.035, 0.05723689199147829, 0.15307069035205895, 0.8560912078750774, 1.0947728947252522]",4.013798335675227e-05,4.0549307820704094e-05,True
"[0.035, 0.05723689199147829, 0.15307069035205895, 0.8560912078750774, 1.4]",5.167176993934764e-05,5.220185095733157e-05,True
"[0.035, 0.05723689199147829, 0.15307069035205895, 1.0947728947252522, 1.4]",6.901633602286243e-05,6.987021478226654e-05,True
"[0.035, 0.05723689199147829, 0.1957474171359199, 0.25032258773548044, 0.3201135363491284]",9.00847445414401e-08,9.136513607218373e-08,True
"[0.035, 0.05723689199147829, 0.1957474171359199, 0.25032258773548044, 0.4093624833498013]",2.981773843454959e-07,3.0198722793143556e-07,True
"[0.035, 0.05723689199147829, 0.1957474171359199, 0.25032258773548044, 0.5234943972864351]",6.44697553227619e-07,6.52416783138815e-07,True
"[0.035, 0.05723689199147829, 0.1957474171359199, 0.25032258773548044, 0.6694467498530259]",1.1558468409744541e-06,1.1690644656451102e-06,True
"[0.035, 0.05723689199147829, 0.1957474171359199, 0.25032258773548044, 0.8560912078750774]",1.8339606404668916e-06,1.8542045161587505e-06,True
"[0.035, 0.05723689199147829, 0.1957474171359199, 0.25032258773548044, 1.0947728947252522]",2.647921333572137e-06,2.676343552540907e-06,True
"[0.035, 0.05723689199147829, 0.1957474171359199, 0.25032258773548044, 1.4]",3.536641129374471e-06,3.5737683114490426e-06,True
"[0.035, 0.05723689199147829, 0.1957474171359199, 0.3201135363491284, 0.4093624833498013]",1.0507965756293067e-06,1.0701494041616946e-06,True
"[0.035, 0.05723689199147829, 0.1957474171359199, 0.3201135363491284, 0.5234943972864351]",2.620386166471039e-06,2.652245513351483e-06,True
"[0.035, 0.05723689199147829, 0.1957474171359199, 0.3201135363491284, 0.6694467498530259]",4.6222842763668075e-06,4.668489390640734e-06,True
"[0.035, 0.05723689199147829, 0.1957474171359199, 0.3201135363491284, 0.8560912078750774]",7.129293803151844e-06,7.194721596327415e-06,True
"[0.035, 0.05723689199147829, 0.1957474171359199, 0.3201135363491284, 1.0947728947252522]",1.0051415941337145e-05,1.0143969062971233e-05,True
"[0.035, 0.05723689199147829, 0.1957474171359199, 0.3201135363491284, 1.4]",1.3202948058906286e-05,1.3326755340116642e-05,True
"[0.035, 0.05723689199147829, 0.1957474171359199, 0.4093624833498013, 0.5234943972864351]",5.281306083881995e-06,5.376223270433397e-06,True
"[0.035, 0.05723689199147829, 0.1957474171359199, 0.4093624833498013, 0.6694467498530259]",9.973471831169734e-06,1.0070102963745145e-05,True
"[0.035, 0.05723689199147829, 0.1957474171359199, 0.4093624833498013, 0.8560912078750774]",1.514054428287502e-05,1.527658759308028e-05,True
"[0.035, 0.05723689199147829, 0.1957474171359199, 0.4093624833498013, 1.0947728947252522]",2.1018108613564832e-05,2.1209083052223068e-05,True
"[0.035, 0.05723689199147829, 0.1957474171359199, 0.4093624833498013, 1.4]",2.732433324708871e-05,2.7581808717895554e-05,True
"[0.035, 0.05723689199147829, 0.1957474171359199, 0.5234943972864351, 0.6694467498530259]",1.651318011433285e-05,1.676903577338906e-05,True
"[0.035, 0.05723689199147829, 0.1957474171359199, 0.5234943972864351, 0.8560912078750774]",2.599232316953586e-05,2.624745891379321e-05,True
"[0.035, 0.05723689199147829, 0.1957474171359199, 0.5234943972864351, 1.0947728947252522]",3.589178743963277e-05,3.6242655269272446e-05,True
"[0.035, 0.05723689199147829, 0.1957474171359199, 0.5234943972864351, 1.4]",4.6435604362696246e-05,4.691191444945465e-05,True
"[0.035, 0.05723689199147829, 0.1957474171359199, 0.6694467498530259, 0.8560912078750774]",3.917844172280659e-05,3.970668436642278e-05,True
"[0.035, 0.05723689199147829, 0.1957474171359199, 0.6694467498530259, 1.0947728947252522]",5.512683471426357e-05,5.5743439423834686e-05,True
"[0.035, 0.05723689199147829, 0.1957474171359199, 0.6694467498530259, 1.4]",7.126344989034623e-05,7.209231980762016e-05,True
"[0.035, 0.05723689199147829, 0.1957474171359199, 0.8560912078750774, 1.0947728947252522]",7.784427224698108e-05,7.897423764412509e-05,True
"[0.035, 0.05723689199147829, 0.1957474171359199, 0.8560912078750774, 1.4]",0.00010171427561599602,0.00010308708495313139,True
"[0.035, 0.05723689199147829, 0.1957474171359199, 1.0947728947252522, 1.4]",0.00013594272168131912,0.00013821804774820444,True
"[0.035, 0.05723689199147829, 0.25032258773548044, 0.3201135363491284, 0.4093624833498013]",4.7097504963570547e-07,4.828038194269863e-07,True
"[0.035, 0.05723689199147829, 0.25032258773548044, 0.3201135363491284, 0.5234943972864351]",1.5503553313945938e-06,1.5841957632394183e-06,True
"[0.035, 0.05723689199147829, 0.25032258773548044, 0.3201135363491284, 0.6694467498530259]",3.2315330109557356e-06,3.2964089539235277e-06,True
"[0.035, 0.05723689199147829, 0.25032258773548044, 0.3201135363491284, 0.8560912078750774]",5.530980525583665e-06,5.635751143563687e-06,True
"[0.035, 0.05723689199147829, 0.25032258773548044, 0.3201135363491284, 1.0947728947252522]",8.353627626481368e-06,8.505217964737893e-06,True
"[0.035, 0.05723689199147829, 0.25032258773548044, 0.3201135363491284, 1.4]",1.1500664035961739e-05,1.1702775306823175e-05,True
"[0.035, 0.05723689199147829, 0.25032258773548044, 0.4093624833498013, 0.5234943972864351]",5.110556578688387e-06,5.271068359932535e-06,True
"[0.035, 0.05723689199147829, 0.25032258773548044, 0.4093624833498013, 0.6694467498530259]",1.2239152389596069e-05,1.2481542507846966e-05,True
"[0.035, 0.05723689199147829, 0.25032258773548044, 0.4093624833498013, 0.8560912078750774]",2.045550037666755e-05,2.077929162300537e-05,True
"[0.035, 0.05723689199147829, 0.25032258773548044, 0.4093624833498013, 1.0947728947252522]",2.9886105436547983e-05,3.0312402068242622e-05,True
"[0.035, 0.05723689199147829, 0.25032258773548044, 0.4093624833498013, 1.4]",4.0055221839127046e-05,4.0628485995385325e-05,True
"[0.035, 0.05723689199147829, 0.25032258773548044, 0.5234943972864351, 0.6694467498530259]",2.2747486956022158e-05,2.344179313340627e-05,True
"[0.035, 0.05723689199147829, 0.25032258773548044, 0.5234943972864351, 0.8560912078750774]",4.0955704087318786e-05,4.159056860250688e-05,True
"[0.035, 0.05723689199147829, 0.25032258773548044, 0.5234943972864351, 1.0947728947252522]",5.89001359430819e-05,5.9735458195515366e-05,True
"[0.035, 0.05723689199147829, 0.25032258773548044, 0.5234943972864351, 1.4]",7.77695668812422e-05,7.888672790948284e-05,True
"[0.035, 0.05723689199147829, 0.25032258773548044, 0.6694467498530259, 0.8560912078750774]",6.306754600738156e-05,6.476421225976721e-05,True
"[0.035, 0.05723689199147829, 0.25032258773548044, 0.6694467498530259, 1.0947728947252522]",9.484504547175129e-05,9.633924532117932e-05,True
"[0.035, 0.05723689199147829, 0.25032258773548044, 0.6694467498530259, 1.4]",0.00012475631076798766,0.00012671284783811313,True
"[0.035, 0.05723689199147829, 0.25032258773548044, 0.8560912078750774, 1.0947728947252522]",0.00013409467715915502,0.000137401900946384,True
"[0.035, 0.05723689199147829, 0.25032258773548044, 0.8560912078750774, 1.4]",0.0001810102365364223,0.00018427702454108216,True
"[0.035, 0.05723689199147829, 0.25032258773548044, 1.0947728947252522, 1.4]",0.00024139652467594663,0.0002474420612629602,True
"[0.035, 0.05723689199147829, 0.3201135363491284, 0.4093624833498013, 0.5234943972864351]",2.179225171243534e-06,2.2745370768472598e-06,True
"[0.035, 0.05723689199147829, 0.3201135363491284, 0.4093624833498013, 0.6694467498530259]",6.994036196947197e-06,7.252715285164812e-06,True
"[0.035, 0.05723689199147829, 0.3201135363491284, 0.4093624833498013, 0.8560912078750774]",1.3925131589238317e-05,1.4390946016647307e-05,True
"[0.035, 0.05723689199147829, 0.3201135363491284, 0.4093624833498013, 1.0947728947252522]",2.2676521888993187e-05,2.3384619322684714e-05,True
"[0.035, 0.05723689199147829, 0.3201135363491284, 0.4093624833498013, 1.4]",3.2648239723542066e-05,3.361872390269357e-05,True
"[0.035, 0.05723689199147829, 0.3201135363491284, 0.5234943972864351, 0.6694467498530259]",2.1084580939746795e-05,2.2219164767066936e-05,True
"[0.035, 0.05723689199147829, 0.3201135363491284, 0.5234943972864351, 0.8560912078750774]",4.826726591949331e-05,4.983207606206205e-05,True
"[0.035, 0.05723689199147829, 0.3201135363491284, 0.5234943972864351, 1.0947728947252522]",7.64147899869088e-05,7.834570774828374e-05,True
"[0.035, 0.05723689199147829, 0.3201135363491284, 0.5234943972864351, 1.4]",0.00010614351665883535,0.00010847701024119278,True
"[0.035, 0.05723689199147829, 0.3201135363491284, 0.6694467498530259, 0.8560912078750774]",8.19664892139201e-05,8.629698469648519e-05,True
"[0.035, 0.05723689199147829, 0.3201135363491284, 0.6694467498530259, 1.0947728947252522]",0.00014137275086402703,0.00014498012307484614,True
"[0.035, 0.05723689199147829, 0.3201135363491284, 0.6694467498530259, 1.4]",0.0001935534918271257,0.00019784472810218154,True
"[0.035, 0.05723689199147829, 0.3201135363491284, 0.8560912078750774, 1.0947728947252522]",0.0002013259225809745,0.00021109775061888022,True
"[0.035, 0.05723689199147829, 0.3201135363491284, 0.8560912078750774, 1.4]",0.00029224074142421795,0.00029951686788648414,True
"[0.035, 0.05723689199147829, 0.3201135363491284, 1.0947728947252522, 1.4]",0.00038495784544947265,0.0004032347451020358,True
"[0.035, 0.05723689199147829, 0.4093624833498013, 0.5234943972864351, 0.6694467498530259]",8.624292615715923e-06,9.282141316058346e-06,True
"[0.035, 0.05723689199147829, 0.4093624833498013, 0.5234943972864351, 0.8560912078750774]",2.6773632355068054e-05,2.8460997182646845e-05,True
"[0.035, 0.05723689199147829, 0.4093624833498013, 0.5234943972864351, 1.0947728947252522]",5.0849470368702505e-05,5.3703443161409944e-05,True
"[0.035, 0.05723689199147829, 0.4093624833498013, 0.5234943972864351, 1.4]",7.899113109179026e-05,8.308962614326039e-05,True
"[0.035, 0.05723689199147829, 0.4093624833498013, 0.6694467498530259, 0.8560912078750774]",7.255730315384849e-05,7.93836887661774e-05,True
"[0.035, 0.05723689199147829, 0.4093624833498013, 0.6694467498530259, 1.0947728947252522]",0.00016002372127271427,0.00016871526207361728,True
"[0.035, 0.05723689199147829, 0.4093624833498013, 0.6694467498530259, 1.4]",0.0002414223093700695,0.0002514135459689731,True
"[0.035, 0.05723689199147829, 0.4093624833498013, 0.8560912078750774, 1.0947728947252522]",0.00024581766442474353,0.0002692027118812612,True
"[0.035, 0.05723689199147829, 0.4093624833498013, 0.8560912078750774, 1.4]",0.0004124885399538185,0.00043061738258632823,True
"[0.035, 0.05723689199147829, 0.4093624833498013, 1.0947728947252522, 1.4]",0.0005376661291314561,0.0005875298141497224,True
"[0.035, 0.05723689199147829, 0.5234943972864351, 0.6694467498530259, 0.8560912078750774]",2.8336795897466006e-05,3.216004059106015e-05,True
"[0.035, 0.05723689199147829, 0.5234943972864351, 0.6694467498530259, 1.0947728947252522]",8.536096736078063e-05,9.469087596799625e-05,True
"[0.035, 0.05723689199147829, 0.5234943972864351, 0.6694467498530259, 1.4]",0.0001554763372825064,0.00017039746773940063,True
"[0.035, 0.05723689199147829, 0.5234943972864351, 0.8560912078750774, 1.0947728947252522]",0.00020456914993615031,0.00023942569065117913,True
"[0.035, 0.05723689199147829, 0.5234943972864351, 0.8560912078750774, 1.4]",0.0004438989335577299,0.0004859320906254992,True
"[0.035, 0.05723689199147829, 0.5234943972864351, 1.0947728947252522, 1.4]",0.000606224850893617,0.0007163119243154548,True
"[0.035, 0.05723689199147829, 0.6694467498530259, 0.8560912078750774, 1.0947728947252522]",7.509457290395166e-05,9.345669669610424e-05,True
"[0.035, 0.05723689199147829, 0.6694467498530259, 0.8560912078750774, 1.4]",0.00022219343189980076,0.00026555549350287973,True
"[0.035, 0.05723689199147829, 0.6694467498530259, 1.0947728947252522, 1.4]",0.00046080676664455965,0.0006104241721793185,True
"[0.035, 0.05723689199147829, 0.8560912078750774, 1.0947728947252522, 1.4]",0.00015547418229626216,0.00022681811916292497,True
"[0.035, 0.07319476868138912, 0.09360176585269005, 0.11969831626736879, 0.15307069035205895]",5.562841155769756e-10,5.576755100187162e-10,True
"[0.035, 0.07319476868138912, 0.09360176585269005, 0.11969831626736879, 0.1957474171359199]",1.6477583364693305e-09,1.6511081329614073e-09,True
"[0.035, 0.07319476868138912, 0.09360176585269005, 0.11969831626736879, 0.25032258773548044]",3.4972496640872378e-09,3.503716119211684e-09,True
"[0.035, 0.07319476868138912, 0.09360176585269005, 0.11969831626736879, 0.3201135363491284]",6.52444817112864e-09,6.535866155794717e-09,True
"[0.035, 0.07319476868138912, 0.09360176585269005, 0.11969831626736879, 0.4093624833498013]",1.1222174259048591e-08,1.1241419859586775e-08,True
"[0.035, 0.07319476868138912, 0.09360176585269005, 0.11969831626736879, 0.5234943972864351]",1.807087531153141e-08,1.8102352958965584e-08,True
"[0.035, 0.07319476868138912, 0.09360176585269005, 0.11969831626736879, 0.6694467498530259]",2.7349135837976278e-08,2.739809104448774e-08,True
"[0.035, 0.07319476868138912, 0.09360176585269005, 0.11969831626736879, 0.8560912078750774]",3.889207140413468e-08,3.8964090861787725e-08,True
"[0.035, 0.07319476868138912, 0.09360176585269005, 0.11969831626736879, 1.0947728947252522]",5.196113814636478e-08,5.206082948761251e-08,True
"[0.035, 0.07319476868138912, 0.09360176585269005, 0.11969831626736879, 1.4]",6.539367106494881e-08,6.552327226557914e-08,True
"[0.035, 0.07319476868138912, 0.09360176585269005, 0.15307069035205895, 0.1957474171359199]",4.72101231754446e-09,4.734957004635603e-09,True
"[0.035, 0.07319476868138912, 0.09360176585269005, 0.15307069035205895, 0.25032258773548044]",1.115604716756859e-08,1.117770314992547e-08,True
"[0.035, 0.07319476868138912, 0.09360176585269005, 0.15307069035205895, 0.3201135363491284]",2.0739181526131884e-08,2.0774372361787297e-08,True
"[0.035, 0.07319476868138912, 0.09360176585269005, 0.15307069035205895, 0.4093624833498013]",3.522449254548442e-08,3.5283399204103816e-08,True
"[0.035, 0.07319476868138912, 0.09360176585269005, 0.15307069035205895, 0.5234943972864351]",5.6055665678471576e-08,5.615159814039203e-08,True
"[0.035, 0.07319476868138912, 0.09360176585269005, 0.15307069035205895, 0.6694467498530259]",8.403680671766844e-08,8.418704279572662e-08,True
"[0.035, 0.07319476868138912, 0.09360176585269005, 0.15307069035205895, 0.8560912078750774]",1.1870150838329652e-07,1.1892536884267112e-07,True
"[0.035, 0.07319476868138912, 0.09360176585269005, 0.15307069035205895, 1.0947728947252522]",1.5796609880591554e-07,1.58280737208762e-07,True
"[0.035, 0.07319476868138912, 0.09360176585269005, 0.15307069035205895, 1.4]",1.985335238956371e-07,1.9894895843826752e-07,True
"[0.035, 0.07319476868138912, 0.09360176585269005, 0.1957474171359199, 0.25032258773548044]",2.3529929681138163e-08,2.359333983690116e-08,True
"[0.035, 0.07319476868138912, 0.09360176585269005, 0.1957474171359199, 0.3201135363491284]",4.561561218287248e-08,4.569596683804992e-08,True
"[0.035, 0.07319476868138912, 0.09360176585269005, 0.1957474171359199, 0.4093624833498013]",7.693235463592627e-08,7.706224733595376e-08,True
"[0.035, 0.07319476868138912, 0.09360176585269005, 0.1957474171359199, 0.5234943972864351]",1.21381224209707e-07,1.2159337741221836e-07,True
"[0.035, 0.07319476868138912, 0.09360176585269005, 0.1957474171359199, 0.6694467498530259]",1.807318933370622e-07,1.8106861528648115e-07,True
"[0.035, 0.07319476868138912, 0.09360176585269005, 0.1957474171359199, 0.8560912078750774]",2.541108010874087e-07,2.546207865584466e-07,True
"[0.035, 0.07319476868138912, 0.09360176585269005, 0.1957474171359199, 1.0947728947252522]",3.3739689197523534e-07,3.381256099079096e-07,True
"[0.035, 0.07319476868138912, 0.09360176585269005, 0.1957474171359199, 1.4]",4.2398878889670653e-07,4.2496605268872646e-07,True
"[0.035, 0.07319476868138912, 0.09360176585269005, 0.25032258773548044, 0.3201135363491284]",8.445325904115072e-08,8.464785006103962e-08,True
"[0.035, 0.07319476868138912, 0.09360176585269005, 0.25032258773548044, 0.4093624833498013]",1.44800416596407e-07,1.4506657452227432e-07,True
"[0.035, 0.07319476868138912, 0.09360176585269005, 0.25032258773548044, 0.5234943972864351]",2.2741320482393944e-07,2.2784327987770445e-07,True
"[0.035, 0.07319476868138912, 0.09360176585269005, 0.25032258773548044, 0.6694467498530259]",3.3702432416134866e-07,3.3771404577134386e-07,True
"[0.035, 0.07319476868138912, 0.09360176585269005, 0.25032258773548044, 0.8560912078750774]",4.723929375713265e-07,4.734521049713906e-07,True
"[0.035, 0.07319476868138912, 0.09360176585269005, 0.25032258773548044, 1.0947728947252522]",6.265007870005451e-07,6.280355109102093e-07,True
"[0.035, 0.07319476868138912, 0.09360176585269005, 0.25032258773548044, 1.4]",7.878818961852456e-07,7.899679038318604e-07,True
"[0.035, 0.07319476868138912, 0.09360176585269005, 0.3201135363491284, 0.4093624833498013]",2.483657284439155e-07,2.4894583289078626e-07,True
"[0.035, 0.07319476868138912, 0.09360176585269005, 0.3201135363491284, 0.5234943972864351]",3.9211070894309205e-07,3.9295133582299935e-07,True
"[0.035, 0.07319476868138912, 0.09360176585269005, 0.3201135363491284, 0.6694467498530259]",5.792063818846049e-07,5.805527535897503e-07,True
"[0.035, 0.07319476868138912, 0.09360176585269005, 0.3201135363491284, 0.8560912078750774]",8.098945223290343e-07,8.119819638562128e-07,True
"[0.035, 0.07319476868138912, 0.09360176585269005, 0.3201135363491284, 1.0947728947252522]",1.0733930903016764e-06,1.076451663572364e-06,True
"[0.035, 0.07319476868138912, 0.09360176585269005, 0.3201135363491284, 1.4]",1.3514428859869144e-06,1.3556480741054885e-06,True
"[0.035, 0.07319476868138912, 0.09360176585269005, 0.4093624833498013, 0.5234943972864351]",6.335329950317702e-07,6.352166166714319e-07,True
"[0.035, 0.07319476868138912, 0.09360176585269005, 0.4093624833498013, 0.6694467498530259]",9.367537980478983e-07,9.392880296938344e-07,True
"[0.035, 0.07319476868138912, 0.09360176585269005, 0.4093624833498013, 0.8560912078750774]",1.3074551552506168e-06,1.311392127202942e-06,True
"[0.035, 0.07319476868138912, 0.09360176585269005, 0.4093624833498013, 1.0947728947252522]",1.732105674909337e-06,1.7379214947124667e-06,True
"[0.035, 0.07319476868138912, 0.09360176585269005, 0.4093624833498013, 1.4]",2.1835769404754107e-06,2.1916503825346484e-06,True
"[0.035, 0.07319476868138912, 0.09360176585269005, 0.5234943972864351, 0.6694467498530259]",1.4345915010073044e-06,1.439321196073137e-06,True
"[0.035, 0.07319476868138912, 0.09360176585269005, 0.5234943972864351, 0.8560912078750774]",2.0027845084011017e-06,2.0098954161545957e-06,True
"[0.035, 0.07319476868138912, 0.09360176585269005, 0.5234943972864351, 1.0947728947252522]",2.65278099105984e-06,2.6633223423537137e-06,True
"[0.035, 0.07319476868138912, 0.09360176585269005, 0.5234943972864351, 1.4]",3.348287238062355e-06,3.3630308597085533e-06,True
"[0.035, 0.07319476868138912, 0.09360176585269005, 0.6694467498530259, 0.8560912078750774]",2.916382118454268e-06,2.9288267219948115e-06,True
"[0.035, 0.07319476868138912, 0.09360176585269005, 0.6694467498530259, 1.0947728947252522]",3.865841711983715e-06,3.883986797734706e-06,True
"[0.035, 0.07319476868138912, 0.09360176585269005, 0.6694467498530259, 1.4]",4.884333410158305e-06,4.909817054422148e-06,True
"[0.035, 0.07319476868138912, 0.09360176585269005, 0.8560912078750774, 1.0947728947252522]",5.36249509996335e-06,5.3922894024369795e-06,True
"[0.035, 0.07319476868138912, 0.09360176585269005, 0.8560912078750774, 1.4]",6.7824307514924945e-06,6.8239093259352055e-06,True
"[0.035, 0.07319476868138912, 0.09360176585269005, 1.0947728947252522, 1.4]",8.970082148643374e-06,9.033820115393991e-06,True
"[0.035, 0.07319476868138912, 0.11969831626736879, 0.15307069035205895, 0.1957474171359199]",3.7119215350544116e-09,3.7243584346253665e-09,True
"[0.035, 0.07319476868138912, 0.11969831626736879, 0.15307069035205895, 0.25032258773548044]",1.0017623440009083e-08,1.004858078278534e-08,True
"[0.035, 0.07319476868138912, 0.11969831626736879, 0.15307069035205895, 0.3201135363491284]",2.055506967242477e-08,2.061690965965964e-08,True
"[0.035, 0.07319476868138912, 0.11969831626736879, 0.15307069035205895, 0.4093624833498013]",3.730519592687738e-08,3.7415791053781456e-08,True
"[0.035, 0.07319476868138912, 0.11969831626736879, 0.15307069035205895, 0.5234943972864351]",6.216041966791508e-08,6.234393383195978e-08,True
"[0.035, 0.07319476868138912, 0.11969831626736879, 0.15307069035205895, 0.6694467498530259]",9.628861600271112e-08,9.658199899355996e-08,True
"[0.035, 0.07319476868138912, 0.11969831626736879, 0.15307069035205895, 0.8560912078750774]",1.3927906845217157e-07,1.3971846600161273e-07,True
"[0.035, 0.07319476868138912, 0.11969831626736879, 0.15307069035205895, 1.0947728947252522]",1.886154703527272e-07,1.892315124530552e-07,True
"[0.035, 0.07319476868138912, 0.11969831626736879, 0.15307069035205895, 1.4]",2.4013303083805286e-07,2.409423542338452e-07,True
"[0.035, 0.07319476868138912, 0.11969831626736879, 0.1957474171359199, 0.25032258773548044]",2.9308414798582285e-08,2.946061928445514e-08,True
"[0.035, 0.07319476868138912, 0.11969831626736879, 0.1957474171359199, 0.3201135363491284]",7.00684886186828e-08,7.03247605828878e-08,True
"[0.035, 0.07319476868138912, 0.11969831626736879, 0.1957474171359199, 0.4093624833498013]",1.2948819322750708e-07,1.2990420364483365e-07,True
"[0.035, 0.07319476868138912, 0.11969831626736879, 0.1957474171359199, 0.5234943972864351]",2.1557018805252294e-07,2.162606719469095e-07,True
"[0.035, 0.07319476868138912, 0.11969831626736879, 0.1957474171359199, 0.6694467498530259]",3.32496523141437e-07,3.335884759823187e-07,True
"[0.035, 0.07319476868138912, 0.11969831626736879, 0.1957474171359199, 0.8560912078750774]",4.790959801659041e-07,4.807309391730963e-07,True
"[0.035, 0.07319476868138912, 0.11969831626736879, 0.1957474171359199, 1.0947728947252522]",6.474772749893574e-07,6.497832242800399e-07,True
"[0.035, 0.07319476868138912, 0.11969831626736879, 0.1957474171359199, 1.4]",8.244074773842658e-07,8.274652660591344e-07,True
"[0.035, 0.07319476868138912, 0.11969831626736879, 0.25032258773548044, 0.3201135363491284]",1.5120492164689337e-07,1.520019884989004e-07,True
"[0.035, 0.07319476868138912, 0.11969831626736879, 0.25032258773548044, 0.4093624833498013]",2.956549586808616e-07,2.966667931193375e-07,True
"[0.035, 0.07319476868138912, 0.11969831626736879, 0.25032258773548044, 0.5234943972864351]",4.896201474800414e-07,4.912310139014449e-07,True
"[0.035, 0.07319476868138912, 0.11969831626736879, 0.25032258773548044, 0.6694467498530259]",7.490386212143771e-07,7.515749004430687e-07,True
"[0.035, 0.07319476868138912, 0.11969831626736879, 0.25032258773548044, 0.8560912078750774]",1.0726416061203319e-06,1.076468033122094e-06,True
"[0.035, 0.07319476868138912, 0.11969831626736879, 0.25032258773548044, 1.0947728947252522]",1.4445930955073337e-06,1.4500553773845995e-06,True
"[0.035, 0.07319476868138912, 0.11969831626736879, 0.25032258773548044, 1.4]",1.8376989349903985e-06,1.8450407236362695e-06,True
"[0.035, 0.07319476868138912, 0.11969831626736879, 0.3201135363491284, 0.4093624833498013]",5.466385130191454e-07,5.491848924808586e-07,True
"[0.035, 0.07319476868138912, 0.11969831626736879, 0.3201135363491284, 0.5234943972864351]",9.265674758891367e-07,9.2988898876798e-07,True
"[0.035, 0.07319476868138912, 0.11969831626736879, 0.3201135363491284, 0.6694467498530259]",1.4114604402891332e-06,1.416607299192937e-06,True
"[0.035, 0.07319476868138912, 0.11969831626736879, 0.3201135363491284, 0.8560912078750774]",2.012697648752516e-06,2.0205179452925924e-06,True
"[0.035, 0.07319476868138912, 0.11969831626736879, 0.3201135363491284, 1.0947728947252522]",2.7048295690871096e-06,2.716129253099568e-06,True
"[0.035, 0.07319476868138912, 0.11969831626736879, 0.3201135363491284, 1.4]",3.4410660472797324e-06,3.456456175043372e-06,True
"[0.035, 0.07319476868138912, 0.11969831626736879, 0.4093624833498013, 0.5234943972864351]",1.563337897706181e-06,1.570499619125245e-06,True
"[0.035, 0.07319476868138912, 0.11969831626736879, 0.4093624833498013, 0.6694467498530259]",2.403936558521411e-06,2.4138150048824875e-06,True
"[0.035, 0.07319476868138912, 0.11969831626736879, 0.4093624833498013, 0.8560912078750774]",3.420397066553881e-06,3.435344676532765e-06,True
"[0.035, 0.07319476868138912, 0.11969831626736879, 0.4093624833498013, 1.0947728947252522]",4.591076629181701e-06,4.612867408168914e-06,True
"[0.035, 0.07319476868138912, 0.11969831626736879, 0.4093624833498013, 1.4]",5.844277107468772e-06,5.874293795857286e-06,True
"[0.035, 0.07319476868138912, 0.11969831626736879, 0.5234943972864351, 0.6694467498530259]",3.7858069364905307e-06,3.805156060706033e-06,True
"[0.035, 0.07319476868138912, 0.11969831626736879, 0.5234943972864351, 0.8560912078750774]",5.409691170674467e-06,5.436938715147124e-06,True
"[0.035, 0.07319476868138912, 0.11969831626736879, 0.5234943972864351, 1.0947728947252522]",7.258829213686099e-06,7.298578628979394e-06,True
"[0.035, 0.07319476868138912, 0.11969831626736879, 0.5234943972864351, 1.4]",9.247801349814882e-06,9.303013731685579e-06,True
"[0.035, 0.07319476868138912, 0.11969831626736879, 0.6694467498530259, 0.8560912078750774]",8.030106607397676e-06,8.07931758113285e-06,True
"[0.035, 0.07319476868138912, 0.11969831626736879, 0.6694467498530259, 1.0947728947252522]",1.0804979933299116e-05,1.0873799995986782e-05,True
"[0.035, 0.07319476868138912, 0.11969831626736879, 0.6694467498530259, 1.4]",1.3778238132857713e-05,1.3874062863567135e-05,True
"[0.035, 0.07319476868138912, 0.11969831626736879, 0.8560912078750774, 1.0947728947252522]",1.5194901510834468e-05,1.5310358918667784e-05,True
"[0.035, 0.07319476868138912, 0.11969831626736879, 0.8560912078750774, 1.4]",1.94171714417665e-05,1.9573849901461248e-05,True
"[0.035, 0.07319476868138912, 0.11969831626736879, 1.0947728947252522, 1.4]",2.5940186803527283e-05,2.618482240476057e-05,True
"[0.035, 0.07319476868138912, 0.15307069035205895, 0.1957474171359199, 0.25032258773548044]",1.9634258630356717e-08,1.9751050806541816e-08,True
"[0.035, 0.07319476868138912, 0.15307069035205895, 0.1957474171359199, 0.3201135363491284]",5.485335699827691e-08,5.517805964040782e-08,True
"[0.035, 0.07319476868138912, 0.15307069035205895, 0.1957474171359199, 0.4093624833498013]",1.1384462215712382e-07,1.1451174442596538e-07,True
"[0.035, 0.07319476868138912, 0.15307069035205895, 0.1957474171359199, 0.5234943972864351]",2.0478521899894284e-07,2.059719428479684e-07,True
"[0.035, 0.07319476868138912, 0.15307069035205895, 0.1957474171359199, 0.6694467498530259]",3.331077332179564e-07,3.350143823103866e-07,True
"[0.035, 0.07319476868138912, 0.15307069035205895, 0.1957474171359199, 0.8560912078750774]",4.983130866984801e-07,5.011497097720273e-07,True
"[0.035, 0.07319476868138912, 0.15307069035205895, 0.1957474171359199, 1.0947728947252522]",6.917218161166137e-07,6.957644088231261e-07,True
"[0.035, 0.07319476868138912, 0.15307069035205895, 0.1957474171359199, 1.4]",8.980154525990164e-07,9.033947630079496e-07,True
"[0.035, 0.07319476868138912, 0.15307069035205895, 0.25032258773548044, 0.3201135363491284]",1.7556376343662678e-07,1.7727655077025718e-07,True
"[0.035, 0.07319476868138912, 0.15307069035205895, 0.25032258773548044, 0.4093624833498013]",4.30842678344897e-07,4.33803112109015e-07,True
"[0.035, 0.07319476868138912, 0.15307069035205895, 0.25032258773548044, 0.5234943972864351]",7.858398139816269e-07,7.905072579538523e-07,True
"[0.035, 0.07319476868138912, 0.15307069035205895, 0.25032258773548044, 0.6694467498530259]",1.2698465684446792e-06,1.2771219533332424e-06,True
"[0.035, 0.07319476868138912, 0.15307069035205895, 0.25032258773548044, 0.8560912078750774]",1.8829597928022042e-06,1.8939245550959108e-06,True
"[0.035, 0.07319476868138912, 0.15307069035205895, 0.25032258773548044, 1.0947728947252522]",2.5968194095857583e-06,2.612374832587136e-06,True
"[0.035, 0.07319476868138912, 0.15307069035205895, 0.25032258773548044, 1.4]",3.35973560008612e-06,3.3805042564506853e-06,True
"[0.035, 0.07319476868138912, 0.15307069035205895, 0.3201135363491284, 0.4093624833498013]",9.232860398286866e-07,9.325323550019325e-07,True
"[0.035, 0.07319476868138912, 0.15307069035205895, 0.3201135363491284, 0.5234943972864351]",1.797826995378975e-06,1.8087483522234365e-06,True
"[0.035, 0.07319476868138912, 0.15307069035205895, 0.3201135363491284, 0.6694467498530259]",2.880148899053818e-06,2.8967646212611486e-06,True
"[0.035, 0.07319476868138912, 0.15307069035205895, 0.3201135363491284, 0.8560912078750774]",4.224782085945024e-06,4.249622835617002e-06,True
"[0.035, 0.07319476868138912, 0.15307069035205895, 0.3201135363491284, 1.0947728947252522]",5.782824961848099e-06,5.818277414597485e-06,True
"[0.035, 0.07319476868138912, 0.15307069035205895, 0.3201135363491284, 1.4]",7.452436170135275e-06,7.500309308618249e-06,True
"[0.035, 0.07319476868138912, 0.15307069035205895, 0.4093624833498013, 0.5234943972864351]",3.2132087389374115e-06,3.241734837872458e-06,True
"[0.035, 0.07319476868138912, 0.15307069035205895, 0.4093624833498013, 0.6694467498530259]",5.3055533472354395e-06,5.338798525571719e-06,True
"[0.035, 0.07319476868138912, 0.15307069035205895, 0.4093624833498013, 0.8560912078750774]",7.747064076501968e-06,7.795808767281832e-06,True
"[0.035, 0.07319476868138912, 0.15307069035205895, 0.4093624833498013, 1.0947728947252522]",1.055882812441998e-05,1.0628833233792568e-05,True
"[0.035, 0.07319476868138912, 0.15307069035205895, 0.4093624833498013, 1.4]",1.358262737072705e-05,1.3678296966282745e-05,True
"[0.035, 0.07319476868138912, 0.15307069035205895, 0.5234943972864351, 0.6694467498530259]",8.587385648836627e-06,8.657502403463543e-06,True
"[0.035, 0.07319476868138912, 0.15307069035205895, 0.5234943972864351, 0.8560912078750774]",1.2720375794573831e-05,1.2810722647445133e-05,True
"[0.035, 0.07319476868138912, 0.15307069035205895, 0.5234943972864351, 1.0947728947252522]",1.7315886873191584e-05,1.7444760977877257e-05,True
"[0.035, 0.07319476868138912, 0.15307069035205895, 0.5234943972864351, 1.4]",2.226322477598335e-05,2.2440777706778265e-05,True
"[0.035, 0.07319476868138912, 0.15307069035205895, 0.6694467498530259, 0.8560912078750774]",1.9168181747870585e-05,1.934051427033298e-05,True
"[0.035, 0.07319476868138912, 0.15307069035205895, 0.6694467498530259, 1.0947728947252522]",2.630178283480483e-05,2.6527266509228987e-05,True
"[0.035, 0.07319476868138912, 0.15307069035205895, 0.6694467498530259, 1.4]",3.383503785388676e-05,3.4144985631650925e-05,True
"[0.035, 0.07319476868138912, 0.15307069035205895, 0.8560912078750774, 1.0947728947252522]",3.732963513833643e-05,3.772322843963513e-05,True
"[0.035, 0.07319476868138912, 0.15307069035205895, 0.8560912078750774, 1.4]",4.8258448105706876e-05,4.8769358567495384e-05,True
"[0.035, 0.07319476868138912, 0.15307069035205895, 1.0947728947252522, 1.4]",6.486510112102251e-05,6.56869057827248e-05,True
"[0.035, 0.07319476868138912, 0.1957474171359199, 0.25032258773548044, 0.3201135363491284]",9.846115996689623e-08,9.961697699889567e-08,True
"[0.035, 0.07319476868138912, 0.1957474171359199, 0.25032258773548044, 0.4093624833498013]",2.9354366926807067e-07,2.9688802363300353e-07,True
"[0.035, 0.07319476868138912, 0.1957474171359199, 0.25032258773548044, 0.5234943972864351]",6.12885477205647e-07,6.196449824001036e-07,True
"[0.035, 0.07319476868138912, 0.1957474171359199, 0.25032258773548044, 0.6694467498530259]",1.0813106692683913e-06,1.092921847177603e-06,True
"[0.035, 0.07319476868138912, 0.1957474171359199, 0.25032258773548044, 0.8560912078750774]",1.7014396205874026e-06,1.7193028142883104e-06,True
"[0.035, 0.07319476868138912, 0.1957474171359199, 0.25032258773548044, 1.0947728947252522]",2.4453873529125922e-06,2.4705777860593637e-06,True
"[0.035, 0.07319476868138912, 0.1957474171359199, 0.25032258773548044, 1.4]",3.257906022861746e-06,3.290939083785417e-06,True
"[0.035, 0.07319476868138912, 0.1957474171359199, 0.3201135363491284, 0.4093624833498013]",9.794527764499567e-07,9.968441224092123e-07,True
"[0.035, 0.07319476868138912, 0.1957474171359199, 0.3201135363491284, 0.5234943972864351]",2.41041885069573e-06,2.4396086593974987e-06,True
"[0.035, 0.07319476868138912, 0.1957474171359199, 0.3201135363491284, 0.6694467498530259]",4.2583613427352775e-06,4.3017834683488994e-06,True
"[0.035, 0.07319476868138912, 0.1957474171359199, 0.3201135363491284, 0.8560912078750774]",6.5932718148753404e-06,6.655851617770896e-06,True
"[0.035, 0.07319476868138912, 0.1957474171359199, 0.3201135363491284, 1.0947728947252522]",9.33213848102973e-06,9.421530359549113e-06,True
"[0.035, 0.07319476868138912, 0.1957474171359199, 0.3201135363491284, 1.4]",1.2300088759303363e-05,1.2420415998026589e-05,True
"[0.035, 0.07319476868138912, 0.1957474171359199, 0.4093624833498013, 0.5234943972864351]",4.932065559350197e-06,5.0213775444642865e-06,True
"[0.035, 0.07319476868138912, 0.1957474171359199, 0.4093624833498013, 0.6694467498530259]",9.379124507657468e-06,9.474862010790143e-06,True
"[0.035, 0.07319476868138912, 0.1957474171359199, 0.4093624833498013, 0.8560912078750774]",1.4359961385419113e-05,1.449606126320747e-05,True
"[0.035, 0.07319476868138912, 0.1957474171359199, 0.4093624833498013, 1.0947728947252522]",2.0073026826770903e-05,2.0265755292724594e-05,True
"[0.035, 0.07319476868138912, 0.1957474171359199, 0.4093624833498013, 1.4]",2.623780907562148e-05,2.6498750803690577e-05,True
"[0.035, 0.07319476868138912, 0.1957474171359199, 0.5234943972864351, 0.6694467498530259]",1.581838119738403e-05,1.6074547144162526e-05,True
"[0.035, 0.07319476868138912, 0.1957474171359199, 0.5234943972864351, 0.8560912078750774]",2.5179330423077175e-05,2.544043563908853e-05,True
"[0.035, 0.07319476868138912, 0.1957474171359199, 0.5234943972864351, 1.0947728947252522]",3.505922392649615e-05,3.5421115551860776e-05,True
"[0.035, 0.07319476868138912, 0.1957474171359199, 0.5234943972864351, 1.4]",4.564416969567266e-05,4.613672754994451e-05,True
"[0.035, 0.07319476868138912, 0.1957474171359199, 0.6694467498530259, 0.8560912078750774]",3.851537578915809e-05,3.9073058397662936e-05,True
"[0.035, 0.07319476868138912, 0.1957474171359199, 0.6694467498530259, 1.0947728947252522]",5.474572163449567e-05,5.538838712543012e-05,True
"[0.035, 0.07319476868138912, 0.1957474171359199, 0.6694467498530259, 1.4]",7.125243460905542e-05,7.211805320200444e-05,True
"[0.035, 0.07319476868138912, 0.1957474171359199, 0.8560912078750774, 1.0947728947252522]",7.820249691196952e-05,7.938737064475929e-05,True
"[0.035, 0.07319476868138912, 0.1957474171359199, 0.8560912078750774, 1.4]",0.0001029696664975349,0.00010441137502173327,True
"[0.035, 0.07319476868138912, 0.1957474171359199, 1.0947728947252522, 1.4]",0.00013882884641202843,0.00014120508701208313,True
"[0.035, 0.07319476868138912, 0.25032258773548044, 0.3201135363491284, 0.4093624833498013]",4.771243090301972e-07,4.878697895924163e-07,True
"[0.035, 0.07319476868138912, 0.25032258773548044, 0.3201135363491284, 0.5234943972864351]",1.4800749219309083e-06,1.5108163613550268e-06,True
"[0.035, 0.07319476868138912, 0.25032258773548044, 0.3201135363491284, 0.6694467498530259]",3.041441477605497e-06,3.101047759510196e-06,True
"[0.035, 0.07319476868138912, 0.25032258773548044, 0.3201135363491284, 0.8560912078750774]",5.185327073791408e-06,5.28276795213815e-06,True
"[0.035, 0.07319476868138912, 0.25032258773548044, 0.3201135363491284, 1.0947728947252522]",7.82815870279556e-06,7.970676804275052e-06,True
"[0.035, 0.07319476868138912, 0.25032258773548044, 0.3201135363491284, 1.4]",1.0786017807120964e-05,1.097773647626999e-05,True
"[0.035, 0.07319476868138912, 0.25032258773548044, 0.4093624833498013, 0.5234943972864351]",4.838596744335912e-06,4.990763705971213e-06,True
"[0.035, 0.07319476868138912, 0.25032258773548044, 0.4093624833498013, 0.6694467498530259]",1.168241317626033e-05,1.1923243252971603e-05,True
"[0.035, 0.07319476868138912, 0.25032258773548044, 0.4093624833498013, 0.8560912078750774]",1.97476463306398e-05,2.0081380824552963e-05,True
"[0.035, 0.07319476868138912, 0.25032258773548044, 0.4093624833498013, 1.0947728947252522]",2.9137183361413637e-05,2.957737235822645e-05,True
"[0.035, 0.07319476868138912, 0.25032258773548044, 0.4093624833498013, 1.4]",3.934546471487309e-05,3.994179399999589e-05,True
"[0.035, 0.07319476868138912, 0.25032258773548044, 0.5234943972864351, 0.6694467498530259]",2.2250100783896655e-05,2.2965633197325628e-05,True
"[0.035, 0.07319476868138912, 0.25032258773548044, 0.5234943972864351, 0.8560912078750774]",4.091435601386201e-05,4.161305196378267e-05,True
"[0.035, 0.07319476868138912, 0.25032258773548044, 0.5234943972864351, 1.0947728947252522]",5.965773906243498e-05,6.055955011146489e-05,True
"[0.035, 0.07319476868138912, 0.25032258773548044, 0.5234943972864351, 1.4]",7.950901555899452e-05,8.072139400259218e-05,True
"[0.035, 0.07319476868138912, 0.25032258773548044, 0.6694467498530259, 0.8560912078750774]",6.423577415612213e-05,6.613262219168887e-05,True
"[0.035, 0.07319476868138912, 0.25032258773548044, 0.6694467498530259, 1.0947728947252522]",9.852598489253695e-05,0.00010017472577690943,True
"[0.035, 0.07319476868138912, 0.25032258773548044, 0.6694467498530259, 1.4]",0.0001309367855026425,0.00013310021918636677,True
"[0.035, 0.07319476868138912, 0.25032258773548044, 0.8560912078750774, 1.0947728947252522]",0.0001410539272145978,0.00014496364802751543,True
"[0.035, 0.07319476868138912, 0.25032258773548044, 0.8560912078750774, 1.4]",0.00019330453225911096,0.0001969572747857018,True
"[0.035, 0.07319476868138912, 0.25032258773548044, 1.0947728947252522, 1.4]",0.00025989211631522065,0.00026717083389444395,True
"[0.035, 0.07319476868138912, 0.3201135363491284, 0.4093624833498013, 0.5234943972864351]",2.1346336799681474e-06,2.2229503624880713e-06,True
"[0.035, 0.07319476868138912, 0.3201135363491284, 0.4093624833498013, 0.6694467498530259]",6.66726860312528e-06,6.911107502833939e-06,True
"[0.035, 0.07319476868138912, 0.3201135363491284, 0.4093624833498013, 0.8560912078750774]",1.3264544325928297e-05,1.3713067455606273e-05,True
"[0.035, 0.07319476868138912, 0.3201135363491284, 0.4093624833498013, 1.0947728947252522]",2.1684110971485508e-05,2.2378861736258185e-05,True
"[0.035, 0.07319476868138912, 0.3201135363491284, 0.4093624833498013, 1.4]",3.136041142586483e-05,3.232720830058003e-05,True
"[0.035, 0.07319476868138912, 0.3201135363491284, 0.5234943972864351, 0.6694467498530259]",2.042770023379694e-05,2.1559212164870475e-05,True
"[0.035, 0.07319476868138912, 0.3201135363491284, 0.5234943972864351, 0.8560912078750774]",4.7927554409315965e-05,4.959982423739787e-05,True
"[0.035, 0.07319476868138912, 0.3201135363491284, 0.5234943972864351, 1.0947728947252522]",7.72685562052838e-05,7.942391551950461e-05,True
"[0.035, 0.07319476868138912, 0.3201135363491284, 0.5234943972864351, 1.4]",0.00010873817769967396,0.0001114170289366176,True
"[0.035, 0.07319476868138912, 0.3201135363491284, 0.6694467498530259, 0.8560912078750774]",8.354506739825966e-05,8.836629420622348e-05,True
"[0.035, 0.07319476868138912, 0.3201135363491284, 0.6694467498530259, 1.0947728947252522]",0.0001488818016384426,0.00015320449752724848,True
"[0.035, 0.07319476868138912, 0.3201135363491284, 0.6694467498530259, 1.4]",0.00020748246779548132,0.00021239362011540394,True
"[0.035, 0.07319476868138912, 0.3201135363491284, 0.8560912078750774, 1.0947728947252522]",0.00021527950955758652,0.0002272080219134145,True
"[0.035, 0.07319476868138912, 0.3201135363491284, 0.8560912078750774, 1.4]",0.00032143043422850053,0.0003299391736599441,True
"[0.035, 0.07319476868138912, 0.3201135363491284, 1.0947728947252522, 1.4]",0.0004258866491023437,0.00044945821697688065,True
"[0.035, 0.07319476868138912, 0.4093624833498013, 0.5234943972864351, 0.6694467498530259]",8.366591001395018e-06,8.989210351452741e-06,True
"[0.035, 0.07319476868138912, 0.4093624833498013, 0.5234943972864351, 0.8560912078750774]",2.5793405597734783e-05,2.7439123800022913e-05,True
"[0.035, 0.07319476868138912, 0.4093624833498013, 0.5234943972864351, 1.0947728947252522]",4.937336340956671e-05,5.223963639722187e-05,True
"[0.035, 0.07319476868138912, 0.4093624833498013, 0.5234943972864351, 1.4]",7.737928919424102e-05,8.159520541364144e-05,True
"[0.035, 0.07319476868138912, 0.4093624833498013, 0.6694467498530259, 0.8560912078750774]",7.186745645733217e-05,7.897838916100824e-05,True
"[0.035, 0.07319476868138912, 0.4093624833498013, 0.6694467498530259, 1.0947728947252522]",0.00016459844708596356,0.00017448138682524784,True
"[0.035, 0.07319476868138912, 0.4093624833498013, 0.6694467498530259, 1.4]",0.00025417012768472983,0.00026608084881504703,True
"[0.035, 0.07319476868138912, 0.4093624833498013, 0.8560912078750774, 1.0947728947252522]",0.00025846815383715767,0.00028612584494359537,True
"[0.035, 0.07319476868138912, 0.4093624833498013, 0.8560912078750774, 1.4]",0.0004530445815203506,0.00047626581975939266,True
"[0.035, 0.07319476868138912, 0.4093624833498013, 1.0947728947252522, 1.4]",0.000594192467432481,0.0006591380910431403,True
"[0.035, 0.07319476868138912, 0.5234943972864351, 0.6694467498530259, 0.8560912078750774]",2.7517384411832086e-05,3.1203726672462064e-05,True
"[0.035, 0.07319476868138912, 0.5234943972864351, 0.6694467498530259, 1.0947728947252522]",8.332618896637129e-05,9.269063017353641e-05,True
"[0.035, 0.07319476868138912, 0.5234943972864351, 0.6694467498530259, 1.4]",0.00015380848450752358,0.00016933008631639588,True
"[0.035, 0.07319476868138912, 0.5234943972864351, 0.8560912078750774, 1.0947728947252522]",0.00020591769032164955,0.00024342617166151875,True
"[0.035, 0.07319476868138912, 0.5234943972864351, 0.8560912078750774, 1.4]",0.0004690065088502187,0.0005191914606977092,True
"[0.035, 0.07319476868138912, 0.5234943972864351, 1.0947728947252522, 1.4]",0.0006481237307627494,0.0007836936279422028,True
"[0.035, 0.07319476868138912, 0.6694467498530259, 0.8560912078750774, 1.0947728947252522]",7.323150756771859e-05,9.118602013296474e-05,True
"[0.035, 0.07319476868138912, 0.6694467498530259, 0.8560912078750774, 1.4]",0.00021921956526275608,0.0002636615288036761,True
"[0.035, 0.07319476868138912, 0.6694467498530259, 1.0947728947252522, 1.4]",0.0004668991169075786,0.0006307579222703927,True
"[0.035, 0.07319476868138912, 0.8560912078750774, 1.0947728947252522, 1.4]",0.00015221665165964594,0.00022256752416850893,True
"[0.035, 0.09360176585269005, 0.11969831626736879, 0.15307069035205895, 0.1957474171359199]",4.409695671337178e-09,4.427608574763559e-09,True
"[0.035, 0.09360176585269005, 0.11969831626736879, 0.15307069035205895, 0.25032258773548044]",1.2680361186869427e-08,1.272057256124242e-08,True
"[0.035, 0.09360176585269005, 0.11969831626736879, 0.15307069035205895, 0.3201135363491284]",2.5905973392906988e-08,2.5978564819532114e-08,True
"[0.035, 0.09360176585269005, 0.11969831626736879, 0.15307069035205895, 0.4093624833498013]",4.6365296558397286e-08,4.648580017920458e-08,True
"[0.035, 0.09360176585269005, 0.11969831626736879, 0.15307069035205895, 0.5234943972864351]",7.618396018514266e-08,7.638097756239934e-08,True
"[0.035, 0.09360176585269005, 0.11969831626736879, 0.15307069035205895, 0.6694467498530259]",1.1662212436840941e-07,1.1692982446888969e-07,True
"[0.035, 0.09360176585269005, 0.11969831626736879, 0.15307069035205895, 0.8560912078750774]",1.670946422069562e-07,1.6754963958670328e-07,True
"[0.035, 0.09360176585269005, 0.11969831626736879, 0.15307069035205895, 1.0947728947252522]",2.2462495648742385e-07,2.2525901530983848e-07,True
"[0.035, 0.09360176585269005, 0.11969831626736879, 0.15307069035205895, 1.4]",2.844020479400196e-07,2.8523314047381665e-07,True
"[0.035, 0.09360176585269005, 0.11969831626736879, 0.1957474171359199, 0.25032258773548044]",3.2977172823288496e-08,3.313416631762389e-08,True
"[0.035, 0.09360176585269005, 0.11969831626736879, 0.1957474171359199, 0.3201135363491284]",7.505541688636582e-08,7.527529973591614e-08,True
"[0.035, 0.09360176585269005, 0.11969831626736879, 0.1957474171359199, 0.4093624833498013]",1.3337563269727533e-07,1.3371880155867567e-07,True
"[0.035, 0.09360176585269005, 0.11969831626736879, 0.1957474171359199, 0.5234943972864351]",2.158841215830105e-07,2.1643680500772087e-07,True
"[0.035, 0.09360176585269005, 0.11969831626736879, 0.1957474171359199, 0.6694467498530259]",3.262511520413526e-07,3.2711650088438735e-07,True
"[0.035, 0.09360176585269005, 0.11969831626736879, 0.1957474171359199, 0.8560912078750774]",4.631259477888596e-07,4.644218846947818e-07,True
"[0.035, 0.09360176585269005, 0.11969831626736879, 0.1957474171359199, 1.0947728947252522]",6.190869838872972e-07,6.209234207980905e-07,True
"[0.035, 0.09360176585269005, 0.11969831626736879, 0.1957474171359199, 1.4]",7.820101072722923e-07,7.844598301458209e-07,True
"[0.035, 0.09360176585269005, 0.11969831626736879, 0.25032258773548044, 0.3201135363491284]",1.4799001507029944e-07,1.4862347652989317e-07,True
"[0.035, 0.09360176585269005, 0.11969831626736879, 0.25032258773548044, 0.4093624833498013]",2.748065045345332e-07,2.755601162386728e-07,True
"[0.035, 0.09360176585269005, 0.11969831626736879, 0.25032258773548044, 0.5234943972864351]",4.4170473295332103e-07,4.4288334960103534e-07,True
"[0.035, 0.09360176585269005, 0.11969831626736879, 0.25032258773548044, 0.6694467498530259]",6.622101938496625e-07,6.640700793041046e-07,True
"[0.035, 0.09360176585269005, 0.11969831626736879, 0.25032258773548044, 0.8560912078750774]",9.348265416568389e-07,9.376568434598317e-07,True
"[0.035, 0.09360176585269005, 0.11969831626736879, 0.25032258773548044, 1.0947728947252522]",1.2460904647856967e-06,1.2501707630926794e-06,True
"[0.035, 0.09360176585269005, 0.11969831626736879, 0.25032258773548044, 1.4]",1.5734243096752348e-06,1.5789574551088367e-06,True
"[0.035, 0.09360176585269005, 0.11969831626736879, 0.3201135363491284, 0.4093624833498013]",4.822253058835336e-07,4.840105384590148e-07,True
"[0.035, 0.09360176585269005, 0.11969831626736879, 0.3201135363491284, 0.5234943972864351]",7.8949375007123e-07,7.918636644462485e-07,True
"[0.035, 0.09360176585269005, 0.11969831626736879, 0.3201135363491284, 0.6694467498530259]",1.1795732419715041e-06,1.1832807837572045e-06,True
"[0.035, 0.09360176585269005, 0.11969831626736879, 0.3201135363491284, 0.8560912078750774]",1.6599922301012924e-06,1.6656930942203024e-06,True
"[0.035, 0.09360176585269005, 0.11969831626736879, 0.3201135363491284, 1.0947728947252522]",2.210025392725479e-06,2.2183515558283355e-06,True
"[0.035, 0.09360176585269005, 0.11969831626736879, 0.3201135363491284, 1.4]",2.7926532815000232e-06,2.8040922420165993e-06,True
"[0.035, 0.09360176585269005, 0.11969831626736879, 0.4093624833498013, 0.5234943972864351]",1.2909269967597889e-06,1.2959691569935572e-06,True
"[0.035, 0.09360176585269005, 0.11969831626736879, 0.4093624833498013, 0.6694467498530259]",1.943014454730075e-06,1.9501173535895514e-06,True
"[0.035, 0.09360176585269005, 0.11969831626736879, 0.4093624833498013, 0.8560912078750774]",2.730304663100312e-06,2.7412043241019456e-06,True
"[0.035, 0.09360176585269005, 0.11969831626736879, 0.4093624833498013, 1.0947728947252522]",3.633204763811459e-06,3.6492566894858474e-06,True
"[0.035, 0.09360176585269005, 0.11969831626736879, 0.4093624833498013, 1.4]",4.596295335237068e-06,4.618572537878103e-06,True
"[0.035, 0.09360176585269005, 0.11969831626736879, 0.5234943972864351, 0.6694467498530259]",2.9997196128259357e-06,3.013502932060489e-06,True
"[0.035, 0.09360176585269005, 0.11969831626736879, 0.5234943972864351, 0.8560912078750774]",4.229367312085771e-06,4.249282302282847e-06,True
"[0.035, 0.09360176585269005, 0.11969831626736879, 0.5234943972864351, 1.0947728947252522]",5.6284814139100876e-06,5.657837098127021e-06,True
"[0.035, 0.09360176585269005, 0.11969831626736879, 0.5234943972864351, 1.4]",7.129051235882049e-06,7.1700846590324775e-06,True
"[0.035, 0.09360176585269005, 0.11969831626736879, 0.6694467498530259, 0.8560912078750774]",6.195818313624551e-06,6.231517138373366e-06,True
"[0.035, 0.09360176585269005, 0.11969831626736879, 0.6694467498530259, 1.0947728947252522]",8.264611700535162e-06,8.315512325883148e-06,True
"[0.035, 0.09360176585269005, 0.11969831626736879, 0.6694467498530259, 1.4]",1.0479873318490907e-05,1.0551188041390704e-05,True
"[0.035, 0.09360176585269005, 0.11969831626736879, 0.8560912078750774, 1.0947728947252522]",1.1517665535873396e-05,1.1602510104177262e-05,True
"[0.035, 0.09360176585269005, 0.11969831626736879, 0.8560912078750774, 1.4]",1.4631981075353297e-05,1.4748591258392053e-05,True
"[0.035, 0.09360176585269005, 0.11969831626736879, 1.0947728947252522, 1.4]",1.942330659340793e-05,1.9604321579286912e-05,True
"[0.035, 0.09360176585269005, 0.15307069035205895, 0.1957474171359199, 0.25032258773548044]",2.655404346737685e-08,2.6688927235747194e-08,True
"[0.035, 0.09360176585269005, 0.15307069035205895, 0.1957474171359199, 0.3201135363491284]",6.708909678496117e-08,6.739682796659014e-08,True
"[0.035, 0.09360176585269005, 0.15307069035205895, 0.1957474171359199, 0.4093624833498013]",1.3030150449636313e-07,1.308799016269449e-07,True
"[0.035, 0.09360176585269005, 0.15307069035205895, 0.1957474171359199, 0.5234943972864351]",2.2432323886723993e-07,2.2530264236690962e-07,True
"[0.035, 0.09360176585269005, 0.15307069035205895, 0.1957474171359199, 0.6694467498530259]",3.540189913715503e-07,3.5560004541040195e-07,True
"[0.035, 0.09360176585269005, 0.15307069035205895, 0.1957474171359199, 0.8560912078750774]",5.184185818024109e-07,5.208293916025114e-07,True
"[0.035, 0.09360176585269005, 0.15307069035205895, 0.1957474171359199, 1.0947728947252522]",7.088896193542572e-07,7.123221160049595e-07,True
"[0.035, 0.09360176585269005, 0.15307069035205895, 0.1957474171359199, 1.4]",9.105011459431017e-07,9.150757205492754e-07,True
"[0.035, 0.09360176585269005, 0.15307069035205895, 0.25032258773548044, 0.3201135363491284]",1.7622271443208868e-07,1.7767523823512777e-07,True
"[0.035, 0.09360176585269005, 0.15307069035205895, 0.25032258773548044, 0.4093624833498013]",4.011370539898597e-07,4.0340877312523703e-07,True
"[0.035, 0.09360176585269005, 0.15307069035205895, 0.25032258773548044, 0.5234943972864351]",7.058415756944867e-07,7.094010710521706e-07,True
"[0.035, 0.09360176585269005, 0.15307069035205895, 0.25032258773548044, 0.6694467498530259]",1.116676825369301e-06,1.1223683265357804e-06,True
"[0.035, 0.09360176585269005, 0.15307069035205895, 0.25032258773548044, 0.8560912078750774]",1.6337752141989147e-06,1.6424005517257162e-06,True
"[0.035, 0.09360176585269005, 0.15307069035205895, 0.25032258773548044, 1.0947728947252522]",2.2332281097731715e-06,2.245545584016856e-06,True
"[0.035, 0.09360176585269005, 0.15307069035205895, 0.25032258773548044, 1.4]",2.872078288279176e-06,2.888624545879311e-06,True
"[0.035, 0.09360176585269005, 0.15307069035205895, 0.3201135363491284, 0.4093624833498013]",8.144305323139238e-07,8.214217993883567e-07,True
"[0.035, 0.09360176585269005, 0.15307069035205895, 0.3201135363491284, 0.5234943972864351]",1.5241317480260722e-06,1.5325872305288393e-06,True
"[0.035, 0.09360176585269005, 0.15307069035205895, 0.3201135363491284, 0.6694467498530259]",2.405188378411114e-06,2.4182334646962304e-06,True
"[0.035, 0.09360176585269005, 0.15307069035205895, 0.3201135363491284, 0.8560912078750774]",3.499618515590387e-06,3.5193599245555054e-06,True
"[0.035, 0.09360176585269005, 0.15307069035205895, 0.3201135363491284, 1.0947728947252522]",4.767147102407079e-06,4.795583846708959e-06,True
"[0.035, 0.09360176585269005, 0.15307069035205895, 0.3201135363491284, 1.4]",6.1251223387926496e-06,6.163783057994759e-06,True
"[0.035, 0.09360176585269005, 0.15307069035205895, 0.4093624833498013, 0.5234943972864351]",2.686326484828301e-06,2.7071693865577244e-06,True
"[0.035, 0.09360176585269005, 0.15307069035205895, 0.4093624833498013, 0.6694467498530259]",4.357548932780485e-06,4.383959977139546e-06,True
"[0.035, 0.09360176585269005, 0.15307069035205895, 0.4093624833498013, 0.8560912078750774]",6.329264633638916e-06,6.3686819970786355e-06,True
"[0.035, 0.09360176585269005, 0.15307069035205895, 0.4093624833498013, 1.0947728947252522]",8.60550503378786e-06,8.662673315688367e-06,True
"[0.035, 0.09360176585269005, 0.15307069035205895, 0.4093624833498013, 1.4]",1.1056460728251873e-05,1.1135053878999657e-05,True
"[0.035, 0.09360176585269005, 0.15307069035205895, 0.5234943972864351, 0.6694467498530259]",7.037949218620185e-06,7.0930816735249595e-06,True
"[0.035, 0.09360176585269005, 0.15307069035205895, 0.5234943972864351, 0.8560912078750774]",1.0357745820887421e-05,1.0431503686955247e-05,True
"[0.035, 0.09360176585269005, 0.15307069035205895, 0.5234943972864351, 1.0947728947252522]",1.4083424690464698e-05,1.4189906695106374e-05,True
"[0.035, 0.09360176585269005, 0.15307069035205895, 0.5234943972864351, 1.4]",1.810483730773462e-05,1.8252339420150522e-05,True
"[0.035, 0.09360176585269005, 0.15307069035205895, 0.6694467498530259, 0.8560912078750774]",1.5634996539953584e-05,1.577417041427999e-05,True
"[0.035, 0.09360176585269005, 0.15307069035205895, 0.6694467498530259, 1.0947728947252522]",2.1415125194687663e-05,2.1602286066874068e-05,True
"[0.035, 0.09360176585269005, 0.15307069035205895, 0.6694467498530259, 1.4]",2.7561556425790842e-05,2.7820564009379427e-05,True
"[0.035, 0.09360176585269005, 0.15307069035205895, 0.8560912078750774, 1.0947728947252522]",3.0478674571785243e-05,3.0802299924791946e-05,True
"[0.035, 0.09360176585269005, 0.15307069035205895, 0.8560912078750774, 1.4]",3.940557842125948e-05,3.983317562659018e-05,True
"[0.035, 0.09360176585269005, 0.15307069035205895, 1.0947728947252522, 1.4]",5.3116086284063855e-05,5.3798590581548986e-05,True
"[0.035, 0.09360176585269005, 0.1957474171359199, 0.25032258773548044, 0.3201135363491284]",1.223887007909082e-07,1.234747749602833e-07,True
"[0.035, 0.09360176585269005, 0.1957474171359199, 0.25032258773548044, 0.4093624833498013]",3.157717947216248e-07,3.1861922623812857e-07,True
"[0.035, 0.09360176585269005, 0.1957474171359199, 0.25032258773548044, 0.5234943972864351]",6.178059216197224e-07,6.233825883992231e-07,True
"[0.035, 0.09360176585269005, 0.1957474171359199, 0.25032258773548044, 0.6694467498530259]",1.0514954351307415e-06,1.0609491118477034e-06,True
"[0.035, 0.09360176585269005, 0.1957474171359199, 0.25032258773548044, 0.8560912078750774]",1.6186848437572545e-06,1.6331392571994103e-06,True
"[0.035, 0.09360176585269005, 0.1957474171359199, 0.25032258773548044, 1.0947728947252522]",2.2938584834770333e-06,2.314341103695321e-06,True
"[0.035, 0.09360176585269005, 0.1957474171359199, 0.25032258773548044, 1.4]",3.026936645974796e-06,3.054772521342811e-06,True
"[0.035, 0.09360176585269005, 0.1957474171359199, 0.3201135363491284, 0.4093624833498013]",9.177769055523661e-07,9.324100698311717e-07,True
"[0.035, 0.09360176585269005, 0.1957474171359199, 0.3201135363491284, 0.5234943972864351]",2.1526153907590818e-06,2.1766118910000856e-06,True
"[0.035, 0.09360176585269005, 0.1957474171359199, 0.3201135363491284, 0.6694467498530259]",3.7447317144798242e-06,3.7807291142113055e-06,True
"[0.035, 0.09360176585269005, 0.1957474171359199, 0.3201135363491284, 0.8560912078750774]",5.75968109798619e-06,5.813534336235754e-06,True
"[0.035, 0.09360176585269005, 0.1957474171359199, 0.3201135363491284, 1.0947728947252522]",8.129742659945617e-06,8.207415735997727e-06,True
"[0.035, 0.09360176585269005, 0.1957474171359199, 0.3201135363491284, 1.4]",1.0703516124959154e-05,1.080882893292914e-05,True
"[0.035, 0.09360176585269005, 0.1957474171359199, 0.4093624833498013, 0.5234943972864351]",4.367026047993373e-06,4.441374811655015e-06,True
"[0.035, 0.09360176585269005, 0.1957474171359199, 0.4093624833498013, 0.6694467498530259]",8.186819215506488e-06,8.269333047812427e-06,True
"[0.035, 0.09360176585269005, 0.1957474171359199, 0.4093624833498013, 0.8560912078750774]",1.2530234171016966e-05,1.2651596036430254e-05,True
"[0.035, 0.09360176585269005, 0.1957474171359199, 0.4093624833498013, 1.0947728947252522]",1.7550132140308156e-05,1.7724077509055504e-05,True
"[0.035, 0.09360176585269005, 0.1957474171359199, 0.4093624833498013, 1.4]",2.299285433039078e-05,2.3230065964816057e-05,True
"[0.035, 0.09360176585269005, 0.1957474171359199, 0.5234943972864351, 0.6694467498530259]",1.3958238653569445e-05,1.41778659926862e-05,True
"[0.035, 0.09360176585269005, 0.1957474171359199, 0.5234943972864351, 0.8560912078750774]",2.220255395614704e-05,2.244040320842262e-05,True
"[0.035, 0.09360176585269005, 0.1957474171359199, 0.5234943972864351, 1.0947728947252522]",3.1044273533956874e-05,3.137879406387051e-05,True
"[0.035, 0.09360176585269005, 0.1957474171359199, 0.5234943972864351, 1.4]",4.0578922270824676e-05,4.103724080065828e-05,True
"[0.035, 0.09360176585269005, 0.1957474171359199, 0.6694467498530259, 0.8560912078750774]",3.439419593027397e-05,3.489302299447253e-05,True
"[0.035, 0.09360176585269005, 0.1957474171359199, 0.6694467498530259, 1.0947728947252522]",4.907490460541212e-05,4.9675685862750486e-05,True
"[0.035, 0.09360176585269005, 0.1957474171359199, 0.6694467498530259, 1.4]",6.418337612913568e-05,6.499887142473836e-05,True
"[0.035, 0.09360176585269005, 0.1957474171359199, 0.8560912078750774, 1.0947728947252522]",7.086103903854265e-05,7.196492077652664e-05,True
"[0.035, 0.09360176585269005, 0.1957474171359199, 0.8560912078750774, 1.4]",9.375369305223476e-05,9.511943969646046e-05,True
"[0.035, 0.09360176585269005, 0.1957474171359199, 1.0947728947252522, 1.4]",0.00012750766822535093,0.00012975266658196051,True
"[0.035, 0.09360176585269005, 0.25032258773548044, 0.3201135363491284, 0.4093624833498013]",5.27269473200546e-07,5.368236104040891e-07,True
"[0.035, 0.09360176585269005, 0.25032258773548044, 0.3201135363491284, 0.5234943972864351]",1.4574601235524716e-06,1.4839239500843178e-06,True
"[0.035, 0.09360176585269005, 0.25032258773548044, 0.3201135363491284, 0.6694467498530259]",2.877248198338011e-06,2.9284226420591428e-06,True
"[0.035, 0.09360176585269005, 0.25032258773548044, 0.3201135363491284, 0.8560912078750774]",4.814770581446568e-06,4.898751293653977e-06,True
"[0.035, 0.09360176585269005, 0.25032258773548044, 0.3201135363491284, 1.0947728947252522]",7.198473698185089e-06,7.321964128509394e-06,True
"[0.035, 0.09360176585269005, 0.25032258773548044, 0.3201135363491284, 1.4]",9.865800965368313e-06,1.0032797616519226e-05,True
"[0.035, 0.09360176585269005, 0.25032258773548044, 0.4093624833498013, 0.5234943972864351]",4.476289963637905e-06,4.610765808570671e-06,True
"[0.035, 0.09360176585269005, 0.25032258773548044, 0.4093624833498013, 0.6694467498530259]",1.0621876255220771e-05,1.0839020274155124e-05,True
"[0.035, 0.09360176585269005, 0.25032258773548044, 0.4093624833498013, 0.8560912078750774]",1.7968408478569432e-05,1.8277738595146098e-05,True
"[0.035, 0.09360176585269005, 0.25032258773548044, 0.4093624833498013, 1.0947728947252522]",2.6610975223200654e-05,2.7028309387394684e-05,True
"[0.035, 0.09360176585269005, 0.25032258773548044, 0.4093624833498013, 1.4]",3.608081955785661e-05,3.665053868536497e-05,True
"[0.035, 0.09360176585269005, 0.25032258773548044, 0.5234943972864351, 0.6694467498530259]",2.0548669207506068e-05,2.121184986486096e-05,True
"[0.035, 0.09360176585269005, 0.25032258773548044, 0.5234943972864351, 0.8560912078750774]",3.802831063313845e-05,3.8712010967707866e-05,True
"[0.035, 0.09360176585269005, 0.25032258773548044, 0.5234943972864351, 1.0947728947252522]",5.595297099234161e-05,5.684573643088173e-05,True
"[0.035, 0.09360176585269005, 0.25032258773548044, 0.5234943972864351, 1.4]",7.512292502486877e-05,7.633458173681535e-05,True
"[0.035, 0.09360176585269005, 0.25032258773548044, 0.6694467498530259, 0.8560912078750774]",6.087893538660819e-05,6.275209124255993e-05,True
"[0.035, 0.09360176585269005, 0.25032258773548044, 0.6694467498530259, 1.0947728947252522]",9.451828405805875e-05,9.618961340370731e-05,True
"[0.035, 0.09360176585269005, 0.25032258773548044, 0.6694467498530259, 1.4]",0.00012673918896617678,0.00012895232778554393,True
"[0.035, 0.09360176585269005, 0.25032258773548044, 0.8560912078750774, 1.0947728947252522]",0.00013737546612996407,0.00014144878176754788,True
"[0.035, 0.09360176585269005, 0.25032258773548044, 0.8560912078750774, 1.4]",0.00019045644025332585,0.00019423960065908591,True
"[0.035, 0.09360176585269005, 0.25032258773548044, 1.0947728947252522, 1.4]",0.0002588700780467667,0.00026682481948981615,True
"[0.035, 0.09360176585269005, 0.3201135363491284, 0.4093624833498013, 0.5234943972864351]",2.179331386813114e-06,2.258355255591769e-06,True
"[0.035, 0.09360176585269005, 0.3201135363491284, 0.4093624833498013, 0.6694467498530259]",6.339780298250103e-06,6.557745173027741e-06,True
"[0.035, 0.09360176585269005, 0.3201135363491284, 0.4093624833498013, 0.8560912078750774]",1.2388289065977476e-05,1.279405742119304e-05,True
"[0.035, 0.09360176585269005, 0.3201135363491284, 0.4093624833498013, 1.0947728947252522]",2.014093865911615e-05,2.0777684581419755e-05,True
"[0.035, 0.09360176585269005, 0.3201135363491284, 0.4093624833498013, 1.4]",2.9094056013773616e-05,2.9990342197291017e-05,True
"[0.035, 0.09360176585269005, 0.3201135363491284, 0.5234943972864351, 0.6694467498530259]",1.9164206881272233e-05,2.022153028040213e-05,True
"[0.035, 0.09360176585269005, 0.3201135363491284, 0.5234943972864351, 0.8560912078750774]",4.523954562968775e-05,4.6880399651423986e-05,True
"[0.035, 0.09360176585269005, 0.3201135363491284, 0.5234943972864351, 1.0947728947252522]",7.377641149736343e-05,7.597436318383335e-05,True
"[0.035, 0.09360176585269005, 0.3201135363491284, 0.5234943972864351, 1.4]",0.0001048534816729951,0.00010766085435354742,True
"[0.035, 0.09360176585269005, 0.3201135363491284, 0.6694467498530259, 0.8560912078750774]",8.080381332628053e-05,8.570709782959909e-05,True
"[0.035, 0.09360176585269005, 0.3201135363491284, 0.6694467498530259, 1.0947728947252522]",0.00014730548085892012,0.0001520158979850681,True
"[0.035, 0.09360176585269005, 0.3201135363491284, 0.6694467498530259, 1.4]",0.00020850272813852726,0.00021377222140597215,True
"[0.035, 0.09360176585269005, 0.3201135363491284, 0.8560912078750774, 1.0947728947252522]",0.00021698399306697278,0.0002301733895205562,True
"[0.035, 0.09360176585269005, 0.3201135363491284, 0.8560912078750774, 1.4]",0.0003314897995714725,0.0003412024181716511,True
"[0.035, 0.09360176585269005, 0.3201135363491284, 1.0947728947252522, 1.4]",0.000444002750124202,0.00047166774067868787,True
"[0.035, 0.09360176585269005, 0.4093624833498013, 0.5234943972864351, 0.6694467498530259]",8.226004869726047e-06,8.794922315358933e-06,True
"[0.035, 0.09360176585269005, 0.4093624833498013, 0.5234943972864351, 0.8560912078750774]",2.4428977211605168e-05,2.5957653408321087e-05,True
"[0.035, 0.09360176585269005, 0.4093624833498013, 0.5234943972864351, 1.0947728947252522]",4.659230526798754e-05,4.93123348635689e-05,True
"[0.035, 0.09360176585269005, 0.4093624833498013, 0.5234943972864351, 1.4]",7.321451883226958e-05,7.7292000697398e-05,True
"[0.035, 0.09360176585269005, 0.4093624833498013, 0.6694467498530259, 0.8560912078750774]",6.885186177619393e-05,7.583028394807616e-05,True
"[0.035, 0.09360176585269005, 0.4093624833498013, 0.6694467498530259, 1.0947728947252522]",0.00016143521646010017,0.00017184864936264593,True
"[0.035, 0.09360176585269005, 0.4093624833498013, 0.6694467498530259, 1.4]",0.0002540430359121123,0.00026717727340316714,True
"[0.035, 0.09360176585269005, 0.4093624833498013, 0.8560912078750774, 1.0947728947252522]",0.0002595190369701907,0.0002897668720197939,True
"[0.035, 0.09360176585269005, 0.4093624833498013, 0.8560912078750774, 1.4]",0.0004721047698074104,0.0004996202566796995,True
"[0.035, 0.09360176585269005, 0.4093624833498013, 1.0947728947252522, 1.4]",0.0006255238512845023,0.000703690380079431,True
"[0.035, 0.09360176585269005, 0.5234943972864351, 0.6694467498530259, 0.8560912078750774]",2.671802363289954e-05,3.0158877271206916e-05,True
"[0.035, 0.09360176585269005, 0.5234943972864351, 0.6694467498530259, 1.0947728947252522]",7.957491134497756e-05,8.856156166163325e-05,True
"[0.035, 0.09360176585269005, 0.5234943972864351, 0.6694467498530259, 1.4]",0.00014760437086449525,0.0001629246077989803,True
"[0.035, 0.09360176585269005, 0.5234943972864351, 0.8560912078750774, 1.0947728947252522]",0.00020086001404058716,0.00023905809001521636,True
"[0.035, 0.09360176585269005, 0.5234943972864351, 0.8560912078750774, 1.4]",0.0004744126567257275,0.0005303211311017712,True
"[0.035, 0.09360176585269005, 0.5234943972864351, 1.0947728947252522, 1.4]",0.0006653629323506569,0.0008210642913977887,True
"[0.035, 0.09360176585269005, 0.6694467498530259, 0.8560912078750774, 1.0947728947252522]",7.104276016516034e-05,8.809230022985718e-05,True
"[0.035, 0.09360176585269005, 0.6694467498530259, 0.8560912078750774, 1.4]",0.0002115067550900962,0.00025520171634365284,True
"[0.035, 0.09360176585269005, 0.6694467498530259, 1.0947728947252522, 1.4]",0.0004599942721379168,0.0006305322572815345,True
"[0.035, 0.09360176585269005, 0.8560912078750774, 1.0947728947252522, 1.4]",0.0001482079688472092,0.00021580215497108283,True
"[0.035, 0.11969831626736879, 0.15307069035205895, 0.1957474171359199, 0.25032258773548044]",3.002288414843535e-08,3.021835793422927e-08,True
"[0.035, 0.11969831626736879, 0.15307069035205895, 0.1957474171359199, 0.3201135363491284]",8.235261453038323e-08,8.275383777626416e-08,True
"[0.035, 0.11969831626736879, 0.15307069035205895, 0.1957474171359199, 0.4093624833498013]",1.6015122586891677e-07,1.608213110018649e-07,True
"[0.035, 0.11969831626736879, 0.15307069035205895, 0.1957474171359199, 0.5234943972864351]",2.7233479789206915e-07,2.733962335557461e-07,True
"[0.035, 0.11969831626736879, 0.15307069035205895, 0.1957474171359199, 0.6694467498530259]",4.239688020481407e-07,4.256339713930419e-07,True
"[0.035, 0.11969831626736879, 0.15307069035205895, 0.1957474171359199, 0.8560912078750774]",6.135058260842484e-07,6.15982807307213e-07,True
"[0.035, 0.11969831626736879, 0.15307069035205895, 0.1957474171359199, 1.0947728947252522]",8.308902201646846e-07,8.34369868716608e-07,True
"[0.035, 0.11969831626736879, 0.15307069035205895, 0.1957474171359199, 1.4]",1.0593290093823058e-06,1.0639353904544407e-06,True
"[0.035, 0.11969831626736879, 0.15307069035205895, 0.25032258773548044, 0.3201135363491284]",1.9573556142514788e-07,1.9720368358251026e-07,True
"[0.035, 0.11969831626736879, 0.15307069035205895, 0.25032258773548044, 0.4093624833498013]",4.220660735931815e-07,4.239117710653597e-07,True
"[0.035, 0.11969831626736879, 0.15307069035205895, 0.25032258773548044, 0.5234943972864351]",7.113431175292704e-07,7.141778236803913e-07,True
"[0.035, 0.11969831626736879, 0.15307069035205895, 0.25032258773548044, 0.6694467498530259]",1.0911927536545937e-06,1.0955987607961795e-06,True
"[0.035, 0.11969831626736879, 0.15307069035205895, 0.25032258773548044, 0.8560912078750774]",1.561182861190105e-06,1.56780515974913e-06,True
"[0.035, 0.11969831626736879, 0.15307069035205895, 0.25032258773548044, 1.0947728947252522]",2.099514368638218e-06,2.1089780158081694e-06,True
"[0.035, 0.11969831626736879, 0.15307069035205895, 0.25032258773548044, 1.4]",2.6682596860853187e-06,2.6810239610638284e-06,True
"[0.035, 0.11969831626736879, 0.15307069035205895, 0.3201135363491284, 0.4093624833498013]",7.812575202484815e-07,7.864904666327364e-07,True
"[0.035, 0.11969831626736879, 0.15307069035205895, 0.3201135363491284, 0.5234943972864351]",1.3773135748165224e-06,1.3833750779168734e-06,True
"[0.035, 0.11969831626736879, 0.15307069035205895, 0.3201135363491284, 0.6694467498530259]",2.102124928094774e-06,2.111355162384838e-06,True
"[0.035, 0.11969831626736879, 0.15307069035205895, 0.3201135363491284, 0.8560912078750774]",2.9907178658203386e-06,3.0047391893932215e-06,True
"[0.035, 0.11969831626736879, 0.15307069035205895, 0.3201135363491284, 1.0947728947252522]",4.009910347593017e-06,4.030268519168865e-06,True
"[0.035, 0.11969831626736879, 0.15307069035205895, 0.3201135363491284, 1.4]",5.093922035037109e-06,5.121822545585751e-06,True
"[0.035, 0.11969831626736879, 0.15307069035205895, 0.4093624833498013, 0.5234943972864351]",2.297088082303907e-06,2.3109337167863965e-06,True
"[0.035, 0.11969831626736879, 0.15307069035205895, 0.4093624833498013, 0.6694467498530259]",3.5791817943897726e-06,3.5973839190698665e-06,True
"[0.035, 0.11969831626736879, 0.15307069035205895, 0.4093624833498013, 0.8560912078750774]",5.086688572872568e-06,5.1141473468730355e-06,True
"[0.035, 0.11969831626736879, 0.15307069035205895, 0.4093624833498013, 1.0947728947252522]",6.814850008730671e-06,6.855081889235019e-06,True
"[0.035, 0.11969831626736879, 0.15307069035205895, 0.4093624833498013, 1.4]",8.664693796562973e-06,8.720459613184555e-06,True
"[0.035, 0.11969831626736879, 0.15307069035205895, 0.5234943972864351, 0.6694467498530259]",5.5888734597437385e-06,5.626074813624858e-06,True
"[0.035, 0.11969831626736879, 0.15307069035205895, 0.5234943972864351, 0.8560912078750774]",8.02342697243457e-06,8.074522222291099e-06,True
"[0.035, 0.11969831626736879, 0.15307069035205895, 0.5234943972864351, 1.0947728947252522]",1.075671972897984e-05,1.08314000571407e-05,True
"[0.035, 0.11969831626736879, 0.15307069035205895, 0.5234943972864351, 1.4]",1.3694146759084175e-05,1.3798384122247704e-05,True
"[0.035, 0.11969831626736879, 0.15307069035205895, 0.6694467498530259, 0.8560912078750774]",1.1852631583642552e-05,1.194741355303675e-05,True
"[0.035, 0.11969831626736879, 0.15307069035205895, 0.6694467498530259, 1.0947728947252522]",1.598229994550631e-05,1.6113297277239263e-05,True
"[0.035, 0.11969831626736879, 0.15307069035205895, 0.6694467498530259, 1.4]",2.0377628668006655e-05,2.05604446833162e-05,True
"[0.035, 0.11969831626736879, 0.15307069035205895, 0.8560912078750774, 1.0947728947252522]",2.2421100458512952e-05,2.2644372342454326e-05,True
"[0.035, 0.11969831626736879, 0.15307069035205895, 0.8560912078750774, 1.4]",2.8692749247208522e-05,2.899387650385672e-05,True
"[0.035, 0.11969831626736879, 0.15307069035205895, 1.0947728947252522, 1.4]",3.8294330465666465e-05,3.876901253706276e-05,True
"[0.035, 0.11969831626736879, 0.1957474171359199, 0.25032258773548044, 0.3201135363491284]",1.6135078708803295e-07,1.6259966172095974e-07,True
"[0.035, 0.11969831626736879, 0.1957474171359199, 0.25032258773548044, 0.4093624833498013]",3.8025023388437654e-07,3.828706579719581e-07,True
"[0.035, 0.11969831626736879, 0.1957474171359199, 0.25032258773548044, 0.5234943972864351]",6.964427214765374e-07,7.010848114270905e-07,True
"[0.035, 0.11969831626736879, 0.1957474171359199, 0.25032258773548044, 0.6694467498530259]",1.1330557333589226e-06,1.140553744830056e-06,True
"[0.035, 0.11969831626736879, 0.1957474171359199, 0.25032258773548044, 0.8560912078750774]",1.6899256905992569e-06,1.7016614879746396e-06,True
"[0.035, 0.11969831626736879, 0.1957474171359199, 0.25032258773548044, 1.0947728947252522]",2.342001434718555e-06,2.3590655537719065e-06,True
"[0.035, 0.11969831626736879, 0.1957474171359199, 0.25032258773548044, 1.4]",3.0426257353575828e-06,3.0657903262949184e-06,True
"[0.035, 0.11969831626736879, 0.1957474171359199, 0.3201135363491284, 0.4093624833498013]",9.121906109413701e-07,9.241990463037886e-07,True
"[0.035, 0.11969831626736879, 0.1957474171359199, 0.3201135363491284, 0.5234943972864351]",1.9670422995720668e-06,1.984650287314652e-06,True
"[0.035, 0.11969831626736879, 0.1957474171359199, 0.3201135363491284, 0.6694467498530259]",3.2879026254793605e-06,3.3146190312633227e-06,True
"[0.035, 0.11969831626736879, 0.1957474171359199, 0.3201135363491284, 0.8560912078750774]",4.940517458994042e-06,4.981639595422156e-06,True
"[0.035, 0.11969831626736879, 0.1957474171359199, 0.3201135363491284, 1.0947728947252522]",6.87252475210424e-06,6.9321848567346524e-06,True
"[0.035, 0.11969831626736879, 0.1957474171359199, 0.3201135363491284, 1.4]",8.96190641434436e-06,9.043302567479404e-06,True
"[0.035, 0.11969831626736879, 0.1957474171359199, 0.4093624833498013, 0.5234943972864351]",3.7750682306545445e-06,3.828884763519613e-06,True
"[0.035, 0.11969831626736879, 0.1957474171359199, 0.4093624833498013, 0.6694467498530259]",6.757085924566604e-06,6.819316001071743e-06,True
"[0.035, 0.11969831626736879, 0.1957474171359199, 0.4093624833498013, 0.8560912078750774]",1.0169302550375199e-05,1.0262261538680173e-05,True
"[0.035, 0.11969831626736879, 0.1957474171359199, 0.4093624833498013, 1.0947728947252522]",1.4117046946742547e-05,1.4251897470175677e-05,True
"[0.035, 0.11969831626736879, 0.1957474171359199, 0.4093624833498013, 1.4]",1.83981072017294e-05,1.858359651053387e-05,True
"[0.035, 0.11969831626736879, 0.1957474171359199, 0.5234943972864351, 0.6694467498530259]",1.1372028052568483e-05,1.1525308018681169e-05,True
"[0.035, 0.11969831626736879, 0.1957474171359199, 0.5234943972864351, 0.8560912078750774]",1.770322369951199e-05,1.788724063300891e-05,True
"[0.035, 0.11969831626736879, 0.1957474171359199, 0.5234943972864351, 1.0947728947252522]",2.460518204913621e-05,2.486866064691737e-05,True
"[0.035, 0.11969831626736879, 0.1957474171359199, 0.5234943972864351, 1.4]",3.2075683578245204e-05,3.244008080947766e-05,True
"[0.035, 0.11969831626736879, 0.1957474171359199, 0.6694467498530259, 0.8560912078750774]",2.7402133028755803e-05,2.7771730754089417e-05,True
"[0.035, 0.11969831626736879, 0.1957474171359199, 0.6694467498530259, 1.0947728947252522]",3.8764521151484845e-05,3.924134794627532e-05,True
"[0.035, 0.11969831626736879, 0.1957474171359199, 0.6694467498530259, 1.4]",5.06272589737055e-05,5.1282572556580585e-05,True
"[0.035, 0.11969831626736879, 0.1957474171359199, 0.8560912078750774, 1.0947728947252522]",5.612250725110295e-05,5.69836946493295e-05,True
"[0.035, 0.11969831626736879, 0.1957474171359199, 0.8560912078750774, 1.4]",7.405287372858619e-05,7.515413411065607e-05,True
"[0.035, 0.11969831626736879, 0.1957474171359199, 1.0947728947252522, 1.4]",0.00010107486091648367,0.00010289498953633764,True
"[0.035, 0.11969831626736879, 0.25032258773548044, 0.3201135363491284, 0.4093624833498013]",6.496357872956156e-07,6.584324146203514e-07,True
"[0.035, 0.11969831626736879, 0.25032258773548044, 0.3201135363491284, 0.5234943972864351]",1.5540494717058388e-06,1.5759429254037086e-06,True
"[0.035, 0.11969831626736879, 0.25032258773548044, 0.3201135363491284, 0.6694467498530259]",2.866433445273421e-06,2.907409881602838e-06,True
"[0.035, 0.11969831626736879, 0.25032258773548044, 0.3201135363491284, 0.8560912078750774]",4.617669728351908e-06,4.684074535763527e-06,True
"[0.035, 0.11969831626736879, 0.25032258773548044, 0.3201135363491284, 1.0947728947252522]",6.74566766723572e-06,6.8428324288014866e-06,True
"[0.035, 0.11969831626736879, 0.25032258773548044, 0.3201135363491284, 1.4]",9.109506042782487e-06,9.240698525911458e-06,True
"[0.035, 0.11969831626736879, 0.25032258773548044, 0.4093624833498013, 0.5234943972864351]",4.150250154089499e-06,4.260536163419752e-06,True
"[0.035, 0.11969831626736879, 0.25032258773548044, 0.4093624833498013, 0.6694467498530259]",9.320555961997474e-06,9.494172816280091e-06,True
"[0.035, 0.11969831626736879, 0.25032258773548044, 0.4093624833498013, 0.8560912078750774]",1.5493738178891303e-05,1.5743584034261906e-05,True
"[0.035, 0.11969831626736879, 0.25032258773548044, 0.4093624833498013, 1.0947728947252522]",2.2771486543754632e-05,2.3122764959533217e-05,True
"[0.035, 0.11969831626736879, 0.25032258773548044, 0.4093624833498013, 1.4]",3.077849545039772e-05,3.126443730535363e-05,True
"[0.035, 0.11969831626736879, 0.25032258773548044, 0.5234943972864351, 0.6694467498530259]",1.789409775682443e-05,1.8431188855480493e-05,True
"[0.035, 0.11969831626736879, 0.25032258773548044, 0.5234943972864351, 0.8560912078750774]",3.252550738456999e-05,3.309589097504588e-05,True
"[0.035, 0.11969831626736879, 0.25032258773548044, 0.5234943972864351, 1.0947728947252522]",4.7800062697710355e-05,4.858071178929014e-05,True
"[0.035, 0.11969831626736879, 0.25032258773548044, 0.5234943972864351, 1.4]",6.43017360305929e-05,6.537434842985797e-05,True
"[0.035, 0.11969831626736879, 0.25032258773548044, 0.6694467498530259, 0.8560912078750774]",5.27420681481483e-05,5.4299985803008895e-05,True
"[0.035, 0.11969831626736879, 0.25032258773548044, 0.6694467498530259, 1.0947728947252522]",8.165201160121243e-05,8.314352568975585e-05,True
"[0.035, 0.11969831626736879, 0.25032258773548044, 0.6694467498530259, 1.4]",0.00010994683999383002,0.00011195315500607639,True
"[0.035, 0.11969831626736879, 0.25032258773548044, 0.8560912078750774, 1.0947728947252522]",0.00012042152953463166,0.00012394569737823224,True
"[0.035, 0.11969831626736879, 0.25032258773548044, 0.8560912078750774, 1.4]",0.00016740413995369648,0.00017087296126946282,True
"[0.035, 0.11969831626736879, 0.25032258773548044, 1.0947728947252522, 1.4]",0.00023037292947432575,0.00023748306850755735,True
"[0.035, 0.11969831626736879, 0.3201135363491284, 0.4093624833498013, 0.5234943972864351]",2.4105541185713183e-06,2.4794847820522084e-06,True
"[0.035, 0.11969831626736879, 0.3201135363491284, 0.4093624833498013, 0.6694467498530259]",6.202640287168207e-06,6.38637001852194e-06,True
"[0.035, 0.11969831626736879, 0.3201135363491284, 0.4093624833498013, 0.8560912078750774]",1.1600236995576635e-05,1.1941484164024465e-05,True
"[0.035, 0.11969831626736879, 0.3201135363491284, 0.4093624833498013, 1.0947728947252522]",1.847634873960841e-05,1.9014317237436723e-05,True
"[0.035, 0.11969831626736879, 0.3201135363491284, 0.4093624833498013, 1.4]",2.6404695978118534e-05,2.7166555321806436e-05,True
"[0.035, 0.11969831626736879, 0.3201135363491284, 0.5234943972864351, 0.6694467498530259]",1.7547405009310116e-05,1.846364997249363e-05,True
"[0.035, 0.11969831626736879, 0.3201135363491284, 0.5234943972864351, 0.8560912078750774]",4.05065574689749e-05,4.1955422043862444e-05,True
"[0.035, 0.11969831626736879, 0.3201135363491284, 0.5234943972864351, 1.0947728947252522]",6.602733045655758e-05,6.802365865904272e-05,True
"[0.035, 0.11969831626736879, 0.3201135363491284, 0.5234943972864351, 1.4]",9.415445583987155e-05,9.676365569266472e-05,True
"[0.035, 0.11969831626736879, 0.3201135363491284, 0.6694467498530259, 0.8560912078750774]",7.354557621413802e-05,7.799134214031295e-05,True
"[0.035, 0.11969831626736879, 0.3201135363491284, 0.6694467498530259, 1.0947728947252522]",0.0001346611320494669,0.00013916612521905483,True
"[0.035, 0.11969831626736879, 0.3201135363491284, 0.6694467498530259, 1.4]",0.000192332783854091,0.00019749663831904513,True
"[0.035, 0.11969831626736879, 0.3201135363491284, 0.8560912078750774, 1.0947728947252522]",0.00020240764192523436,0.00021511454300231705,True
"[0.035, 0.11969831626736879, 0.3201135363491284, 0.8560912078750774, 1.4]",0.00031283591313244224,0.0003227427214278696,True
"[0.035, 0.11969831626736879, 0.3201135363491284, 1.0947728947252522, 1.4]",0.00042556392732748157,0.00045365477178299944,True
"[0.035, 0.11969831626736879, 0.4093624833498013, 0.5234943972864351, 0.6694467498530259]",8.439376377262778e-06,8.940394599953303e-06,True
"[0.035, 0.11969831626736879, 0.4093624833498013, 0.5234943972864351, 0.8560912078750774]",2.309108947452732e-05,2.443400532973896e-05,True
"[0.035, 0.11969831626736879, 0.4093624833498013, 0.5234943972864351, 1.0947728947252522]",4.308843795510851e-05,4.5505694782811096e-05,True
"[0.035, 0.11969831626736879, 0.4093624833498013, 0.5234943972864351, 1.4]",6.721249895744827e-05,7.088249962454824e-05,True
"[0.035, 0.11969831626736879, 0.4093624833498013, 0.6694467498530259, 0.8560912078750774]",6.38859173972228e-05,7.028207939653511e-05,True
"[0.035, 0.11969831626736879, 0.4093624833498013, 0.6694467498530259, 1.0947728947252522]",0.00015002888554877607,0.0001600250383408198,True
"[0.035, 0.11969831626736879, 0.4093624833498013, 0.6694467498530259, 1.4]",0.00023857840144731623,0.00025167725891307957,True
"[0.035, 0.11969831626736879, 0.4093624833498013, 0.8560912078750774, 1.0947728947252522]",0.00024674883344548204,0.0002767325647357451,True
"[0.035, 0.11969831626736879, 0.4093624833498013, 0.8560912078750774, 1.4]",0.00045910496373447043,0.0004883870976420367,True
"[0.035, 0.11969831626736879, 0.4093624833498013, 1.0947728947252522, 1.4]",0.0006177935985553858,0.0007018192986352138,True
"[0.035, 0.11969831626736879, 0.5234943972864351, 0.6694467498530259, 0.8560912078750774]",2.6425003764636483e-05,2.9523494941289042e-05,True
"[0.035, 0.11969831626736879, 0.5234943972864351, 0.6694467498530259, 1.0947728947252522]",7.485855777519117e-05,8.305926886224863e-05,True
"[0.035, 0.11969831626736879, 0.5234943972864351, 0.6694467498530259, 1.4]",0.00013775094439162728,0.00015200402909386077,True
"[0.035, 0.11969831626736879, 0.5234943972864351, 0.8560912078750774, 1.0947728947252522]",0.00018977774110056467,0.00022635840546303786,True
"[0.035, 0.11969831626736879, 0.5234943972864351, 0.8560912078750774, 1.4]",0.00045631812045335176,0.0005135453514770964,True
"[0.035, 0.11969831626736879, 0.5234943972864351, 1.0947728947252522, 1.4]",0.0006516006560199041,0.0008156170895985953,True
"[0.035, 0.11969831626736879, 0.6694467498530259, 0.8560912078750774, 1.0947728947252522]",6.941059318860667e-05,8.508561124590888e-05,True
"[0.035, 0.11969831626736879, 0.6694467498530259, 0.8560912078750774, 1.4]",0.00020026169067699604,0.00024131545793534806,True
"[0.035, 0.11969831626736879, 0.6694467498530259, 1.0947728947252522, 1.4]",0.00044051604690707556,0.000608461841244954,True
"[0.035, 0.11969831626736879, 0.8560912078750774, 1.0947728947252522, 1.4]",0.00014489439693905285,0.00020802333310420006,True
"[0.035, 0.15307069035205895, 0.1957474171359199, 0.25032258773548044, 0.3201135363491284]",1.782449380851711e-07,1.8007988852517766e-07,True
"[0.035, 0.15307069035205895, 0.1957474171359199, 0.25032258773548044, 0.4093624833498013]",4.583682764377399e-07,4.617434935136541e-07,True
"[0.035, 0.15307069035205895, 0.1957474171359199, 0.25032258773548044, 0.5234943972864351]",8.396166421318728e-07,8.447912324065844e-07,True
"[0.035, 0.15307069035205895, 0.1957474171359199, 0.25032258773548044, 0.6694467498530259]",1.3461782135119234e-06,1.3541486363764211e-06,True
"[0.035, 0.15307069035205895, 0.1957474171359199, 0.25032258773548044, 0.8560912078750774]",1.976990750793267e-06,1.988926642769885e-06,True
"[0.035, 0.15307069035205895, 0.1957474171359199, 0.25032258773548044, 1.0947728947252522]",2.7035483515213113e-06,2.720472913274358e-06,True
"[0.035, 0.15307069035205895, 0.1957474171359199, 0.25032258773548044, 1.4]",3.475228118471708e-06,3.497891051683323e-06,True
"[0.035, 0.15307069035205895, 0.1957474171359199, 0.3201135363491284, 0.4093624833498013]",9.975140753190145e-07,1.0091344629849283e-06,True
"[0.035, 0.15307069035205895, 0.1957474171359199, 0.3201135363491284, 0.5234943972864351]",2.0151239190067555e-06,2.028613659894305e-06,True
"[0.035, 0.15307069035205895, 0.1957474171359199, 0.3201135363491284, 0.6694467498530259]",3.2071124865453214e-06,3.2274341587828167e-06,True
"[0.035, 0.15307069035205895, 0.1957474171359199, 0.3201135363491284, 0.8560912078750774]",4.6560531941566406e-06,4.686549527346173e-06,True
"[0.035, 0.15307069035205895, 0.1957474171359199, 0.3201135363491284, 1.0947728947252522]",6.318463674735973e-06,6.362382151757377e-06,True
"[0.035, 0.15307069035205895, 0.1957474171359199, 0.3201135363491284, 1.4]",8.092881066010626e-06,8.152792143840144e-06,True
"[0.035, 0.15307069035205895, 0.1957474171359199, 0.4093624833498013, 0.5234943972864351]",3.5119484583355153e-06,3.548971221205307e-06,True
"[0.035, 0.15307069035205895, 0.1957474171359199, 0.4093624833498013, 0.6694467498530259]",5.859003398066184e-06,5.901567008441712e-06,True
"[0.035, 0.15307069035205895, 0.1957474171359199, 0.4093624833498013, 0.8560912078750774]",8.493792868229816e-06,8.556811876347933e-06,True
"[0.035, 0.15307069035205895, 0.1957474171359199, 0.4093624833498013, 1.0947728947252522]",1.150111720591639e-05,1.1592832196229254e-05,True
"[0.035, 0.15307069035205895, 0.1957474171359199, 0.4093624833498013, 1.4]",1.4728997237592716e-05,1.4855858469149616e-05,True
"[0.035, 0.15307069035205895, 0.1957474171359199, 0.5234943972864351, 0.6694467498530259]",9.309960978617121e-06,9.402770081815702e-06,True
"[0.035, 0.15307069035205895, 0.1957474171359199, 0.5234943972864351, 0.8560912078750774]",1.3822958150679077e-05,1.3944025373085547e-05,True
"[0.035, 0.15307069035205895, 0.1957474171359199, 0.5234943972864351, 1.0947728947252522]",1.8749843551244318e-05,1.89249389438123e-05,True
"[0.035, 0.15307069035205895, 0.1957474171359199, 0.5234943972864351, 1.4]",2.404639557057163e-05,2.429034589197914e-05,True
"[0.035, 0.15307069035205895, 0.1957474171359199, 0.6694467498530259, 0.8560912078750774]",2.0650479670498573e-05,2.0886037078745737e-05,True
"[0.035, 0.15307069035205895, 0.1957474171359199, 0.6694467498530259, 1.0947728947252522]",2.8380374556962865e-05,2.8693758109149738e-05,True
"[0.035, 0.15307069035205895, 0.1957474171359199, 0.6694467498530259, 1.4]",3.6485263422805217e-05,3.692042690207017e-05,True
"[0.035, 0.15307069035205895, 0.1957474171359199, 0.8560912078750774, 1.0947728947252522]",4.017085762686827e-05,4.07229938440443e-05,True
"[0.035, 0.15307069035205895, 0.1957474171359199, 0.8560912078750774, 1.4]",5.2041345093142795e-05,5.2767493029665174e-05,True
"[0.035, 0.15307069035205895, 0.1957474171359199, 1.0947728947252522, 1.4]",6.997593767244116e-05,7.114815065852053e-05,True
"[0.035, 0.15307069035205895, 0.25032258773548044, 0.3201135363491284, 0.4093624833498013]",8.393870034841239e-07,8.49280286923447e-07,True
"[0.035, 0.15307069035205895, 0.25032258773548044, 0.3201135363491284, 0.5234943972864351]",1.8356452020782746e-06,1.8548928348261937e-06,True
"[0.035, 0.15307069035205895, 0.25032258773548044, 0.3201135363491284, 0.6694467498530259]",3.162539161816064e-06,3.1949119221389256e-06,True
"[0.035, 0.15307069035205895, 0.25032258773548044, 0.3201135363491284, 0.8560912078750774]",4.859382565620567e-06,4.909934777344466e-06,True
"[0.035, 0.15307069035205895, 0.25032258773548044, 0.3201135363491284, 1.0947728947252522]",6.866308863054456e-06,6.9420244034353236e-06,True
"[0.035, 0.15307069035205895, 0.25032258773548044, 0.3201135363491284, 1.4]",9.057008936725649e-06,9.162301022093917e-06,True
"[0.035, 0.15307069035205895, 0.25032258773548044, 0.4093624833498013, 0.5234943972864351]",4.057814298444342e-06,4.1444721201830484e-06,True
"[0.035, 0.15307069035205895, 0.25032258773548044, 0.4093624833498013, 0.6694467498530259]",8.29214274179885e-06,8.413324723176412e-06,True
"[0.035, 0.15307069035205895, 0.25032258773548044, 0.4093624833498013, 0.8560912078750774]",1.3191724761552718e-05,1.3367725313737057e-05,True
"[0.035, 0.15307069035205895, 0.25032258773548044, 0.4093624833498013, 1.0947728947252522]",1.8897102932973653e-05,1.9157721074093684e-05,True
"[0.035, 0.15307069035205895, 0.25032258773548044, 0.4093624833498013, 1.4]",2.5146632417382388e-05,2.5509075632304607e-05,True
"[0.035, 0.15307069035205895, 0.25032258773548044, 0.5234943972864351, 0.6694467498530259]",1.507263151905656e-05,1.5442758231146525e-05,True
"[0.035, 0.15307069035205895, 0.25032258773548044, 0.5234943972864351, 0.8560912078750774]",2.595810161333704e-05,2.6360001128296e-05,True
"[0.035, 0.15307069035205895, 0.25032258773548044, 0.5234943972864351, 1.0947728947252522]",3.7421558201971726e-05,3.80012310560589e-05,True
"[0.035, 0.15307069035205895, 0.25032258773548044, 0.5234943972864351, 1.4]",4.9858240911921627e-05,5.0663860410595134e-05,True
"[0.035, 0.15307069035205895, 0.25032258773548044, 0.6694467498530259, 0.8560912078750774]",4.167282227177114e-05,4.270635593556576e-05,True
"[0.035, 0.15307069035205895, 0.25032258773548044, 0.6694467498530259, 1.0947728947252522]",6.277751389322077e-05,6.389280297824056e-05,True
"[0.035, 0.15307069035205895, 0.25032258773548044, 0.6694467498530259, 1.4]",8.396001856962983e-05,8.54878917611954e-05,True
"[0.035, 0.15307069035205895, 0.25032258773548044, 0.8560912078750774, 1.0947728947252522]",9.292490636088876e-05,9.527564752292704e-05,True
"[0.035, 0.15307069035205895, 0.25032258773548044, 0.8560912078750774, 1.4]",0.0001274542374568886,0.00013011001437838074,True
"[0.035, 0.15307069035205895, 0.25032258773548044, 1.0947728947252522, 1.4]",0.00017669054526986235,0.00018152479410965652,True
"[0.035, 0.15307069035205895, 0.3201135363491284, 0.4093624833498013, 0.5234943972864351]",2.935575990246527e-06,2.997294260180553e-06,True
"[0.035, 0.15307069035205895, 0.3201135363491284, 0.4093624833498013, 0.6694467498530259]",6.525051950005965e-06,6.6723741563007786e-06,True
"[0.035, 0.15307069035205895, 0.3201135363491284, 0.4093624833498013, 0.8560912078750774]",1.137010602553972e-05,1.1635222854022118e-05,True
"[0.035, 0.15307069035205895, 0.3201135363491284, 0.4093624833498013, 1.0947728947252522]",1.7402991679066227e-05,1.781642917867313e-05,True
"[0.035, 0.15307069035205895, 0.3201135363491284, 0.4093624833498013, 1.4]",2.427494749808695e-05,2.485856570610628e-05,True
"[0.035, 0.15307069035205895, 0.3201135363491284, 0.5234943972864351, 0.6694467498530259]",1.606225537890245e-05,1.6793109397301056e-05,True
"[0.035, 0.15307069035205895, 0.3201135363491284, 0.5234943972864351, 0.8560912078750774]",3.4808230365340935e-05,3.5932054266594325e-05,True
"[0.035, 0.15307069035205895, 0.3201135363491284, 0.5234943972864351, 1.0947728947252522]",5.561794436771099e-05,5.718368173979875e-05,True
"[0.035, 0.15307069035205895, 0.3201135363491284, 0.5234943972864351, 1.4]",7.865770347447816e-05,8.073487951060454e-05,True
"[0.035, 0.15307069035205895, 0.3201135363491284, 0.6694467498530259, 0.8560912078750774]",6.288484579505059e-05,6.637524784326262e-05,True
"[0.035, 0.15307069035205895, 0.3201135363491284, 0.6694467498530259, 1.0947728947252522]",0.0001124166485168185,0.00011604871121051416,True
"[0.035, 0.15307069035205895, 0.3201135363491284, 0.6694467498530259, 1.4]",0.00016012905601768264,0.00016450232772473165,True
"[0.035, 0.15307069035205895, 0.3201135363491284, 0.8560912078750774, 1.0947728947252522]",0.00017174763165146503,0.0001819394892300637,True
"[0.035, 0.15307069035205895, 0.3201135363491284, 0.8560912078750774, 1.4]",0.0002635991926678269,0.00027204455520887994,True
"[0.035, 0.15307069035205895, 0.3201135363491284, 1.0947728947252522, 1.4]",0.0003649446182587602,0.0003882205250264706,True
"[0.035, 0.15307069035205895, 0.4093624833498013, 0.5234943972864351, 0.6694467498530259]",9.337497634715721e-06,9.765917137809439e-06,True
"[0.035, 0.15307069035205895, 0.4093624833498013, 0.5234943972864351, 0.8560912078750774]",2.242921491941777e-05,2.353754985288199e-05,True
"[0.035, 0.15307069035205895, 0.4093624833498013, 0.5234943972864351, 1.0947728947252522]",3.98983848523593e-05,4.188865020374596e-05,True
"[0.035, 0.15307069035205895, 0.4093624833498013, 0.5234943972864351, 1.4]",6.0839786283108716e-05,6.387561646068712e-05,True
"[0.035, 0.15307069035205895, 0.4093624833498013, 0.6694467498530259, 0.8560912078750774]",5.7910708598009573e-05,6.333411169795128e-05,True
"[0.035, 0.15307069035205895, 0.4093624833498013, 0.6694467498530259, 1.0947728947252522]",0.00013197555282310993,0.0001405680874607595,True
"[0.035, 0.15307069035205895, 0.4093624833498013, 0.6694467498530259, 1.4]",0.0002092601530694408,0.0002208234097605677,True
"[0.035, 0.15307069035205895, 0.4093624833498013, 0.8560912078750774, 1.0947728947252522]",0.0002208666437004073,0.00024727400661596685,True
"[0.035, 0.15307069035205895, 0.4093624833498013, 0.8560912078750774, 1.4]",0.000410670987279314,0.00043771332721453715,True
"[0.035, 0.15307069035205895, 0.4093624833498013, 1.0947728947252522, 1.4]",0.000564397389473929,0.0006424463393161681,True
"[0.035, 0.15307069035205895, 0.5234943972864351, 0.6694467498530259, 0.8560912078750774]",2.7362531577593653e-05,3.0048734119826507e-05,True
"[0.035, 0.15307069035205895, 0.5234943972864351, 0.6694467498530259, 1.0947728947252522]",7.04714152168435e-05,7.754204494560431e-05,True
"[0.035, 0.15307069035205895, 0.5234943972864351, 0.6694467498530259, 1.4]",0.0001261920962275653,0.0001385985054175996,True
"[0.035, 0.15307069035205895, 0.5234943972864351, 0.8560912078750774, 1.0947728947252522]",0.00017426779416092203,0.00020701141757543338,True
"[0.035, 0.15307069035205895, 0.5234943972864351, 0.8560912078750774, 1.4]",0.00041594458492837225,0.0004691475799692588,True
"[0.035, 0.15307069035205895, 0.5234943972864351, 1.0947728947252522, 1.4]",0.0006063106583332847,0.0007628759622863838,True
"[0.035, 0.15307069035205895, 0.6694467498530259, 0.8560912078750774, 1.0947728947252522]",6.968002987857411e-05,8.358710425792708e-05,True
"[0.035, 0.15307069035205895, 0.6694467498530259, 0.8560912078750774, 1.4]",0.00018774147843463553,0.00022444617641962655,True
"[0.035, 0.15307069035205895, 0.6694467498530259, 1.0947728947252522, 1.4]",0.0004109869783779327,0.0005670478076178208,True
"[0.035, 0.15307069035205895, 0.8560912078750774, 1.0947728947252522, 1.4]",0.000144488558800587,0.0002016353683787771,True
"[0.035, 0.1957474171359199, 0.25032258773548044, 0.3201135363491284, 0.4093624833498013]",9.20270132068803e-07,9.350715877910779e-07,True
"[0.035, 0.1957474171359199, 0.25032258773548044, 0.3201135363491284, 0.5234943972864351]",2.1877938257055035e-06,2.2118786881264533e-06,True
"[0.035, 0.1957474171359199, 0.25032258773548044, 0.3201135363491284, 0.6694467498530259]",3.749547945851312e-06,3.783717473162378e-06,True
"[0.035, 0.1957474171359199, 0.25032258773548044, 0.3201135363491284, 0.8560912078750774]",5.652070978504799e-06,5.7035830019046324e-06,True
"[0.035, 0.1957474171359199, 0.25032258773548044, 0.3201135363491284, 1.0947728947252522]",7.839528484716108e-06,7.913319292757188e-06,True
"[0.035, 0.1957474171359199, 0.25032258773548044, 0.3201135363491284, 1.4]",1.0181394304233771e-05,1.0281454584903696e-05,True
"[0.035, 0.1957474171359199, 0.25032258773548044, 0.4093624833498013, 0.5234943972864351]",4.362109681595712e-06,4.441008336717852e-06,True
"[0.035, 0.1957474171359199, 0.25032258773548044, 0.4093624833498013, 0.6694467498530259]",8.226101211630242e-06,8.312812111160336e-06,True
"[0.035, 0.1957474171359199, 0.25032258773548044, 0.4093624833498013, 0.8560912078750774]",1.2369215143844456e-05,1.249655479732864e-05,True
"[0.035, 0.1957474171359199, 0.25032258773548044, 0.4093624833498013, 1.0947728947252522]",1.7049288306793785e-05,1.723339548550346e-05,True
"[0.035, 0.1957474171359199, 0.25032258773548044, 0.4093624833498013, 1.4]",2.2072593523005355e-05,2.232646459280485e-05,True
"[0.035, 0.1957474171359199, 0.25032258773548044, 0.5234943972864351, 0.6694467498530259]",1.3527681216666678e-05,1.375921484263295e-05,True
"[0.035, 0.1957474171359199, 0.25032258773548044, 0.5234943972864351, 0.8560912078750774]",2.1421493668774968e-05,2.168216936125598e-05,True
"[0.035, 0.1957474171359199, 0.25032258773548044, 0.5234943972864351, 1.0947728947252522]",2.961231696252688e-05,2.998546633695963e-05,True
"[0.035, 0.1957474171359199, 0.25032258773548044, 0.5234943972864351, 1.4]",3.8380356123634605e-05,3.889936340210416e-05,True
"[0.035, 0.1957474171359199, 0.25032258773548044, 0.6694467498530259, 0.8560912078750774]",3.249347798792067e-05,3.303344895619477e-05,True
"[0.035, 0.1957474171359199, 0.25032258773548044, 0.6694467498530259, 1.0947728947252522]",4.6192893111217225e-05,4.68851754360904e-05,True
"[0.035, 0.1957474171359199, 0.25032258773548044, 0.6694467498530259, 1.4]",6.012012625596217e-05,6.107642435392184e-05,True
"[0.035, 0.1957474171359199, 0.25032258773548044, 0.8560912078750774, 1.0947728947252522]",6.610297142942842e-05,6.738209804128086e-05,True
"[0.035, 0.1957474171359199, 0.25032258773548044, 0.8560912078750774, 1.4]",8.743052060045825e-05,8.906360544781769e-05,True
"[0.035, 0.1957474171359199, 0.25032258773548044, 1.0947728947252522, 1.4]",0.00011866378145876594,0.0001213775058529015,True
"[0.035, 0.1957474171359199, 0.3201135363491284, 0.4093624833498013, 0.5234943972864351]",3.7345865129803233e-06,3.8017311777650604e-06,True
"[0.035, 0.1957474171359199, 0.3201135363491284, 0.4093624833498013, 0.6694467498530259]",7.560353240431365e-06,7.683287902015412e-06,True
"[0.035, 0.1957474171359199, 0.3201135363491284, 0.4093624833498013, 0.8560912078750774]",1.2262839664437832e-05,1.2461424584479022e-05,True
"[0.035, 0.1957474171359199, 0.3201135363491284, 0.4093624833498013, 1.0947728947252522]",1.786013406373964e-05,1.8155870745469832e-05,True
"[0.035, 0.1957474171359199, 0.3201135363491284, 0.4093624833498013, 1.4]",2.405174961387251e-05,2.4476587135712052e-05,True
"[0.035, 0.1957474171359199, 0.3201135363491284, 0.5234943972864351, 0.6694467498530259]",1.543834781455468e-05,1.598698832291772e-05,True
"[0.035, 0.1957474171359199, 0.3201135363491284, 0.5234943972864351, 0.8560912078750774]",3.007689871074595e-05,3.082383630072172e-05,True
"[0.035, 0.1957474171359199, 0.3201135363491284, 0.5234943972864351, 1.0947728947252522]",4.581489686515857e-05,4.682974044894742e-05,True
"[0.035, 0.1957474171359199, 0.3201135363491284, 0.5234943972864351, 1.4]",6.2966088647888e-05,6.44033907750445e-05,True
"[0.035, 0.1957474171359199, 0.3201135363491284, 0.6694467498530259, 0.8560912078750774]",5.163598865440164e-05,5.392679210394343e-05,True
"[0.035, 0.1957474171359199, 0.3201135363491284, 0.6694467498530259, 1.0947728947252522]",8.659748381956353e-05,8.892631746484343e-05,True
"[0.035, 0.1957474171359199, 0.3201135363491284, 0.6694467498530259, 1.4]",0.00012043883942292971,0.0001235652222816212,True
"[0.035, 0.1957474171359199, 0.3201135363491284, 0.8560912078750774, 1.0947728947252522]",0.0001317070746023112,0.0001380996870710224,True
"[0.035, 0.1957474171359199, 0.3201135363491284, 0.8560912078750774, 1.4]",0.00019490726815121867,0.0002007231522442143,True
"[0.035, 0.1957474171359199, 0.3201135363491284, 1.0947728947252522, 1.4]",0.0002727760088306123,0.0002873199145917801,True
"[0.035, 0.1957474171359199, 0.4093624833498013, 0.5234943972864351, 0.6694467498530259]",1.1275646884514416e-05,1.1648527429796543e-05,True
"[0.035, 0.1957474171359199, 0.4093624833498013, 0.5234943972864351, 0.8560912078750774]",2.3324404253166863e-05,2.418748131400465e-05,True
"[0.035, 0.1957474171359199, 0.4093624833498013, 0.5234943972864351, 1.0947728947252522]",3.8531928631477e-05,4.003569440665452e-05,True
"[0.035, 0.1957474171359199, 0.4093624833498013, 0.5234943972864351, 1.4]",5.634118787897459e-05,5.861325515570701e-05,True
"[0.035, 0.1957474171359199, 0.4093624833498013, 0.6694467498530259, 0.8560912078750774]",5.250217793762621e-05,5.671432679207574e-05,True
"[0.035, 0.1957474171359199, 0.4093624833498013, 0.6694467498530259, 1.0947728947252522]",0.0001111012179780929,0.00011755393619280219,True
"[0.035, 0.1957474171359199, 0.4093624833498013, 0.6694467498530259, 1.4]",0.00017202267841745551,0.0001807913675957939,True
"[0.035, 0.1957474171359199, 0.4093624833498013, 0.8560912078750774, 1.0947728947252522]",0.00018590185566742806,0.00020597513946796133,True
"[0.035, 0.1957474171359199, 0.4093624833498013, 0.8560912078750774, 1.4]",0.00033404761920891604,0.00035493490520968054,True
"[0.035, 0.1957474171359199, 0.4093624833498013, 1.0947728947252522, 1.4]",0.00046972370045847997,0.0005297266591905819,True
"[0.035, 0.1957474171359199, 0.5234943972864351, 0.6694467498530259, 0.8560912078750774]",3.049846877345719e-05,3.275458391172845e-05,True
"[0.035, 0.1957474171359199, 0.5234943972864351, 0.6694467498530259, 1.0947728947252522]",6.830501605758894e-05,7.402236176065483e-05,True
"[0.035, 0.1957474171359199, 0.5234943972864351, 0.6694467498530259, 1.4]",0.0001159505736276949,0.00012594460587543306,True
"[0.035, 0.1957474171359199, 0.5234943972864351, 0.8560912078750774, 1.0947728947252522]",0.0001571257157883913,0.0001842717621957331,True
"[0.035, 0.1957474171359199, 0.5234943972864351, 0.8560912078750774, 1.4]",0.00035949790432691957,0.00040376780179318976,True
"[0.035, 0.1957474171359199, 0.5234943972864351, 1.0947728947252522, 1.4]",0.0005345705916774153,0.0006679124880289086,True
"[0.035, 0.1957474171359199, 0.6694467498530259, 0.8560912078750774, 1.0947728947252522]",7.374337383486675e-05,8.562392566067401e-05,True
"[0.035, 0.1957474171359199, 0.6694467498530259, 0.8560912078750774, 1.4]",0.00017731798983064198,0.00020834563833983897,True
"[0.035, 0.1957474171359199, 0.6694467498530259, 1.0947728947252522, 1.4]",0.00037576340725298496,0.0005119216070361678,True
"[0.035, 0.1957474171359199, 0.8560912078750774, 1.0947728947252522, 1.4]",0.0001501438560318128,0.0002001173676210319,True
"[0.035, 0.25032258773548044, 0.3201135363491284, 0.4093624833498013, 0.5234943972864351]",4.092220913596661e-06,4.194410049153708e-06,True
"[0.035, 0.25032258773548044, 0.3201135363491284, 0.4093624833498013, 0.6694467498530259]",8.930416933353969e-06,9.077711586050517e-06,True
"[0.035, 0.25032258773548044, 0.3201135363491284, 0.4093624833498013, 0.8560912078750774]",1.4305440946910463e-05,1.450488923544136e-05,True
"[0.035, 0.25032258773548044, 0.3201135363491284, 0.4093624833498013, 1.0947728947252522]",2.0329802916246742e-05,2.0618253028736596e-05,True
"[0.035, 0.25032258773548044, 0.3201135363491284, 0.4093624833498013, 1.4]",2.678028604455122e-05,2.7176464224810755e-05,True
"[0.035, 0.25032258773548044, 0.3201135363491284, 0.5234943972864351, 0.6694467498530259]",1.6322688973283184e-05,1.6789403388788713e-05,True
"[0.035, 0.25032258773548044, 0.3201135363491284, 0.5234943972864351, 0.8560912078750774]",2.886609012908644e-05,2.9351543398148826e-05,True
"[0.035, 0.25032258773548044, 0.3201135363491284, 0.5234943972864351, 1.0947728947252522]",4.1190749211329976e-05,4.188379570703941e-05,True
"[0.035, 0.25032258773548044, 0.3201135363491284, 0.5234943972864351, 1.4]",5.4224215879447444e-05,5.518719910109848e-05,True
"[0.035, 0.25032258773548044, 0.3201135363491284, 0.6694467498530259, 0.8560912078750774]",4.478545401166672e-05,4.609370356233939e-05,True
"[0.035, 0.25032258773548044, 0.3201135363491284, 0.6694467498530259, 1.0947728947252522]",6.788406490216744e-05,6.926037603585371e-05,True
"[0.035, 0.25032258773548044, 0.3201135363491284, 0.6694467498530259, 1.4]",8.998526268974988e-05,9.187977808324396e-05,True
"[0.035, 0.25032258773548044, 0.3201135363491284, 0.8560912078750774, 1.0947728947252522]",9.80600919859832e-05,0.00010105778086176738,True
"[0.035, 0.25032258773548044, 0.3201135363491284, 0.8560912078750774, 1.4]",0.00013473552448147797,0.00013810402086372823,True
"[0.035, 0.25032258773548044, 0.3201135363491284, 1.0947728947252522, 1.4]",0.00018433675639413673,0.00019061988887078795,True
"[0.035, 0.25032258773548044, 0.4093624833498013, 0.5234943972864351, 0.6694467498530259]",1.417894881106717e-05,1.4570843468549962e-05,True
"[0.035, 0.25032258773548044, 0.4093624833498013, 0.5234943972864351, 0.8560912078750774]",2.6606731327669117e-05,2.729347638434687e-05,True
"[0.035, 0.25032258773548044, 0.4093624833498013, 0.5234943972864351, 1.0947728947252522]",4.077450451104357e-05,4.1850840075160003e-05,True
"[0.035, 0.25032258773548044, 0.4093624833498013, 0.5234943972864351, 1.4]",5.6594551437135436e-05,5.814452201986122e-05,True
"[0.035, 0.25032258773548044, 0.4093624833498013, 0.6694467498530259, 0.8560912078750774]",4.9918235022229196e-05,5.2957222532435893e-05,True
"[0.035, 0.25032258773548044, 0.4093624833498013, 0.6694467498530259, 1.0947728947252522]",9.359961407137033e-05,9.770172163168954e-05,True
"[0.035, 0.25032258773548044, 0.4093624833498013, 0.6694467498530259, 1.4]",0.00013737574980915158,0.0001428206776624221,True
"[0.035, 0.25032258773548044, 0.4093624833498013, 0.8560912078750774, 1.0947728947252522]",0.00015005647259707267,0.0001626757243486446,True
"[0.035, 0.25032258773548044, 0.4093624833498013, 0.8560912078750774, 1.4]",0.0002488985980139944,0.00026160284639327783,True
"[0.035, 0.25032258773548044, 0.4093624833498013, 1.0947728947252522, 1.4]",0.0003528946364293926,0.00038852893543586393,True
"[0.035, 0.25032258773548044, 0.5234943972864351, 0.6694467498530259, 0.8560912078750774]",3.6815820038647886e-05,3.8736617186520366e-05,True
"[0.035, 0.25032258773548044, 0.5234943972864351, 0.6694467498530259, 1.0947728947252522]",7.080827646012703e-05,7.51524305781132e-05,True
"[0.035, 0.25032258773548044, 0.5234943972864351, 0.6694467498530259, 1.4]",0.0001111653461627941,0.00011853143293472532,True
"[0.035, 0.25032258773548044, 0.5234943972864351, 0.8560912078750774, 1.0947728947252522]",0.00014252416501841302,0.0001631325632825128,True
"[0.035, 0.25032258773548044, 0.5234943972864351, 0.8560912078750774, 1.4]",0.0002980410176844298,0.00033018992878961503,True
"[0.035, 0.25032258773548044, 0.5234943972864351, 1.0947728947252522, 1.4]",0.0004470300798442151,0.0005454761398987701,True
"[0.035, 0.25032258773548044, 0.6694467498530259, 0.8560912078750774, 1.0947728947252522]",8.39852474333762e-05,9.382524488310264e-05,True
"[0.035, 0.25032258773548044, 0.6694467498530259, 0.8560912078750774, 1.4]",0.00017360179823683983,0.00019820951601206782,True
"[0.035, 0.25032258773548044, 0.6694467498530259, 1.0947728947252522, 1.4]",0.0003411793222491459,0.00045169980358696494,True
"[0.035, 0.25032258773548044, 0.8560912078750774, 1.0947728947252522, 1.4]",0.00016603861487549492,0.00020818990960639737,True
"[0.035, 0.3201135363491284, 0.4093624833498013, 0.5234943972864351, 0.6694467498530259]",1.5526830672193763e-05,1.6131645847500062e-05,True
"[0.035, 0.3201135363491284, 0.4093624833498013, 0.5234943972864351, 0.8560912078750774]",3.1158839706490026e-05,3.194370751474678e-05,True
"[0.035, 0.3201135363491284, 0.4093624833498013, 0.5234943972864351, 1.0947728947252522]",4.6874492555110995e-05,4.787944892517738e-05,True
"[0.035, 0.3201135363491284, 0.4093624833498013, 0.5234943972864351, 1.4]",6.317919193210873e-05,6.457445103909165e-05,True
"[0.035, 0.3201135363491284, 0.4093624833498013, 0.6694467498530259, 0.8560912078750774]",5.216545031448557e-05,5.460290317698515e-05,True
"[0.035, 0.3201135363491284, 0.4093624833498013, 0.6694467498530259, 1.0947728947252522]",8.748017927910837e-05,8.98294882160419e-05,True
"[0.035, 0.3201135363491284, 0.4093624833498013, 0.6694467498530259, 1.4]",0.00011919506426324037,0.00012242558604556668,True
"[0.035, 0.3201135363491284, 0.4093624833498013, 0.8560912078750774, 1.0947728947252522]",0.00012731984480031605,0.00013400927696203166,True
"[0.035, 0.3201135363491284, 0.4093624833498013, 0.8560912078750774, 1.4]",0.00018722775731490308,0.00019339979268475746,True
"[0.035, 0.3201135363491284, 0.4093624833498013, 1.0947728947252522, 1.4]",0.000254956555395367,0.0002702858282036608,True
"[0.035, 0.3201135363491284, 0.5234943972864351, 0.6694467498530259, 0.8560912078750774]",4.595230800648192e-05,4.7924863864189896e-05,True
"[0.035, 0.3201135363491284, 0.5234943972864351, 0.6694467498530259, 1.0947728947252522]",8.01745178294667e-05,8.351582467432093e-05,True
"[0.035, 0.3201135363491284, 0.5234943972864351, 0.6694467498530259, 1.4]",0.00011652447004266036,0.00012162511354971369,True
"[0.035, 0.3201135363491284, 0.5234943972864351, 0.8560912078750774, 1.0947728947252522]",0.0001360585477060405,0.00015053300214720925,True
"[0.035, 0.3201135363491284, 0.5234943972864351, 0.8560912078750774, 1.4]",0.0002477784436400047,0.00026744489821591005,True
"[0.035, 0.3201135363491284, 0.5234943972864351, 1.0947728947252522, 1.4]",0.00036177491429335927,0.00042182281892148496,True
"[0.035, 0.3201135363491284, 0.6694467498530259, 0.8560912078750774, 1.0947728947252522]",0.00010254105104609417,0.00011083360902407783,True
"[0.035, 0.3201135363491284, 0.6694467498530259, 0.8560912078750774, 1.4]",0.0001821849987995092,0.00020054145569234314,True
"[0.035, 0.3201135363491284, 0.6694467498530259, 1.0947728947252522, 1.4]",0.00031588194201799785,0.0003984273085111408,True
"[0.035, 0.3201135363491284, 0.8560912078750774, 1.0947728947252522, 1.4]",0.0001969438955144451,0.00023159486323271036,True
"[0.035, 0.4093624833498013, 0.5234943972864351, 0.6694467498530259, 0.8560912078750774]",4.998199139180925e-05,5.307470830932149e-05,True
"[0.035, 0.4093624833498013, 0.5234943972864351, 0.6694467498530259, 1.0947728947252522]",9.310758437625094e-05,9.680128509449865e-05,True
"[0.035, 0.4093624833498013, 0.5234943972864351, 0.6694467498530259, 1.4]",0.00013261554694287607,0.0001370229175061084,True
"[0.035, 0.4093624833498013, 0.5234943972864351, 0.8560912078750774, 1.0947728947252522]",0.00014209734843943867,0.00015334436597178738,True
"[0.035, 0.4093624833498013, 0.5234943972864351, 0.8560912078750774, 1.4]",0.00022867518863749456,0.00023936921532467784,True
"[0.035, 0.4093624833498013, 0.5234943972864351, 1.0947728947252522, 1.4]",0.0003085910062013461,0.0003390306595754312,True
"[0.035, 0.4093624833498013, 0.6694467498530259, 0.8560912078750774, 1.0947728947252522]",0.00012753590133478629,0.0001360643239390585,True
"[0.035, 0.4093624833498013, 0.6694467498530259, 0.8560912078750774, 1.4]",0.00020734663439498366,0.0002212675739178949,True
"[0.035, 0.4093624833498013, 0.6694467498530259, 1.0947728947252522, 1.4]",0.0003102714576710868,0.0003677752608446599,True
"[0.035, 0.4093624833498013, 0.8560912078750774, 1.0947728947252522, 1.4]",0.0002459538142118729,0.0002753963185703186,True
"[0.035, 0.5234943972864351, 0.6694467498530259, 0.8560912078750774, 1.0947728947252522]",0.0001360827095806446,0.00014984520386797297,True
"[0.035, 0.5234943972864351, 0.6694467498530259, 0.8560912078750774, 1.4]",0.00023878430890428865,0.0002541697163056824,True
"[0.035, 0.5234943972864351, 0.6694467498530259, 1.0947728947252522, 1.4]",0.0003286489375507639,0.0003739340517869929,True
"[0.035, 0.5234943972864351, 0.8560912078750774, 1.0947728947252522, 1.4]",0.0003047844799217378,0.00033627900488857916,True
"[0.035, 0.6694467498530259, 0.8560912078750774, 1.0947728947252522, 1.4]",0.0003119488016449574,0.0003654703308139729,True
"[0.04475814137899094, 0.05723689199147829, 0.07319476868138912, 0.09360176585269005, 0.11969831626736879]",2.6771677149855026e-11,2.681376399149342e-11,True
"[0.04475814137899094, 0.05723689199147829, 0.07319476868138912, 0.09360176585269005, 0.15307069035205895]",8.167215432739803e-11,8.178720884585402e-11,True
"[0.04475814137899094, 0.05723689199147829, 0.07319476868138912, 0.09360176585269005, 0.1957474171359199]",1.8313089644729512e-10,1.833796281598657e-10,True
"[0.04475814137899094, 0.05723689199147829, 0.07319476868138912, 0.09360176585269005, 0.25032258773548044]",3.6044851687203327e-10,3.609291989765548e-10,True
"[0.04475814137899094, 0.05723689199147829, 0.07319476868138912, 0.09360176585269005, 0.3201135363491284]",6.532002883381106e-10,6.540609097493946e-10,True
"[0.04475814137899094, 0.05723689199147829, 0.07319476868138912, 0.09360176585269005, 0.4093624833498013]",1.1096918517370417e-09,1.1111829721311457e-09,True
"[0.04475814137899094, 0.05723689199147829, 0.07319476868138912, 0.09360176585269005, 0.5234943972864351]",1.7776941306291284e-09,1.7801487366563152e-09,True
"[0.04475814137899094, 0.05723689199147829, 0.07319476868138912, 0.09360176585269005, 0.6694467498530259]",2.684876139924216e-09,2.6887070223824426e-09,True
"[0.04475814137899094, 0.05723689199147829, 0.07319476868138912, 0.09360176585269005, 0.8560912078750774]",3.8139681117027545e-09,3.819606371475134e-09,True
"[0.04475814137899094, 0.05723689199147829, 0.07319476868138912, 0.09360176585269005, 1.0947728947252522]",5.089302209860764e-09,5.097089491641608e-09,True
"[0.04475814137899094, 0.05723689199147829, 0.07319476868138912, 0.09360176585269005, 1.4]",6.392763341602544e-09,6.4028448632798716e-09,True
"[0.04475814137899094, 0.05723689199147829, 0.07319476868138912, 0.11969831626736879, 0.15307069035205895]",3.115792930556552e-10,3.121323986769702e-10,True
"[0.04475814137899094, 0.05723689199147829, 0.07319476868138912, 0.11969831626736879, 0.1957474171359199]",7.50628629142316e-10,7.516799402776885e-10,True
"[0.04475814137899094, 0.05723689199147829, 0.07319476868138912, 0.11969831626736879, 0.25032258773548044]",1.4771888890359598e-09,1.4791175852254876e-09,True
"[0.04475814137899094, 0.05723689199147829, 0.07319476868138912, 0.11969831626736879, 0.3201135363491284]",2.6592414720131017e-09,2.6627175572718346e-09,True
"[0.04475814137899094, 0.05723689199147829, 0.07319476868138912, 0.11969831626736879, 0.4093624833498013]",4.48668557889598e-09,4.492681881179046e-09,True
"[0.04475814137899094, 0.05723689199147829, 0.07319476868138912, 0.11969831626736879, 0.5234943972864351]",7.143907209199802e-09,7.15379855707927e-09,True
"[0.04475814137899094, 0.05723689199147829, 0.07319476868138912, 0.11969831626736879, 0.6694467498530259]",1.0736803062174762e-08,1.07523383717249e-08,True
"[0.04475814137899094, 0.05723689199147829, 0.07319476868138912, 0.11969831626736879, 0.8560912078750774]",1.5200263420744404e-08,1.522333453272438e-08,True
"[0.04475814137899094, 0.05723689199147829, 0.07319476868138912, 0.11969831626736879, 1.0947728947252522]",2.024833306437112e-08,2.028052598454949e-08,True
"[0.04475814137899094, 0.05723689199147829, 0.07319476868138912, 0.11969831626736879, 1.4]",2.5432220800605427e-08,2.5474330994626717e-08,True
"[0.04475814137899094, 0.05723689199147829, 0.07319476868138912, 0.15307069035205895, 0.1957474171359199]",1.8579542838986607e-09,1.8610697706494516e-09,True
"[0.04475814137899094, 0.05723689199147829, 0.07319476868138912, 0.15307069035205895, 0.25032258773548044]",3.752165879097106e-09,3.757156041230797e-09,True
"[0.04475814137899094, 0.05723689199147829, 0.07319476868138912, 0.15307069035205895, 0.3201135363491284]",6.720992169746192e-09,6.7298157664587085e-09,True
"[0.04475814137899094, 0.05723689199147829, 0.07319476868138912, 0.15307069035205895, 0.4093624833498013]",1.12680129494079e-08,1.128323038338428e-08,True
"[0.04475814137899094, 0.05723689199147829, 0.07319476868138912, 0.15307069035205895, 0.5234943972864351]",1.7841489191155442e-08,1.786675824193832e-08,True
"[0.04475814137899094, 0.05723689199147829, 0.07319476868138912, 0.15307069035205895, 0.6694467498530259]",2.6696509747245673e-08,2.673658935648905e-08,True
"[0.04475814137899094, 0.05723689199147829, 0.07319476868138912, 0.15307069035205895, 0.8560912078750774]",3.768392639283169e-08,3.7744127181478656e-08,True
"[0.04475814137899094, 0.05723689199147829, 0.07319476868138912, 0.15307069035205895, 1.0947728947252522]",5.013547389081601e-08,5.0220475086813404e-08,True
"[0.04475814137899094, 0.05723689199147829, 0.07319476868138912, 0.15307069035205895, 1.4]",6.299318232429014e-08,6.310565491116766e-08,True
"[0.04475814137899094, 0.05723689199147829, 0.07319476868138912, 0.1957474171359199, 0.25032258773548044]",7.755822874367583e-09,7.76782802379444e-09,True
"[0.04475814137899094, 0.05723689199147829, 0.07319476868138912, 0.1957474171359199, 0.3201135363491284]",1.4021131815019912e-08,1.404041563803338e-08,True
"[0.04475814137899094, 0.05723689199147829, 0.07319476868138912, 0.1957474171359199, 0.4093624833498013]",2.340515792738658e-08,2.343822308708506e-08,True
"[0.04475814137899094, 0.05723689199147829, 0.07319476868138912, 0.1957474171359199, 0.5234943972864351]",3.688634772313232e-08,3.694164429667443e-08,True
"[0.04475814137899094, 0.05723689199147829, 0.07319476868138912, 0.1957474171359199, 0.6694467498530259]",5.498434512403034e-08,5.507297359475196e-08,True
"[0.04475814137899094, 0.05723689199147829, 0.07319476868138912, 0.1957474171359199, 0.8560912078750774]",7.742521314938179e-08,7.755988008376628e-08,True
"[0.04475814137899094, 0.05723689199147829, 0.07319476868138912, 0.1957474171359199, 1.0947728947252522]",1.0292665382516378e-07,1.031190509900669e-07,True
"[0.04475814137899094, 0.05723689199147829, 0.07319476868138912, 0.1957474171359199, 1.4]",1.2943289717282155e-07,1.296904383105336e-07,True
"[0.04475814137899094, 0.05723689199147829, 0.07319476868138912, 0.25032258773548044, 0.3201135363491284]",2.615598237587706e-08,2.619744405758722e-08,True
"[0.04475814137899094, 0.05723689199147829, 0.07319476868138912, 0.25032258773548044, 0.4093624833498013]",4.3729588976965184e-08,4.379637194158844e-08,True
"[0.04475814137899094, 0.05723689199147829, 0.07319476868138912, 0.25032258773548044, 0.5234943972864351]",6.86374931989751e-08,6.874941002791306e-08,True
"[0.04475814137899094, 0.05723689199147829, 0.07319476868138912, 0.25032258773548044, 0.6694467498530259]",1.0194655558430266e-07,1.0212762798555425e-07,True
"[0.04475814137899094, 0.05723689199147829, 0.07319476868138912, 0.25032258773548044, 0.8560912078750774]",1.4322882268934546e-07,1.4350695239337923e-07,True
"[0.04475814137899094, 0.05723689199147829, 0.07319476868138912, 0.25032258773548044, 1.0947728947252522]",1.9029549131281772e-07,1.906973450221926e-07,True
"[0.04475814137899094, 0.05723689199147829, 0.07319476868138912, 0.25032258773548044, 1.4]",2.395780243844441e-07,2.40122092155069e-07,True
"[0.04475814137899094, 0.05723689199147829, 0.07319476868138912, 0.3201135363491284, 0.4093624833498013]",7.576455444643692e-08,7.589784462860616e-08,True
"[0.04475814137899094, 0.05723689199147829, 0.07319476868138912, 0.3201135363491284, 0.5234943972864351]",1.1872445004637143e-07,1.1894019323731141e-07,True
"[0.04475814137899094, 0.05723689199147829, 0.07319476868138912, 0.3201135363491284, 0.6694467498530259]",1.7573921441361709e-07,1.7609017340737192e-07,True
"[0.04475814137899094, 0.05723689199147829, 0.07319476868138912, 0.3201135363491284, 0.8560912078750774]",2.4636063392412026e-07,2.469047869961447e-07,True
"[0.04475814137899094, 0.05723689199147829, 0.07319476868138912, 0.3201135363491284, 1.0947728947252522]",3.2716598765524715e-07,3.279603457293992e-07,True
"[0.04475814137899094, 0.05723689199147829, 0.07319476868138912, 0.3201135363491284, 1.4]",4.124419126709559e-07,4.135291282943466e-07,True
"[0.04475814137899094, 0.05723689199147829, 0.07319476868138912, 0.4093624833498013, 0.5234943972864351]",1.934017595938238e-07,1.9380926597700191e-07,True
"[0.04475814137899094, 0.05723689199147829, 0.07319476868138912, 0.4093624833498013, 0.6694467498530259]",2.8563982868462673e-07,2.862916571714325e-07,True
"[0.04475814137899094, 0.05723689199147829, 0.07319476868138912, 0.4093624833498013, 0.8560912078750774]",3.996088478443442e-07,4.006259205567727e-07,True
"[0.04475814137899094, 0.05723689199147829, 0.07319476868138912, 0.4093624833498013, 1.0947728947252522]",5.304693747926628e-07,5.319673566478099e-07,True
"[0.04475814137899094, 0.05723689199147829, 0.07319476868138912, 0.4093624833498013, 1.4]",6.696508679213735e-07,6.717215988762698e-07,True
"[0.04475814137899094, 0.05723689199147829, 0.07319476868138912, 0.5234943972864351, 0.6694467498530259]",4.4014175534511514e-07,4.4131431372260275e-07,True
"[0.04475814137899094, 0.05723689199147829, 0.07319476868138912, 0.5234943972864351, 0.8560912078750774]",6.14944908872475e-07,6.167620172314263e-07,True
"[0.04475814137899094, 0.05723689199147829, 0.07319476868138912, 0.5234943972864351, 1.0947728947252522]",8.160704449345951e-07,8.187643769233701e-07,True
"[0.04475814137899094, 0.05723689199147829, 0.07319476868138912, 0.5234943972864351, 1.4]",1.0314802375184337e-06,1.0352360790033932e-06,True
"[0.04475814137899094, 0.05723689199147829, 0.07319476868138912, 0.6694467498530259, 0.8560912078750774]",8.995511660795665e-07,9.026594660066813e-07,True
"[0.04475814137899094, 0.05723689199147829, 0.07319476868138912, 0.6694467498530259, 1.0947728947252522]",1.1937695829425923e-06,1.1983704415391643e-06,True
"[0.04475814137899094, 0.05723689199147829, 0.07319476868138912, 0.6694467498530259, 1.4]",1.5103668522655368e-06,1.516821986563142e-06,True
"[0.04475814137899094, 0.05723689199147829, 0.07319476868138912, 0.8560912078750774, 1.0947728947252522]",1.6615498975488938e-06,1.6689970674641976e-06,True
"[0.04475814137899094, 0.05723689199147829, 0.07319476868138912, 0.8560912078750774, 1.4]",2.1036348739210046e-06,2.1140869046449704e-06,True
"[0.04475814137899094, 0.05723689199147829, 0.07319476868138912, 1.0947728947252522, 1.4]",2.7890400749336664e-06,2.8049517994733665e-06,True
"[0.04475814137899094, 0.05723689199147829, 0.09360176585269005, 0.11969831626736879, 0.15307069035205895]",2.515146465185146e-10,2.521915512742765e-10,True
"[0.04475814137899094, 0.05723689199147829, 0.09360176585269005, 0.11969831626736879, 0.1957474171359199]",7.979482335349046e-10,7.999503117475749e-10,True
"[0.04475814137899094, 0.05723689199147829, 0.09360176585269005, 0.11969831626736879, 0.25032258773548044]",1.811081696180358e-09,1.8154999777233042e-09,True
"[0.04475814137899094, 0.05723689199147829, 0.09360176585269005, 0.11969831626736879, 0.3201135363491284]",3.5520249138298273e-09,3.5605463978727113e-09,True
"[0.04475814137899094, 0.05723689199147829, 0.09360176585269005, 0.11969831626736879, 0.4093624833498013]",6.338072782248077e-09,6.353077779709517e-09,True
"[0.04475814137899094, 0.05723689199147829, 0.09360176585269005, 0.11969831626736879, 0.5234943972864351]",1.0487729021578785e-08,1.0512576829588706e-08,True
"[0.04475814137899094, 0.05723689199147829, 0.09360176585269005, 0.11969831626736879, 0.6694467498530259]",1.6198860541765165e-08,1.6238168020773268e-08,True
"[0.04475814137899094, 0.05723689199147829, 0.09360176585269005, 0.11969831626736879, 0.8560912078750774]",2.339215387185442e-08,2.345046665888241e-08,True
"[0.04475814137899094, 0.05723689199147829, 0.09360176585269005, 0.11969831626736879, 1.0947728947252522]",3.1618094372476534e-08,3.169906965392802e-08,True
"[0.04475814137899094, 0.05723689199147829, 0.09360176585269005, 0.11969831626736879, 1.4]",4.014347941852999e-08,4.024881297303305e-08,True
"[0.04475814137899094, 0.05723689199147829, 0.09360176585269005, 0.15307069035205895, 0.1957474171359199]",3.1795840956285882e-09,3.1905194551802724e-09,True
"[0.04475814137899094, 0.05723689199147829, 0.09360176585269005, 0.15307069035205895, 0.25032258773548044]",8.083756306034084e-09,8.104781645429444e-09,True
"[0.04475814137899094, 0.05723689199147829, 0.09360176585269005, 0.15307069035205895, 0.3201135363491284]",1.590830463225014e-08,1.5945806422771274e-08,True
"[0.04475814137899094, 0.05723689199147829, 0.09360176585269005, 0.15307069035205895, 0.4093624833498013]",2.8139175285023904e-08,2.8203678408568356e-08,True
"[0.04475814137899094, 0.05723689199147829, 0.09360176585269005, 0.15307069035205895, 0.5234943972864351]",4.6110745282198155e-08,4.621797489591266e-08,True
"[0.04475814137899094, 0.05723689199147829, 0.09360176585269005, 0.15307069035205895, 0.6694467498530259]",7.062869980789457e-08,7.079766812662758e-08,True
"[0.04475814137899094, 0.05723689199147829, 0.09360176585269005, 0.15307069035205895, 0.8560912078750774]",1.0136337482059664e-07,1.0161469671777523e-07,True
"[0.04475814137899094, 0.05723689199147829, 0.09360176585269005, 0.15307069035205895, 1.0947728947252522]",1.3649858738299695e-07,1.3684992421084484e-07,True
"[0.04475814137899094, 0.05723689199147829, 0.09360176585269005, 0.15307069035205895, 1.4]",1.7306665286821468e-07,1.7352769810526076e-07,True
"[0.04475814137899094, 0.05723689199147829, 0.09360176585269005, 0.1957474171359199, 0.25032258773548044]",1.9798322492868547e-08,1.9864719192879857e-08,True
"[0.04475814137899094, 0.05723689199147829, 0.09360176585269005, 0.1957474171359199, 0.3201135363491284]",4.070583147653691e-08,4.08016750408948e-08,True
"[0.04475814137899094, 0.05723689199147829, 0.09360176585269005, 0.1957474171359199, 0.4093624833498013]",7.143877196022866e-08,7.160036815801997e-08,True
"[0.04475814137899094, 0.05723689199147829, 0.09360176585269005, 0.1957474171359199, 0.5234943972864351]",1.1591046392875127e-07,1.1617706192014704e-07,True
"[0.04475814137899094, 0.05723689199147829, 0.09360176585269005, 0.1957474171359199, 0.6694467498530259]",1.7610610517997366e-07,1.7652778569524797e-07,True
"[0.04475814137899094, 0.05723689199147829, 0.09360176585269005, 0.1957474171359199, 0.8560912078750774]",2.512990064213305e-07,2.5193192073364174e-07,True
"[0.04475814137899094, 0.05723689199147829, 0.09360176585269005, 0.1957474171359199, 1.0947728947252522]",3.373274668022395e-07,3.3822251051672527e-07,True
"[0.04475814137899094, 0.05723689199147829, 0.09360176585269005, 0.1957474171359199, 1.4]",4.273339468049856e-07,4.285230162697467e-07,True
"[0.04475814137899094, 0.05723689199147829, 0.09360176585269005, 0.25032258773548044, 0.3201135363491284]",8.17499385020464e-08,8.19937567340045e-08,True
"[0.04475814137899094, 0.05723689199147829, 0.09360176585269005, 0.25032258773548044, 0.4093624833498013]",1.460014223944753e-07,1.4634749762001357e-07,True
"[0.04475814137899094, 0.05723689199147829, 0.09360176585269005, 0.25032258773548044, 0.5234943972864351]",2.3547696498852238e-07,2.3603896263344057e-07,True
"[0.04475814137899094, 0.05723689199147829, 0.09360176585269005, 0.25032258773548044, 0.6694467498530259]",3.556135422675012e-07,3.565071152605531e-07,True
"[0.04475814137899094, 0.05723689199147829, 0.09360176585269005, 0.25032258773548044, 0.8560912078750774]",5.053270469506383e-07,5.06682762592273e-07,True
"[0.04475814137899094, 0.05723689199147829, 0.09360176585269005, 0.25032258773548044, 1.0947728947252522]",6.769650469623146e-07,6.789064175575827e-07,True
"[0.04475814137899094, 0.05723689199147829, 0.09360176585269005, 0.25032258773548044, 1.4]",8.576962895130621e-07,8.603089054208797e-07,True
"[0.04475814137899094, 0.05723689199147829, 0.09360176585269005, 0.3201135363491284, 0.4093624833498013]",2.62976162132223e-07,2.6373301150870915e-07,True
"[0.04475814137899094, 0.05723689199147829, 0.09360176585269005, 0.3201135363491284, 0.5234943972864351]",4.265365363921412e-07,4.2764459205870284e-07,True
"[0.04475814137899094, 0.05723689199147829, 0.09360176585269005, 0.3201135363491284, 0.6694467498530259]",6.414385285979511e-07,6.431947055554772e-07,True
"[0.04475814137899094, 0.05723689199147829, 0.09360176585269005, 0.3201135363491284, 0.8560912078750774]",9.085316929178668e-07,9.112204478407961e-07,True
"[0.04475814137899094, 0.05723689199147829, 0.09360176585269005, 0.3201135363491284, 1.0947728947252522]",1.215535501813262e-06,1.2194307840913116e-06,True
"[0.04475814137899094, 0.05723689199147829, 0.09360176585269005, 0.3201135363491284, 1.4]",1.5410987220269587e-06,1.5464056111377338e-06,True
"[0.04475814137899094, 0.05723689199147829, 0.09360176585269005, 0.4093624833498013, 0.5234943972864351]",7.111699158392893e-07,7.133860233850869e-07,True
"[0.04475814137899094, 0.05723689199147829, 0.09360176585269005, 0.4093624833498013, 0.6694467498530259]",1.070688410364279e-06,1.0739840314757587e-06,True
"[0.04475814137899094, 0.05723689199147829, 0.09360176585269005, 0.4093624833498013, 0.8560912078750774]",1.5129123680169304e-06,1.5179702478407688e-06,True
"[0.04475814137899094, 0.05723689199147829, 0.09360176585269005, 0.4093624833498013, 1.0947728947252522]",2.022358253506859e-06,2.029755202085062e-06,True
"[0.04475814137899094, 0.05723689199147829, 0.09360176585269005, 0.4093624833498013, 1.4]",2.5664298632968153e-06,2.5766185703866628e-06,True
"[0.04475814137899094, 0.05723689199147829, 0.09360176585269005, 0.5234943972864351, 0.6694467498530259]",1.6748655194019e-06,1.681003937010493e-06,True
"[0.04475814137899094, 0.05723689199147829, 0.09360176585269005, 0.5234943972864351, 0.8560912078750774]",2.367284162685111e-06,2.3763754768976535e-06,True
"[0.04475814137899094, 0.05723689199147829, 0.09360176585269005, 0.5234943972864351, 1.0947728947252522]",3.162879662152826e-06,3.1762367667751655e-06,True
"[0.04475814137899094, 0.05723689199147829, 0.09360176585269005, 0.5234943972864351, 1.4]",4.017696391461046e-06,4.036259313918671e-06,True
"[0.04475814137899094, 0.05723689199147829, 0.09360176585269005, 0.6694467498530259, 0.8560912078750774]",3.4986096475053934e-06,3.5145026364318045e-06,True
"[0.04475814137899094, 0.05723689199147829, 0.09360176585269005, 0.6694467498530259, 1.0947728947252522]",4.678071773120011e-06,4.70098299626101e-06,True
"[0.04475814137899094, 0.05723689199147829, 0.09360176585269005, 0.6694467498530259, 1.4]",5.947486118556103e-06,5.979489258866594e-06,True
"[0.04475814137899094, 0.05723689199147829, 0.09360176585269005, 0.8560912078750774, 1.0947728947252522]",6.558421142497471e-06,6.596046644970695e-06,True
"[0.04475814137899094, 0.05723689199147829, 0.09360176585269005, 0.8560912078750774, 1.4]",8.347001096532321e-06,8.399000235483601e-06,True
"[0.04475814137899094, 0.05723689199147829, 0.09360176585269005, 1.0947728947252522, 1.4]",1.1125050644429098e-05,1.1205049208042804e-05,True
"[0.04475814137899094, 0.05723689199147829, 0.11969831626736879, 0.15307069035205895, 0.1957474171359199]",1.931274651737776e-09,1.9406676202581604e-09,True
"[0.04475814137899094, 0.05723689199147829, 0.11969831626736879, 0.15307069035205895, 0.25032258773548044]",6.441448460880075e-09,6.470409222971595e-09,True
"[0.04475814137899094, 0.05723689199147829, 0.11969831626736879, 0.15307069035205895, 0.3201135363491284]",1.4709856053723759e-08,1.4773470676655875e-08,True
"[0.04475814137899094, 0.05723689199147829, 0.11969831626736879, 0.15307069035205895, 0.4093624833498013]",2.848177968911182e-08,2.8601857341546562e-08,True
"[0.04475814137899094, 0.05723689199147829, 0.11969831626736879, 0.15307069035205895, 0.5234943972864351]",4.952490736031272e-08,4.9729545800022685e-08,True
"[0.04475814137899094, 0.05723689199147829, 0.11969831626736879, 0.15307069035205895, 0.6694467498530259]",7.902034361128482e-08,7.934104801115326e-08,True
"[0.04475814137899094, 0.05723689199147829, 0.11969831626736879, 0.15307069035205895, 0.8560912078750774]",1.1672895780517728e-07,1.1720756619315262e-07,True
"[0.04475814137899094, 0.05723689199147829, 0.11969831626736879, 0.15307069035205895, 1.0947728947252522]",1.6049431319377274e-07,1.6116561316603442e-07,True
"[0.04475814137899094, 0.05723689199147829, 0.11969831626736879, 0.15307069035205895, 1.4]",2.0659853298527402e-07,2.0747922463743482e-07,True
"[0.04475814137899094, 0.05723689199147829, 0.11969831626736879, 0.1957474171359199, 0.25032258773548044]",2.584630113150239e-08,2.6008564275805745e-08,True
"[0.04475814137899094, 0.05723689199147829, 0.11969831626736879, 0.1957474171359199, 0.3201135363491284]",6.7400768824222e-08,6.770815129992504e-08,True
"[0.04475814137899094, 0.05723689199147829, 0.11969831626736879, 0.1957474171359199, 0.4093624833498013]",1.3032248621908468e-07,1.3084538477321767e-07,True
"[0.04475814137899094, 0.05723689199147829, 0.11969831626736879, 0.1957474171359199, 0.5234943972864351]",2.2319354316179387e-07,2.2404164265220956e-07,True
"[0.04475814137899094, 0.05723689199147829, 0.11969831626736879, 0.1957474171359199, 0.6694467498530259]",3.5081647051560576e-07,3.521599025692662e-07,True
"[0.04475814137899094, 0.05723689199147829, 0.11969831626736879, 0.1957474171359199, 0.8560912078750774]",5.121689803439936e-07,5.141748157654706e-07,True
"[0.04475814137899094, 0.05723689199147829, 0.11969831626736879, 0.1957474171359199, 1.0947728947252522]",6.986255039295935e-07,7.014417447582104e-07,True
"[0.04475814137899094, 0.05723689199147829, 0.11969831626736879, 0.1957474171359199, 1.4]",8.954208688406639e-07,8.991378090434855e-07,True
"[0.04475814137899094, 0.05723689199147829, 0.11969831626736879, 0.25032258773548044, 0.3201135363491284]",1.5833665111142205e-07,1.593198221178838e-07,True
"[0.04475814137899094, 0.05723689199147829, 0.11969831626736879, 0.25032258773548044, 0.4093624833498013]",3.24225310794477e-07,3.255074336579888e-07,True
"[0.04475814137899094, 0.05723689199147829, 0.11969831626736879, 0.25032258773548044, 0.5234943972864351]",5.491306643298769e-07,5.511638019201681e-07,True
"[0.04475814137899094, 0.05723689199147829, 0.11969831626736879, 0.25032258773548044, 0.6694467498530259]",8.518837537224813e-07,8.550659005975802e-07,True
"[0.04475814137899094, 0.05723689199147829, 0.11969831626736879, 0.25032258773548044, 0.8560912078750774]",1.2313672142143396e-06,1.2361327819136831e-06,True
"[0.04475814137899094, 0.05723689199147829, 0.11969831626736879, 0.25032258773548044, 1.0947728947252522]",1.6690902807025631e-06,1.6758462622329866e-06,True
"[0.04475814137899094, 0.05723689199147829, 0.11969831626736879, 0.25032258773548044, 1.4]",2.13288316548198e-06,2.141911341430769e-06,True
"[0.04475814137899094, 0.05723689199147829, 0.11969831626736879, 0.3201135363491284, 0.4093624833498013]",6.194131615809943e-07,6.227926446921289e-07,True
"[0.04475814137899094, 0.05723689199147829, 0.11969831626736879, 0.3201135363491284, 0.5234943972864351]",1.0758071179111625e-06,1.0800090747662213e-06,True
"[0.04475814137899094, 0.05723689199147829, 0.11969831626736879, 0.3201135363491284, 0.6694467498530259]",1.6575191783516878e-06,1.6639525747339756e-06,True
"[0.04475814137899094, 0.05723689199147829, 0.11969831626736879, 0.3201135363491284, 0.8560912078750774]",2.380406524312534e-06,2.390090151223162e-06,True
"[0.04475814137899094, 0.05723689199147829, 0.11969831626736879, 0.3201135363491284, 1.0947728947252522]",3.214239470746251e-06,3.2281318905472865e-06,True
"[0.04475814137899094, 0.05723689199147829, 0.11969831626736879, 0.3201135363491284, 1.4]",4.10252126838701e-06,4.121342533152617e-06,True
"[0.04475814137899094, 0.05723689199147829, 0.11969831626736879, 0.4093624833498013, 0.5234943972864351]",1.8424319433259693e-06,1.85158178444837e-06,True
"[0.04475814137899094, 0.05723689199147829, 0.11969831626736879, 0.4093624833498013, 0.6694467498530259]",2.868196872283692e-06,2.8804813217675737e-06,True
"[0.04475814137899094, 0.05723689199147829, 0.11969831626736879, 0.4093624833498013, 0.8560912078750774]",4.104934043767125e-06,4.123304771740454e-06,True
"[0.04475814137899094, 0.05723689199147829, 0.11969831626736879, 0.4093624833498013, 1.0947728947252522]",5.530320652767081e-06,5.556919481579301e-06,True
"[0.04475814137899094, 0.05723689199147829, 0.11969831626736879, 0.4093624833498013, 1.4]",7.057392181024527e-06,7.093870200858848e-06,True
"[0.04475814137899094, 0.05723689199147829, 0.11969831626736879, 0.5234943972864351, 0.6694467498530259]",4.550463292938938e-06,4.574745119267295e-06,True
"[0.04475814137899094, 0.05723689199147829, 0.11969831626736879, 0.5234943972864351, 0.8560912078750774]",6.543607176530036e-06,6.576961614101987e-06,True
"[0.04475814137899094, 0.05723689199147829, 0.11969831626736879, 0.5234943972864351, 1.0947728947252522]",8.80753181019544e-06,8.8558171310169e-06,True
"[0.04475814137899094, 0.05723689199147829, 0.11969831626736879, 0.5234943972864351, 1.4]",1.1242981991794236e-05,1.130979508041308e-05,True
"[0.04475814137899094, 0.05723689199147829, 0.11969831626736879, 0.6694467498530259, 0.8560912078750774]",9.750899404849129e-06,9.811614677114775e-06,True
"[0.04475814137899094, 0.05723689199147829, 0.11969831626736879, 0.6694467498530259, 1.0947728947252522]",1.3164248029345819e-05,1.324770679484248e-05,True
"[0.04475814137899094, 0.05723689199147829, 0.11969831626736879, 0.6694467498530259, 1.4]",1.681475427916785e-05,1.693046277473905e-05,True
"[0.04475814137899094, 0.05723689199147829, 0.11969831626736879, 0.8560912078750774, 1.0947728947252522]",1.85512963355611e-05,1.8692228130623787e-05,True
"[0.04475814137899094, 0.05723689199147829, 0.11969831626736879, 0.8560912078750774, 1.4]",2.3749227667669848e-05,2.393839394588241e-05,True
"[0.04475814137899094, 0.05723689199147829, 0.11969831626736879, 1.0947728947252522, 1.4]",3.176346218250626e-05,3.2060429529820154e-05,True
"[0.04475814137899094, 0.05723689199147829, 0.15307069035205895, 0.1957474171359199, 0.25032258773548044]",1.3250950890700447e-08,1.336581437631899e-08,True
"[0.04475814137899094, 0.05723689199147829, 0.15307069035205895, 0.1957474171359199, 0.3201135363491284]",4.5429334494709636e-08,4.578456616930983e-08,True
"[0.04475814137899094, 0.05723689199147829, 0.15307069035205895, 0.1957474171359199, 0.4093624833498013]",1.0254870887341262e-07,1.0330870876598685e-07,True
"[0.04475814137899094, 0.05723689199147829, 0.15307069035205895, 0.1957474171359199, 0.5234943972864351]",1.9313841314487827e-07,1.9451949676801949e-07,True
"[0.04475814137899094, 0.05723689199147829, 0.15307069035205895, 0.1957474171359199, 0.6694467498530259]",3.2320538703567474e-07,3.2545384785156603e-07,True
"[0.04475814137899094, 0.05723689199147829, 0.15307069035205895, 0.1957474171359199, 0.8560912078750774]",4.926483630902654e-07,4.959982498970759e-07,True
"[0.04475814137899094, 0.05723689199147829, 0.15307069035205895, 0.1957474171359199, 1.0947728947252522]",6.927941391192789e-07,6.97413301648918e-07,True
"[0.04475814137899094, 0.05723689199147829, 0.15307069035205895, 0.1957474171359199, 1.4]",9.07416250649956e-07,9.135414077468531e-07,True
"[0.04475814137899094, 0.05723689199147829, 0.15307069035205895, 0.25032258773548044, 0.3201135363491284]",1.7659627900675732e-07,1.785415652721249e-07,True
"[0.04475814137899094, 0.05723689199147829, 0.15307069035205895, 0.25032258773548044, 0.4093624833498013]",4.5941014231598585e-07,4.62944693316923e-07,True
"[0.04475814137899094, 0.05723689199147829, 0.15307069035205895, 0.25032258773548044, 0.5234943972864351]",8.584905378623847e-07,8.641340798144913e-07,True
"[0.04475814137899094, 0.05723689199147829, 0.15307069035205895, 0.25032258773548044, 0.6694467498530259]",1.406025030121613e-06,1.4145796091535146e-06,True
"[0.04475814137899094, 0.05723689199147829, 0.15307069035205895, 0.25032258773548044, 0.8560912078750774]",2.1017620218468357e-06,2.114594600179847e-06,True
"[0.04475814137899094, 0.05723689199147829, 0.15307069035205895, 0.25032258773548044, 1.0947728947252522]",2.913468495805551e-06,2.931586207313889e-06,True
"[0.04475814137899094, 0.05723689199147829, 0.15307069035205895, 0.25032258773548044, 1.4]",3.7819360147679185e-06,3.80602302969407e-06,True
"[0.04475814137899094, 0.05723689199147829, 0.15307069035205895, 0.3201135363491284, 0.4093624833498013]",1.0155798750755731e-06,1.026705008427915e-06,True
"[0.04475814137899094, 0.05723689199147829, 0.15307069035205895, 0.3201135363491284, 0.5234943972864351]",2.0288500353370745e-06,2.041940309787554e-06,True
"[0.04475814137899094, 0.05723689199147829, 0.15307069035205895, 0.3201135363491284, 0.6694467498530259]",3.2779833412805926e-06,3.2973661038171068e-06,True
"[0.04475814137899094, 0.05723689199147829, 0.15307069035205895, 0.3201135363491284, 0.8560912078750774]",4.827596449294339e-06,4.8563105237455175e-06,True
"[0.04475814137899094, 0.05723689199147829, 0.15307069035205895, 0.3201135363491284, 1.0947728947252522]",6.621896602958565e-06,6.662608173069019e-06,True
"[0.04475814137899094, 0.05723689199147829, 0.15307069035205895, 0.3201135363491284, 1.4]",8.543434201986912e-06,8.598153473724978e-06,True
"[0.04475814137899094, 0.05723689199147829, 0.15307069035205895, 0.4093624833498013, 0.5234943972864351]",3.6425951734505824e-06,3.677493994421598e-06,True
"[0.04475814137899094, 0.05723689199147829, 0.15307069035205895, 0.4093624833498013, 0.6694467498530259]",6.07785715617327e-06,6.116288040706621e-06,True
"[0.04475814137899094, 0.05723689199147829, 0.15307069035205895, 0.4093624833498013, 0.8560912078750774]",8.89326958703233e-06,8.948863982419692e-06,True
"[0.04475814137899094, 0.05723689199147829, 0.15307069035205895, 0.4093624833498013, 1.0947728947252522]",1.2126932126369587e-05,1.220621463171818e-05,True
"[0.04475814137899094, 0.05723689199147829, 0.15307069035205895, 0.4093624833498013, 1.4]",1.5598866901970618e-05,1.5706776874156305e-05,True
"[0.04475814137899094, 0.05723689199147829, 0.15307069035205895, 0.5234943972864351, 0.6694467498530259]",9.819833247959089e-06,9.901599437410629e-06,True
"[0.04475814137899094, 0.05723689199147829, 0.15307069035205895, 0.5234943972864351, 0.8560912078750774]",1.4590938552758763e-05,1.4693314012450724e-05,True
"[0.04475814137899094, 0.05723689199147829, 0.15307069035205895, 0.5234943972864351, 1.0947728947252522]",1.9855724120983175e-05,2.000046985975456e-05,True
"[0.04475814137899094, 0.05723689199147829, 0.15307069035205895, 0.5234943972864351, 1.4]",2.550938875348954e-05,2.5708066237032974e-05,True
"[0.04475814137899094, 0.05723689199147829, 0.15307069035205895, 0.6694467498530259, 0.8560912078750774]",2.191459475796614e-05,2.2111637363382404e-05,True
"[0.04475814137899094, 0.05723689199147829, 0.15307069035205895, 0.6694467498530259, 1.0947728947252522]",3.0076441537659023e-05,3.0328983251721997e-05,True
"[0.04475814137899094, 0.05723689199147829, 0.15307069035205895, 0.6694467498530259, 1.4]",3.864740327626596e-05,3.899287304415189e-05,True
"[0.04475814137899094, 0.05723689199147829, 0.15307069035205895, 0.8560912078750774, 1.0947728947252522]",4.254505479976974e-05,4.298921917085098e-05,True
"[0.04475814137899094, 0.05723689199147829, 0.15307069035205895, 0.8560912078750774, 1.4]",5.495531473605e-05,5.552433638892073e-05,True
"[0.04475814137899094, 0.05723689199147829, 0.15307069035205895, 1.0947728947252522, 1.4]",7.364970649480668e-05,7.457037707364355e-05,True
"[0.04475814137899094, 0.05723689199147829, 0.1957474171359199, 0.25032258773548044, 0.3201135363491284]",8.182194094138236e-08,8.305803626782786e-08,True
"[0.04475814137899094, 0.05723689199147829, 0.1957474171359199, 0.25032258773548044, 0.4093624833498013]",2.809486228757043e-07,2.8468802748328585e-07,True
"[0.04475814137899094, 0.05723689199147829, 0.1957474171359199, 0.25032258773548044, 0.5234943972864351]",6.165891323279711e-07,6.242577154655372e-07,True
"[0.04475814137899094, 0.05723689199147829, 0.1957474171359199, 0.25032258773548044, 0.6694467498530259]",1.115496423136495e-06,1.1287511021797529e-06,True
"[0.04475814137899094, 0.05723689199147829, 0.1957474171359199, 0.25032258773548044, 0.8560912078750774]",1.780930204007176e-06,1.801380282085775e-06,True
"[0.04475814137899094, 0.05723689199147829, 0.1957474171359199, 0.25032258773548044, 1.0947728947252522]",2.582818393815713e-06,2.611693870554726e-06,True
"[0.04475814137899094, 0.05723689199147829, 0.1957474171359199, 0.25032258773548044, 1.4]",3.46094187825246e-06,3.4988254862074542e-06,True
"[0.04475814137899094, 0.05723689199147829, 0.1957474171359199, 0.3201135363491284, 0.4093624833498013]",1.0301183712349895e-06,1.0496330149778294e-06,True
"[0.04475814137899094, 0.05723689199147829, 0.1957474171359199, 0.3201135363491284, 0.5234943972864351]",2.6159936222919883e-06,2.649224364796232e-06,True
"[0.04475814137899094, 0.05723689199147829, 0.1957474171359199, 0.3201135363491284, 0.6694467498530259]",4.665954409159768e-06,4.71515713125933e-06,True
"[0.04475814137899094, 0.05723689199147829, 0.1957474171359199, 0.3201135363491284, 0.8560912078750774]",7.2529384713189595e-06,7.322182571091275e-06,True
"[0.04475814137899094, 0.05723689199147829, 0.1957474171359199, 0.3201135363491284, 1.0947728947252522]",1.0281415060539307e-05,1.0379708770829703e-05,True
"[0.04475814137899094, 0.05723689199147829, 0.1957474171359199, 0.3201135363491284, 1.4]",1.3557933450585927e-05,1.3689615135149553e-05,True
"[0.04475814137899094, 0.05723689199147829, 0.1957474171359199, 0.4093624833498013, 0.5234943972864351]",5.3713754046367325e-06,5.4726660980832555e-06,True
"[0.04475814137899094, 0.05723689199147829, 0.1957474171359199, 0.4093624833498013, 0.6694467498530259]",1.0316931453748746e-05,1.0423793892203626e-05,True
"[0.04475814137899094, 0.05723689199147829, 0.1957474171359199, 0.4093624833498013, 0.8560912078750774]",1.5802107030192193e-05,1.5949734761153883e-05,True
"[0.04475814137899094, 0.05723689199147829, 0.1957474171359199, 0.4093624833498013, 1.0947728947252522]",2.2060813573975295e-05,2.226819283415919e-05,True
"[0.04475814137899094, 0.05723689199147829, 0.1957474171359199, 0.4093624833498013, 1.4]",2.8792661348207438e-05,2.9072094895931566e-05,True
"[0.04475814137899094, 0.05723689199147829, 0.1957474171359199, 0.5234943972864351, 0.6694467498530259]",1.7274112370724858e-05,1.7560834184335473e-05,True
"[0.04475814137899094, 0.05723689199147829, 0.1957474171359199, 0.5234943972864351, 0.8560912078750774]",2.7531357211182205e-05,2.781100255176696e-05,True
"[0.04475814137899094, 0.05723689199147829, 0.1957474171359199, 0.5234943972864351, 1.0947728947252522]",3.823777053427228e-05,3.862189951576759e-05,True
"[0.04475814137899094, 0.05723689199147829, 0.1957474171359199, 0.5234943972864351, 1.4]",4.96582217737669e-05,5.0178716252244485e-05,True
"[0.04475814137899094, 0.05723689199147829, 0.1957474171359199, 0.6694467498530259, 0.8560912078750774]",4.177394432559384e-05,4.2384155799249505e-05,True
"[0.04475814137899094, 0.05723689199147829, 0.1957474171359199, 0.6694467498530259, 1.0947728947252522]",5.926554787448427e-05,5.9943642003809976e-05,True
"[0.04475814137899094, 0.05723689199147829, 0.1957474171359199, 0.6694467498530259, 1.4]",7.690580264047773e-05,7.781419798861496e-05,True
"[0.04475814137899094, 0.05723689199147829, 0.1957474171359199, 0.8560912078750774, 1.0947728947252522]",8.409078325719332e-05,8.534590031566068e-05,True
"[0.04475814137899094, 0.05723689199147829, 0.1957474171359199, 0.8560912078750774, 1.4]",0.00011041536262275201,0.00011192406699122693,True
"[0.04475814137899094, 0.05723689199147829, 0.1957474171359199, 1.0947728947252522, 1.4]",0.00014806294065615287,0.00015056466025532684,True
"[0.04475814137899094, 0.05723689199147829, 0.25032258773548044, 0.3201135363491284, 0.4093624833498013]",4.4753999182082486e-07,4.5917976151022077e-07,True
"[0.04475814137899094, 0.05723689199147829, 0.25032258773548044, 0.3201135363491284, 0.5234943972864351]",1.508241147060781e-06,1.5420944504457746e-06,True
"[0.04475814137899094, 0.05723689199147829, 0.25032258773548044, 0.3201135363491284, 0.6694467498530259]",3.1790280722681704e-06,3.244799111240231e-06,True
"[0.04475814137899094, 0.05723689199147829, 0.25032258773548044, 0.3201135363491284, 0.8560912078750774]",5.481769501885348e-06,5.589110816833593e-06,True
"[0.04475814137899094, 0.05723689199147829, 0.25032258773548044, 0.3201135363491284, 1.0947728947252522]",8.323690494922544e-06,8.480269191183313e-06,True
"[0.04475814137899094, 0.05723689199147829, 0.25032258773548044, 0.3201135363491284, 1.4]",1.1504314803028885e-05,1.1714362517053072e-05,True
"[0.04475814137899094, 0.05723689199147829, 0.25032258773548044, 0.4093624833498013, 0.5234943972864351]",5.115414820758738e-06,5.281061179731697e-06,True
"[0.04475814137899094, 0.05723689199147829, 0.25032258773548044, 0.4093624833498013, 0.6694467498530259]",1.2504842747781437e-05,1.2765050188578832e-05,True
"[0.04475814137899094, 0.05723689199147829, 0.25032258773548044, 0.4093624833498013, 0.8560912078750774]",2.1147216846935247e-05,2.150257767939605e-05,True
"[0.04475814137899094, 0.05723689199147829, 0.25032258773548044, 0.4093624833498013, 1.0947728947252522]",3.114821239106145e-05,3.161103921962434e-05,True
"[0.04475814137899094, 0.05723689199147829, 0.25032258773548044, 0.4093624833498013, 1.4]",4.197385904359968e-05,4.259541997331882e-05,True
"[0.04475814137899094, 0.05723689199147829, 0.25032258773548044, 0.5234943972864351, 0.6694467498530259]",2.3608335386057442e-05,2.4372235710468725e-05,True
"[0.04475814137899094, 0.05723689199147829, 0.25032258773548044, 0.5234943972864351, 0.8560912078750774]",4.3352554019307076e-05,4.4077300694906717e-05,True
"[0.04475814137899094, 0.05723689199147829, 0.25032258773548044, 0.5234943972864351, 1.0947728947252522]",6.293345360970189e-05,6.385731543691117e-05,True
"[0.04475814137899094, 0.05723689199147829, 0.25032258773548044, 0.5234943972864351, 1.4]",8.354500613866807e-05,8.47798149783596e-05,True
"[0.04475814137899094, 0.05723689199147829, 0.25032258773548044, 0.6694467498530259, 0.8560912078750774]",6.731633886833456e-05,6.927956269888481e-05,True
"[0.04475814137899094, 0.05723689199147829, 0.25032258773548044, 0.6694467498530259, 1.0947728947252522]",0.00010270362420844662,0.00010437289219588603,True
"[0.04475814137899094, 0.05723689199147829, 0.25032258773548044, 0.6694467498530259, 1.4]",0.00013584179533662893,0.00013801907958109954,True
"[0.04475814137899094, 0.05723689199147829, 0.25032258773548044, 0.8560912078750774, 1.0947728947252522]",0.00014574238647403182,0.0001496759706584,True
"[0.04475814137899094, 0.05723689199147829, 0.25032258773548044, 0.8560912078750774, 1.4]",0.00019862335256334556,0.00020227709374382363,True
"[0.04475814137899094, 0.05723689199147829, 0.25032258773548044, 1.0947728947252522, 1.4]",0.00026529756512442393,0.0002725236465662228,True
"[0.04475814137899094, 0.05723689199147829, 0.3201135363491284, 0.4093624833498013, 0.5234943972864351]",2.1211356356582506e-06,2.2160162344171153e-06,True
"[0.04475814137899094, 0.05723689199147829, 0.3201135363491284, 0.4093624833498013, 0.6694467498530259]",6.928323696530336e-06,7.190745008520108e-06,True
"[0.04475814137899094, 0.05723689199147829, 0.3201135363491284, 0.4093624833498013, 0.8560912078750774]",1.3933865745687869e-05,1.4413820083752567e-05,True
"[0.04475814137899094, 0.05723689199147829, 0.3201135363491284, 0.4093624833498013, 1.0947728947252522]",2.2854488668015458e-05,2.3592942779131924e-05,True
"[0.04475814137899094, 0.05723689199147829, 0.3201135363491284, 0.4093624833498013, 1.4]",3.3078449913617725e-05,3.409974629263647e-05,True
"[0.04475814137899094, 0.05723689199147829, 0.3201135363491284, 0.5234943972864351, 0.6694467498530259]",2.138956645954526e-05,2.2581671631204942e-05,True
"[0.04475814137899094, 0.05723689199147829, 0.3201135363491284, 0.5234943972864351, 0.8560912078750774]",5.0133944614722755e-05,5.185465622664628e-05,True
"[0.04475814137899094, 0.05723689199147829, 0.3201135363491284, 0.5234943972864351, 1.0947728947252522]",8.038747999446772e-05,8.256002583067947e-05,True
"[0.04475814137899094, 0.05723689199147829, 0.3201135363491284, 0.5234943972864351, 1.4]",0.00011256121531013137,0.00011522109888629663,True
"[0.04475814137899094, 0.05723689199147829, 0.3201135363491284, 0.6694467498530259, 0.8560912078750774]",8.624229472398908e-05,9.111964350503673e-05,True
"[0.04475814137899094, 0.05723689199147829, 0.3201135363491284, 0.6694467498530259, 1.0947728947252522]",0.00015214734711031975,0.0001563657619864604,True
"[0.04475814137899094, 0.05723689199147829, 0.3201135363491284, 0.6694467498530259, 1.4]",0.00021041809644331064,0.00021523194537299844,True
"[0.04475814137899094, 0.05723689199147829, 0.3201135363491284, 0.8560912078750774, 1.0947728947252522]",0.00021771768885428546,0.00022929414543257153,True
"[0.04475814137899094, 0.05723689199147829, 0.3201135363491284, 0.8560912078750774, 1.4]",0.00032150903806778784,0.00032975067756118025,True
"[0.04475814137899094, 0.05723689199147829, 0.3201135363491284, 1.0947728947252522, 1.4]",0.00042336028930492877,0.0004455577136167025,True
"[0.04475814137899094, 0.05723689199147829, 0.4093624833498013, 0.5234943972864351, 0.6694467498530259]",8.5062110478076e-06,9.166307260076636e-06,True
"[0.04475814137899094, 0.05723689199147829, 0.4093624833498013, 0.5234943972864351, 0.8560912078750774]",2.681980068947043e-05,2.8550861858544045e-05,True
"[0.04475814137899094, 0.05723689199147829, 0.4093624833498013, 0.5234943972864351, 1.0947728947252522]",5.145918567130421e-05,5.4440087271067536e-05,True
"[0.04475814137899094, 0.05723689199147829, 0.4093624833498013, 0.5234943972864351, 1.4]",8.054010375535022e-05,8.487934048453572e-05,True
"[0.04475814137899094, 0.05723689199147829, 0.4093624833498013, 0.6694467498530259, 0.8560912078750774]",7.424695636608963e-05,8.151859543037913e-05,True
"[0.04475814137899094, 0.05723689199147829, 0.4093624833498013, 0.6694467498530259, 1.0947728947252522]",0.00016820031685225634,0.00017794515139400052,True
"[0.04475814137899094, 0.05723689199147829, 0.4093624833498013, 0.6694467498530259, 1.4]",0.0002572783357534301,0.0002687425746782463,True
"[0.04475814137899094, 0.05723689199147829, 0.4093624833498013, 0.8560912078750774, 1.0947728947252522]",0.0002607250267206803,0.0002874983695653961,True
"[0.04475814137899094, 0.05723689199147829, 0.4093624833498013, 0.8560912078750774, 1.4]",0.00044904896454982593,0.0004706252219291935,True
"[0.04475814137899094, 0.05723689199147829, 0.4093624833498013, 1.0947728947252522, 1.4]",0.0005851855849092489,0.0006451360751833614,True
"[0.04475814137899094, 0.05723689199147829, 0.5234943972864351, 0.6694467498530259, 0.8560912078750774]",2.815760171083914e-05,3.201514584135519e-05,True
"[0.04475814137899094, 0.05723689199147829, 0.5234943972864351, 0.6694467498530259, 1.0947728947252522]",8.610625596869445e-05,9.576049615067436e-05,True
"[0.04475814137899094, 0.05723689199147829, 0.5234943972864351, 0.6694467498530259, 1.4]",0.00015852098809602288,0.0001742746277903499,True
"[0.04475814137899094, 0.05723689199147829, 0.5234943972864351, 0.8560912078750774, 1.0947728947252522]",0.0002102186648180071,0.00024767012277013956,True
"[0.04475814137899094, 0.05723689199147829, 0.5234943972864351, 0.8560912078750774, 1.4]",0.0004700263417774065,0.0005178257637947741,True
"[0.04475814137899094, 0.05723689199147829, 0.5234943972864351, 1.0947728947252522, 1.4]",0.0006438972920100927,0.0007710049913406775,True
"[0.04475814137899094, 0.05723689199147829, 0.6694467498530259, 0.8560912078750774, 1.0947728947252522]",7.490422866250865e-05,9.349051402894353e-05,True
"[0.04475814137899094, 0.05723689199147829, 0.6694467498530259, 0.8560912078750774, 1.4]",0.0002249218856479989,0.0002700290410782109,True
"[0.04475814137899094, 0.05723689199147829, 0.6694467498530259, 1.0947728947252522, 1.4]",0.0004731538447546865,0.0006342481360488994,True
"[0.04475814137899094, 0.05723689199147829, 0.8560912078750774, 1.0947728947252522, 1.4]",0.0001552496222646881,0.00022752008893709818,True
"[0.04475814137899094, 0.07319476868138912, 0.09360176585269005, 0.11969831626736879, 0.15307069035205895]",3.683699617875844e-10,3.693021159531413e-10,True
"[0.04475814137899094, 0.07319476868138912, 0.09360176585269005, 0.11969831626736879, 0.1957474171359199]",1.1007473701661769e-09,1.1031094856911702e-09,True
"[0.04475814137899094, 0.07319476868138912, 0.09360176585269005, 0.11969831626736879, 0.25032258773548044]",2.377667736322235e-09,2.3824400570020002e-09,True
"[0.04475814137899094, 0.07319476868138912, 0.09360176585269005, 0.11969831626736879, 0.3201135363491284]",4.503920933587871e-09,4.5126330207803404e-09,True
"[0.04475814137899094, 0.07319476868138912, 0.09360176585269005, 0.11969831626736879, 0.4093624833498013]",7.840483941641238e-09,7.855485090701025e-09,True
"[0.04475814137899094, 0.07319476868138912, 0.09360176585269005, 0.11969831626736879, 0.5234943972864351]",1.2743059100016497e-08,1.2767950617766686e-08,True
"[0.04475814137899094, 0.07319476868138912, 0.09360176585269005, 0.11969831626736879, 0.6694467498530259]",1.9424483795694744e-08,1.946356250928488e-08,True
"[0.04475814137899094, 0.07319476868138912, 0.09360176585269005, 0.11969831626736879, 0.8560912078750774]",2.777748096306369e-08,2.783531289073232e-08,True
"[0.04475814137899094, 0.07319476868138912, 0.09360176585269005, 0.11969831626736879, 1.0947728947252522]",3.7275980535030455e-08,3.7356326967415564e-08,True
"[0.04475814137899094, 0.07319476868138912, 0.09360176585269005, 0.11969831626736879, 1.4]",4.7078763664598225e-08,4.7183461004278785e-08,True
"[0.04475814137899094, 0.07319476868138912, 0.09360176585269005, 0.15307069035205895, 0.1957474171359199]",3.496919334331476e-09,3.507403135755131e-09,True
"[0.04475814137899094, 0.07319476868138912, 0.09360176585269005, 0.15307069035205895, 0.25032258773548044]",8.354405664187131e-09,8.37212726273068e-09,True
"[0.04475814137899094, 0.07319476868138912, 0.09360176585269005, 0.15307069035205895, 0.3201135363491284]",1.582533984534349e-08,1.58556006682643e-08,True
"[0.04475814137899094, 0.07319476868138912, 0.09360176585269005, 0.15307069035205895, 0.4093624833498013]",2.729535917319879e-08,2.7347353020756814e-08,True
"[0.04475814137899094, 0.07319476868138912, 0.09360176585269005, 0.15307069035205895, 0.5234943972864351]",4.3954159162291796e-08,4.404002140132202e-08,True
"[0.04475814137899094, 0.07319476868138912, 0.09360176585269005, 0.15307069035205895, 0.6694467498530259]",6.649170940460084e-08,6.662706748458753e-08,True
"[0.04475814137899094, 0.07319476868138912, 0.09360176585269005, 0.15307069035205895, 0.8560912078750774]",9.45696718812911e-08,9.477183542076062e-08,True
"[0.04475814137899094, 0.07319476868138912, 0.09360176585269005, 0.15307069035205895, 1.0947728947252522]",1.265220890992201e-07,1.268062725854078e-07,True
"[0.04475814137899094, 0.07319476868138912, 0.09360176585269005, 0.15307069035205895, 1.4]",1.5966916059971134e-07,1.600441258193255e-07,True
"[0.04475814137899094, 0.07319476868138912, 0.09360176585269005, 0.1957474171359199, 0.25032258773548044]",1.8720920860031158e-08,1.877347033261959e-08,True
"[0.04475814137899094, 0.07319476868138912, 0.09360176585269005, 0.1957474171359199, 0.3201135363491284]",3.686088864225942e-08,3.693396450414517e-08,True
"[0.04475814137899094, 0.07319476868138912, 0.09360176585269005, 0.1957474171359199, 0.4093624833498013]",6.318995778903921e-08,6.331186394257154e-08,True
"[0.04475814137899094, 0.07319476868138912, 0.09360176585269005, 0.1957474171359199, 0.5234943972864351]",1.0096356301832543e-07,1.0116499127661738e-07,True
"[0.04475814137899094, 0.07319476868138912, 0.09360176585269005, 0.1957474171359199, 0.6694467498530259]",1.5176981180262409e-07,1.5209043907204514e-07,True
"[0.04475814137899094, 0.07319476868138912, 0.09360176585269005, 0.1957474171359199, 0.8560912078750774]",2.1493500017181757e-07,2.1542009233612729e-07,True
"[0.04475814137899094, 0.07319476868138912, 0.09360176585269005, 0.1957474171359199, 1.0947728947252522]",2.8695217350444767e-07,2.876435708371009e-07,True
"[0.04475814137899094, 0.07319476868138912, 0.09360176585269005, 0.1957474171359199, 1.4]",3.621136377873874e-07,3.6303840141177747e-07,True
"[0.04475814137899094, 0.07319476868138912, 0.09360176585269005, 0.25032258773548044, 0.3201135363491284]",7.095704373677458e-08,7.113351233958817e-08,True
"[0.04475814137899094, 0.07319476868138912, 0.09360176585269005, 0.25032258773548044, 0.4093624833498013]",1.234756485918769e-07,1.2373172885151384e-07,True
"[0.04475814137899094, 0.07319476868138912, 0.09360176585269005, 0.25032258773548044, 0.5234943972864351]",1.9638802293650117e-07,1.9680711149013125e-07,True
"[0.04475814137899094, 0.07319476868138912, 0.09360176585269005, 0.25032258773548044, 0.6694467498530259]",2.938412791152535e-07,2.9451403397331516e-07,True
"[0.04475814137899094, 0.07319476868138912, 0.09360176585269005, 0.25032258773548044, 0.8560912078750774]",4.148438496941353e-07,4.158741066921698e-07,True
"[0.04475814137899094, 0.07319476868138912, 0.09360176585269005, 0.25032258773548044, 1.0947728947252522]",5.531874466621214e-07,5.546748347971318e-07,True
"[0.04475814137899094, 0.07319476868138912, 0.09360176585269005, 0.25032258773548044, 1.4]",6.98575376663287e-07,7.005903041982726e-07,True
"[0.04475814137899094, 0.07319476868138912, 0.09360176585269005, 0.3201135363491284, 0.4093624833498013]",2.1736349997659844e-07,2.179168188011807e-07,True
"[0.04475814137899094, 0.07319476868138912, 0.09360176585269005, 0.3201135363491284, 0.5234943972864351]",3.4729024100417366e-07,3.481160912434558e-07,True
"[0.04475814137899094, 0.07319476868138912, 0.09360176585269005, 0.3201135363491284, 0.6694467498530259]",5.178616249463293e-07,5.191866843889952e-07,True
"[0.04475814137899094, 0.07319476868138912, 0.09360176585269005, 0.3201135363491284, 0.8560912078750774]",7.29285214268565e-07,7.313334357837818e-07,True
"[0.04475814137899094, 0.07319476868138912, 0.09360176585269005, 0.3201135363491284, 1.0947728947252522]",9.717642470807906e-07,9.747541910632868e-07,True
"[0.04475814137899094, 0.07319476868138912, 0.09360176585269005, 0.3201135363491284, 1.4]",1.228485201100179e-06,1.2325826024916006e-06,True
"[0.04475814137899094, 0.07319476868138912, 0.09360176585269005, 0.4093624833498013, 0.5234943972864351]",5.712512356561605e-07,5.728925718559047e-07,True
"[0.04475814137899094, 0.07319476868138912, 0.09360176585269005, 0.4093624833498013, 0.6694467498530259]",8.523883734604798e-07,8.548854473043884e-07,True
"[0.04475814137899094, 0.07319476868138912, 0.09360176585269005, 0.4093624833498013, 0.8560912078750774]",1.198056172424746e-06,1.201927902779911e-06,True
"[0.04475814137899094, 0.07319476868138912, 0.09360176585269005, 0.4093624833498013, 1.0947728947252522]",1.5955876935733671e-06,1.6012890351988492e-06,True
"[0.04475814137899094, 0.07319476868138912, 0.09360176585269005, 0.4093624833498013, 1.4]",2.019554530839909e-06,2.0274468731483256e-06,True
"[0.04475814137899094, 0.07319476868138912, 0.09360176585269005, 0.5234943972864351, 0.6694467498530259]",1.322054563998496e-06,1.3266900616646515e-06,True
"[0.04475814137899094, 0.07319476868138912, 0.09360176585269005, 0.5234943972864351, 0.8560912078750774]",1.8583244689173162e-06,1.865311760655273e-06,True
"[0.04475814137899094, 0.07319476868138912, 0.09360176585269005, 0.5234943972864351, 1.0947728947252522]",2.4742907695050367e-06,2.484626660361393e-06,True
"[0.04475814137899094, 0.07319476868138912, 0.09360176585269005, 0.5234943972864351, 1.4]",3.135366060129691e-06,3.1497912500835527e-06,True
"[0.04475814137899094, 0.07319476868138912, 0.09360176585269005, 0.6694467498530259, 0.8560912078750774]",2.731010322746973e-06,2.743199017098921e-06,True
"[0.04475814137899094, 0.07319476868138912, 0.09360176585269005, 0.6694467498530259, 1.0947728947252522]",3.638706694607677e-06,3.656482282144251e-06,True
"[0.04475814137899094, 0.07319476868138912, 0.09360176585269005, 0.6694467498530259, 1.4]",4.61534432939443e-06,4.640274632547098e-06,True
"[0.04475814137899094, 0.07319476868138912, 0.09360176585269005, 0.8560912078750774, 1.0947728947252522]",5.081731736598744e-06,5.110870085350842e-06,True
"[0.04475814137899094, 0.07319476868138912, 0.09360176585269005, 0.8560912078750774, 1.4]",6.4521674068282385e-06,6.492728316006118e-06,True
"[0.04475814137899094, 0.07319476868138912, 0.09360176585269005, 1.0947728947252522, 1.4]",8.57654192561796e-06,8.638829422024895e-06,True
"[0.04475814137899094, 0.07319476868138912, 0.11969831626736879, 0.15307069035205895, 0.1957474171359199]",2.691167426207903e-09,2.701209740270597e-09,True
"[0.04475814137899094, 0.07319476868138912, 0.11969831626736879, 0.15307069035205895, 0.25032258773548044]",7.683008639816348e-09,7.709928451416646e-09,True
"[0.04475814137899094, 0.07319476868138912, 0.11969831626736879, 0.15307069035205895, 0.3201135363491284]",1.6308358888596375e-08,1.6364213647621925e-08,True
"[0.04475814137899094, 0.07319476868138912, 0.11969831626736879, 0.15307069035205895, 0.4093624833498013]",3.026748222699562e-08,3.036972867868377e-08,True
"[0.04475814137899094, 0.07319476868138912, 0.11969831626736879, 0.15307069035205895, 0.5234943972864351]",5.1223882753907986e-08,5.139480086446101e-08,True
"[0.04475814137899094, 0.07319476868138912, 0.11969831626736879, 0.15307069035205895, 0.6694467498530259]",8.023749215043524e-08,8.051171815882721e-08,True
"[0.04475814137899094, 0.07319476868138912, 0.11969831626736879, 0.15307069035205895, 0.8560912078750774]",1.1701694713872097e-07,1.1742930192923207e-07,True
"[0.04475814137899094, 0.07319476868138912, 0.11969831626736879, 0.15307069035205895, 1.0947728947252522]",1.5944418543231277e-07,1.6002355788960505e-07,True
"[0.04475814137899094, 0.07319476868138912, 0.11969831626736879, 0.15307069035205895, 1.4]",2.0394383627253513e-07,2.0470585540232224e-07,True
"[0.04475814137899094, 0.07319476868138912, 0.11969831626736879, 0.1957474171359199, 0.25032258773548044]",2.518186176248804e-08,2.5320477172816616e-08,True
"[0.04475814137899094, 0.07319476868138912, 0.11969831626736879, 0.1957474171359199, 0.3201135363491284]",6.185172207178628e-08,6.209843455183022e-08,True
"[0.04475814137899094, 0.07319476868138912, 0.11969831626736879, 0.1957474171359199, 0.4093624833498013]",1.1647832882967476e-07,1.168908080632823e-07,True
"[0.04475814137899094, 0.07319476868138912, 0.11969831626736879, 0.1957474171359199, 0.5234943972864351]",1.9650731989376896e-07,1.9719431444776543e-07,True
"[0.04475814137899094, 0.07319476868138912, 0.11969831626736879, 0.1957474171359199, 0.6694467498530259]",3.0600406650335684e-07,3.0709694742942747e-07,True
"[0.04475814137899094, 0.07319476868138912, 0.11969831626736879, 0.1957474171359199, 0.8560912078750774]",4.44025650444254e-07,4.456660825792828e-07,True
"[0.04475814137899094, 0.07319476868138912, 0.11969831626736879, 0.1957474171359199, 1.0947728947252522]",6.032160318997267e-07,6.055312668472237e-07,True
"[0.04475814137899094, 0.07319476868138912, 0.11969831626736879, 0.1957474171359199, 1.4]",7.710533441126877e-07,7.741230125283263e-07,True
"[0.04475814137899094, 0.07319476868138912, 0.11969831626736879, 0.25032258773548044, 0.3201135363491284]",1.3966721439770204e-07,1.4044403563319843e-07,True
"[0.04475814137899094, 0.07319476868138912, 0.11969831626736879, 0.25032258773548044, 0.4093624833498013]",2.7794440096204465e-07,2.7896955563263005e-07,True
"[0.04475814137899094, 0.07319476868138912, 0.11969831626736879, 0.25032258773548044, 0.5234943972864351]",4.6603027642061697e-07,4.676834471892107e-07,True
"[0.04475814137899094, 0.07319476868138912, 0.11969831626736879, 0.25032258773548044, 0.6694467498530259]",7.192862057143785e-07,7.218999562544932e-07,True
"[0.04475814137899094, 0.07319476868138912, 0.11969831626736879, 0.25032258773548044, 0.8560912078750774]",1.0366926206986013e-06,1.040638427614112e-06,True
"[0.04475814137899094, 0.07319476868138912, 0.11969831626736879, 0.25032258773548044, 1.0947728947252522]",1.4028282968351411e-06,1.4084564709495328e-06,True
"[0.04475814137899094, 0.07319476868138912, 0.11969831626736879, 0.25032258773548044, 1.4]",1.790881325636338e-06,1.7984368696798225e-06,True
"[0.04475814137899094, 0.07319476868138912, 0.11969831626736879, 0.3201135363491284, 0.4093624833498013]",5.267223895961895e-07,5.293360947196078e-07,True
"[0.04475814137899094, 0.07319476868138912, 0.11969831626736879, 0.3201135363491284, 0.5234943972864351]",9.038606916408556e-07,9.073132843076389e-07,True
"[0.04475814137899094, 0.07319476868138912, 0.11969831626736879, 0.3201135363491284, 0.6694467498530259]",1.3884583984667753e-06,1.3938273158162374e-06,True
"[0.04475814137899094, 0.07319476868138912, 0.11969831626736879, 0.3201135363491284, 0.8560912078750774]",1.9918697243738564e-06,2.000023776905327e-06,True
"[0.04475814137899094, 0.07319476868138912, 0.11969831626736879, 0.3201135363491284, 1.0947728947252522]",2.6886983947684305e-06,2.700462304331579e-06,True
"[0.04475814137899094, 0.07319476868138912, 0.11969831626736879, 0.3201135363491284, 1.4]",3.4317583954358e-06,3.447754536061582e-06,True
"[0.04475814137899094, 0.07319476868138912, 0.11969831626736879, 0.4093624833498013, 0.5234943972864351]",1.5483937615530852e-06,1.5558496965560115e-06,True
"[0.04475814137899094, 0.07319476868138912, 0.11969831626736879, 0.4093624833498013, 0.6694467498530259]",2.4010508846946656e-06,2.4114001045080443e-06,True
"[0.04475814137899094, 0.07319476868138912, 0.11969831626736879, 0.4093624833498013, 0.8560912078750774]",3.4360019198407675e-06,3.451650434236222e-06,True
"[0.04475814137899094, 0.07319476868138912, 0.11969831626736879, 0.4093624833498013, 1.0947728947252522]",4.631350994462972e-06,4.654125151248071e-06,True
"[0.04475814137899094, 0.07319476868138912, 0.11969831626736879, 0.4093624833498013, 1.4]",5.913787171229769e-06,5.945107529009325e-06,True
"[0.04475814137899094, 0.07319476868138912, 0.11969831626736879, 0.5234943972864351, 0.6694467498530259]",3.819286362660163e-06,3.8395754811257505e-06,True
"[0.04475814137899094, 0.07319476868138912, 0.11969831626736879, 0.5234943972864351, 0.8560912078750774]",5.489191983115922e-06,5.517749470248815e-06,True
"[0.04475814137899094, 0.07319476868138912, 0.11969831626736879, 0.5234943972864351, 1.0947728947252522]",7.395234010898911e-06,7.436827445186876e-06,True
"[0.04475814137899094, 0.07319476868138912, 0.11969831626736879, 0.5234943972864351, 1.4]",9.449515812541355e-06,9.50720788276565e-06,True
"[0.04475814137899094, 0.07319476868138912, 0.11969831626736879, 0.6694467498530259, 0.8560912078750774]",8.204353420413984e-06,8.255976993001925e-06,True
"[0.04475814137899094, 0.07319476868138912, 0.11969831626736879, 0.6694467498530259, 1.0947728947252522]",1.1084285956996424e-05,1.1156320605219706e-05,True
"[0.04475814137899094, 0.07319476868138912, 0.11969831626736879, 0.6694467498530259, 1.4]",1.4175150830816967e-05,1.4275326510837081e-05,True
"[0.04475814137899094, 0.07319476868138912, 0.11969831626736879, 0.8560912078750774, 1.0947728947252522]",1.5663862043990372e-05,1.5784840308912785e-05,True
"[0.04475814137899094, 0.07319476868138912, 0.11969831626736879, 0.8560912078750774, 1.4]",2.007459999630725e-05,2.023843978672015e-05,True
"[0.04475814137899094, 0.07319476868138912, 0.11969831626736879, 1.0947728947252522, 1.4]",2.6913281167418373e-05,2.7169405503595092e-05,True
"[0.04475814137899094, 0.07319476868138912, 0.15307069035205895, 0.1957474171359199, 0.25032258773548044]",1.5952990490441242e-08,1.6060671583480778e-08,True
"[0.04475814137899094, 0.07319476868138912, 0.15307069035205895, 0.1957474171359199, 0.3201135363491284]",4.752568259318634e-08,4.783748707889028e-08,True
"[0.04475814137899094, 0.07319476868138912, 0.15307069035205895, 0.1957474171359199, 0.4093624833498013]",1.016755015108102e-07,1.023286865001103e-07,True
"[0.04475814137899094, 0.07319476868138912, 0.15307069035205895, 0.1957474171359199, 0.5234943972864351]",1.862273345980284e-07,1.8740353634276516e-07,True
"[0.04475814137899094, 0.07319476868138912, 0.15307069035205895, 0.1957474171359199, 0.6694467498530259]",3.065351399779825e-07,3.084412263776278e-07,True
"[0.04475814137899094, 0.07319476868138912, 0.15307069035205895, 0.1957474171359199, 0.8560912078750774]",4.623719134257883e-07,4.65204261503945e-07,True
"[0.04475814137899094, 0.07319476868138912, 0.15307069035205895, 0.1957474171359199, 1.0947728947252522]",6.456492191183656e-07,6.496759672200001e-07,True
"[0.04475814137899094, 0.07319476868138912, 0.15307069035205895, 0.1957474171359199, 1.4]",8.418310985942216e-07,8.471957184093561e-07,True
"[0.04475814137899094, 0.07319476868138912, 0.15307069035205895, 0.25032258773548044, 0.3201135363491284]",1.650920974418038e-07,1.6677996309879005e-07,True
"[0.04475814137899094, 0.07319476868138912, 0.15307069035205895, 0.25032258773548044, 0.4093624833498013]",4.1497407702776503e-07,4.179951601869694e-07,True
"[0.04475814137899094, 0.07319476868138912, 0.15307069035205895, 0.25032258773548044, 0.5234943972864351]",7.674158287337181e-07,7.722712814050355e-07,True
"[0.04475814137899094, 0.07319476868138912, 0.15307069035205895, 0.25032258773548044, 0.6694467498530259]",1.2516552619462248e-06,1.2591979813810616e-06,True
"[0.04475814137899094, 0.07319476868138912, 0.15307069035205895, 0.25032258773548044, 0.8560912078750774]",1.868042832443007e-06,1.8794477541439227e-06,True
"[0.04475814137899094, 0.07319476868138912, 0.15307069035205895, 0.25032258773548044, 1.0947728947252522]",2.588266121847123e-06,2.604467429042137e-06,True
"[0.04475814137899094, 0.07319476868138912, 0.15307069035205895, 0.25032258773548044, 1.4]",3.360010620386523e-06,3.381648765756184e-06,True
"[0.04475814137899094, 0.07319476868138912, 0.15307069035205895, 0.3201135363491284, 0.4093624833498013]",9.138670184928118e-07,9.234493018802934e-07,True
"[0.04475814137899094, 0.07319476868138912, 0.15307069035205895, 0.3201135363491284, 0.5234943972864351]",1.8076884220572046e-06,1.8192278120874637e-06,True
"[0.04475814137899094, 0.07319476868138912, 0.15307069035205895, 0.3201135363491284, 0.6694467498530259]",2.921903278038115e-06,2.939511818497133e-06,True
"[0.04475814137899094, 0.07319476868138912, 0.15307069035205895, 0.3201135363491284, 0.8560912078750774]",4.3118395966123015e-06,4.338203323626758e-06,True
"[0.04475814137899094, 0.07319476868138912, 0.15307069035205895, 0.3201135363491284, 1.0947728947252522]",5.927066137752222e-06,5.96468507613921e-06,True
"[0.04475814137899094, 0.07319476868138912, 0.15307069035205895, 0.3201135363491284, 1.4]",7.661647636509539e-06,7.71240708354461e-06,True
"[0.04475814137899094, 0.07319476868138912, 0.15307069035205895, 0.4093624833498013, 0.5234943972864351]",3.277415647972523e-06,3.308191228773848e-06,True
"[0.04475814137899094, 0.07319476868138912, 0.15307069035205895, 0.4093624833498013, 0.6694467498530259]",5.469244404713238e-06,5.504821190775437e-06,True
"[0.04475814137899094, 0.07319476868138912, 0.15307069035205895, 0.4093624833498013, 0.8560912078750774]",8.03252405022683e-06,8.084670383727042e-06,True
"[0.04475814137899094, 0.07319476868138912, 0.15307069035205895, 0.4093624833498013, 1.0947728947252522]",1.0991173024544554e-05,1.1065970656392865e-05,True
"[0.04475814137899094, 0.07319476868138912, 0.15307069035205895, 0.4093624833498013, 1.4]",1.4178524535219725e-05,1.4280609553390084e-05,True
"[0.04475814137899094, 0.07319476868138912, 0.15307069035205895, 0.5234943972864351, 0.6694467498530259]",8.930462447784982e-06,9.006019495512873e-06,True
"[0.04475814137899094, 0.07319476868138912, 0.15307069035205895, 0.5234943972864351, 0.8560912078750774]",1.3317386457534266e-05,1.341438217863654e-05,True
"[0.04475814137899094, 0.07319476868138912, 0.15307069035205895, 0.5234943972864351, 1.0947728947252522]",1.8197910939375047e-05,1.8335955955654076e-05,True
"[0.04475814137899094, 0.07319476868138912, 0.15307069035205895, 0.5234943972864351, 1.4]",2.3459221180695995e-05,2.3649116043235686e-05,True
"[0.04475814137899094, 0.07319476868138912, 0.15307069035205895, 0.6694467498530259, 0.8560912078750774]",2.0183279125377766e-05,2.0369320508372014e-05,True
"[0.04475814137899094, 0.07319476868138912, 0.15307069035205895, 0.6694467498530259, 1.0947728947252522]",2.7814705588663104e-05,2.8056600260154116e-05,True
"[0.04475814137899094, 0.07319476868138912, 0.15307069035205895, 0.6694467498530259, 1.4]",3.587380229211787e-05,3.620562500538334e-05,True
"[0.04475814137899094, 0.07319476868138912, 0.15307069035205895, 0.8560912078750774, 1.0947728947252522]",3.963203479731452e-05,4.005625760044844e-05,True
"[0.04475814137899094, 0.07319476868138912, 0.15307069035205895, 0.8560912078750774, 1.4]",5.138293330394053e-05,5.1930470656230534e-05,True
"[0.04475814137899094, 0.07319476868138912, 0.15307069035205895, 1.0947728947252522, 1.4]",6.925571626629888e-05,7.014000056009204e-05,True
"[0.04475814137899094, 0.07319476868138912, 0.1957474171359199, 0.25032258773548044, 0.3201135363491284]",8.777533129321346e-08,8.890135507295014e-08,True
"[0.04475814137899094, 0.07319476868138912, 0.1957474171359199, 0.25032258773548044, 0.4093624833498013]",2.7476170596881707e-07,2.7809037552410646e-07,True
"[0.04475814137899094, 0.07319476868138912, 0.1957474171359199, 0.25032258773548044, 0.5234943972864351]",5.854802241979849e-07,5.92290691545441e-07,True
"[0.04475814137899094, 0.07319476868138912, 0.1957474171359199, 0.25032258773548044, 0.6694467498530259]",1.0451726730091071e-06,1.05697126475935e-06,True
"[0.04475814137899094, 0.07319476868138912, 0.1957474171359199, 0.25032258773548044, 0.8560912078750774]",1.6572172515157423e-06,1.6754828642367294e-06,True
"[0.04475814137899094, 0.07319476868138912, 0.1957474171359199, 0.25032258773548044, 1.0947728947252522]",2.3944450936572737e-06,2.4203240587200858e-06,True
"[0.04475814137899094, 0.07319476868138912, 0.1957474171359199, 0.25032258773548044, 1.4]",3.2020192943535256e-06,3.236074311414788e-06,True
"[0.04475814137899094, 0.07319476868138912, 0.1957474171359199, 0.3201135363491284, 0.4093624833498013]",9.630104848525432e-07,9.80703065124046e-07,True
"[0.04475814137899094, 0.07319476868138912, 0.1957474171359199, 0.3201135363491284, 0.5234943972864351]",2.4173182731395794e-06,2.4478981743452653e-06,True
"[0.04475814137899094, 0.07319476868138912, 0.1957474171359199, 0.3201135363491284, 0.6694467498530259]",4.3168062746941075e-06,4.363033708165613e-06,True
"[0.04475814137899094, 0.07319476868138912, 0.1957474171359199, 0.3201135363491284, 0.8560912078750774]",6.73211892884431e-06,6.798243149385601e-06,True
"[0.04475814137899094, 0.07319476868138912, 0.1957474171359199, 0.3201135363491284, 1.0947728947252522]",9.575257985885619e-06,9.669927987774513e-06,True
"[0.04475814137899094, 0.07319476868138912, 0.1957474171359199, 0.3201135363491284, 1.4]",1.2664043981525744e-05,1.2791582103899266e-05,True
"[0.04475814137899094, 0.07319476868138912, 0.1957474171359199, 0.4093624833498013, 0.5234943972864351]",5.032394711623997e-06,5.127654604525775e-06,True
"[0.04475814137899094, 0.07319476868138912, 0.1957474171359199, 0.4093624833498013, 0.6694467498530259]",9.717891137545812e-06,9.822793512326153e-06,True
"[0.04475814137899094, 0.07319476868138912, 0.1957474171359199, 0.4093624833498013, 0.8560912078750774]",1.4993487573220707e-05,1.5140089010740746e-05,True
"[0.04475814137899094, 0.07319476868138912, 0.1957474171359199, 0.4093624833498013, 1.0947728947252522]",2.1058472009671553e-05,2.1266103175377814e-05,True
"[0.04475814137899094, 0.07319476868138912, 0.1957474171359199, 0.4093624833498013, 1.4]",2.7615389180663342e-05,2.789632214259207e-05,True
"[0.04475814137899094, 0.07319476868138912, 0.1957474171359199, 0.5234943972864351, 0.6694467498530259]",1.654163942488028e-05,1.6825618814813064e-05,True
"[0.04475814137899094, 0.07319476868138912, 0.1957474171359199, 0.5234943972864351, 0.8560912078750774]",2.6614979701967077e-05,2.6898713024693222e-05,True
"[0.04475814137899094, 0.07319476868138912, 0.1957474171359199, 0.5234943972864351, 1.0947728947252522]",3.723533751115677e-05,3.762768467179588e-05,True
"[0.04475814137899094, 0.07319476868138912, 0.1957474171359199, 0.5234943972864351, 1.4]",4.862507300324949e-05,4.915817184377015e-05,True
"[0.04475814137899094, 0.07319476868138912, 0.1957474171359199, 0.6694467498530259, 0.8560912078750774]",4.091898060885332e-05,4.155200584412485e-05,True
"[0.04475814137899094, 0.07319476868138912, 0.1957474171359199, 0.6694467498530259, 1.0947728947252522]",5.856709307248673e-05,5.926637530469191e-05,True
"[0.04475814137899094, 0.07319476868138912, 0.1957474171359199, 0.6694467498530259, 1.4]",7.645732311911702e-05,7.739621760679099e-05,True
"[0.04475814137899094, 0.07319476868138912, 0.1957474171359199, 0.8560912078750774, 1.0947728947252522]",8.396103400494586e-05,8.526169669368025e-05,True
"[0.04475814137899094, 0.07319476868138912, 0.1957474171359199, 0.8560912078750774, 1.4]",0.00011099518865956878,0.00011256237902884866,True
"[0.04475814137899094, 0.07319476868138912, 0.1957474171359199, 1.0947728947252522, 1.4]",0.00015000794672170728,0.00015266087431647538,True
"[0.04475814137899094, 0.07319476868138912, 0.25032258773548044, 0.3201135363491284, 0.4093624833498013]",4.5061315715499713e-07,4.613036780168069e-07,True
"[0.04475814137899094, 0.07319476868138912, 0.25032258773548044, 0.3201135363491284, 0.5234943972864351]",1.4426226855862129e-06,1.4736808684687595e-06,True
"[0.04475814137899094, 0.07319476868138912, 0.25032258773548044, 0.3201135363491284, 0.6694467498530259]",3.0037419141847725e-06,3.0646026656988218e-06,True
"[0.04475814137899094, 0.07319476868138912, 0.25032258773548044, 0.3201135363491284, 0.8560912078750774]",5.161580906190919e-06,5.261856359789501e-06,True
"[0.04475814137899094, 0.07319476868138912, 0.25032258773548044, 0.3201135363491284, 1.0947728947252522]",7.833553432518308e-06,7.981077823995516e-06,True
"[0.04475814137899094, 0.07319476868138912, 0.25032258773548044, 0.3201135363491284, 1.4]",1.0833287737705823e-05,1.1032597831264275e-05,True
"[0.04475814137899094, 0.07319476868138912, 0.25032258773548044, 0.4093624833498013, 0.5234943972864351]",4.859290289443256e-06,5.016557477072256e-06,True
"[0.04475814137899094, 0.07319476868138912, 0.25032258773548044, 0.4093624833498013, 0.6694467498530259]",1.1949053367955897e-05,1.2205542986929578e-05,True
"[0.04475814137899094, 0.07319476868138912, 0.25032258773548044, 0.4093624833498013, 0.8560912078750774]",2.0396936184482017e-05,2.0758044866606415e-05,True
"[0.04475814137899094, 0.07319476868138912, 0.25032258773548044, 0.4093624833498013, 1.0947728947252522]",3.0284257373764238e-05,3.076516480457405e-05,True
"[0.04475814137899094, 0.07319476868138912, 0.25032258773548044, 0.4093624833498013, 1.4]",4.1082808116687565e-05,4.172151955466832e-05,True
"[0.04475814137899094, 0.07319476868138912, 0.25032258773548044, 0.5234943972864351, 0.6694467498530259]",2.304185485784773e-05,2.3818371056332627e-05,True
"[0.04475814137899094, 0.07319476868138912, 0.25032258773548044, 0.5234943972864351, 0.8560912078750774]",4.306784432602068e-05,4.384682948014188e-05,True
"[0.04475814137899094, 0.07319476868138912, 0.25032258773548044, 0.5234943972864351, 1.0947728947252522]",6.327301833267398e-05,6.4254539672814e-05,True
"[0.04475814137899094, 0.07319476868138912, 0.25032258773548044, 0.5234943972864351, 1.4]",8.468632124354845e-05,8.600513089728916e-05,True
"[0.04475814137899094, 0.07319476868138912, 0.25032258773548044, 0.6694467498530259, 0.8560912078750774]",6.802859420825134e-05,7.016864719869257e-05,True
"[0.04475814137899094, 0.07319476868138912, 0.25032258773548044, 0.6694467498530259, 1.0947728947252522]",0.00010560125805547823,0.0001074108729072523,True
"[0.04475814137899094, 0.07319476868138912, 0.25032258773548044, 0.6694467498530259, 1.4]",0.00014095576022207906,0.00014332235980995742,True
"[0.04475814137899094, 0.07319476868138912, 0.25032258773548044, 0.8560912078750774, 1.0947728947252522]",0.00015153321213628892,0.00015604119775742973,True
"[0.04475814137899094, 0.07319476868138912, 0.25032258773548044, 0.8560912078750774, 1.4]",0.00020933384496685397,0.00021334635801605273,True
"[0.04475814137899094, 0.07319476868138912, 0.25032258773548044, 1.0947728947252522, 1.4]",0.00028161839937680536,0.0002901922551395104,True
"[0.04475814137899094, 0.07319476868138912, 0.3201135363491284, 0.4093624833498013, 0.5234943972864351]",2.0791144836518713e-06,2.1677841942998703e-06,True
"[0.04475814137899094, 0.07319476868138912, 0.3201135363491284, 0.4093624833498013, 0.6694467498530259]",6.629208881559841e-06,6.877578427389251e-06,True
"[0.04475814137899094, 0.07319476868138912, 0.3201135363491284, 0.4093624833498013, 0.8560912078750774]",1.3315593343939459e-05,1.3777453148969297e-05,True
"[0.04475814137899094, 0.07319476868138912, 0.3201135363491284, 0.4093624833498013, 1.0947728947252522]",2.1902130681696063e-05,2.2623430726896523e-05,True
"[0.04475814137899094, 0.07319476868138912, 0.3201135363491284, 0.4093624833498013, 1.4]",3.18115946669201e-05,3.2821423628685526e-05,True
"[0.04475814137899094, 0.07319476868138912, 0.3201135363491284, 0.5234943972864351, 0.6694467498530259]",2.0733195198094104e-05,2.1913986424107187e-05,True
"[0.04475814137899094, 0.07319476868138912, 0.3201135363491284, 0.5234943972864351, 0.8560912078750774]",4.956118327736294e-05,5.136455119626942e-05,True
"[0.04475814137899094, 0.07319476868138912, 0.3201135363491284, 0.5234943972864351, 1.0947728947252522]",8.06898178380151e-05,8.30523207128505e-05,True
"[0.04475814137899094, 0.07319476868138912, 0.3201135363491284, 0.5234943972864351, 1.4]",0.00011424945934805446,0.00011721306531975879,True
"[0.04475814137899094, 0.07319476868138912, 0.3201135363491284, 0.6694467498530259, 0.8560912078750774]",8.719670387823168e-05,9.24899682571885e-05,True
"[0.04475814137899094, 0.07319476868138912, 0.3201135363491284, 0.6694467498530259, 1.0947728947252522]",0.00015822286185719956,0.00016310549964486818,True
"[0.04475814137899094, 0.07319476868138912, 0.3201135363491284, 0.6694467498530259, 1.4]",0.00022228275360764213,0.0002276690832680421,True
"[0.04475814137899094, 0.07319476868138912, 0.3201135363491284, 0.8560912078750774, 1.0947728947252522]",0.00022947967694458805,0.00024309440702110713,True
"[0.04475814137899094, 0.07319476868138912, 0.3201135363491284, 0.8560912078750774, 1.4]",0.0003473989121425096,0.0003569869505950266,True
"[0.04475814137899094, 0.07319476868138912, 0.3201135363491284, 1.0947728947252522, 1.4]",0.00045997849981652627,0.00048745803339973835,True
"[0.04475814137899094, 0.07319476868138912, 0.4093624833498013, 0.5234943972864351, 0.6694467498530259]",8.275715245669377e-06,8.903737170348302e-06,True
"[0.04475814137899094, 0.07319476868138912, 0.4093624833498013, 0.5234943972864351, 0.8560912078750774]",2.5901615531186674e-05,2.758699006307094e-05,True
"[0.04475814137899094, 0.07319476868138912, 0.4093624833498013, 0.5234943972864351, 1.0947728947252522]",4.998509574935034e-05,5.295534453106084e-05,True
"[0.04475814137899094, 0.07319476868138912, 0.4093624833498013, 0.5234943972864351, 1.4]",7.877654673060357e-05,8.318424779530247e-05,True
"[0.04475814137899094, 0.07319476868138912, 0.4093624833498013, 0.6694467498530259, 0.8560912078750774]",7.332614721040073e-05,8.079268290054083e-05,True
"[0.04475814137899094, 0.07319476868138912, 0.4093624833498013, 0.6694467498530259, 1.0947728947252522]",0.00017131740593297594,0.00018207780655599191,True
"[0.04475814137899094, 0.07319476868138912, 0.4093624833498013, 0.6694467498530259, 1.4]",0.00026728586509471556,0.00028047488017401024,True
"[0.04475814137899094, 0.07319476868138912, 0.4093624833498013, 0.8560912078750774, 1.0947728947252522]",0.0002706302703151085,0.00030120774834330774,True
"[0.04475814137899094, 0.07319476868138912, 0.4093624833498013, 0.8560912078750774, 1.4]",0.00048421592697267323,0.0005106953013369103,True
"[0.04475814137899094, 0.07319476868138912, 0.4093624833498013, 1.0947728947252522, 1.4]",0.000634350588315519,0.000708963032457755,True
"[0.04475814137899094, 0.07319476868138912, 0.5234943972864351, 0.6694467498530259, 0.8560912078750774]",2.7423279834734793e-05,3.11508355393236e-05,True
"[0.04475814137899094, 0.07319476868138912, 0.5234943972864351, 0.6694467498530259, 1.0947728947252522]",8.40872507442837e-05,9.371157878938054e-05,True
"[0.04475814137899094, 0.07319476868138912, 0.5234943972864351, 0.6694467498530259, 1.4]",0.00015640414944632802,0.00017256238458701855,True
"[0.04475814137899094, 0.07319476868138912, 0.5234943972864351, 0.8560912078750774, 1.0947728947252522]",0.00021043488656093148,0.00024992951575686075,True
"[0.04475814137899094, 0.07319476868138912, 0.5234943972864351, 0.8560912078750774, 1.4]",0.0004896498370582252,0.0005446423870979195,True
"[0.04475814137899094, 0.07319476868138912, 0.5234943972864351, 1.0947728947252522, 1.4]",0.0006776049791994613,0.0008277361041735317,True
"[0.04475814137899094, 0.07319476868138912, 0.6694467498530259, 0.8560912078750774, 1.0947728947252522]",7.321975817704121e-05,9.13919619518824e-05,True
"[0.04475814137899094, 0.07319476868138912, 0.6694467498530259, 0.8560912078750774, 1.4]",0.00022162807206981856,0.00026737590020120945,True
"[0.04475814137899094, 0.07319476868138912, 0.6694467498530259, 1.0947728947252522, 1.4]",0.0004763096995010694,0.0006486457634501393,True
"[0.04475814137899094, 0.07319476868138912, 0.8560912078750774, 1.0947728947252522, 1.4]",0.00015230190603398038,0.0002234748048205992,True
"[0.04475814137899094, 0.09360176585269005, 0.11969831626736879, 0.15307069035205895, 0.1957474171359199]",3.4758086633729047e-09,3.49029593277856e-09,True
"[0.04475814137899094, 0.09360176585269005, 0.11969831626736879, 0.15307069035205895, 0.25032258773548044]",1.0200791535153041e-08,1.0235301166683839e-08,True
"[0.04475814137899094, 0.09360176585269005, 0.11969831626736879, 0.15307069035205895, 0.3201135363491284]",2.1272504396570528e-08,2.1337794071570657e-08,True
"[0.04475814137899094, 0.09360176585269005, 0.11969831626736879, 0.15307069035205895, 0.4093624833498013]",3.870266178343573e-08,3.88147863118945e-08,True
"[0.04475814137899094, 0.09360176585269005, 0.11969831626736879, 0.15307069035205895, 0.5234943972864351]",6.440409948645838e-08,6.458942550703082e-08,True
"[0.04475814137899094, 0.09360176585269005, 0.11969831626736879, 0.15307069035205895, 0.6694467498530259]",9.95496725189792e-08,9.98423619903756e-08,True
"[0.04475814137899094, 0.09360176585269005, 0.11969831626736879, 0.15307069035205895, 0.8560912078750774]",1.436988110630773e-07,1.4413437471837832e-07,True
"[0.04475814137899094, 0.09360176585269005, 0.11969831626736879, 0.15307069035205895, 1.0947728947252522]",1.9428408191926024e-07,1.9489309663891428e-07,True
"[0.04475814137899094, 0.09360176585269005, 0.11969831626736879, 0.15307069035205895, 1.4]",2.470768786519215e-07,2.478764799671338e-07,True
"[0.04475814137899094, 0.09360176585269005, 0.11969831626736879, 0.1957474171359199, 0.25032258773548044]",2.8649982508786373e-08,2.8793438355124753e-08,True
"[0.04475814137899094, 0.09360176585269005, 0.11969831626736879, 0.1957474171359199, 0.3201135363491284]",6.692980880844498e-08,6.714803108371279e-08,True
"[0.04475814137899094, 0.09360176585269005, 0.11969831626736879, 0.1957474171359199, 0.4093624833498013]",1.213997497688994e-07,1.2174989144745309e-07,True
"[0.04475814137899094, 0.09360176585269005, 0.11969831626736879, 0.1957474171359199, 0.5234943972864351]",1.9947810758278747e-07,2.0005119853071977e-07,True
"[0.04475814137899094, 0.09360176585269005, 0.11969831626736879, 0.1957474171359199, 0.6694467498530259]",3.048272917940347e-07,3.0573041057085116e-07,True
"[0.04475814137899094, 0.09360176585269005, 0.11969831626736879, 0.1957474171359199, 0.8560912078750774]",4.363152405415078e-07,4.376697333364616e-07,True
"[0.04475814137899094, 0.09360176585269005, 0.11969831626736879, 0.1957474171359199, 1.0947728947252522]",5.86885215887697e-07,5.888030391156421e-07,True
"[0.04475814137899094, 0.09360176585269005, 0.11969831626736879, 0.1957474171359199, 1.4]",7.448101326767605e-07,7.473643824612589e-07,True
"[0.04475814137899094, 0.09360176585269005, 0.11969831626736879, 0.25032258773548044, 0.3201135363491284]",1.3815841890752864e-07,1.3880003244305714e-07,True
"[0.04475814137899094, 0.09360176585269005, 0.11969831626736879, 0.25032258773548044, 0.4093624833498013]",2.624101159190438e-07,2.632105065706071e-07,True
"[0.04475814137899094, 0.09360176585269005, 0.11969831626736879, 0.25032258773548044, 0.5234943972864351]",4.2825467793947184e-07,4.295237436748742e-07,True
"[0.04475814137899094, 0.09360176585269005, 0.11969831626736879, 0.25032258773548044, 0.6694467498530259]",6.490853976583783e-07,6.51092366094988e-07,True
"[0.04475814137899094, 0.09360176585269005, 0.11969831626736879, 0.25032258773548044, 0.8560912078750774]",9.236491950653925e-07,9.266977718015265e-07,True
"[0.04475814137899094, 0.09360176585269005, 0.11969831626736879, 0.25032258773548044, 1.0947728947252522]",1.2385094825480184e-06,1.2428915129268204e-06,True
"[0.04475814137899094, 0.09360176585269005, 0.11969831626736879, 0.25032258773548044, 1.4]",1.570785491511782e-06,1.5767108512742567e-06,True
"[0.04475814137899094, 0.09360176585269005, 0.11969831626736879, 0.3201135363491284, 0.4093624833498013]",4.7366280903552773e-07,4.755707824569521e-07,True
"[0.04475814137899094, 0.09360176585269005, 0.11969831626736879, 0.3201135363491284, 0.5234943972864351]",7.880233097134277e-07,7.906075357975931e-07,True
"[0.04475814137899094, 0.09360176585269005, 0.11969831626736879, 0.3201135363491284, 0.6694467498530259]",1.1898487506273268e-06,1.1938937273563981e-06,True
"[0.04475814137899094, 0.09360176585269005, 0.11969831626736879, 0.3201135363491284, 0.8560912078750774]",1.6871893611784501e-06,1.693390807484188e-06,True
"[0.04475814137899094, 0.09360176585269005, 0.11969831626736879, 0.3201135363491284, 1.0947728947252522]",2.2587994090909266e-06,2.2678265638621284e-06,True
"[0.04475814137899094, 0.09360176585269005, 0.11969831626736879, 0.3201135363491284, 1.4]",2.8661544405760956e-06,2.8785211183800334e-06,True
"[0.04475814137899094, 0.09360176585269005, 0.11969831626736879, 0.4093624833498013, 0.5234943972864351]",1.3122251514555455e-06,1.3177349186353013e-06,True
"[0.04475814137899094, 0.09360176585269005, 0.11969831626736879, 0.4093624833498013, 0.6694467498530259]",1.9966593690489324e-06,2.004431824753129e-06,True
"[0.04475814137899094, 0.09360176585269005, 0.11969831626736879, 0.4093624833498013, 0.8560912078750774]",2.826178846664667e-06,2.838069310782713e-06,True
"[0.04475814137899094, 0.09360176585269005, 0.11969831626736879, 0.4093624833498013, 1.0947728947252522]",3.780759535422276e-06,3.798218206619032e-06,True
"[0.04475814137899094, 0.09360176585269005, 0.11969831626736879, 0.4093624833498013, 1.4]",4.8017954620768185e-06,4.825967356386774e-06,True
"[0.04475814137899094, 0.09360176585269005, 0.11969831626736879, 0.5234943972864351, 0.6694467498530259]",3.1206201819404976e-06,3.1357303996619293e-06,True
"[0.04475814137899094, 0.09360176585269005, 0.11969831626736879, 0.5234943972864351, 0.8560912078750774]",4.43256571865873e-06,4.4543053447349855e-06,True
"[0.04475814137899094, 0.09360176585269005, 0.11969831626736879, 0.5234943972864351, 1.0947728947252522]",5.929122921426362e-06,5.9610828891644214e-06,True
"[0.04475814137899094, 0.09360176585269005, 0.11969831626736879, 0.5234943972864351, 1.4]",7.538177953034341e-06,7.582769594399492e-06,True
"[0.04475814137899094, 0.09360176585269005, 0.11969831626736879, 0.6694467498530259, 0.8560912078750774]",6.549226795108977e-06,6.588274421387947e-06,True
"[0.04475814137899094, 0.09360176585269005, 0.11969831626736879, 0.6694467498530259, 1.0947728947252522]",8.781320975497196e-06,8.836766039784292e-06,True
"[0.04475814137899094, 0.09360176585269005, 0.11969831626736879, 0.6694467498530259, 1.4]",1.117589908933089e-05,1.1253461703036057e-05,True
"[0.04475814137899094, 0.09360176585269005, 0.11969831626736879, 0.8560912078750774, 1.0947728947252522]",1.231261602532476e-05,1.2405229578489929e-05,True
"[0.04475814137899094, 0.09360176585269005, 0.11969831626736879, 0.8560912078750774, 1.4]",1.569975955939477e-05,1.582668647705129e-05,True
"[0.04475814137899094, 0.09360176585269005, 0.11969831626736879, 1.0947728947252522, 1.4]",2.0933299318624622e-05,2.113074512881364e-05,True
"[0.04475814137899094, 0.09360176585269005, 0.15307069035205895, 0.1957474171359199, 0.25032258773548044]",2.241606058645474e-08,2.2539976755003712e-08,True
"[0.04475814137899094, 0.09360176585269005, 0.15307069035205895, 0.1957474171359199, 0.3201135363491284]",5.915433277009425e-08,5.945512722131811e-08,True
"[0.04475814137899094, 0.09360176585269005, 0.15307069035205895, 0.1957474171359199, 0.4093624833498013]",1.1801100029561681e-07,1.1859413540104135e-07,True
"[0.04475814137899094, 0.09360176585269005, 0.15307069035205895, 0.1957474171359199, 0.5234943972864351]",2.0684466968371283e-07,2.0785063772370946e-07,True
"[0.04475814137899094, 0.09360176585269005, 0.15307069035205895, 0.1957474171359199, 0.6694467498530259]",3.3058923981208626e-07,3.3220227751544853e-07,True
"[0.04475814137899094, 0.09360176585269005, 0.15307069035205895, 0.1957474171359199, 0.8560912078750774]",4.885081434417405e-07,4.909767119266186e-07,True
"[0.04475814137899094, 0.09360176585269005, 0.15307069035205895, 0.1957474171359199, 1.0947728947252522]",6.724248598777062e-07,6.759451994289501e-07,True
"[0.04475814137899094, 0.09360176585269005, 0.15307069035205895, 0.1957474171359199, 1.4]",8.67894237416215e-07,8.725883591835936e-07,True
"[0.04475814137899094, 0.09360176585269005, 0.15307069035205895, 0.25032258773548044, 0.3201135363491284]",1.6698097237844263e-07,1.6844792231860558e-07,True
"[0.04475814137899094, 0.09360176585269005, 0.15307069035205895, 0.25032258773548044, 0.4093624833498013]",3.9150053702199487e-07,3.939046951182189e-07,True
"[0.04475814137899094, 0.09360176585269005, 0.15307069035205895, 0.25032258773548044, 0.5234943972864351]",7.005554901844949e-07,7.043360914519126e-07,True
"[0.04475814137899094, 0.09360176585269005, 0.15307069035205895, 0.25032258773548044, 0.6694467498530259]",1.120570994689495e-06,1.1266478763457334e-06,True
"[0.04475814137899094, 0.09360176585269005, 0.15307069035205895, 0.25032258773548044, 0.8560912078750774]",1.652039139134339e-06,1.661262976923148e-06,True
"[0.04475814137899094, 0.09360176585269005, 0.15307069035205895, 0.25032258773548044, 1.0947728947252522]",2.27050861418496e-06,2.2836796317886696e-06,True
"[0.04475814137899094, 0.09360176585269005, 0.15307069035205895, 0.25032258773548044, 1.4]",2.9315002107648232e-06,2.9491801337169875e-06,True
"[0.04475814137899094, 0.09360176585269005, 0.15307069035205895, 0.3201135363491284, 0.4093624833498013]",8.190322605707631e-07,8.265374413782147e-07,True
"[0.04475814137899094, 0.09360176585269005, 0.15307069035205895, 0.3201135363491284, 0.5234943972864351]",1.5623391650723181e-06,1.5714976408801323e-06,True
"[0.04475814137899094, 0.09360176585269005, 0.15307069035205895, 0.3201135363491284, 0.6694467498530259]",2.4903926380146766e-06,2.50455789305058e-06,True
"[0.04475814137899094, 0.09360176585269005, 0.15307069035205895, 0.3201135363491284, 0.8560912078750774]",3.647558203638969e-06,3.66898171175143e-06,True
"[0.04475814137899094, 0.09360176585269005, 0.15307069035205895, 0.3201135363491284, 1.0947728947252522]",4.991481849296285e-06,5.022297557166856e-06,True
"[0.04475814137899094, 0.09360176585269005, 0.15307069035205895, 0.3201135363491284, 1.4]",6.434296522896002e-06,6.476128984826283e-06,True
"[0.04475814137899094, 0.09360176585269005, 0.15307069035205895, 0.4093624833498013, 0.5234943972864351]",2.795125611305362e-06,2.818390866433533e-06,True
"[0.04475814137899094, 0.09360176585269005, 0.15307069035205895, 0.4093624833498013, 0.6694467498530259]",4.5872205949722836e-06,4.616086218079453e-06,True
"[0.04475814137899094, 0.09360176585269005, 0.15307069035205895, 0.4093624833498013, 0.8560912078750774]",6.703094132697354e-06,6.746065616597196e-06,True
"[0.04475814137899094, 0.09360176585269005, 0.15307069035205895, 0.4093624833498013, 1.0947728947252522]",9.150344078354307e-06,9.212534842642603e-06,True
"[0.04475814137899094, 0.09360176585269005, 0.15307069035205895, 0.4093624833498013, 1.4]",1.1789552640544358e-05,1.187490793858577e-05,True
"[0.04475814137899094, 0.09360176585269005, 0.15307069035205895, 0.5234943972864351, 0.6694467498530259]",7.472752836870283e-06,7.533457366571541e-06,True
"[0.04475814137899094, 0.09360176585269005, 0.15307069035205895, 0.5234943972864351, 0.8560912078750774]",1.1072770160144526e-05,1.1153348848224658e-05,True
"[0.04475814137899094, 0.09360176585269005, 0.15307069035205895, 0.5234943972864351, 1.0947728947252522]",1.5111552010300581e-05,1.5227523987225198e-05,True
"[0.04475814137899094, 0.09360176585269005, 0.15307069035205895, 0.5234943972864351, 1.4]",1.9475534270868363e-05,1.9635907505727193e-05,True
"[0.04475814137899094, 0.09360176585269005, 0.15307069035205895, 0.6694467498530259, 0.8560912078750774]",1.6802780895109927e-05,1.6955765743888433e-05,True
"[0.04475814137899094, 0.09360176585269005, 0.15307069035205895, 0.6694467498530259, 1.0947728947252522]",2.311024135765882e-05,2.3314301144813727e-05,True
"[0.04475814137899094, 0.09360176585269005, 0.15307069035205895, 0.6694467498530259, 1.4]",2.98138715517819e-05,3.0095636882896717e-05,True
"[0.04475814137899094, 0.09360176585269005, 0.15307069035205895, 0.8560912078750774, 1.0947728947252522]",3.300430815169141e-05,3.3358949722743816e-05,True
"[0.04475814137899094, 0.09360176585269005, 0.15307069035205895, 0.8560912078750774, 1.4]",4.2783492881966605e-05,4.324909899685373e-05,True
"[0.04475814137899094, 0.09360176585269005, 0.15307069035205895, 1.0947728947252522, 1.4]",5.7803070899632365e-05,5.854940047275106e-05,True
"[0.04475814137899094, 0.09360176585269005, 0.1957474171359199, 0.25032258773548044, 0.3201135363491284]",1.112702209586186e-07,1.12347184317455e-07,True
"[0.04475814137899094, 0.09360176585269005, 0.1957474171359199, 0.25032258773548044, 0.4093624833498013]",2.995870850882231e-07,3.0249344119779807e-07,True
"[0.04475814137899094, 0.09360176585269005, 0.1957474171359199, 0.25032258773548044, 0.5234943972864351]",5.987201460337146e-07,6.044897890750103e-07,True
"[0.04475814137899094, 0.09360176585269005, 0.1957474171359199, 0.25032258773548044, 0.6694467498530259]",1.0322170937840216e-06,1.0420798893870902e-06,True
"[0.04475814137899094, 0.09360176585269005, 0.1957474171359199, 0.25032258773548044, 0.8560912078750774]",1.602555077234355e-06,1.6177213284195086e-06,True
"[0.04475814137899094, 0.09360176585269005, 0.1957474171359199, 0.25032258773548044, 1.0947728947252522]",2.2844718401406246e-06,2.305882066896614e-06,True
"[0.04475814137899094, 0.09360176585269005, 0.1957474171359199, 0.25032258773548044, 1.4]",3.0271931627464105e-06,3.056108631896819e-06,True
"[0.04475814137899094, 0.09360176585269005, 0.1957474171359199, 0.3201135363491284, 0.4093624833498013]",9.133500792683705e-07,9.285577086710494e-07,True
"[0.04475814137899094, 0.09360176585269005, 0.1957474171359199, 0.3201135363491284, 0.5234943972864351]",2.1910243056591537e-06,2.216666526359278e-06,True
"[0.04475814137899094, 0.09360176585269005, 0.1957474171359199, 0.3201135363491284, 0.6694467498530259]",3.854359179295604e-06,3.893302714135998e-06,True
"[0.04475814137899094, 0.09360176585269005, 0.1957474171359199, 0.3201135363491284, 0.8560912078750774]",5.970478485315687e-06,6.028054729102717e-06,True
"[0.04475814137899094, 0.09360176585269005, 0.1957474171359199, 0.3201135363491284, 1.0947728947252522]",8.466397342920629e-06,8.549505718527745e-06,True
"[0.04475814137899094, 0.09360176585269005, 0.1957474171359199, 0.3201135363491284, 1.4]",1.1182306596560498e-05,1.1294979311839088e-05,True
"[0.04475814137899094, 0.09360176585269005, 0.1957474171359199, 0.4093624833498013, 0.5234943972864351]",4.516208982526899e-06,4.59685323424182e-06,True
"[0.04475814137899094, 0.09360176585269005, 0.1957474171359199, 0.4093624833498013, 0.6694467498530259]",8.596195663448014e-06,8.686847317103816e-06,True
"[0.04475814137899094, 0.09360176585269005, 0.1957474171359199, 0.4093624833498013, 0.8560912078750774]",1.3247159992895463e-05,1.3378633484938037e-05,True
"[0.04475814137899094, 0.09360176585269005, 0.1957474171359199, 0.4093624833498013, 1.0947728947252522]",1.862985533404113e-05,1.881810286789504e-05,True
"[0.04475814137899094, 0.09360176585269005, 0.1957474171359199, 0.4093624833498013, 1.4]",2.447316874177026e-05,2.4729586753743845e-05,True
"[0.04475814137899094, 0.09360176585269005, 0.1957474171359199, 0.5234943972864351, 0.6694467498530259]",1.4761714225430288e-05,1.500727628543632e-05,True
"[0.04475814137899094, 0.09360176585269005, 0.1957474171359199, 0.5234943972864351, 0.8560912078750774]",2.370815901506349e-05,2.3967380649498724e-05,True
"[0.04475814137899094, 0.09360176585269005, 0.1957474171359199, 0.5234943972864351, 1.0947728947252522]",3.327841793831809e-05,3.3641807028942594e-05,True
"[0.04475814137899094, 0.09360176585269005, 0.1957474171359199, 0.5234943972864351, 1.4]",4.360217207310925e-05,4.409907826104176e-05,True
"[0.04475814137899094, 0.09360176585269005, 0.1957474171359199, 0.6694467498530259, 0.8560912078750774]",3.685241164121761e-05,3.741894714399321e-05,True
"[0.04475814137899094, 0.09360176585269005, 0.1957474171359199, 0.6694467498530259, 1.0947728947252522]",5.2891407283226566e-05,5.3545681380618605e-05,True
"[0.04475814137899094, 0.09360176585269005, 0.1957474171359199, 0.6694467498530259, 1.4]",6.933283943335867e-05,7.021798969411125e-05,True
"[0.04475814137899094, 0.09360176585269005, 0.1957474171359199, 0.8560912078750774, 1.0947728947252522]",7.654415823481587e-05,7.775643572019944e-05,True
"[0.04475814137899094, 0.09360176585269005, 0.1957474171359199, 0.8560912078750774, 1.4]",0.00010159387525408626,0.00010307867923945565,True
"[0.04475814137899094, 0.09360176585269005, 0.1957474171359199, 1.0947728947252522, 1.4]",0.0001383613350928309,0.00014086497346148263,True
"[0.04475814137899094, 0.09360176585269005, 0.25032258773548044, 0.3201135363491284, 0.4093624833498013]",5.058870905693056e-07,5.155675973940557e-07,True
"[0.04475814137899094, 0.09360176585269005, 0.25032258773548044, 0.3201135363491284, 0.5234943972864351]",1.4409141784841499e-06,1.4681202648142297e-06,True
"[0.04475814137899094, 0.09360176585269005, 0.25032258773548044, 0.3201135363491284, 0.6694467498530259]",2.882507467107485e-06,2.935563268413856e-06,True
"[0.04475814137899094, 0.09360176585269005, 0.25032258773548044, 0.3201135363491284, 0.8560912078750774]",4.8610687330176555e-06,4.948640131139575e-06,True
"[0.04475814137899094, 0.09360176585269005, 0.25032258773548044, 0.3201135363491284, 1.0947728947252522]",7.3042250778025795e-06,7.433520055906658e-06,True
"[0.04475814137899094, 0.09360176585269005, 0.25032258773548044, 0.3201135363491284, 1.4]",1.0044733732462865e-05,1.0220081494264986e-05,True
"[0.04475814137899094, 0.09360176585269005, 0.25032258773548044, 0.4093624833498013, 0.5234943972864351]",4.5441908850150004e-06,4.684731064292457e-06,True
"[0.04475814137899094, 0.09360176585269005, 0.25032258773548044, 0.4093624833498013, 0.6694467498530259]",1.0970167588232593e-05,1.1202450522164902e-05,True
"[0.04475814137899094, 0.09360176585269005, 0.25032258773548044, 0.4093624833498013, 0.8560912078750774]",1.8712327119473195e-05,1.9046719113252785e-05,True
"[0.04475814137899094, 0.09360176585269005, 0.25032258773548044, 0.4093624833498013, 1.0947728947252522]",2.7852695215092404e-05,2.8306510108823637e-05,True
"[0.04475814137899094, 0.09360176585269005, 0.25032258773548044, 0.4093624833498013, 1.4]",3.7900414231079206e-05,3.850929114061083e-05,True
"[0.04475814137899094, 0.09360176585269005, 0.25032258773548044, 0.5234943972864351, 0.6694467498530259]",2.1413698938961764e-05,2.2133713596146013e-05,True
"[0.04475814137899094, 0.09360176585269005, 0.25032258773548044, 0.5234943972864351, 0.8560912078750774]",4.0184422393822115e-05,4.093998593429495e-05,True
"[0.04475814137899094, 0.09360176585269005, 0.25032258773548044, 0.5234943972864351, 1.0947728947252522]",5.9476677423723986e-05,6.044231856127876e-05,True
"[0.04475814137899094, 0.09360176585269005, 0.25032258773548044, 0.5234943972864351, 1.4]",8.010597549183144e-05,8.141519344090378e-05,True
"[0.04475814137899094, 0.09360176585269005, 0.25032258773548044, 0.6694467498530259, 0.8560912078750774]",6.456291712246851e-05,6.665639307633314e-05,True
"[0.04475814137899094, 0.09360176585269005, 0.25032258773548044, 0.6694467498530259, 1.0947728947252522]",0.00010123480432193576,0.00010305402774881443,True
"[0.04475814137899094, 0.09360176585269005, 0.25032258773548044, 0.6694467498530259, 1.4]",0.00013618631198107257,0.00013858696850661354,True
"[0.04475814137899094, 0.09360176585269005, 0.25032258773548044, 0.8560912078750774, 1.0947728947252522]",0.00014724444188485365,0.00015186830320066278,True
"[0.04475814137899094, 0.09360176585269005, 0.25032258773548044, 0.8560912078750774, 1.4]",0.00020547170904035845,0.0002095885637977223,True
"[0.04475814137899094, 0.09360176585269005, 0.25032258773548044, 1.0947728947252522, 1.4]",0.0002791546097461523,0.00028824107077064196,True
"[0.04475814137899094, 0.09360176585269005, 0.3201135363491284, 0.4093624833498013, 0.5234943972864351]",2.153487176375561e-06,2.233863973743689e-06,True
"[0.04475814137899094, 0.09360176585269005, 0.3201135363491284, 0.4093624833498013, 0.6694467498530259]",6.380660405840452e-06,6.60478549105646e-06,True
"[0.04475814137899094, 0.09360176585269005, 0.3201135363491284, 0.4093624833498013, 0.8560912078750774]",1.257050801025162e-05,1.2990868102609434e-05,True
"[0.04475814137899094, 0.09360176585269005, 0.3201135363491284, 0.4093624833498013, 1.0947728947252522]",2.0538907298186944e-05,2.1202086072880703e-05,True
"[0.04475814137899094, 0.09360176585269005, 0.3201135363491284, 0.4093624833498013, 1.4]",2.976679973587854e-05,3.070384765375196e-05,True
"[0.04475814137899094, 0.09360176585269005, 0.3201135363491284, 0.5234943972864351, 0.6694467498530259]",1.9580201842267044e-05,2.068558546820712e-05,True
"[0.04475814137899094, 0.09360176585269005, 0.3201135363491284, 0.5234943972864351, 0.8560912078750774]",4.692218144566195e-05,4.8678290597889946e-05,True
"[0.04475814137899094, 0.09360176585269005, 0.3201135363491284, 0.5234943972864351, 1.0947728947252522]",7.708760862045094e-05,7.946507072706736e-05,True
"[0.04475814137899094, 0.09360176585269005, 0.3201135363491284, 0.5234943972864351, 1.4]",0.00011004749391467618,0.00011310175345281446,True
"[0.04475814137899094, 0.09360176585269005, 0.3201135363491284, 0.6694467498530259, 0.8560912078750774]",8.427948774585236e-05,8.959816629621485e-05,True
"[0.04475814137899094, 0.09360176585269005, 0.3201135363491284, 0.6694467498530259, 1.0947728947252522]",0.00015586196074099599,0.00016107275593167477,True
"[0.04475814137899094, 0.09360176585269005, 0.3201135363491284, 0.6694467498530259, 1.4]",0.0002218953745597231,0.00022766796804402217,True
"[0.04475814137899094, 0.09360176585269005, 0.3201135363491284, 0.8560912078750774, 1.0947728947252522]",0.00022982983137933728,0.0002445547476457412,True
"[0.04475814137899094, 0.09360176585269005, 0.3201135363491284, 0.8560912078750774, 1.4]",0.00035488414990020827,0.00036576415947128847,True
"[0.04475814137899094, 0.09360176585269005, 0.3201135363491284, 1.0947728947252522, 1.4]",0.00047478043788011623,0.0005061709223486781,True
"[0.04475814137899094, 0.09360176585269005, 0.4093624833498013, 0.5234943972864351, 0.6694467498530259]",8.235716124037142e-06,8.814295450725351e-06,True
"[0.04475814137899094, 0.09360176585269005, 0.4093624833498013, 0.5234943972864351, 0.8560912078750774]",2.4743597725560684e-05,2.6314245880253064e-05,True
"[0.04475814137899094, 0.09360176585269005, 0.4093624833498013, 0.5234943972864351, 1.0947728947252522]",4.746922357572555e-05,5.028506853736803e-05,True
"[0.04475814137899094, 0.09360176585269005, 0.4093624833498013, 0.5234943972864351, 1.4]",7.48788970675692e-05,7.912325153261645e-05,True
"[0.04475814137899094, 0.09360176585269005, 0.4093624833498013, 0.6694467498530259, 0.8560912078750774]",7.042540158752488e-05,7.771297480994619e-05,True
"[0.04475814137899094, 0.09360176585269005, 0.4093624833498013, 0.6694467498530259, 1.0947728947252522]",0.00016755291176844035,0.0001787026564139621,True
"[0.04475814137899094, 0.09360176585269005, 0.4093624833498013, 0.6694467498530259, 1.4]",0.0002656197233162526,0.0002798424990013017,True
"[0.04475814137899094, 0.09360176585269005, 0.4093624833498013, 0.8560912078750774, 1.0947728947252522]",0.00027015350801116913,0.00030289403771106973,True
"[0.04475814137899094, 0.09360176585269005, 0.4093624833498013, 0.8560912078750774, 1.4]",0.0004992675516040564,0.0005297716444026342,True
"[0.04475814137899094, 0.09360176585269005, 0.4093624833498013, 1.0947728947252522, 1.4]",0.0006600999293616504,0.000747153962260106,True
"[0.04475814137899094, 0.09360176585269005, 0.5234943972864351, 0.6694467498530259, 0.8560912078750774]",2.6880713532255803e-05,3.037630471964045e-05,True
"[0.04475814137899094, 0.09360176585269005, 0.5234943972864351, 0.6694467498530259, 1.0947728947252522]",8.072876455568222e-05,8.995263240960104e-05,True
"[0.04475814137899094, 0.09360176585269005, 0.5234943972864351, 0.6694467498530259, 1.4]",0.00015048040068440724,0.00016632888984345544,True
"[0.04475814137899094, 0.09360176585269005, 0.5234943972864351, 0.8560912078750774, 1.0947728947252522]",0.00020517880174208972,0.0002449791016569066,True
"[0.04475814137899094, 0.09360176585269005, 0.5234943972864351, 0.8560912078750774, 1.4]",0.0004918136028257444,0.0005516549653711587,True
"[0.04475814137899094, 0.09360176585269005, 0.5234943972864351, 1.0947728947252522, 1.4]",0.0006895858058111878,0.000857392738403198,True
"[0.04475814137899094, 0.09360176585269005, 0.6694467498530259, 0.8560912078750774, 1.0947728947252522]",7.15636602341614e-05,8.885956438819618e-05,True
"[0.04475814137899094, 0.09360176585269005, 0.6694467498530259, 0.8560912078750774, 1.4]",0.00021446854228300013,0.00025924920216629203,True
"[0.04475814137899094, 0.09360176585269005, 0.6694467498530259, 1.0947728947252522, 1.4]",0.00046847527188964084,0.0006454876150596179,True
"[0.04475814137899094, 0.09360176585269005, 0.8560912078750774, 1.0947728947252522, 1.4]",0.00014923721353401337,0.00021768792932721446,True
"[0.04475814137899094, 0.11969831626736879, 0.15307069035205895, 0.1957474171359199, 0.25032258773548044]",2.632108372236175e-08,2.6500437747993153e-08,True
"[0.04475814137899094, 0.11969831626736879, 0.15307069035205895, 0.1957474171359199, 0.3201135363491284]",7.470593209598159e-08,7.51029539425182e-08,True
"[0.04475814137899094, 0.11969831626736879, 0.15307069035205895, 0.1957474171359199, 0.4093624833498013]",1.4903915465585728e-07,1.4973701007498308e-07,True
"[0.04475814137899094, 0.11969831626736879, 0.15307069035205895, 0.1957474171359199, 0.5234943972864351]",2.5825012505999566e-07,2.5936978372046884e-07,True
"[0.04475814137899094, 0.11969831626736879, 0.15307069035205895, 0.1957474171359199, 0.6694467498530259]",4.0763935975824703e-07,4.0941988862067667e-07,True
"[0.04475814137899094, 0.11969831626736879, 0.15307069035205895, 0.1957474171359199, 0.8560912078750774]",5.95972396420104e-07,5.986388911491693e-07,True
"[0.04475814137899094, 0.11969831626736879, 0.15307069035205895, 0.1957474171359199, 1.0947728947252522]",8.133573173701674e-07,8.171136320215555e-07,True
"[0.04475814137899094, 0.11969831626736879, 0.15307069035205895, 0.1957474171359199, 1.4]",1.0429181376713304e-06,1.0478944701967804e-06,True
"[0.04475814137899094, 0.11969831626736879, 0.15307069035205895, 0.25032258773548044, 0.3201135363491284]",1.8916134364017033e-07,1.9070670909313643e-07,True
"[0.04475814137899094, 0.11969831626736879, 0.15307069035205895, 0.25032258773548044, 0.4093624833498013]",4.2394613142024515e-07,4.260566172150494e-07,True
"[0.04475814137899094, 0.11969831626736879, 0.15307069035205895, 0.25032258773548044, 0.5234943972864351]",7.302397419710139e-07,7.334697048833162e-07,True
"[0.04475814137899094, 0.11969831626736879, 0.15307069035205895, 0.25032258773548044, 0.6694467498530259]",1.1363561116269308e-06,1.1414030417064175e-06,True
"[0.04475814137899094, 0.11969831626736879, 0.15307069035205895, 0.25032258773548044, 0.8560912078750774]",1.6422168679938051e-06,1.6497999556593834e-06,True
"[0.04475814137899094, 0.11969831626736879, 0.15307069035205895, 0.25032258773548044, 1.0947728947252522]",2.224492012468554e-06,2.2353038063821233e-06,True
"[0.04475814137899094, 0.11969831626736879, 0.15307069035205895, 0.25032258773548044, 1.4]",2.841964061132667e-06,2.8565082070252533e-06,True
"[0.04475814137899094, 0.11969831626736879, 0.15307069035205895, 0.3201135363491284, 0.4093624833498013]",8.121528186505128e-07,8.182672965999967e-07,True
"[0.04475814137899094, 0.11969831626736879, 0.15307069035205895, 0.3201135363491284, 0.5234943972864351]",1.4710732989934865e-06,1.478144130179985e-06,True
"[0.04475814137899094, 0.11969831626736879, 0.15307069035205895, 0.3201135363491284, 0.6694467498530259]",2.275802446013139e-06,2.28655179283587e-06,True
"[0.04475814137899094, 0.11969831626736879, 0.15307069035205895, 0.3201135363491284, 0.8560912078750774]",3.266608872386012e-06,3.2828701705426796e-06,True
"[0.04475814137899094, 0.11969831626736879, 0.15307069035205895, 0.3201135363491284, 1.0947728947252522]",4.407043440470044e-06,4.430560786566537e-06,True
"[0.04475814137899094, 0.11969831626736879, 0.15307069035205895, 0.3201135363491284, 1.4]",5.623377069929214e-06,5.6555047568591694e-06,True
"[0.04475814137899094, 0.11969831626736879, 0.15307069035205895, 0.4093624833498013, 0.5234943972864351]",2.5000625460899425e-06,2.5164139682250812e-06,True
"[0.04475814137899094, 0.11969831626736879, 0.15307069035205895, 0.4093624833498013, 0.6694467498530259]",3.957565598361318e-06,3.978851214551752e-06,True
"[0.04475814137899094, 0.11969831626736879, 0.15307069035205895, 0.4093624833498013, 0.8560912078750774]",5.6703059636943776e-06,5.702202075672056e-06,True
"[0.04475814137899094, 0.11969831626736879, 0.15307069035205895, 0.4093624833498013, 1.0947728947252522]",7.638129311215222e-06,7.684668170995708e-06,True
"[0.04475814137899094, 0.11969831626736879, 0.15307069035205895, 0.4093624833498013, 1.4]",9.748907073335379e-06,9.813238010062245e-06,True
"[0.04475814137899094, 0.11969831626736879, 0.15307069035205895, 0.5234943972864351, 0.6694467498530259]",6.2486849421748e-06,6.292632032044901e-06,True
"[0.04475814137899094, 0.11969831626736879, 0.15307069035205895, 0.5234943972864351, 0.8560912078750774]",9.053459030735314e-06,9.112866393135983e-06,True
"[0.04475814137899094, 0.11969831626736879, 0.15307069035205895, 0.5234943972864351, 1.0947728947252522]",1.2198655742170562e-05,1.2285048492222633e-05,True
"[0.04475814137899094, 0.11969831626736879, 0.15307069035205895, 0.5234943972864351, 1.4]",1.5583394299529265e-05,1.5703692838486945e-05,True
"[0.04475814137899094, 0.11969831626736879, 0.15307069035205895, 0.6694467498530259, 0.8560912078750774]",1.346787770403718e-05,1.3579027548634692e-05,True
"[0.04475814137899094, 0.11969831626736879, 0.15307069035205895, 0.6694467498530259, 1.0947728947252522]",1.8261250348697986e-05,1.841295465340137e-05,True
"[0.04475814137899094, 0.11969831626736879, 0.15307069035205895, 0.6694467498530259, 1.4]",2.3358385446654004e-05,2.3569494895702555e-05,True
"[0.04475814137899094, 0.11969831626736879, 0.15307069035205895, 0.8560912078750774, 1.0947728947252522]",2.5735890917211373e-05,2.5996258012885176e-05,True
"[0.04475814137899094, 0.11969831626736879, 0.15307069035205895, 0.8560912078750774, 1.4]",3.3050468177744854e-05,3.3398693845653724e-05,True
"[0.04475814137899094, 0.11969831626736879, 0.15307069035205895, 1.0947728947252522, 1.4]",4.424760579697749e-05,4.4799647980715244e-05,True
"[0.04475814137899094, 0.11969831626736879, 0.1957474171359199, 0.25032258773548044, 0.3201135363491284]",1.5195537378807968e-07,1.53232109817923e-07,True
"[0.04475814137899094, 0.11969831626736879, 0.1957474171359199, 0.25032258773548044, 0.4093624833498013]",3.7245357507407004e-07,3.752641947152242e-07,True
"[0.04475814137899094, 0.11969831626736879, 0.1957474171359199, 0.25032258773548044, 0.5234943972864351]",6.976050572416236e-07,7.026872064456081e-07,True
"[0.04475814137899094, 0.11969831626736879, 0.1957474171359199, 0.25032258773548044, 0.6694467498530259]",1.1515124802548617e-06,1.1597620585842542e-06,True
"[0.04475814137899094, 0.11969831626736879, 0.1957474171359199, 0.25032258773548044, 0.8560912078750774]",1.7346205145029383e-06,1.7473737618836449e-06,True
"[0.04475814137899094, 0.11969831626736879, 0.1957474171359199, 0.25032258773548044, 1.0947728947252522]",2.420546310019279e-06,2.4390955784837527e-06,True
"[0.04475814137899094, 0.11969831626736879, 0.1957474171359199, 0.25032258773548044, 1.4]",3.160036413112348e-06,3.185204732471096e-06,True
"[0.04475814137899094, 0.11969831626736879, 0.1957474171359199, 0.3201135363491284, 0.4093624833498013]",9.320367220588591e-07,9.451363554447757e-07,True
"[0.04475814137899094, 0.11969831626736879, 0.1957474171359199, 0.3201135363491284, 0.5234943972864351]",2.068852945601149e-06,2.088691815962676e-06,True
"[0.04475814137899094, 0.11969831626736879, 0.1957474171359199, 0.3201135363491284, 0.6694467498530259]",3.5049685580991503e-06,3.5346509716522932e-06,True
"[0.04475814137899094, 0.11969831626736879, 0.1957474171359199, 0.3201135363491284, 0.8560912078750774]",5.308407327174465e-06,5.354072930100417e-06,True
"[0.04475814137899094, 0.11969831626736879, 0.1957474171359199, 0.3201135363491284, 1.0947728947252522]",7.422152729938603e-06,7.488309392088698e-06,True
"[0.04475814137899094, 0.11969831626736879, 0.1957474171359199, 0.3201135363491284, 1.4]",9.711998303965817e-06,9.80211751505286e-06,True
"[0.04475814137899094, 0.11969831626736879, 0.1957474171359199, 0.4093624833498013, 0.5234943972864351]",4.03155749638414e-06,4.093004605316704e-06,True
"[0.04475814137899094, 0.11969831626736879, 0.1957474171359199, 0.4093624833498013, 0.6694467498530259]",7.346121224465541e-06,7.415922905885082e-06,True
"[0.04475814137899094, 0.11969831626736879, 0.1957474171359199, 0.4093624833498013, 0.8560912078750774]",1.1131730537318578e-05,1.1235539211196401e-05,True
"[0.04475814137899094, 0.11969831626736879, 0.1957474171359199, 0.4093624833498013, 1.0947728947252522]",1.551339105727752e-05,1.566350783456884e-05,True
"[0.04475814137899094, 0.11969831626736879, 0.1957474171359199, 0.4093624833498013, 1.4]",2.0267830726040618e-05,2.0473860399308693e-05,True
"[0.04475814137899094, 0.11969831626736879, 0.1957474171359199, 0.5234943972864351, 0.6694467498530259]",1.2429355000579969e-05,1.2608445242664356e-05,True
"[0.04475814137899094, 0.11969831626736879, 0.1957474171359199, 0.5234943972864351, 0.8560912078750774]",1.953959711685049e-05,1.974557456991751e-05,True
"[0.04475814137899094, 0.11969831626736879, 0.1957474171359199, 0.5234943972864351, 1.0947728947252522]",2.724905459467424e-05,2.7542353955627586e-05,True
"[0.04475814137899094, 0.11969831626736879, 0.1957474171359199, 0.5234943972864351, 1.4]",3.558910938322515e-05,3.5993655089663714e-05,True
"[0.04475814137899094, 0.11969831626736879, 0.1957474171359199, 0.6694467498530259, 0.8560912078750774]",3.0311813583375578e-05,3.072987579134098e-05,True
"[0.04475814137899094, 0.11969831626736879, 0.1957474171359199, 0.6694467498530259, 1.0947728947252522]",4.3086914437936777e-05,4.3618232210159204e-05,True
"[0.04475814137899094, 0.11969831626736879, 0.1957474171359199, 0.6694467498530259, 1.4]",5.636563377922656e-05,5.709280787499257e-05,True
"[0.04475814137899094, 0.11969831626736879, 0.1957474171359199, 0.8560912078750774, 1.0947728947252522]",6.243193690522257e-05,6.340241599398871e-05,True
"[0.04475814137899094, 0.11969831626736879, 0.1957474171359199, 0.8560912078750774, 1.4]",8.258432691790083e-05,8.38075313411917e-05,True
"[0.04475814137899094, 0.11969831626736879, 0.1957474171359199, 1.0947728947252522, 1.4]",0.0001127464026452314,0.0001147675090292836,True
"[0.04475814137899094, 0.11969831626736879, 0.25032258773548044, 0.3201135363491284, 0.4093624833498013]",6.473033060644188e-07,6.565641534151443e-07,True
"[0.04475814137899094, 0.11969831626736879, 0.25032258773548044, 0.3201135363491284, 0.5234943972864351]",1.5891696101286353e-06,1.6125032823781414e-06,True
"[0.04475814137899094, 0.11969831626736879, 0.25032258773548044, 0.3201135363491284, 0.6694467498530259]",2.9678641591173023e-06,3.011773067717177e-06,True
"[0.04475814137899094, 0.11969831626736879, 0.25032258773548044, 0.3201135363491284, 0.8560912078750774]",4.816041785895043e-06,4.887425020213414e-06,True
"[0.04475814137899094, 0.11969831626736879, 0.25032258773548044, 0.3201135363491284, 1.0947728947252522]",7.068091213398135e-06,7.172746681029814e-06,True
"[0.04475814137899094, 0.11969831626736879, 0.25032258773548044, 0.3201135363491284, 1.4]",9.57398350273674e-06,9.71546111061643e-06,True
"[0.04475814137899094, 0.11969831626736879, 0.25032258773548044, 0.4093624833498013, 0.5234943972864351]",4.3182859814926976e-06,4.43690590204214e-06,True
"[0.04475814137899094, 0.11969831626736879, 0.25032258773548044, 0.4093624833498013, 0.6694467498530259]",9.869085276159057e-06,1.0059096016646632e-05,True
"[0.04475814137899094, 0.11969831626736879, 0.25032258773548044, 0.4093624833498013, 0.8560912078750774]",1.6524748073967344e-05,1.679949294680571e-05,True
"[0.04475814137899094, 0.11969831626736879, 0.25032258773548044, 0.4093624833498013, 1.0947728947252522]",2.43899014929889e-05,2.4770283306175206e-05,True
"[0.04475814137899094, 0.11969831626736879, 0.25032258773548044, 0.4093624833498013, 1.4]",3.3045673680745154e-05,3.357151100828025e-05,True
"[0.04475814137899094, 0.11969831626736879, 0.25032258773548044, 0.5234943972864351, 0.6694467498530259]",1.9030721596948324e-05,1.9626083829145216e-05,True
"[0.04475814137899094, 0.11969831626736879, 0.25032258773548044, 0.5234943972864351, 0.8560912078750774]",3.503000907149648e-05,3.566672513416762e-05,True
"[0.04475814137899094, 0.11969831626736879, 0.25032258773548044, 0.5234943972864351, 1.0947728947252522]",5.1709184226634404e-05,5.2560225363578756e-05,True
"[0.04475814137899094, 0.11969831626736879, 0.25032258773548044, 0.5234943972864351, 1.4]",6.970104596146422e-05,7.086788491208458e-05,True
"[0.04475814137899094, 0.11969831626736879, 0.25032258773548044, 0.6694467498530259, 0.8560912078750774]",5.6822568261706394e-05,5.858563067488389e-05,True
"[0.04475814137899094, 0.11969831626736879, 0.25032258773548044, 0.6694467498530259, 1.0947728947252522]",8.869514135215741e-05,9.032714231033667e-05,True
"[0.04475814137899094, 0.11969831626736879, 0.25032258773548044, 0.6694467498530259, 1.4]",0.00011967205462988432,0.00012185755166248517,True
"[0.04475814137899094, 0.11969831626736879, 0.25032258773548044, 0.8560912078750774, 1.0947728947252522]",0.00013061658849055898,0.0001346358652879667,True
"[0.04475814137899094, 0.11969831626736879, 0.25032258773548044, 0.8560912078750774, 1.4]",0.00018250420421106359,0.00018629024631740675,True
"[0.04475814137899094, 0.11969831626736879, 0.25032258773548044, 1.0947728947252522, 1.4]",0.00025066353314178027,0.0002587897433412981,True
"[0.04475814137899094, 0.11969831626736879, 0.3201135363491284, 0.4093624833498013, 0.5234943972864351]",2.4693694073067497e-06,2.5412363279694966e-06,True
"[0.04475814137899094, 0.11969831626736879, 0.3201135363491284, 0.4093624833498013, 0.6694467498530259]",6.423834365720467e-06,6.616392666247139e-06,True
"[0.04475814137899094, 0.11969831626736879, 0.3201135363491284, 0.4093624833498013, 0.8560912078750774]",1.2073791186633078e-05,1.2432782823229236e-05,True
"[0.04475814137899094, 0.11969831626736879, 0.3201135363491284, 0.4093624833498013, 1.0947728947252522]",1.9286716265254557e-05,1.9854144279493426e-05,True
"[0.04475814137899094, 0.11969831626736879, 0.3201135363491284, 0.4093624833498013, 1.4]",2.7613403520097014e-05,2.8418394437056545e-05,True
"[0.04475814137899094, 0.11969831626736879, 0.3201135363491284, 0.5234943972864351, 0.6694467498530259]",1.8238528054314424e-05,1.920881503049506e-05,True
"[0.04475814137899094, 0.11969831626736879, 0.3201135363491284, 0.5234943972864351, 0.8560912078750774]",4.260401005170156e-05,4.4162765953282654e-05,True
"[0.04475814137899094, 0.11969831626736879, 0.3201135363491284, 0.5234943972864351, 1.0947728947252522]",6.98006743994965e-05,7.1959988435139e-05,True
"[0.04475814137899094, 0.11969831626736879, 0.3201135363491284, 0.5234943972864351, 1.4]",9.981347221774548e-05,0.00010264252442723361,True
"[0.04475814137899094, 0.11969831626736879, 0.3201135363491284, 0.6694467498530259, 0.8560912078750774]",7.741878010959573e-05,8.225335251725097e-05,True
"[0.04475814137899094, 0.11969831626736879, 0.3201135363491284, 0.6694467498530259, 1.0947728947252522]",0.00014337708102895327,0.00014832966002269855,True
"[0.04475814137899094, 0.11969831626736879, 0.3201135363491284, 0.6694467498530259, 1.4]",0.0002055365538314334,0.00021120493067553056,True
"[0.04475814137899094, 0.11969831626736879, 0.3201135363491284, 0.8560912078750774, 1.0947728947252522]",0.00021517053821188794,0.0002292707006212771,True
"[0.04475814137899094, 0.11969831626736879, 0.3201135363491284, 0.8560912078750774, 1.4]",0.0003353794595421605,0.0003464048502087412,True
"[0.04475814137899094, 0.11969831626736879, 0.3201135363491284, 1.0947728947252522, 1.4]",0.00045500029438322575,0.0004865137463866977,True
"[0.04475814137899094, 0.11969831626736879, 0.4093624833498013, 0.5234943972864351, 0.6694467498530259]",8.705747720849083e-06,9.222498930561405e-06,True
"[0.04475814137899094, 0.11969831626736879, 0.4093624833498013, 0.5234943972864351, 0.8560912078750774]",2.3875145699469566e-05,2.526745712300426e-05,True
"[0.04475814137899094, 0.11969831626736879, 0.4093624833498013, 0.5234943972864351, 1.0947728947252522]",4.46354861104978e-05,4.7151783946258864e-05,True
"[0.04475814137899094, 0.11969831626736879, 0.4093624833498013, 0.5234943972864351, 1.4]",6.972316886854406e-05,7.355460764885604e-05,True
"[0.04475814137899094, 0.11969831626736879, 0.4093624833498013, 0.6694467498530259, 0.8560912078750774]",6.601317383364907e-05,7.271296122988161e-05,True
"[0.04475814137899094, 0.11969831626736879, 0.4093624833498013, 0.6694467498530259, 1.0947728947252522]",0.00015656694789169923,0.00016721308398672685,True
"[0.04475814137899094, 0.11969831626736879, 0.4093624833498013, 0.6694467498530259, 1.4]",0.00025015188801263917,0.0002641937310251115,True
"[0.04475814137899094, 0.11969831626736879, 0.4093624833498013, 0.8560912078750774, 1.0947728947252522]",0.00025733312466802937,0.00028951864700598964,True
"[0.04475814137899094, 0.11969831626736879, 0.4093624833498013, 0.8560912078750774, 1.4]",0.00048450045076602776,0.0005164120185474562,True
"[0.04475814137899094, 0.11969831626736879, 0.4093624833498013, 1.0947728947252522, 1.4]",0.0006496511668698814,0.0007416809810049058,True
"[0.04475814137899094, 0.11969831626736879, 0.5234943972864351, 0.6694467498530259, 0.8560912078750774]",2.720661084994744e-05,3.0379480329477407e-05,True
"[0.04475814137899094, 0.11969831626736879, 0.5234943972864351, 0.6694467498530259, 1.0947728947252522]",7.700007624225033e-05,8.544482076838164e-05,True
"[0.04475814137899094, 0.11969831626736879, 0.5234943972864351, 0.6694467498530259, 1.4]",0.00014184272066582358,0.000156583852977877,True
"[0.04475814137899094, 0.11969831626736879, 0.5234943972864351, 0.8560912078750774, 1.0947728947252522]",0.00019493150313912403,0.00023294273525873666,True
"[0.04475814137899094, 0.11969831626736879, 0.5234943972864351, 0.8560912078750774, 1.4]",0.00047305013569048666,0.0005335758128941883,True
"[0.04475814137899094, 0.11969831626736879, 0.5234943972864351, 1.0947728947252522, 1.4]",0.0006739180310467663,0.0008481399186265225,True
"[0.04475814137899094, 0.11969831626736879, 0.6694467498530259, 0.8560912078750774, 1.0947728947252522]",7.119161472286559e-05,8.716471335881815e-05,True
"[0.04475814137899094, 0.11969831626736879, 0.6694467498530259, 0.8560912078750774, 1.4]",0.00020497843617803423,0.0002470497845660164,True
"[0.04475814137899094, 0.11969831626736879, 0.6694467498530259, 1.0947728947252522, 1.4]",0.0004500952289445031,0.0006234409035396069,True
"[0.04475814137899094, 0.11969831626736879, 0.8560912078750774, 1.0947728947252522, 1.4]",0.000148164065624726,0.00021226150748166728,True
"[0.04475814137899094, 0.15307069035205895, 0.1957474171359199, 0.25032258773548044, 0.3201135363491284]",1.6864070847396365e-07,1.7049929125580246e-07,True
"[0.04475814137899094, 0.15307069035205895, 0.1957474171359199, 0.25032258773548044, 0.4093624833498013]",4.5467722702205366e-07,4.5842769895938474e-07,True
"[0.04475814137899094, 0.15307069035205895, 0.1957474171359199, 0.25032258773548044, 0.5234943972864351]",8.582487444196661e-07,8.643143250739302e-07,True
"[0.04475814137899094, 0.15307069035205895, 0.1957474171359199, 0.25032258773548044, 0.6694467498530259]",1.4046742628015156e-06,1.4139180288159383e-06,True
"[0.04475814137899094, 0.15307069035205895, 0.1957474171359199, 0.25032258773548044, 0.8560912078750774]",2.0925998040833745e-06,2.1065447348607184e-06,True
"[0.04475814137899094, 0.15307069035205895, 0.1957474171359199, 0.25032258773548044, 1.0947728947252522]",2.890999052269744e-06,2.9108129352333527e-06,True
"[0.04475814137899094, 0.15307069035205895, 0.1957474171359199, 0.25032258773548044, 1.4]",3.743546107192164e-06,3.7700689252184447e-06,True
"[0.04475814137899094, 0.15307069035205895, 0.1957474171359199, 0.3201135363491284, 0.4093624833498013]",1.043908395331863e-06,1.057570236232686e-06,True
"[0.04475814137899094, 0.15307069035205895, 0.1957474171359199, 0.3201135363491284, 0.5234943972864351]",2.209659914187576e-06,2.2263728480791876e-06,True
"[0.04475814137899094, 0.15307069035205895, 0.1957474171359199, 0.3201135363491284, 0.6694467498530259]",3.592248463021302e-06,3.617024106321793e-06,True
"[0.04475814137899094, 0.15307069035205895, 0.1957474171359199, 0.3201135363491284, 0.8560912078750774]",5.281567472960912e-06,5.318619767823407e-06,True
"[0.04475814137899094, 0.15307069035205895, 0.1957474171359199, 0.3201135363491284, 1.0947728947252522]",7.227332308039824e-06,7.280451447308347e-06,True
"[0.04475814137899094, 0.15307069035205895, 0.1957474171359199, 0.3201135363491284, 1.4]",9.31015896256148e-06,9.38233276664507e-06,True
"[0.04475814137899094, 0.15307069035205895, 0.1957474171359199, 0.4093624833498013, 0.5234943972864351]",3.94216910340329e-06,3.989973950773274e-06,True
"[0.04475814137899094, 0.15307069035205895, 0.1957474171359199, 0.4093624833498013, 0.6694467498530259]",6.7657490657381256e-06,6.818102526128983e-06,True
"[0.04475814137899094, 0.15307069035205895, 0.1957474171359199, 0.4093624833498013, 0.8560912078750774]",9.916450030791335e-06,9.993109729122506e-06,True
"[0.04475814137899094, 0.15307069035205895, 0.1957474171359199, 0.4093624833498013, 1.0947728947252522]",1.3514151597978779e-05,1.3624963166147015e-05,True
"[0.04475814137899094, 0.15307069035205895, 0.1957474171359199, 0.4093624833498013, 1.4]",1.7380112879360115e-05,1.7532737499476874e-05,True
"[0.04475814137899094, 0.15307069035205895, 0.1957474171359199, 0.5234943972864351, 0.6694467498530259]",1.0859101357696491e-05,1.097504211917972e-05,True
"[0.04475814137899094, 0.15307069035205895, 0.1957474171359199, 0.5234943972864351, 0.8560912078750774]",1.6352888955000328e-05,1.650006358525906e-05,True
"[0.04475814137899094, 0.15307069035205895, 0.1957474171359199, 0.5234943972864351, 1.0947728947252522]",2.2303404744904526e-05,2.2514228882108265e-05,True
"[0.04475814137899094, 0.15307069035205895, 0.1957474171359199, 0.5234943972864351, 1.4]",2.8696787148567082e-05,2.8989279353631254e-05,True
"[0.04475814137899094, 0.15307069035205895, 0.1957474171359199, 0.6694467498530259, 0.8560912078750774]",2.453941817112043e-05,2.4829938405663928e-05,True
"[0.04475814137899094, 0.15307069035205895, 0.1957474171359199, 0.6694467498530259, 1.0947728947252522]",3.396570690886838e-05,3.4343023329982395e-05,True
"[0.04475814137899094, 0.15307069035205895, 0.1957474171359199, 0.6694467498530259, 1.4]",4.378735685469145e-05,4.430826440405566e-05,True
"[0.04475814137899094, 0.15307069035205895, 0.1957474171359199, 0.8560912078750774, 1.0947728947252522]",4.817502773605374e-05,4.8847865757009e-05,True
"[0.04475814137899094, 0.15307069035205895, 0.1957474171359199, 0.8560912078750774, 1.4]",6.2640732585694e-05,6.351078660091019e-05,True
"[0.04475814137899094, 0.15307069035205895, 0.1957474171359199, 1.0947728947252522, 1.4]",8.430375186666235e-05,8.572196907550502e-05,True
"[0.04475814137899094, 0.15307069035205895, 0.25032258773548044, 0.3201135363491284, 0.4093624833498013]",8.605128739313757e-07,8.715662555132792e-07,True
"[0.04475814137899094, 0.15307069035205895, 0.25032258773548044, 0.3201135363491284, 0.5234943972864351]",1.9516806377565934e-06,1.973816910554069e-06,True
"[0.04475814137899094, 0.15307069035205895, 0.25032258773548044, 0.3201135363491284, 0.6694467498530259]",3.4237430194605185e-06,3.4612157432159875e-06,True
"[0.04475814137899094, 0.15307069035205895, 0.25032258773548044, 0.3201135363491284, 0.8560912078750774]",5.318272488067325e-06,5.37581313109231e-06,True
"[0.04475814137899094, 0.15307069035205895, 0.25032258773548044, 0.3201135363491284, 1.0947728947252522]",7.566356712654778e-06,7.651897837294542e-06,True
"[0.04475814137899094, 0.15307069035205895, 0.25032258773548044, 0.3201135363491284, 1.4]",1.0024940953037046e-05,1.0143646018844663e-05,True
"[0.04475814137899094, 0.15307069035205895, 0.25032258773548044, 0.4093624833498013, 0.5234943972864351]",4.393434038118451e-06,4.493106625267858e-06,True
"[0.04475814137899094, 0.15307069035205895, 0.25032258773548044, 0.4093624833498013, 0.6694467498530259]",9.205866393460626e-06,9.347204383142347e-06,True
"[0.04475814137899094, 0.15307069035205895, 0.25032258773548044, 0.4093624833498013, 0.8560912078750774]",1.4779963362350593e-05,1.4979943638726945e-05,True
"[0.04475814137899094, 0.15307069035205895, 0.25032258773548044, 0.4093624833498013, 1.0947728947252522]",2.1263645102002886e-05,2.1558577022308538e-05,True
"[0.04475814137899094, 0.15307069035205895, 0.25032258773548044, 0.4093624833498013, 1.4]",2.8362981309769443e-05,2.8771905174461294e-05,True
"[0.04475814137899094, 0.15307069035205895, 0.25032258773548044, 0.5234943972864351, 0.6694467498530259]",1.6759115691359606e-05,1.7195738877367944e-05,True
"[0.04475814137899094, 0.15307069035205895, 0.25032258773548044, 0.5234943972864351, 0.8560912078750774]",2.9291332750028328e-05,2.974882873552112e-05,True
"[0.04475814137899094, 0.15307069035205895, 0.25032258773548044, 0.5234943972864351, 1.0947728947252522]",4.236940580940746e-05,4.302404942425743e-05,True
"[0.04475814137899094, 0.15307069035205895, 0.25032258773548044, 0.5234943972864351, 1.4]",5.65193691092067e-05,5.742533281847248e-05,True
"[0.04475814137899094, 0.15307069035205895, 0.25032258773548044, 0.6694467498530259, 0.8560912078750774]",4.6853821978006595e-05,4.8083605849699524e-05,True
"[0.04475814137899094, 0.15307069035205895, 0.25032258773548044, 0.6694467498530259, 1.0947728947252522]",7.112256295550048e-05,7.237894147416613e-05,True
"[0.04475814137899094, 0.15307069035205895, 0.25032258773548044, 0.6694467498530259, 1.4]",9.520520606725913e-05,9.691851343691639e-05,True
"[0.04475814137899094, 0.15307069035205895, 0.25032258773548044, 0.8560912078750774, 1.0947728947252522]",0.00010481614131600436,0.00010760800113286236,True
"[0.04475814137899094, 0.15307069035205895, 0.25032258773548044, 0.8560912078750774, 1.4]",0.0001443366230964038,0.00014731504725577625,True
"[0.04475814137899094, 0.15307069035205895, 0.25032258773548044, 1.0947728947252522, 1.4]",0.00019926656143359327,0.00020497634896787413,True
"[0.04475814137899094, 0.15307069035205895, 0.3201135363491284, 0.4093624833498013, 0.5234943972864351]",3.1498994905412716e-06,3.2178406582512395e-06,True
"[0.04475814137899094, 0.15307069035205895, 0.3201135363491284, 0.4093624833498013, 0.6694467498530259]",7.08217712584504e-06,7.243339193218924e-06,True
"[0.04475814137899094, 0.15307069035205895, 0.3201135363491284, 0.4093624833498013, 0.8560912078750774]",1.238873065798102e-05,1.2677898571421019e-05,True
"[0.04475814137899094, 0.15307069035205895, 0.3201135363491284, 0.4093624833498013, 1.0947728947252522]",1.899338255545049e-05,1.9443540829382302e-05,True
"[0.04475814137899094, 0.15307069035205895, 0.3201135363491284, 0.4093624833498013, 1.4]",2.6512020347412512e-05,2.7146657577576596e-05,True
"[0.04475814137899094, 0.15307069035205895, 0.3201135363491284, 0.5234943972864351, 0.6694467498530259]",1.727837136950703e-05,1.8078761638829003e-05,True
"[0.04475814137899094, 0.15307069035205895, 0.3201135363491284, 0.5234943972864351, 0.8560912078750774]",3.782759271305706e-05,3.906690574040034e-05,True
"[0.04475814137899094, 0.15307069035205895, 0.3201135363491284, 0.5234943972864351, 1.0947728947252522]",6.061770779696286e-05,6.234199894245847e-05,True
"[0.04475814137899094, 0.15307069035205895, 0.3201135363491284, 0.5234943972864351, 1.4]",8.58150927007324e-05,8.809834464274179e-05,True
"[0.04475814137899094, 0.15307069035205895, 0.3201135363491284, 0.6694467498530259, 0.8560912078750774]",6.792596517508375e-05,7.181321322422048e-05,True
"[0.04475814137899094, 0.15307069035205895, 0.3201135363491284, 0.6694467498530259, 1.0947728947252522]",0.00012255214900257124,0.00012659456980800997,True
"[0.04475814137899094, 0.15307069035205895, 0.3201135363491284, 0.6694467498530259, 1.4]",0.00017493687241460493,0.00017970420009333222,True
"[0.04475814137899094, 0.15307069035205895, 0.3201135363491284, 0.8560912078750774, 1.0947728947252522]",0.00018616247986981093,0.00019764494663163603,True
"[0.04475814137899094, 0.15307069035205895, 0.3201135363491284, 0.8560912078750774, 1.4]",0.000287564646263233,0.00029697842901728864,True
"[0.04475814137899094, 0.15307069035205895, 0.3201135363491284, 1.0947728947252522, 1.4]",0.0003960205940869401,0.000422368918828311,True
"[0.04475814137899094, 0.15307069035205895, 0.4093624833498013, 0.5234943972864351, 0.6694467498530259]",1.0116255462864902e-05,1.0571204598873872e-05,True
"[0.04475814137899094, 0.15307069035205895, 0.4093624833498013, 0.5234943972864351, 0.8560912078750774]",2.4125276016307673e-05,2.5297303815627843e-05,True
"[0.04475814137899094, 0.15307069035205895, 0.4093624833498013, 0.5234943972864351, 1.0947728947252522]",4.276773396666166e-05,4.4871254352928494e-05,True
"[0.04475814137899094, 0.15307069035205895, 0.4093624833498013, 0.5234943972864351, 1.4]",6.50841958983584e-05,6.829280062002137e-05,True
"[0.04475814137899094, 0.15307069035205895, 0.4093624833498013, 0.6694467498530259, 0.8560912078750774]",6.122819191360976e-05,6.699091883774295e-05,True
"[0.04475814137899094, 0.15307069035205895, 0.4093624833498013, 0.6694467498530259, 1.0947728947252522]",0.00014021482941170107,0.000149429021447162,True
"[0.04475814137899094, 0.15307069035205895, 0.4093624833498013, 0.6694467498530259, 1.4]",0.00022272405403540215,0.00023514548734845133,True
"[0.04475814137899094, 0.15307069035205895, 0.4093624833498013, 0.8560912078750774, 1.0947728947252522]",0.000233195163042604,0.0002616932693215612,True
"[0.04475814137899094, 0.15307069035205895, 0.4093624833498013, 0.8560912078750774, 1.4]",0.00043726602186210394,0.00046666493102328444,True
"[0.04475814137899094, 0.15307069035205895, 0.4093624833498013, 1.0947728947252522, 1.4]",0.000597299050956109,0.0006826325472565142,True
"[0.04475814137899094, 0.15307069035205895, 0.5234943972864351, 0.6694467498530259, 0.8560912078750774]",2.939952878411644e-05,3.2191623051057636e-05,True
"[0.04475814137899094, 0.15307069035205895, 0.5234943972864351, 0.6694467498530259, 1.0947728947252522]",7.458878444187705e-05,8.193569253390919e-05,True
"[0.04475814137899094, 0.15307069035205895, 0.5234943972864351, 0.6694467498530259, 1.4]",0.00013289599085750646,0.00014580141665963467,True
"[0.04475814137899094, 0.15307069035205895, 0.5234943972864351, 0.8560912078750774, 1.0947728947252522]",0.00018161110988140346,0.000215797704457213,True
"[0.04475814137899094, 0.15307069035205895, 0.5234943972864351, 0.8560912078750774, 1.4]",0.0004349105792970854,0.000491065862050622,True
"[0.04475814137899094, 0.15307069035205895, 0.5234943972864351, 1.0947728947252522, 1.4]",0.0006303672066587069,0.0007960696578429227,True
"[0.04475814137899094, 0.15307069035205895, 0.6694467498530259, 0.8560912078750774, 1.0947728947252522]",7.402705209804878e-05,8.831397029829403e-05,True
"[0.04475814137899094, 0.15307069035205895, 0.6694467498530259, 0.8560912078750774, 1.4]",0.00019611725187229238,0.00023387720310308636,True
"[0.04475814137899094, 0.15307069035205895, 0.6694467498530259, 1.0947728947252522, 1.4]",0.0004241273176104119,0.0005852470894125569,True
"[0.04475814137899094, 0.15307069035205895, 0.8560912078750774, 1.0947728947252522, 1.4]",0.00015234615098044856,0.00021064653893848614,True
"[0.04475814137899094, 0.1957474171359199, 0.25032258773548044, 0.3201135363491284, 0.4093624833498013]",9.257966267545844e-07,9.42145450005484e-07,True
"[0.04475814137899094, 0.1957474171359199, 0.25032258773548044, 0.3201135363491284, 0.5234943972864351]",2.333626469453076e-06,2.3631889463517194e-06,True
"[0.04475814137899094, 0.1957474171359199, 0.25032258773548044, 0.3201135363491284, 0.6694467498530259]",4.132895484904221e-06,4.176701455113532e-06,True
"[0.04475814137899094, 0.1957474171359199, 0.25032258773548044, 0.3201135363491284, 0.8560912078750774]",6.362310461886669e-06,6.426104622276296e-06,True
"[0.04475814137899094, 0.1957474171359199, 0.25032258773548044, 0.3201135363491284, 1.0947728947252522]",8.9461644293775e-06,9.037669286234935e-06,True
"[0.04475814137899094, 0.1957474171359199, 0.25032258773548044, 0.3201135363491284, 1.4]",1.17278647583829e-05,1.1851750151334319e-05,True
"[0.04475814137899094, 0.1957474171359199, 0.25032258773548044, 0.4093624833498013, 0.5234943972864351]",4.8624004659781915e-06,4.963642533288842e-06,True
"[0.04475814137899094, 0.1957474171359199, 0.25032258773548044, 0.4093624833498013, 0.6694467498530259]",9.64269873854461e-06,9.754681523134783e-06,True
"[0.04475814137899094, 0.1957474171359199, 0.25032258773548044, 0.4093624833498013, 0.8560912078750774]",1.4777016272740646e-05,1.49384145332317e-05,True
"[0.04475814137899094, 0.1957474171359199, 0.25032258773548044, 0.4093624833498013, 1.0947728947252522]",2.0576167426257978e-05,2.0807556915103832e-05,True
"[0.04475814137899094, 0.1957474171359199, 0.25032258773548044, 0.4093624833498013, 1.4]",2.6804905618160086e-05,2.7122002346275893e-05,True
"[0.04475814137899094, 0.1957474171359199, 0.25032258773548044, 0.5234943972864351, 0.6694467498530259]",1.6051722142822614e-05,1.6370494816612022e-05,True
"[0.04475814137899094, 0.1957474171359199, 0.25032258773548044, 0.5234943972864351, 0.8560912078750774]",2.6123401034110255e-05,2.6452746895638396e-05,True
"[0.04475814137899094, 0.1957474171359199, 0.25032258773548044, 0.5234943972864351, 1.0947728947252522]",3.639956230449671e-05,3.686465080075031e-05,True
"[0.04475814137899094, 0.1957474171359199, 0.25032258773548044, 0.5234943972864351, 1.4]",4.736197491810179e-05,4.8004035757454895e-05,True
"[0.04475814137899094, 0.1957474171359199, 0.25032258773548044, 0.6694467498530259, 0.8560912078750774]",3.9653069786524136e-05,4.039045230096539e-05,True
"[0.04475814137899094, 0.1957474171359199, 0.25032258773548044, 0.6694467498530259, 1.0947728947252522]",5.709994281202448e-05,5.795974129106977e-05,True
"[0.04475814137899094, 0.1957474171359199, 0.25032258773548044, 0.6694467498530259, 1.4]",7.45299787447235e-05,7.570512058548594e-05,True
"[0.04475814137899094, 0.1957474171359199, 0.25032258773548044, 0.8560912078750774, 1.0947728947252522]",8.157766719839065e-05,8.319171449840868e-05,True
"[0.04475814137899094, 0.1957474171359199, 0.25032258773548044, 0.8560912078750774, 1.4]",0.00010844327523477329,0.00011044760978938693,True
"[0.04475814137899094, 0.1957474171359199, 0.25032258773548044, 1.0947728947252522, 1.4]",0.00014682215127356592,0.00015021886875135143,True
"[0.04475814137899094, 0.1957474171359199, 0.3201135363491284, 0.4093624833498013, 0.5234943972864351]",4.1033881601708785e-06,4.184045393022211e-06,True
"[0.04475814137899094, 0.1957474171359199, 0.3201135363491284, 0.4093624833498013, 0.6694467498530259]",8.580305166819233e-06,8.728559050180637e-06,True
"[0.04475814137899094, 0.1957474171359199, 0.3201135363491284, 0.4093624833498013, 0.8560912078750774]",1.410016702172071e-05,1.4337423917643734e-05,True
"[0.04475814137899094, 0.1957474171359199, 0.3201135363491284, 0.4093624833498013, 1.0947728947252522]",2.0672607191310707e-05,2.1020830229440953e-05,True
"[0.04475814137899094, 0.1957474171359199, 0.3201135363491284, 0.4093624833498013, 1.4]",2.7943156028430207e-05,2.8434236177182238e-05,True
"[0.04475814137899094, 0.1957474171359199, 0.3201135363491284, 0.5234943972864351, 0.6694467498530259]",1.7471729353607833e-05,1.812316543610821e-05,True
"[0.04475814137899094, 0.1957474171359199, 0.3201135363491284, 0.5234943972864351, 0.8560912078750774]",3.468227546205719e-05,3.5565399667742256e-05,True
"[0.04475814137899094, 0.1957474171359199, 0.3201135363491284, 0.5234943972864351, 1.0947728947252522]",5.3043229606432405e-05,5.4226945820288747e-05,True
"[0.04475814137899094, 0.1957474171359199, 0.3201135363491284, 0.5234943972864351, 1.4]",7.29799429262465e-05,7.461826952902434e-05,True
"[0.04475814137899094, 0.1957474171359199, 0.3201135363491284, 0.6694467498530259, 0.8560912078750774]",5.888813576205701e-05,6.162243698976309e-05,True
"[0.04475814137899094, 0.1957474171359199, 0.3201135363491284, 0.6694467498530259, 1.0947728947252522]",9.979045544451202e-05,0.00010251031775551685,True
"[0.04475814137899094, 0.1957474171359199, 0.3201135363491284, 0.6694467498530259, 1.4]",0.00013888649016938022,0.00014242446096410252,True
"[0.04475814137899094, 0.1957474171359199, 0.3201135363491284, 0.8560912078750774, 1.0947728947252522]",0.00015009638507319843,0.00015771637584234368,True
"[0.04475814137899094, 0.1957474171359199, 0.3201135363491284, 0.8560912078750774, 1.4]",0.00022344284768628566,0.00023001047077426669,True
"[0.04475814137899094, 0.1957474171359199, 0.3201135363491284, 1.0947728947252522, 1.4]",0.00030959364429175514,0.00032684028088923457,True
"[0.04475814137899094, 0.1957474171359199, 0.4093624833498013, 0.5234943972864351, 0.6694467498530259]",1.2856298550833532e-05,1.3279593201354868e-05,True
"[0.04475814137899094, 0.1957474171359199, 0.4093624833498013, 0.5234943972864351, 0.8560912078750774]",2.6547216734253373e-05,2.7503697497008478e-05,True
"[0.04475814137899094, 0.1957474171359199, 0.4093624833498013, 0.5234943972864351, 1.0947728947252522]",4.3669732924454104e-05,4.531974892948335e-05,True
"[0.04475814137899094, 0.1957474171359199, 0.4093624833498013, 0.5234943972864351, 1.4]",6.361751695818047e-05,6.609717218001501e-05,True
"[0.04475814137899094, 0.1957474171359199, 0.4093624833498013, 0.6694467498530259, 0.8560912078750774]",5.792536147689277e-05,6.256827808509712e-05,True
"[0.04475814137899094, 0.1957474171359199, 0.4093624833498013, 0.6694467498530259, 1.0947728947252522]",0.00012276184306532492,0.00012986576737742246,True
"[0.04475814137899094, 0.1957474171359199, 0.4093624833498013, 0.6694467498530259, 1.4]",0.00018982207919920747,0.0001994251045401541,True
"[0.04475814137899094, 0.1957474171359199, 0.4093624833498013, 0.8560912078750774, 1.0947728947252522]",0.00020235431790639212,0.00022459509963777024,True
"[0.04475814137899094, 0.1957474171359199, 0.4093624833498013, 0.8560912078750774, 1.4]",0.0003656149596165851,0.0003886720226597091,True
"[0.04475814137899094, 0.1957474171359199, 0.4093624833498013, 1.0947728947252522, 1.4]",0.0005085241258233911,0.0005753663644292141,True
"[0.04475814137899094, 0.1957474171359199, 0.5234943972864351, 0.6694467498530259, 0.8560912078750774]",3.4722858322341306e-05,3.714614004384532e-05,True
"[0.04475814137899094, 0.1957474171359199, 0.5234943972864351, 0.6694467498530259, 1.0947728947252522]",7.591952798908887e-05,8.198298364939053e-05,True
"[0.04475814137899094, 0.1957474171359199, 0.5234943972864351, 0.6694467498530259, 1.4]",0.00012737929466816842,0.00013793685111004503,True
"[0.04475814137899094, 0.1957474171359199, 0.5234943972864351, 0.8560912078750774, 1.0947728947252522]",0.00016861312797999622,0.0001974042793764068,True
"[0.04475814137899094, 0.1957474171359199, 0.5234943972864351, 0.8560912078750774, 1.4]",0.0003843069691123417,0.00043145560944314056,True
"[0.04475814137899094, 0.1957474171359199, 0.5234943972864351, 1.0947728947252522, 1.4]",0.0005647582392537507,0.0007070513737790297,True
"[0.04475814137899094, 0.1957474171359199, 0.6694467498530259, 0.8560912078750774, 1.0947728947252522]",8.27117856664861e-05,9.511837506737578e-05,True
"[0.04475814137899094, 0.1957474171359199, 0.6694467498530259, 0.8560912078750774, 1.4]",0.000192338494452006,0.00022456578385935782,True
"[0.04475814137899094, 0.1957474171359199, 0.6694467498530259, 1.0947728947252522, 1.4]",0.00039592948256014446,0.000537429648470091,True
"[0.04475814137899094, 0.1957474171359199, 0.8560912078750774, 1.0947728947252522, 1.4]",0.00016637652654049516,0.0002178239708859961,True
"[0.04475814137899094, 0.25032258773548044, 0.3201135363491284, 0.4093624833498013, 0.5234943972864351]",4.339753151732795e-06,4.4619627125609985e-06,True
"[0.04475814137899094, 0.25032258773548044, 0.3201135363491284, 0.4093624833498013, 0.6694467498530259]",1.0124612131358365e-05,1.0321211768544725e-05,True
"[0.04475814137899094, 0.25032258773548044, 0.3201135363491284, 0.4093624833498013, 0.8560912078750774]",1.677540428699509e-05,1.7043784134995663e-05,True
"[0.04475814137899094, 0.25032258773548044, 0.3201135363491284, 0.4093624833498013, 1.0947728947252522]",2.4321878049161936e-05,2.4695118554082482e-05,True
"[0.04475814137899094, 0.25032258773548044, 0.3201135363491284, 0.4093624833498013, 1.4]",3.2433136789408345e-05,3.29442655245885e-05,True
"[0.04475814137899094, 0.25032258773548044, 0.3201135363491284, 0.5234943972864351, 0.6694467498530259]",1.9133089472671068e-05,1.97727008199959e-05,True
"[0.04475814137899094, 0.25032258773548044, 0.3201135363491284, 0.5234943972864351, 0.8560912078750774]",3.55864295843971e-05,3.624062285275754e-05,True
"[0.04475814137899094, 0.25032258773548044, 0.3201135363491284, 0.5234943972864351, 1.0947728947252522]",5.160375727405087e-05,5.250195309477058e-05,True
"[0.04475814137899094, 0.25032258773548044, 0.3201135363491284, 0.5234943972864351, 1.4]",6.843652730558148e-05,6.967146230654956e-05,True
"[0.04475814137899094, 0.25032258773548044, 0.3201135363491284, 0.6694467498530259, 0.8560912078750774]",5.526650161364197e-05,5.7133569296461714e-05,True
"[0.04475814137899094, 0.25032258773548044, 0.3201135363491284, 0.6694467498530259, 1.0947728947252522]",8.596166097314552e-05,8.773041778386485e-05,True
"[0.04475814137899094, 0.25032258773548044, 0.3201135363491284, 0.6694467498530259, 1.4]",0.00011451030985257157,0.00011690471071629956,True
"[0.04475814137899094, 0.25032258773548044, 0.3201135363491284, 0.8560912078750774, 1.0947728947252522]",0.00012312576829000697,0.00012735138817126487,True
"[0.04475814137899094, 0.25032258773548044, 0.3201135363491284, 0.8560912078750774, 1.4]",0.00017122840903994834,0.0001754603738629919,True
"[0.04475814137899094, 0.25032258773548044, 0.3201135363491284, 1.0947728947252522, 1.4]",0.00023195831543073824,0.00024058464194024202,True
"[0.04475814137899094, 0.25032258773548044, 0.4093624833498013, 0.5234943972864351, 0.6694467498530259]",1.6503156947231583e-05,1.7001495821333682e-05,True
"[0.04475814137899094, 0.25032258773548044, 0.4093624833498013, 0.5234943972864351, 0.8560912078750774]",3.1817690475586765e-05,3.267011747483064e-05,True
"[0.04475814137899094, 0.25032258773548044, 0.4093624833498013, 0.5234943972864351, 1.0947728947252522]",4.914311796967712e-05,5.044767903164534e-05,True
"[0.04475814137899094, 0.25032258773548044, 0.4093624833498013, 0.5234943972864351, 1.4]",6.837538637217546e-05,7.022388144231289e-05,True
"[0.04475814137899094, 0.25032258773548044, 0.4093624833498013, 0.6694467498530259, 0.8560912078750774]",5.845653533941585e-05,6.212383143840628e-05,True
"[0.04475814137899094, 0.25032258773548044, 0.4093624833498013, 0.6694467498530259, 1.0947728947252522]",0.00011084826448044958,0.00011570818713476997,True
"[0.04475814137899094, 0.25032258773548044, 0.4093624833498013, 0.6694467498530259, 1.4]",0.00016259584170432638,0.00016892097171801842,True
"[0.04475814137899094, 0.25032258773548044, 0.4093624833498013, 0.8560912078750774, 1.0947728947252522]",0.0001738147273222911,0.00018887211671869713,True
"[0.04475814137899094, 0.25032258773548044, 0.4093624833498013, 0.8560912078750774, 1.4]",0.000290167191996204,0.0003049305804091319,True
"[0.04475814137899094, 0.25032258773548044, 0.4093624833498013, 1.0947728947252522, 1.4]",0.0004040023737201335,0.0004462050776106321,True
"[0.04475814137899094, 0.25032258773548044, 0.5234943972864351, 0.6694467498530259, 0.8560912078750774]",4.418745098744772e-05,4.6416215908228596e-05,True
"[0.04475814137899094, 0.25032258773548044, 0.5234943972864351, 0.6694467498530259, 1.0947728947252522]",8.388715275113661e-05,8.873102721238782e-05,True
"[0.04475814137899094, 0.25032258773548044, 0.5234943972864351, 0.6694467498530259, 1.4]",0.00013019665377000985,0.000138285604617736,True
"[0.04475814137899094, 0.25032258773548044, 0.5234943972864351, 0.8560912078750774, 1.0947728947252522]",0.00016084722996307242,0.00018357563336228585,True
"[0.04475814137899094, 0.25032258773548044, 0.5234943972864351, 0.8560912078750774, 1.4]",0.0003334708449598155,0.00036868943962300614,True
"[0.04475814137899094, 0.25032258773548044, 0.5234943972864351, 1.0947728947252522, 1.4]",0.0004892785343854604,0.0005973621012093655,True
"[0.04475814137899094, 0.25032258773548044, 0.6694467498530259, 0.8560912078750774, 1.0947728947252522]",0.00010033718394276132,0.00011100474077207257,True
"[0.04475814137899094, 0.25032258773548044, 0.6694467498530259, 0.8560912078750774, 1.4]",0.00019955702868449263,0.00022568466096998223,True
"[0.04475814137899094, 0.25032258773548044, 0.6694467498530259, 1.0947728947252522, 1.4]",0.0003733253535850181,0.0004901837203663866,True
"[0.04475814137899094, 0.25032258773548044, 0.8560912078750774, 1.0947728947252522, 1.4]",0.00019611487592387,0.00024035807325117743,True
"[0.04475814137899094, 0.3201135363491284, 0.4093624833498013, 0.5234943972864351, 0.6694467498530259]",1.723217290589296e-05,1.8009063822922973e-05,True
"[0.04475814137899094, 0.3201135363491284, 0.4093624833498013, 0.5234943972864351, 0.8560912078750774]",3.715810803304178e-05,3.82772537522282e-05,True
"[0.04475814137899094, 0.3201135363491284, 0.4093624833498013, 0.5234943972864351, 1.0947728947252522]",5.777611521334053e-05,5.920142635889104e-05,True
"[0.04475814137899094, 0.3201135363491284, 0.4093624833498013, 0.5234943972864351, 1.4]",7.935027360699309e-05,8.121116336054718e-05,True
"[0.04475814137899094, 0.3201135363491284, 0.4093624833498013, 0.6694467498530259, 0.8560912078750774]",6.355861823000842e-05,6.705530535385205e-05,True
"[0.04475814137899094, 0.3201135363491284, 0.4093624833498013, 0.6694467498530259, 1.0947728947252522]",0.0001118574916838956,0.00011525268587435967,True
"[0.04475814137899094, 0.3201135363491284, 0.4093624833498013, 0.6694467498530259, 1.4]",0.0001546511094062666,0.00015889942771239623,True
"[0.04475814137899094, 0.3201135363491284, 0.4093624833498013, 0.8560912078750774, 1.0947728947252522]",0.00016132564470098555,0.00017104609429564334,True
"[0.04475814137899094, 0.3201135363491284, 0.4093624833498013, 0.8560912078750774, 1.4]",0.0002433533736741633,0.00025136271459963504,True
"[0.04475814137899094, 0.3201135363491284, 0.4093624833498013, 1.0947728947252522, 1.4]",0.00032551697524393295,0.0003472918988308233,True
"[0.04475814137899094, 0.3201135363491284, 0.5234943972864351, 0.6694467498530259, 0.8560912078750774]",5.6093596829498935e-05,5.871698194055386e-05,True
"[0.04475814137899094, 0.3201135363491284, 0.5234943972864351, 0.6694467498530259, 1.0947728947252522]",0.00010005347763485398,0.00010427765590948332,True
"[0.04475814137899094, 0.3201135363491284, 0.5234943972864351, 0.6694467498530259, 1.4]",0.00014590170369000938,0.00015212728972235933,True
"[0.04475814137899094, 0.3201135363491284, 0.5234943972864351, 0.8560912078750774, 1.0947728947252522]",0.00016394420037796204,0.00018155298231715906,True
"[0.04475814137899094, 0.3201135363491284, 0.5234943972864351, 0.8560912078750774, 1.4]",0.00029963455295121407,0.0003229095656585492,True
"[0.04475814137899094, 0.3201135363491284, 0.5234943972864351, 1.0947728947252522, 1.4]",0.00042400250226155666,0.0004952825261688741,True
"[0.04475814137899094, 0.3201135363491284, 0.6694467498530259, 0.8560912078750774, 1.0947728947252522]",0.0001288112210291662,0.00013863643926221314,True
"[0.04475814137899094, 0.3201135363491284, 0.6694467498530259, 0.8560912078750774, 1.4]",0.0002242201985217117,0.00024480769629359867,True
"[0.04475814137899094, 0.3201135363491284, 0.6694467498530259, 1.0947728947252522, 1.4]",0.00036640353388221015,0.0004574194994105859,True
"[0.04475814137899094, 0.3201135363491284, 0.8560912078750774, 1.0947728947252522, 1.4]",0.00024757524606987204,0.00028563084840301645,True
"[0.04475814137899094, 0.4093624833498013, 0.5234943972864351, 0.6694467498530259, 0.8560912078750774]",5.755876022997759e-05,6.177852382605772e-05,True
"[0.04475814137899094, 0.4093624833498013, 0.5234943972864351, 0.6694467498530259, 1.0947728947252522]",0.00011558570712983982,0.00012111886548615437,True
"[0.04475814137899094, 0.4093624833498013, 0.5234943972864351, 0.6694467498530259, 1.4]",0.00016985237246177774,0.00017650652692652346,True
"[0.04475814137899094, 0.4093624833498013, 0.5234943972864351, 0.8560912078750774, 1.0947728947252522]",0.00017799784396386055,0.00019463858519688505,True
"[0.04475814137899094, 0.4093624833498013, 0.5234943972864351, 0.8560912078750774, 1.4]",0.0003005749319468418,0.0003162325287421911,True
"[0.04475814137899094, 0.4093624833498013, 0.5234943972864351, 1.0947728947252522, 1.4]",0.00039752960336414677,0.00044222752218443486,True
"[0.04475814137899094, 0.4093624833498013, 0.6694467498530259, 0.8560912078750774, 1.0947728947252522]",0.00016180800795377595,0.00017361703045268583,True
"[0.04475814137899094, 0.4093624833498013, 0.6694467498530259, 0.8560912078750774, 1.4]",0.00026827807997666016,0.00028619976456360985,True
"[0.04475814137899094, 0.4093624833498013, 0.6694467498530259, 1.0947728947252522, 1.4]",0.0003845352107909771,0.0004550352634737135,True
"[0.04475814137899094, 0.4093624833498013, 0.8560912078750774, 1.0947728947252522, 1.4]",0.0003221501304949785,0.00035807965681577025,True
"[0.04475814137899094, 0.5234943972864351, 0.6694467498530259, 0.8560912078750774, 1.0947728947252522]",0.00016081296647876698,0.00018049896763572788,True
"[0.04475814137899094, 0.5234943972864351, 0.6694467498530259, 0.8560912078750774, 1.4]",0.00030526665104325647,0.00032921890756314605,True
"[0.04475814137899094, 0.5234943972864351, 0.6694467498530259, 1.0947728947252522, 1.4]",0.00041864428158224355,0.0004872358501525868,True
"[0.04475814137899094, 0.5234943972864351, 0.8560912078750774, 1.0947728947252522, 1.4]",0.0003981924878807483,0.0004438260833486901,True
"[0.04475814137899094, 0.6694467498530259, 0.8560912078750774, 1.0947728947252522, 1.4]",0.00037276001305311916,0.00045190675171395494,True
"[0.05723689199147829, 0.07319476868138912, 0.09360176585269005, 0.11969831626736879, 0.15307069035205895]",1.7206355088533898e-10,1.7251090788920553e-10,True
"[0.05723689199147829, 0.07319476868138912, 0.09360176585269005, 0.11969831626736879, 0.1957474171359199]",5.206869810547418e-10,5.218982158631602e-10,True
"[0.05723689199147829, 0.07319476868138912, 0.09360176585269005, 0.11969831626736879, 0.25032258773548044]",1.1520788379870866e-09,1.1546591733622862e-09,True
"[0.05723689199147829, 0.07319476868138912, 0.09360176585269005, 0.11969831626736879, 0.3201135363491284]",2.2254657701849263e-09,2.2303517006347296e-09,True
"[0.05723689199147829, 0.07319476868138912, 0.09360176585269005, 0.11969831626736879, 0.4093624833498013]",3.9316756376132095e-09,3.940298132661179e-09,True
"[0.05723689199147829, 0.07319476868138912, 0.09360176585269005, 0.11969831626736879, 0.5234943972864351]",6.460948410055854e-09,6.47548766362761e-09,True
"[0.05723689199147829, 0.07319476868138912, 0.09360176585269005, 0.11969831626736879, 0.6694467498530259]",9.93096305023227e-09,9.954039533654672e-09,True
"[0.05723689199147829, 0.07319476868138912, 0.09360176585269005, 0.11969831626736879, 0.8560912078750774]",1.4293319301289533e-08,1.4327722516016439e-08,True
"[0.05723689199147829, 0.07319476868138912, 0.09360176585269005, 0.11969831626736879, 1.0947728947252522]",1.927961840145192e-08,1.9327658346194588e-08,True
"[0.05723689199147829, 0.07319476868138912, 0.09360176585269005, 0.11969831626736879, 1.4]",2.445238319668525e-08,2.451521401912404e-08,True
"[0.05723689199147829, 0.07319476868138912, 0.09360176585269005, 0.15307069035205895, 0.1957474171359199]",1.9607520873033026e-09,1.966562980895964e-09,True
"[0.05723689199147829, 0.07319476868138912, 0.09360176585269005, 0.15307069035205895, 0.25032258773548044]",4.675014099133755e-09,4.685867660114206e-09,True
"[0.05723689199147829, 0.07319476868138912, 0.09360176585269005, 0.15307069035205895, 0.3201135363491284]",9.028858733075545e-09,9.048575138361385e-09,True
"[0.05723689199147829, 0.07319476868138912, 0.09360176585269005, 0.15307069035205895, 0.4093624833498013]",1.583912213459886e-08,1.5874075996799276e-08,True
"[0.05723689199147829, 0.07319476868138912, 0.09360176585269005, 0.15307069035205895, 0.5234943972864351]",2.5843934390096446e-08,2.590271297747398e-08,True
"[0.05723689199147829, 0.07319476868138912, 0.09360176585269005, 0.15307069035205895, 0.6694467498530259]",3.9490595217185805e-08,3.95842036355344e-08,True
"[0.05723689199147829, 0.07319476868138912, 0.09360176585269005, 0.15307069035205895, 0.8560912078750774]",5.6602265615223304e-08,5.6742819150022736e-08,True
"[0.05723689199147829, 0.07319476868138912, 0.09360176585269005, 0.15307069035205895, 1.0947728947252522]",7.618324598455807e-08,7.638133516395874e-08,True
"[0.05723689199147829, 0.07319476868138912, 0.09360176585269005, 0.15307069035205895, 1.4]",9.659925150241827e-08,9.686095442933586e-08,True
"[0.05723689199147829, 0.07319476868138912, 0.09360176585269005, 0.1957474171359199, 0.25032258773548044]",1.140619191208877e-08,1.1438330614939013e-08,True
"[0.05723689199147829, 0.07319476868138912, 0.09360176585269005, 0.1957474171359199, 0.3201135363491284]",2.2641692202168043e-08,2.2692727147945434e-08,True
"[0.05723689199147829, 0.07319476868138912, 0.09360176585269005, 0.1957474171359199, 0.4093624833498013]",3.9507574928292016e-08,3.9596431709628686e-08,True
"[0.05723689199147829, 0.07319476868138912, 0.09360176585269005, 0.1957474171359199, 0.5234943972864351]",6.403933559894952e-08,6.418890912012993e-08,True
"[0.05723689199147829, 0.07319476868138912, 0.09360176585269005, 0.1957474171359199, 0.6694467498530259]",9.733114800412126e-08,9.757109847449727e-08,True
"[0.05723689199147829, 0.07319476868138912, 0.09360176585269005, 0.1957474171359199, 0.8560912078750774]",1.3900267545342463e-07,1.393665880050576e-07,True
"[0.05723689199147829, 0.07319476868138912, 0.09360176585269005, 0.1957474171359199, 1.0947728947252522]",1.8677955535148837e-07,1.8729820351213643e-07,True
"[0.05723689199147829, 0.07319476868138912, 0.09360176585269005, 0.1957474171359199, 1.4]",2.3688519620783302e-07,2.375782824664544e-07,True
"[0.05723689199147829, 0.07319476868138912, 0.09360176585269005, 0.25032258773548044, 0.3201135363491284]",4.595225679445116e-08,4.607410308540412e-08,True
"[0.05723689199147829, 0.07319476868138912, 0.09360176585269005, 0.25032258773548044, 0.4093624833498013]",8.098918852039246e-08,8.118276411410419e-08,True
"[0.05723689199147829, 0.07319476868138912, 0.09360176585269005, 0.25032258773548044, 0.5234943972864351]",1.307024799535843e-07,1.3102677271441646e-07,True
"[0.05723689199147829, 0.07319476868138912, 0.09360176585269005, 0.25032258773548044, 0.6694467498530259]",1.977979406282477e-07,1.9832195699450762e-07,True
"[0.05723689199147829, 0.07319476868138912, 0.09360176585269005, 0.25032258773548044, 0.8560912078750774]",2.8168070744500114e-07,2.824835980999595e-07,True
"[0.05723689199147829, 0.07319476868138912, 0.09360176585269005, 0.25032258773548044, 1.0947728947252522]",3.7811076677993435e-07,3.7926794949584224e-07,True
"[0.05723689199147829, 0.07319476868138912, 0.09360176585269005, 0.25032258773548044, 1.4]",4.799210232247484e-07,4.814852973277138e-07,True
"[0.05723689199147829, 0.07319476868138912, 0.09360176585269005, 0.3201135363491284, 0.4093624833498013]",1.476216229623125e-07,1.4803299988742804e-07,True
"[0.05723689199147829, 0.07319476868138912, 0.09360176585269005, 0.3201135363491284, 0.5234943972864351]",2.3879500620862626e-07,2.3944433994457477e-07,True
"[0.05723689199147829, 0.07319476868138912, 0.09360176585269005, 0.3201135363491284, 0.6694467498530259]",3.601432605600656e-07,3.611945372818118e-07,True
"[0.05723689199147829, 0.07319476868138912, 0.09360176585269005, 0.3201135363491284, 0.8560912078750774]",5.116271740146954e-07,5.132522929418258e-07,True
"[0.05723689199147829, 0.07319476868138912, 0.09360176585269005, 0.3201135363491284, 1.0947728947252522]",6.862954624437605e-07,6.886623580489821e-07,True
"[0.05723689199147829, 0.07319476868138912, 0.09360176585269005, 0.3201135363491284, 1.4]",8.720399933368556e-07,8.752752467617455e-07,True
"[0.05723689199147829, 0.07319476868138912, 0.09360176585269005, 0.4093624833498013, 0.5234943972864351]",4.0226087740969116e-07,4.035331757940741e-07,True
"[0.05723689199147829, 0.07319476868138912, 0.09360176585269005, 0.4093624833498013, 0.6694467498530259]",6.064794566673018e-07,6.084709961793042e-07,True
"[0.05723689199147829, 0.07319476868138912, 0.09360176585269005, 0.4093624833498013, 0.8560912078750774]",8.598551500126526e-07,8.62948736413471e-07,True
"[0.05723689199147829, 0.07319476868138912, 0.09360176585269005, 0.4093624833498013, 1.0947728947252522]",1.1528162267768065e-06,1.157362679921413e-06,True
"[0.05723689199147829, 0.07319476868138912, 0.09360176585269005, 0.4093624833498013, 1.4]",1.4665832803869865e-06,1.4728615514456627e-06,True
"[0.05723689199147829, 0.07319476868138912, 0.09360176585269005, 0.5234943972864351, 0.6694467498530259]",9.566226113370865e-07,9.602811264948632e-07,True
"[0.05723689199147829, 0.07319476868138912, 0.09360176585269005, 0.5234943972864351, 0.8560912078750774]",1.3557429841535618e-06,1.3613294104278649e-06,True
"[0.05723689199147829, 0.07319476868138912, 0.09360176585269005, 0.5234943972864351, 1.0947728947252522]",1.8170885863867811e-06,1.8253478955218465e-06,True
"[0.05723689199147829, 0.07319476868138912, 0.09360176585269005, 0.5234943972864351, 1.4]",2.3142809918769474e-06,2.325786295831334e-06,True
"[0.05723689199147829, 0.07319476868138912, 0.09360176585269005, 0.6694467498530259, 0.8560912078750774]",2.0168594746451438e-06,2.026534441233922e-06,True
"[0.05723689199147829, 0.07319476868138912, 0.09360176585269005, 0.6694467498530259, 1.0947728947252522]",2.7043590505045223e-06,2.7185518209025134e-06,True
"[0.05723689199147829, 0.07319476868138912, 0.09360176585269005, 0.6694467498530259, 1.4]",3.4475308212122126e-06,3.46742085810466e-06,True
"[0.05723689199147829, 0.07319476868138912, 0.09360176585269005, 0.8560912078750774, 1.0947728947252522]",3.8109799306154997e-06,3.8341353999655935e-06,True
"[0.05723689199147829, 0.07319476868138912, 0.09360176585269005, 0.8560912078750774, 1.4]",4.862505411047011e-06,4.894837805226619e-06,True
"[0.05723689199147829, 0.07319476868138912, 0.09360176585269005, 1.0947728947252522, 1.4]",6.507133622687313e-06,6.556638112411447e-06,True
"[0.05723689199147829, 0.07319476868138912, 0.11969831626736879, 0.15307069035205895, 0.1957474171359199]",1.5579440639905089e-09,1.5648654779884755e-09,True
"[0.05723689199147829, 0.07319476868138912, 0.11969831626736879, 0.15307069035205895, 0.25032258773548044]",4.871627019186354e-09,4.891812815398427e-09,True
"[0.05723689199147829, 0.07319476868138912, 0.11969831626736879, 0.15307069035205895, 0.3201135363491284]",1.0841998594316963e-08,1.0885654984927485e-08,True
"[0.05723689199147829, 0.07319476868138912, 0.11969831626736879, 0.15307069035205895, 0.4093624833498013]",2.0716746850966814e-08,2.0798696861911156e-08,True
"[0.05723689199147829, 0.07319476868138912, 0.11969831626736879, 0.15307069035205895, 0.5234943972864351]",3.574627013744589e-08,3.5885624715589985e-08,True
"[0.05723689199147829, 0.07319476868138912, 0.11969831626736879, 0.15307069035205895, 0.6694467498530259]",5.675886053052238e-08,5.698232382449257e-08,True
"[0.05723689199147829, 0.07319476868138912, 0.11969831626736879, 0.15307069035205895, 0.8560912078750774]",8.359398916899702e-08,8.393193254474113e-08,True
"[0.05723689199147829, 0.07319476868138912, 0.11969831626736879, 0.15307069035205895, 1.0947728947252522]",1.1474483125806801e-07,1.152214016184085e-07,True
"[0.05723689199147829, 0.07319476868138912, 0.11969831626736879, 0.15307069035205895, 1.4]",1.4760215910937087e-07,1.4823053730759344e-07,True
"[0.05723689199147829, 0.07319476868138912, 0.11969831626736879, 0.1957474171359199, 0.25032258773548044]",1.9009136781005024e-08,1.9118978519163378e-08,True
"[0.05723689199147829, 0.07319476868138912, 0.11969831626736879, 0.1957474171359199, 0.3201135363491284]",4.767451296000371e-08,4.788148793168741e-08,True
"[0.05723689199147829, 0.07319476868138912, 0.11969831626736879, 0.1957474171359199, 0.4093624833498013]",9.15155594519379e-08,9.187420912869732e-08,True
"[0.05723689199147829, 0.07319476868138912, 0.11969831626736879, 0.1957474171359199, 0.5234943972864351]",1.5660335071284479e-07,1.5720806108981778e-07,True
"[0.05723689199147829, 0.07319476868138912, 0.11969831626736879, 0.1957474171359199, 0.6694467498530259]",2.464215720146913e-07,2.473927852241131e-07,True
"[0.05723689199147829, 0.07319476868138912, 0.11969831626736879, 0.1957474171359199, 0.8560912078750774]",3.603566627778516e-07,3.618223215310215e-07,True
"[0.05723689199147829, 0.07319476868138912, 0.11969831626736879, 0.1957474171359199, 1.0947728947252522]",4.924334619737248e-07,4.945081031177005e-07,True
"[0.05723689199147829, 0.07319476868138912, 0.11969831626736879, 0.1957474171359199, 1.4]",6.322847187564753e-07,6.35039828286989e-07,True
"[0.05723689199147829, 0.07319476868138912, 0.11969831626736879, 0.25032258773548044, 0.3201135363491284]",1.1434863906637909e-07,1.1500291173965681e-07,True
"[0.05723689199147829, 0.07319476868138912, 0.11969831626736879, 0.25032258773548044, 0.4093624833498013]",2.3031261235250843e-07,2.3123299439895895e-07,True
"[0.05723689199147829, 0.07319476868138912, 0.11969831626736879, 0.25032258773548044, 0.5234943972864351]",3.912363856875095e-07,3.927538977356193e-07,True
"[0.05723689199147829, 0.07319476868138912, 0.11969831626736879, 0.25032258773548044, 0.6694467498530259]",6.09924017703487e-07,6.123466957353446e-07,True
"[0.05723689199147829, 0.07319476868138912, 0.11969831626736879, 0.25032258773548044, 0.8560912078750774]",8.85707806267877e-07,8.893804778681553e-07,True
"[0.05723689199147829, 0.07319476868138912, 0.11969831626736879, 0.25032258773548044, 1.0947728947252522]",1.2053397114633339e-06,1.2105863216491963e-06,True
"[0.05723689199147829, 0.07319476868138912, 0.11969831626736879, 0.25032258773548044, 1.4]",1.545413413747022e-06,1.5524592354935218e-06,True
"[0.05723689199147829, 0.07319476868138912, 0.11969831626736879, 0.3201135363491284, 0.4093624833498013]",4.51225794670779e-07,4.53552249977262e-07,True
"[0.05723689199147829, 0.07319476868138912, 0.11969831626736879, 0.3201135363491284, 0.5234943972864351]",7.824566968141325e-07,7.856869906778782e-07,True
"[0.05723689199147829, 0.07319476868138912, 0.11969831626736879, 0.3201135363491284, 0.6694467498530259]",1.213692027355645e-06,1.2187749136361552e-06,True
"[0.05723689199147829, 0.07319476868138912, 0.11969831626736879, 0.3201135363491284, 0.8560912078750774]",1.7540716102015693e-06,1.761817840572148e-06,True
"[0.05723689199147829, 0.07319476868138912, 0.11969831626736879, 0.3201135363491284, 1.0947728947252522]",2.380938477039597e-06,2.3921199614253425e-06,True
"[0.05723689199147829, 0.07319476868138912, 0.11969831626736879, 0.3201135363491284, 1.4]",3.051781793020666e-06,3.06697884063222e-06,True
"[0.05723689199147829, 0.07319476868138912, 0.11969831626736879, 0.4093624833498013, 0.5234943972864351]",1.3689913640637212e-06,1.375927607221087e-06,True
"[0.05723689199147829, 0.07319476868138912, 0.11969831626736879, 0.4093624833498013, 0.6694467498530259]",2.1413405108084382e-06,2.151219958254386e-06,True
"[0.05723689199147829, 0.07319476868138912, 0.11969831626736879, 0.4093624833498013, 0.8560912078750774]",3.086566897278517e-06,3.101571510222478e-06,True
"[0.05723689199147829, 0.07319476868138912, 0.11969831626736879, 0.4093624833498013, 1.0947728947252522]",4.183195862969859e-06,4.205038862969154e-06,True
"[0.05723689199147829, 0.07319476868138912, 0.11969831626736879, 0.4093624833498013, 1.4]",5.363686993179277e-06,5.393703777432826e-06,True
"[0.05723689199147829, 0.07319476868138912, 0.11969831626736879, 0.5234943972864351, 0.6694467498530259]",3.4550498029528163e-06,3.47431577726409e-06,True
"[0.05723689199147829, 0.07319476868138912, 0.11969831626736879, 0.5234943972864351, 0.8560912078750774]",4.999418772427952e-06,5.02687990083608e-06,True
"[0.05723689199147829, 0.07319476868138912, 0.11969831626736879, 0.5234943972864351, 1.0947728947252522]",6.771683974689438e-06,6.8117225041106604e-06,True
"[0.05723689199147829, 0.07319476868138912, 0.11969831626736879, 0.5234943972864351, 1.4]",8.688078105994082e-06,8.74357919504562e-06,True
"[0.05723689199147829, 0.07319476868138912, 0.11969831626736879, 0.6694467498530259, 0.8560912078750774]",7.547487614117806e-06,7.596941138896265e-06,True
"[0.05723689199147829, 0.07319476868138912, 0.11969831626736879, 0.6694467498530259, 1.0947728947252522]",1.0249568027247773e-05,1.0318960143855988e-05,True
"[0.05723689199147829, 0.07319476868138912, 0.11969831626736879, 0.6694467498530259, 1.4]",1.3160393538950387e-05,1.3256897169689002e-05,True
"[0.05723689199147829, 0.07319476868138912, 0.11969831626736879, 0.8560912078750774, 1.0947728947252522]",1.4589293934244629e-05,1.4705555563996536e-05,True
"[0.05723689199147829, 0.07319476868138912, 0.11969831626736879, 0.8560912078750774, 1.4]",1.8770620208222438e-05,1.8928477196145685e-05,True
"[0.05723689199147829, 0.07319476868138912, 0.11969831626736879, 1.0947728947252522, 1.4]",2.529916141154575e-05,2.5545602967129497e-05,True
"[0.05723689199147829, 0.07319476868138912, 0.15307069035205895, 0.1957474171359199, 0.25032258773548044]",1.1322345943851427e-08,1.141346886881435e-08,True
"[0.05723689199147829, 0.07319476868138912, 0.15307069035205895, 0.1957474171359199, 0.3201135363491284]",3.7005921545184497e-08,3.728191061357524e-08,True
"[0.05723689199147829, 0.07319476868138912, 0.15307069035205895, 0.1957474171359199, 0.4093624833498013]",8.232010535660103e-08,8.291080971890049e-08,True
"[0.05723689199147829, 0.07319476868138912, 0.15307069035205895, 0.1957474171359199, 0.5234943972864351]",1.5414613162336514e-07,1.5522429984663594e-07,True
"[0.05723689199147829, 0.07319476868138912, 0.15307069035205895, 0.1957474171359199, 0.6694467498530259]",2.573455863469337e-07,2.591096014409445e-07,True
"[0.05723689199147829, 0.07319476868138912, 0.15307069035205895, 0.1957474171359199, 0.8560912078750774]",3.919666314646479e-07,3.9460674209942917e-07,True
"[0.05723689199147829, 0.07319476868138912, 0.15307069035205895, 0.1957474171359199, 1.0947728947252522]",5.512014462247811e-07,5.549372771321805e-07,True
"[0.05723689199147829, 0.07319476868138912, 0.15307069035205895, 0.1957474171359199, 1.4]",7.224165971604678e-07,7.274054308327502e-07,True
"[0.05723689199147829, 0.07319476868138912, 0.15307069035205895, 0.25032258773548044, 0.3201135363491284]",1.44412176682885e-07,1.459503479133059e-07,True
"[0.05723689199147829, 0.07319476868138912, 0.15307069035205895, 0.25032258773548044, 0.4093624833498013]",3.703982685532095e-07,3.732497027615572e-07,True
"[0.05723689199147829, 0.07319476868138912, 0.15307069035205895, 0.25032258773548044, 0.5234943972864351]",6.94636656371895e-07,6.993264403752032e-07,True
"[0.05723689199147829, 0.07319476868138912, 0.15307069035205895, 0.25032258773548044, 0.6694467498530259]",1.1443716973860153e-06,1.1516968165519415e-06,True
"[0.05723689199147829, 0.07319476868138912, 0.15307069035205895, 0.25032258773548044, 0.8560912078750774]",1.7203873599047365e-06,1.7315307221152894e-06,True
"[0.05723689199147829, 0.07319476868138912, 0.15307069035205895, 0.25032258773548044, 1.0947728947252522]",2.3965521256698205e-06,2.4124366104195918e-06,True
"[0.05723689199147829, 0.07319476868138912, 0.15307069035205895, 0.25032258773548044, 1.4]",3.123707758321324e-06,3.144963779054408e-06,True
"[0.05723689199147829, 0.07319476868138912, 0.15307069035205895, 0.3201135363491284, 0.4093624833498013]",8.460403576031983e-07,8.551873917537612e-07,True
"[0.05723689199147829, 0.07319476868138912, 0.15307069035205895, 0.3201135363491284, 0.5234943972864351]",1.6945103080676004e-06,1.705998183288956e-06,True
"[0.05723689199147829, 0.07319476868138912, 0.15307069035205895, 0.3201135363491284, 0.6694467498530259]",2.765931197770393e-06,2.783545180560013e-06,True
"[0.05723689199147829, 0.07319476868138912, 0.15307069035205895, 0.3201135363491284, 0.8560912078750774]",4.1110199519774855e-06,4.137537552537093e-06,True
"[0.05723689199147829, 0.07319476868138912, 0.15307069035205895, 0.3201135363491284, 1.0947728947252522]",5.681023479853397e-06,5.71894821656701e-06,True
"[0.05723689199147829, 0.07319476868138912, 0.15307069035205895, 0.3201135363491284, 1.4]",7.372603913489838e-06,7.42381615758037e-06,True
"[0.05723689199147829, 0.07319476868138912, 0.15307069035205895, 0.4093624833498013, 0.5234943972864351]",3.1361440320610922e-06,3.1668227415675054e-06,True
"[0.05723689199147829, 0.07319476868138912, 0.15307069035205895, 0.4093624833498013, 0.6694467498530259]",5.28578917815441e-06,5.321884891890279e-06,True
"[0.05723689199147829, 0.07319476868138912, 0.15307069035205895, 0.4093624833498013, 0.8560912078750774]",7.818803286434532e-06,7.871997627544265e-06,True
"[0.05723689199147829, 0.07319476868138912, 0.15307069035205895, 0.4093624833498013, 1.0947728947252522]",1.0754888491883218e-05,1.083129091344385e-05,True
"[0.05723689199147829, 0.07319476868138912, 0.15307069035205895, 0.4093624833498013, 1.4]",1.3927585269367391e-05,1.4031859252400961e-05,True
"[0.05723689199147829, 0.07319476868138912, 0.15307069035205895, 0.5234943972864351, 0.6694467498530259]",8.747009662022341e-06,8.823868350091144e-06,True
"[0.05723689199147829, 0.07319476868138912, 0.15307069035205895, 0.5234943972864351, 0.8560912078750774]",1.3140836103778663e-05,1.3240385092508814e-05,True
"[0.05723689199147829, 0.07319476868138912, 0.15307069035205895, 0.5234943972864351, 1.0947728947252522]",1.8050228559123225e-05,1.8192061004651557e-05,True
"[0.05723689199147829, 0.07319476868138912, 0.15307069035205895, 0.5234943972864351, 1.4]",2.3357798964048943e-05,2.3552840717277937e-05,True
"[0.05723689199147829, 0.07319476868138912, 0.15307069035205895, 0.6694467498530259, 0.8560912078750774]",2.009903488776034e-05,2.0290310792844525e-05,True
"[0.05723689199147829, 0.07319476868138912, 0.15307069035205895, 0.6694467498530259, 1.0947728947252522]",2.7848614010902325e-05,2.8097770540359687e-05,True
"[0.05723689199147829, 0.07319476868138912, 0.15307069035205895, 0.6694467498530259, 1.4]",3.605388506908938e-05,3.639554674273851e-05,True
"[0.05723689199147829, 0.07319476868138912, 0.15307069035205895, 0.8560912078750774, 1.0947728947252522]",3.9939140371951196e-05,4.037685407456546e-05,True
"[0.05723689199147829, 0.07319476868138912, 0.15307069035205895, 0.8560912078750774, 1.4]",5.1985203049199644e-05,5.254971206426932e-05,True
"[0.05723689199147829, 0.07319476868138912, 0.15307069035205895, 1.0947728947252522, 1.4]",7.039864426945595e-05,7.131207996025697e-05,True
"[0.05723689199147829, 0.07319476868138912, 0.1957474171359199, 0.25032258773548044, 0.3201135363491284]",7.207247517739587e-08,7.311375667924262e-08,True
"[0.05723689199147829, 0.07319476868138912, 0.1957474171359199, 0.25032258773548044, 0.4093624833498013]",2.4098188023390235e-07,2.4413311548918405e-07,True
"[0.05723689199147829, 0.07319476868138912, 0.1957474171359199, 0.25032258773548044, 0.5234943972864351]",5.266675932007117e-07,5.332022775065317e-07,True
"[0.05723689199147829, 0.07319476868138912, 0.1957474171359199, 0.25032258773548044, 0.6694467498530259]",9.535943588225394e-07,9.65022939742161e-07,True
"[0.05723689199147829, 0.07319476868138912, 0.1957474171359199, 0.25032258773548044, 0.8560912078750774]",1.525890110251974e-06,1.5437090997521045e-06,True
"[0.05723689199147829, 0.07319476868138912, 0.1957474171359199, 0.25032258773548044, 1.0947728947252522]",2.2187061711440626e-06,2.244089755787676e-06,True
"[0.05723689199147829, 0.07319476868138912, 0.1957474171359199, 0.25032258773548044, 1.4]",2.9806083904583935e-06,3.014150341568453e-06,True
"[0.05723689199147829, 0.07319476868138912, 0.1957474171359199, 0.3201135363491284, 0.4093624833498013]",9.046287441709302e-07,9.217750738355628e-07,True
"[0.05723689199147829, 0.07319476868138912, 0.1957474171359199, 0.3201135363491284, 0.5234943972864351]",2.3121459190718048e-06,2.342688937014226e-06,True
"[0.05723689199147829, 0.07319476868138912, 0.1957474171359199, 0.3201135363491284, 0.6694467498530259]",4.176479686485885e-06,4.223572869636108e-06,True
"[0.05723689199147829, 0.07319476868138912, 0.1957474171359199, 0.3201135363491284, 0.8560912078750774]",6.566317696044298e-06,6.634046765877217e-06,True
"[0.05723689199147829, 0.07319476868138912, 0.1957474171359199, 0.3201135363491284, 1.0947728947252522]",9.394496841709698e-06,9.49135822376315e-06,True
"[0.05723689199147829, 0.07319476868138912, 0.1957474171359199, 0.3201135363491284, 1.4]",1.2478070756649902e-05,1.2608884382929899e-05,True
"[0.05723689199147829, 0.07319476868138912, 0.1957474171359199, 0.4093624833498013, 0.5234943972864351]",4.930561356564198e-06,5.027352483238551e-06,True
"[0.05723689199147829, 0.07319476868138912, 0.1957474171359199, 0.4093624833498013, 0.6694467498530259]",9.659495609299111e-06,9.769901921606105e-06,True
"[0.05723689199147829, 0.07319476868138912, 0.1957474171359199, 0.4093624833498013, 0.8560912078750774]",1.5037460900793676e-05,1.5190737216513112e-05,True
"[0.05723689199147829, 0.07319476868138912, 0.1957474171359199, 0.4093624833498013, 1.0947728947252522]",2.1248975798493552e-05,2.1466730589813603e-05,True
"[0.05723689199147829, 0.07319476868138912, 0.1957474171359199, 0.4093624833498013, 1.4]",2.798701592842515e-05,2.8281950919050153e-05,True
"[0.05723689199147829, 0.07319476868138912, 0.1957474171359199, 0.5234943972864351, 0.6694467498530259]",1.667828876664634e-05,1.6979830478743904e-05,True
"[0.05723689199147829, 0.07319476868138912, 0.1957474171359199, 0.5234943972864351, 0.8560912078750774]",2.7142739542096075e-05,2.7443187306827056e-05,True
"[0.05723689199147829, 0.07319476868138912, 0.1957474171359199, 0.5234943972864351, 1.0947728947252522]",3.8213322180962744e-05,3.8629375578111064e-05,True
"[0.05723689199147829, 0.07319476868138912, 0.1957474171359199, 0.5234943972864351, 1.4]",5.011909050186388e-05,5.068433454307818e-05,True
"[0.05723689199147829, 0.07319476868138912, 0.1957474171359199, 0.6694467498530259, 0.8560912078750774]",4.210477626903774e-05,4.279838284062217e-05,True
"[0.05723689199147829, 0.07319476868138912, 0.1957474171359199, 0.6694467498530259, 1.0947728947252522]",6.075964518225647e-05,6.150539243565655e-05,True
"[0.05723689199147829, 0.07319476868138912, 0.1957474171359199, 0.6694467498530259, 1.4]",7.966942713214854e-05,8.066945483761187e-05,True
"[0.05723689199147829, 0.07319476868138912, 0.1957474171359199, 0.8560912078750774, 1.0947728947252522]",8.766382501788413e-05,8.906246731293025e-05,True
"[0.05723689199147829, 0.07319476868138912, 0.1957474171359199, 0.8560912078750774, 1.4]",0.00011650639920878254,0.0001181808729769976,True
"[0.05723689199147829, 0.07319476868138912, 0.1957474171359199, 1.0947728947252522, 1.4]",0.00015817054588112265,0.0001610247118601317,True
"[0.05723689199147829, 0.07319476868138912, 0.25032258773548044, 0.3201135363491284, 0.4093624833498013]",4.0378326561939355e-07,4.1406164763323477e-07,True
"[0.05723689199147829, 0.07319476868138912, 0.25032258773548044, 0.3201135363491284, 0.5234943972864351]",1.347789043302751e-06,1.3781426352106352e-06,True
"[0.05723689199147829, 0.07319476868138912, 0.25032258773548044, 0.3201135363491284, 0.6694467498530259]",2.852237735097521e-06,2.912412308000436e-06,True
"[0.05723689199147829, 0.07319476868138912, 0.25032258773548044, 0.3201135363491284, 0.8560912078750774]",4.94827451542028e-06,5.048302972166032e-06,True
"[0.05723689199147829, 0.07319476868138912, 0.25032258773548044, 0.3201135363491284, 1.0947728947252522]",7.558145625016029e-06,7.706312340968971e-06,True
"[0.05723689199147829, 0.07319476868138912, 0.25032258773548044, 0.3201135363491284, 1.4]",1.0500069632314449e-05,1.0701284119777518e-05,True
"[0.05723689199147829, 0.07319476868138912, 0.25032258773548044, 0.4093624833498013, 0.5234943972864351]",4.734201578856606e-06,4.891724595254535e-06,True
"[0.05723689199147829, 0.07319476868138912, 0.25032258773548044, 0.4093624833498013, 0.6694467498530259]",1.1855363081780012e-05,1.2120721089071018e-05,True
"[0.05723689199147829, 0.07319476868138912, 0.25032258773548044, 0.4093624833498013, 0.8560912078750774]",2.0460942423249252e-05,2.0842059775009505e-05,True
"[0.05723689199147829, 0.07319476868138912, 0.25032258773548044, 0.4093624833498013, 1.0947728947252522]",3.0609105287218544e-05,3.112334790710779e-05,True
"[0.05723689199147829, 0.07319476868138912, 0.25032258773548044, 0.4093624833498013, 1.4]",4.176096979473428e-05,4.2433281600127214e-05,True
"[0.05723689199147829, 0.07319476868138912, 0.25032258773548044, 0.5234943972864351, 0.6694467498530259]",2.327266062172045e-05,2.4092575985330387e-05,True
"[0.05723689199147829, 0.07319476868138912, 0.25032258773548044, 0.5234943972864351, 0.8560912078750774]",4.4261084993386503e-05,4.5113219605268296e-05,True
"[0.05723689199147829, 0.07319476868138912, 0.25032258773548044, 0.5234943972864351, 1.0947728947252522]",6.563464777370962e-05,6.668984861820817e-05,True
"[0.05723689199147829, 0.07319476868138912, 0.25032258773548044, 0.5234943972864351, 1.4]",8.835218498792061e-05,8.977216975189553e-05,True
"[0.05723689199147829, 0.07319476868138912, 0.25032258773548044, 0.6694467498530259, 0.8560912078750774]",7.063157441191344e-05,7.300014472031142e-05,True
"[0.05723689199147829, 0.07319476868138912, 0.25032258773548044, 0.6694467498530259, 1.0947728947252522]",0.00011118441405620441,0.0001131538058297492,True
"[0.05723689199147829, 0.07319476868138912, 0.25032258773548044, 0.6694467498530259, 1.4]",0.00014931174895121315,0.00015188442996685774,True
"[0.05723689199147829, 0.07319476868138912, 0.25032258773548044, 0.8560912078750774, 1.0947728947252522]",0.0001603906533853792,0.00016553470857985086,True
"[0.05723689199147829, 0.07319476868138912, 0.25032258773548044, 0.8560912078750774, 1.4]",0.00022379998538384042,0.00022818903882166117,True
"[0.05723689199147829, 0.07319476868138912, 0.25032258773548044, 1.0947728947252522, 1.4]",0.0003018897496233378,0.0003118310686529886,True
"[0.05723689199147829, 0.07319476868138912, 0.3201135363491284, 0.4093624833498013, 0.5234943972864351]",1.954813341605625e-06,2.041741794652558e-06,True
"[0.05723689199147829, 0.07319476868138912, 0.3201135363491284, 0.4093624833498013, 0.6694467498530259]",6.403995118565811e-06,6.651245896212492e-06,True
"[0.05723689199147829, 0.07319476868138912, 0.3201135363491284, 0.4093624833498013, 0.8560912078750774]",1.3015340404852787e-05,1.3480754706573035e-05,True
"[0.05723689199147829, 0.07319476868138912, 0.3201135363491284, 0.4093624833498013, 1.0947728947252522]",2.156967853083165e-05,2.2303480460664804e-05,True
"[0.05723689199147829, 0.07319476868138912, 0.3201135363491284, 0.4093624833498013, 1.4]",3.149446876033752e-05,3.2529271713497e-05,True
"[0.05723689199147829, 0.07319476868138912, 0.3201135363491284, 0.5234943972864351, 0.6694467498530259]",2.0613179545273557e-05,2.1820901360141075e-05,True
"[0.05723689199147829, 0.07319476868138912, 0.3201135363491284, 0.5234943972864351, 0.8560912078750774]",5.02695672944447e-05,5.218389830681935e-05,True
"[0.05723689199147829, 0.07319476868138912, 0.3201135363491284, 0.5234943972864351, 1.0947728947252522]",8.279807768582018e-05,8.535936099833282e-05,True
"[0.05723689199147829, 0.07319476868138912, 0.3201135363491284, 0.5234943972864351, 1.4]",0.00011813809541536281,0.00012139309278283757,True
"[0.05723689199147829, 0.07319476868138912, 0.3201135363491284, 0.6694467498530259, 0.8560912078750774]",8.967166473103897e-05,9.540987292611654e-05,True
"[0.05723689199147829, 0.07319476868138912, 0.3201135363491284, 0.6694467498530259, 1.0947728947252522]",0.00016614255455581586,0.0001716397202362538,True
"[0.05723689199147829, 0.07319476868138912, 0.3201135363491284, 0.6694467498530259, 1.4]",0.00023578046348619845,0.00024175124749764026,True
"[0.05723689199147829, 0.07319476868138912, 0.3201135363491284, 0.8560912078750774, 1.0947728947252522]",0.00024245645085099068,0.000257961841936168,True
"[0.05723689199147829, 0.07319476868138912, 0.3201135363491284, 0.8560912078750774, 1.4]",0.00037311965927632303,0.0003841981586941267,True
"[0.05723689199147829, 0.07319476868138912, 0.3201135363491284, 1.0947728947252522, 1.4]",0.0004949424939027478,0.0005272067209651389,True
"[0.05723689199147829, 0.07319476868138912, 0.4093624833498013, 0.5234943972864351, 0.6694467498530259]",7.985310482214685e-06,8.60793309740182e-06,True
"[0.05723689199147829, 0.07319476868138912, 0.4093624833498013, 0.5234943972864351, 0.8560912078750774]",2.548785572254464e-05,2.7186510390663103e-05,True
"[0.05723689199147829, 0.07319476868138912, 0.4093624833498013, 0.5234943972864351, 1.0947728947252522]",4.967768023344102e-05,5.271220043162531e-05,True
"[0.05723689199147829, 0.07319476868138912, 0.4093624833498013, 0.5234943972864351, 1.4]",7.882866019723276e-05,8.33794034289388e-05,True
"[0.05723689199147829, 0.07319476868138912, 0.4093624833498013, 0.6694467498530259, 0.8560912078750774]",7.376196656349148e-05,8.150722146882503e-05,True
"[0.05723689199147829, 0.07319476868138912, 0.4093624833498013, 0.6694467498530259, 1.0947728947252522]",0.00017625718283554656,0.00018790570728173148,True
"[0.05723689199147829, 0.07319476868138912, 0.4093624833498013, 0.6694467498530259, 1.4]",0.00027849257516423663,0.0002930934815382191,True
"[0.05723689199147829, 0.07319476868138912, 0.4093624833498013, 0.8560912078750774, 1.0947728947252522]",0.00028110265136423233,0.00031483322387292404,True
"[0.05723689199147829, 0.07319476868138912, 0.4093624833498013, 0.8560912078750774, 1.4]",0.0005156759582457904,0.0005461358727937056,True
"[0.05723689199147829, 0.07319476868138912, 0.4093624833498013, 1.0947728947252522, 1.4]",0.0006759022633762256,0.0007624598273236559,True
"[0.05723689199147829, 0.07319476868138912, 0.5234943972864351, 0.6694467498530259, 0.8560912078750774]",2.6835133279242978e-05,3.055631383077642e-05,True
"[0.05723689199147829, 0.07319476868138912, 0.5234943972864351, 0.6694467498530259, 1.0947728947252522]",8.361749492150089e-05,9.3401042557367e-05,True
"[0.05723689199147829, 0.07319476868138912, 0.5234943972864351, 0.6694467498530259, 1.4]",0.00015698694994211893,0.00017366088422343459,True
"[0.05723689199147829, 0.07319476868138912, 0.5234943972864351, 0.8560912078750774, 1.0947728947252522]",0.0002129378709806441,0.0002542505116416842,True
"[0.05723689199147829, 0.07319476868138912, 0.5234943972864351, 0.8560912078750774, 1.4]",0.0005080128936261012,0.0005683763544449125,True
"[0.05723689199147829, 0.07319476868138912, 0.5234943972864351, 1.0947728947252522, 1.4]",0.0007055661390804858,0.0008725899136522692,True
"[0.05723689199147829, 0.07319476868138912, 0.6694467498530259, 0.8560912078750774, 1.0947728947252522]",7.217896098984129e-05,9.03934535735048e-05,True
"[0.05723689199147829, 0.07319476868138912, 0.6694467498530259, 0.8560912078750774, 1.4]",0.00022160511401759245,0.0002683489708854063,True
"[0.05723689199147829, 0.07319476868138912, 0.6694467498530259, 1.0947728947252522, 1.4]",0.00048236480485373855,0.0006630538078626224,True
"[0.05723689199147829, 0.07319476868138912, 0.8560912078750774, 1.0947728947252522, 1.4]",0.0001506122104501567,0.0002220713403554421,True
"[0.05723689199147829, 0.09360176585269005, 0.11969831626736879, 0.15307069035205895, 0.1957474171359199]",2.2899231971838765e-09,2.29955471113456e-09,True
"[0.05723689199147829, 0.09360176585269005, 0.11969831626736879, 0.15307069035205895, 0.25032258773548044]",6.768155226653685e-09,6.792246494745455e-09,True
"[0.05723689199147829, 0.09360176585269005, 0.11969831626736879, 0.15307069035205895, 0.3201135363491284]",1.4351281745582156e-08,1.439895268311258e-08,True
"[0.05723689199147829, 0.09360176585269005, 0.11969831626736879, 0.15307069035205895, 0.4093624833498013]",2.6497456848504378e-08,2.658208666007288e-08,True
"[0.05723689199147829, 0.09360176585269005, 0.11969831626736879, 0.15307069035205895, 0.5234943972864351]",4.461277619059419e-08,4.4755585327713154e-08,True
"[0.05723689199147829, 0.09360176585269005, 0.11969831626736879, 0.15307069035205895, 0.6694467498530259]",6.958981805690143e-08,6.98184761191085e-08,True
"[0.05723689199147829, 0.09360176585269005, 0.11969831626736879, 0.15307069035205895, 0.8560912078750774]",1.0117058616816707e-07,1.0151395069712133e-07,True
"[0.05723689199147829, 0.09360176585269005, 0.11969831626736879, 0.15307069035205895, 1.0947728947252522]",1.375577343830414e-07,1.3804067723997577e-07,True
"[0.05723689199147829, 0.09360176585269005, 0.11969831626736879, 0.15307069035205895, 1.4]",1.7572696363442865e-07,1.763635460325529e-07,True
"[0.05723689199147829, 0.09360176585269005, 0.11969831626736879, 0.1957474171359199, 0.25032258773548044]",2.1078707671069945e-08,2.1185317462140838e-08,True
"[0.05723689199147829, 0.09360176585269005, 0.11969831626736879, 0.1957474171359199, 0.3201135363491284]",4.969731670004646e-08,4.98735061270749e-08,True
"[0.05723689199147829, 0.09360176585269005, 0.11969831626736879, 0.1957474171359199, 0.4093624833498013]",9.180215132187038e-08,9.209885129758687e-08,True
"[0.05723689199147829, 0.09360176585269005, 0.11969831626736879, 0.1957474171359199, 0.5234943972864351]",1.5315039091959186e-07,1.5364810716279782e-07,True
"[0.05723689199147829, 0.09360176585269005, 0.11969831626736879, 0.1957474171359199, 0.6694467498530259]",2.3679537154167312e-07,2.3759000146161499e-07,True
"[0.05723689199147829, 0.09360176585269005, 0.11969831626736879, 0.1957474171359199, 0.8560912078750774]",3.41998809518824e-07,3.431982965776938e-07,True
"[0.05723689199147829, 0.09360176585269005, 0.11969831626736879, 0.1957474171359199, 1.0947728947252522]",4.6320862194776285e-07,4.6491180440840994e-07,True
"[0.05723689199147829, 0.09360176585269005, 0.11969831626736879, 0.1957474171359199, 1.4]",5.90995002134408e-07,5.932658607426766e-07,True
"[0.05723689199147829, 0.09360176585269005, 0.11969831626736879, 0.25032258773548044, 0.3201135363491284]",1.0903097111198594e-07,1.0955440732005039e-07,True
"[0.05723689199147829, 0.09360176585269005, 0.11969831626736879, 0.25032258773548044, 0.4093624833498013]",2.1011233134409737e-07,2.1082788801168207e-07,True
"[0.05723689199147829, 0.09360176585269005, 0.11969831626736879, 0.25032258773548044, 0.5234943972864351]",3.484869348071611e-07,3.4965544351450174e-07,True
"[0.05723689199147829, 0.09360176585269005, 0.11969831626736879, 0.25032258773548044, 0.6694467498530259]",5.348690494820502e-07,5.367373133015714e-07,True
"[0.05723689199147829, 0.09360176585269005, 0.11969831626736879, 0.25032258773548044, 0.8560912078750774]",7.684092128582853e-07,7.712565575975098e-07,True
"[0.05723689199147829, 0.09360176585269005, 0.11969831626736879, 0.25032258773548044, 1.0947728947252522]",1.0378253287532812e-06,1.0419185831787355e-06,True
"[0.05723689199147829, 0.09360176585269005, 0.11969831626736879, 0.25032258773548044, 1.4]",1.323525626679432e-06,1.3290549798199679e-06,True
"[0.05723689199147829, 0.09360176585269005, 0.11969831626736879, 0.3201135363491284, 0.4093624833498013]",3.944785325581739e-07,3.961812168480834e-07,True
"[0.05723689199147829, 0.09360176585269005, 0.11969831626736879, 0.3201135363491284, 0.5234943972864351]",6.658173195743918e-07,6.682543556813957e-07,True
"[0.05723689199147829, 0.09360176585269005, 0.11969831626736879, 0.3201135363491284, 0.6694467498530259]",1.0181041970102497e-06,1.0219659068929454e-06,True
"[0.05723689199147829, 0.09360176585269005, 0.11969831626736879, 0.3201135363491284, 0.8560912078750774]",1.4575714307410583e-06,1.4635035176865973e-06,True
"[0.05723689199147829, 0.09360176585269005, 0.11969831626736879, 0.3201135363491284, 1.0947728947252522]",1.965559550590452e-06,1.974185013132399e-06,True
"[0.05723689199147829, 0.09360176585269005, 0.11969831626736879, 0.3201135363491284, 1.4]",2.507769449903458e-06,2.519564220813593e-06,True
"[0.05723689199147829, 0.09360176585269005, 0.11969831626736879, 0.4093624833498013, 0.5234943972864351]",1.138242818382527e-06,1.1434026905976662e-06,True
"[0.05723689199147829, 0.09360176585269005, 0.11969831626736879, 0.4093624833498013, 0.6694467498530259]",1.7525526476606048e-06,1.760038342801029e-06,True
"[0.05723689199147829, 0.09360176585269005, 0.11969831626736879, 0.4093624833498013, 0.8560912078750774]",2.5042658011224583e-06,2.5157525257086745e-06,True
"[0.05723689199147829, 0.09360176585269005, 0.11969831626736879, 0.4093624833498013, 1.0947728947252522]",3.3741674560639894e-06,3.3910142555105952e-06,True
"[0.05723689199147829, 0.09360176585269005, 0.11969831626736879, 0.4093624833498013, 1.4]",4.3086266965549785e-06,4.331908614298541e-06,True
"[0.05723689199147829, 0.09360176585269005, 0.11969831626736879, 0.5234943972864351, 0.6694467498530259]",2.7891954393767132e-06,2.8036639838284277e-06,True
"[0.05723689199147829, 0.09360176585269005, 0.11969831626736879, 0.5234943972864351, 0.8560912078750774]",3.998011159354919e-06,4.019069590938851e-06,True
"[0.05723689199147829, 0.09360176585269005, 0.11969831626736879, 0.5234943972864351, 1.0947728947252522]",5.3856547490753385e-06,5.416611967312332e-06,True
"[0.05723689199147829, 0.09360176585269005, 0.11969831626736879, 0.5234943972864351, 1.4]",6.883804522659871e-06,6.926938385032724e-06,True
"[0.05723689199147829, 0.09360176585269005, 0.11969831626736879, 0.6694467498530259, 0.8560912078750774]",5.9835835514778095e-06,6.021271040419365e-06,True
"[0.05723689199147829, 0.09360176585269005, 0.11969831626736879, 0.6694467498530259, 1.0947728947252522]",8.078100470172027e-06,8.131849918555633e-06,True
"[0.05723689199147829, 0.09360176585269005, 0.11969831626736879, 0.6694467498530259, 1.4]",1.0335087954606646e-05,1.0410242803696072e-05,True
"[0.05723689199147829, 0.09360176585269005, 0.11969831626736879, 0.8560912078750774, 1.0947728947252522]",1.1432655584037847e-05,1.1522269639494518e-05,True
"[0.05723689199147829, 0.09360176585269005, 0.11969831626736879, 0.8560912078750774, 1.4]",1.4653112210845911e-05,1.477616005903127e-05,True
"[0.05723689199147829, 0.09360176585269005, 0.11969831626736879, 1.0947728947252522, 1.4]",1.9672413291008195e-05,1.9863694759016996e-05,True
"[0.05723689199147829, 0.09360176585269005, 0.15307069035205895, 0.1957474171359199, 0.25032258773548044]",1.607095640160319e-08,1.6169807775660214e-08,True
"[0.05723689199147829, 0.09360176585269005, 0.15307069035205895, 0.1957474171359199, 0.3201135363491284]",4.484805707764798e-08,4.510696651193545e-08,True
"[0.05723689199147829, 0.09360176585269005, 0.15307069035205895, 0.1957474171359199, 0.4093624833498013]",9.256839883921935e-08,9.309040215410111e-08,True
"[0.05723689199147829, 0.09360176585269005, 0.15307069035205895, 0.1957474171359199, 0.5234943972864351]",1.659538025466449e-07,1.668762860469482e-07,True
"[0.05723689199147829, 0.09360176585269005, 0.15307069035205895, 0.1957474171359199, 0.6694467498530259]",2.6945787500910015e-07,2.709379926056696e-07,True
"[0.05723689199147829, 0.09360176585269005, 0.15307069035205895, 0.1957474171359199, 0.8560912078750774]",4.027089474560587e-07,4.0499000739060194e-07,True
"[0.05723689199147829, 0.09360176585269005, 0.15307069035205895, 0.1957474171359199, 1.0947728947252522]",5.589771367858794e-07,5.622436218675278e-07,True
"[0.05723689199147829, 0.09360176585269005, 0.15307069035205895, 0.1957474171359199, 1.4]",7.260159588176923e-07,7.303825178423418e-07,True
"[0.05723689199147829, 0.09360176585269005, 0.15307069035205895, 0.25032258773548044, 0.3201135363491284]",1.42106307634306e-07,1.4342911881594486e-07,True
"[0.05723689199147829, 0.09360176585269005, 0.15307069035205895, 0.25032258773548044, 0.4093624833498013]",3.423869756978005e-07,3.446804688980466e-07,True
"[0.05723689199147829, 0.09360176585269005, 0.15307069035205895, 0.25032258773548044, 0.5234943972864351]",6.245160131936892e-07,6.282146710796595e-07,True
"[0.05723689199147829, 0.09360176585269005, 0.15307069035205895, 0.25032258773548044, 0.6694467498530259]",1.0125507401222579e-06,1.0185296587720302e-06,True
"[0.05723689199147829, 0.09360176585269005, 0.15307069035205895, 0.25032258773548044, 0.8560912078750774]",1.507378045813614e-06,1.5165064366765445e-06,True
"[0.05723689199147829, 0.09360176585269005, 0.15307069035205895, 0.25032258773548044, 1.0947728947252522]",2.0865251575789783e-06,2.0995960033540447e-06,True
"[0.05723689199147829, 0.09360176585269005, 0.15307069035205895, 0.25032258773548044, 1.4]",2.7082630619193837e-06,2.7258295622669057e-06,True
"[0.05723689199147829, 0.09360176585269005, 0.15307069035205895, 0.3201135363491284, 0.4093624833498013]",7.503464020725892e-07,7.575852116491384e-07,True
"[0.05723689199147829, 0.09360176585269005, 0.15307069035205895, 0.3201135363491284, 0.5234943972864351]",1.45701232330182e-06,1.4661874126763235e-06,True
"[0.05723689199147829, 0.09360176585269005, 0.15307069035205895, 0.3201135363491284, 0.6694467498530259]",2.3520124355202853e-06,2.3663815160415823e-06,True
"[0.05723689199147829, 0.09360176585269005, 0.15307069035205895, 0.3201135363491284, 0.8560912078750774]",3.4761102819715324e-06,3.497937230114871e-06,True
"[0.05723689199147829, 0.09360176585269005, 0.15307069035205895, 0.3201135363491284, 1.0947728947252522]",4.788193667245065e-06,4.819628560880549e-06,True
"[0.05723689199147829, 0.09360176585269005, 0.15307069035205895, 0.3201135363491284, 1.4]",6.20216316996144e-06,6.244836126282505e-06,True
"[0.05723689199147829, 0.09360176585269005, 0.15307069035205895, 0.4093624833498013, 0.5234943972864351]",2.6731968038662932e-06,2.696820820306585e-06,True
"[0.05723689199147829, 0.09360176585269005, 0.15307069035205895, 0.4093624833498013, 0.6694467498530259]",4.442769107182971e-06,4.472431103249921e-06,True
"[0.05723689199147829, 0.09360176585269005, 0.15307069035205895, 0.4093624833498013, 0.8560912078750774]",6.547938709069193e-06,6.592272544480005e-06,True
"[0.05723689199147829, 0.09360176585269005, 0.15307069035205895, 0.4093624833498013, 1.0947728947252522]",8.993809729826228e-06,9.057998978947532e-06,True
"[0.05723689199147829, 0.09360176585269005, 0.15307069035205895, 0.4093624833498013, 1.4]",1.1640299268089458e-05,1.1728347772354998e-05,True
"[0.05723689199147829, 0.09360176585269005, 0.15307069035205895, 0.5234943972864351, 0.6694467498530259]",7.350938413036187e-06,7.413466328846394e-06,True
"[0.05723689199147829, 0.09360176585269005, 0.15307069035205895, 0.5234943972864351, 0.8560912078750774]",1.0987076237332846e-05,1.1070637945945735e-05,True
"[0.05723689199147829, 0.09360176585269005, 0.15307069035205895, 0.5234943972864351, 1.0947728947252522]",1.5083459500915896e-05,1.5203756789307177e-05,True
"[0.05723689199147829, 0.09360176585269005, 0.15307069035205895, 0.5234943972864351, 1.4]",1.9522872158234878e-05,1.968911489623043e-05,True
"[0.05723689199147829, 0.09360176585269005, 0.15307069035205895, 0.6694467498530259, 0.8560912078750774]",1.6844300871062338e-05,1.700325958500658e-05,True
"[0.05723689199147829, 0.09360176585269005, 0.15307069035205895, 0.6694467498530259, 1.0947728947252522]",2.3307031689158898e-05,2.3519170259265806e-05,True
"[0.05723689199147829, 0.09360176585269005, 0.15307069035205895, 0.6694467498530259, 1.4]",3.0192817862103334e-05,3.0485551379319695e-05,True
"[0.05723689199147829, 0.09360176585269005, 0.15307069035205895, 0.8560912078750774, 1.0947728947252522]",3.3520418592697374e-05,3.388985893035712e-05,True
"[0.05723689199147829, 0.09360176585269005, 0.15307069035205895, 0.8560912078750774, 1.4]",4.363703467223396e-05,4.412139844375207e-05,True
"[0.05723689199147829, 0.09360176585269005, 0.15307069035205895, 1.0947728947252522, 1.4]",5.9250806776578876e-05,6.0028889716032865e-05,True
"[0.05723689199147829, 0.09360176585269005, 0.1957474171359199, 0.25032258773548044, 0.3201135363491284]",8.900606965644085e-08,8.999016863484662e-08,True
"[0.05723689199147829, 0.09360176585269005, 0.1957474171359199, 0.25032258773548044, 0.4093624833498013]",2.562299511249565e-07,2.590031226946746e-07,True
"[0.05723689199147829, 0.09360176585269005, 0.1957474171359199, 0.25032258773548044, 0.5234943972864351]",5.286320840419234e-07,5.342501440698012e-07,True
"[0.05723689199147829, 0.09360176585269005, 0.1957474171359199, 0.25032258773548044, 0.6694467498530259]",9.288221349438442e-07,9.385471067633917e-07,True
"[0.05723689199147829, 0.09360176585269005, 0.1957474171359199, 0.25032258773548044, 0.8560912078750774]",1.4600857690638654e-06,1.4751705757329632e-06,True
"[0.05723689199147829, 0.09360176585269005, 0.1957474171359199, 0.25032258773548044, 1.0947728947252522]",2.0994067863436027e-06,2.1208368152030553e-06,True
"[0.05723689199147829, 0.09360176585269005, 0.1957474171359199, 0.25032258773548044, 1.4]",2.799613424413108e-06,2.8282075345204152e-06,True
"[0.05723689199147829, 0.09360176585269005, 0.1957474171359199, 0.3201135363491284, 0.4093624833498013]",8.513071492058176e-07,8.661895536116309e-07,True
"[0.05723689199147829, 0.09360176585269005, 0.1957474171359199, 0.3201135363491284, 0.5234943972864351]",2.0941378564239295e-06,2.1201358243839488e-06,True
"[0.05723689199147829, 0.09360176585269005, 0.1957474171359199, 0.3201135363491284, 0.6694467498530259]",3.73697425832866e-06,3.777238723974582e-06,True
"[0.05723689199147829, 0.09360176585269005, 0.1957474171359199, 0.3201135363491284, 0.8560912078750774]",5.844846166236412e-06,5.904062642320935e-06,True
"[0.05723689199147829, 0.09360176585269005, 0.1957474171359199, 0.3201135363491284, 1.0947728947252522]",8.34353393974268e-06,8.429299860711494e-06,True
"[0.05723689199147829, 0.09360176585269005, 0.1957474171359199, 0.3201135363491284, 1.4]",1.1072613837442115e-05,1.1189078962446874e-05,True
"[0.05723689199147829, 0.09360176585269005, 0.1957474171359199, 0.4093624833498013, 0.5234943972864351]",4.439467289639076e-06,4.5223857662674984e-06,True
"[0.05723689199147829, 0.09360176585269005, 0.1957474171359199, 0.4093624833498013, 0.6694467498530259]",8.588408477881277e-06,8.684709555829117e-06,True
"[0.05723689199147829, 0.09360176585269005, 0.1957474171359199, 0.4093624833498013, 0.8560912078750774]",1.3360000120811919e-05,1.3498182316517135e-05,True
"[0.05723689199147829, 0.09360176585269005, 0.1957474171359199, 0.4093624833498013, 1.0947728947252522]",1.890492109868021e-05,1.910315468461809e-05,True
"[0.05723689199147829, 0.09360176585269005, 0.1957474171359199, 0.4093624833498013, 1.4]",2.4942710921894077e-05,2.5212843475507554e-05,True
"[0.05723689199147829, 0.09360176585269005, 0.1957474171359199, 0.5234943972864351, 0.6694467498530259]",1.496377058785286e-05,1.522649244501533e-05,True
"[0.05723689199147829, 0.09360176585269005, 0.1957474171359199, 0.5234943972864351, 0.8560912078750774]",2.4307470851899672e-05,2.458270951052291e-05,True
"[0.05723689199147829, 0.09360176585269005, 0.1957474171359199, 0.5234943972864351, 1.0947728947252522]",3.4326164654867164e-05,3.471215900018559e-05,True
"[0.05723689199147829, 0.09360176585269005, 0.1957474171359199, 0.5234943972864351, 1.4]",4.5158920042997466e-05,4.568648673768915e-05,True
"[0.05723689199147829, 0.09360176585269005, 0.1957474171359199, 0.6694467498530259, 0.8560912078750774]",3.810150813956338e-05,3.872346567781715e-05,True
"[0.05723689199147829, 0.09360176585269005, 0.1957474171359199, 0.6694467498530259, 1.0947728947252522]",5.510566009987541e-05,5.58038141333513e-05,True
"[0.05723689199147829, 0.09360176585269005, 0.1957474171359199, 0.6694467498530259, 1.4]",7.252550763463539e-05,7.346860054384528e-05,True
"[0.05723689199147829, 0.09360176585269005, 0.1957474171359199, 0.8560912078750774, 1.0947728947252522]",8.020575371263454e-05,8.150831677463027e-05,True
"[0.05723689199147829, 0.09360176585269005, 0.1957474171359199, 0.8560912078750774, 1.4]",0.00010696264365999116,0.00010854876358231083,True
"[0.05723689199147829, 0.09360176585269005, 0.1957474171359199, 1.0947728947252522, 1.4]",0.00014623993864303227,0.00014893361120930812,True
"[0.05723689199147829, 0.09360176585269005, 0.25032258773548044, 0.3201135363491284, 0.4093624833498013]",4.437685624594112e-07,4.5314980807959515e-07,True
"[0.05723689199147829, 0.09360176585269005, 0.25032258773548044, 0.3201135363491284, 0.5234943972864351]",1.3337770227605127e-06,1.360740549826552e-06,True
"[0.05723689199147829, 0.09360176585269005, 0.25032258773548044, 0.3201135363491284, 0.6694467498530259]",2.728299966944655e-06,2.781533015955809e-06,True
"[0.05723689199147829, 0.09360176585269005, 0.25032258773548044, 0.3201135363491284, 0.8560912078750774]",4.659820163801295e-06,4.748418913315247e-06,True
"[0.05723689199147829, 0.09360176585269005, 0.25032258773548044, 0.3201135363491284, 1.0947728947252522]",7.059371039636535e-06,7.1909667992043465e-06,True
"[0.05723689199147829, 0.09360176585269005, 0.25032258773548044, 0.3201135363491284, 1.4]",9.762514700173526e-06,9.941758335509414e-06,True
"[0.05723689199147829, 0.09360176585269005, 0.25032258773548044, 0.4093624833498013, 0.5234943972864351]",4.435471696018163e-06,4.5775977132234495e-06,True
"[0.05723689199147829, 0.09360176585269005, 0.25032258773548044, 0.4093624833498013, 0.6694467498530259]",1.0932192779096343e-05,1.1174008150627207e-05,True
"[0.05723689199147829, 0.09360176585269005, 0.25032258773548044, 0.4093624833498013, 0.8560912078750774]",1.8855703457697077e-05,1.9209385585082816e-05,True
"[0.05723689199147829, 0.09360176585269005, 0.25032258773548044, 0.4093624833498013, 1.0947728947252522]",2.8269031087027063e-05,2.8753754606189757e-05,True
"[0.05723689199147829, 0.09360176585269005, 0.25032258773548044, 0.4093624833498013, 1.4]",3.867060882545225e-05,3.9311017756732205e-05,True
"[0.05723689199147829, 0.09360176585269005, 0.25032258773548044, 0.5234943972864351, 0.6694467498530259]",2.17092464895921e-05,2.2470902753556296e-05,True
"[0.05723689199147829, 0.09360176585269005, 0.25032258773548044, 0.5234943972864351, 0.8560912078750774]",4.140131946743364e-05,4.2222936319365055e-05,True
"[0.05723689199147829, 0.09360176585269005, 0.25032258773548044, 0.5234943972864351, 1.0947728947252522]",6.17833786407122e-05,6.281630552393204e-05,True
"[0.05723689199147829, 0.09360176585269005, 0.25032258773548044, 0.5234943972864351, 1.4]",8.362315205743127e-05,8.502477975322769e-05,True
"[0.05723689199147829, 0.09360176585269005, 0.25032258773548044, 0.6694467498530259, 0.8560912078750774]",6.709016104631188e-05,6.939017717101629e-05,True
"[0.05723689199147829, 0.09360176585269005, 0.25032258773548044, 0.6694467498530259, 1.0947728947252522]",0.00010649365492996986,0.00010845883486905237,True
"[0.05723689199147829, 0.09360176585269005, 0.25032258773548044, 0.6694467498530259, 1.4]",0.00014399213720291,0.00014658171119969705,True
"[0.05723689199147829, 0.09360176585269005, 0.25032258773548044, 0.8560912078750774, 1.0947728947252522]",0.00015551218960867122,0.0001607152438303145,True
"[0.05723689199147829, 0.09360176585269005, 0.25032258773548044, 0.8560912078750774, 1.4]",0.0002188835675892619,0.0002233227281518911,True
"[0.05723689199147829, 0.09360176585269005, 0.25032258773548044, 1.0947728947252522, 1.4]",0.00029789242727958976,0.0003082449177239247,True
"[0.05723689199147829, 0.09360176585269005, 0.3201135363491284, 0.4093624833498013, 0.5234943972864351]",2.0059561679727134e-06,2.0856378203351565e-06,True
"[0.05723689199147829, 0.09360176585269005, 0.3201135363491284, 0.4093624833498013, 0.6694467498530259]",6.165592481021714e-06,6.3911732889956385e-06,True
"[0.05723689199147829, 0.09360176585269005, 0.3201135363491284, 0.4093624833498013, 0.8560912078750774]",1.2325756902660052e-05,1.2753107499420159e-05,True
"[0.05723689199147829, 0.09360176585269005, 0.3201135363491284, 0.4093624833498013, 1.0947728947252522]",2.0310344038122667e-05,2.0989463729728976e-05,True
"[0.05723689199147829, 0.09360176585269005, 0.3201135363491284, 0.4093624833498013, 1.4]",2.959934724556181e-05,3.0564016246752066e-05,True
"[0.05723689199147829, 0.09360176585269005, 0.3201135363491284, 0.5234943972864351, 0.6694467498530259]",1.9536360773200523e-05,2.067121471130851e-05,True
"[0.05723689199147829, 0.09360176585269005, 0.3201135363491284, 0.5234943972864351, 0.8560912078750774]",4.770059094703467e-05,4.955636122266099e-05,True
"[0.05723689199147829, 0.09360176585269005, 0.3201135363491284, 0.5234943972864351, 1.0947728947252522]",7.914743988290355e-05,8.169863662209116e-05,True
"[0.05723689199147829, 0.09360176585269005, 0.3201135363491284, 0.5234943972864351, 1.4]",0.0001137064111985785,0.00011701406752476391,True
"[0.05723689199147829, 0.09360176585269005, 0.3201135363491284, 0.6694467498530259, 0.8560912078750774]",8.66404423789864e-05,9.235106186610302e-05,True
"[0.05723689199147829, 0.09360176585269005, 0.3201135363491284, 0.6694467498530259, 1.0947728947252522]",0.00016305595476686838,0.00016881167497246995,True
"[0.05723689199147829, 0.09360176585269005, 0.3201135363491284, 0.6694467498530259, 1.4]",0.00023392065142843386,0.0002403569479386996,True
"[0.05723689199147829, 0.09360176585269005, 0.3201135363491284, 0.8560912078750774, 1.0947728947252522]",0.00024147405097835374,0.0002578997132808224,True
"[0.05723689199147829, 0.09360176585269005, 0.3201135363491284, 0.8560912078750774, 1.4]",0.0003780216324477812,0.00039037882386513435,True
"[0.05723689199147829, 0.09360176585269005, 0.3201135363491284, 1.0947728947252522, 1.4]",0.0005060926636679616,0.0005419661394307872,True
"[0.05723689199147829, 0.09360176585269005, 0.4093624833498013, 0.5234943972864351, 0.6694467498530259]",7.933328289255076e-06,8.512429388457447e-06,True
"[0.05723689199147829, 0.09360176585269005, 0.4093624833498013, 0.5234943972864351, 0.8560912078750774]",2.443055960132133e-05,2.6023447663916422e-05,True
"[0.05723689199147829, 0.09360176585269005, 0.4093624833498013, 0.5234943972864351, 1.0947728947252522]",4.7355839592503976e-05,5.0239457275876606e-05,True
"[0.05723689199147829, 0.09360176585269005, 0.4093624833498013, 0.5234943972864351, 1.4]",7.517460534699726e-05,7.95527388558257e-05,True
"[0.05723689199147829, 0.09360176585269005, 0.4093624833498013, 0.6694467498530259, 0.8560912078750774]",7.099052291870202e-05,7.852924281029033e-05,True
"[0.05723689199147829, 0.09360176585269005, 0.4093624833498013, 0.6694467498530259, 1.0947728947252522]",0.0001720388778388283,0.0001839364619352694,True
"[0.05723689199147829, 0.09360176585269005, 0.4093624833498013, 0.6694467498530259, 1.4]",0.0002754351099963071,0.0002908559390290609,True
"[0.05723689199147829, 0.09360176585269005, 0.4093624833498013, 0.8560912078750774, 1.0947728947252522]",0.0002792568568068595,0.0003146755155262209,True
"[0.05723689199147829, 0.09360176585269005, 0.4093624833498013, 0.8560912078750774, 1.4]",0.0005264748560625695,0.0005605414958597113,True
"[0.05723689199147829, 0.09360176585269005, 0.4093624833498013, 1.0947728947252522, 1.4]",0.0006956700177502904,0.0007935299789390362,True
"[0.05723689199147829, 0.09360176585269005, 0.5234943972864351, 0.6694467498530259, 0.8560912078750774]",2.6346015914495258e-05,2.9860186642586415e-05,True
"[0.05723689199147829, 0.09360176585269005, 0.5234943972864351, 0.6694467498530259, 1.0947728947252522]",8.054626506619245e-05,8.993873189854536e-05,True
"[0.05723689199147829, 0.09360176585269005, 0.5234943972864351, 0.6694467498530259, 1.4]",0.00015138021064980113,0.00016768071737235092,True
"[0.05723689199147829, 0.09360176585269005, 0.5234943972864351, 0.8560912078750774, 1.0947728947252522]",0.0002076422461962091,0.0002489380452647681,True
"[0.05723689199147829, 0.09360176585269005, 0.5234943972864351, 0.8560912078750774, 1.4]",0.0005071975133339968,0.0005714245067513803,True
"[0.05723689199147829, 0.09360176585269005, 0.5234943972864351, 1.0947728947252522, 1.4]",0.0007124756842927188,0.0008942411142406377,True
"[0.05723689199147829, 0.09360176585269005, 0.6694467498530259, 0.8560912078750774, 1.0947728947252522]",7.072631305514222e-05,8.81461004481075e-05,True
"[0.05723689199147829, 0.09360176585269005, 0.6694467498530259, 0.8560912078750774, 1.4]",0.0002149690958777261,0.0002606449973216536,True
"[0.05723689199147829, 0.09360176585269005, 0.6694467498530259, 1.0947728947252522, 1.4]",0.0004739964107314419,0.0006575006149831354,True
"[0.05723689199147829, 0.09360176585269005, 0.8560912078750774, 1.0947728947252522, 1.4]",0.00014796569468380057,0.0002169232247927399,True
"[0.05723689199147829, 0.11969831626736879, 0.15307069035205895, 0.1957474171359199, 0.25032258773548044]",2.0617407011786423e-08,2.0761150809536656e-08,True
"[0.05723689199147829, 0.11969831626736879, 0.15307069035205895, 0.1957474171359199, 0.3201135363491284]",5.962141869369621e-08,5.995825054548447e-08,True
"[0.05723689199147829, 0.11969831626736879, 0.15307069035205895, 0.1957474171359199, 0.4093624833498013]",1.2131245210174014e-07,1.2193262541392068e-07,True
"[0.05723689199147829, 0.11969831626736879, 0.15307069035205895, 0.1957474171359199, 0.5234943972864351]",2.135927414882798e-07,2.146212915196398e-07,True
"[0.05723689199147829, 0.11969831626736879, 0.15307069035205895, 0.1957474171359199, 0.6694467498530259]",3.4137144430294773e-07,3.43022124333609e-07,True
"[0.05723689199147829, 0.11969831626736879, 0.15307069035205895, 0.1957474171359199, 0.8560912078750774]",5.038798657833245e-07,5.063783250586228e-07,True
"[0.05723689199147829, 0.11969831626736879, 0.15307069035205895, 0.1957474171359199, 1.0947728947252522]",6.927548309102738e-07,6.962967599029333e-07,True
"[0.05723689199147829, 0.11969831626736879, 0.15307069035205895, 0.1957474171359199, 1.4]",8.933387543982847e-07,8.98048556225276e-07,True
"[0.05723689199147829, 0.11969831626736879, 0.15307069035205895, 0.25032258773548044, 0.3201135363491284]",1.62938797928347e-07,1.6433264828081264e-07,True
"[0.05723689199147829, 0.11969831626736879, 0.15307069035205895, 0.25032258773548044, 0.4093624833498013]",3.7443649594527633e-07,3.7650255150087986e-07,True
"[0.05723689199147829, 0.11969831626736879, 0.15307069035205895, 0.25032258773548044, 0.5234943972864351]",6.582041730318544e-07,6.614439059869265e-07,True
"[0.05723689199147829, 0.11969831626736879, 0.15307069035205895, 0.25032258773548044, 0.6694467498530259]",1.0397381303074433e-06,1.0448786226980586e-06,True
"[0.05723689199147829, 0.11969831626736879, 0.15307069035205895, 0.25032258773548044, 0.8560912078750774]",1.519368944051665e-06,1.5271433518549605e-06,True
"[0.05723689199147829, 0.11969831626736879, 0.15307069035205895, 0.25032258773548044, 1.0947728947252522]",2.0751962753372866e-06,2.0863058678259546e-06,True
"[0.05723689199147829, 0.11969831626736879, 0.15307069035205895, 0.25032258773548044, 1.4]",2.667728570123096e-06,2.6826784262321603e-06,True
"[0.05723689199147829, 0.11969831626736879, 0.15307069035205895, 0.3201135363491284, 0.4093624833498013]",7.509915328317091e-07,7.57092640569398e-07,True
"[0.05723689199147829, 0.11969831626736879, 0.15307069035205895, 0.3201135363491284, 0.5234943972864351]",1.3913284118616476e-06,1.3987049634406377e-06,True
"[0.05723689199147829, 0.11969831626736879, 0.15307069035205895, 0.3201135363491284, 0.6694467498530259]",2.185734581452491e-06,2.1970990098439186e-06,True
"[0.05723689199147829, 0.11969831626736879, 0.15307069035205895, 0.3201135363491284, 0.8560912078750774]",3.172043755262845e-06,3.189287112176983e-06,True
"[0.05723689199147829, 0.11969831626736879, 0.15307069035205895, 0.3201135363491284, 1.0947728947252522]",4.31408582111142e-06,4.339013626013563e-06,True
"[0.05723689199147829, 0.11969831626736879, 0.15307069035205895, 0.3201135363491284, 1.4]",5.537726966343751e-06,5.571735109392448e-06,True
"[0.05723689199147829, 0.11969831626736879, 0.15307069035205895, 0.4093624833498013, 0.5234943972864351]",2.4327401483624966e-06,2.4500053298367813e-06,True
"[0.05723689199147829, 0.11969831626736879, 0.15307069035205895, 0.4093624833498013, 0.6694467498530259]",3.9146325482462135e-06,3.937447852831754e-06,True
"[0.05723689199147829, 0.11969831626736879, 0.15307069035205895, 0.4093624833498013, 0.8560912078750774]",5.669251711196966e-06,5.703500486483448e-06,True
"[0.05723689199147829, 0.11969831626736879, 0.15307069035205895, 0.4093624833498013, 1.0947728947252522]",7.695738791772322e-06,7.745647817281245e-06,True
"[0.05723689199147829, 0.11969831626736879, 0.15307069035205895, 0.4093624833498013, 1.4]",9.878224136709602e-06,9.947097531659943e-06,True
"[0.05723689199147829, 0.11969831626736879, 0.15307069035205895, 0.5234943972864351, 0.6694467498530259]",6.295993079570215e-06,6.34329314727703e-06,True
"[0.05723689199147829, 0.11969831626736879, 0.15307069035205895, 0.5234943972864351, 0.8560912078750774]",9.224978011398851e-06,9.289078707204034e-06,True
"[0.05723689199147829, 0.11969831626736879, 0.15307069035205895, 0.5234943972864351, 1.0947728947252522]",1.2522726178112176e-05,1.2615814190357541e-05,True
"[0.05723689199147829, 0.11969831626736879, 0.15307069035205895, 0.5234943972864351, 1.4]",1.608423245561153e-05,1.6213663258382727e-05,True
"[0.05723689199147829, 0.11969831626736879, 0.15307069035205895, 0.6694467498530259, 0.8560912078750774]",1.389522951954144e-05,1.4015620421391856e-05,True
"[0.05723689199147829, 0.11969831626736879, 0.15307069035205895, 0.6694467498530259, 1.0947728947252522]",1.898675228354695e-05,1.9150611708082972e-05,True
"[0.05723689199147829, 0.11969831626736879, 0.15307069035205895, 0.6694467498530259, 1.4]",2.441448493089781e-05,2.4642200987604305e-05,True
"[0.05723689199147829, 0.11969831626736879, 0.15307069035205895, 0.8560912078750774, 1.0947728947252522]",2.6992308267684706e-05,2.7274606509099823e-05,True
"[0.05723689199147829, 0.11969831626736879, 0.15307069035205895, 0.8560912078750774, 1.4]",3.485239474223892e-05,3.522872700726154e-05,True
"[0.05723689199147829, 0.11969831626736879, 0.15307069035205895, 1.0947728947252522, 1.4]",4.695122474780286e-05,4.7550014839162475e-05,True
"[0.05723689199147829, 0.11969831626736879, 0.1957474171359199, 0.25032258773548044, 0.3201135363491284]",1.269103570900431e-07,1.2806941491376387e-07,True
"[0.05723689199147829, 0.11969831626736879, 0.1957474171359199, 0.25032258773548044, 0.4093624833498013]",3.247832755610005e-07,3.2750440652018907e-07,True
"[0.05723689199147829, 0.11969831626736879, 0.1957474171359199, 0.25032258773548044, 0.5234943972864351]",6.249544328117119e-07,6.300373559858562e-07,True
"[0.05723689199147829, 0.11969831626736879, 0.1957474171359199, 0.25032258773548044, 0.6694467498530259]",1.0505359792635417e-06,1.058948907580667e-06,True
"[0.05723689199147829, 0.11969831626736879, 0.1957474171359199, 0.25032258773548044, 0.8560912078750774]",1.6031147249016083e-06,1.6159846009910032e-06,True
"[0.05723689199147829, 0.11969831626736879, 0.1957474171359199, 0.25032258773548044, 1.0947728947252522]",2.257722708389496e-06,2.2765150813427024e-06,True
"[0.05723689199147829, 0.11969831626736879, 0.1957474171359199, 0.25032258773548044, 1.4]",2.9673699877335668e-06,2.99291975129903e-06,True
"[0.05723689199147829, 0.11969831626736879, 0.1957474171359199, 0.3201135363491284, 0.4093624833498013]",8.743938336459949e-07,8.874996381981675e-07,True
"[0.05723689199147829, 0.11969831626736879, 0.1957474171359199, 0.3201135363491284, 0.5234943972864351]",2.0008257571336962e-06,2.021663289936027e-06,True
"[0.05723689199147829, 0.11969831626736879, 0.1957474171359199, 0.3201135363491284, 0.6694467498530259]",3.4493356545825377e-06,3.4805919110639143e-06,True
"[0.05723689199147829, 0.11969831626736879, 0.1957474171359199, 0.3201135363491284, 0.8560912078750774]",5.2839438251673944e-06,5.3322385426799665e-06,True
"[0.05723689199147829, 0.11969831626736879, 0.1957474171359199, 0.3201135363491284, 1.0947728947252522]",7.446414027891735e-06,7.516524388861305e-06,True
"[0.05723689199147829, 0.11969831626736879, 0.1957474171359199, 0.3201135363491284, 1.4]",9.798512141404677e-06,9.894068638342255e-06,True
"[0.05723689199147829, 0.11969831626736879, 0.1957474171359199, 0.4093624833498013, 0.5234943972864351]",4.020622892584237e-06,4.086020501424768e-06,True
"[0.05723689199147829, 0.11969831626736879, 0.1957474171359199, 0.4093624833498013, 0.6694467498530259]",7.47609249815243e-06,7.551012620670811e-06,True
"[0.05723689199147829, 0.11969831626736879, 0.1957474171359199, 0.4093624833498013, 0.8560912078750774]",1.1448798329702307e-05,1.1560574259533229e-05,True
"[0.05723689199147829, 0.11969831626736879, 0.1957474171359199, 0.4093624833498013, 1.0947728947252522]",1.606572473998911e-05,1.6227391718722924e-05,True
"[0.05723689199147829, 0.11969831626736879, 0.1957474171359199, 0.4093624833498013, 1.4]",2.1090167023430978e-05,2.131190969969002e-05,True
"[0.05723689199147829, 0.11969831626736879, 0.1957474171359199, 0.5234943972864351, 0.6694467498530259]",1.2842138793254059e-05,1.3040582985193458e-05,True
"[0.05723689199147829, 0.11969831626736879, 0.1957474171359199, 0.5234943972864351, 0.8560912078750774]",2.0448682911091864e-05,2.067218708770969e-05,True
"[0.05723689199147829, 0.11969831626736879, 0.1957474171359199, 0.5234943972864351, 1.0947728947252522]",2.8700278686455386e-05,2.901802643622866e-05,True
"[0.05723689199147829, 0.11969831626736879, 0.1957474171359199, 0.5234943972864351, 1.4]",3.7644002053464455e-05,3.808169861645897e-05,True
"[0.05723689199147829, 0.11969831626736879, 0.1957474171359199, 0.6694467498530259, 0.8560912078750774]",3.199174747643942e-05,3.2459789355682274e-05,True
"[0.05723689199147829, 0.11969831626736879, 0.1957474171359199, 0.6694467498530259, 1.0947728947252522]",4.583515960509183e-05,4.641273921904151e-05,True
"[0.05723689199147829, 0.11969831626736879, 0.1957474171359199, 0.6694467498530259, 1.4]",6.020149869794063e-05,6.099011567506173e-05,True
"[0.05723689199147829, 0.11969831626736879, 0.1957474171359199, 0.8560912078750774, 1.0947728947252522]",6.677355997249134e-05,6.783673180808403e-05,True
"[0.05723689199147829, 0.11969831626736879, 0.1957474171359199, 0.8560912078750774, 1.4]",8.874546181148745e-05,9.007493760910555e-05,True
"[0.05723689199147829, 0.11969831626736879, 0.1957474171359199, 1.0947728947252522, 1.4]",0.00012158253320145922,0.00012378149356244468,True
"[0.05723689199147829, 0.11969831626736879, 0.25032258773548044, 0.3201135363491284, 0.4093624833498013]",5.808559125097739e-07,5.899737066736678e-07,True
"[0.05723689199147829, 0.11969831626736879, 0.25032258773548044, 0.3201135363491284, 0.5234943972864351]",1.4910858463612074e-06,1.5147915513483989e-06,True
"[0.05723689199147829, 0.11969831626736879, 0.25032258773548044, 0.3201135363491284, 0.6694467498530259]",2.8481393703133448e-06,2.8933893730252445e-06,True
"[0.05723689199147829, 0.11969831626736879, 0.25032258773548044, 0.3201135363491284, 0.8560912078750774]",4.685492663109904e-06,4.759685416142741e-06,True
"[0.05723689199147829, 0.11969831626736879, 0.25032258773548044, 0.3201135363491284, 1.0947728947252522]",6.938773700416461e-06,7.048160067559194e-06,True
"[0.05723689199147829, 0.11969831626736879, 0.25032258773548044, 0.3201135363491284, 1.4]",9.457195777564232e-06,9.605634601546571e-06,True
"[0.05723689199147829, 0.11969831626736879, 0.25032258773548044, 0.4093624833498013, 0.5234943972864351]",4.262198618473512e-06,4.384759808606785e-06,True
"[0.05723689199147829, 0.11969831626736879, 0.25032258773548044, 0.4093624833498013, 0.6694467498530259]",9.977917064024855e-06,1.017997165302892e-05,True
"[0.05723689199147829, 0.11969831626736879, 0.25032258773548044, 0.4093624833498013, 0.8560912078750774]",1.690604234972578e-05,1.720193756031393e-05,True
"[0.05723689199147829, 0.11969831626736879, 0.25032258773548044, 0.4093624833498013, 1.0947728947252522]",2.5139835835018244e-05,2.554820066907333e-05,True
"[0.05723689199147829, 0.11969831626736879, 0.25032258773548044, 0.4093624833498013, 1.4]",3.423349165290995e-05,3.479314136529326e-05,True
"[0.05723689199147829, 0.11969831626736879, 0.25032258773548044, 0.5234943972864351, 0.6694467498530259]",1.955515522192307e-05,2.019679593402912e-05,True
"[0.05723689199147829, 0.11969831626736879, 0.25032258773548044, 0.5234943972864351, 0.8560912078750774]",3.659231600778873e-05,3.729282812285333e-05,True
"[0.05723689199147829, 0.11969831626736879, 0.25032258773548044, 0.5234943972864351, 1.0947728947252522]",5.4429288982951064e-05,5.534675251633746e-05,True
"[0.05723689199147829, 0.11969831626736879, 0.25032258773548044, 0.5234943972864351, 1.4]",7.36877617232291e-05,7.494522070750618e-05,True
"[0.05723689199147829, 0.11969831626736879, 0.25032258773548044, 0.6694467498530259, 0.8560912078750774]",5.976321389897284e-05,6.172333024386684e-05,True
"[0.05723689199147829, 0.11969831626736879, 0.25032258773548044, 0.6694467498530259, 1.0947728947252522]",9.435207737215773e-05,9.612417749294607e-05,True
"[0.05723689199147829, 0.11969831626736879, 0.25032258773548044, 0.6694467498530259, 1.4]",0.0001278535223980976,0.0001302205551931439,True
"[0.05723689199147829, 0.11969831626736879, 0.25032258773548044, 0.8560912078750774, 1.0947728947252522]",0.00013929570033183953,0.00014384335487750358,True
"[0.05723689199147829, 0.11969831626736879, 0.25032258773548044, 0.8560912078750774, 1.4]",0.00019611113857663577,0.0002002222170955409,True
"[0.05723689199147829, 0.11969831626736879, 0.25032258773548044, 1.0947728947252522, 1.4]",0.00026951690860640894,0.0002787866550688944,True
"[0.05723689199147829, 0.11969831626736879, 0.3201135363491284, 0.4093624833498013, 0.5234943972864351]",2.3402136254204234e-06,2.4127930955190254e-06,True
"[0.05723689199147829, 0.11969831626736879, 0.3201135363491284, 0.4093624833498013, 0.6694467498530259]",6.29615810080589e-06,6.493582114634441e-06,True
"[0.05723689199147829, 0.11969831626736879, 0.3201135363491284, 0.4093624833498013, 0.8560912078750774]",1.2010158512236979e-05,1.2381291624076117e-05,True
"[0.05723689199147829, 0.11969831626736879, 0.3201135363491284, 0.4093624833498013, 1.0947728947252522]",1.9349370367276375e-05,1.9939209657289244e-05,True
"[0.05723689199147829, 0.11969831626736879, 0.3201135363491284, 0.4093624833498013, 1.4]",2.7854675075305533e-05,2.869459864472436e-05,True
"[0.05723689199147829, 0.11969831626736879, 0.3201135363491284, 0.5234943972864351, 0.6694467498530259]",1.8400614514322322e-05,1.9409678467858277e-05,True
"[0.05723689199147829, 0.11969831626736879, 0.3201135363491284, 0.5234943972864351, 0.8560912078750774]",4.377660762724673e-05,4.543584555272579e-05,True
"[0.05723689199147829, 0.11969831626736879, 0.3201135363491284, 0.5234943972864351, 1.0947728947252522]",7.235213257169994e-05,7.467489705237515e-05,True
"[0.05723689199147829, 0.11969831626736879, 0.3201135363491284, 0.5234943972864351, 1.4]",0.00010401068909490808,0.00010707143040597371,True
"[0.05723689199147829, 0.11969831626736879, 0.3201135363491284, 0.6694467498530259, 0.8560912078750774]",8.020385907762688e-05,8.54148576623671e-05,True
"[0.05723689199147829, 0.11969831626736879, 0.3201135363491284, 0.6694467498530259, 1.0947728947252522]",0.00015083250944957584,0.00015627767162362344,True
"[0.05723689199147829, 0.11969831626736879, 0.3201135363491284, 0.6694467498530259, 1.4]",0.0002175621200206671,0.0002238324459592052,True
"[0.05723689199147829, 0.11969831626736879, 0.3201135363491284, 0.8560912078750774, 1.0947728947252522]",0.00022683721685747604,0.00024248617570534525,True
"[0.05723689199147829, 0.11969831626736879, 0.3201135363491284, 0.8560912078750774, 1.4]",0.00035769811010150803,0.0003700307646795391,True
"[0.05723689199147829, 0.11969831626736879, 0.3201135363491284, 1.0947728947252522, 1.4]",0.00048493992789664693,0.0005205182383028894,True
"[0.05723689199147829, 0.11969831626736879, 0.4093624833498013, 0.5234943972864351, 0.6694467498530259]",8.519507954446943e-06,9.04410735217917e-06,True
"[0.05723689199147829, 0.11969831626736879, 0.4093624833498013, 0.5234943972864351, 0.8560912078750774]",2.3882907764246895e-05,2.531101111297938e-05,True
"[0.05723689199147829, 0.11969831626736879, 0.4093624833498013, 0.5234943972864351, 1.0947728947252522]",4.506419104022987e-05,4.766281879819198e-05,True
"[0.05723689199147829, 0.11969831626736879, 0.4093624833498013, 0.5234943972864351, 1.4]",7.077303239703394e-05,7.474885671093805e-05,True
"[0.05723689199147829, 0.11969831626736879, 0.4093624833498013, 0.6694467498530259, 0.8560912078750774]",6.708997846939024e-05,7.405466303238836e-05,True
"[0.05723689199147829, 0.11969831626736879, 0.4093624833498013, 0.6694467498530259, 1.0947728947252522]",0.00016159374004235403,0.00017291529122978128,True
"[0.05723689199147829, 0.11969831626736879, 0.4093624833498013, 0.6694467498530259, 1.4]",0.0002601610065116226,0.0002752529141652259,True
"[0.05723689199147829, 0.11969831626736879, 0.4093624833498013, 0.8560912078750774, 1.0947728947252522]",0.00026655790388881916,0.00030112924710652927,True
"[0.05723689199147829, 0.11969831626736879, 0.4093624833498013, 0.8560912078750774, 1.4]",0.000509979017129275,0.000545048926551104,True
"[0.05723689199147829, 0.11969831626736879, 0.4093624833498013, 1.0947728947252522, 1.4]",0.0006824522568717782,0.000784155858581314,True
"[0.05723689199147829, 0.11969831626736879, 0.5234943972864351, 0.6694467498530259, 0.8560912078750774]",2.704516765869195e-05,3.026653580451321e-05,True
"[0.05723689199147829, 0.11969831626736879, 0.5234943972864351, 0.6694467498530259, 1.0947728947252522]",7.763580075152803e-05,8.628604238924776e-05,True
"[0.05723689199147829, 0.11969831626736879, 0.5234943972864351, 0.6694467498530259, 1.4]",0.0001439136700609922,0.00015911156820493013,True
"[0.05723689199147829, 0.11969831626736879, 0.5234943972864351, 0.8560912078750774, 1.0947728947252522]",0.00019830854066450065,0.00023771385221388647,True
"[0.05723689199147829, 0.11969831626736879, 0.5234943972864351, 0.8560912078750774, 1.4]",0.00048809674711893186,0.0005523381538526741,True
"[0.05723689199147829, 0.11969831626736879, 0.5234943972864351, 1.0947728947252522, 1.4]",0.0006952107493937308,0.0008812386803811863,True
"[0.05723689199147829, 0.11969831626736879, 0.6694467498530259, 0.8560912078750774, 1.0947728947252522]",7.123582621570679e-05,8.743271833522096e-05,True
"[0.05723689199147829, 0.11969831626736879, 0.6694467498530259, 0.8560912078750774, 1.4]",0.00020711891164991453,0.00025012939510120965,True
"[0.05723689199147829, 0.11969831626736879, 0.6694467498530259, 1.0947728947252522, 1.4]",0.0004569966879230954,0.0006359458458710458,True
"[0.05723689199147829, 0.11969831626736879, 0.8560912078750774, 1.0947728947252522, 1.4]",0.000148570125222083,0.00021345433784287086,True
"[0.05723689199147829, 0.15307069035205895, 0.1957474171359199, 0.25032258773548044, 0.3201135363491284]",1.466533156965028e-07,1.4833903415467076e-07,True
"[0.05723689199147829, 0.15307069035205895, 0.1957474171359199, 0.25032258773548044, 0.4093624833498013]",4.084283105072205e-07,4.1208902858646576e-07,True
"[0.05723689199147829, 0.15307069035205895, 0.1957474171359199, 0.25032258773548044, 0.5234943972864351]",7.903645464013589e-07,7.965948080532615e-07,True
"[0.05723689199147829, 0.15307069035205895, 0.1957474171359199, 0.25032258773548044, 0.6694467498530259]",1.3177931977411057e-06,1.3274001107191642e-06,True
"[0.05723689199147829, 0.15307069035205895, 0.1957474171359199, 0.25032258773548044, 0.8560912078750774]",1.9901607812878078e-06,2.0048096767944333e-06,True
"[0.05723689199147829, 0.15307069035205895, 0.1957474171359199, 0.25032258773548044, 1.0947728947252522]",2.7774801727536706e-06,2.798439018731985e-06,True
"[0.05723689199147829, 0.15307069035205895, 0.1957474171359199, 0.25032258773548044, 1.4]",3.623783811652059e-06,3.6519361075873554e-06,True
"[0.05723689199147829, 0.15307069035205895, 0.1957474171359199, 0.3201135363491284, 0.4093624833498013]",9.97879273806949e-07,1.0120433729683005e-06,True
"[0.05723689199147829, 0.15307069035205895, 0.1957474171359199, 0.3201135363491284, 0.5234943972864351]",2.19536679470963e-06,2.21421902367839e-06,True
"[0.05723689199147829, 0.15307069035205895, 0.1957474171359199, 0.3201135363491284, 0.6694467498530259]",3.6490077946717363e-06,3.6767405468366223e-06,True
"[0.05723689199147829, 0.15307069035205895, 0.1957474171359199, 0.3201135363491284, 0.8560912078750774]",5.443587018488011e-06,5.485314332998464e-06,True
"[0.05723689199147829, 0.15307069035205895, 0.1957474171359199, 0.3201135363491284, 1.0947728947252522]",7.525247238074411e-06,7.585128979937802e-06,True
"[0.05723689199147829, 0.15307069035205895, 0.1957474171359199, 0.3201135363491284, 1.4]",9.764977129315972e-06,9.846275719903814e-06,True
"[0.05723689199147829, 0.15307069035205895, 0.1957474171359199, 0.4093624833498013, 0.5234943972864351]",4.052657281600988e-06,4.107718736450163e-06,True
"[0.05723689199147829, 0.15307069035205895, 0.1957474171359199, 0.4093624833498013, 0.6694467498530259]",7.156435856868622e-06,7.2165590006780685e-06,True
"[0.05723689199147829, 0.15307069035205895, 0.1957474171359199, 0.4093624833498013, 0.8560912078750774]",1.063747534287644e-05,1.0725513872370252e-05,True
"[0.05723689199147829, 0.15307069035205895, 0.1957474171359199, 0.4093624833498013, 1.0947728947252522]",1.4630274052869406e-05,1.475723602872816e-05,True
"[0.05723689199147829, 0.15307069035205895, 0.1957474171359199, 0.4093624833498013, 1.4]",1.8936452500459513e-05,1.9110914618964097e-05,True
"[0.05723689199147829, 0.15307069035205895, 0.1957474171359199, 0.5234943972864351, 0.6694467498530259]",1.169904074314007e-05,1.1840653023752366e-05,True
"[0.05723689199147829, 0.15307069035205895, 0.1957474171359199, 0.5234943972864351, 0.8560912078750774]",1.793149982013865e-05,1.8101720229898374e-05,True
"[0.05723689199147829, 0.15307069035205895, 0.1957474171359199, 0.5234943972864351, 1.0947728947252522]",2.466773683072109e-05,2.4910385039167735e-05,True
"[0.05723689199147829, 0.15307069035205895, 0.1957474171359199, 0.5234943972864351, 1.4]",3.192111911064616e-05,3.22568318079473e-05,True
"[0.05723689199147829, 0.15307069035205895, 0.1957474171359199, 0.6694467498530259, 0.8560912078750774]",2.7212451501481076e-05,2.7552710486140193e-05,True
"[0.05723689199147829, 0.15307069035205895, 0.1957474171359199, 0.6694467498530259, 1.0947728947252522]",3.8052415785695344e-05,3.848810833690835e-05,True
"[0.05723689199147829, 0.15307069035205895, 0.1957474171359199, 0.6694467498530259, 1.4]",4.9321696098356796e-05,4.9920786928318715e-05,True
"[0.05723689199147829, 0.15307069035205895, 0.1957474171359199, 0.8560912078750774, 1.0947728947252522]",5.4356913893776525e-05,5.514254176747073e-05,True
"[0.05723689199147829, 0.15307069035205895, 0.1957474171359199, 0.8560912078750774, 1.4]",7.112700081914335e-05,7.21303426405457e-05,True
"[0.05723689199147829, 0.15307069035205895, 0.1957474171359199, 1.0947728947252522, 1.4]",9.61764003008005e-05,9.782764189655948e-05,True
"[0.05723689199147829, 0.15307069035205895, 0.25032258773548044, 0.3201135363491284, 0.4093624833498013]",8.013482320471276e-07,8.12525512250772e-07,True
"[0.05723689199147829, 0.15307069035205895, 0.25032258773548044, 0.3201135363491284, 0.5234943972864351]",1.8908692658064645e-06,1.914436567881671e-06,True
"[0.05723689199147829, 0.15307069035205895, 0.25032258773548044, 0.3201135363491284, 0.6694467498530259]",3.3940946336364103e-06,3.434892876832348e-06,True
"[0.05723689199147829, 0.15307069035205895, 0.25032258773548044, 0.3201135363491284, 0.8560912078750774]",5.35150772777619e-06,5.414900164555648e-06,True
"[0.05723689199147829, 0.15307069035205895, 0.25032258773548044, 0.3201135363491284, 1.0947728947252522]",7.693903906675775e-06,7.78609571832721e-06,True
"[0.05723689199147829, 0.15307069035205895, 0.25032258773548044, 0.3201135363491284, 1.4]",1.0266920195287688e-05,1.0394974644585713e-05,True
"[0.05723689199147829, 0.15307069035205895, 0.25032258773548044, 0.4093624833498013, 0.5234943972864351]",4.444964210662507e-06,4.552876480645175e-06,True
"[0.05723689199147829, 0.15307069035205895, 0.25032258773548044, 0.4093624833498013, 0.6694467498530259]",9.604554060413123e-06,9.763122909772022e-06,True
"[0.05723689199147829, 0.15307069035205895, 0.25032258773548044, 0.4093624833498013, 0.8560912078750774]",1.564514031109654e-05,1.5868309501239058e-05,True
"[0.05723689199147829, 0.15307069035205895, 0.25032258773548044, 0.4093624833498013, 1.0947728947252522]",2.2703780220584682e-05,2.302954938283289e-05,True
"[0.05723689199147829, 0.15307069035205895, 0.25032258773548044, 0.4093624833498013, 1.4]",3.0451672358236683e-05,3.0903049678793216e-05,True
"[0.05723689199147829, 0.15307069035205895, 0.25032258773548044, 0.5234943972864351, 0.6694467498530259]",1.7761694270999552e-05,1.8257550213718874e-05,True
"[0.05723689199147829, 0.15307069035205895, 0.25032258773548044, 0.5234943972864351, 0.8560912078750774]",3.1673133452804146e-05,3.2189237592383674e-05,True
"[0.05723689199147829, 0.15307069035205895, 0.25032258773548044, 0.5234943972864351, 1.0947728947252522]",4.6175107047244317e-05,4.690384823912677e-05,True
"[0.05723689199147829, 0.15307069035205895, 0.25032258773548044, 0.5234943972864351, 1.4]",6.186681088804862e-05,6.287294344577204e-05,True
"[0.05723689199147829, 0.15307069035205895, 0.25032258773548044, 0.6694467498530259, 0.8560912078750774]",5.091980786953319e-05,5.235385254969124e-05,True
"[0.05723689199147829, 0.15307069035205895, 0.25032258773548044, 0.6694467498530259, 1.0947728947252522]",7.823684470561112e-05,7.964436034029533e-05,True
"[0.05723689199147829, 0.15307069035205895, 0.25032258773548044, 0.6694467498530259, 1.4]",0.00010514740062925534,0.00010705313900176342,True
"[0.05723689199147829, 0.15307069035205895, 0.25032258773548044, 0.8560912078750774, 1.0947728947252522]",0.00011541028574999046,0.00011869936163093738,True
"[0.05723689199147829, 0.15307069035205895, 0.25032258773548044, 0.8560912078750774, 1.4]",0.00016009894669567315,0.00016341988840578355,True
"[0.05723689199147829, 0.15307069035205895, 0.25032258773548044, 1.0947728947252522, 1.4]",0.00022087377038369635,0.00022760336781347705,True
"[0.05723689199147829, 0.15307069035205895, 0.3201135363491284, 0.4093624833498013, 0.5234943972864351]",3.1059055823976755e-06,3.1772217972803455e-06,True
"[0.05723689199147829, 0.15307069035205895, 0.3201135363491284, 0.4093624833498013, 0.6694467498530259]",7.1838487441288536e-06,7.355398449967995e-06,True
"[0.05723689199147829, 0.15307069035205895, 0.3201135363491284, 0.4093624833498013, 0.8560912078750774]",1.2741644897750252e-05,1.3051213599300318e-05,True
"[0.05723689199147829, 0.15307069035205895, 0.3201135363491284, 0.4093624833498013, 1.0947728947252522]",1.9694352294296283e-05,2.0177777991133718e-05,True
"[0.05723689199147829, 0.15307069035205895, 0.3201135363491284, 0.4093624833498013, 1.4]",2.763341195933069e-05,2.831618628686298e-05,True
"[0.05723689199147829, 0.15307069035205895, 0.3201135363491284, 0.5234943972864351, 0.6694467498530259]",1.7869838036570993e-05,1.8727843622650526e-05,True
"[0.05723689199147829, 0.15307069035205895, 0.3201135363491284, 0.5234943972864351, 0.8560912078750774]",3.988322455768514e-05,4.1236987469202954e-05,True
"[0.05723689199147829, 0.15307069035205895, 0.3201135363491284, 0.5234943972864351, 1.0947728947252522]",6.44294655470428e-05,6.632290418342576e-05,True
"[0.05723689199147829, 0.15307069035205895, 0.3201135363491284, 0.5234943972864351, 1.4]",9.161899240143527e-05,9.413104105478624e-05,True
"[0.05723689199147829, 0.15307069035205895, 0.3201135363491284, 0.6694467498530259, 0.8560912078750774]",7.189569227145833e-05,7.61881012046998e-05,True
"[0.05723689199147829, 0.15307069035205895, 0.3201135363491284, 0.6694467498530259, 1.0947728947252522]",0.00013162538139709112,0.00013613572129374715,True
"[0.05723689199147829, 0.15307069035205895, 0.3201135363491284, 0.6694467498530259, 1.4]",0.00018881393452077866,0.0001941202743067855,True
"[0.05723689199147829, 0.15307069035205895, 0.3201135363491284, 0.8560912078750774, 1.0947728947252522]",0.00019974081634024622,0.00021269784880292565,True
"[0.05723689199147829, 0.15307069035205895, 0.3201135363491284, 0.8560912078750774, 1.4]",0.0003117163890900819,0.0003223114737211726,True
"[0.05723689199147829, 0.15307069035205895, 0.3201135363491284, 1.0947728947252522, 1.4]",0.0004280610201980966,0.000458146693321606,True
"[0.05723689199147829, 0.15307069035205895, 0.4093624833498013, 0.5234943972864351, 0.6694467498530259]",1.029672861242262e-05,1.0771314922227616e-05,True
"[0.05723689199147829, 0.15307069035205895, 0.4093624833498013, 0.5234943972864351, 0.8560912078750774]",2.489315913705521e-05,2.6121449817298717e-05,True
"[0.05723689199147829, 0.15307069035205895, 0.4093624833498013, 0.5234943972864351, 1.0947728947252522]",4.4395149262981835e-05,4.660690723262156e-05,True
"[0.05723689199147829, 0.15307069035205895, 0.4093624833498013, 0.5234943972864351, 1.4]",6.779193807502577e-05,7.11732880703393e-05,True
"[0.05723689199147829, 0.15307069035205895, 0.4093624833498013, 0.6694467498530259, 0.8560912078750774]",6.343936477376833e-05,6.952457730538041e-05,True
"[0.05723689199147829, 0.15307069035205895, 0.4093624833498013, 0.6694467498530259, 1.0947728947252522]",0.00014711207470487276,0.0001570004712155954,True
"[0.05723689199147829, 0.15307069035205895, 0.4093624833498013, 0.6694467498530259, 1.4]",0.00023496891208098163,0.0002483748234570448,True
"[0.05723689199147829, 0.15307069035205895, 0.4093624833498013, 0.8560912078750774, 1.0947728947252522]",0.00024443179923335856,0.00027525433341983217,True
"[0.05723689199147829, 0.15307069035205895, 0.4093624833498013, 0.8560912078750774, 1.4]",0.0004644157827772054,0.0004966791923137913,True
"[0.05723689199147829, 0.15307069035205895, 0.4093624833498013, 1.0947728947252522, 1.4]",0.0006316241987328561,0.0007258312208273647,True
"[0.05723689199147829, 0.15307069035205895, 0.5234943972864351, 0.6694467498530259, 0.8560912078750774]",3.0281055579475545e-05,3.316350413523797e-05,True
"[0.05723689199147829, 0.15307069035205895, 0.5234943972864351, 0.6694467498530259, 1.0947728947252522]",7.708729574113815e-05,8.470166087380113e-05,True
"[0.05723689199147829, 0.15307069035205895, 0.5234943972864351, 0.6694467498530259, 1.4]",0.0001376193633031359,0.00015103866645699347,True
"[0.05723689199147829, 0.15307069035205895, 0.5234943972864351, 0.8560912078750774, 1.0947728947252522]",0.0001873032276484911,0.00022298123551661166,True
"[0.05723689199147829, 0.15307069035205895, 0.5234943972864351, 0.8560912078750774, 1.4]",0.0004527713089654168,0.0005123341738648622,True
"[0.05723689199147829, 0.15307069035205895, 0.5234943972864351, 1.0947728947252522, 1.4]",0.0006540251880175989,0.000830454616523221,True
"[0.05723689199147829, 0.15307069035205895, 0.6694467498530259, 0.8560912078750774, 1.0947728947252522]",7.640514660313706e-05,9.10441109702268e-05,True
"[0.05723689199147829, 0.15307069035205895, 0.6694467498530259, 0.8560912078750774, 1.4]",0.00020199453780388407,0.0002408392847205567,True
"[0.05723689199147829, 0.15307069035205895, 0.6694467498530259, 1.0947728947252522, 1.4]",0.00043504352045008643,0.000601672090905742,True
"[0.05723689199147829, 0.15307069035205895, 0.8560912078750774, 1.0947728947252522, 1.4]",0.0001571524215945208,0.0002165792092990447,True
"[0.05723689199147829, 0.1957474171359199, 0.25032258773548044, 0.3201135363491284, 0.4093624833498013]",8.665936240968847e-07,8.829031129363114e-07,True
"[0.05723689199147829, 0.1957474171359199, 0.25032258773548044, 0.3201135363491284, 0.5234943972864351]",2.286388780494948e-06,2.3186915076532036e-06,True
"[0.05723689199147829, 0.1957474171359199, 0.25032258773548044, 0.3201135363491284, 0.6694467498530259]",4.170989289624626e-06,4.221506012333357e-06,True
"[0.05723689199147829, 0.1957474171359199, 0.25032258773548044, 0.3201135363491284, 0.8560912078750774]",6.555165442422604e-06,6.627700741363047e-06,True
"[0.05723689199147829, 0.1957474171359199, 0.25032258773548044, 0.3201135363491284, 1.0947728947252522]",9.349459832606974e-06,9.454360208269555e-06,True
"[0.05723689199147829, 0.1957474171359199, 0.25032258773548044, 0.3201135363491284, 1.4]",1.2381661343291454e-05,1.252415639023316e-05,True
"[0.05723689199147829, 0.1957474171359199, 0.25032258773548044, 0.4093624833498013, 0.5234943972864351]",5.018480087197857e-06,5.135401038721589e-06,True
"[0.05723689199147829, 0.1957474171359199, 0.25032258773548044, 0.4093624833498013, 0.6694467498530259]",1.0442461206722403e-05,1.0582716157876531e-05,True
"[0.05723689199147829, 0.1957474171359199, 0.25032258773548044, 0.4093624833498013, 0.8560912078750774]",1.6369898677078966e-05,1.6563766133434797e-05,True
"[0.05723689199147829, 0.1957474171359199, 0.25032258773548044, 0.4093624833498013, 1.0947728947252522]",2.3098069839859276e-05,2.337570835000195e-05,True
"[0.05723689199147829, 0.1957474171359199, 0.25032258773548044, 0.4093624833498013, 1.4]",3.035462267055987e-05,3.073415192938552e-05,True
"[0.05723689199147829, 0.1957474171359199, 0.25032258773548044, 0.5234943972864351, 0.6694467498530259]",1.7788260809942202e-05,1.8194571904059906e-05,True
"[0.05723689199147829, 0.1957474171359199, 0.25032258773548044, 0.5234943972864351, 0.8560912078750774]",2.9887365778702114e-05,3.028922962506809e-05,True
"[0.05723689199147829, 0.1957474171359199, 0.25032258773548044, 0.5234943972864351, 1.0947728947252522]",4.2149696084461256e-05,4.2711559960600036e-05,True
"[0.05723689199147829, 0.1957474171359199, 0.25032258773548044, 0.5234943972864351, 1.4]",5.523352321227584e-05,5.60052588852535e-05,True
"[0.05723689199147829, 0.1957474171359199, 0.25032258773548044, 0.6694467498530259, 0.8560912078750774]",4.575607076570184e-05,4.673440052766317e-05,True
"[0.05723689199147829, 0.1957474171359199, 0.25032258773548044, 0.6694467498530259, 1.0947728947252522]",6.709632182869115e-05,6.813831123718295e-05,True
"[0.05723689199147829, 0.1957474171359199, 0.25032258773548044, 0.6694467498530259, 1.4]",8.8138064132062e-05,8.955019766987126e-05,True
"[0.05723689199147829, 0.1957474171359199, 0.25032258773548044, 0.8560912078750774, 1.0947728947252522]",9.62416731502645e-05,9.828266838899276e-05,True
"[0.05723689199147829, 0.1957474171359199, 0.25032258773548044, 0.8560912078750774, 1.4]",0.00012916403937781513,0.0001315782416630439,True
"[0.05723689199147829, 0.1957474171359199, 0.25032258773548044, 1.0947728947252522, 1.4]",0.00017524138878182468,0.00017940401885269147,True
"[0.05723689199147829, 0.1957474171359199, 0.3201135363491284, 0.4093624833498013, 0.5234943972864351]",4.155006084049573e-06,4.244333019577243e-06,True
"[0.05723689199147829, 0.1957474171359199, 0.3201135363491284, 0.4093624833498013, 0.6694467498530259]",9.025361874156977e-06,9.195316546361171e-06,True
"[0.05723689199147829, 0.1957474171359199, 0.3201135363491284, 0.4093624833498013, 0.8560912078750774]",1.5122036600776221e-05,1.5396438746819393e-05,True
"[0.05723689199147829, 0.1957474171359199, 0.3201135363491284, 0.4093624833498013, 1.0947728947252522]",2.2430899738533275e-05,2.2834524696070604e-05,True
"[0.05723689199147829, 0.1957474171359199, 0.3201135363491284, 0.4093624833498013, 1.4]",3.0562999505666726e-05,3.111610447811094e-05,True
"[0.05723689199147829, 0.1957474171359199, 0.3201135363491284, 0.5234943972864351, 0.6694467498530259]",1.874708214579208e-05,1.9493473805818518e-05,True
"[0.05723689199147829, 0.1957474171359199, 0.3201135363491284, 0.5234943972864351, 0.8560912078750774]",3.827924207812999e-05,3.9310674841320894e-05,True
"[0.05723689199147829, 0.1957474171359199, 0.3201135363491284, 0.5234943972864351, 1.0947728947252522]",5.9161474933583785e-05,6.054135277328817e-05,True
"[0.05723689199147829, 0.1957474171359199, 0.3201135363491284, 0.5234943972864351, 1.4]",8.187584208024828e-05,8.373093515930194e-05,True
"[0.05723689199147829, 0.1957474171359199, 0.3201135363491284, 0.6694467498530259, 0.8560912078750774]",6.50937875394119e-05,6.831839991314518e-05,True
"[0.05723689199147829, 0.1957474171359199, 0.3201135363491284, 0.6694467498530259, 1.0947728947252522]",0.00011230117803175291,0.00011549829532447842,True
"[0.05723689199147829, 0.1957474171359199, 0.3201135363491284, 0.6694467498530259, 1.4]",0.00015715073779317226,0.00016115798499474423,True
"[0.05723689199147829, 0.1957474171359199, 0.3201135363491284, 0.8560912078750774, 1.0947728947252522]",0.0001681773962958518,0.00017728944836599108,True
"[0.05723689199147829, 0.1957474171359199, 0.3201135363491284, 0.8560912078750774, 1.4]",0.0002532355319726181,0.0002607229953435497,True
"[0.05723689199147829, 0.1957474171359199, 0.3201135363491284, 1.0947728947252522, 1.4]",0.0003486060448158299,0.0003693062407060687,True
"[0.05723689199147829, 0.1957474171359199, 0.4093624833498013, 0.5234943972864351, 0.6694467498530259]",1.3692162977252691e-05,1.4160082939420968e-05,True
"[0.05723689199147829, 0.1957474171359199, 0.4093624833498013, 0.5234943972864351, 0.8560912078750774]",2.870915358561079e-05,2.975991278878567e-05,True
"[0.05723689199147829, 0.1957474171359199, 0.4093624833498013, 0.5234943972864351, 1.0947728947252522]",4.7499177176795764e-05,4.9305687422572434e-05,True
"[0.05723689199147829, 0.1957474171359199, 0.4093624833498013, 0.5234943972864351, 1.4]",6.938594900604702e-05,7.209516586280505e-05,True
"[0.05723689199147829, 0.1957474171359199, 0.4093624833498013, 0.6694467498530259, 0.8560912078750774]",6.220079435050368e-05,6.7288857190247e-05,True
"[0.05723689199147829, 0.1957474171359199, 0.4093624833498013, 0.6694467498530259, 1.0947728947252522]",0.00013340432880071213,0.00014125791109905579,True
"[0.05723689199147829, 0.1957474171359199, 0.4093624833498013, 0.6694467498530259, 1.4]",0.0002070582261015366,0.00021766586252048954,True
"[0.05723689199147829, 0.1957474171359199, 0.4093624833498013, 0.8560912078750774, 1.0947728947252522]",0.00021819854711860147,0.00024295831358508117,True
"[0.05723689199147829, 0.1957474171359199, 0.4093624833498013, 0.8560912078750774, 1.4]",0.00039887026149656047,0.0004246494590430384,True
"[0.05723689199147829, 0.1957474171359199, 0.4093624833498013, 1.0947728947252522, 1.4]",0.0005500314681946806,0.0006254333642838148,True
"[0.05723689199147829, 0.1957474171359199, 0.5234943972864351, 0.6694467498530259, 0.8560912078750774]",3.7677671904615386e-05,4.026801425745339e-05,True
"[0.05723689199147829, 0.1957474171359199, 0.5234943972864351, 0.6694467498530259, 1.0947728947252522]",8.20030042181583e-05,8.844006314399233e-05,True
"[0.05723689199147829, 0.1957474171359199, 0.5234943972864351, 0.6694467498530259, 1.4]",0.00013717824740057497,0.0001483687530094699,True
"[0.05723689199147829, 0.1957474171359199, 0.5234943972864351, 0.8560912078750774, 1.0947728947252522]",0.00017878484348404487,0.00020938675272428876,True
"[0.05723689199147829, 0.1957474171359199, 0.5234943972864351, 0.8560912078750774, 1.4]",0.0004091284766650948,0.0004597259908679772,True
"[0.05723689199147829, 0.1957474171359199, 0.5234943972864351, 1.0947728947252522, 1.4]",0.0005957875324643024,0.0007488760340690678,True
"[0.05723689199147829, 0.1957474171359199, 0.6694467498530259, 0.8560912078750774, 1.0947728947252522]",8.986830425303977e-05,0.00010283251926806577,True
"[0.05723689199147829, 0.1957474171359199, 0.6694467498530259, 0.8560912078750774, 1.4]",0.00020553195178493126,0.0002391075463436391,True
"[0.05723689199147829, 0.1957474171359199, 0.6694467498530259, 1.0947728947252522, 1.4]",0.00041490637955187554,0.0005625371941724819,True
"[0.05723689199147829, 0.1957474171359199, 0.8560912078750774, 1.0947728947252522, 1.4]",0.00018031694177800714,0.00023338535236629954,True
"[0.05723689199147829, 0.25032258773548044, 0.3201135363491284, 0.4093624833498013, 0.5234943972864351]",4.303356850302857e-06,4.43557989408408e-06,True
"[0.05723689199147829, 0.25032258773548044, 0.3201135363491284, 0.4093624833498013, 0.6694467498530259]",1.0630284134601435e-05,1.0866602931411484e-05,True
"[0.05723689199147829, 0.25032258773548044, 0.3201135363491284, 0.4093624833498013, 0.8560912078750774]",1.8202561863265908e-05,1.8542346103239838e-05,True
"[0.05723689199147829, 0.25032258773548044, 0.3201135363491284, 0.4093624833498013, 1.0947728947252522]",2.6973828173602983e-05,2.74295242551251e-05,True
"[0.05723689199147829, 0.25032258773548044, 0.3201135363491284, 0.4093624833498013, 1.4]",3.6478984732677e-05,3.7102264671786296e-05,True
"[0.05723689199147829, 0.25032258773548044, 0.3201135363491284, 0.5234943972864351, 0.6694467498530259]",2.0955307509757097e-05,2.1759272383952e-05,True
"[0.05723689199147829, 0.25032258773548044, 0.3201135363491284, 0.5234943972864351, 0.8560912078750774]",4.112809781107629e-05,4.2009887808324236e-05,True
"[0.05723689199147829, 0.25032258773548044, 0.3201135363491284, 0.5234943972864351, 1.0947728947252522]",6.097979253398052e-05,6.210886667077622e-05,True
"[0.05723689199147829, 0.25032258773548044, 0.3201135363491284, 0.5234943972864351, 1.4]",8.179553542957374e-05,8.333944150269678e-05,True
"[0.05723689199147829, 0.25032258773548044, 0.3201135363491284, 0.6694467498530259, 0.8560912078750774]",6.462306256205511e-05,6.717070098141088e-05,True
"[0.05723689199147829, 0.25032258773548044, 0.3201135363491284, 0.6694467498530259, 1.0947728947252522]",0.00010399908828975046,0.00010623540415500193,True
"[0.05723689199147829, 0.25032258773548044, 0.3201135363491284, 0.6694467498530259, 1.4]",0.00013990230279455128,0.00014289060791272397,True
"[0.05723689199147829, 0.25032258773548044, 0.3201135363491284, 0.8560912078750774, 1.0947728947252522]",0.00014870772588842875,0.00015460075093525413,True
"[0.05723689199147829, 0.25032258773548044, 0.3201135363491284, 0.8560912078750774, 1.4]",0.00021082353091230236,0.00021610841090698626,True
"[0.05723689199147829, 0.25032258773548044, 0.3201135363491284, 1.0947728947252522, 1.4]",0.0002840507288589283,0.00029607421583782744,True
"[0.05723689199147829, 0.25032258773548044, 0.4093624833498013, 0.5234943972864351, 0.6694467498530259]",1.7880708023140755e-05,1.8476566199128432e-05,True
"[0.05723689199147829, 0.25032258773548044, 0.4093624833498013, 0.5234943972864351, 0.8560912078750774]",3.5745608451518354e-05,3.677800943762888e-05,True
"[0.05723689199147829, 0.25032258773548044, 0.4093624833498013, 0.5234943972864351, 1.0947728947252522]",5.608228518048767e-05,5.765235265162171e-05,True
"[0.05723689199147829, 0.25032258773548044, 0.4093624833498013, 0.5234943972864351, 1.4]",7.868427390187551e-05,8.089260927418599e-05,True
"[0.05723689199147829, 0.25032258773548044, 0.4093624833498013, 0.6694467498530259, 0.8560912078750774]",6.568945569693371e-05,7.005457186394485e-05,True
"[0.05723689199147829, 0.25032258773548044, 0.4093624833498013, 0.6694467498530259, 1.0947728947252522]",0.00012755752785569168,0.00013336031850033633,True
"[0.05723689199147829, 0.25032258773548044, 0.4093624833498013, 0.6694467498530259, 1.4]",0.00018832275740863764,0.00019578645012596367,True
"[0.05723689199147829, 0.25032258773548044, 0.4093624833498013, 0.8560912078750774, 1.0947728947252522]",0.00019767981593393348,0.0002157696744171563,True
"[0.05723689199147829, 0.25032258773548044, 0.4093624833498013, 0.8560912078750774, 1.4]",0.00033517383947927486,0.00035268228339919495,True
"[0.05723689199147829, 0.25032258773548044, 0.4093624833498013, 1.0947728947252522, 1.4]",0.0004602244348477813,0.000511134065062926,True
"[0.05723689199147829, 0.25032258773548044, 0.5234943972864351, 0.6694467498530259, 0.8560912078750774]",5.018192687582663e-05,5.275098055574296e-05,True
"[0.05723689199147829, 0.25032258773548044, 0.5234943972864351, 0.6694467498530259, 1.0947728947252522]",9.573191275210664e-05,0.0001011663227701704,True
"[0.05723689199147829, 0.25032258773548044, 0.5234943972864351, 0.6694467498530259, 1.4]",0.00014837771568730395,0.0001573468080774193,True
"[0.05723689199147829, 0.25032258773548044, 0.5234943972864351, 0.8560912078750774, 1.0947728947252522]",0.0001784395444159671,0.00020365261554127924,True
"[0.05723689199147829, 0.25032258773548044, 0.5234943972864351, 0.8560912078750774, 1.4]",0.00037088022866698376,0.00040996628052854137,True
"[0.05723689199147829, 0.25032258773548044, 0.5234943972864351, 1.0947728947252522, 1.4]",0.0005345534130046712,0.0006547358658392444,True
"[0.05723689199147829, 0.25032258773548044, 0.6694467498530259, 0.8560912078750774, 1.0947728947252522]",0.00011553510270192239,0.00012717560212311,True
"[0.05723689199147829, 0.25032258773548044, 0.6694467498530259, 0.8560912078750774, 1.4]",0.00022532155027670878,0.00025329465035963777,True
"[0.05723689199147829, 0.25032258773548044, 0.6694467498530259, 1.0947728947252522, 1.4]",0.0004063085755617851,0.0005308270117679463,True
"[0.05723689199147829, 0.25032258773548044, 0.8560912078750774, 1.0947728947252522, 1.4]",0.00022615937487501615,0.00027292709866414474,True
"[0.05723689199147829, 0.3201135363491284, 0.4093624833498013, 0.5234943972864351, 0.6694467498530259]",1.7914842217886058e-05,1.8817615894396907e-05,True
"[0.05723689199147829, 0.3201135363491284, 0.4093624833498013, 0.5234943972864351, 0.8560912078750774]",4.128049161568828e-05,4.273699035522574e-05,True
"[0.05723689199147829, 0.3201135363491284, 0.4093624833498013, 0.5234943972864351, 1.0947728947252522]",6.645078845365054e-05,6.8390615442758e-05,True
"[0.05723689199147829, 0.3201135363491284, 0.4093624833498013, 0.5234943972864351, 1.4]",9.327227187761883e-05,9.573110411354914e-05,True
"[0.05723689199147829, 0.3201135363491284, 0.4093624833498013, 0.6694467498530259, 0.8560912078750774]",7.28489750686101e-05,7.753559169267322e-05,True
"[0.05723689199147829, 0.3201135363491284, 0.4093624833498013, 0.6694467498530259, 1.0947728947252522]",0.0001357652830906392,0.00014057108632360113,True
"[0.05723689199147829, 0.3201135363491284, 0.4093624833498013, 0.6694467498530259, 1.4]",0.00019183788715487123,0.0001973482130125552,True
"[0.05723689199147829, 0.3201135363491284, 0.4093624833498013, 0.8560912078750774, 1.0947728947252522]",0.00019573189816098904,0.00020958758350276446,True
"[0.05723689199147829, 0.3201135363491284, 0.4093624833498013, 0.8560912078750774, 1.4]",0.0003059537199743844,0.0003168447134460832,True
"[0.05723689199147829, 0.3201135363491284, 0.4093624833498013, 1.0947728947252522, 1.4]",0.0004044647739963868,0.0004357786396699472,True
"[0.05723689199147829, 0.3201135363491284, 0.5234943972864351, 0.6694467498530259, 0.8560912078750774]",6.422833185981144e-05,6.757402822936348e-05,True
"[0.05723689199147829, 0.3201135363491284, 0.5234943972864351, 0.6694467498530259, 1.0947728947252522]",0.00011856615837182957,0.00012389665781259944,True
"[0.05723689199147829, 0.3201135363491284, 0.5234943972864351, 0.6694467498530259, 1.4]",0.0001750444823178238,0.00018274090071958597,True
"[0.05723689199147829, 0.3201135363491284, 0.5234943972864351, 0.8560912078750774, 1.0947728947252522]",0.00019126318406402365,0.00021276736104347804,True
"[0.05723689199147829, 0.3201135363491284, 0.5234943972864351, 0.8560912078750774, 1.4]",0.00035611581616393483,0.0003842687376178525,True
"[0.05723689199147829, 0.3201135363491284, 0.5234943972864351, 1.0947728947252522, 1.4]",0.0004921769302026575,0.0005784495612619853,True
"[0.05723689199147829, 0.3201135363491284, 0.6694467498530259, 0.8560912078750774, 1.0947728947252522]",0.00015450627687634957,0.00016627610820822185,True
"[0.05723689199147829, 0.3201135363491284, 0.6694467498530259, 0.8560912078750774, 1.4]",0.000268464050995994,0.0002919686912544493,True
"[0.05723689199147829, 0.3201135363491284, 0.6694467498530259, 1.0947728947252522, 1.4]",0.00042062035364459887,0.0005224273929381962,True
"[0.05723689199147829, 0.3201135363491284, 0.8560912078750774, 1.0947728947252522, 1.4]",0.0003018927842599202,0.00034441924903325533,True
"[0.05723689199147829, 0.4093624833498013, 0.5234943972864351, 0.6694467498530259, 0.8560912078750774]",6.213346130032488e-05,6.734415214007709e-05,True
"[0.05723689199147829, 0.4093624833498013, 0.5234943972864351, 0.6694467498530259, 1.0947728947252522]",0.00013429461757574957,0.0001419687683317367,True
"[0.05723689199147829, 0.4093624833498013, 0.5234943972864351, 0.6694467498530259, 1.4]",0.00020451893754672525,0.0002140806864563729,True
"[0.05723689199147829, 0.4093624833498013, 0.5234943972864351, 0.8560912078750774, 1.0947728947252522]",0.00021069013529977388,0.0002340553010312249,True
"[0.05723689199147829, 0.4093624833498013, 0.5234943972864351, 0.8560912078750774, 1.4]",0.00037816024949123057,0.00040110359562498226,True
"[0.05723689199147829, 0.4093624833498013, 0.5234943972864351, 1.0947728947252522, 1.4]",0.000493296009424106,0.0005588208016932982,True
"[0.05723689199147829, 0.4093624833498013, 0.6694467498530259, 0.8560912078750774, 1.0947728947252522]",0.00019358557219566468,0.00020952490081393885,True
"[0.05723689199147829, 0.4093624833498013, 0.6694467498530259, 0.8560912078750774, 1.4]",0.00033207440837762845,0.0003555173144146991,True
"[0.05723689199147829, 0.4093624833498013, 0.6694467498530259, 1.0947728947252522, 1.4]",0.0004635418240447456,0.0005514656258971897,True
"[0.05723689199147829, 0.4093624833498013, 0.8560912078750774, 1.0947728947252522, 1.4]",0.000404804289321448,0.00044982798028306433,True
"[0.05723689199147829, 0.5234943972864351, 0.6694467498530259, 0.8560912078750774, 1.0947728947252522]",0.00017818908280504517,0.00020368024995186335,True
"[0.05723689199147829, 0.5234943972864351, 0.6694467498530259, 0.8560912078750774, 1.4]",0.0003663842872224964,0.00040130858315960065,True
"[0.05723689199147829, 0.5234943972864351, 0.6694467498530259, 1.0947728947252522, 1.4]",0.0005045742787328008,0.0006041004580311066,True
"[0.05723689199147829, 0.5234943972864351, 0.8560912078750774, 1.0947728947252522, 1.4]",0.0004917242056709846,0.0005567994930035904,True
"[0.05723689199147829, 0.6694467498530259, 0.8560912078750774, 1.0947728947252522, 1.4]",0.0004177082388032121,0.0005234473216081106,True
"[0.07319476868138912, 0.09360176585269005, 0.11969831626736879, 0.15307069035205895, 0.1957474171359199]",1.061351133639634e-09,1.0659248955802043e-09,True
"[0.07319476868138912, 0.09360176585269005, 0.11969831626736879, 0.15307069035205895, 0.25032258773548044]",3.171046513540017e-09,3.1832476354840293e-09,True
"[0.07319476868138912, 0.09360176585269005, 0.11969831626736879, 0.15307069035205895, 0.3201135363491284]",6.881210784061765e-09,6.90665895600823e-09,True
"[0.07319476868138912, 0.09360176585269005, 0.11969831626736879, 0.15307069035205895, 0.4093624833498013]",1.2949279889829876e-08,1.2996139775677592e-08,True
"[0.07319476868138912, 0.09360176585269005, 0.11969831626736879, 0.15307069035205895, 0.5234943972864351]",2.2119407480964953e-08,2.2200436643606157e-08,True
"[0.07319476868138912, 0.09360176585269005, 0.11969831626736879, 0.15307069035205895, 0.6694467498530259]",3.488206297247917e-08,3.501383388906449e-08,True
"[0.07319476868138912, 0.09360176585269005, 0.11969831626736879, 0.15307069035205895, 0.8560912078750774]",5.1139888357056936e-08,5.1339881052959035e-08,True
"[0.07319476868138912, 0.09360176585269005, 0.11969831626736879, 0.15307069035205895, 1.0947728947252522]",6.999634352799935e-08,7.02797330024464e-08,True
"[0.07319476868138912, 0.09360176585269005, 0.11969831626736879, 0.15307069035205895, 1.4]",8.990245170057433e-08,9.027802005525298e-08,True
"[0.07319476868138912, 0.09360176585269005, 0.11969831626736879, 0.1957474171359199, 0.25032258773548044]",1.1724306365416687e-08,1.17825616195335e-08,True
"[0.07319476868138912, 0.09360176585269005, 0.11969831626736879, 0.1957474171359199, 0.3201135363491284]",2.751972724790258e-08,2.762592894820246e-08,True
"[0.07319476868138912, 0.09360176585269005, 0.11969831626736879, 0.1957474171359199, 0.4093624833498013]",5.1790651445273595e-08,5.198100711812037e-08,True
"[0.07319476868138912, 0.09360176585269005, 0.11969831626736879, 0.1957474171359199, 0.5234943972864351]",8.785161073459897e-08,8.81806009187007e-08,True
"[0.07319476868138912, 0.09360176585269005, 0.11969831626736879, 0.1957474171359199, 0.6694467498530259]",1.3761805846545194e-07,1.3815241453792627e-07,True
"[0.07319476868138912, 0.09360176585269005, 0.11969831626736879, 0.1957474171359199, 0.8560912078750774]",2.0077037813094016e-07,2.0158496942362038e-07,True
"[0.07319476868138912, 0.09360176585269005, 0.11969831626736879, 0.1957474171359199, 1.0947728947252522]",2.740592486808329e-07,2.752224288142405e-07,True
"[0.07319476868138912, 0.09360176585269005, 0.11969831626736879, 0.1957474171359199, 1.4]",3.5181454936218674e-07,3.5337060554984743e-07,True
"[0.07319476868138912, 0.09360176585269005, 0.11969831626736879, 0.25032258773548044, 0.3201135363491284]",6.581034875458291e-08,6.612403459192615e-08,True
"[0.07319476868138912, 0.09360176585269005, 0.11969831626736879, 0.25032258773548044, 0.4093624833498013]",1.2761135920368498e-07,1.281021428607367e-07,True
"[0.07319476868138912, 0.09360176585269005, 0.11969831626736879, 0.25032258773548044, 0.5234943972864351]",2.153549130698582e-07,2.161895006628996e-07,True
"[0.07319476868138912, 0.09360176585269005, 0.11969831626736879, 0.25032258773548044, 0.6694467498530259]",3.3529371379834025e-07,3.3665179915658246e-07,True
"[0.07319476868138912, 0.09360176585269005, 0.11969831626736879, 0.25032258773548044, 0.8560912078750774]",4.870313467355952e-07,4.891174800771416e-07,True
"[0.07319476868138912, 0.09360176585269005, 0.11969831626736879, 0.25032258773548044, 1.0947728947252522]",6.63375766741904e-07,6.663845734229996e-07,True
"[0.07319476868138912, 0.09360176585269005, 0.11969831626736879, 0.25032258773548044, 1.4]",8.515297406574111e-07,8.555992239488043e-07,True
"[0.07319476868138912, 0.09360176585269005, 0.11969831626736879, 0.3201135363491284, 0.4093624833498013]",2.527874974091551e-07,2.53943202792663e-07,True
"[0.07319476868138912, 0.09360176585269005, 0.11969831626736879, 0.3201135363491284, 0.5234943972864351]",4.31692082621133e-07,4.334941233648704e-07,True
"[0.07319476868138912, 0.09360176585269005, 0.11969831626736879, 0.3201135363491284, 0.6694467498530259]",6.696932922266663e-07,6.726134395393058e-07,True
"[0.07319476868138912, 0.09360176585269005, 0.11969831626736879, 0.3201135363491284, 0.8560912078750774]",9.697367743165409e-07,9.742544937188113e-07,True
"[0.07319476868138912, 0.09360176585269005, 0.11969831626736879, 0.3201135363491284, 1.0947728947252522]",1.3191371176185488e-06,1.325718398587377e-06,True
"[0.07319476868138912, 0.09360176585269005, 0.11969831626736879, 0.3201135363491284, 1.4]",1.6942820327422013e-06,1.7032816719696039e-06,True
"[0.07319476868138912, 0.09360176585269005, 0.11969831626736879, 0.4093624833498013, 0.5234943972864351]",7.645349415904956e-07,7.682922278319008e-07,True
"[0.07319476868138912, 0.09360176585269005, 0.11969831626736879, 0.4093624833498013, 0.6694467498530259]",1.1911743091479504e-06,1.196924419333714e-06,True
"[0.07319476868138912, 0.09360176585269005, 0.11969831626736879, 0.4093624833498013, 0.8560912078750774]",1.7214673821033567e-06,1.7303782088636546e-06,True
"[0.07319476868138912, 0.09360176585269005, 0.11969831626736879, 0.4093624833498013, 1.0947728947252522]",2.3398690528248265e-06,2.3529612740494943e-06,True
"[0.07319476868138912, 0.09360176585269005, 0.11969831626736879, 0.4093624833498013, 1.4]",3.007973622124098e-06,3.0260602346994104e-06,True
"[0.07319476868138912, 0.09360176585269005, 0.11969831626736879, 0.5234943972864351, 0.6694467498530259]",1.9421707920368435e-06,1.9531417526691e-06,True
"[0.07319476868138912, 0.09360176585269005, 0.11969831626736879, 0.5234943972864351, 0.8560912078750774]",2.81211528806617e-06,2.8285524877011286e-06,True
"[0.07319476868138912, 0.09360176585269005, 0.11969831626736879, 0.5234943972864351, 1.0947728947252522]",3.821183701682977e-06,3.8454384390576845e-06,True
"[0.07319476868138912, 0.09360176585269005, 0.11969831626736879, 0.5234943972864351, 1.4]",4.9169079792807174e-06,4.95070333466841e-06,True
"[0.07319476868138912, 0.09360176585269005, 0.11969831626736879, 0.6694467498530259, 0.8560912078750774]",4.281270187587895e-06,4.310412713969402e-06,True
"[0.07319476868138912, 0.09360176585269005, 0.11969831626736879, 0.6694467498530259, 1.0947728947252522]",5.826682792096369e-06,5.8688821225323475e-06,True
"[0.07319476868138912, 0.09360176585269005, 0.11969831626736879, 0.6694467498530259, 1.4]",7.504146262982614e-06,7.563239734472226e-06,True
"[0.07319476868138912, 0.09360176585269005, 0.11969831626736879, 0.8560912078750774, 1.0947728947252522]",8.348987245757259e-06,8.418894617580674e-06,True
"[0.07319476868138912, 0.09360176585269005, 0.11969831626736879, 0.8560912078750774, 1.4]",1.0768261557285258e-05,1.0865073433849367e-05,True
"[0.07319476868138912, 0.09360176585269005, 0.11969831626736879, 1.0947728947252522, 1.4]",1.4589418767895092e-05,1.4739272064936788e-05,True
"[0.07319476868138912, 0.09360176585269005, 0.15307069035205895, 0.1957474171359199, 0.25032258773548044]",9.137853915809475e-09,9.204975681025474e-09,True
"[0.07319476868138912, 0.09360176585269005, 0.15307069035205895, 0.1957474171359199, 0.3201135363491284]",2.7973013338583735e-08,2.816480426449369e-08,True
"[0.07319476868138912, 0.09360176585269005, 0.15307069035205895, 0.1957474171359199, 0.4093624833498013]",6.058940314294603e-08,6.099298134925313e-08,True
"[0.07319476868138912, 0.09360176585269005, 0.15307069035205895, 0.1957474171359199, 0.5234943972864351]",1.1189825970029121e-07,1.1263016363635746e-07,True
"[0.07319476868138912, 0.09360176585269005, 0.15307069035205895, 0.1957474171359199, 0.6694467498530259]",1.8532747076615455e-07,1.865218011926981e-07,True
"[0.07319476868138912, 0.09360176585269005, 0.15307069035205895, 0.1957474171359199, 0.8560912078750774]",2.808837659645312e-07,2.82718566264801e-07,True
"[0.07319476868138912, 0.09360176585269005, 0.15307069035205895, 0.1957474171359199, 1.0947728947252522]",3.938746508262928e-07,3.9651765637230277e-07,True
"[0.07319476868138912, 0.09360176585269005, 0.15307069035205895, 0.1957474171359199, 1.4]",5.155268154827452e-07,5.19074285254358e-07,True
"[0.07319476868138912, 0.09360176585269005, 0.15307069035205895, 0.25032258773548044, 0.3201135363491284]",1.0606197306138287e-07,1.0709824105732978e-07,True
"[0.07319476868138912, 0.09360176585269005, 0.15307069035205895, 0.25032258773548044, 0.4093624833498013]",2.609491735025217e-07,2.6285133882684353e-07,True
"[0.07319476868138912, 0.09360176585269005, 0.15307069035205895, 0.25032258773548044, 0.5234943972864351]",4.852624385510572e-07,4.884445376458631e-07,True
"[0.07319476868138912, 0.09360176585269005, 0.15307069035205895, 0.25032258773548044, 0.6694467498530259]",7.982120422773554e-07,8.034105287976402e-07,True
"[0.07319476868138912, 0.09360176585269005, 0.15307069035205895, 0.25032258773548044, 0.8560912078750774]",1.2009750639921692e-06,1.2089861669645628e-06,True
"[0.07319476868138912, 0.09360176585269005, 0.15307069035205895, 0.25032258773548044, 1.0947728947252522]",1.675643257545706e-06,1.6871772295751267e-06,True
"[0.07319476868138912, 0.09360176585269005, 0.15307069035205895, 0.25032258773548044, 1.4]",2.188075609182098e-06,2.2036279197420497e-06,True
"[0.07319476868138912, 0.09360176585269005, 0.15307069035205895, 0.3201135363491284, 0.4093624833498013]",6.086066216370853e-07,6.1462208638436e-07,True
"[0.07319476868138912, 0.09360176585269005, 0.15307069035205895, 0.3201135363491284, 0.5234943972864351]",1.1953656719805515e-06,1.2034990814372665e-06,True
"[0.07319476868138912, 0.09360176585269005, 0.15307069035205895, 0.3201135363491284, 0.6694467498530259]",1.9550656634925062e-06,1.9680780820250973e-06,True
"[0.07319476868138912, 0.09360176585269005, 0.15307069035205895, 0.3201135363491284, 0.8560912078750774]",2.9188446564578117e-06,2.9388008373258795e-06,True
"[0.07319476868138912, 0.09360176585269005, 0.15307069035205895, 0.3201135363491284, 1.0947728947252522]",4.051354492424757e-06,4.080226001018249e-06,True
"[0.07319476868138912, 0.09360176585269005, 0.15307069035205895, 0.3201135363491284, 1.4]",5.2780520121330955e-06,5.317331460405436e-06,True
"[0.07319476868138912, 0.09360176585269005, 0.15307069035205895, 0.4093624833498013, 0.5234943972864351]",2.2695882926282733e-06,2.2902792410984336e-06,True
"[0.07319476868138912, 0.09360176585269005, 0.15307069035205895, 0.4093624833498013, 0.6694467498530259]",3.8100562657947407e-06,3.837417075344655e-06,True
"[0.07319476868138912, 0.09360176585269005, 0.15307069035205895, 0.4093624833498013, 0.8560912078750774]",5.670490954257156e-06,5.711872298081778e-06,True
"[0.07319476868138912, 0.09360176585269005, 0.15307069035205895, 0.4093624833498013, 1.0947728947252522]",7.847024441115958e-06,7.90718646134197e-06,True
"[0.07319476868138912, 0.09360176585269005, 0.15307069035205895, 0.4093624833498013, 1.4]",1.021351448608213e-05,1.0296160641955468e-05,True
"[0.07319476868138912, 0.09360176585269005, 0.15307069035205895, 0.5234943972864351, 0.6694467498530259]",6.442036064010808e-06,6.499409171015409e-06,True
"[0.07319476868138912, 0.09360176585269005, 0.15307069035205895, 0.5234943972864351, 0.8560912078750774]",9.710624472866831e-06,9.789285908135451e-06,True
"[0.07319476868138912, 0.09360176585269005, 0.15307069035205895, 0.5234943972864351, 1.0947728947252522]",1.3428488446549738e-05,1.3542343334411188e-05,True
"[0.07319476868138912, 0.09360176585269005, 0.15307069035205895, 0.5234943972864351, 1.4]",1.7477337275352936e-05,1.763489761209451e-05,True
"[0.07319476868138912, 0.09360176585269005, 0.15307069035205895, 0.6694467498530259, 0.8560912078750774]",1.5106391030920782e-05,1.5255302316634465e-05,True
"[0.07319476868138912, 0.09360176585269005, 0.15307069035205895, 0.6694467498530259, 1.0947728947252522]",2.1042665568071186e-05,2.1244175623844618e-05,True
"[0.07319476868138912, 0.09360176585269005, 0.15307069035205895, 0.6694467498530259, 1.4]",2.7407733207775643e-05,2.768644812310075e-05,True
"[0.07319476868138912, 0.09360176585269005, 0.15307069035205895, 0.8560912078750774, 1.0947728947252522]",3.0575520606832144e-05,3.0925250739427796e-05,True
"[0.07319476868138912, 0.09360176585269005, 0.15307069035205895, 0.8560912078750774, 1.4]",4.000827251967696e-05,4.047020343757116e-05,True
"[0.07319476868138912, 0.09360176585269005, 0.15307069035205895, 1.0947728947252522, 1.4]",5.4726412744431546e-05,5.546687076839251e-05,True
"[0.07319476868138912, 0.09360176585269005, 0.1957474171359199, 0.25032258773548044, 0.3201135363491284]",6.169627938055981e-08,6.251976483914625e-08,True
"[0.07319476868138912, 0.09360176585269005, 0.1957474171359199, 0.25032258773548044, 0.4093624833498013]",1.9603060845672633e-07,1.984647485075596e-07,True
"[0.07319476868138912, 0.09360176585269005, 0.1957474171359199, 0.25032258773548044, 0.5234943972864351]",4.215627165361615e-07,4.266054250286061e-07,True
"[0.07319476868138912, 0.09360176585269005, 0.1957474171359199, 0.25032258773548044, 0.6694467498530259]",7.582732448881514e-07,7.671242788460568e-07,True
"[0.07319476868138912, 0.09360176585269005, 0.1957474171359199, 0.25032258773548044, 0.8560912078750774]",1.2100185268467394e-06,1.2238815725193063e-06,True
"[0.07319476868138912, 0.09360176585269005, 0.1957474171359199, 0.25032258773548044, 1.0947728947252522]",1.7578981913234116e-06,1.7777339592280185e-06,True
"[0.07319476868138912, 0.09360176585269005, 0.1957474171359199, 0.25032258773548044, 1.4]",2.361957981575735e-06,2.3882727737835058e-06,True
"[0.07319476868138912, 0.09360176585269005, 0.1957474171359199, 0.3201135363491284, 0.4093624833498013]",7.368271342148915e-07,7.502746252098115e-07,True
"[0.07319476868138912, 0.09360176585269005, 0.1957474171359199, 0.3201135363491284, 0.5234943972864351]",1.851421214635416e-06,1.87574272004064e-06,True
"[0.07319476868138912, 0.09360176585269005, 0.1957474171359199, 0.3201135363491284, 0.6694467498530259]",3.3517304989347613e-06,3.3902827520457327e-06,True
"[0.07319476868138912, 0.09360176585269005, 0.1957474171359199, 0.3201135363491284, 0.8560912078750774]",5.29669935213082e-06,5.353660372386565e-06,True
"[0.07319476868138912, 0.09360176585269005, 0.1957474171359199, 0.3201135363491284, 1.0947728947252522]",7.617455088257855e-06,7.700450607821865e-06,True
"[0.07319476868138912, 0.09360176585269005, 0.1957474171359199, 0.3201135363491284, 1.4]",1.0164766805778485e-05,1.0277877395937929e-05,True
"[0.07319476868138912, 0.09360176585269005, 0.1957474171359199, 0.4093624833498013, 0.5234943972864351]",4.0766429263117184e-06,4.1549744175986624e-06,True
"[0.07319476868138912, 0.09360176585269005, 0.1957474171359199, 0.4093624833498013, 0.6694467498530259]",7.984505432938797e-06,8.079337804569575e-06,True
"[0.07319476868138912, 0.09360176585269005, 0.1957474171359199, 0.4093624833498013, 0.8560912078750774]",1.254466502281578e-05,1.2681413442178924e-05,True
"[0.07319476868138912, 0.09360176585269005, 0.1957474171359199, 0.4093624833498013, 1.0947728947252522]",1.788028178142057e-05,1.8077582699172337e-05,True
"[0.07319476868138912, 0.09360176585269005, 0.1957474171359199, 0.4093624833498013, 1.4]",2.371748848728627e-05,2.3987094165571444e-05,True
"[0.07319476868138912, 0.09360176585269005, 0.1957474171359199, 0.5234943972864351, 0.6694467498530259]",1.4207515961166232e-05,1.446608199745897e-05,True
"[0.07319476868138912, 0.09360176585269005, 0.1957474171359199, 0.5234943972864351, 0.8560912078750774]",2.3310442411050765e-05,2.3586624681567888e-05,True
"[0.07319476868138912, 0.09360176585269005, 0.1957474171359199, 0.5234943972864351, 1.0947728947252522]",3.3157037469437635e-05,3.354667389449744e-05,True
"[0.07319476868138912, 0.09360176585269005, 0.1957474171359199, 0.5234943972864351, 1.4]",4.385258603623019e-05,4.4386258138150976e-05,True
"[0.07319476868138912, 0.09360176585269005, 0.1957474171359199, 0.6694467498530259, 0.8560912078750774]",3.702929224539407e-05,3.7661466370483347e-05,True
"[0.07319476868138912, 0.09360176585269005, 0.1957474171359199, 0.6694467498530259, 1.0947728947252522]",5.397105533571287e-05,5.468050266724923e-05,True
"[0.07319476868138912, 0.09360176585269005, 0.1957474171359199, 0.6694467498530259, 1.4]",7.14083356590052e-05,7.236867884462736e-05,True
"[0.07319476868138912, 0.09360176585269005, 0.1957474171359199, 0.8560912078750774, 1.0947728947252522]",7.927408590975682e-05,8.061113888259786e-05,True
"[0.07319476868138912, 0.09360176585269005, 0.1957474171359199, 0.8560912078750774, 1.4]",0.00010632357071681882,0.00010794427463032775,True
"[0.07319476868138912, 0.09360176585269005, 0.1957474171359199, 1.0947728947252522, 1.4]",0.00014631928584834294,0.00014907883335525486,True
"[0.07319476868138912, 0.09360176585269005, 0.25032258773548044, 0.3201135363491284, 0.4093624833498013]",3.559724584308055e-07,3.6458327297284244e-07,True
"[0.07319476868138912, 0.09360176585269005, 0.25032258773548044, 0.3201135363491284, 0.5234943972864351]",1.152226390952427e-06,1.177596072899907e-06,True
"[0.07319476868138912, 0.09360176585269005, 0.25032258773548044, 0.3201135363491284, 0.6694467498530259]",2.423923536567086e-06,2.4746948224066417e-06,True
"[0.07319476868138912, 0.09360176585269005, 0.25032258773548044, 0.3201135363491284, 0.8560912078750774]",4.20449036415666e-06,4.289784451128925e-06,True
"[0.07319476868138912, 0.09360176585269005, 0.25032258773548044, 0.3201135363491284, 1.0947728947252522]",6.432813045035686e-06,6.560372280024601e-06,True
"[0.07319476868138912, 0.09360176585269005, 0.25032258773548044, 0.3201135363491284, 1.4]",8.956744594805047e-06,9.131383185872263e-06,True
"[0.07319476868138912, 0.09360176585269005, 0.25032258773548044, 0.4093624833498013, 0.5234943972864351]",4.128672389817693e-06,4.265373235925705e-06,True
"[0.07319476868138912, 0.09360176585269005, 0.25032258773548044, 0.4093624833498013, 0.6694467498530259]",1.0370359549405722e-05,1.0609784710225585e-05,True
"[0.07319476868138912, 0.09360176585269005, 0.25032258773548044, 0.4093624833498013, 0.8560912078750774]",1.8095942077077066e-05,1.845291918521684e-05,True
"[0.07319476868138912, 0.09360176585269005, 0.25032258773548044, 0.4093624833498013, 1.0947728947252522]",2.7350885097272235e-05,2.7846438998523864e-05,True
"[0.07319476868138912, 0.09360176585269005, 0.25032258773548044, 0.4093624833498013, 1.4]",3.764433551939104e-05,3.829357671192047e-05,True
"[0.07319476868138912, 0.09360176585269005, 0.25032258773548044, 0.5234943972864351, 0.6694467498530259]",2.1101235323745584e-05,2.1866817299590927e-05,True
"[0.07319476868138912, 0.09360176585269005, 0.25032258773548044, 0.5234943972864351, 0.8560912078750774]",4.0830455244339994e-05,4.1685117981013656e-05,True
"[0.07319476868138912, 0.09360176585269005, 0.25032258773548044, 0.5234943972864351, 1.0947728947252522]",6.149595244459409e-05,6.256510222597007e-05,True
"[0.07319476868138912, 0.09360176585269005, 0.25032258773548044, 0.5234943972864351, 1.4]",8.37463707850963e-05,8.520248866836778e-05,True
"[0.07319476868138912, 0.09360176585269005, 0.25032258773548044, 0.6694467498530259, 0.8560912078750774]",6.7087234486493e-05,6.949708772774551e-05,True
"[0.07319476868138912, 0.09360176585269005, 0.25032258773548044, 0.6694467498530259, 1.0947728947252522]",0.00010779937790272555,0.0001098603559721587,True
"[0.07319476868138912, 0.09360176585269005, 0.25032258773548044, 0.6694467498530259, 1.4]",0.0001467032922698052,0.0001494257255635527,True
"[0.07319476868138912, 0.09360176585269005, 0.25032258773548044, 0.8560912078750774, 1.0947728947252522]",0.00015869252256757544,0.00016431254284072117,True
"[0.07319476868138912, 0.09360176585269005, 0.25032258773548044, 0.8560912078750774, 1.4]",0.00022546483172746764,0.0002301897372512196,True
"[0.07319476868138912, 0.09360176585269005, 0.25032258773548044, 1.0947728947252522, 1.4]",0.0003083178314565781,0.0003197117317770951,True
"[0.07319476868138912, 0.09360176585269005, 0.3201135363491284, 0.4093624833498013, 0.5234943972864351]",1.7618636643526274e-06,1.8380541901634558e-06,True
"[0.07319476868138912, 0.09360176585269005, 0.3201135363491284, 0.4093624833498013, 0.6694467498530259]",5.690513760979824e-06,5.909762184809566e-06,True
"[0.07319476868138912, 0.09360176585269005, 0.3201135363491284, 0.4093624833498013, 0.8560912078750774]",1.158669785373716e-05,1.2006662912431674e-05,True
"[0.07319476868138912, 0.09360176585269005, 0.3201135363491284, 0.4093624833498013, 1.0947728947252522]",1.9292321502526635e-05,1.9965225145831882e-05,True
"[0.07319476868138912, 0.09360176585269005, 0.3201135363491284, 0.4093624833498013, 1.4]",2.8308366364788815e-05,2.92701588856118e-05,True
"[0.07319476868138912, 0.09360176585269005, 0.3201135363491284, 0.5234943972864351, 0.6694467498530259]",1.887266383466959e-05,1.9999859361628356e-05,True
"[0.07319476868138912, 0.09360176585269005, 0.3201135363491284, 0.5234943972864351, 0.8560912078750774]",4.6937300723756506e-05,4.883702626427616e-05,True
"[0.07319476868138912, 0.09360176585269005, 0.3201135363491284, 0.5234943972864351, 1.0947728947252522]",7.873708103152569e-05,8.139849358080562e-05,True
"[0.07319476868138912, 0.09360176585269005, 0.3201135363491284, 0.5234943972864351, 1.4]",0.00011396506670300564,0.00011745822212216631,True
"[0.07319476868138912, 0.09360176585269005, 0.3201135363491284, 0.6694467498530259, 0.8560912078750774]",8.669965295786329e-05,9.264674216703427e-05,True
"[0.07319476868138912, 0.09360176585269005, 0.3201135363491284, 0.6694467498530259, 1.0947728947252522]",0.00016610140708558666,0.00017230914127285937,True
"[0.07319476868138912, 0.09360176585269005, 0.3201135363491284, 0.6694467498530259, 1.4]",0.0002404811602325912,0.00024753168443942316,True
"[0.07319476868138912, 0.09360176585269005, 0.3201135363491284, 0.8560912078750774, 1.0947728947252522]",0.0002480827236460357,0.0002659658929603223,True
"[0.07319476868138912, 0.09360176585269005, 0.3201135363491284, 0.8560912078750774, 1.4]",0.00039430379855975287,0.00040809745098108956,True
"[0.07319476868138912, 0.09360176585269005, 0.3201135363491284, 1.0947728947252522, 1.4]",0.0005298381245938019,0.0005701479785337314,True
"[0.07319476868138912, 0.09360176585269005, 0.4093624833498013, 0.5234943972864351, 0.6694467498530259]",7.336617173746244e-06,7.901624561855371e-06,True
"[0.07319476868138912, 0.09360176585269005, 0.4093624833498013, 0.5234943972864351, 0.8560912078750774]",2.3360507825191708e-05,2.493660697877509e-05,True
"[0.07319476868138912, 0.09360176585269005, 0.4093624833498013, 0.5234943972864351, 1.0947728947252522]",4.5875135909522105e-05,4.875945881451712e-05,True
"[0.07319476868138912, 0.09360176585269005, 0.4093624833498013, 0.5234943972864351, 1.4]",7.3397768983628e-05,7.781378410432502e-05,True
"[0.07319476868138912, 0.09360176585269005, 0.4093624833498013, 0.6694467498530259, 0.8560912078750774]",6.994705335787316e-05,7.75744257271418e-05,True
"[0.07319476868138912, 0.09360176585269005, 0.4093624833498013, 0.6694467498530259, 1.0947728947252522]",0.00017282886532746713,0.000185281150639084,True
"[0.07319476868138912, 0.09360176585269005, 0.4093624833498013, 0.6694467498530259, 1.4]",0.0002798546676971642,0.0002963198891802453,True
"[0.07319476868138912, 0.09360176585269005, 0.4093624833498013, 0.8560912078750774, 1.0947728947252522]",0.00028368519813891857,0.000321355475581664,True
"[0.07319476868138912, 0.09360176585269005, 0.4093624833498013, 0.8560912078750774, 1.4]",0.0005466907800779015,0.0005843849420564935,True
"[0.07319476868138912, 0.09360176585269005, 0.4093624833498013, 1.0947728947252522, 1.4]",0.0007239986809452034,0.000833039706791267,True
"[0.07319476868138912, 0.09360176585269005, 0.5234943972864351, 0.6694467498530259, 0.8560912078750774]",2.5062485012423187e-05,2.852922059222383e-05,True
"[0.07319476868138912, 0.09360176585269005, 0.5234943972864351, 0.6694467498530259, 1.0947728947252522]",7.850885553400933e-05,8.79036544420351e-05,True
"[0.07319476868138912, 0.09360176585269005, 0.5234943972864351, 0.6694467498530259, 1.4]",0.00014908777679020944,0.00016557832412768757,True
"[0.07319476868138912, 0.09360176585269005, 0.5234943972864351, 0.8560912078750774, 1.0947728947252522]",0.00020666860402071858,0.0002488816038379165,True
"[0.07319476868138912, 0.09360176585269005, 0.5234943972864351, 0.8560912078750774, 1.4]",0.0005154208221647933,0.000583627626130236,True
"[0.07319476868138912, 0.09360176585269005, 0.5234943972864351, 1.0947728947252522, 1.4]",0.0007276476771849943,0.0009229162353923027,True
"[0.07319476868138912, 0.09360176585269005, 0.6694467498530259, 0.8560912078750774, 1.0947728947252522]",6.829600427024267e-05,8.558867382645227e-05,True
"[0.07319476868138912, 0.09360176585269005, 0.6694467498530259, 0.8560912078750774, 1.4]",0.0002116687754680859,0.00025764642093247604,True
"[0.07319476868138912, 0.09360176585269005, 0.6694467498530259, 1.0947728947252522, 1.4]",0.0004734913194617531,0.0006617970562502065,True
"[0.07319476868138912, 0.09360176585269005, 0.8560912078750774, 1.0947728947252522, 1.4]",0.00014388363571203147,0.00021256184088161103,True
"[0.07319476868138912, 0.11969831626736879, 0.15307069035205895, 0.1957474171359199, 0.25032258773548044]",1.3487183727859135e-08,1.3581792958353318e-08,True
"[0.07319476868138912, 0.11969831626736879, 0.15307069035205895, 0.1957474171359199, 0.3201135363491284]",3.920223647116195e-08,3.943439365461142e-08,True
"[0.07319476868138912, 0.11969831626736879, 0.15307069035205895, 0.1957474171359199, 0.4093624833498013]",8.10217606140507e-08,8.146848841823768e-08,True
"[0.07319476868138912, 0.11969831626736879, 0.15307069035205895, 0.1957474171359199, 0.5234943972864351]",1.446869338017734e-07,1.454526815714973e-07,True
"[0.07319476868138912, 0.11969831626736879, 0.15307069035205895, 0.1957474171359199, 0.6694467498530259]",2.3389759544772233e-07,2.3515197361437446e-07,True
"[0.07319476868138912, 0.11969831626736879, 0.15307069035205895, 0.1957474171359199, 0.8560912078750774]",3.483700692871144e-07,3.502938355644286e-07,True
"[0.07319476868138912, 0.11969831626736879, 0.15307069035205895, 0.1957474171359199, 1.0947728947252522]",4.82387124758104e-07,4.851386083289189e-07,True
"[0.07319476868138912, 0.11969831626736879, 0.15307069035205895, 0.1957474171359199, 1.4]",6.25622835059997e-07,6.293037992506068e-07,True
"[0.07319476868138912, 0.11969831626736879, 0.15307069035205895, 0.25032258773548044, 0.3201135363491284]",1.1881924510242401e-07,1.1984032225912932e-07,True
"[0.07319476868138912, 0.11969831626736879, 0.15307069035205895, 0.25032258773548044, 0.4093624833498013]",2.74996680406156e-07,2.766367677656375e-07,True
"[0.07319476868138912, 0.11969831626736879, 0.15307069035205895, 0.25032258773548044, 0.5234943972864351]",4.919873263643119e-07,4.946849052398769e-07,True
"[0.07319476868138912, 0.11969831626736879, 0.15307069035205895, 0.25032258773548044, 0.6694467498530259]",7.888586542361703e-07,7.932399127638279e-07,True
"[0.07319476868138912, 0.11969831626736879, 0.15307069035205895, 0.25032258773548044, 0.8560912078750774]",1.1662563968239057e-06,1.1729666562855894e-06,True
"[0.07319476868138912, 0.11969831626736879, 0.15307069035205895, 0.25032258773548044, 1.0947728947252522]",1.6072507374284746e-06,1.616904660233289e-06,True
"[0.07319476868138912, 0.11969831626736879, 0.15307069035205895, 0.25032258773548044, 1.4]",2.08049865749032e-06,2.093537026797169e-06,True
"[0.07319476868138912, 0.11969831626736879, 0.15307069035205895, 0.3201135363491284, 0.4093624833498013]",5.865171806494487e-07,5.913988066335657e-07,True
"[0.07319476868138912, 0.11969831626736879, 0.15307069035205895, 0.3201135363491284, 0.5234943972864351]",1.101007198892033e-06,1.1074725632317902e-06,True
"[0.07319476868138912, 0.11969831626736879, 0.15307069035205895, 0.3201135363491284, 0.6694467498530259]",1.7574138928180895e-06,1.7676580289909384e-06,True
"[0.07319476868138912, 0.11969831626736879, 0.15307069035205895, 0.3201135363491284, 0.8560912078750774]",2.5826018012713632e-06,2.5983179747569315e-06,True
"[0.07319476868138912, 0.11969831626736879, 0.15307069035205895, 0.3201135363491284, 1.0947728947252522]",3.546071860259485e-06,3.568890345977312e-06,True
"[0.07319476868138912, 0.11969831626736879, 0.15307069035205895, 0.3201135363491284, 1.4]",4.584964451965135e-06,4.6161422628808795e-06,True
"[0.07319476868138912, 0.11969831626736879, 0.15307069035205895, 0.4093624833498013, 0.5234943972864351]",2.003403294550416e-06,2.0184615042152357e-06,True
"[0.07319476868138912, 0.11969831626736879, 0.15307069035205895, 0.4093624833498013, 0.6694467498530259]",3.2686186572171366e-06,3.2896748112090636e-06,True
"[0.07319476868138912, 0.11969831626736879, 0.15307069035205895, 0.4093624833498013, 0.8560912078750774]",4.793676755186577e-06,4.825691072348374e-06,True
"[0.07319476868138912, 0.11969831626736879, 0.15307069035205895, 0.4093624833498013, 1.0947728947252522]",6.5700833198756925e-06,6.616897028174598e-06,True
"[0.07319476868138912, 0.11969831626736879, 0.15307069035205895, 0.4093624833498013, 1.4]",8.494873259013846e-06,8.559515085895476e-06,True
"[0.07319476868138912, 0.11969831626736879, 0.15307069035205895, 0.5234943972864351, 0.6694467498530259]",5.399085000664964e-06,5.442500134318766e-06,True
"[0.07319476868138912, 0.11969831626736879, 0.15307069035205895, 0.5234943972864351, 0.8560912078750774]",8.003326837309729e-06,8.063838084306732e-06,True
"[0.07319476868138912, 0.11969831626736879, 0.15307069035205895, 0.5234943972864351, 1.0947728947252522]",1.0968126243466363e-05,1.1056422419414759e-05,True
"[0.07319476868138912, 0.11969831626736879, 0.15307069035205895, 0.5234943972864351, 1.4]",1.4189347618092552e-05,1.4312202736834376e-05,True
"[0.07319476868138912, 0.11969831626736879, 0.15307069035205895, 0.6694467498530259, 0.8560912078750774]",1.2279241630431911e-05,1.2392390388785964e-05,True
"[0.07319476868138912, 0.11969831626736879, 0.15307069035205895, 0.6694467498530259, 1.0947728947252522]",1.69310433181305e-05,1.7087135467893804e-05,True
"[0.07319476868138912, 0.11969831626736879, 0.15307069035205895, 0.6694467498530259, 1.4]",2.1926210659709017e-05,2.2143527850978806e-05,True
"[0.07319476868138912, 0.11969831626736879, 0.15307069035205895, 0.8560912078750774, 1.0947728947252522]",2.4386668291105844e-05,2.4654908843732472e-05,True
"[0.07319476868138912, 0.11969831626736879, 0.15307069035205895, 0.8560912078750774, 1.4]",3.1704963558829575e-05,3.206494044086049e-05,True
"[0.07319476868138912, 0.11969831626736879, 0.15307069035205895, 1.0947728947252522, 1.4]",4.3118159137663994e-05,4.369031106023091e-05,True
"[0.07319476868138912, 0.11969831626736879, 0.1957474171359199, 0.25032258773548044, 0.3201135363491284]",8.96654167950253e-08,9.057559656743008e-08,True
"[0.07319476868138912, 0.11969831626736879, 0.1957474171359199, 0.25032258773548044, 0.4093624833498013]",2.425515402806706e-07,2.4486283411058597e-07,True
"[0.07319476868138912, 0.11969831626736879, 0.1957474171359199, 0.25032258773548044, 0.5234943972864351]",4.829747778697208e-07,4.874714768276492e-07,True
"[0.07319476868138912, 0.11969831626736879, 0.1957474171359199, 0.25032258773548044, 0.6694467498530259]",8.306377127344376e-07,8.382681740777518e-07,True
"[0.07319476868138912, 0.11969831626736879, 0.1957474171359199, 0.25032258773548044, 0.8560912078750774]",1.288128015469895e-06,1.2998337037178577e-06,True
"[0.07319476868138912, 0.11969831626736879, 0.1957474171359199, 0.25032258773548044, 1.0947728947252522]",1.8353069662237381e-06,1.852432019576482e-06,True
"[0.07319476868138912, 0.11969831626736879, 0.1957474171359199, 0.25032258773548044, 1.4]",2.4329329274155935e-06,2.456321920704074e-06,True
"[0.07319476868138912, 0.11969831626736879, 0.1957474171359199, 0.3201135363491284, 0.4093624833498013]",7.347669907157484e-07,7.464361148035709e-07,True
"[0.07319476868138912, 0.11969831626736879, 0.1957474171359199, 0.3201135363491284, 0.5234943972864351]",1.7285073555122285e-06,1.748146912551292e-06,True
"[0.07319476868138912, 0.11969831626736879, 0.1957474171359199, 0.3201135363491284, 0.6694467498530259]",3.038437251224023e-06,3.0688875820736834e-06,True
"[0.07319476868138912, 0.11969831626736879, 0.1957474171359199, 0.3201135363491284, 0.8560912078750774]",4.719818282159011e-06,4.766711880230694e-06,True
"[0.07319476868138912, 0.11969831626736879, 0.1957474171359199, 0.3201135363491284, 1.0947728947252522]",6.717900186637567e-06,6.786395409225528e-06,True
"[0.07319476868138912, 0.11969831626736879, 0.1957474171359199, 0.3201135363491284, 1.4]",8.904622573812504e-06,8.998285700115012e-06,True
"[0.07319476868138912, 0.11969831626736879, 0.1957474171359199, 0.4093624833498013, 0.5234943972864351]",3.643797607679443e-06,3.706022601961669e-06,True
"[0.07319476868138912, 0.11969831626736879, 0.1957474171359199, 0.4093624833498013, 0.6694467498530259]",6.898741529918118e-06,6.972809622608789e-06,True
"[0.07319476868138912, 0.11969831626736879, 0.1957474171359199, 0.4093624833498013, 0.8560912078750774]",1.070193655763171e-05,1.0813848399147621e-05,True
"[0.07319476868138912, 0.11969831626736879, 0.1957474171359199, 0.4093624833498013, 1.0947728947252522]",1.5157188492430032e-05,1.5319863554041033e-05,True
"[0.07319476868138912, 0.11969831626736879, 0.1957474171359199, 0.4093624833498013, 1.4]",2.003182552461292e-05,2.0255413018129908e-05,True
"[0.07319476868138912, 0.11969831626736879, 0.1957474171359199, 0.5234943972864351, 0.6694467498530259]",1.216068824919948e-05,1.2359234800634564e-05,True
"[0.07319476868138912, 0.11969831626736879, 0.1957474171359199, 0.5234943972864351, 0.8560912078750774]",1.961689405385554e-05,1.9843712037546925e-05,True
"[0.07319476868138912, 0.11969831626736879, 0.1957474171359199, 0.5234943972864351, 1.0947728947252522]",2.7776951345311132e-05,2.810100871192722e-05,True
"[0.07319476868138912, 0.11969831626736879, 0.1957474171359199, 0.5234943972864351, 1.4]",3.666493087491746e-05,3.7111967862156005e-05,True
"[0.07319476868138912, 0.11969831626736879, 0.1957474171359199, 0.6694467498530259, 0.8560912078750774]",3.117675823338102e-05,3.166132895954848e-05,True
"[0.07319476868138912, 0.11969831626736879, 0.1957474171359199, 0.6694467498530259, 1.0947728947252522]",4.508409044133676e-05,4.567681210260672e-05,True
"[0.07319476868138912, 0.11969831626736879, 0.1957474171359199, 0.6694467498530259, 1.4]",5.957852470605389e-05,6.0388962975530586e-05,True
"[0.07319476868138912, 0.11969831626736879, 0.1957474171359199, 0.8560912078750774, 1.0947728947252522]",6.637324916893372e-05,6.746744595683888e-05,True
"[0.07319476868138912, 0.11969831626736879, 0.1957474171359199, 0.8560912078750774, 1.4]",8.877347536974748e-05,9.014433810009566e-05,True
"[0.07319476868138912, 0.11969831626736879, 0.1957474171359199, 1.0947728947252522, 1.4]",0.000122500932566909,0.00012480347290030913,True
"[0.07319476868138912, 0.11969831626736879, 0.25032258773548044, 0.3201135363491284, 0.4093624833498013]",4.5508348279163075e-07,4.633142915475062e-07,True
"[0.07319476868138912, 0.11969831626736879, 0.25032258773548044, 0.3201135363491284, 0.5234943972864351]",1.2532159746181755e-06,1.2756400460064388e-06,True
"[0.07319476868138912, 0.11969831626736879, 0.25032258773548044, 0.3201135363491284, 0.6694467498530259]",2.4759837546394673e-06,2.5197117092902e-06,True
"[0.07319476868138912, 0.11969831626736879, 0.25032258773548044, 0.3201135363491284, 0.8560912078750774]",4.15617013938426e-06,4.22879705026225e-06,True
"[0.07319476868138912, 0.11969831626736879, 0.25032258773548044, 0.3201135363491284, 1.0947728947252522]",6.236843738367424e-06,6.344854640688297e-06,True
"[0.07319476868138912, 0.11969831626736879, 0.25032258773548044, 0.3201135363491284, 1.4]",8.578720785627786e-06,8.72619113455002e-06,True
"[0.07319476868138912, 0.11969831626736879, 0.25032258773548044, 0.4093624833498013, 0.5234943972864351]",3.924516483788838e-06,4.0433624840921885e-06,True
"[0.07319476868138912, 0.11969831626736879, 0.25032258773548044, 0.4093624833498013, 0.6694467498530259]",9.437233681435697e-06,9.64027149789991e-06,True
"[0.07319476868138912, 0.11969831626736879, 0.25032258773548044, 0.4093624833498013, 0.8560912078750774]",1.623133105976456e-05,1.653461449097211e-05,True
"[0.07319476868138912, 0.11969831626736879, 0.25032258773548044, 0.4093624833498013, 1.0947728947252522]",2.4376722967262823e-05,2.480033658994339e-05,True
"[0.07319476868138912, 0.11969831626736879, 0.25032258773548044, 0.4093624833498013, 1.4]",3.3434835895791345e-05,3.400725331293397e-05,True
"[0.07319476868138912, 0.11969831626736879, 0.25032258773548044, 0.5234943972864351, 0.6694467498530259]",1.9042917796689985e-05,1.9695648335921093e-05,True
"[0.07319476868138912, 0.11969831626736879, 0.25032258773548044, 0.5234943972864351, 0.8560912078750774]",3.624591023388407e-05,3.6982593913868185e-05,True
"[0.07319476868138912, 0.11969831626736879, 0.25032258773548044, 0.5234943972864351, 1.0947728947252522]",5.4454870516293616e-05,5.5410500796037004e-05,True
"[0.07319476868138912, 0.11969831626736879, 0.25032258773548044, 0.5234943972864351, 1.4]",7.419762051160832e-05,7.551083192869885e-05,True
"[0.07319476868138912, 0.11969831626736879, 0.25032258773548044, 0.6694467498530259, 0.8560912078750774]",6.006283127798698e-05,6.213565752375315e-05,True
"[0.07319476868138912, 0.11969831626736879, 0.25032258773548044, 0.6694467498530259, 1.0947728947252522]",9.602475776841373e-05,9.789100114940371e-05,True
"[0.07319476868138912, 0.11969831626736879, 0.25032258773548044, 0.6694467498530259, 1.4]",0.0001309527442635394,0.0001334489607111569,True
"[0.07319476868138912, 0.11969831626736879, 0.25032258773548044, 0.8560912078750774, 1.0947728947252522]",0.00014286940242547893,0.0001478055941147524,True
"[0.07319476868138912, 0.11969831626736879, 0.25032258773548044, 0.8560912078750774, 1.4]",0.00020296866964017695,0.0002073217050299546,True
"[0.07319476868138912, 0.11969831626736879, 0.25032258773548044, 1.0947728947252522, 1.4]",0.00028014750031508527,0.00029036329129483143,True
"[0.07319476868138912, 0.11969831626736879, 0.3201135363491284, 0.4093624833498013, 0.5234943972864351]",2.006866653241099e-06,2.076679642552127e-06,True
"[0.07319476868138912, 0.11969831626736879, 0.3201135363491284, 0.4093624833498013, 0.6694467498530259]",5.736119824919818e-06,5.93063751006571e-06,True
"[0.07319476868138912, 0.11969831626736879, 0.3201135363491284, 0.4093624833498013, 0.8560912078750774]",1.1218953471250658e-05,1.1589192729554294e-05,True
"[0.07319476868138912, 0.11969831626736879, 0.3201135363491284, 0.4093624833498013, 1.0947728947252522]",1.8331195553788784e-05,1.8924407153649673e-05,True
"[0.07319476868138912, 0.11969831626736879, 0.3201135363491284, 0.4093624833498013, 1.4]",2.6627243171351793e-05,2.747676177822777e-05,True
"[0.07319476868138912, 0.11969831626736879, 0.3201135363491284, 0.5234943972864351, 0.6694467498530259]",1.7774007785037148e-05,1.8786479849694026e-05,True
"[0.07319476868138912, 0.11969831626736879, 0.3201135363491284, 0.5234943972864351, 0.8560912078750774]",4.32414085903875e-05,4.495397939377021e-05,True
"[0.07319476868138912, 0.11969831626736879, 0.3201135363491284, 0.5234943972864351, 1.0947728947252522]",7.230242737224436e-05,7.473746541864407e-05,True
"[0.07319476868138912, 0.11969831626736879, 0.3201135363491284, 0.5234943972864351, 1.4]",0.00010471928750897274,0.00010795846834262657,True
"[0.07319476868138912, 0.11969831626736879, 0.3201135363491284, 0.6694467498530259, 0.8560912078750774]",8.058142952299518e-05,8.603249294420361e-05,True
"[0.07319476868138912, 0.11969831626736879, 0.3201135363491284, 0.6694467498530259, 1.0947728947252522]",0.00015417429325082947,0.00016003458021598488,True
"[0.07319476868138912, 0.11969831626736879, 0.3201135363491284, 0.6694467498530259, 1.4]",0.00022424175107147414,0.00023106632857981455,True
"[0.07319476868138912, 0.11969831626736879, 0.3201135363491284, 0.8560912078750774, 1.0947728947252522]",0.0002335579402329105,0.00025053814024855617,True
"[0.07319476868138912, 0.11969831626736879, 0.3201135363491284, 0.8560912078750774, 1.4]",0.00037334640988604176,0.00038697480642033074,True
"[0.07319476868138912, 0.11969831626736879, 0.3201135363491284, 1.0947728947252522, 1.4]",0.0005075053132933463,0.0005471411924476181,True
"[0.07319476868138912, 0.11969831626736879, 0.4093624833498013, 0.5234943972864351, 0.6694467498530259]",7.770882517047811e-06,8.288338894965565e-06,True
"[0.07319476868138912, 0.11969831626736879, 0.4093624833498013, 0.5234943972864351, 0.8560912078750774]",2.277777369237022e-05,2.4207921316399098e-05,True
"[0.07319476868138912, 0.11969831626736879, 0.4093624833498013, 0.5234943972864351, 1.0947728947252522]",4.371856721997533e-05,4.634553415343854e-05,True
"[0.07319476868138912, 0.11969831626736879, 0.4093624833498013, 0.5234943972864351, 1.4]",6.931734609426555e-05,7.336330358820779e-05,True
"[0.07319476868138912, 0.11969831626736879, 0.4093624833498013, 0.6694467498530259, 0.8560912078750774]",6.631208743071859e-05,7.340234226720317e-05,True
"[0.07319476868138912, 0.11969831626736879, 0.4093624833498013, 0.6694467498530259, 1.0947728947252522]",0.00016287961484983665,0.00017472300113966112,True
"[0.07319476868138912, 0.11969831626736879, 0.4093624833498013, 0.6694467498530259, 1.4]",0.0002649131502672743,0.00028093696412282896,True
"[0.07319476868138912, 0.11969831626736879, 0.4093624833498013, 0.8560912078750774, 1.0947728947252522]",0.0002712290563952342,0.00030782774309260567,True
"[0.07319476868138912, 0.11969831626736879, 0.4093624833498013, 0.8560912078750774, 1.4]",0.0005288134601021935,0.0005670861843399917,True
"[0.07319476868138912, 0.11969831626736879, 0.4093624833498013, 1.0947728947252522, 1.4]",0.0007084147580410807,0.0008200458167070457,True
"[0.07319476868138912, 0.11969831626736879, 0.5234943972864351, 0.6694467498530259, 0.8560912078750774]",2.55765078246732e-05,2.878753164400564e-05,True
"[0.07319476868138912, 0.11969831626736879, 0.5234943972864351, 0.6694467498530259, 1.0947728947252522]",7.581530207504084e-05,8.454118208153907e-05,True
"[0.07319476868138912, 0.11969831626736879, 0.5234943972864351, 0.6694467498530259, 1.4]",0.00014224928536218223,0.00015771064018698205,True
"[0.07319476868138912, 0.11969831626736879, 0.5234943972864351, 0.8560912078750774, 1.0947728947252522]",0.00019800094919992633,0.00023834734023321424,True
"[0.07319476868138912, 0.11969831626736879, 0.5234943972864351, 0.8560912078750774, 1.4]",0.0004963651298298117,0.0005640244766943412,True
"[0.07319476868138912, 0.11969831626736879, 0.5234943972864351, 1.0947728947252522, 1.4]",0.0007093831603297508,0.0009068667962128989,True
"[0.07319476868138912, 0.11969831626736879, 0.6694467498530259, 0.8560912078750774, 1.0947728947252522]",6.866236514322749e-05,8.488089925615632e-05,True
"[0.07319476868138912, 0.11969831626736879, 0.6694467498530259, 0.8560912078750774, 1.4]",0.00020457913234706165,0.00024810054303889967,True
"[0.07319476868138912, 0.11969831626736879, 0.6694467498530259, 1.0947728947252522, 1.4]",0.0004576783245137426,0.000641022721315988,True
"[0.07319476868138912, 0.11969831626736879, 0.8560912078750774, 1.0947728947252522, 1.4]",0.00014442252501101438,0.0002095056425119714,True
"[0.07319476868138912, 0.15307069035205895, 0.1957474171359199, 0.25032258773548044, 0.3201135363491284]",1.139276897781848e-07,1.152633182601157e-07,True
"[0.07319476868138912, 0.15307069035205895, 0.1957474171359199, 0.25032258773548044, 0.4093624833498013]",3.2263629385935313e-07,3.2569764860002014e-07,True
"[0.07319476868138912, 0.15307069035205895, 0.1957474171359199, 0.25032258773548044, 0.5234943972864351]",6.361498781807384e-07,6.416029012844008e-07,True
"[0.07319476868138912, 0.15307069035205895, 0.1957474171359199, 0.25032258773548044, 0.6694467498530259]",1.0771958316219293e-06,1.0858915358567714e-06,True
"[0.07319476868138912, 0.15307069035205895, 0.1957474171359199, 0.25032258773548044, 0.8560912078750774]",1.646781132441474e-06,1.6601323507819777e-06,True
"[0.07319476868138912, 0.15307069035205895, 0.1957474171359199, 0.25032258773548044, 1.0947728947252522]",2.3199465566395754e-06,2.339248079747434e-06,True
"[0.07319476868138912, 0.15307069035205895, 0.1957474171359199, 0.25032258773548044, 1.4]",3.0489083161512697e-06,3.0750042523360226e-06,True
"[0.07319476868138912, 0.15307069035205895, 0.1957474171359199, 0.3201135363491284, 0.4093624833498013]",8.501775632848745e-07,8.62748361081201e-07,True
"[0.07319476868138912, 0.15307069035205895, 0.1957474171359199, 0.3201135363491284, 0.5234943972864351]",1.9152547059792294e-06,1.9333822142402783e-06,True
"[0.07319476868138912, 0.15307069035205895, 0.1957474171359199, 0.3201135363491284, 0.6694467498530259]",3.2479794410477455e-06,3.2752540000271802e-06,True
"[0.07319476868138912, 0.15307069035205895, 0.1957474171359199, 0.3201135363491284, 0.8560912078750774]",4.918100405497198e-06,4.959765002851903e-06,True
"[0.07319476868138912, 0.15307069035205895, 0.1957474171359199, 0.3201135363491284, 1.0947728947252522]",6.87449906399555e-06,6.934721808603044e-06,True
"[0.07319476868138912, 0.15307069035205895, 0.1957474171359199, 0.3201135363491284, 1.4]",8.99456950420075e-06,9.076604647482434e-06,True
"[0.07319476868138912, 0.15307069035205895, 0.1957474171359199, 0.4093624833498013, 0.5234943972864351]",3.7016638490296492e-06,3.7555468829877293e-06,True
"[0.07319476868138912, 0.15307069035205895, 0.1957474171359199, 0.4093624833498013, 0.6694467498530259]",6.685033398960724e-06,6.746516412584742e-06,True
"[0.07319476868138912, 0.15307069035205895, 0.1957474171359199, 0.4093624833498013, 0.8560912078750774]",1.0091535899066932e-05,1.0182819547643128e-05,True
"[0.07319476868138912, 0.15307069035205895, 0.1957474171359199, 0.4093624833498013, 1.0947728947252522]",1.403446130544719e-05,1.4166679542982062e-05,True
"[0.07319476868138912, 0.15307069035205895, 0.1957474171359199, 0.4093624833498013, 1.4]",1.8313787621835705e-05,1.8495690498553356e-05,True
"[0.07319476868138912, 0.15307069035205895, 0.1957474171359199, 0.5234943972864351, 0.6694467498530259]",1.1242843029673703e-05,1.1392008977884022e-05,True
"[0.07319476868138912, 0.15307069035205895, 0.1957474171359199, 0.5234943972864351, 0.8560912078750774]",1.752807055718663e-05,1.7707306120928457e-05,True
"[0.07319476868138912, 0.15307069035205895, 0.1957474171359199, 0.5234943972864351, 1.0947728947252522]",2.4378065976112e-05,2.4634459091858684e-05,True
"[0.07319476868138912, 0.15307069035205895, 0.1957474171359199, 0.5234943972864351, 1.4]",3.179514475226962e-05,3.215003897655205e-05,True
"[0.07319476868138912, 0.15307069035205895, 0.1957474171359199, 0.6694467498530259, 0.8560912078750774]",2.7101094409233622e-05,2.7461515962371244e-05,True
"[0.07319476868138912, 0.15307069035205895, 0.1957474171359199, 0.6694467498530259, 1.0947728947252522]",3.834261962931585e-05,3.880619265794141e-05,True
"[0.07319476868138912, 0.15307069035205895, 0.1957474171359199, 0.6694467498530259, 1.4]",5.00810369878235e-05,5.0718626436117414e-05,True
"[0.07319476868138912, 0.15307069035205895, 0.1957474171359199, 0.8560912078750774, 1.0947728947252522]",5.5468399942348775e-05,5.630141150673082e-05,True
"[0.07319476868138912, 0.15307069035205895, 0.1957474171359199, 0.8560912078750774, 1.4]",7.317602690927012e-05,7.424834121462353e-05,True
"[0.07319476868138912, 0.15307069035205895, 0.1957474171359199, 1.0947728947252522, 1.4]",9.982575332843844e-05,0.00010160055471468238,True
"[0.07319476868138912, 0.15307069035205895, 0.25032258773548044, 0.3201135363491284, 0.4093624833498013]",6.60118639577959e-07,6.701095046979526e-07,True
"[0.07319476868138912, 0.15307069035205895, 0.25032258773548044, 0.3201135363491284, 0.5234943972864351]",1.6252792936006845e-06,1.6478026961486902e-06,True
"[0.07319476868138912, 0.15307069035205895, 0.25032258773548044, 0.3201135363491284, 0.6694467498530259]",2.997529254183395e-06,3.037874879771022e-06,True
"[0.07319476868138912, 0.15307069035205895, 0.25032258773548044, 0.3201135363491284, 0.8560912078750774]",4.814197422398087e-06,4.878165906681417e-06,True
"[0.07319476868138912, 0.15307069035205895, 0.25032258773548044, 0.3201135363491284, 1.0947728947252522]",7.013545894886863e-06,7.106031371464745e-06,True
"[0.07319476868138912, 0.15307069035205895, 0.25032258773548044, 0.3201135363491284, 1.4]",9.44821602876024e-06,9.576307297145371e-06,True
"[0.07319476868138912, 0.15307069035205895, 0.25032258773548044, 0.4093624833498013, 0.5234943972864351]",4.114850723892362e-06,4.2214585715548116e-06,True
"[0.07319476868138912, 0.15307069035205895, 0.25032258773548044, 0.4093624833498013, 0.6694467498530259]",9.175433283972351e-06,9.340167107435867e-06,True
"[0.07319476868138912, 0.15307069035205895, 0.25032258773548044, 0.4093624833498013, 0.8560912078750774]",1.521653122480507e-05,1.5454003300756354e-05,True
"[0.07319476868138912, 0.15307069035205895, 0.25032258773548044, 0.4093624833498013, 1.0947728947252522]",2.2352811190564518e-05,2.2693558212514082e-05,True
"[0.07319476868138912, 0.15307069035205895, 0.25032258773548044, 0.4093624833498013, 1.4]",3.0228060502496865e-05,3.070153951502562e-05,True
"[0.07319476868138912, 0.15307069035205895, 0.25032258773548044, 0.5234943972864351, 0.6694467498530259]",1.7511485161158043e-05,1.8032735294471963e-05,True
"[0.07319476868138912, 0.15307069035205895, 0.25032258773548044, 0.5234943972864351, 0.8560912078750774]",3.190149449689893e-05,3.2464085225571507e-05,True
"[0.07319476868138912, 0.15307069035205895, 0.25032258773548044, 0.5234943972864351, 1.0947728947252522]",4.705319991688036e-05,4.783062960581026e-05,True
"[0.07319476868138912, 0.15307069035205895, 0.25032258773548044, 0.5234943972864351, 1.4]",6.350642230974305e-05,6.458107654293856e-05,True
"[0.07319476868138912, 0.15307069035205895, 0.25032258773548044, 0.6694467498530259, 0.8560912078750774]",5.2088132886767366e-05,5.3659500679836175e-05,True
"[0.07319476868138912, 0.15307069035205895, 0.25032258773548044, 0.6694467498530259, 1.0947728947252522]",8.120757391406643e-05,8.272326696212137e-05,True
"[0.07319476868138912, 0.15307069035205895, 0.25032258773548044, 0.6694467498530259, 1.4]",0.00010990257559624386,0.00011195381518707972,True
"[0.07319476868138912, 0.15307069035205895, 0.25032258773548044, 0.8560912078750774, 1.0947728947252522]",0.00012073312704150936,0.00012442284702239944,True
"[0.07319476868138912, 0.15307069035205895, 0.25032258773548044, 0.8560912078750774, 1.4]",0.0001691318253349827,0.00017272426920942816,True
"[0.07319476868138912, 0.15307069035205895, 0.25032258773548044, 1.0947728947252522, 1.4]",0.000234289474732491,0.00024194536530503313,True
"[0.07319476868138912, 0.15307069035205895, 0.3201135363491284, 0.4093624833498013, 0.5234943972864351]",2.7390796206902238e-06,2.8085710618267106e-06,True
"[0.07319476868138912, 0.15307069035205895, 0.3201135363491284, 0.4093624833498013, 0.6694467498530259]",6.638506534810577e-06,6.8115811866122814e-06,True
"[0.07319476868138912, 0.15307069035205895, 0.3201135363491284, 0.4093624833498013, 0.8560912078750774]",1.2061642410258704e-05,1.2378754452265985e-05,True
"[0.07319476868138912, 0.15307069035205895, 0.3201135363491284, 0.4093624833498013, 1.0947728947252522]",1.8920145557995485e-05,1.9419698364269844e-05,True
"[0.07319476868138912, 0.15307069035205895, 0.3201135363491284, 0.4093624833498013, 1.4]",2.680653516763085e-05,2.7516012349605187e-05,True
"[0.07319476868138912, 0.15307069035205895, 0.3201135363491284, 0.5234943972864351, 0.6694467498530259]",1.742987175073846e-05,1.830912561150343e-05,True
"[0.07319476868138912, 0.15307069035205895, 0.3201135363491284, 0.5234943972864351, 0.8560912078750774]",3.993535235073675e-05,4.136449803968201e-05,True
"[0.07319476868138912, 0.15307069035205895, 0.3201135363491284, 0.5234943972864351, 1.0947728947252522]",6.534511296340844e-05,6.737058169350376e-05,True
"[0.07319476868138912, 0.15307069035205895, 0.3201135363491284, 0.5234943972864351, 1.4]",9.36571197049232e-05,9.636328979221843e-05,True
"[0.07319476868138912, 0.15307069035205895, 0.3201135363491284, 0.6694467498530259, 0.8560912078750774]",7.31841659559972e-05,7.776662720792687e-05,True
"[0.07319476868138912, 0.15307069035205895, 0.3201135363491284, 0.6694467498530259, 1.0947728947252522]",0.00013646529835596968,0.00014139339839827953,True
"[0.07319476868138912, 0.15307069035205895, 0.3201135363491284, 0.6694467498530259, 1.4]",0.0001973464312274797,0.00020318821915160998,True
"[0.07319476868138912, 0.15307069035205895, 0.3201135363491284, 0.8560912078750774, 1.0947728947252522]",0.00020829368666360756,0.00022257228095596532,True
"[0.07319476868138912, 0.15307069035205895, 0.3201135363491284, 0.8560912078750774, 1.4]",0.0003293938097525504,0.0003411902346059514,True
"[0.07319476868138912, 0.15307069035205895, 0.3201135363491284, 1.0947728947252522, 1.4]",0.0004529442846118069,0.00048677508248348017,True
"[0.07319476868138912, 0.15307069035205895, 0.4093624833498013, 0.5234943972864351, 0.6694467498530259]",9.586672456301856e-06,1.0063493080718093e-05,True
"[0.07319476868138912, 0.15307069035205895, 0.4093624833498013, 0.5234943972864351, 0.8560912078750774]",2.4083301241682023e-05,2.533750570521184e-05,True
"[0.07319476868138912, 0.15307069035205895, 0.4093624833498013, 0.5234943972864351, 1.0947728947252522]",4.368845897783037e-05,4.596563036804904e-05,True
"[0.07319476868138912, 0.15307069035205895, 0.4093624833498013, 0.5234943972864351, 1.4]",6.736590552624053e-05,7.08655462909117e-05,True
"[0.07319476868138912, 0.15307069035205895, 0.4093624833498013, 0.6694467498530259, 0.8560912078750774]",6.339714580108493e-05,6.968310260545253e-05,True
"[0.07319476868138912, 0.15307069035205895, 0.4093624833498013, 0.6694467498530259, 1.0947728947252522]",0.00015001041243439318,0.00016046433059739137,True
"[0.07319476868138912, 0.15307069035205895, 0.4093624833498013, 0.6694467498530259, 1.4]",0.00024188178374176726,0.00025620662889503575,True
"[0.07319476868138912, 0.15307069035205895, 0.4093624833498013, 0.8560912078750774, 1.0947728947252522]",0.0002509985765149893,0.000283883204515544,True
"[0.07319476868138912, 0.15307069035205895, 0.4093624833498013, 0.8560912078750774, 1.4]",0.00048523210285348435,0.0005204524752875761,True
"[0.07319476868138912, 0.15307069035205895, 0.4093624833498013, 1.0947728947252522, 1.4]",0.0006594665081807895,0.0007628810867846788,True
"[0.07319476868138912, 0.15307069035205895, 0.5234943972864351, 0.6694467498530259, 0.8560912078750774]",2.91722505326414e-05,3.208990036809048e-05,True
"[0.07319476868138912, 0.15307069035205895, 0.5234943972864351, 0.6694467498530259, 1.0947728947252522]",7.634220709396528e-05,8.412631043993178e-05,True
"[0.07319476868138912, 0.15307069035205895, 0.5234943972864351, 0.6694467498530259, 1.4]",0.00013782292298092783,0.00015162657447084245,True
"[0.07319476868138912, 0.15307069035205895, 0.5234943972864351, 0.8560912078750774, 1.0947728947252522]",0.00018882213895304932,0.00022565214361880488,True
"[0.07319476868138912, 0.15307069035205895, 0.5234943972864351, 0.8560912078750774, 1.4]",0.00046396585107061925,0.000526792149939424,True
"[0.07319476868138912, 0.15307069035205895, 0.5234943972864351, 1.0947728947252522, 1.4]",0.0006708717425684825,0.0008579456678839618,True
"[0.07319476868138912, 0.15307069035205895, 0.6694467498530259, 0.8560912078750774, 1.0947728947252522]",7.495813867718846e-05,8.978861162925187e-05,True
"[0.07319476868138912, 0.15307069035205895, 0.6694467498530259, 0.8560912078750774, 1.4]",0.0002020570374160079,0.0002417091664752234,True
"[0.07319476868138912, 0.15307069035205895, 0.6694467498530259, 1.0947728947252522, 1.4]",0.0004392192280484399,0.0006106002361594557,True
"[0.07319476868138912, 0.15307069035205895, 0.8560912078750774, 1.0947728947252522, 1.4]",0.00015546009866500656,0.00021560392712192042,True
"[0.07319476868138912, 0.1957474171359199, 0.25032258773548044, 0.3201135363491284, 0.4093624833498013]",7.458651802120153e-07,7.604475470011752e-07,True
"[0.07319476868138912, 0.1957474171359199, 0.25032258773548044, 0.3201135363491284, 0.5234943972864351]",2.0283670365247037e-06,2.0593509430074617e-06,True
"[0.07319476868138912, 0.1957474171359199, 0.25032258773548044, 0.3201135363491284, 0.6694467498530259]",3.7899606849251826e-06,3.840904889738895e-06,True
"[0.07319476868138912, 0.1957474171359199, 0.25032258773548044, 0.3201135363491284, 0.8560912078750774]",6.0641349647844e-06,6.139716018538892e-06,True
"[0.07319476868138912, 0.1957474171359199, 0.25032258773548044, 0.3201135363491284, 1.0947728947252522]",8.768071956528958e-06,8.876079771128696e-06,True
"[0.07319476868138912, 0.1957474171359199, 0.25032258773548044, 0.3201135363491284, 1.4]",1.1727705005868466e-05,1.1875519580157154e-05,True
"[0.07319476868138912, 0.1957474171359199, 0.25032258773548044, 0.4093624833498013, 0.5234943972864351]",4.730282876254376e-06,4.849142667919242e-06,True
"[0.07319476868138912, 0.1957474171359199, 0.25032258773548044, 0.4093624833498013, 0.6694467498530259]",1.022749820906311e-05,1.0382668505271452e-05,True
"[0.07319476868138912, 0.1957474171359199, 0.25032258773548044, 0.4093624833498013, 0.8560912078750774]",1.6400115073018946e-05,1.661287090700249e-05,True
"[0.07319476868138912, 0.1957474171359199, 0.25032258773548044, 0.4093624833498013, 1.0947728947252522]",2.3484406964197954e-05,2.3791403412523516e-05,True
"[0.07319476868138912, 0.1957474171359199, 0.25032258773548044, 0.4093624833498013, 1.4]",3.118312140264538e-05,3.160390982118474e-05,True
"[0.07319476868138912, 0.1957474171359199, 0.25032258773548044, 0.5234943972864351, 0.6694467498530259]",1.8015328685394717e-05,1.8473811830730093e-05,True
"[0.07319476868138912, 0.1957474171359199, 0.25032258773548044, 0.5234943972864351, 0.8560912078750774]",3.120498857248188e-05,3.165876483630071e-05,True
"[0.07319476868138912, 0.1957474171359199, 0.25032258773548044, 0.5234943972864351, 1.0947728947252522]",4.466005402375527e-05,4.529600185765458e-05,True
"[0.07319476868138912, 0.1957474171359199, 0.25032258773548044, 0.5234943972864351, 1.4]",5.90863007868807e-05,5.9959451253614526e-05,True
"[0.07319476868138912, 0.1957474171359199, 0.25032258773548044, 0.6694467498530259, 0.8560912078750774]",4.861604405959496e-05,4.979119076192735e-05,True
"[0.07319476868138912, 0.1957474171359199, 0.25032258773548044, 0.6694467498530259, 1.0947728947252522]",7.274171324085615e-05,7.393344342752626e-05,True
"[0.07319476868138912, 0.1957474171359199, 0.25032258773548044, 0.6694467498530259, 1.4]",9.644281654126961e-05,9.805287477491638e-05,True
"[0.07319476868138912, 0.1957474171359199, 0.25032258773548044, 0.8560912078750774, 1.0947728947252522]",0.00010535383710438085,0.00010787607899228465,True
"[0.07319476868138912, 0.1957474171359199, 0.25032258773548044, 0.8560912078750774, 1.4]",0.00014327663655156289,0.0001460453823452274,True
"[0.07319476868138912, 0.1957474171359199, 0.25032258773548044, 1.0947728947252522, 1.4]",0.00019558914024369461,0.00020061028638396756,True
"[0.07319476868138912, 0.1957474171359199, 0.3201135363491284, 0.4093624833498013, 0.5234943972864351]",3.8134636030359208e-06,3.902437006420644e-06,True
"[0.07319476868138912, 0.1957474171359199, 0.3201135363491284, 0.4093624833498013, 0.6694467498530259]",8.617899041951544e-06,8.796794525217533e-06,True
"[0.07319476868138912, 0.1957474171359199, 0.3201135363491284, 0.4093624833498013, 0.8560912078750774]",1.4782243500275746e-05,1.5078248085796938e-05,True
"[0.07319476868138912, 0.1957474171359199, 0.3201135363491284, 0.4093624833498013, 1.0947728947252522]",2.2267642321886023e-05,2.2708651413837466e-05,True
"[0.07319476868138912, 0.1957474171359199, 0.3201135363491284, 0.4093624833498013, 1.4]",3.066623336655087e-05,3.127210173917512e-05,True
"[0.07319476868138912, 0.1957474171359199, 0.3201135363491284, 0.5234943972864351, 0.6694467498530259]",1.870636573111618e-05,1.950529742349563e-05,True
"[0.07319476868138912, 0.1957474171359199, 0.3201135363491284, 0.5234943972864351, 0.8560912078750774]",3.94764680491264e-05,4.062489086238729e-05,True
"[0.07319476868138912, 0.1957474171359199, 0.3201135363491284, 0.5234943972864351, 1.0947728947252522]",6.196870742034683e-05,6.352418318005452e-05,True
"[0.07319476868138912, 0.1957474171359199, 0.3201135363491284, 0.5234943972864351, 1.4]",8.662334143945187e-05,8.86632360623825e-05,True
"[0.07319476868138912, 0.1957474171359199, 0.3201135363491284, 0.6694467498530259, 0.8560912078750774]",6.819555448396259e-05,7.182319260533323e-05,True
"[0.07319476868138912, 0.1957474171359199, 0.3201135363491284, 0.6694467498530259, 1.0947728947252522]",0.00012037188885310203,0.0001240378998839985,True
"[0.07319476868138912, 0.1957474171359199, 0.3201135363491284, 0.6694467498530259, 1.4]",0.0001701143708982886,0.0001745600987759363,True
"[0.07319476868138912, 0.1957474171359199, 0.3201135363491284, 0.8560912078750774, 1.0947728947252522]",0.0001810566291556494,0.00019162546078906894,True
"[0.07319476868138912, 0.1957474171359199, 0.3201135363491284, 0.8560912078750774, 1.4]",0.00027674453977115436,0.00028540952058458583,True
"[0.07319476868138912, 0.1957474171359199, 0.3201135363491284, 1.0947728947252522, 1.4]",0.0003808933672901088,0.00040528045327660727,True
"[0.07319476868138912, 0.1957474171359199, 0.4093624833498013, 0.5234943972864351, 0.6694467498530259]",1.3304426343479507e-05,1.3792819439851216e-05,True
"[0.07319476868138912, 0.1957474171359199, 0.4093624833498013, 0.5234943972864351, 0.8560912078750774]",2.8772700228556255e-05,2.9887952689236297e-05,True
"[0.07319476868138912, 0.1957474171359199, 0.4093624833498013, 0.5234943972864351, 1.0947728947252522]",4.835293309755936e-05,5.0282549750614366e-05,True
"[0.07319476868138912, 0.1957474171359199, 0.4093624833498013, 0.5234943972864351, 1.4]",7.12951583286411e-05,7.419848616939682e-05,True
"[0.07319476868138912, 0.1957474171359199, 0.4093624833498013, 0.6694467498530259, 0.8560912078750774]",6.370968553208387e-05,6.913446119061786e-05,True
"[0.07319476868138912, 0.1957474171359199, 0.4093624833498013, 0.6694467498530259, 1.0947728947252522]",0.00013966542619290285,0.00014821433826703415,True
"[0.07319476868138912, 0.1957474171359199, 0.4093624833498013, 0.6694467498530259, 1.4]",0.00021881089012488577,0.00023042945200075796,True
"[0.07319476868138912, 0.1957474171359199, 0.4093624833498013, 0.8560912078750774, 1.0947728947252522]",0.00022909604589014125,0.00025625277227103927,True
"[0.07319476868138912, 0.1957474171359199, 0.4093624833498013, 0.8560912078750774, 1.4]",0.0004262411353991141,0.0004549585628169831,True
"[0.07319476868138912, 0.1957474171359199, 0.4093624833498013, 1.0947728947252522, 1.4]",0.0005855443665079023,0.0006701645040733746,True
"[0.07319476868138912, 0.1957474171359199, 0.5234943972864351, 0.6694467498530259, 0.8560912078750774]",3.7935672749858895e-05,4.0637837581257116e-05,True
"[0.07319476868138912, 0.1957474171359199, 0.5234943972864351, 0.6694467498530259, 1.0947728947252522]",8.402510597758899e-05,9.076866524464233e-05,True
"[0.07319476868138912, 0.1957474171359199, 0.5234943972864351, 0.6694467498530259, 1.4]",0.00014165910999099264,0.00015341609811759093,True
"[0.07319476868138912, 0.1957474171359199, 0.5234943972864351, 0.8560912078750774, 1.0947728947252522]",0.00018420326493518525,0.00021639149919027402,True
"[0.07319476868138912, 0.1957474171359199, 0.5234943972864351, 0.8560912078750774, 1.4]",0.00042740220801157087,0.0004815092801130761,True
"[0.07319476868138912, 0.1957474171359199, 0.5234943972864351, 1.0947728947252522, 1.4]",0.0006202913686184937,0.0007845499285492662,True
"[0.07319476868138912, 0.1957474171359199, 0.6694467498530259, 0.8560912078750774, 1.0947728947252522]",9.209694446911005e-05,0.00010549886653888557,True
"[0.07319476868138912, 0.1957474171359199, 0.6694467498530259, 0.8560912078750774, 1.4]",0.0002119538017891005,0.0002467460629279137,True
"[0.07319476868138912, 0.1957474171359199, 0.6694467498530259, 1.0947728947252522, 1.4]",0.00042671366515485953,0.0005801815413699243,True
"[0.07319476868138912, 0.1957474171359199, 0.8560912078750774, 1.0947728947252522, 1.4]",0.00018630286280177277,0.00024075907580214283,True
"[0.07319476868138912, 0.25032258773548044, 0.3201135363491284, 0.4093624833498013, 0.5234943972864351]",3.9744620986572994e-06,4.103875374296595e-06,True
"[0.07319476868138912, 0.25032258773548044, 0.3201135363491284, 0.4093624833498013, 0.6694467498530259]",1.025109187726576e-05,1.0503580234833036e-05,True
"[0.07319476868138912, 0.25032258773548044, 0.3201135363491284, 0.4093624833498013, 0.8560912078750774]",1.8067028707107897e-05,1.8449944873625785e-05,True
"[0.07319476868138912, 0.25032258773548044, 0.3201135363491284, 0.4093624833498013, 1.0947728947252522]",2.7311726779628033e-05,2.7842458686836538e-05,True
"[0.07319476868138912, 0.25032258773548044, 0.3201135363491284, 0.4093624833498013, 1.4]",3.7494421961145106e-05,3.819403479291841e-05,True
"[0.07319476868138912, 0.25032258773548044, 0.3201135363491284, 0.5234943972864351, 0.6694467498530259]",2.1232818343248715e-05,2.2138454724096963e-05,True
"[0.07319476868138912, 0.25032258773548044, 0.3201135363491284, 0.5234943972864351, 0.8560912078750774]",4.379402294194809e-05,4.4876348672393016e-05,True
"[0.07319476868138912, 0.25032258773548044, 0.3201135363491284, 0.5234943972864351, 1.0947728947252522]",6.654404685695766e-05,6.787820722920303e-05,True
"[0.07319476868138912, 0.25032258773548044, 0.3201135363491284, 0.5234943972864351, 1.4]",9.05178513209621e-05,9.234539268771408e-05,True
"[0.07319476868138912, 0.25032258773548044, 0.3201135363491284, 0.6694467498530259, 0.8560912078750774]",7.029741191527132e-05,7.347653533410822e-05,True
"[0.07319476868138912, 0.25032258773548044, 0.3201135363491284, 0.6694467498530259, 1.0947728947252522]",0.00011742060305649703,0.00012012213414466993,True
"[0.07319476868138912, 0.25032258773548044, 0.3201135363491284, 0.6694467498530259, 1.4]",0.00016012144676838644,0.0001637051931324513,True
"[0.07319476868138912, 0.25032258773548044, 0.3201135363491284, 0.8560912078750774, 1.0947728947252522]",0.0001688856078007647,0.00017661830921003718,True
"[0.07319476868138912, 0.25032258773548044, 0.3201135363491284, 0.8560912078750774, 1.4]",0.00024525125958884243,0.0002516377487547781,True
"[0.07319476868138912, 0.25032258773548044, 0.3201135363491284, 1.0947728947252522, 1.4]",0.00033037880062303677,0.00034644126602557436,True
"[0.07319476868138912, 0.25032258773548044, 0.4093624833498013, 0.5234943972864351, 0.6694467498530259]",1.780678115123504e-05,1.8457260610951913e-05,True
"[0.07319476868138912, 0.25032258773548044, 0.4093624833498013, 0.5234943972864351, 0.8560912078750774]",3.703279962147914e-05,3.820733916023804e-05,True
"[0.07319476868138912, 0.25032258773548044, 0.4093624833498013, 0.5234943972864351, 1.0947728947252522]",5.932553738906401e-05,6.113376642061817e-05,True
"[0.07319476868138912, 0.25032258773548044, 0.4093624833498013, 0.5234943972864351, 1.4]",8.43078844621558e-05,8.686116220360188e-05,True
"[0.07319476868138912, 0.25032258773548044, 0.4093624833498013, 0.6694467498530259, 0.8560912078750774]",6.949669894410761e-05,7.445751548686646e-05,True
"[0.07319476868138912, 0.25032258773548044, 0.4093624833498013, 0.6694467498530259, 1.0947728947252522]",0.0001393932992534383,0.0001461645031918527,True
"[0.07319476868138912, 0.25032258773548044, 0.4093624833498013, 0.6694467498530259, 1.4]",0.00020844134395137947,0.0002171597151916632,True
"[0.07319476868138912, 0.25032258773548044, 0.4093624833498013, 0.8560912078750774, 1.0947728947252522]",0.0002161406578100577,0.00023738033488061446,True
"[0.07319476868138912, 0.25032258773548044, 0.4093624833498013, 0.8560912078750774, 1.4]",0.0003751260235601974,0.0003958274671182727,True
"[0.07319476868138912, 0.25032258773548044, 0.4093624833498013, 1.0947728947252522, 1.4]",0.0005113010948938653,0.0005722667024211877,True
"[0.07319476868138912, 0.25032258773548044, 0.5234943972864351, 0.6694467498530259, 0.8560912078750774]",5.2779421692679796e-05,5.5627959895272e-05,True
"[0.07319476868138912, 0.25032258773548044, 0.5234943972864351, 0.6694467498530259, 1.0947728947252522]",0.0001027291384398497,0.0001087262752265152,True
"[0.07319476868138912, 0.25032258773548044, 0.5234943972864351, 0.6694467498530259, 1.4]",0.0001605750374298742,0.00017043828050284157,True
"[0.07319476868138912, 0.25032258773548044, 0.5234943972864351, 0.8560912078750774, 1.0947728947252522]",0.0001906499664325978,0.00021827383482855107,True
"[0.07319476868138912, 0.25032258773548044, 0.5234943972864351, 0.8560912078750774, 1.4]",0.00040216408422750203,0.00044548018944076196,True
"[0.07319476868138912, 0.25032258773548044, 0.5234943972864351, 1.0947728947252522, 1.4]",0.0005738138255385192,0.000707247032778861,True
"[0.07319476868138912, 0.25032258773548044, 0.6694467498530259, 0.8560912078750774, 1.0947728947252522]",0.00012499566881580122,0.00013755648984978196,True
"[0.07319476868138912, 0.25032258773548044, 0.6694467498530259, 0.8560912078750774, 1.4]",0.00024396349710831483,0.00027383368866230575,True
"[0.07319476868138912, 0.25032258773548044, 0.6694467498530259, 1.0947728947252522, 1.4]",0.0004322091185321427,0.0005646757894897577,True
"[0.07319476868138912, 0.25032258773548044, 0.8560912078750774, 1.0947728947252522, 1.4]",0.0002479933234312439,0.0002973123396325305,True
"[0.07319476868138912, 0.3201135363491284, 0.4093624833498013, 0.5234943972864351, 0.6694467498530259]",1.744442489469501e-05,1.8395414517937735e-05,True
"[0.07319476868138912, 0.3201135363491284, 0.4093624833498013, 0.5234943972864351, 0.8560912078750774]",4.244887983129825e-05,4.414893551337038e-05,True
"[0.07319476868138912, 0.3201135363491284, 0.4093624833498013, 0.5234943972864351, 1.0947728947252522]",7.060383315510425e-05,7.299206512148491e-05,True
"[0.07319476868138912, 0.3201135363491284, 0.4093624833498013, 0.5234943972864351, 1.4]",0.00010122303209378386,0.00010433832890516388,True
"[0.07319476868138912, 0.3201135363491284, 0.4093624833498013, 0.6694467498530259, 0.8560912078750774]",7.784658212640945e-05,8.355609315402293e-05,True
"[0.07319476868138912, 0.3201135363491284, 0.4093624833498013, 0.6694467498530259, 1.0947728947252522]",0.0001537996540929834,0.00016016294659358207,True
"[0.07319476868138912, 0.3201135363491284, 0.4093624833498013, 0.6694467498530259, 1.4]",0.00022276776702917806,0.00022998355398753614,True
"[0.07319476868138912, 0.3201135363491284, 0.4093624833498013, 0.8560912078750774, 1.0947728947252522]",0.00022353789466860873,0.00024206972228446705,True
"[0.07319476868138912, 0.3201135363491284, 0.4093624833498013, 0.8560912078750774, 1.4]",0.0003643148043835659,0.0003792121677710109,True
"[0.07319476868138912, 0.3201135363491284, 0.4093624833498013, 1.0947728947252522, 1.4]",0.0004791065520565859,0.0005226351938203989,True
"[0.07319476868138912, 0.3201135363491284, 0.5234943972864351, 0.6694467498530259, 0.8560912078750774]",6.819483026323199e-05,7.214548915549719e-05,True
"[0.07319476868138912, 0.3201135363491284, 0.5234943972864351, 0.6694467498530259, 1.0947728947252522]",0.0001310627372010182,0.00013751906469432724,True
"[0.07319476868138912, 0.3201135363491284, 0.5234943972864351, 0.6694467498530259, 1.4]",0.00019715471700326801,0.00020646807124279168,True
"[0.07319476868138912, 0.3201135363491284, 0.5234943972864351, 0.8560912078750774, 1.0947728947252522]",0.00021193547703947063,0.00023748594166981944,True
"[0.07319476868138912, 0.3201135363491284, 0.5234943972864351, 0.8560912078750774, 1.4]",0.00040689179698968084,0.00044082695364920643,True
"[0.07319476868138912, 0.3201135363491284, 0.5234943972864351, 1.0947728947252522, 1.4]",0.0005545555200074298,0.0006584468835968114,True
"[0.07319476868138912, 0.3201135363491284, 0.6694467498530259, 0.8560912078750774, 1.0947728947252522]",0.00017348210356646446,0.00018728788241938283,True
"[0.07319476868138912, 0.3201135363491284, 0.6694467498530259, 0.8560912078750774, 1.4]",0.00030558463168580086,0.00033239239701243225,True
"[0.07319476868138912, 0.3201135363491284, 0.6694467498530259, 1.0947728947252522, 1.4]",0.00046804047395991653,0.000581882761973599,True
"[0.07319476868138912, 0.3201135363491284, 0.8560912078750774, 1.0947728947252522, 1.4]",0.00034887457567935303,0.0003964846389855359,True
"[0.07319476868138912, 0.4093624833498013, 0.5234943972864351, 0.6694467498530259, 0.8560912078750774]",6.297834314422868e-05,6.880793479844454e-05,True
"[0.07319476868138912, 0.4093624833498013, 0.5234943972864351, 0.6694467498530259, 1.0947728947252522]",0.0001451203750043632,0.0001547446062487008,True
"[0.07319476868138912, 0.4093624833498013, 0.5234943972864351, 0.6694467498530259, 1.4]",0.00022905131413850368,0.0002416722262285679,True
"[0.07319476868138912, 0.4093624833498013, 0.5234943972864351, 0.8560912078750774, 1.0947728947252522]",0.0002336000057631178,0.00026375393447916623,True
"[0.07319476868138912, 0.4093624833498013, 0.5234943972864351, 0.8560912078750774, 1.4]",0.000448032100866719,0.00048016292338986437,True
"[0.07319476868138912, 0.4093624833498013, 0.5234943972864351, 1.0947728947252522, 1.4]",0.0005800476274593874,0.0006718106960346631,True
"[0.07319476868138912, 0.4093624833498013, 0.6694467498530259, 0.8560912078750774, 1.0947728947252522]",0.00021598839147994958,0.00023613952272902945,True
"[0.07319476868138912, 0.4093624833498013, 0.6694467498530259, 0.8560912078750774, 1.4]",0.000386502136930025,0.00041646941172679734,True
"[0.07319476868138912, 0.4093624833498013, 0.6694467498530259, 1.0947728947252522, 1.4]",0.0005332145785146752,0.0006414855910465159,True
"[0.07319476868138912, 0.4093624833498013, 0.8560912078750774, 1.0947728947252522, 1.4]",0.00047928911011942967,0.0005353729861598206,True
"[0.07319476868138912, 0.5234943972864351, 0.6694467498530259, 0.8560912078750774, 1.0947728947252522]",0.00018566144296508133,0.00021552323762030564,True
"[0.07319476868138912, 0.5234943972864351, 0.6694467498530259, 0.8560912078750774, 1.4]",0.00041020652801220425,0.0004565415795988858,True
"[0.07319476868138912, 0.5234943972864351, 0.6694467498530259, 1.0947728947252522, 1.4]",0.0005707933270242676,0.0007043702747051914,True
"[0.07319476868138912, 0.5234943972864351, 0.8560912078750774, 1.0947728947252522, 1.4]",0.000567980407725926,0.0006554141999463562,True
"[0.07319476868138912, 0.6694467498530259, 0.8560912078750774, 1.0947728947252522, 1.4]",0.0004409319920112074,0.0005684541217991428,True
"[0.09360176585269005, 0.11969831626736879, 0.15307069035205895, 0.1957474171359199, 0.25032258773548044]",6.1842200126857204e-09,6.228522665079759e-09,True
"[0.09360176585269005, 0.11969831626736879, 0.15307069035205895, 0.1957474171359199, 0.3201135363491284]",1.8133194250768534e-08,1.824890371295684e-08,True
"[0.09360176585269005, 0.11969831626736879, 0.15307069035205895, 0.1957474171359199, 0.4093624833498013]",3.8315661015558696e-08,3.855028233126191e-08,True
"[0.09360176585269005, 0.11969831626736879, 0.15307069035205895, 0.1957474171359199, 0.5234943972864351]",6.970384359853875e-08,7.012102020020242e-08,True
"[0.09360176585269005, 0.11969831626736879, 0.15307069035205895, 0.1957474171359199, 0.6694467498530259]",1.142986453817329e-07,1.1499892956255653e-07,True
"[0.09360176585269005, 0.11969831626736879, 0.15307069035205895, 0.1957474171359199, 0.8560912078750774]",1.7211431318192174e-07,1.7320467965076863e-07,True
"[0.09360176585269005, 0.11969831626736879, 0.15307069035205895, 0.1957474171359199, 1.0947728947252522]",2.403852693100638e-07,2.4196140802440784e-07,True
"[0.09360176585269005, 0.11969831626736879, 0.15307069035205895, 0.1957474171359199, 1.4]",3.1392611176287925e-07,3.16050956371205e-07,True
"[0.09360176585269005, 0.11969831626736879, 0.15307069035205895, 0.25032258773548044, 0.3201135363491284]",6.538011766770185e-08,6.592820342834816e-08,True
"[0.09360176585269005, 0.11969831626736879, 0.15307069035205895, 0.25032258773548044, 0.4093624833498013]",1.502138817217376e-07,1.5118278242391417e-07,True
"[0.09360176585269005, 0.11969831626736879, 0.15307069035205895, 0.25032258773548044, 0.5234943972864351]",2.7356406056058867e-07,2.7526239436909666e-07,True
"[0.09360176585269005, 0.11969831626736879, 0.15307069035205895, 0.25032258773548044, 0.6694467498530259]",4.4588077991914355e-07,4.487187184479123e-07,True
"[0.09360176585269005, 0.11969831626736879, 0.15307069035205895, 0.25032258773548044, 0.8560912078750774]",6.678233781804733e-07,6.722427300836025e-07,True
"[0.09360176585269005, 0.11969831626736879, 0.15307069035205895, 0.25032258773548044, 1.0947728947252522]",9.297152937678432e-07,9.361370160301617e-07,True
"[0.09360176585269005, 0.11969831626736879, 0.15307069035205895, 0.25032258773548044, 1.4]",1.2130328319521077e-06,1.2217600063436488e-06,True
"[0.09360176585269005, 0.11969831626736879, 0.15307069035205895, 0.3201135363491284, 0.4093624833498013]",3.497856007075886e-07,3.526386212725994e-07,True
"[0.09360176585269005, 0.11969831626736879, 0.15307069035205895, 0.3201135363491284, 0.5234943972864351]",6.590710158877003e-07,6.634110535510761e-07,True
"[0.09360176585269005, 0.11969831626736879, 0.15307069035205895, 0.3201135363491284, 0.6694467498530259]",1.0699423313585182e-06,1.0770897994839457e-06,True
"[0.09360176585269005, 0.11969831626736879, 0.15307069035205895, 0.3201135363491284, 0.8560912078750774]",1.5948294946948605e-06,1.6059862860432012e-06,True
"[0.09360176585269005, 0.11969831626736879, 0.15307069035205895, 0.3201135363491284, 1.0947728947252522]",2.2141027161723147e-06,2.2304396355231137e-06,True
"[0.09360176585269005, 0.11969831626736879, 0.15307069035205895, 0.3201135363491284, 1.4]",2.8872180163212264e-06,2.909638853425598e-06,True
"[0.09360176585269005, 0.11969831626736879, 0.15307069035205895, 0.4093624833498013, 0.5234943972864351]",1.2667256529740207e-06,1.2767394045924682e-06,True
"[0.09360176585269005, 0.11969831626736879, 0.15307069035205895, 0.4093624833498013, 0.6694467498530259]",2.0881123719810035e-06,2.1033022287864268e-06,True
"[0.09360176585269005, 0.11969831626736879, 0.15307069035205895, 0.4093624833498013, 0.8560912078750774]",3.1062896446807764e-06,3.1299063042570405e-06,True
"[0.09360176585269005, 0.11969831626736879, 0.15307069035205895, 0.4093624833498013, 1.0947728947252522]",4.306063514271669e-06,4.340883723202542e-06,True
"[0.09360176585269005, 0.11969831626736879, 0.15307069035205895, 0.4093624833498013, 1.4]",5.6164292037251325e-06,5.664676301737257e-06,True
"[0.09360176585269005, 0.11969831626736879, 0.15307069035205895, 0.5234943972864351, 0.6694467498530259]",3.5759698560909574e-06,3.6068352116441917e-06,True
"[0.09360176585269005, 0.11969831626736879, 0.15307069035205895, 0.5234943972864351, 0.8560912078750774]",5.359635641823355e-06,5.404988075460722e-06,True
"[0.09360176585269005, 0.11969831626736879, 0.15307069035205895, 0.5234943972864351, 1.0947728947252522]",7.42811327993705e-06,7.495049103911062e-06,True
"[0.09360176585269005, 0.11969831626736879, 0.15307069035205895, 0.5234943972864351, 1.4]",9.694424231169735e-06,9.787897481570013e-06,True
"[0.09360176585269005, 0.11969831626736879, 0.15307069035205895, 0.6694467498530259, 0.8560912078750774]",8.429077951355076e-06,8.512813843988289e-06,True
"[0.09360176585269005, 0.11969831626736879, 0.15307069035205895, 0.6694467498530259, 1.0947728947252522]",1.1734588774076261e-05,1.185377491164605e-05,True
"[0.09360176585269005, 0.11969831626736879, 0.15307069035205895, 0.6694467498530259, 1.4]",1.5328727847197436e-05,1.5495644345005384e-05,True
"[0.09360176585269005, 0.11969831626736879, 0.15307069035205895, 0.8560912078750774, 1.0947728947252522]",1.7199999502918272e-05,1.740287749014708e-05,True
"[0.09360176585269005, 0.11969831626736879, 0.15307069035205895, 0.8560912078750774, 1.4]",2.2536198879566494e-05,2.281361238192817e-05,True
"[0.09360176585269005, 0.11969831626736879, 0.15307069035205895, 1.0947728947252522, 1.4]",3.103921616661926e-05,3.1477085452070215e-05,True
"[0.09360176585269005, 0.11969831626736879, 0.1957474171359199, 0.25032258773548044, 0.3201135363491284]",4.9781295617618096e-08,5.038730756564649e-08,True
"[0.09360176585269005, 0.11969831626736879, 0.1957474171359199, 0.25032258773548044, 0.4093624833498013]",1.4802443463277942e-07,1.4970944532231267e-07,True
"[0.09360176585269005, 0.11969831626736879, 0.1957474171359199, 0.25032258773548044, 0.5234943972864351]",3.0969819076030643e-07,3.1312546232708654e-07,True
"[0.09360176585269005, 0.11969831626736879, 0.1957474171359199, 0.25032258773548044, 0.6694467498530259]",5.491772130319461e-07,5.551507828400806e-07,True
"[0.09360176585269005, 0.11969831626736879, 0.1957474171359199, 0.25032258773548044, 0.8560912078750774]",8.693032385561327e-07,8.786345501069336e-07,True
"[0.09360176585269005, 0.11969831626736879, 0.1957474171359199, 0.25032258773548044, 1.0947728947252522]",1.2568961513605403e-06,1.2704496642419195e-06,True
"[0.09360176585269005, 0.11969831626736879, 0.1957474171359199, 0.25032258773548044, 1.4]",1.6840482846896806e-06,1.7026773433660443e-06,True
"[0.09360176585269005, 0.11969831626736879, 0.1957474171359199, 0.3201135363491284, 0.4093624833498013]",5.40124637545614e-07,5.491334051806585e-07,True
"[0.09360176585269005, 0.11969831626736879, 0.1957474171359199, 0.3201135363491284, 0.5234943972864351]",1.2979859008922812e-06,1.3140342709295944e-06,True
"[0.09360176585269005, 0.11969831626736879, 0.1957474171359199, 0.3201135363491284, 0.6694467498530259]",2.3269387116366715e-06,2.352770348363535e-06,True
"[0.09360176585269005, 0.11969831626736879, 0.1957474171359199, 0.3201135363491284, 0.8560912078750774]",3.6684576856499117e-06,3.7086267957648117e-06,True
"[0.09360176585269005, 0.11969831626736879, 0.1957474171359199, 0.3201135363491284, 1.0947728947252522]",5.278583838761114e-06,5.337809108945521e-06,True
"[0.09360176585269005, 0.11969831626736879, 0.1957474171359199, 0.3201135363491284, 1.4]",7.054070006064829e-06,7.135528685914805e-06,True
"[0.09360176585269005, 0.11969831626736879, 0.1957474171359199, 0.4093624833498013, 0.5234943972864351]",2.919813498400594e-06,2.970655440362018e-06,True
"[0.09360176585269005, 0.11969831626736879, 0.1957474171359199, 0.4093624833498013, 0.6694467498530259]",5.587107187646525e-06,5.651766452355211e-06,True
"[0.09360176585269005, 0.11969831626736879, 0.1957474171359199, 0.4093624833498013, 0.8560912078750774]",8.781885818145318e-06,8.881648883648489e-06,True
"[0.09360176585269005, 0.11969831626736879, 0.1957474171359199, 0.4093624833498013, 1.0947728947252522]",1.2566060389490568e-05,1.2712512166923408e-05,True
"[0.09360176585269005, 0.11969831626736879, 0.1957474171359199, 0.4093624833498013, 1.4]",1.6736609289094638e-05,1.693894279459632e-05,True
"[0.09360176585269005, 0.11969831626736879, 0.1957474171359199, 0.5234943972864351, 0.6694467498530259]",1.0206729418551574e-05,1.0377035526574406e-05,True
"[0.09360176585269005, 0.11969831626736879, 0.1957474171359199, 0.5234943972864351, 0.8560912078750774]",1.661897547703968e-05,1.6824852963099288e-05,True
"[0.09360176585269005, 0.11969831626736879, 0.1957474171359199, 0.5234943972864351, 1.0947728947252522]",2.376365037996789e-05,2.4061488884228062e-05,True
"[0.09360176585269005, 0.11969831626736879, 0.1957474171359199, 0.5234943972864351, 1.4]",3.160568481325151e-05,3.201864882926295e-05,True
"[0.09360176585269005, 0.11969831626736879, 0.1957474171359199, 0.6694467498530259, 0.8560912078750774]",2.7016378292823343e-05,2.7448253142447978e-05,True
"[0.09360176585269005, 0.11969831626736879, 0.1957474171359199, 0.6694467498530259, 1.0947728947252522]",3.938066786928784e-05,3.9930273974188e-05,True
"[0.09360176585269005, 0.11969831626736879, 0.1957474171359199, 0.6694467498530259, 1.4]",5.242418422012506e-05,5.318075294844905e-05,True
"[0.09360176585269005, 0.11969831626736879, 0.1957474171359199, 0.8560912078750774, 1.0947728947252522]",5.886055824924455e-05,5.986985419162844e-05,True
"[0.09360176585269005, 0.11969831626736879, 0.1957474171359199, 0.8560912078750774, 1.4]",7.923933583140563e-05,8.052468047360718e-05,True
"[0.09360176585269005, 0.11969831626736879, 0.1957474171359199, 1.0947728947252522, 1.4]",0.00011050961968537683,0.00011265572201178062,True
"[0.09360176585269005, 0.11969831626736879, 0.25032258773548044, 0.3201135363491284, 0.4093624833498013]",3.0549171699277703e-07,3.122752450201649e-07,True
"[0.09360176585269005, 0.11969831626736879, 0.25032258773548044, 0.3201135363491284, 0.5234943972864351]",9.36020346881615e-07,9.554833702417458e-07,True
"[0.09360176585269005, 0.11969831626736879, 0.25032258773548044, 0.3201135363491284, 0.6694467498530259]",1.9342406571702566e-06,1.973099566753803e-06,True
"[0.09360176585269005, 0.11969831626736879, 0.25032258773548044, 0.3201135363491284, 0.8560912078750774]",3.3301889960864797e-06,3.3956598185265683e-06,True
"[0.09360176585269005, 0.11969831626736879, 0.25032258773548044, 0.3201135363491284, 1.0947728947252522]",5.079099611795441e-06,5.177427840705436e-06,True
"[0.09360176585269005, 0.11969831626736879, 0.25032258773548044, 0.3201135363491284, 1.4]",7.064590217296314e-06,7.1997949288130715e-06,True
"[0.09360176585269005, 0.11969831626736879, 0.25032258773548044, 0.4093624833498013, 0.5234943972864351]",3.3477511564402447e-06,3.4539705222631374e-06,True
"[0.09360176585269005, 0.11969831626736879, 0.25032258773548044, 0.4093624833498013, 0.6694467498530259]",8.237409841603803e-06,8.425157791830549e-06,True
"[0.09360176585269005, 0.11969831626736879, 0.25032258773548044, 0.4093624833498013, 0.8560912078750774]",1.438169851077001e-05,1.4668709266522263e-05,True
"[0.09360176585269005, 0.11969831626736879, 0.25032258773548044, 0.4093624833498013, 1.0947728947252522]",2.182844378105198e-05,2.2235408865186702e-05,True
"[0.09360176585269005, 0.11969831626736879, 0.25032258773548044, 0.4093624833498013, 1.4]",3.0176641774892036e-05,3.072435658928934e-05,True
"[0.09360176585269005, 0.11969831626736879, 0.25032258773548044, 0.5234943972864351, 0.6694467498530259]",1.7299899593948272e-05,1.7908386224333357e-05,True
"[0.09360176585269005, 0.11969831626736879, 0.25032258773548044, 0.5234943972864351, 0.8560912078750774]",3.333221301397323e-05,3.4047097405455285e-05,True
"[0.09360176585269005, 0.11969831626736879, 0.25032258773548044, 0.5234943972864351, 1.0947728947252522]",5.0588476826592083e-05,5.152273147597485e-05,True
"[0.09360176585269005, 0.11969831626736879, 0.25032258773548044, 0.5234943972864351, 1.4]",6.943875456398407e-05,7.073059417837943e-05,True
"[0.09360176585269005, 0.11969831626736879, 0.25032258773548044, 0.6694467498530259, 0.8560912078750774]",5.644878084568819e-05,5.8455476780188594e-05,True
"[0.09360176585269005, 0.11969831626736879, 0.25032258773548044, 0.6694467498530259, 1.0947728947252522]",9.11499935900701e-05,9.299978265113408e-05,True
"[0.09360176585269005, 0.11969831626736879, 0.25032258773548044, 0.6694467498530259, 1.4]",0.00012521913878466034,0.00012771062494123874,True
"[0.09360176585269005, 0.11969831626736879, 0.25032258773548044, 0.8560912078750774, 1.0947728947252522]",0.00013745084294888393,0.00014237456056895225,True
"[0.09360176585269005, 0.11969831626736879, 0.25032258773548044, 0.8560912078750774, 1.4]",0.00019684411265139098,0.0002012341597366829,True
"[0.09360176585269005, 0.11969831626736879, 0.25032258773548044, 1.0947728947252522, 1.4]",0.0002740782795552986,0.00028447768987962824,True
"[0.09360176585269005, 0.11969831626736879, 0.3201135363491284, 0.4093624833498013, 0.5234943972864351]",1.5569437489225016e-06,1.6203672828235861e-06,True
"[0.09360176585269005, 0.11969831626736879, 0.3201135363491284, 0.4093624833498013, 0.6694467498530259]",4.849566095958509e-06,5.031085622035433e-06,True
"[0.09360176585269005, 0.11969831626736879, 0.3201135363491284, 0.4093624833498013, 0.8560912078750774]",9.794011919579693e-06,1.0144333921072845e-05,True
"[0.09360176585269005, 0.11969831626736879, 0.3201135363491284, 0.4093624833498013, 1.0947728947252522]",1.6284312547698245e-05,1.6850799407926712e-05,True
"[0.09360176585269005, 0.11969831626736879, 0.3201135363491284, 0.4093624833498013, 1.4]",2.3915668311013034e-05,2.47322828460204e-05,True
"[0.09360176585269005, 0.11969831626736879, 0.3201135363491284, 0.5234943972864351, 0.6694467498530259]",1.633343884541151e-05,1.7297945198667006e-05,True
"[0.09360176585269005, 0.11969831626736879, 0.3201135363491284, 0.5234943972864351, 0.8560912078750774]",4.05619958233533e-05,4.223849692592011e-05,True
"[0.09360176585269005, 0.11969831626736879, 0.3201135363491284, 0.5234943972864351, 1.0947728947252522]",6.86408191699593e-05,7.106894139289601e-05,True
"[0.09360176585269005, 0.11969831626736879, 0.3201135363491284, 0.5234943972864351, 1.4]",0.00010024178795150941,0.00010351139582236369,True
"[0.09360176585269005, 0.11969831626736879, 0.3201135363491284, 0.6694467498530259, 0.8560912078750774]",7.74972705324212e-05,8.290155588519439e-05,True
"[0.09360176585269005, 0.11969831626736879, 0.3201135363491284, 0.6694467498530259, 1.0947728947252522]",0.00015046108413474418,0.00015646500894167303,True
"[0.09360176585269005, 0.11969831626736879, 0.3201135363491284, 0.6694467498530259, 1.4]",0.00022082065405486915,0.00022793679431188922,True
"[0.09360176585269005, 0.11969831626736879, 0.3201135363491284, 0.8560912078750774, 1.0947728947252522]",0.00023095291310282437,0.00024844187936793374,True
"[0.09360176585269005, 0.11969831626736879, 0.3201135363491284, 0.8560912078750774, 1.4]",0.0003738388989731387,0.0003882782697181466,True
"[0.09360176585269005, 0.11969831626736879, 0.3201135363491284, 1.0947728947252522, 1.4]",0.0005118690539202849,0.0005539251688049497,True
"[0.09360176585269005, 0.11969831626736879, 0.4093624833498013, 0.5234943972864351, 0.6694467498530259]",6.618950713901758e-06,7.110030047306856e-06,True
"[0.09360176585269005, 0.11969831626736879, 0.4093624833498013, 0.5234943972864351, 0.8560912078750774]",2.064374341376944e-05,2.202380308273509e-05,True
"[0.09360176585269005, 0.11969831626736879, 0.4093624833498013, 0.5234943972864351, 1.0947728947252522]",4.049900505121581e-05,4.306066450857418e-05,True
"[0.09360176585269005, 0.11969831626736879, 0.4093624833498013, 0.5234943972864351, 1.4]",6.498244302322432e-05,6.895782350561888e-05,True
"[0.09360176585269005, 0.11969831626736879, 0.4093624833498013, 0.6694467498530259, 0.8560912078750774]",6.329479391157389e-05,7.026494193370411e-05,True
"[0.09360176585269005, 0.11969831626736879, 0.4093624833498013, 0.6694467498530259, 1.0947728947252522]",0.00015850170715568445,0.00017046548339239413,True
"[0.09360176585269005, 0.11969831626736879, 0.4093624833498013, 0.6694467498530259, 1.4]",0.00026062989042878606,0.00027710531034099247,True
"[0.09360176585269005, 0.11969831626736879, 0.4093624833498013, 0.8560912078750774, 1.0947728947252522]",0.0002680917255205985,0.0003055543503730441,True
"[0.09360176585269005, 0.11969831626736879, 0.4093624833498013, 0.8560912078750774, 1.4]",0.0005322914282251777,0.0005728432883289681,True
"[0.09360176585269005, 0.11969831626736879, 0.4093624833498013, 1.0947728947252522, 1.4]",0.000717126058699761,0.0008360594125040026,True
"[0.09360176585269005, 0.11969831626736879, 0.5234943972864351, 0.6694467498530259, 0.8560912078750774]",2.3011188394651686e-05,2.6124360018303925e-05,True
"[0.09360176585269005, 0.11969831626736879, 0.5234943972864351, 0.6694467498530259, 1.0947728947252522]",7.135795610122997e-05,7.99280184129334e-05,True
"[0.09360176585269005, 0.11969831626736879, 0.5234943972864351, 0.6694467498530259, 1.4]",0.00013600758198948387,0.00015133704832919238,True
"[0.09360176585269005, 0.11969831626736879, 0.5234943972864351, 0.8560912078750774, 1.0947728947252522]",0.00019268676917702266,0.00023300212463818877,True
"[0.09360176585269005, 0.11969831626736879, 0.5234943972864351, 0.8560912078750774, 1.4]",0.0004924078581362832,0.0005620278568854368,True
"[0.09360176585269005, 0.11969831626736879, 0.5234943972864351, 1.0947728947252522, 1.4]",0.0007094237742247737,0.0009146771733513295,True
"[0.09360176585269005, 0.11969831626736879, 0.6694467498530259, 0.8560912078750774, 1.0947728947252522]",6.365456683720209e-05,7.955869392687038e-05,True
"[0.09360176585269005, 0.11969831626736879, 0.6694467498530259, 0.8560912078750774, 1.4]",0.00019646381456014838,0.00023962881246195717,True
"[0.09360176585269005, 0.11969831626736879, 0.6694467498530259, 1.0947728947252522, 1.4]",0.0004493224735985931,0.0006339001966942282,True
"[0.09360176585269005, 0.11969831626736879, 0.8560912078750774, 1.0947728947252522, 1.4]",0.00013581082303418019,0.0002000305798406415,True
"[0.09360176585269005, 0.15307069035205895, 0.1957474171359199, 0.25032258773548044, 0.3201135363491284]",7.381651557695218e-08,7.468430418966268e-08,True
"[0.09360176585269005, 0.15307069035205895, 0.1957474171359199, 0.25032258773548044, 0.4093624833498013]",2.0965369549834044e-07,2.1173000725112267e-07,True
"[0.09360176585269005, 0.15307069035205895, 0.1957474171359199, 0.25032258773548044, 0.5234943972864351]",4.194150085570578e-07,4.2327659509974925e-07,True
"[0.09360176585269005, 0.15307069035205895, 0.1957474171359199, 0.25032258773548044, 0.6694467498530259]",7.199069992921792e-07,7.262690133412905e-07,True
"[0.09360176585269005, 0.15307069035205895, 0.1957474171359199, 0.25032258773548044, 0.8560912078750774]",1.1129058782858517e-06,1.1228818776879344e-06,True
"[0.09360176585269005, 0.15307069035205895, 0.1957474171359199, 0.25032258773548044, 1.0947728947252522]",1.5819213927883534e-06,1.5965285447248892e-06,True
"[0.09360176585269005, 0.15307069035205895, 0.1957474171359199, 0.25032258773548044, 1.4]",2.093933627080039e-06,2.113858125332419e-06,True
"[0.09360176585269005, 0.15307069035205895, 0.1957474171359199, 0.3201135363491284, 0.4093624833498013]",6.129211486518751e-07,6.219691447713436e-07,True
"[0.09360176585269005, 0.15307069035205895, 0.1957474171359199, 0.3201135363491284, 0.5234943972864351]",1.3870786732584654e-06,1.4011616520082557e-06,True
"[0.09360176585269005, 0.15307069035205895, 0.1957474171359199, 0.3201135363491284, 0.6694467498530259]",2.3921279751210756e-06,2.4143718761051276e-06,True
"[0.09360176585269005, 0.15307069035205895, 0.1957474171359199, 0.3201135363491284, 0.8560912078750774]",3.675534839509301e-06,3.7102854549293263e-06,True
"[0.09360176585269005, 0.15307069035205895, 0.1957474171359199, 0.3201135363491284, 1.0947728947252522]",5.197165270634167e-06,5.248033776471485e-06,True
"[0.09360176585269005, 0.15307069035205895, 0.1957474171359199, 0.3201135363491284, 1.4]",6.860866478373385e-06,6.930672217688667e-06,True
"[0.09360176585269005, 0.15307069035205895, 0.1957474171359199, 0.4093624833498013, 0.5234943972864351]",2.8532772528296615e-06,2.8953627999119907e-06,True
"[0.09360176585269005, 0.15307069035205895, 0.1957474171359199, 0.4093624833498013, 0.6694467498530259]",5.211192193365814e-06,5.263862813307178e-06,True
"[0.09360176585269005, 0.15307069035205895, 0.1957474171359199, 0.4093624833498013, 0.8560912078750774]",7.990262704119138e-06,8.070640244092762e-06,True
"[0.09360176585269005, 0.15307069035205895, 0.1957474171359199, 0.4093624833498013, 1.0947728947252522]",1.1251334346098323e-05,1.136913737079709e-05,True
"[0.09360176585269005, 0.15307069035205895, 0.1957474171359199, 0.4093624833498013, 1.4]",1.4822448059543838e-05,1.4985431074711102e-05,True
"[0.09360176585269005, 0.15307069035205895, 0.1957474171359199, 0.5234943972864351, 0.6694467498530259]",9.128364386904412e-06,9.254246533335447e-06,True
"[0.09360176585269005, 0.15307069035205895, 0.1957474171359199, 0.5234943972864351, 0.8560912078750774]",1.4414399717350952e-05,1.4575991264378921e-05,True
"[0.09360176585269005, 0.15307069035205895, 0.1957474171359199, 0.5234943972864351, 1.0947728947252522]",2.029976711524358e-05,2.0534200798006196e-05,True
"[0.09360176585269005, 0.15307069035205895, 0.1957474171359199, 0.5234943972864351, 1.4]",2.6732322054371013e-05,2.7058498700889796e-05,True
"[0.09360176585269005, 0.15307069035205895, 0.1957474171359199, 0.6694467498530259, 0.8560912078750774]",2.290225139461396e-05,2.3225652104413093e-05,True
"[0.09360176585269005, 0.15307069035205895, 0.1957474171359199, 0.6694467498530259, 1.0947728947252522]",3.2767539691125604e-05,3.319612007747818e-05,True
"[0.09360176585269005, 0.15307069035205895, 0.1957474171359199, 0.6694467498530259, 1.4]",4.3208501740527086e-05,4.380200452595252e-05,True
"[0.09360176585269005, 0.15307069035205895, 0.1957474171359199, 0.8560912078750774, 1.0947728947252522]",4.8304804657286525e-05,4.9072552719573696e-05,True
"[0.09360176585269005, 0.15307069035205895, 0.1957474171359199, 0.8560912078750774, 1.4]",6.429411419854048e-05,6.529801680621568e-05,True
"[0.09360176585269005, 0.15307069035205895, 0.1957474171359199, 1.0947728947252522, 1.4]",8.88906908742293e-05,9.054816586282589e-05,True
"[0.09360176585269005, 0.15307069035205895, 0.25032258773548044, 0.3201135363491284, 0.4093624833498013]",4.576600664245281e-07,4.6534651629307725e-07,True
"[0.09360176585269005, 0.15307069035205895, 0.25032258773548044, 0.3201135363491284, 0.5234943972864351]",1.1902608721101024e-06,1.2090581938298473e-06,True
"[0.09360176585269005, 0.15307069035205895, 0.25032258773548044, 0.3201135363491284, 0.6694467498530259]",2.2721310851889796e-06,2.307259915335502e-06,True
"[0.09360176585269005, 0.15307069035205895, 0.25032258773548044, 0.3201135363491284, 0.8560912078750774]",3.7348016091044976e-06,3.7919483137085294e-06,True
"[0.09360176585269005, 0.15307069035205895, 0.25032258773548044, 0.3201135363491284, 1.0947728947252522]",5.530578851860495e-06,5.614627023341862e-06,True
"[0.09360176585269005, 0.15307069035205895, 0.25032258773548044, 0.3201135363491284, 1.4]",7.541853673785679e-06,7.656612000425471e-06,True
"[0.09360176585269005, 0.15307069035205895, 0.25032258773548044, 0.4093624833498013, 0.5234943972864351]",3.4002211851493257e-06,3.4935962624280008e-06,True
"[0.09360176585269005, 0.15307069035205895, 0.25032258773548044, 0.4093624833498013, 0.6694467498530259]",7.799504766147914e-06,7.952242030373813e-06,True
"[0.09360176585269005, 0.15307069035205895, 0.25032258773548044, 0.4093624833498013, 0.8560912078750774]",1.3194603262644584e-05,1.3422372295109134e-05,True
"[0.09360176585269005, 0.15307069035205895, 0.25032258773548044, 0.4093624833498013, 1.0947728947252522]",1.9664869602266444e-05,1.9990599230718726e-05,True
"[0.09360176585269005, 0.15307069035205895, 0.25032258773548044, 0.4093624833498013, 1.4]",2.686634137239295e-05,2.73220109164052e-05,True
"[0.09360176585269005, 0.15307069035205895, 0.25032258773548044, 0.5234943972864351, 0.6694467498530259]",1.564512437365764e-05,1.6132282499288367e-05,True
"[0.09360176585269005, 0.15307069035205895, 0.25032258773548044, 0.5234943972864351, 0.8560912078750774]",2.9019351744505404e-05,2.957478672756732e-05,True
"[0.09360176585269005, 0.15307069035205895, 0.25032258773548044, 0.5234943972864351, 1.0947728947252522]",4.338680425352581e-05,4.41536732208459e-05,True
"[0.09360176585269005, 0.15307069035205895, 0.25032258773548044, 0.5234943972864351, 1.4]",5.9118729873306594e-05,6.0185160085769674e-05,True
"[0.09360176585269005, 0.15307069035205895, 0.25032258773548044, 0.6694467498530259, 0.8560912078750774]",4.8677109920880505e-05,5.021840071199946e-05,True
"[0.09360176585269005, 0.15307069035205895, 0.25032258773548044, 0.6694467498530259, 1.0947728947252522]",7.692010144116035e-05,7.843689086212703e-05,True
"[0.09360176585269005, 0.15307069035205895, 0.25032258773548044, 0.6694467498530259, 1.4]",0.00010505652863517838,0.00010712234898717576,True
"[0.09360176585269005, 0.15307069035205895, 0.25032258773548044, 0.8560912078750774, 1.0947728947252522]",0.00011620219323037778,0.00011994357909464722,True
"[0.09360176585269005, 0.15307069035205895, 0.25032258773548044, 0.8560912078750774, 1.4]",0.00016441888034288642,0.00016806383160925,True
"[0.09360176585269005, 0.15307069035205895, 0.25032258773548044, 1.0947728947252522, 1.4]",0.0002300662999935992,0.0002379892883271909,True
"[0.09360176585269005, 0.15307069035205895, 0.3201135363491284, 0.4093624833498013, 0.5234943972864351]",2.0878580203087716e-06,2.149531250295955e-06,True
"[0.09360176585269005, 0.15307069035205895, 0.3201135363491284, 0.4093624833498013, 0.6694467498530259]",5.448834668071099e-06,5.610569276849886e-06,True
"[0.09360176585269005, 0.15307069035205895, 0.3201135363491284, 0.4093624833498013, 0.8560912078750774]",1.0265121475411895e-05,1.0568296918887942e-05,True
"[0.09360176585269005, 0.15307069035205895, 0.3201135363491284, 0.4093624833498013, 1.0947728947252522]",1.6455510265881785e-05,1.693951579324075e-05,True
"[0.09360176585269005, 0.15307069035205895, 0.3201135363491284, 0.4093624833498013, 1.4]",2.3649596837067442e-05,2.4343011934892267e-05,True
"[0.09360176585269005, 0.15307069035205895, 0.3201135363491284, 0.5234943972864351, 0.6694467498530259]",1.5776392689696396e-05,1.6618597802817365e-05,True
"[0.09360176585269005, 0.15307069035205895, 0.3201135363491284, 0.5234943972864351, 0.8560912078750774]",3.722758967462435e-05,3.8646113099902086e-05,True
"[0.09360176585269005, 0.15307069035205895, 0.3201135363491284, 0.5234943972864351, 1.0947728947252522]",6.18951148348179e-05,6.394627544371246e-05,True
"[0.09360176585269005, 0.15307069035205895, 0.3201135363491284, 0.5234943972864351, 1.4]",8.964732852922034e-05,9.242082779841327e-05,True
"[0.09360176585269005, 0.15307069035205895, 0.3201135363491284, 0.6694467498530259, 0.8560912078750774]",7.034260214875342e-05,7.493794058733755e-05,True
"[0.09360176585269005, 0.15307069035205895, 0.3201135363491284, 0.6694467498530259, 1.0947728947252522]",0.00013357356041032793,0.00013868461292145082,True
"[0.09360176585269005, 0.15307069035205895, 0.3201135363491284, 0.6694467498530259, 1.4]",0.00019514628593122755,0.0002013005428709633,True
"[0.09360176585269005, 0.15307069035205895, 0.3201135363491284, 0.8560912078750774, 1.0947728947252522]",0.00020681838678102282,0.00022168250501307667,True
"[0.09360176585269005, 0.15307069035205895, 0.3201135363491284, 0.8560912078750774, 1.4]",0.00033151503133885247,0.00034410482016263423,True
"[0.09360176585269005, 0.15307069035205895, 0.3201135363491284, 1.0947728947252522, 1.4]",0.00045917244209295354,0.000495347609664498,True
"[0.09360176585269005, 0.15307069035205895, 0.4093624833498013, 0.5234943972864351, 0.6694467498530259]",7.961709221936213e-06,8.415337023781041e-06,True
"[0.09360176585269005, 0.15307069035205895, 0.4093624833498013, 0.5234943972864351, 0.8560912078750774]",2.143828354862748e-05,2.26637628735343e-05,True
"[0.09360176585269005, 0.15307069035205895, 0.4093624833498013, 0.5234943972864351, 1.0947728947252522]",4.003169344549678e-05,4.228539151130488e-05,True
"[0.09360176585269005, 0.15307069035205895, 0.4093624833498013, 0.5234943972864351, 1.4]",6.273409030052929e-05,6.622550317215432e-05,True
"[0.09360176585269005, 0.15307069035205895, 0.4093624833498013, 0.6694467498530259, 0.8560912078750774]",6.029464586535175e-05,6.653708767050392e-05,True
"[0.09360176585269005, 0.15307069035205895, 0.4093624833498013, 0.6694467498530259, 1.0947728947252522]",0.00014631855027816274,0.0001569861310118169,True
"[0.09360176585269005, 0.15307069035205895, 0.4093624833498013, 0.6694467498530259, 1.4]",0.00023889550430683388,0.0002537393636642516,True
"[0.09360176585269005, 0.15307069035205895, 0.4093624833498013, 0.8560912078750774, 1.0947728947252522]",0.00024897285142712913,0.0002828717720671216,True
"[0.09360176585269005, 0.15307069035205895, 0.4093624833498013, 0.8560912078750774, 1.4]",0.0004904265433680159,0.0005278203810221593,True
"[0.09360176585269005, 0.15307069035205895, 0.4093624833498013, 1.0947728947252522, 1.4]",0.0006698682061937178,0.0007801669995158843,True
"[0.09360176585269005, 0.15307069035205895, 0.5234943972864351, 0.6694467498530259, 0.8560912078750774]",2.5749559898364377e-05,2.860620329784369e-05,True
"[0.09360176585269005, 0.15307069035205895, 0.5234943972864351, 0.6694467498530259, 1.0947728947252522]",7.131736123630215e-05,7.905999489986538e-05,True
"[0.09360176585269005, 0.15307069035205895, 0.5234943972864351, 0.6694467498530259, 1.4]",0.000131513657199471,0.00014536745642393134,True
"[0.09360176585269005, 0.15307069035205895, 0.5234943972864351, 0.8560912078750774, 1.0947728947252522]",0.00018395382914063692,0.00022106383150793056,True
"[0.09360176585269005, 0.15307069035205895, 0.5234943972864351, 0.8560912078750774, 1.4]",0.0004620172574179951,0.0005269117891559668,True
"[0.09360176585269005, 0.15307069035205895, 0.5234943972864351, 1.0947728947252522, 1.4]",0.0006730241577418698,0.0008676202642702603,True
"[0.09360176585269005, 0.15307069035205895, 0.6694467498530259, 0.8560912078750774, 1.0947728947252522]",6.862798446866176e-05,8.332675107498487e-05,True
"[0.09360176585269005, 0.15307069035205895, 0.6694467498530259, 0.8560912078750774, 1.4]",0.00019366087405043683,0.000233401755728418,True
"[0.09360176585269005, 0.15307069035205895, 0.6694467498530259, 1.0947728947252522, 1.4]",0.00043221574872858364,0.0006057420728799675,True
"[0.09360176585269005, 0.15307069035205895, 0.8560912078750774, 1.0947728947252522, 1.4]",0.0001449173461674271,0.0002048479728485209,True
"[0.09360176585269005, 0.1957474171359199, 0.25032258773548044, 0.3201135363491284, 0.4093624833498013]",5.732674451745924e-07,5.846577618164674e-07,True
"[0.09360176585269005, 0.1957474171359199, 0.25032258773548044, 0.3201135363491284, 0.5234943972864351]",1.5816280543373823e-06,1.6070763636219741e-06,True
"[0.09360176585269005, 0.1957474171359199, 0.25032258773548044, 0.3201135363491284, 0.6694467498530259]",3.007557959075572e-06,3.0512868085286234e-06,True
"[0.09360176585269005, 0.1957474171359199, 0.25032258773548044, 0.3201135363491284, 0.8560912078750774]",4.884103723089092e-06,4.951132724854327e-06,True
"[0.09360176585269005, 0.1957474171359199, 0.25032258773548044, 0.3201135363491284, 1.0947728947252522]",7.146502530464323e-06,7.24300413460434e-06,True
"[0.09360176585269005, 0.1957474171359199, 0.25032258773548044, 0.3201135363491284, 1.4]",9.646883632669995e-06,9.780325556430277e-06,True
"[0.09360176585269005, 0.1957474171359199, 0.25032258773548044, 0.4093624833498013, 0.5234943972864351]",3.974723331436225e-06,4.078118019917475e-06,True
"[0.09360176585269005, 0.1957474171359199, 0.25032258773548044, 0.4093624833498013, 0.6694467498530259]",8.783358807432168e-06,8.929062604403651e-06,True
"[0.09360176585269005, 0.1957474171359199, 0.25032258773548044, 0.4093624833498013, 0.8560912078750774]",1.4364476352766004e-05,1.456904901807888e-05,True
"[0.09360176585269005, 0.1957474171359199, 0.25032258773548044, 0.4093624833498013, 1.0947728947252522]",2.087471661861551e-05,2.1174534671627787e-05,True
"[0.09360176585269005, 0.1957474171359199, 0.25032258773548044, 0.4093624833498013, 1.4]",2.8024555221628762e-05,2.8438886332574756e-05,True
"[0.09360176585269005, 0.1957474171359199, 0.25032258773548044, 0.5234943972864351, 0.6694467498530259]",1.6197787265360634e-05,1.6635249512865738e-05,True
"[0.09360176585269005, 0.1957474171359199, 0.25032258773548044, 0.5234943972864351, 0.8560912078750774]",2.868443775839286e-05,2.913820573985658e-05,True
"[0.09360176585269005, 0.1957474171359199, 0.25032258773548044, 0.5234943972864351, 1.0947728947252522]",4.1694749174403135e-05,4.2340450684696876e-05,True
"[0.09360176585269005, 0.1957474171359199, 0.25032258773548044, 0.5234943972864351, 1.4]",5.578557417011874e-05,5.6677537254885924e-05,True
"[0.09360176585269005, 0.1957474171359199, 0.25032258773548044, 0.6694467498530259, 0.8560912078750774]",4.596851351636007e-05,4.7171998043064046e-05,True
"[0.09360176585269005, 0.1957474171359199, 0.25032258773548044, 0.6694467498530259, 1.0947728947252522]",7.00081169146445e-05,7.123934473758585e-05,True
"[0.09360176585269005, 0.1957474171359199, 0.25032258773548044, 0.6694467498530259, 1.4]",9.386484136550713e-05,9.553761907658517e-05,True
"[0.09360176585269005, 0.1957474171359199, 0.25032258773548044, 0.8560912078750774, 1.0947728947252522]",0.00010323014428648483,0.00010593092363920166,True
"[0.09360176585269005, 0.1957474171359199, 0.25032258773548044, 0.8560912078750774, 1.4]",0.00014225098059470072,0.00014515374537299287,True
"[0.09360176585269005, 0.1957474171359199, 0.25032258773548044, 1.0947728947252522, 1.4]",0.0001964650513963909,0.00020197282607409788,True
"[0.09360176585269005, 0.1957474171359199, 0.3201135363491284, 0.4093624833498013, 0.5234943972864351]",3.086904792866206e-06,3.1648221009201123e-06,True
"[0.09360176585269005, 0.1957474171359199, 0.3201135363491284, 0.4093624833498013, 0.6694467498530259]",7.2706680517327715e-06,7.438596629009822e-06,True
"[0.09360176585269005, 0.1957474171359199, 0.3201135363491284, 0.4093624833498013, 0.8560912078750774]",1.2813547250774252e-05,1.3101556073853414e-05,True
"[0.09360176585269005, 0.1957474171359199, 0.3201135363491284, 0.4093624833498013, 1.0947728947252522]",1.9664905346698394e-05,2.010309758651087e-05,True
"[0.09360176585269005, 0.1957474171359199, 0.3201135363491284, 0.4093624833498013, 1.4]",2.744210497389202e-05,2.8052151690630002e-05,True
"[0.09360176585269005, 0.1957474171359199, 0.3201135363491284, 0.5234943972864351, 0.6694467498530259]",1.7009754738304158e-05,1.7785556329853475e-05,True
"[0.09360176585269005, 0.1957474171359199, 0.3201135363491284, 0.5234943972864351, 0.8560912078750774]",3.708988837176056e-05,3.826411378059412e-05,True
"[0.09360176585269005, 0.1957474171359199, 0.3201135363491284, 0.5234943972864351, 1.0947728947252522]",5.9323023340616936e-05,6.0954293552597154e-05,True
"[0.09360176585269005, 0.1957474171359199, 0.3201135363491284, 0.5234943972864351, 1.4]",8.396071247682331e-05,8.612921836081097e-05,True
"[0.09360176585269005, 0.1957474171359199, 0.3201135363491284, 0.6694467498530259, 0.8560912078750774]",6.61710107187425e-05,6.991814729598784e-05,True
"[0.09360176585269005, 0.1957474171359199, 0.3201135363491284, 0.6694467498530259, 1.0947728947252522]",0.00011953492416816128,0.0001234731787671152,True
"[0.09360176585269005, 0.1957474171359199, 0.3201135363491284, 0.6694467498530259, 1.4]",0.00017113098091679532,0.00017583601702421726,True
"[0.09360176585269005, 0.1957474171359199, 0.3201135363491284, 0.8560912078750774, 1.0947728947252522]",0.00018255453566342304,0.00019394829961158738,True
"[0.09360176585269005, 0.1957474171359199, 0.3201135363491284, 0.8560912078750774, 1.4]",0.00028363836864735045,0.00029319352738849125,True
"[0.09360176585269005, 0.1957474171359199, 0.3201135363491284, 1.0947728947252522, 1.4]",0.0003932424688567386,0.0004202455121599575,True
"[0.09360176585269005, 0.1957474171359199, 0.4093624833498013, 0.5234943972864351, 0.6694467498530259]",1.1467451451898699e-05,1.1935988391718829e-05,True
"[0.09360176585269005, 0.1957474171359199, 0.4093624833498013, 0.5234943972864351, 0.8560912078750774]",2.6035204454792723e-05,2.7148387344633583e-05,True
"[0.09360176585269005, 0.1957474171359199, 0.4093624833498013, 0.5234943972864351, 1.0947728947252522]",4.4900288977229495e-05,4.685886409141979e-05,True
"[0.09360176585269005, 0.1957474171359199, 0.4093624833498013, 0.5234943972864351, 1.4]",6.727478566493935e-05,7.024912563193618e-05,True
"[0.09360176585269005, 0.1957474171359199, 0.4093624833498013, 0.6694467498530259, 0.8560912078750774]",6.106495440004135e-05,6.655956999829297e-05,True
"[0.09360176585269005, 0.1957474171359199, 0.4093624833498013, 0.6694467498530259, 1.0947728947252522]",0.00013788046878698227,0.00014681052444712962,True
"[0.09360176585269005, 0.1957474171359199, 0.4093624833498013, 0.6694467498530259, 1.4]",0.00021910896989261802,0.00023141854920068498,True
"[0.09360176585269005, 0.1957474171359199, 0.4093624833498013, 0.8560912078750774, 1.0947728947252522]",0.00022993122543261808,0.00025853255065795203,True
"[0.09360176585269005, 0.1957474171359199, 0.4093624833498013, 0.8560912078750774, 1.4]",0.0004369314832272146,0.0004679968334097598,True
"[0.09360176585269005, 0.1957474171359199, 0.4093624833498013, 1.0947728947252522, 1.4]",0.0006024347635128395,0.000694417833554676,True
"[0.09360176585269005, 0.1957474171359199, 0.5234943972864351, 0.6694467498530259, 0.8560912078750774]",3.4434937638120625e-05,3.712659176610584e-05,True
"[0.09360176585269005, 0.1957474171359199, 0.5234943972864351, 0.6694467498530259, 1.0947728947252522]",7.969364992156735e-05,8.653671029447097e-05,True
"[0.09360176585269005, 0.1957474171359199, 0.5234943972864351, 0.6694467498530259, 1.4]",0.0001370944405642557,0.00014912814974716866,True
"[0.09360176585269005, 0.1957474171359199, 0.5234943972864351, 0.8560912078750774, 1.0947728947252522]",0.00018128907799070046,0.00021424195988864591,True
"[0.09360176585269005, 0.1957474171359199, 0.5234943972864351, 0.8560912078750774, 1.4]",0.0004307237150185081,0.0004873982939653219,True
"[0.09360176585269005, 0.1957474171359199, 0.5234943972864351, 1.0947728947252522, 1.4]",0.000628509446281062,0.0008013743698497062,True
"[0.09360176585269005, 0.1957474171359199, 0.6694467498530259, 0.8560912078750774, 1.0947728947252522]",8.65061977064473e-05,0.00010000655754690517,True
"[0.09360176585269005, 0.1957474171359199, 0.6694467498530259, 0.8560912078750774, 1.4]",0.0002063148358700562,0.00024172333823531972,True
"[0.09360176585269005, 0.1957474171359199, 0.6694467498530259, 1.0947728947252522, 1.4]",0.0004243525832240814,0.0005814963110066711,True
"[0.09360176585269005, 0.1957474171359199, 0.8560912078750774, 1.0947728947252522, 1.4]",0.00017833955599694585,0.00023333733212610604,True
"[0.09360176585269005, 0.25032258773548044, 0.3201135363491284, 0.4093624833498013, 0.5234943972864351]",3.3768862666390497e-06,3.49057360265831e-06,True
"[0.09360176585269005, 0.25032258773548044, 0.3201135363491284, 0.4093624833498013, 0.6694467498530259]",8.952637032778438e-06,9.189462678812812e-06,True
"[0.09360176585269005, 0.25032258773548044, 0.3201135363491284, 0.4093624833498013, 0.8560912078750774]",1.6139660918931633e-05,1.6516554218089613e-05,True
"[0.09360176585269005, 0.25032258773548044, 0.3201135363491284, 0.4093624833498013, 1.0947728947252522]",2.4821479400908038e-05,2.536147375256536e-05,True
"[0.09360176585269005, 0.25032258773548044, 0.3201135363491284, 0.4093624833498013, 1.4]",3.45258052288811e-05,3.524514003021971e-05,True
"[0.09360176585269005, 0.25032258773548044, 0.3201135363491284, 0.5234943972864351, 0.6694467498530259]",1.9657133690340047e-05,2.0554604970325663e-05,True
"[0.09360176585269005, 0.25032258773548044, 0.3201135363491284, 0.5234943972864351, 0.8560912078750774]",4.2095242556935335e-05,4.3260815046345725e-05,True
"[0.09360176585269005, 0.25032258773548044, 0.3201135363491284, 0.5234943972864351, 1.0947728947252522]",6.543359816650462e-05,6.69007591006405e-05,True
"[0.09360176585269005, 0.25032258773548044, 0.3201135363491284, 0.5234943972864351, 1.4]",9.039745056720806e-05,9.237769012062447e-05,True
"[0.09360176585269005, 0.25032258773548044, 0.3201135363491284, 0.6694467498530259, 0.8560912078750774]",6.977176516329002e-05,7.325806784105928e-05,True
"[0.09360176585269005, 0.25032258773548044, 0.3201135363491284, 0.6694467498530259, 1.0947728947252522]",0.00012032325205299609,0.00012347301338784517,True
"[0.09360176585269005, 0.25032258773548044, 0.3201135363491284, 0.6694467498530259, 1.4]",0.0001668687413334226,0.00017086141957855188,True
"[0.09360176585269005, 0.25032258773548044, 0.3201135363491284, 0.8560912078750774, 1.0947728947252522]",0.00017593816171072003,0.00018499518914935698,True
"[0.09360176585269005, 0.25032258773548044, 0.3201135363491284, 0.8560912078750774, 1.4]",0.00026177757937499604,0.0002689944675162033,True
"[0.09360176585269005, 0.25032258773548044, 0.3201135363491284, 1.0947728947252522, 1.4]",0.000355072267590009,0.0003745690545378365,True
"[0.09360176585269005, 0.25032258773548044, 0.4093624833498013, 0.5234943972864351, 0.6694467498530259]",1.604086549910327e-05,1.667519860185307e-05,True
"[0.09360176585269005, 0.25032258773548044, 0.4093624833498013, 0.5234943972864351, 0.8560912078750774]",3.4684992687235536e-05,3.590003072573748e-05,True
"[0.09360176585269005, 0.25032258773548044, 0.4093624833498013, 0.5234943972864351, 1.0947728947252522]",5.690304903401113e-05,5.882511435804622e-05,True
"[0.09360176585269005, 0.25032258773548044, 0.4093624833498013, 0.5234943972864351, 1.4]",8.216069792592483e-05,8.491372525565964e-05,True
"[0.09360176585269005, 0.25032258773548044, 0.4093624833498013, 0.6694467498530259, 0.8560912078750774]",6.800520453418237e-05,7.322540994546633e-05,True
"[0.09360176585269005, 0.25032258773548044, 0.4093624833498013, 0.6694467498530259, 1.0947728947252522]",0.0001413555849857019,0.0001488007940823679,True
"[0.09360176585269005, 0.25032258773548044, 0.4093624833498013, 0.6694467498530259, 1.4]",0.0002150483873179324,0.00022478195831784184,True
"[0.09360176585269005, 0.25032258773548044, 0.4093624833498013, 0.8560912078750774, 1.0947728947252522]",0.0002224754780911071,0.0002460010913822763,True
"[0.09360176585269005, 0.25032258773548044, 0.4093624833498013, 0.8560912078750774, 1.4]",0.0003967828811341114,0.0004203335380538153,True
"[0.09360176585269005, 0.25032258773548044, 0.4093624833498013, 1.0947728947252522, 1.4]",0.0005417335029172289,0.0006116395605820528,True
"[0.09360176585269005, 0.25032258773548044, 0.5234943972864351, 0.6694467498530259, 0.8560912078750774]",5.0254021313829794e-05,5.319556148179598e-05,True
"[0.09360176585269005, 0.25032258773548044, 0.5234943972864351, 0.6694467498530259, 1.0947728947252522]",0.00010113430732703659,0.00010746217318496009,True
"[0.09360176585269005, 0.25032258773548044, 0.5234943972864351, 0.6694467498530259, 1.4]",0.0001609001682211561,0.00017138922818791874,True
"[0.09360176585269005, 0.25032258773548044, 0.5234943972864351, 0.8560912078750774, 1.0947728947252522]",0.00019221455797178847,0.00022141644102836614,True
"[0.09360176585269005, 0.25032258773548044, 0.5234943972864351, 0.8560912078750774, 1.4]",0.0004160974540251171,0.00046296937769741407,True
"[0.09360176585269005, 0.25032258773548044, 0.5234943972864351, 1.0947728947252522, 1.4]",0.0005943555229420892,0.0007391183693913387,True
"[0.09360176585269005, 0.25032258773548044, 0.6694467498530259, 0.8560912078750774, 1.0947728947252522]",0.00012364668791175584,0.0001367291764015595,True
"[0.09360176585269005, 0.25032258773548044, 0.6694467498530259, 0.8560912078750774, 1.4]",0.0002467847912555843,0.0002780453532791945,True
"[0.09360176585269005, 0.25032258773548044, 0.6694467498530259, 1.0947728947252522, 1.4]",0.00044059654797164974,0.0005792304980345286,True
"[0.09360176585269005, 0.25032258773548044, 0.8560912078750774, 1.0947728947252522, 1.4]",0.00025105109840432437,0.00030213066437064244,True
"[0.09360176585269005, 0.3201135363491284, 0.4093624833498013, 0.5234943972864351, 0.6694467498530259]",1.5846375083958285e-05,1.6755339690185477e-05,True
"[0.09360176585269005, 0.3201135363491284, 0.4093624833498013, 0.5234943972864351, 0.8560912078750774]",4.0116053307226844e-05,4.187951821170117e-05,True
"[0.09360176585269005, 0.3201135363491284, 0.4093624833498013, 0.5234943972864351, 1.0947728947252522]",6.858544266511441e-05,7.119451424697494e-05,True
"[0.09360176585269005, 0.3201135363491284, 0.4093624833498013, 0.5234943972864351, 1.4]",0.00010025306588902861,0.00010376881098951934,True
"[0.09360176585269005, 0.3201135363491284, 0.4093624833498013, 0.6694467498530259, 0.8560912078750774]",7.698302871070714e-05,8.320045573348611e-05,True
"[0.09360176585269005, 0.3201135363491284, 0.4093624833498013, 0.6694467498530259, 1.0947728947252522]",0.00016001967936694187,0.00016760310486412875,True
"[0.09360176585269005, 0.3201135363491284, 0.4093624833498013, 0.6694467498530259, 1.4]",0.0002376176001599737,0.0002465075595331615,True
"[0.09360176585269005, 0.3201135363491284, 0.4093624833498013, 0.8560912078750774, 1.0947728947252522]",0.00023669474662856368,0.00025907665926943387,True
"[0.09360176585269005, 0.3201135363491284, 0.4093624833498013, 0.8560912078750774, 1.4]",0.0004023669771077613,0.0004213176345187724,True
"[0.09360176585269005, 0.3201135363491284, 0.4093624833498013, 1.0947728947252522, 1.4]",0.0005302698593284372,0.0005862259927206259,True
"[0.09360176585269005, 0.3201135363491284, 0.5234943972864351, 0.6694467498530259, 0.8560912078750774]",6.64239859578752e-05,7.064000377402493e-05,True
"[0.09360176585269005, 0.3201135363491284, 0.5234943972864351, 0.6694467498530259, 1.0947728947252522]",0.00013291790854789824,0.00014015625213357978,True
"[0.09360176585269005, 0.3201135363491284, 0.5234943972864351, 0.6694467498530259, 1.4]",0.00020444580653200553,0.00021506839969584764,True
"[0.09360176585269005, 0.3201135363491284, 0.5234943972864351, 0.8560912078750774, 1.0947728947252522]",0.00021938783067498407,0.0002479938628435121,True
"[0.09360176585269005, 0.3201135363491284, 0.5234943972864351, 0.8560912078750774, 1.4]",0.00043730127378946936,0.000476690209925994,True
"[0.09360176585269005, 0.3201135363491284, 0.5234943972864351, 1.0947728947252522, 1.4]",0.0005946209759592173,0.0007151587087833832,True
"[0.09360176585269005, 0.3201135363491284, 0.6694467498530259, 0.8560912078750774, 1.0947728947252522]",0.00017886862903638534,0.00019416060402322315,True
"[0.09360176585269005, 0.3201135363491284, 0.6694467498530259, 0.8560912078750774, 1.4]",0.0003231539696483111,0.00035285096028642534,True
"[0.09360176585269005, 0.3201135363491284, 0.6694467498530259, 1.0947728947252522, 1.4]",0.0004942773985418129,0.0006187714677716805,True
"[0.09360176585269005, 0.3201135363491284, 0.8560912078750774, 1.0947728947252522, 1.4]",0.00037299034032733204,0.0004250294091710971,True
"[0.09360176585269005, 0.4093624833498013, 0.5234943972864351, 0.6694467498530259, 0.8560912078750774]",5.9970511327633904e-05,6.590988602863833e-05,True
"[0.09360176585269005, 0.4093624833498013, 0.5234943972864351, 0.6694467498530259, 1.0947728947252522]",0.00014525682730450414,0.00015605742982959908,True
"[0.09360176585269005, 0.4093624833498013, 0.5234943972864351, 0.6694467498530259, 1.4]",0.00023667273412597916,0.00025162797822557274,True
"[0.09360176585269005, 0.4093624833498013, 0.5234943972864351, 0.8560912078750774, 1.0947728947252522]",0.00024140469716100104,0.00027653721524530404,True
"[0.09360176585269005, 0.4093624833498013, 0.5234943972864351, 0.8560912078750774, 1.4]",0.0004928520178834687,0.000534151454244663,True
"[0.09360176585269005, 0.4093624833498013, 0.5234943972864351, 1.0947728947252522, 1.4]",0.0006381375262845528,0.0007563022635278256,True
"[0.09360176585269005, 0.4093624833498013, 0.6694467498530259, 0.8560912078750774, 1.0947728947252522]",0.0002229060710662306,0.0002461169476747517,True
"[0.09360176585269005, 0.4093624833498013, 0.6694467498530259, 0.8560912078750774, 1.4]",0.00041672017557979954,0.0004527094936828965,True
"[0.09360176585269005, 0.4093624833498013, 0.6694467498530259, 1.0947728947252522, 1.4]",0.0005761660165846072,0.0007035182582004813,True
"[0.09360176585269005, 0.4093624833498013, 0.8560912078750774, 1.0947728947252522, 1.4]",0.000525986666512223,0.0005927129758608152,True
"[0.09360176585269005, 0.5234943972864351, 0.6694467498530259, 0.8560912078750774, 1.0947728947252522]",0.0001825170979423292,0.00021439825139015094,True
"[0.09360176585269005, 0.5234943972864351, 0.6694467498530259, 0.8560912078750774, 1.4]",0.0004273684344691985,0.0004825877615653843,True
"[0.09360176585269005, 0.5234943972864351, 0.6694467498530259, 1.0947728947252522, 1.4]",0.0006043457851784485,0.0007670486539153605,True
"[0.09360176585269005, 0.5234943972864351, 0.8560912078750774, 1.0947728947252522, 1.4]",0.0006098061186308526,0.000717186943528337,True
"[0.09360176585269005, 0.6694467498530259, 0.8560912078750774, 1.0947728947252522, 1.4]",0.00044094272894290186,0.0005811253256020949,True
"[0.11969831626736879, 0.15307069035205895, 0.1957474171359199, 0.25032258773548044, 0.3201135363491284]",3.335774299477764e-08,3.375678635847132e-08,True
"[0.11969831626736879, 0.15307069035205895, 0.1957474171359199, 0.25032258773548044, 0.4093624833498013]",9.53603932092673e-08,9.63743899709018e-08,True
"[0.11969831626736879, 0.15307069035205895, 0.1957474171359199, 0.25032258773548044, 0.5234943972864351]",1.9484306376087697e-07,1.9682980964933074e-07,True
"[0.11969831626736879, 0.15307069035205895, 0.1957474171359199, 0.25032258773548044, 0.6694467498530259]",3.4056307650868766e-07,3.4395872583013247e-07,True
"[0.11969831626736879, 0.15307069035205895, 0.1957474171359199, 0.25032258773548044, 0.8560912078750774]",5.339981963270757e-07,5.394563481499343e-07,True
"[0.11969831626736879, 0.15307069035205895, 0.1957474171359199, 0.25032258773548044, 1.0947728947252522]",7.675262080702511e-07,7.756383333625026e-07,True
"[0.11969831626736879, 0.15307069035205895, 0.1957474171359199, 0.25032258773548044, 1.4]",1.0249698602485807e-06,1.0361543225713356e-06,True
"[0.11969831626736879, 0.15307069035205895, 0.1957474171359199, 0.3201135363491284, 0.4093624833498013]",3.325764469621905e-07,3.3732780765756306e-07,True
"[0.11969831626736879, 0.15307069035205895, 0.1957474171359199, 0.3201135363491284, 0.5234943972864351]",7.445841972759751e-07,7.526942420180892e-07,True
"[0.11969831626736879, 0.15307069035205895, 0.1957474171359199, 0.3201135363491284, 0.6694467498530259]",1.3058259062921258e-06,1.319511390164698e-06,True
"[0.11969831626736879, 0.15307069035205895, 0.1957474171359199, 0.3201135363491284, 0.8560912078750774]",2.0389841877271306e-06,2.0609572647080503e-06,True
"[0.11969831626736879, 0.15307069035205895, 0.1957474171359199, 0.3201135363491284, 1.0947728947252522]",2.9207045277897556e-06,2.9534019894599646e-06,True
"[0.11969831626736879, 0.15307069035205895, 0.1957474171359199, 0.3201135363491284, 1.4]",3.8950948098498505e-06,3.940432616120617e-06,True
"[0.11969831626736879, 0.15307069035205895, 0.1957474171359199, 0.4093624833498013, 0.5234943972864351]",1.6763844580879575e-06,1.7002343475465637e-06,True
"[0.11969831626736879, 0.15307069035205895, 0.1957474171359199, 0.4093624833498013, 0.6694467498530259]",3.062585169639164e-06,3.097046152350561e-06,True
"[0.11969831626736879, 0.15307069035205895, 0.1957474171359199, 0.4093624833498013, 0.8560912078750774]",4.773120550360586e-06,4.827714930659064e-06,True
"[0.11969831626736879, 0.15307069035205895, 0.1957474171359199, 0.4093624833498013, 1.0947728947252522]",6.816375862616363e-06,6.897813711155803e-06,True
"[0.11969831626736879, 0.15307069035205895, 0.1957474171359199, 0.4093624833498013, 1.4]",9.079344949142933e-06,9.193089787748058e-06,True
"[0.11969831626736879, 0.15307069035205895, 0.1957474171359199, 0.5234943972864351, 0.6694467498530259]",5.680045454313284e-06,5.757511971619599e-06,True
"[0.11969831626736879, 0.15307069035205895, 0.1957474171359199, 0.5234943972864351, 0.8560912078750774]",9.036626179363433e-06,9.149990274259824e-06,True
"[0.11969831626736879, 0.15307069035205895, 0.1957474171359199, 0.5234943972864351, 1.0947728947252522]",1.2904599507380771e-05,1.3072934136228278e-05,True
"[0.11969831626736879, 0.15307069035205895, 0.1957474171359199, 0.5234943972864351, 1.4]",1.718701115579563e-05,1.7423522532971816e-05,True
"[0.11969831626736879, 0.15307069035205895, 0.1957474171359199, 0.6694467498530259, 0.8560912078750774]",1.4904190686997327e-05,1.5127639566708822e-05,True
"[0.11969831626736879, 0.15307069035205895, 0.1957474171359199, 0.6694467498530259, 1.0947728947252522]",2.1531682710538324e-05,2.184442039840307e-05,True
"[0.11969831626736879, 0.15307069035205895, 0.1957474171359199, 0.6694467498530259, 1.4]",2.8708443939952623e-05,2.9147447661755508e-05,True
"[0.11969831626736879, 0.15307069035205895, 0.1957474171359199, 0.8560912078750774, 1.0947728947252522]",3.2565181957358635e-05,3.3122024489543835e-05,True
"[0.11969831626736879, 0.15307069035205895, 0.1957474171359199, 0.8560912078750774, 1.4]",4.3725872486397534e-05,4.447440529522327e-05,True
"[0.11969831626736879, 0.15307069035205895, 0.1957474171359199, 1.0947728947252522, 1.4]",6.155931840105182e-05,6.278053775265117e-05,True
"[0.11969831626736879, 0.15307069035205895, 0.25032258773548044, 0.3201135363491284, 0.4093624833498013]",2.462457563844037e-07,2.512327652909816e-07,True
"[0.11969831626736879, 0.15307069035205895, 0.25032258773548044, 0.3201135363491284, 0.5234943972864351]",7.058514655383272e-07,7.192694536795465e-07,True
"[0.11969831626736879, 0.15307069035205895, 0.25032258773548044, 0.3201135363491284, 0.6694467498530259]",1.4181952062661977e-06,1.444466791651549e-06,True
"[0.11969831626736879, 0.15307069035205895, 0.25032258773548044, 0.3201135363491284, 0.8560912078750774]",2.406518926212049e-06,2.4504608856591754e-06,True
"[0.11969831626736879, 0.15307069035205895, 0.25032258773548044, 0.3201135363491284, 1.0947728947252522]",3.6408778224790462e-06,3.7067141840542815e-06,True
"[0.11969831626736879, 0.15307069035205895, 0.25032258773548044, 0.3201135363491284, 1.4]",5.041650822142045e-06,5.1321675565710105e-06,True
"[0.11969831626736879, 0.15307069035205895, 0.25032258773548044, 0.4093624833498013, 0.5234943972864351]",2.449495499402442e-06,2.5202546199460524e-06,True
"[0.11969831626736879, 0.15307069035205895, 0.25032258773548044, 0.4093624833498013, 0.6694467498530259]",5.744153933839894e-06,5.86655071226752e-06,True
"[0.11969831626736879, 0.15307069035205895, 0.25032258773548044, 0.4093624833498013, 0.8560912078750774]",9.915034853943549e-06,1.0104639657955247e-05,True
"[0.11969831626736879, 0.15307069035205895, 0.25032258773548044, 0.4093624833498013, 1.0947728947252522]",1.5005112325403828e-05,1.5279105477763304e-05,True
"[0.11969831626736879, 0.15307069035205895, 0.25032258773548044, 0.4093624833498013, 1.4]",2.073119813046433e-05,2.1118227519934045e-05,True
"[0.11969831626736879, 0.15307069035205895, 0.25032258773548044, 0.5234943972864351, 0.6694467498530259]",1.23427386435354e-05,1.2732410129388127e-05,True
"[0.11969831626736879, 0.15307069035205895, 0.25032258773548044, 0.5234943972864351, 0.8560912078750774]",2.3109407662212525e-05,2.358446665736017e-05,True
"[0.11969831626736879, 0.15307069035205895, 0.25032258773548044, 0.5234943972864351, 1.0947728947252522]",3.500994445782922e-05,3.568101058822472e-05,True
"[0.11969831626736879, 0.15307069035205895, 0.25032258773548044, 0.5234943972864351, 1.4]",4.820341162506802e-05,4.914649597590705e-05,True
"[0.11969831626736879, 0.15307069035205895, 0.25032258773548044, 0.6694467498530259, 0.8560912078750774]",4.0267132957282e-05,4.155466042383805e-05,True
"[0.11969831626736879, 0.15307069035205895, 0.25032258773548044, 0.6694467498530259, 1.0947728947252522]",6.413765336530337e-05,6.548876630857338e-05,True
"[0.11969831626736879, 0.15307069035205895, 0.25032258773548044, 0.6694467498530259, 1.4]",8.845951516678369e-05,9.03252765743063e-05,True
"[0.11969831626736879, 0.15307069035205895, 0.25032258773548044, 0.8560912078750774, 1.0947728947252522]",9.926840356920357e-05,0.00010250558070783617,True
"[0.11969831626736879, 0.15307069035205895, 0.25032258773548044, 0.8560912078750774, 1.4]",0.0001414317136330311,0.00014475087953316063,True
"[0.11969831626736879, 0.15307069035205895, 0.25032258773548044, 1.0947728947252522, 1.4]",0.0002011860135700227,0.00020821161525841215,True
"[0.11969831626736879, 0.15307069035205895, 0.3201135363491284, 0.4093624833498013, 0.5234943972864351]",1.3416844850733833e-06,1.391456105299495e-06,True
"[0.11969831626736879, 0.15307069035205895, 0.3201135363491284, 0.4093624833498013, 0.6694467498530259]",3.937404641053677e-06,4.075647089252004e-06,True
"[0.11969831626736879, 0.15307069035205895, 0.3201135363491284, 0.4093624833498013, 0.8560912078750774]",7.795100537198359e-06,8.060875176300897e-06,True
"[0.11969831626736879, 0.15307069035205895, 0.3201135363491284, 0.4093624833498013, 1.0947728947252522]",1.2850813613120387e-05,1.3281491578535872e-05,True
"[0.11969831626736879, 0.15307069035205895, 0.3201135363491284, 0.4093624833498013, 1.4]",1.8802238824932697e-05,1.9425442591951676e-05,True
"[0.11969831626736879, 0.15307069035205895, 0.3201135363491284, 0.5234943972864351, 0.6694467498530259]",1.3188045944344095e-05,1.3930224149614196e-05,True
"[0.11969831626736879, 0.15307069035205895, 0.3201135363491284, 0.5234943972864351, 0.8560912078750774]",3.19369081304993e-05,3.322864413022902e-05,True
"[0.11969831626736879, 0.15307069035205895, 0.3201135363491284, 0.5234943972864351, 1.0947728947252522]",5.3949962464073664e-05,5.586120958688818e-05,True
"[0.11969831626736879, 0.15307069035205895, 0.3201135363491284, 0.5234943972864351, 1.4]",7.901101500762931e-05,8.163388747488767e-05,True
"[0.11969831626736879, 0.15307069035205895, 0.3201135363491284, 0.6694467498530259, 0.8560912078750774]",6.300101411835666e-05,6.721405591977415e-05,True
"[0.11969831626736879, 0.15307069035205895, 0.3201135363491284, 0.6694467498530259, 1.0947728947252522]",0.00012107431905358542,0.00012593957134041195,True
"[0.11969831626736879, 0.15307069035205895, 0.3201135363491284, 0.6694467498530259, 1.4]",0.00017866295389069455,0.00018465862567226766,True
"[0.11969831626736879, 0.15307069035205895, 0.3201135363491284, 0.8560912078750774, 1.0947728947252522]",0.00019181140818406154,0.0002059095997619173,True
"[0.11969831626736879, 0.15307069035205895, 0.3201135363491284, 0.8560912078750774, 1.4]",0.0003103089851922941,0.0003227035101672442,True
"[0.11969831626736879, 0.15307069035205895, 0.3201135363491284, 1.0947728947252522, 1.4]",0.0004359262631505111,0.0004711962165217381,True
"[0.11969831626736879, 0.15307069035205895, 0.4093624833498013, 0.5234943972864351, 0.6694467498530259]",5.883272859473965e-06,6.289380255397946e-06,True
"[0.11969831626736879, 0.15307069035205895, 0.4093624833498013, 0.5234943972864351, 0.8560912078750774]",1.7560814507096062e-05,1.8691603653471235e-05,True
"[0.11969831626736879, 0.15307069035205895, 0.4093624833498013, 0.5234943972864351, 1.0947728947252522]",3.4066319790864906e-05,3.617623550949502e-05,True
"[0.11969831626736879, 0.15307069035205895, 0.4093624833498013, 0.5234943972864351, 1.4]",5.448801795376908e-05,5.7786866092697416e-05,True
"[0.11969831626736879, 0.15307069035205895, 0.4093624833498013, 0.6694467498530259, 0.8560912078750774]",5.43765886973716e-05,6.0251365377059727e-05,True
"[0.11969831626736879, 0.15307069035205895, 0.4093624833498013, 0.6694467498530259, 1.0947728947252522]",0.00013514218206675448,0.00014543469734649585,True
"[0.11969831626736879, 0.15307069035205895, 0.4093624833498013, 0.6694467498530259, 1.4]",0.00022347191969793173,0.0002380477796768322,True
"[0.11969831626736879, 0.15307069035205895, 0.4093624833498013, 0.8560912078750774, 1.0947728947252522]",0.00023604058904063454,0.0002690864729060368,True
"[0.11969831626736879, 0.15307069035205895, 0.4093624833498013, 0.8560912078750774, 1.4]",0.00047191917072344916,0.0005095016924714792,True
"[0.11969831626736879, 0.15307069035205895, 0.4093624833498013, 1.0947728947252522, 1.4]",0.0006525340752331449,0.0007637275701154102,True
"[0.11969831626736879, 0.15307069035205895, 0.5234943972864351, 0.6694467498530259, 0.8560912078750774]",2.0881683830608162e-05,2.3563826669210883e-05,True
"[0.11969831626736879, 0.15307069035205895, 0.5234943972864351, 0.6694467498530259, 1.0947728947252522]",6.281171093932253e-05,7.021297949358562e-05,True
"[0.11969831626736879, 0.15307069035205895, 0.5234943972864351, 0.6694467498530259, 1.4]",0.0001191196647001194,0.00013249752850249077,True
"[0.11969831626736879, 0.15307069035205895, 0.5234943972864351, 0.8560912078750774, 1.0947728947252522]",0.00017242369079097574,0.0002084605100837726,True
"[0.11969831626736879, 0.15307069035205895, 0.5234943972864351, 0.8560912078750774, 1.4]",0.0004427817119016586,0.0005072893817541955,True
"[0.11969831626736879, 0.15307069035205895, 0.5234943972864351, 1.0947728947252522, 1.4]",0.0006545127353591794,0.000849721920850118,True
"[0.11969831626736879, 0.15307069035205895, 0.6694467498530259, 0.8560912078750774, 1.0947728947252522]",5.8781066424330444e-05,7.290936853110559e-05,True
"[0.11969831626736879, 0.15307069035205895, 0.6694467498530259, 0.8560912078750774, 1.4]",0.000177473431477427,0.00021615409191201278,True
"[0.11969831626736879, 0.15307069035205895, 0.6694467498530259, 1.0947728947252522, 1.4]",0.0004127145157831371,0.0005838039574203026,True
"[0.11969831626736879, 0.15307069035205895, 0.8560912078750774, 1.0947728947252522, 1.4]",0.0001274744733481464,0.0001857989960677051,True
"[0.11969831626736879, 0.1957474171359199, 0.25032258773548044, 0.3201135363491284, 0.4093624833498013]",3.668275237514748e-07,3.7410946456934984e-07,True
"[0.11969831626736879, 0.1957474171359199, 0.25032258773548044, 0.3201135363491284, 0.5234943972864351]",1.012527505084663e-06,1.029445946184107e-06,True
"[0.11969831626736879, 0.1957474171359199, 0.25032258773548044, 0.3201135363491284, 0.6694467498530259]",1.951010139409335e-06,1.9813234610985784e-06,True
"[0.11969831626736879, 0.1957474171359199, 0.25032258773548044, 0.3201135363491284, 0.8560912078750774]",3.209617970643419e-06,3.25758713772323e-06,True
"[0.11969831626736879, 0.1957474171359199, 0.25032258773548044, 0.3201135363491284, 1.0947728947252522]",4.747566298219734e-06,4.818215517548989e-06,True
"[0.11969831626736879, 0.1957474171359199, 0.25032258773548044, 0.3201135363491284, 1.4]",6.4653998142142175e-06,6.564318826253536e-06,True
"[0.11969831626736879, 0.1957474171359199, 0.25032258773548044, 0.4093624833498013, 0.5234943972864351]",2.8249971092011916e-06,2.8978520220428277e-06,True
"[0.11969831626736879, 0.1957474171359199, 0.25032258773548044, 0.4093624833498013, 0.6694467498530259]",6.250545963344819e-06,6.360660687463401e-06,True
"[0.11969831626736879, 0.1957474171359199, 0.25032258773548044, 0.4093624833498013, 0.8560912078750774]",1.038383247226856e-05,1.0546623287288906e-05,True
"[0.11969831626736879, 0.1957474171359199, 0.25032258773548044, 0.4093624833498013, 1.0947728947252522]",1.5305649970526145e-05,1.55495349428817e-05,True
"[0.11969831626736879, 0.1957474171359199, 0.25032258773548044, 0.4093624833498013, 1.4]",2.0781704763453136e-05,2.1123158303036587e-05,True
"[0.11969831626736879, 0.1957474171359199, 0.25032258773548044, 0.5234943972864351, 0.6694467498530259]",1.2286308279309395e-05,1.2617997286366661e-05,True
"[0.11969831626736879, 0.1957474171359199, 0.25032258773548044, 0.5234943972864351, 0.8560912078750774]",2.193831042574077e-05,2.2316830962541148e-05,True
"[0.11969831626736879, 0.1957474171359199, 0.25032258773548044, 0.5234943972864351, 1.0947728947252522]",3.2371673611824705e-05,3.292547197981882e-05,True
"[0.11969831626736879, 0.1957474171359199, 0.25032258773548044, 0.5234943972864351, 1.4]",4.3846362177159425e-05,4.462140760281918e-05,True
"[0.11969831626736879, 0.1957474171359199, 0.25032258773548044, 0.6694467498530259, 0.8560912078750774]",3.667241712108814e-05,3.7649956941315344e-05,True
"[0.11969831626736879, 0.1957474171359199, 0.25032258773548044, 0.6694467498530259, 1.0947728947252522]",5.645972870066825e-05,5.7541127044986974e-05,True
"[0.11969831626736879, 0.1957474171359199, 0.25032258773548044, 0.6694467498530259, 1.4]",7.663503659660753e-05,7.8128225831309e-05,True
"[0.11969831626736879, 0.1957474171359199, 0.25032258773548044, 0.8560912078750774, 1.0947728947252522]",8.565778902710214e-05,8.797161255825904e-05,True
"[0.11969831626736879, 0.1957474171359199, 0.25032258773548044, 0.8560912078750774, 1.4]",0.00011922526205807168,0.00012184787134193651,True
"[0.11969831626736879, 0.1957474171359199, 0.25032258773548044, 1.0947728947252522, 1.4]",0.00016794860731854779,0.0001728329553121504,True
"[0.11969831626736879, 0.1957474171359199, 0.3201135363491284, 0.4093624833498013, 0.5234943972864351]",2.089562803070527e-06,2.147924996798593e-06,True
"[0.11969831626736879, 0.1957474171359199, 0.3201135363491284, 0.4093624833498013, 0.6694467498530259]",5.192446572128513e-06,5.329321516914716e-06,True
"[0.11969831626736879, 0.1957474171359199, 0.3201135363491284, 0.4093624833498013, 0.8560912078750774]",9.472356372309274e-06,9.717728368440741e-06,True
"[0.11969831626736879, 0.1957474171359199, 0.3201135363491284, 0.4093624833498013, 1.0947728947252522]",1.4883068108783332e-05,1.5266420049097795e-05,True
"[0.11969831626736879, 0.1957474171359199, 0.3201135363491284, 0.4093624833498013, 1.4]",2.1117847313464507e-05,2.1660882526730547e-05,True
"[0.11969831626736879, 0.1957474171359199, 0.3201135363491284, 0.5234943972864351, 0.6694467498530259]",1.3747416727913334e-05,1.4412553719317383e-05,True
"[0.11969831626736879, 0.1957474171359199, 0.3201135363491284, 0.5234943972864351, 0.8560912078750774]",3.086163036240142e-05,3.192629684175462e-05,True
"[0.11969831626736879, 0.1957474171359199, 0.3201135363491284, 0.5234943972864351, 1.0947728947252522]",5.0376987174021205e-05,5.1908235842341436e-05,True
"[0.11969831626736879, 0.1957474171359199, 0.3201135363491284, 0.5234943972864351, 1.4]",7.234342351306591e-05,7.442131669545613e-05,True
"[0.11969831626736879, 0.1957474171359199, 0.3201135363491284, 0.6694467498530259, 0.8560912078750774]",5.801348428962934e-05,6.143482245762286e-05,True
"[0.11969831626736879, 0.1957474171359199, 0.3201135363491284, 0.6694467498530259, 1.0947728947252522]",0.00010669989235131295,0.00011049434170646777,True
"[0.11969831626736879, 0.1957474171359199, 0.3201135363491284, 0.6694467498530259, 1.4]",0.00015484241624078767,0.00015950764100731995,True
"[0.11969831626736879, 0.1957474171359199, 0.3201135363491284, 0.8560912078750774, 1.0947728947252522]",0.00016762627685037494,0.00017851815395836327,True
"[0.11969831626736879, 0.1957474171359199, 0.3201135363491284, 0.8560912078750774, 1.4]",0.0002639293193897757,0.0002734935960683092,True
"[0.11969831626736879, 0.1957474171359199, 0.3201135363491284, 1.0947728947252522, 1.4]",0.00037215580618910895,0.00039882377012116435,True
"[0.11969831626736879, 0.1957474171359199, 0.4093624833498013, 0.5234943972864351, 0.6694467498530259]",8.432762869710815e-06,8.838538128444302e-06,True
"[0.11969831626736879, 0.1957474171359199, 0.4093624833498013, 0.5234943972864351, 0.8560912078750774]",2.069125597776351e-05,2.171338979309546e-05,True
"[0.11969831626736879, 0.1957474171359199, 0.4093624833498013, 0.5234943972864351, 1.0947728947252522]",3.71069013860506e-05,3.8950881409140456e-05,True
"[0.11969831626736879, 0.1957474171359199, 0.4093624833498013, 0.5234943972864351, 1.4]",5.6929337841501346e-05,5.976952938854229e-05,True
"[0.11969831626736879, 0.1957474171359199, 0.4093624833498013, 0.6694467498530259, 0.8560912078750774]",5.3927018205970504e-05,5.910393757879684e-05,True
"[0.11969831626736879, 0.1957474171359199, 0.4093624833498013, 0.6694467498530259, 1.0947728947252522]",0.00012593322654332555,0.00013464910169977166,True
"[0.11969831626736879, 0.1957474171359199, 0.4093624833498013, 0.6694467498530259, 1.4]",0.0002036447196922919,0.00021590874248883784,True
"[0.11969831626736879, 0.1957474171359199, 0.4093624833498013, 0.8560912078750774, 1.0947728947252522]",0.00021695552235772978,0.0002451045789624853,True
"[0.11969831626736879, 0.1957474171359199, 0.4093624833498013, 0.8560912078750774, 1.4]",0.0004205810348391029,0.0004522058259129452,True
"[0.11969831626736879, 0.1957474171359199, 0.4093624833498013, 1.0947728947252522, 1.4]",0.0005879198166220752,0.0006816915305951839,True
"[0.11969831626736879, 0.1957474171359199, 0.5234943972864351, 0.6694467498530259, 0.8560912078750774]",2.7334687689366603e-05,2.985227559154598e-05,True
"[0.11969831626736879, 0.1957474171359199, 0.5234943972864351, 0.6694467498530259, 1.0947728947252522]",6.8534353534067e-05,7.513998907121161e-05,True
"[0.11969831626736879, 0.1957474171359199, 0.5234943972864351, 0.6694467498530259, 1.4]",0.00012202761219989392,0.00013380593001225042,True
"[0.11969831626736879, 0.1957474171359199, 0.5234943972864351, 0.8560912078750774, 1.0947728947252522]",0.00016825808121247223,0.00020054678956500622,True
"[0.11969831626736879, 0.1957474171359199, 0.5234943972864351, 0.8560912078750774, 1.4]",0.00041236056051770616,0.00046934148846813494,True
"[0.11969831626736879, 0.1957474171359199, 0.5234943972864351, 1.0947728947252522, 1.4]",0.0006118923007564617,0.0007868524271275867,True
"[0.11969831626736879, 0.1957474171359199, 0.6694467498530259, 0.8560912078750774, 1.0947728947252522]",7.251969854472334e-05,8.558459391889682e-05,True
"[0.11969831626736879, 0.1957474171359199, 0.6694467498530259, 0.8560912078750774, 1.4]",0.00018623146683319043,0.00022112404325503823,True
"[0.11969831626736879, 0.1957474171359199, 0.6694467498530259, 1.0947728947252522, 1.4]",0.0004033426573791961,0.0005597715407393237,True
"[0.11969831626736879, 0.1957474171359199, 0.8560912078750774, 1.0947728947252522, 1.4]",0.00015410532182168427,0.00020814367180302693,True
"[0.11969831626736879, 0.25032258773548044, 0.3201135363491284, 0.4093624833498013, 0.5234943972864351]",2.5610931270754576e-06,2.648368299602813e-06,True
"[0.11969831626736879, 0.25032258773548044, 0.3201135363491284, 0.4093624833498013, 0.6694467498530259]",6.8694149713200065e-06,7.059624195977332e-06,True
"[0.11969831626736879, 0.25032258773548044, 0.3201135363491284, 0.4093624833498013, 0.8560912078750774]",1.2584096708616672e-05,1.2899709705275887e-05,True
"[0.11969831626736879, 0.25032258773548044, 0.3201135363491284, 0.4093624833498013, 1.0947728947252522]",1.962514958924354e-05,2.009162446895615e-05,True
"[0.11969831626736879, 0.25032258773548044, 0.3201135363491284, 0.4093624833498013, 1.4]",2.76053741962731e-05,2.824099873186224e-05,True
"[0.11969831626736879, 0.25032258773548044, 0.3201135363491284, 0.5234943972864351, 0.6694467498530259]",1.623748251707681e-05,1.6999202724259523e-05,True
"[0.11969831626736879, 0.25032258773548044, 0.3201135363491284, 0.5234943972864351, 0.8560912078750774]",3.5440041120034074e-05,3.6501060522931056e-05,True
"[0.11969831626736879, 0.25032258773548044, 0.3201135363491284, 0.5234943972864351, 1.0947728947252522]",5.6116077956226695e-05,5.751938561395568e-05,True
"[0.11969831626736879, 0.25032258773548044, 0.3201135363491284, 0.5234943972864351, 1.4]",7.869516508725276e-05,8.058089819438882e-05,True
"[0.11969831626736879, 0.25032258773548044, 0.3201135363491284, 0.6694467498530259, 0.8560912078750774]",6.149637313415577e-05,6.471758022642386e-05,True
"[0.11969831626736879, 0.25032258773548044, 0.3201135363491284, 0.6694467498530259, 1.0947728947252522]",0.00010825201968697162,0.00011138980710204072,True
"[0.11969831626736879, 0.25032258773548044, 0.3201135363491284, 0.6694467498530259, 1.4]",0.00015258247859151455,0.00015654214018680484,True
"[0.11969831626736879, 0.25032258773548044, 0.3201135363491284, 0.8560912078750774, 1.0947728947252522]",0.00016287022478725136,0.00017181885377982124,True
"[0.11969831626736879, 0.25032258773548044, 0.3201135363491284, 0.8560912078750774, 1.4]",0.0002468556861445709,0.00025415320900435074,True
"[0.11969831626736879, 0.25032258773548044, 0.3201135363491284, 1.0947728947252522, 1.4]",0.00034056737194642083,0.000360721654747756,True
"[0.11969831626736879, 0.25032258773548044, 0.4093624833498013, 0.5234943972864351, 0.6694467498530259]",1.270522244707248e-05,1.3245887037438064e-05,True
"[0.11969831626736879, 0.25032258773548044, 0.4093624833498013, 0.5234943972864351, 0.8560912078750774]",2.8572294235246912e-05,2.9684677294614072e-05,True
"[0.11969831626736879, 0.25032258773548044, 0.4093624833498013, 0.5234943972864351, 1.0947728947252522]",4.814054662623101e-05,4.9968084996369325e-05,True
"[0.11969831626736879, 0.25032258773548044, 0.4093624833498013, 0.5234943972864351, 1.4]",7.081648838191543e-05,7.349250263273541e-05,True
"[0.11969831626736879, 0.25032258773548044, 0.4093624833498013, 0.6694467498530259, 0.8560912078750774]",6.036799488689418e-05,6.53201130333705e-05,True
"[0.11969831626736879, 0.25032258773548044, 0.4093624833498013, 0.6694467498530259, 1.0947728947252522]",0.0001298340051561578,0.00013727637030059426,True
"[0.11969831626736879, 0.25032258773548044, 0.4093624833498013, 0.6694467498530259, 1.4]",0.000201435990326501,0.00021143502322672385,True
"[0.11969831626736879, 0.25032258773548044, 0.4093624833498013, 0.8560912078750774, 1.0947728947252522]",0.00021111030667068383,0.0002348295550515389,True
"[0.11969831626736879, 0.25032258773548044, 0.4093624833498013, 0.8560912078750774, 1.4]",0.00038622102796473525,0.00041101800703078646,True
"[0.11969831626736879, 0.25032258773548044, 0.4093624833498013, 1.0947728947252522, 1.4]",0.0005347510997504017,0.0006083628627896852,True
"[0.11969831626736879, 0.25032258773548044, 0.5234943972864351, 0.6694467498530259, 0.8560912078750774]",4.205374336720208e-05,4.480890553775965e-05,True
"[0.11969831626736879, 0.25032258773548044, 0.5234943972864351, 0.6694467498530259, 1.0947728947252522]",8.891064883388884e-05,9.512256588660976e-05,True
"[0.11969831626736879, 0.25032258773548044, 0.5234943972864351, 0.6694467498530259, 1.4]",0.00014541494545074402,0.0001559137586014869,True
"[0.11969831626736879, 0.25032258773548044, 0.5234943972864351, 0.8560912078750774, 1.0947728947252522]",0.0001794597266581786,0.00020855510459553465,True
"[0.11969831626736879, 0.25032258773548044, 0.5234943972864351, 0.8560912078750774, 1.4]",0.00040216201844666327,0.000450387512522685,True
"[0.11969831626736879, 0.25032258773548044, 0.5234943972864351, 1.0947728947252522, 1.4]",0.0005837532594336287,0.0007333839427342329,True
"[0.11969831626736879, 0.25032258773548044, 0.6694467498530259, 0.8560912078750774, 1.0947728947252522]",0.00010836682236284942,0.00012120453101213357,True
"[0.11969831626736879, 0.25032258773548044, 0.6694467498530259, 0.8560912078750774, 1.4]",0.00022707544344139044,0.0002584857652838445,True
"[0.11969831626736879, 0.25032258773548044, 0.6694467498530259, 1.0947728947252522, 1.4]",0.0004224970873155836,0.0005627537129260987,True
"[0.11969831626736879, 0.25032258773548044, 0.8560912078750774, 1.0947728947252522, 1.4]",0.0002268885777944726,0.00027788878930592667,True
"[0.11969831626736879, 0.3201135363491284, 0.4093624833498013, 0.5234943972864351, 0.6694467498530259]",1.325420164833245e-05,1.4035879201071593e-05,True
"[0.11969831626736879, 0.3201135363491284, 0.4093624833498013, 0.5234943972864351, 0.8560912078750774]",3.436162396511164e-05,3.596977302168576e-05,True
"[0.11969831626736879, 0.3201135363491284, 0.4093624833498013, 0.5234943972864351, 1.0947728947252522]",5.9976981998697313e-05,6.246619751153193e-05,True
"[0.11969831626736879, 0.3201135363491284, 0.4093624833498013, 0.5234943972864351, 1.4]",8.909635724640396e-05,9.255783070772958e-05,True
"[0.11969831626736879, 0.3201135363491284, 0.4093624833498013, 0.6694467498530259, 0.8560912078750774]",6.968260245630499e-05,7.564849128538734e-05,True
"[0.11969831626736879, 0.3201135363491284, 0.4093624833498013, 0.6694467498530259, 1.0947728947252522]",0.00015010370660734526,0.00015798228738333174,True
"[0.11969831626736879, 0.3201135363491284, 0.4093624833498013, 0.6694467498530259, 1.4]",0.00022790197217741184,0.00023754499173093407,True
"[0.11969831626736879, 0.3201135363491284, 0.4093624833498013, 0.8560912078750774, 1.0947728947252522]",0.00022866863305302492,0.00025228851264085835,True
"[0.11969831626736879, 0.3201135363491284, 0.4093624833498013, 0.8560912078750774, 1.4]",0.00040224540722267666,0.0004236195366841905,True
"[0.11969831626736879, 0.3201135363491284, 0.4093624833498013, 1.0947728947252522, 1.4]",0.0005369412858649719,0.0006001658398610028,True
"[0.11969831626736879, 0.3201135363491284, 0.5234943972864351, 0.6694467498530259, 0.8560912078750774]",5.845024928849087e-05,6.244333038146916e-05,True
"[0.11969831626736879, 0.3201135363491284, 0.5234943972864351, 0.6694467498530259, 1.0947728947252522]",0.0001213839736393246,0.00012868142866870287,True
"[0.11969831626736879, 0.3201135363491284, 0.5234943972864351, 0.6694467498530259, 1.4]",0.00019118342648788498,0.00020222498239290672,True
"[0.11969831626736879, 0.3201135363491284, 0.5234943972864351, 0.8560912078750774, 1.0947728947252522]",0.0002089046115419024,0.0002382702439016871,True
"[0.11969831626736879, 0.3201135363491284, 0.5234943972864351, 0.8560912078750774, 1.4]",0.00043277695884673184,0.00047523829785674486,True
"[0.11969831626736879, 0.3201135363491284, 0.5234943972864351, 1.0947728947252522, 1.4]",0.0005958196714813188,0.0007261161898661539,True
"[0.11969831626736879, 0.3201135363491284, 0.6694467498530259, 0.8560912078750774, 1.0947728947252522]",0.00016573268602689017,0.00018121838684942272,True
"[0.11969831626736879, 0.3201135363491284, 0.6694467498530259, 0.8560912078750774, 1.4]",0.00030999923051430267,0.0003409795331088901,True
"[0.11969831626736879, 0.3201135363491284, 0.6694467498530259, 1.0947728947252522, 1.4]",0.00048566522506846076,0.0006155528923842444,True
"[0.11969831626736879, 0.3201135363491284, 0.8560912078750774, 1.0947728947252522, 1.4]",0.0003592278945472729,0.0004130972275674721,True
"[0.11969831626736879, 0.4093624833498013, 0.5234943972864351, 0.6694467498530259, 0.8560912078750774]",5.340788335276414e-05,5.892523828749992e-05,True
"[0.11969831626736879, 0.4093624833498013, 0.5234943972864351, 0.6694467498530259, 1.0947728947252522]",0.00013387239838043172,0.00014466487059594475,True
"[0.11969831626736879, 0.4093624833498013, 0.5234943972864351, 0.6694467498530259, 1.4]",0.00022371333362814798,0.0002394123714808211,True
"[0.11969831626736879, 0.4093624833498013, 0.5234943972864351, 0.8560912078750774, 1.0947728947252522]",0.00023145343973903924,0.00026807389404054854,True
"[0.11969831626736879, 0.4093624833498013, 0.5234943972864351, 0.8560912078750774, 1.4]",0.0004968812168672094,0.0005441155287124036,True
"[0.11969831626736879, 0.4093624833498013, 0.5234943972864351, 1.0947728947252522, 1.4]",0.000650283769817948,0.0007862523837390823,True
"[0.11969831626736879, 0.4093624833498013, 0.6694467498530259, 0.8560912078750774, 1.0947728947252522]",0.0002109985470853045,0.00023494803361303744,True
"[0.11969831626736879, 0.4093624833498013, 0.6694467498530259, 0.8560912078750774, 1.4]",0.0004104477922669947,0.0004497890826754929,True
"[0.11969831626736879, 0.4093624833498013, 0.6694467498530259, 1.0947728947252522, 1.4]",0.000577445710375834,0.0007164954769376886,True
"[0.11969831626736879, 0.4093624833498013, 0.8560912078750774, 1.0947728947252522, 1.4]",0.0005265339168238517,0.0005996061948459331,True
"[0.11969831626736879, 0.5234943972864351, 0.6694467498530259, 0.8560912078750774, 1.0947728947252522]",0.00016934594895903876,0.0002005818174542498,True
"[0.11969831626736879, 0.5234943972864351, 0.6694467498530259, 0.8560912078750774, 1.4]",0.00041365884361236076,0.00047261801089644516,True
"[0.11969831626736879, 0.5234943972864351, 0.6694467498530259, 1.0947728947252522, 1.4]",0.000598590312877104,0.0007773510694691993,True
"[0.11969831626736879, 0.5234943972864351, 0.8560912078750774, 1.0947728947252522, 1.4]",0.0006060615244668619,0.0007246884834249533,True
"[0.11969831626736879, 0.6694467498530259, 0.8560912078750774, 1.0947728947252522, 1.4]",0.0004191361386783196,0.0005611572633219291,True
"[0.15307069035205895, 0.1957474171359199, 0.25032258773548044, 0.3201135363491284, 0.4093624833498013]",1.6266445854656117e-07,1.6593738547183984e-07,True
"[0.15307069035205895, 0.1957474171359199, 0.25032258773548044, 0.3201135363491284, 0.5234943972864351]",4.508061754318793e-07,4.5886088999024723e-07,True
"[0.15307069035205895, 0.1957474171359199, 0.25032258773548044, 0.3201135363491284, 0.6694467498530259]",8.86269337114883e-07,9.014676150311222e-07,True
"[0.15307069035205895, 0.1957474171359199, 0.25032258773548044, 0.3201135363491284, 0.8560912078750774]",1.4841755388189474e-06,1.5091243155794689e-06,True
"[0.15307069035205895, 0.1957474171359199, 0.25032258773548044, 0.3201135363491284, 1.0947728947252522]",2.2266700201005397e-06,2.2643692475201102e-06,True
"[0.15307069035205895, 0.1957474171359199, 0.25032258773548044, 0.3201135363491284, 1.4]",3.0666113866312433e-06,3.1201832190441364e-06,True
"[0.15307069035205895, 0.1957474171359199, 0.25032258773548044, 0.4093624833498013, 0.5234943972864351]",1.5065687081883512e-06,1.5438336437688288e-06,True
"[0.15307069035205895, 0.1957474171359199, 0.25032258773548044, 0.4093624833498013, 0.6694467498530259]",3.283058944882694e-06,3.344447451728397e-06,True
"[0.15307069035205895, 0.1957474171359199, 0.25032258773548044, 0.4093624833498013, 0.8560912078750774]",5.538670282533683e-06,5.636055020737581e-06,True
"[0.15307069035205895, 0.1957474171359199, 0.25032258773548044, 0.4093624833498013, 1.0947728947252522]",8.29303247649542e-06,8.442863375078107e-06,True
"[0.15307069035205895, 0.1957474171359199, 0.25032258773548044, 0.4093624833498013, 1.4]",1.1405262722102377e-05,1.1618534628085798e-05,True
"[0.15307069035205895, 0.1957474171359199, 0.25032258773548044, 0.5234943972864351, 0.6694467498530259]",7.091447838990022e-06,7.272508107939267e-06,True
"[0.15307069035205895, 0.1957474171359199, 0.25032258773548044, 0.5234943972864351, 0.8560912078750774]",1.2598635481532446e-05,1.283877027105257e-05,True
"[0.15307069035205895, 0.1957474171359199, 0.25032258773548044, 0.5234943972864351, 1.0947728947252522]",1.8878669483679287e-05,1.9243270473802333e-05,True
"[0.15307069035205895, 0.1957474171359199, 0.25032258773548044, 0.5234943972864351, 1.4]",2.592499697366468e-05,2.6444769253145696e-05,True
"[0.15307069035205895, 0.1957474171359199, 0.25032258773548044, 0.6694467498530259, 0.8560912078750774]",2.2382300438770874e-05,2.2953264672288926e-05,True
"[0.15307069035205895, 0.1957474171359199, 0.25032258773548044, 0.6694467498530259, 1.0947728947252522]",3.4561856092338265e-05,3.529635236779983e-05,True
"[0.15307069035205895, 0.1957474171359199, 0.25032258773548044, 0.6694467498530259, 1.4]",4.7541214564007896e-05,4.8581228835860554e-05,True
"[0.15307069035205895, 0.1957474171359199, 0.25032258773548044, 0.8560912078750774, 1.0947728947252522]",5.464609773284052e-05,5.6078088465443285e-05,True
"[0.15307069035205895, 0.1957474171359199, 0.25032258773548044, 0.8560912078750774, 1.4]",7.647415142504407e-05,7.833012160278602e-05,True
"[0.15307069035205895, 0.1957474171359199, 0.25032258773548044, 1.0947728947252522, 1.4]",0.0001108784952190832,0.00011406940590462706,True
"[0.15307069035205895, 0.1957474171359199, 0.3201135363491284, 0.4093624833498013, 0.5234943972864351]",1.079544361672939e-06,1.1161353170772677e-06,True
"[0.15307069035205895, 0.1957474171359199, 0.3201135363491284, 0.4093624833498013, 0.6694467498530259]",2.965854891440707e-06,3.0608468657373647e-06,True
"[0.15307069035205895, 0.1957474171359199, 0.3201135363491284, 0.4093624833498013, 0.8560912078750774]",5.706878280370917e-06,5.8857633325588215e-06,True
"[0.15307069035205895, 0.1957474171359199, 0.3201135363491284, 0.4093624833498013, 1.0947728947252522]",9.270737168227705e-06,9.5584309473219e-06,True
"[0.15307069035205895, 0.1957474171359199, 0.3201135363491284, 0.4093624833498013, 1.4]",1.3454370004153422e-05,1.3869725670636612e-05,True
"[0.15307069035205895, 0.1957474171359199, 0.3201135363491284, 0.5234943972864351, 0.6694467498530259]",9.642096882718592e-06,1.0134369330659097e-05,True
"[0.15307069035205895, 0.1957474171359199, 0.3201135363491284, 0.5234943972864351, 0.8560912078750774]",2.215726384446542e-05,2.298874090675124e-05,True
"[0.15307069035205895, 0.1957474171359199, 0.3201135363491284, 0.5234943972864351, 1.0947728947252522]",3.692416421764284e-05,3.8167038072644554e-05,True
"[0.15307069035205895, 0.1957474171359199, 0.3201135363491284, 0.5234943972864351, 1.4]",5.3856357644056576e-05,5.558378522088061e-05,True
"[0.15307069035205895, 0.1957474171359199, 0.3201135363491284, 0.6694467498530259, 0.8560912078750774]",4.4870285358965104e-05,4.7536155701029645e-05,True
"[0.15307069035205895, 0.1957474171359199, 0.3201135363491284, 0.6694467498530259, 1.0947728947252522]",8.313526025991256e-05,8.628229461495758e-05,True
"[0.15307069035205895, 0.1957474171359199, 0.3201135363491284, 0.6694467498530259, 1.4]",0.00012219611661090873,0.00012621899206593346,True
"[0.15307069035205895, 0.1957474171359199, 0.3201135363491284, 0.8560912078750774, 1.0947728947252522]",0.00013619897149468526,0.00014500897919030793,True
"[0.15307069035205895, 0.1957474171359199, 0.3201135363491284, 0.8560912078750774, 1.4]",0.0002155667883426398,0.00022384479420913182,True
"[0.15307069035205895, 0.1957474171359199, 0.3201135363491284, 1.0947728947252522, 1.4]",0.00031241560619285315,0.0003346407001708024,True
"[0.15307069035205895, 0.1957474171359199, 0.4093624833498013, 0.5234943972864351, 0.6694467498530259]",5.106332216397852e-06,5.424180693558556e-06,True
"[0.15307069035205895, 0.1957474171359199, 0.4093624833498013, 0.5234943972864351, 0.8560912078750774]",1.4279285420309456e-05,1.5134409863098762e-05,True
"[0.15307069035205895, 0.1957474171359199, 0.4093624833498013, 0.5234943972864351, 1.0947728947252522]",2.7082018297697307e-05,2.866832265426143e-05,True
"[0.15307069035205895, 0.1957474171359199, 0.4093624833498013, 0.5234943972864351, 1.4]",4.288350014211421e-05,4.53660071221807e-05,True
"[0.15307069035205895, 0.1957474171359199, 0.4093624833498013, 0.6694467498530259, 0.8560912078750774]",4.378847757880137e-05,4.8267887251756925e-05,True
"[0.15307069035205895, 0.1957474171359199, 0.4093624833498013, 0.6694467498530259, 1.0947728947252522]",0.00010548434332497793,0.00011326311910505262,True
"[0.15307069035205895, 0.1957474171359199, 0.4093624833498013, 0.6694467498530259, 1.4]",0.00017356169631025222,0.00018475966750599587,True
"[0.15307069035205895, 0.1957474171359199, 0.4093624833498013, 0.8560912078750774, 1.0947728947252522]",0.00019061112109116567,0.00021590117459837694,True
"[0.15307069035205895, 0.1957474171359199, 0.4093624833498013, 0.8560912078750774, 1.4]",0.0003739380078503785,0.0004033086934699859,True
"[0.15307069035205895, 0.1957474171359199, 0.4093624833498013, 1.0947728947252522, 1.4]",0.0005359994007409901,0.0006227943205410966,True
"[0.15307069035205895, 0.1957474171359199, 0.5234943972864351, 0.6694467498530259, 0.8560912078750774]",1.87929927814516e-05,2.0998136184178132e-05,True
"[0.15307069035205895, 0.1957474171359199, 0.5234943972864351, 0.6694467498530259, 1.0947728947252522]",5.350950422116677e-05,5.950885017882521e-05,True
"[0.15307069035205895, 0.1957474171359199, 0.5234943972864351, 0.6694467498530259, 1.4]",9.990364802651116e-05,0.00011077206705737794,True
"[0.15307069035205895, 0.1957474171359199, 0.5234943972864351, 0.8560912078750774, 1.0947728947252522]",0.00014734815040789114,0.00017727274764193588,True
"[0.15307069035205895, 0.1957474171359199, 0.5234943972864351, 0.8560912078750774, 1.4]",0.0003724843781137468,0.00042647033393997905,True
"[0.15307069035205895, 0.1957474171359199, 0.5234943972864351, 1.0947728947252522, 1.4]",0.0005685778332723605,0.0007358174932588423,True
"[0.15307069035205895, 0.1957474171359199, 0.6694467498530259, 0.8560912078750774, 1.0947728947252522]",5.421053096639033e-05,6.628027331581319e-05,True
"[0.15307069035205895, 0.1957474171359199, 0.6694467498530259, 0.8560912078750774, 1.4]",0.00015632356812635929,0.00018925260358821781,True
"[0.15307069035205895, 0.1957474171359199, 0.6694467498530259, 1.0947728947252522, 1.4]",0.00036650474802261913,0.0005162541453287839,True
"[0.15307069035205895, 0.1957474171359199, 0.8560912078750774, 1.0947728947252522, 1.4]",0.0001202473375124558,0.0001715229542419061,True
"[0.15307069035205895, 0.25032258773548044, 0.3201135363491284, 0.4093624833498013, 0.5234943972864351]",1.6136603089725038e-06,1.6683811462082934e-06,True
"[0.15307069035205895, 0.25032258773548044, 0.3201135363491284, 0.4093624833498013, 0.6694467498530259]",4.317843691512029e-06,4.44124806152019e-06,True
"[0.15307069035205895, 0.25032258773548044, 0.3201135363491284, 0.4093624833498013, 0.8560912078750774]",8.002543569227712e-06,8.215614404466789e-06,True
"[0.15307069035205895, 0.25032258773548044, 0.3201135363491284, 0.4093624833498013, 1.0947728947252522]",1.2632027941813294e-05,1.2956730893850918e-05,True
"[0.15307069035205895, 0.25032258773548044, 0.3201135363491284, 0.4093624833498013, 1.4]",1.7953698441895295e-05,1.8406347921999946e-05,True
"[0.15307069035205895, 0.25032258773548044, 0.3201135363491284, 0.5234943972864351, 0.6694467498530259]",1.1346289350091128e-05,1.1869802124904737e-05,True
"[0.15307069035205895, 0.25032258773548044, 0.3201135363491284, 0.5234943972864351, 0.8560912078750774]",2.4682757933104985e-05,2.545709297244735e-05,True
"[0.15307069035205895, 0.25032258773548044, 0.3201135363491284, 0.5234943972864351, 1.0947728947252522]",3.962817926933441e-05,4.0711197836652724e-05,True
"[0.15307069035205895, 0.25032258773548044, 0.3201135363491284, 0.5234943972864351, 1.4]",5.633143224916155e-05,5.7820913692271635e-05,True
"[0.15307069035205895, 0.25032258773548044, 0.3201135363491284, 0.6694467498530259, 0.8560912078750774]",4.577257734710204e-05,4.813005009176406e-05,True
"[0.15307069035205895, 0.25032258773548044, 0.3201135363491284, 0.6694467498530259, 1.0947728947252522]",8.084409898164375e-05,8.335703419259527e-05,True
"[0.15307069035205895, 0.25032258773548044, 0.3201135363491284, 0.6694467498530259, 1.4]",0.00011554996032530121,0.00011884416168445677,True
"[0.15307069035205895, 0.25032258773548044, 0.3201135363491284, 0.8560912078750774, 1.0947728947252522]",0.00012723535204609717,0.00013417827236054215,True
"[0.15307069035205895, 0.25032258773548044, 0.3201135363491284, 0.8560912078750774, 1.4]",0.00019419581435107746,0.00020041142553631577,True
"[0.15307069035205895, 0.25032258773548044, 0.3201135363491284, 1.0947728947252522, 1.4]",0.0002763829242011286,0.0002927598942972361,True
"[0.15307069035205895, 0.25032258773548044, 0.4093624833498013, 0.5234943972864351, 0.6694467498530259]",8.35049816703739e-06,8.741564221766196e-06,True
"[0.15307069035205895, 0.25032258773548044, 0.4093624833498013, 0.5234943972864351, 0.8560912078750774]",1.9764613870968665e-05,2.064281205004346e-05,True
"[0.15307069035205895, 0.25032258773548044, 0.4093624833498013, 0.5234943972864351, 1.0947728947252522]",3.445788071744814e-05,3.596926469480015e-05,True
"[0.15307069035205895, 0.25032258773548044, 0.4093624833498013, 0.5234943972864351, 1.4]",5.190051932862061e-05,5.417552858734492e-05,True
"[0.15307069035205895, 0.25032258773548044, 0.4093624833498013, 0.6694467498530259, 0.8560912078750774]",4.738264934664438e-05,5.151261000647484e-05,True
"[0.15307069035205895, 0.25032258773548044, 0.4093624833498013, 0.6694467498530259, 1.0947728947252522]",0.0001050221973487912,0.00011157043452806017,True
"[0.15307069035205895, 0.25032258773548044, 0.4093624833498013, 0.6694467498530259, 1.4]",0.00016636326099634454,0.00017547954591075646,True
"[0.15307069035205895, 0.25032258773548044, 0.4093624833498013, 0.8560912078750774, 1.0947728947252522]",0.0001805271137687721,0.0002015559073550941,True
"[0.15307069035205895, 0.25032258773548044, 0.4093624833498013, 0.8560912078750774, 1.4]",0.0003361453873919999,0.00035927273826378225,True
"[0.15307069035205895, 0.25032258773548044, 0.4093624833498013, 1.0947728947252522, 1.4]",0.00047972808515760716,0.0005478609237902842,True
"[0.15307069035205895, 0.25032258773548044, 0.5234943972864351, 0.6694467498530259, 0.8560912078750774]",2.953828215910465e-05,3.184006115419737e-05,True
"[0.15307069035205895, 0.25032258773548044, 0.5234943972864351, 0.6694467498530259, 1.0947728947252522]",6.763458491606022e-05,7.319313514915736e-05,True
"[0.15307069035205895, 0.25032258773548044, 0.5234943972864351, 0.6694467498530259, 1.4]",0.00011536972589017571,0.00012503741622565254,True
"[0.15307069035205895, 0.25032258773548044, 0.5234943972864351, 0.8560912078750774, 1.0947728947252522]",0.00015280046882701128,0.0001796110146485537,True
"[0.15307069035205895, 0.25032258773548044, 0.5234943972864351, 0.8560912078750774, 1.4]",0.00035665530554890046,0.0004026643556180537,True
"[0.15307069035205895, 0.25032258773548044, 0.5234943972864351, 1.0947728947252522, 1.4]",0.0005360671294053216,0.0006798772721491342,True
"[0.15307069035205895, 0.25032258773548044, 0.6694467498530259, 0.8560912078750774, 1.0947728947252522]",8.087253553284929e-05,9.255363010151488e-05,True
"[0.15307069035205895, 0.25032258773548044, 0.6694467498530259, 0.8560912078750774, 1.4]",0.0001854282118686699,0.00021519596539062435,True
"[0.15307069035205895, 0.25032258773548044, 0.6694467498530259, 1.0947728947252522, 1.4]",0.0003762948140065236,0.0005113328773845932,True
"[0.15307069035205895, 0.25032258773548044, 0.8560912078750774, 1.0947728947252522, 1.4]",0.00017611929206137178,0.0002244918809796038,True
"[0.15307069035205895, 0.3201135363491284, 0.4093624833498013, 0.5234943972864351, 0.6694467498530259]",9.893104031291985e-06,1.0481023378976842e-05,True
"[0.15307069035205895, 0.3201135363491284, 0.4093624833498013, 0.5234943972864351, 0.8560912078750774]",2.58585804655319e-05,2.7115368310025545e-05,True
"[0.15307069035205895, 0.3201135363491284, 0.4093624833498013, 0.5234943972864351, 1.0947728947252522]",4.5767918871480685e-05,4.778927791588448e-05,True
"[0.15307069035205895, 0.3201135363491284, 0.4093624833498013, 0.5234943972864351, 1.4]",6.885590009351001e-05,7.174947107807076e-05,True
"[0.15307069035205895, 0.3201135363491284, 0.4093624833498013, 0.6694467498530259, 0.8560912078750774]",5.639657216190376e-05,6.131423129010289e-05,True
"[0.15307069035205895, 0.3201135363491284, 0.4093624833498013, 0.6694467498530259, 1.0947728947252522]",0.00012329444721359884,0.00013019012563803958,True
"[0.15307069035205895, 0.3201135363491284, 0.4093624833498013, 0.6694467498530259, 1.4]",0.00019038299803518236,0.00019923362056768615,True
"[0.15307069035205895, 0.3201135363491284, 0.4093624833498013, 0.8560912078750774, 1.0947728947252522]",0.00019669455260645617,0.00021768148813529077,True
"[0.15307069035205895, 0.3201135363491284, 0.4093624833498013, 0.8560912078750774, 1.4]",0.00035222748408281435,0.0003725735655125226,True
"[0.15307069035205895, 0.3201135363491284, 0.4093624833498013, 1.0947728947252522, 1.4]",0.0004837925669038523,0.0005435451604184332,True
"[0.15307069035205895, 0.3201135363491284, 0.5234943972864351, 0.6694467498530259, 0.8560912078750774]",4.509768781898624e-05,4.838303471541054e-05,True
"[0.15307069035205895, 0.3201135363491284, 0.5234943972864351, 0.6694467498530259, 1.0947728947252522]",9.703219532432627e-05,0.00010348745455279672,True
"[0.15307069035205895, 0.3201135363491284, 0.5234943972864351, 0.6694467498530259, 1.4]",0.00015676908010228048,0.00016693595368717695,True
"[0.15307069035205895, 0.3201135363491284, 0.5234943972864351, 0.8560912078750774, 1.0947728947252522]",0.00017959948652190207,0.00020660729616030506,True
"[0.15307069035205895, 0.3201135363491284, 0.5234943972864351, 0.8560912078750774, 1.4]",0.0003854732674130574,0.0004266058497217888,True
"[0.15307069035205895, 0.3201135363491284, 0.5234943972864351, 1.0947728947252522, 1.4]",0.0005480520076657977,0.0006752414355247499,True
"[0.15307069035205895, 0.3201135363491284, 0.6694467498530259, 0.8560912078750774, 1.0947728947252522]",0.0001337065597278391,0.00014768662499903214,True
"[0.15307069035205895, 0.3201135363491284, 0.6694467498530259, 0.8560912078750774, 1.4]",0.00026220550403357605,0.0002918326454638945,True
"[0.15307069035205895, 0.3201135363491284, 0.6694467498530259, 1.0947728947252522, 1.4]",0.0004357392601222267,0.0005621825986734518,True
"[0.15307069035205895, 0.3201135363491284, 0.8560912078750774, 1.0947728947252522, 1.4]",0.00030099840636661415,0.0003524219659027715,True
"[0.15307069035205895, 0.4093624833498013, 0.5234943972864351, 0.6694467498530259, 0.8560912078750774]",4.3857057618877636e-05,4.848512607187222e-05,True
"[0.15307069035205895, 0.4093624833498013, 0.5234943972864351, 0.6694467498530259, 1.0947728947252522]",0.00011202596254683546,0.00012153648125683794,True
"[0.15307069035205895, 0.4093624833498013, 0.5234943972864351, 0.6694467498530259, 1.4]",0.00019059353196558014,0.00020500528201945588,True
"[0.15307069035205895, 0.4093624833498013, 0.5234943972864351, 0.8560912078750774, 1.0947728947252522]",0.0002038916225186988,0.00023769661814100154,True
"[0.15307069035205895, 0.4093624833498013, 0.5234943972864351, 0.8560912078750774, 1.4]",0.0004518254489010617,0.0004986886487370819,True
"[0.15307069035205895, 0.4093624833498013, 0.5234943972864351, 1.0947728947252522, 1.4]",0.0006067824871267419,0.0007433456609979589,True
"[0.15307069035205895, 0.4093624833498013, 0.6694467498530259, 0.8560912078750774, 1.0947728947252522]",0.0001804898290097249,0.0002023130613400044,True
"[0.15307069035205895, 0.4093624833498013, 0.6694467498530259, 0.8560912078750774, 1.4]",0.00036295322379507953,0.00040117896891330427,True
"[0.15307069035205895, 0.4093624833498013, 0.6694467498530259, 1.0947728947252522, 1.4]",0.0005299228933260825,0.0006678123232698785,True
"[0.15307069035205895, 0.4093624833498013, 0.8560912078750774, 1.0947728947252522, 1.4]",0.00047128232237704287,0.0005428013065237265,True
"[0.15307069035205895, 0.5234943972864351, 0.6694467498530259, 0.8560912078750774, 1.0947728947252522]",0.00014744990114928686,0.00017554220230170874,True
"[0.15307069035205895, 0.5234943972864351, 0.6694467498530259, 0.8560912078750774, 1.4]",0.0003700308059520544,0.000426361525518488,True
"[0.15307069035205895, 0.5234943972864351, 0.6694467498530259, 1.0947728947252522, 1.4]",0.0005532416953296465,0.0007300911441024678,True
"[0.15307069035205895, 0.5234943972864351, 0.8560912078750774, 1.0947728947252522, 1.4]",0.0005540979644397672,0.0006709624511213228,True
"[0.15307069035205895, 0.6694467498530259, 0.8560912078750774, 1.0947728947252522, 1.4]",0.00037821142840071317,0.0005116367533851959,True
"[0.1957474171359199, 0.25032258773548044, 0.3201135363491284, 0.4093624833498013, 0.5234943972864351]",6.989917778301723e-07,7.229137010919125e-07,True
"[0.1957474171359199, 0.25032258773548044, 0.3201135363491284, 0.4093624833498013, 0.6694467498530259]",1.8724344490863198e-06,1.929370547082692e-06,True
"[0.1957474171359199, 0.25032258773548044, 0.3201135363491284, 0.4093624833498013, 0.8560912078750774]",3.53607470849766e-06,3.639513270073965e-06,True
"[0.1957474171359199, 0.25032258773548044, 0.3201135363491284, 0.4093624833498013, 1.0947728947252522]",5.678802849446279e-06,5.842252717945904e-06,True
"[0.1957474171359199, 0.25032258773548044, 0.3201135363491284, 0.4093624833498013, 1.4]",8.184692477453712e-06,8.418575459698549e-06,True
"[0.1957474171359199, 0.25032258773548044, 0.3201135363491284, 0.5234943972864351, 0.6694467498530259]",5.9292813053300426e-06,6.188977526475489e-06,True
"[0.1957474171359199, 0.25032258773548044, 0.3201135363491284, 0.5234943972864351, 0.8560912078750774]",1.2624548619214294e-05,1.3038873855185283e-05,True
"[0.1957474171359199, 0.25032258773548044, 0.3201135363491284, 0.5234943972864351, 1.0947728947252522]",2.054150605650052e-05,2.1160832386787085e-05,True
"[0.1957474171359199, 0.25032258773548044, 0.3201135363491284, 0.5234943972864351, 1.4]",2.9633855371805168e-05,3.051762169415237e-05,True
"[0.1957474171359199, 0.25032258773548044, 0.3201135363491284, 0.6694467498530259, 0.8560912078750774]",2.5900413341761933e-05,2.7131838415261457e-05,True
"[0.1957474171359199, 0.25032258773548044, 0.3201135363491284, 0.6694467498530259, 1.0947728947252522]",4.515276921133917e-05,4.66414246445301e-05,True
"[0.1957474171359199, 0.25032258773548044, 0.3201135363491284, 0.6694467498530259, 1.4]",6.53796116700987e-05,6.746937732807268e-05,True
"[0.1957474171359199, 0.25032258773548044, 0.3201135363491284, 0.8560912078750774, 1.0947728947252522]",7.600920409188961e-05,7.982413569376543e-05,True
"[0.1957474171359199, 0.25032258773548044, 0.3201135363491284, 0.8560912078750774, 1.4]",0.00011537175586144829,0.0001194316353893084,True
"[0.1957474171359199, 0.25032258773548044, 0.3201135363491284, 1.0947728947252522, 1.4]",0.00017235063326320735,0.00018174029316155545,True
"[0.1957474171359199, 0.25032258773548044, 0.4093624833498013, 0.5234943972864351, 0.6694467498530259]",4.096508967391463e-06,4.330768028182637e-06,True
"[0.1957474171359199, 0.25032258773548044, 0.4093624833498013, 0.5234943972864351, 0.8560912078750774]",1.0750796325661604e-05,1.1337534182221331e-05,True
"[0.1957474171359199, 0.25032258773548044, 0.4093624833498013, 0.5234943972864351, 1.0947728947252522]",1.9816117950333983e-05,2.0880508887279e-05,True
"[0.1957474171359199, 0.25032258773548044, 0.4093624833498013, 0.5234943972864351, 1.4]",3.091121694766541e-05,3.2563103086458064e-05,True
"[0.1957474171359199, 0.25032258773548044, 0.4093624833498013, 0.6694467498530259, 0.8560912078750774]",3.206813114235e-05,3.5034769883129785e-05,True
"[0.1957474171359199, 0.25032258773548044, 0.4093624833498013, 0.6694467498530259, 1.0947728947252522]",7.291233363806848e-05,7.785616152517878e-05,True
"[0.1957474171359199, 0.25032258773548044, 0.4093624833498013, 0.6694467498530259, 1.4]",0.00011798114738394947,0.00012513709023621349,True
"[0.1957474171359199, 0.25032258773548044, 0.4093624833498013, 0.8560912078750774, 1.0947728947252522]",0.0001361639346593202,0.00015204793762128304,True
"[0.1957474171359199, 0.25032258773548044, 0.4093624833498013, 0.8560912078750774, 1.4]",0.00025461050319382927,0.0002730418178922456,True
"[0.1957474171359199, 0.25032258773548044, 0.4093624833498013, 1.0947728947252522, 1.4]",0.0003815538383430621,0.000434666791711471,True
"[0.1957474171359199, 0.25032258773548044, 0.5234943972864351, 0.6694467498530259, 0.8560912078750774]",1.6503058314530706e-05,1.822924044944376e-05,True
"[0.1957474171359199, 0.25032258773548044, 0.5234943972864351, 0.6694467498530259, 1.0947728947252522]",4.3739789910823365e-05,4.824914929990663e-05,True
"[0.1957474171359199, 0.25032258773548044, 0.5234943972864351, 0.6694467498530259, 1.4]",7.955751165611559e-05,8.765568240478683e-05,True
"[0.1957474171359199, 0.25032258773548044, 0.5234943972864351, 0.8560912078750774, 1.0947728947252522]",0.00011875859132462582,0.00014140970521961244,True
"[0.1957474171359199, 0.25032258773548044, 0.5234943972864351, 0.8560912078750774, 1.4]",0.00028873439946444136,0.0003287325661191494,True
"[0.1957474171359199, 0.25032258773548044, 0.5234943972864351, 1.0947728947252522, 1.4]",0.0004582414052256505,0.0005844235632361421,True
"[0.1957474171359199, 0.25032258773548044, 0.6694467498530259, 0.8560912078750774, 1.0947728947252522]",4.99605902498963e-05,5.9847384156384205e-05,True
"[0.1957474171359199, 0.25032258773548044, 0.6694467498530259, 0.8560912078750774, 1.4]",0.00013428308402604945,0.00016069569061148806,True
"[0.1957474171359199, 0.25032258773548044, 0.6694467498530259, 1.0947728947252522, 1.4]",0.0003132439609718883,0.0004359535556502982,True
"[0.1957474171359199, 0.25032258773548044, 0.8560912078750774, 1.0947728947252522, 1.4]",0.00011503326540449793,0.00015854300496029056,True
"[0.1957474171359199, 0.3201135363491284, 0.4093624833498013, 0.5234943972864351, 0.6694467498530259]",6.1208369764030236e-06,6.481223780002114e-06,True
"[0.1957474171359199, 0.3201135363491284, 0.4093624833498013, 0.5234943972864351, 0.8560912078750774]",1.5903793468441566e-05,1.6695576540110394e-05,True
"[0.1957474171359199, 0.3201135363491284, 0.4093624833498013, 0.5234943972864351, 1.0947728947252522]",2.8415929751952367e-05,2.973692259939499e-05,True
"[0.1957474171359199, 0.3201135363491284, 0.4093624833498013, 0.5234943972864351, 1.4]",4.3213963725500676e-05,4.516005183058372e-05,True
"[0.1957474171359199, 0.3201135363491284, 0.4093624833498013, 0.6694467498530259, 0.8560912078750774]",3.865482978072608e-05,4.1941183443654395e-05,True
"[0.1957474171359199, 0.3201135363491284, 0.4093624833498013, 0.6694467498530259, 1.0947728947252522]",8.368591977251993e-05,8.850606849260353e-05,True
"[0.1957474171359199, 0.3201135363491284, 0.4093624833498013, 0.6694467498530259, 1.4]",0.00013064980034543632,0.00013716948634402438,True
"[0.1957474171359199, 0.3201135363491284, 0.4093624833498013, 0.8560912078750774, 1.0947728947252522]",0.0001433886966757332,0.00015815246266500757,True
"[0.1957474171359199, 0.3201135363491284, 0.4093624833498013, 0.8560912078750774, 1.4]",0.00025553986819739933,0.00027093773511734727,True
"[0.1957474171359199, 0.3201135363491284, 0.4093624833498013, 1.0947728947252522, 1.4]",0.00036934703016786664,0.0004133792756522043,True
"[0.1957474171359199, 0.3201135363491284, 0.5234943972864351, 0.6694467498530259, 0.8560912078750774]",2.86190192894056e-05,3.0890324798214864e-05,True
"[0.1957474171359199, 0.3201135363491284, 0.5234943972864351, 0.6694467498530259, 1.0947728947252522]",6.450273509049917e-05,6.93848446174678e-05,True
"[0.1957474171359199, 0.3201135363491284, 0.5234943972864351, 0.6694467498530259, 1.4]",0.00010768979196285179,0.00011576526442884332,True
"[0.1957474171359199, 0.3201135363491284, 0.5234943972864351, 0.8560912078750774, 1.0947728947252522]",0.00013562135502037008,0.0001573660665756025,True
"[0.1957474171359199, 0.3201135363491284, 0.5234943972864351, 0.8560912078750774, 1.4]",0.00030039383337744413,0.0003351737194149396,True
"[0.1957474171359199, 0.3201135363491284, 0.5234943972864351, 1.0947728947252522, 1.4]",0.0004533800032173094,0.0005621925673257516,True
"[0.1957474171359199, 0.3201135363491284, 0.6694467498530259, 0.8560912078750774, 1.0947728947252522]",8.880187883598733e-05,9.9873382864386e-05,True
"[0.1957474171359199, 0.3201135363491284, 0.6694467498530259, 0.8560912078750774, 1.4]",0.0001881736520243294,0.000213679376061276,True
"[0.1957474171359199, 0.3201135363491284, 0.6694467498530259, 1.0947728947252522, 1.4]",0.00035094002296685617,0.0004639729962138474,True
"[0.1957474171359199, 0.3201135363491284, 0.8560912078750774, 1.0947728947252522, 1.4]",0.00020784478457239647,0.0002524787541673821,True
"[0.1957474171359199, 0.4093624833498013, 0.5234943972864351, 0.6694467498530259, 0.8560912078750774]",3.214031019843151e-05,3.5540780604155386e-05,True
"[0.1957474171359199, 0.4093624833498013, 0.5234943972864351, 0.6694467498530259, 1.0947728947252522]",8.240731160112946e-05,8.960253579366363e-05,True
"[0.1957474171359199, 0.4093624833498013, 0.5234943972864351, 0.6694467498530259, 1.4]",0.00014174763702029517,0.0001530229062942584,True
"[0.1957474171359199, 0.4093624833498013, 0.5234943972864351, 0.8560912078750774, 1.0947728947252522]",0.0001611990962859467,0.00018816440065405583,True
"[0.1957474171359199, 0.4093624833498013, 0.5234943972864351, 0.8560912078750774, 1.4]",0.00036030880606205797,0.00039941208699484463,True
"[0.1957474171359199, 0.4093624833498013, 0.5234943972864351, 1.0947728947252522, 1.4]",0.0005074745050824847,0.0006235277391922328,True
"[0.1957474171359199, 0.4093624833498013, 0.6694467498530259, 0.8560912078750774, 1.0947728947252522]",0.0001351315038954025,0.0001523057949394414,True
"[0.1957474171359199, 0.4093624833498013, 0.6694467498530259, 0.8560912078750774, 1.4]",0.0002797133337510337,0.00031200236250380386,True
"[0.1957474171359199, 0.4093624833498013, 0.6694467498530259, 1.0947728947252522, 1.4]",0.00043698851718053166,0.0005588340951752502,True
"[0.1957474171359199, 0.4093624833498013, 0.8560912078750774, 1.0947728947252522, 1.4]",0.00036455860063385414,0.0004256495925500804,True
"[0.1957474171359199, 0.5234943972864351, 0.6694467498530259, 0.8560912078750774, 1.0947728947252522]",0.00011860234797826761,0.00014152170898056724,True
"[0.1957474171359199, 0.5234943972864351, 0.6694467498530259, 0.8560912078750774, 1.4]",0.0003014398595774746,0.0003491434023097253,True
"[0.1957474171359199, 0.5234943972864351, 0.6694467498530259, 1.0947728947252522, 1.4]",0.00047259123326335217,0.0006289629175191963,True
"[0.1957474171359199, 0.5234943972864351, 0.8560912078750774, 1.0947728947252522, 1.4]",0.0004591023252226456,0.0005606002652014588,True
"[0.1957474171359199, 0.6694467498530259, 0.8560912078750774, 1.0947728947252522, 1.4]",0.0003214654618496012,0.00043742816628111747,True
"[0.25032258773548044, 0.3201135363491284, 0.4093624833498013, 0.5234943972864351, 0.6694467498530259]",2.5790312099787587e-06,2.7315015434248986e-06,True
"[0.25032258773548044, 0.3201135363491284, 0.4093624833498013, 0.5234943972864351, 0.8560912078750774]",6.681944724415006e-06,7.033487597160451e-06,True
"[0.25032258773548044, 0.3201135363491284, 0.4093624833498013, 0.5234943972864351, 1.0947728947252522]",1.2140386516344927e-05,1.2756418158053905e-05,True
"[0.25032258773548044, 0.3201135363491284, 0.4093624833498013, 0.5234943972864351, 1.4]",1.876370125061903e-05,1.9703786879823325e-05,True
"[0.25032258773548044, 0.3201135363491284, 0.4093624833498013, 0.6694467498530259, 0.8560912078750774]",1.974952004455555e-05,2.132486845360741e-05,True
"[0.25032258773548044, 0.3201135363491284, 0.4093624833498013, 0.6694467498530259, 1.0947728947252522]",4.1470744430283064e-05,4.392123279453975e-05,True
"[0.25032258773548044, 0.3201135363491284, 0.4093624833498013, 0.6694467498530259, 1.4]",6.538370201352562e-05,6.891795150352647e-05,True
"[0.25032258773548044, 0.3201135363491284, 0.4093624833498013, 0.8560912078750774, 1.0947728947252522]",7.953847360281035e-05,8.688647347827524e-05,True
"[0.25032258773548044, 0.3201135363491284, 0.4093624833498013, 0.8560912078750774, 1.4]",0.000138021525382719,0.0001465355683524776,True
"[0.25032258773548044, 0.3201135363491284, 0.4093624833498013, 1.0947728947252522, 1.4]",0.000216264012437386,0.00023888481477048619,True
"[0.25032258773548044, 0.3201135363491284, 0.5234943972864351, 0.6694467498530259, 0.8560912078750774]",1.3160348692687698e-05,1.444052632605623e-05,True
"[0.25032258773548044, 0.3201135363491284, 0.5234943972864351, 0.6694467498530259, 1.0947728947252522]",3.2930033490334093e-05,3.602759946888676e-05,True
"[0.25032258773548044, 0.3201135363491284, 0.5234943972864351, 0.6694467498530259, 1.4]",5.824330498231273e-05,6.366862424208084e-05,True
"[0.25032258773548044, 0.3201135363491284, 0.5234943972864351, 0.8560912078750774, 1.0947728947252522]",8.743223355535922e-05,0.00010247623918866402,True
"[0.25032258773548044, 0.3201135363491284, 0.5234943972864351, 0.8560912078750774, 1.4]",0.0001994509624751785,0.00022457883211903838,True
"[0.25032258773548044, 0.3201135363491284, 0.5234943972864351, 1.0947728947252522, 1.4]",0.00033103476150061307,0.0004104058250858088,True
"[0.25032258773548044, 0.3201135363491284, 0.6694467498530259, 0.8560912078750774, 1.0947728947252522]",4.459869658272827e-05,5.237730361295819e-05,True
"[0.25032258773548044, 0.3201135363491284, 0.6694467498530259, 0.8560912078750774, 1.4]",0.00011098394287027374,0.00013075688942812966,True
"[0.25032258773548044, 0.3201135363491284, 0.6694467498530259, 1.0947728947252522, 1.4]",0.00025426332899865836,0.00034675117698996187,True
"[0.25032258773548044, 0.3201135363491284, 0.8560912078750774, 1.0947728947252522, 1.4]",0.00011032850323291587,0.00014600773694438103,True
"[0.25032258773548044, 0.4093624833498013, 0.5234943972864351, 0.6694467498530259, 0.8560912078750774]",1.948226545241168e-05,2.151437120994073e-05,True
"[0.25032258773548044, 0.4093624833498013, 0.5234943972864351, 0.6694467498530259, 1.0947728947252522]",4.942874406049452e-05,5.380722291264238e-05,True
"[0.25032258773548044, 0.4093624833498013, 0.5234943972864351, 0.6694467498530259, 1.4]",8.555629016029325e-05,9.264079249391646e-05,True
"[0.25032258773548044, 0.4093624833498013, 0.5234943972864351, 0.8560912078750774, 1.0947728947252522]",0.00010820745298304135,0.00012570290762290473,True
"[0.25032258773548044, 0.4093624833498013, 0.5234943972864351, 0.8560912078750774, 1.4]",0.0002374588450542248,0.00026342803597464813,True
"[0.25032258773548044, 0.4093624833498013, 0.5234943972864351, 1.0947728947252522, 1.4]",0.0003624905532359618,0.00044094628133456865,True
"[0.25032258773548044, 0.4093624833498013, 0.6694467498530259, 0.8560912078750774, 1.0947728947252522]",8.24285579581584e-05,9.36438135174387e-05,True
"[0.25032258773548044, 0.4093624833498013, 0.6694467498530259, 0.8560912078750774, 1.4]",0.0001772142905374658,0.00020027999171646094,True
"[0.25032258773548044, 0.4093624833498013, 0.6694467498530259, 1.0947728947252522, 1.4]",0.0003136198721152668,0.0004074775861353196,True
"[0.25032258773548044, 0.4093624833498013, 0.8560912078750774, 1.0947728947252522, 1.4]",0.00022744755919769973,0.0002721629173982408,True
"[0.25032258773548044, 0.5234943972864351, 0.6694467498530259, 0.8560912078750774, 1.0947728947252522]",8.516788243610481e-05,0.00010157989232506571,True
"[0.25032258773548044, 0.5234943972864351, 0.6694467498530259, 0.8560912078750774, 1.4]",0.00021614130303300243,0.0002509157409122235,True
"[0.25032258773548044, 0.5234943972864351, 0.6694467498530259, 1.0947728947252522, 1.4]",0.0003642043239945991,0.00048472777648281946,True
"[0.25032258773548044, 0.5234943972864351, 0.8560912078750774, 1.0947728947252522, 1.4]",0.000332980645298316,0.00040874705656314056,True
"[0.25032258773548044, 0.6694467498530259, 0.8560912078750774, 1.0947728947252522, 1.4]",0.0002528927781545212,0.00034476374138174375,True
"[0.3201135363491284, 0.4093624833498013, 0.5234943972864351, 0.6694467498530259, 0.8560912078750774]",7.955443609141954e-06,8.783187799652237e-06,True
"[0.3201135363491284, 0.4093624833498013, 0.5234943972864351, 0.6694467498530259, 1.0947728947252522]",2.0011209040471834e-05,2.1866603601059367e-05,True
"[0.3201135363491284, 0.4093624833498013, 0.5234943972864351, 0.6694467498530259, 1.4]",3.510560101575743e-05,3.824869383060815e-05,True
"[0.3201135363491284, 0.4093624833498013, 0.5234943972864351, 0.8560912078750774, 1.0947728947252522]",5.3994902164175625e-05,6.208566570375376e-05,True
"[0.3201135363491284, 0.4093624833498013, 0.5234943972864351, 0.8560912078750774, 1.4]",0.00011349892250616699,0.00012590820916528564,True
"[0.3201135363491284, 0.4093624833498013, 0.5234943972864351, 1.0947728947252522, 1.4]",0.00019792302012836766,0.00023519291412905097,True
"[0.3201135363491284, 0.4093624833498013, 0.6694467498530259, 0.8560912078750774, 1.0947728947252522]",3.5055881418739295e-05,4.088565399301341e-05,True
"[0.3201135363491284, 0.4093624833498013, 0.6694467498530259, 0.8560912078750774, 1.4]",8.342234367509152e-05,9.706314070126354e-05,True
"[0.3201135363491284, 0.4093624833498013, 0.6694467498530259, 1.0947728947252522, 1.4]",0.00018883674452958727,0.0002507658822101269,True
"[0.3201135363491284, 0.4093624833498013, 0.8560912078750774, 1.0947728947252522, 1.4]",0.00010007920134478548,0.00012851896388853986,True
"[0.3201135363491284, 0.5234943972864351, 0.6694467498530259, 0.8560912078750774, 1.0947728947252522]",5.0497977809146526e-05,6.00367650127508e-05,True
"[0.3201135363491284, 0.5234943972864351, 0.6694467498530259, 0.8560912078750774, 1.4]",0.00012610661532222374,0.00014644048201854383,True
"[0.3201135363491284, 0.5234943972864351, 0.6694467498530259, 1.0947728947252522, 1.4]",0.00023926388903657285,0.00031523989106305514,True
"[0.3201135363491284, 0.5234943972864351, 0.8560912078750774, 1.0947728947252522, 1.4]",0.00019503991149690537,0.0002412346609355027,True
"[0.3201135363491284, 0.6694467498530259, 0.8560912078750774, 1.0947728947252522, 1.4]",0.0001777043565486296,0.00024171317908985347,True
"[0.4093624833498013, 0.5234943972864351, 0.6694467498530259, 0.8560912078750774, 1.0947728947252522]",1.9928222672265056e-05,2.3650409636573684e-05,True
"[0.4093624833498013, 0.5234943972864351, 0.6694467498530259, 0.8560912078750774, 1.4]",4.895163637459135e-05,5.7101805626471954e-05,True
"[0.4093624833498013, 0.5234943972864351, 0.6694467498530259, 1.0947728947252522, 1.4]",0.00011663417858124618,0.00015057416252763967,True
"[0.4093624833498013, 0.5234943972864351, 0.8560912078750774, 1.0947728947252522, 1.4]",7.596298759136734e-05,9.757244956947005e-05,True
"[0.4093624833498013, 0.6694467498530259, 0.8560912078750774, 1.0947728947252522, 1.4]",0.0001029949851776883,0.00013911291475822326,True
"[0.5234943972864351, 0.6694467498530259, 0.8560912078750774, 1.0947728947252522, 1.4]",3.924839676668311e-05,5.26919872180523e-05,True
