sequence,timestamp_seconds,context,a1,a2,phase_radians,outcome_plus
0,0.0,reference,0.0,0.0,0.0,1
1,2e-06,reference,0.0,0.0,0.0,1
2,4e-06,reference,0.0,0.0,0.0,1
3,6e-06,reference,0.0,0.0,0.0,1
4,8e-06,reference,0.0,0.0,0.0,1
5,1e-05,reference,0.0,0.0,0.0,1
6,1.2e-05,reference,0.0,0.0,0.0,1
7,1.4e-05,reference,0.0,0.0,0.0,1
8,1.6e-05,reference,0.0,0.0,0.0,1
9,1.8e-05,reference,0.0,0.0,0.0,1
10,2e-05,reference,0.0,0.0,0.0,1
11,2.2e-05,reference,0.0,0.0,0.0,1
12,2.4e-05,reference,0.0,0.0,0.0,1
13,2.6000000000000002e-05,reference,0.0,0.0,0.0,1
14,2.8e-05,reference,0.0,0.0,0.0,1
15,2.9999999999999997e-05,reference,0.0,0.0,0.0,1
16,3.2e-05,reference,0.0,0.0,0.0,1
17,3.4e-05,reference,0.0,0.0,0.0,0
18,3.6e-05,reference,0.0,0.0,0.0,1
19,3.8e-05,reference,0.0,0.0,0.0,1
20,4e-05,reference,0.0,0.0,0.0,1
21,4.2000000000000004e-05,reference,0.0,0.0,0.0,1
22,4.4e-05,reference,0.0,0.0,0.0,1
23,4.6e-05,reference,0.0,0.0,0.0,1
24,4.8e-05,reference,0.0,0.0,0.0,1
25,5e-05,reference,0.0,0.0,0.0,0
26,5.2000000000000004e-05,reference,0.0,0.0,0.0,1
27,5.4e-05,reference,0.0,0.0,0.0,1
28,5.6e-05,reference,0.0,0.0,0.0,1
29,5.8e-05,reference,0.0,0.0,0.0,0
30,5.9999999999999995e-05,reference,0.0,0.0,0.0,1
31,6.2e-05,reference,0.0,0.0,0.0,1
32,6.4e-05,reference,0.0,0.0,0.0,1
33,6.6e-05,reference,0.0,0.0,0.0,1
34,6.8e-05,reference,0.0,0.0,0.0,1
35,7.000000000000001e-05,reference,0.0,0.0,0.0,1
36,7.2e-05,reference,0.0,0.0,0.0,1
37,7.4e-05,reference,0.0,0.0,0.0,1
38,7.6e-05,reference,0.0,0.0,0.0,1
39,7.8e-05,reference,0.0,0.0,0.0,1
40,8e-05,reference,0.0,0.0,0.0,1
41,8.2e-05,reference,0.0,0.0,0.0,1
42,8.400000000000001e-05,reference,0.0,0.0,0.0,1
43,8.6e-05,reference,0.0,0.0,0.0,1
44,8.8e-05,reference,0.0,0.0,0.0,1
45,8.999999999999999e-05,reference,0.0,0.0,0.0,1
46,9.2e-05,reference,0.0,0.0,0.0,0
47,9.4e-05,reference,0.0,0.0,0.0,1
48,9.6e-05,reference,0.0,0.0,0.0,1
49,9.800000000000001e-05,reference,0.0,0.0,0.0,1
50,0.0001,reference,0.0,0.0,0.0,1
51,0.00010200000000000001,reference,0.0,0.0,0.0,1
52,0.00010400000000000001,reference,0.0,0.0,0.0,1
53,0.000106,reference,0.0,0.0,0.0,1
54,0.000108,reference,0.0,0.0,0.0,1
55,0.00011,reference,0.0,0.0,0.0,1
56,0.000112,reference,0.0,0.0,0.0,1
57,0.000114,reference,0.0,0.0,0.0,1
58,0.000116,reference,0.0,0.0,0.0,1
59,0.00011800000000000001,reference,0.0,0.0,0.0,1
60,0.00011999999999999999,reference,0.0,0.0,0.0,1
61,0.000122,reference,0.0,0.0,0.0,1
62,0.000124,reference,0.0,0.0,0.0,1
63,0.000126,reference,0.0,0.0,0.0,1
64,0.000128,reference,0.0,0.0,0.0,1
65,0.00013000000000000002,reference,0.0,0.0,0.0,1
66,0.000132,reference,0.0,0.0,0.0,1
67,0.000134,reference,0.0,0.0,0.0,1
68,0.000136,reference,0.0,0.0,0.0,1
69,0.00013800000000000002,reference,0.0,0.0,0.0,0
70,0.00014000000000000001,reference,0.0,0.0,0.0,1
71,0.000142,reference,0.0,0.0,0.0,1
72,0.000144,reference,0.0,0.0,0.0,1
73,0.000146,reference,0.0,0.0,0.0,1
74,0.000148,reference,0.0,0.0,0.0,1
75,0.00015,reference,0.0,0.0,0.0,1
76,0.000152,reference,0.0,0.0,0.0,1
77,0.000154,reference,0.0,0.0,0.0,1
78,0.000156,reference,0.0,0.0,0.0,1
79,0.000158,reference,0.0,0.0,0.0,1
80,0.00016,reference,0.0,0.0,0.0,1
81,0.000162,reference,0.0,0.0,0.0,1
82,0.000164,reference,0.0,0.0,0.0,1
83,0.000166,reference,0.0,0.0,0.0,1
84,0.00016800000000000002,reference,0.0,0.0,0.0,1
85,0.00017,reference,0.0,0.0,0.0,1
86,0.000172,reference,0.0,0.0,0.0,1
87,0.00017400000000000003,reference,0.0,0.0,0.0,1
88,0.000176,reference,0.0,0.0,0.0,1
89,0.000178,reference,0.0,0.0,0.0,1
90,0.00017999999999999998,reference,0.0,0.0,0.0,1
91,0.000182,reference,0.0,0.0,0.0,1
92,0.000184,reference,0.0,0.0,0.0,1
93,0.000186,reference,0.0,0.0,0.0,1
94,0.000188,reference,0.0,0.0,0.0,1
95,0.00019,reference,0.0,0.0,0.0,1
96,0.000192,reference,0.0,0.0,0.0,1
97,0.000194,reference,0.0,0.0,0.0,1
98,0.00019600000000000002,reference,0.0,0.0,0.0,1
99,0.00019800000000000002,reference,0.0,0.0,0.0,1
100,0.0002,reference,0.0,0.0,0.0,1
101,0.000202,reference,0.0,0.0,0.0,1
102,0.00020400000000000003,reference,0.0,0.0,0.0,1
103,0.00020600000000000002,reference,0.0,0.0,0.0,1
104,0.00020800000000000001,reference,0.0,0.0,0.0,1
105,0.00020999999999999998,reference,0.0,0.0,0.0,1
106,0.000212,reference,0.0,0.0,0.0,1
107,0.000214,reference,0.0,0.0,0.0,0
108,0.000216,reference,0.0,0.0,0.0,1
109,0.00021799999999999999,reference,0.0,0.0,0.0,1
110,0.00022,reference,0.0,0.0,0.0,1
111,0.000222,reference,0.0,0.0,0.0,1
112,0.000224,reference,0.0,0.0,0.0,1
113,0.00022600000000000002,reference,0.0,0.0,0.0,1
114,0.000228,reference,0.0,0.0,0.0,0
115,0.00023,reference,0.0,0.0,0.0,1
116,0.000232,reference,0.0,0.0,0.0,1
117,0.00023400000000000002,reference,0.0,0.0,0.0,1
118,0.00023600000000000002,reference,0.0,0.0,0.0,1
119,0.000238,reference,0.0,0.0,0.0,1
120,0.00023999999999999998,reference,0.0,0.0,0.0,1
121,0.000242,reference,0.0,0.0,0.0,1
122,0.000244,reference,0.0,0.0,0.0,1
123,0.000246,reference,0.0,0.0,0.0,1
124,0.000248,reference,0.0,0.0,0.0,1
125,0.00025,reference,0.0,0.0,0.0,0
126,0.000252,reference,0.0,0.0,0.0,1
127,0.000254,reference,0.0,0.0,0.0,1
128,0.000256,reference,0.0,0.0,0.0,1
129,0.000258,reference,0.0,0.0,0.0,1
130,0.00026000000000000003,reference,0.0,0.0,0.0,1
131,0.000262,reference,0.0,0.0,0.0,1
132,0.000264,reference,0.0,0.0,0.0,1
133,0.000266,reference,0.0,0.0,0.0,0
134,0.000268,reference,0.0,0.0,0.0,0
135,0.00027,reference,0.0,0.0,0.0,1
136,0.000272,reference,0.0,0.0,0.0,1
137,0.00027400000000000005,reference,0.0,0.0,0.0,1
138,0.00027600000000000004,reference,0.0,0.0,0.0,1
139,0.00027800000000000004,reference,0.0,0.0,0.0,1
140,0.00028000000000000003,reference,0.0,0.0,0.0,1
141,0.000282,reference,0.0,0.0,0.0,1
142,0.000284,reference,0.0,0.0,0.0,1
143,0.000286,reference,0.0,0.0,0.0,1
144,0.000288,reference,0.0,0.0,0.0,1
145,0.00029,reference,0.0,0.0,0.0,1
146,0.000292,reference,0.0,0.0,0.0,1
147,0.000294,reference,0.0,0.0,0.0,1
148,0.000296,reference,0.0,0.0,0.0,1
149,0.000298,reference,0.0,0.0,0.0,1
150,0.0003,reference,0.0,0.0,0.0,1
151,0.00030199999999999997,reference,0.0,0.0,0.0,1
152,0.000304,reference,0.0,0.0,0.0,1
153,0.000306,reference,0.0,0.0,0.0,1
154,0.000308,reference,0.0,0.0,0.0,1
155,0.00031,reference,0.0,0.0,0.0,1
156,0.000312,reference,0.0,0.0,0.0,1
157,0.000314,reference,0.0,0.0,0.0,1
158,0.000316,reference,0.0,0.0,0.0,1
159,0.00031800000000000003,reference,0.0,0.0,0.0,1
160,0.00032,reference,0.0,0.0,0.0,1
161,0.000322,reference,0.0,0.0,0.0,1
162,0.000324,reference,0.0,0.0,0.0,1
163,0.000326,reference,0.0,0.0,0.0,1
164,0.000328,reference,0.0,0.0,0.0,1
165,0.00033,reference,0.0,0.0,0.0,1
166,0.000332,reference,0.0,0.0,0.0,1
167,0.00033400000000000004,reference,0.0,0.0,0.0,1
168,0.00033600000000000004,reference,0.0,0.0,0.0,1
169,0.00033800000000000003,reference,0.0,0.0,0.0,1
170,0.00034,reference,0.0,0.0,0.0,1
171,0.000342,reference,0.0,0.0,0.0,1
172,0.000344,reference,0.0,0.0,0.0,1
173,0.000346,reference,0.0,0.0,0.0,1
174,0.00034800000000000006,reference,0.0,0.0,0.0,1
175,0.00035000000000000005,reference,0.0,0.0,0.0,1
176,0.000352,reference,0.0,0.0,0.0,1
177,0.000354,reference,0.0,0.0,0.0,1
178,0.000356,reference,0.0,0.0,0.0,1
179,0.000358,reference,0.0,0.0,0.0,1
180,0.00035999999999999997,reference,0.0,0.0,0.0,1
181,0.00036199999999999996,reference,0.0,0.0,0.0,1
182,0.000364,reference,0.0,0.0,0.0,1
183,0.000366,reference,0.0,0.0,0.0,1
184,0.000368,reference,0.0,0.0,0.0,1
185,0.00037,reference,0.0,0.0,0.0,1
186,0.000372,reference,0.0,0.0,0.0,1
187,0.000374,reference,0.0,0.0,0.0,1
188,0.000376,reference,0.0,0.0,0.0,1
189,0.000378,reference,0.0,0.0,0.0,0
190,0.00038,reference,0.0,0.0,0.0,1
191,0.000382,reference,0.0,0.0,0.0,1
192,0.000384,reference,0.0,0.0,0.0,1
193,0.000386,reference,0.0,0.0,0.0,1
194,0.000388,reference,0.0,0.0,0.0,1
195,0.00039,reference,0.0,0.0,0.0,1
196,0.00039200000000000004,reference,0.0,0.0,0.0,1
197,0.00039400000000000004,reference,0.0,0.0,0.0,1
198,0.00039600000000000003,reference,0.0,0.0,0.0,1
199,0.000398,reference,0.0,0.0,0.0,1
200,0.0004,reference,0.0,0.0,0.0,1
201,0.000402,reference,0.0,0.0,0.0,1
202,0.000404,reference,0.0,0.0,0.0,0
203,0.000406,reference,0.0,0.0,0.0,1
204,0.00040800000000000005,reference,0.0,0.0,0.0,1
205,0.00041000000000000005,reference,0.0,0.0,0.0,1
206,0.00041200000000000004,reference,0.0,0.0,0.0,1
207,0.00041400000000000003,reference,0.0,0.0,0.0,1
208,0.00041600000000000003,reference,0.0,0.0,0.0,1
209,0.00041799999999999997,reference,0.0,0.0,0.0,1
210,0.00041999999999999996,reference,0.0,0.0,0.0,1
211,0.000422,reference,0.0,0.0,0.0,1
212,0.000424,reference,0.0,0.0,0.0,1
213,0.000426,reference,0.0,0.0,0.0,1
214,0.000428,reference,0.0,0.0,0.0,1
215,0.00043,reference,0.0,0.0,0.0,1
216,0.000432,reference,0.0,0.0,0.0,1
217,0.000434,reference,0.0,0.0,0.0,1
218,0.00043599999999999997,reference,0.0,0.0,0.0,1
219,0.000438,reference,0.0,0.0,0.0,1
220,0.00044,reference,0.0,0.0,0.0,1
221,0.000442,reference,0.0,0.0,0.0,1
222,0.000444,reference,0.0,0.0,0.0,1
223,0.000446,reference,0.0,0.0,0.0,0
224,0.000448,reference,0.0,0.0,0.0,1
225,0.00045,reference,0.0,0.0,0.0,1
226,0.00045200000000000004,reference,0.0,0.0,0.0,1
227,0.00045400000000000003,reference,0.0,0.0,0.0,1
228,0.000456,reference,0.0,0.0,0.0,1
229,0.000458,reference,0.0,0.0,0.0,1
230,0.00046,reference,0.0,0.0,0.0,1
231,0.000462,reference,0.0,0.0,0.0,1
232,0.000464,reference,0.0,0.0,0.0,1
233,0.00046600000000000005,reference,0.0,0.0,0.0,1
234,0.00046800000000000005,reference,0.0,0.0,0.0,1
235,0.00047000000000000004,reference,0.0,0.0,0.0,1
236,0.00047200000000000003,reference,0.0,0.0,0.0,1
237,0.00047400000000000003,reference,0.0,0.0,0.0,1
238,0.000476,reference,0.0,0.0,0.0,1
239,0.000478,reference,0.0,0.0,0.0,1
240,0.00047999999999999996,reference,0.0,0.0,0.0,1
241,0.000482,reference,0.0,0.0,0.0,1
242,0.000484,reference,0.0,0.0,0.0,0
243,0.000486,reference,0.0,0.0,0.0,1
244,0.000488,reference,0.0,0.0,0.0,1
245,0.00049,reference,0.0,0.0,0.0,1
246,0.000492,reference,0.0,0.0,0.0,1
247,0.000494,reference,0.0,0.0,0.0,1
248,0.000496,reference,0.0,0.0,0.0,1
249,0.000498,reference,0.0,0.0,0.0,1
250,0.0005,reference,0.0,0.0,0.0,1
251,0.000502,reference,0.0,0.0,0.0,1
252,0.000504,reference,0.0,0.0,0.0,1
253,0.000506,reference,0.0,0.0,0.0,1
254,0.000508,reference,0.0,0.0,0.0,1
255,0.00051,reference,0.0,0.0,0.0,1
256,0.000512,reference,0.0,0.0,0.0,1
257,0.000514,reference,0.0,0.0,0.0,1
258,0.000516,reference,0.0,0.0,0.0,1
259,0.000518,reference,0.0,0.0,0.0,1
260,0.0005200000000000001,reference,0.0,0.0,0.0,1
261,0.000522,reference,0.0,0.0,0.0,1
262,0.000524,reference,0.0,0.0,0.0,1
263,0.000526,reference,0.0,0.0,0.0,1
264,0.000528,reference,0.0,0.0,0.0,1
265,0.00053,reference,0.0,0.0,0.0,1
266,0.000532,reference,0.0,0.0,0.0,1
267,0.0005340000000000001,reference,0.0,0.0,0.0,1
268,0.000536,reference,0.0,0.0,0.0,1
269,0.0005380000000000001,reference,0.0,0.0,0.0,1
270,0.00054,reference,0.0,0.0,0.0,1
271,0.0005420000000000001,reference,0.0,0.0,0.0,1
272,0.000544,reference,0.0,0.0,0.0,1
273,0.000546,reference,0.0,0.0,0.0,1
274,0.0005480000000000001,reference,0.0,0.0,0.0,0
275,0.00055,reference,0.0,0.0,0.0,1
276,0.0005520000000000001,reference,0.0,0.0,0.0,0
277,0.000554,reference,0.0,0.0,0.0,1
278,0.0005560000000000001,reference,0.0,0.0,0.0,1
279,0.000558,reference,0.0,0.0,0.0,1
280,0.0005600000000000001,reference,0.0,0.0,0.0,1
281,0.0005620000000000001,reference,0.0,0.0,0.0,1
282,0.000564,reference,0.0,0.0,0.0,1
283,0.0005660000000000001,reference,0.0,0.0,0.0,1
284,0.000568,reference,0.0,0.0,0.0,1
285,0.0005700000000000001,reference,0.0,0.0,0.0,1
286,0.000572,reference,0.0,0.0,0.0,1
287,0.0005740000000000001,reference,0.0,0.0,0.0,1
288,0.000576,reference,0.0,0.0,0.0,0
289,0.000578,reference,0.0,0.0,0.0,1
290,0.00058,reference,0.0,0.0,0.0,1
291,0.0005819999999999999,reference,0.0,0.0,0.0,1
292,0.000584,reference,0.0,0.0,0.0,1
293,0.0005859999999999999,reference,0.0,0.0,0.0,1
294,0.000588,reference,0.0,0.0,0.0,1
295,0.0005899999999999999,reference,0.0,0.0,0.0,1
296,0.000592,reference,0.0,0.0,0.0,1
297,0.000594,reference,0.0,0.0,0.0,1
298,0.000596,reference,0.0,0.0,0.0,0
299,0.000598,reference,0.0,0.0,0.0,1
300,0.0006,reference,0.0,0.0,0.7853981633974483,0
301,0.000602,reference,0.0,0.0,0.7853981633974483,1
302,0.0006039999999999999,reference,0.0,0.0,0.7853981633974483,1
303,0.000606,reference,0.0,0.0,0.7853981633974483,1
304,0.000608,reference,0.0,0.0,0.7853981633974483,1
305,0.00061,reference,0.0,0.0,0.7853981633974483,1
306,0.000612,reference,0.0,0.0,0.7853981633974483,0
307,0.000614,reference,0.0,0.0,0.7853981633974483,1
308,0.000616,reference,0.0,0.0,0.7853981633974483,1
309,0.000618,reference,0.0,0.0,0.7853981633974483,1
310,0.00062,reference,0.0,0.0,0.7853981633974483,1
311,0.000622,reference,0.0,0.0,0.7853981633974483,1
312,0.000624,reference,0.0,0.0,0.7853981633974483,1
313,0.000626,reference,0.0,0.0,0.7853981633974483,1
314,0.000628,reference,0.0,0.0,0.7853981633974483,1
315,0.00063,reference,0.0,0.0,0.7853981633974483,1
316,0.000632,reference,0.0,0.0,0.7853981633974483,1
317,0.000634,reference,0.0,0.0,0.7853981633974483,1
318,0.0006360000000000001,reference,0.0,0.0,0.7853981633974483,1
319,0.000638,reference,0.0,0.0,0.7853981633974483,1
320,0.00064,reference,0.0,0.0,0.7853981633974483,1
321,0.000642,reference,0.0,0.0,0.7853981633974483,1
322,0.000644,reference,0.0,0.0,0.7853981633974483,1
323,0.000646,reference,0.0,0.0,0.7853981633974483,0
324,0.000648,reference,0.0,0.0,0.7853981633974483,0
325,0.00065,reference,0.0,0.0,0.7853981633974483,1
326,0.000652,reference,0.0,0.0,0.7853981633974483,1
327,0.0006540000000000001,reference,0.0,0.0,0.7853981633974483,1
328,0.000656,reference,0.0,0.0,0.7853981633974483,1
329,0.0006580000000000001,reference,0.0,0.0,0.7853981633974483,1
330,0.00066,reference,0.0,0.0,0.7853981633974483,1
331,0.000662,reference,0.0,0.0,0.7853981633974483,0
332,0.000664,reference,0.0,0.0,0.7853981633974483,1
333,0.000666,reference,0.0,0.0,0.7853981633974483,1
334,0.0006680000000000001,reference,0.0,0.0,0.7853981633974483,1
335,0.00067,reference,0.0,0.0,0.7853981633974483,1
336,0.0006720000000000001,reference,0.0,0.0,0.7853981633974483,1
337,0.000674,reference,0.0,0.0,0.7853981633974483,1
338,0.0006760000000000001,reference,0.0,0.0,0.7853981633974483,1
339,0.000678,reference,0.0,0.0,0.7853981633974483,0
340,0.00068,reference,0.0,0.0,0.7853981633974483,0
341,0.0006820000000000001,reference,0.0,0.0,0.7853981633974483,1
342,0.000684,reference,0.0,0.0,0.7853981633974483,0
343,0.0006860000000000001,reference,0.0,0.0,0.7853981633974483,1
344,0.000688,reference,0.0,0.0,0.7853981633974483,1
345,0.0006900000000000001,reference,0.0,0.0,0.7853981633974483,0
346,0.000692,reference,0.0,0.0,0.7853981633974483,1
347,0.0006940000000000001,reference,0.0,0.0,0.7853981633974483,0
348,0.0006960000000000001,reference,0.0,0.0,0.7853981633974483,1
349,0.000698,reference,0.0,0.0,0.7853981633974483,1
350,0.0007000000000000001,reference,0.0,0.0,0.7853981633974483,1
351,0.000702,reference,0.0,0.0,0.7853981633974483,1
352,0.000704,reference,0.0,0.0,0.7853981633974483,0
353,0.0007059999999999999,reference,0.0,0.0,0.7853981633974483,0
354,0.000708,reference,0.0,0.0,0.7853981633974483,0
355,0.0007099999999999999,reference,0.0,0.0,0.7853981633974483,0
356,0.000712,reference,0.0,0.0,0.7853981633974483,1
357,0.000714,reference,0.0,0.0,0.7853981633974483,1
358,0.000716,reference,0.0,0.0,0.7853981633974483,0
359,0.000718,reference,0.0,0.0,0.7853981633974483,1
360,0.0007199999999999999,reference,0.0,0.0,0.7853981633974483,1
361,0.000722,reference,0.0,0.0,0.7853981633974483,1
362,0.0007239999999999999,reference,0.0,0.0,0.7853981633974483,0
363,0.000726,reference,0.0,0.0,0.7853981633974483,1
364,0.000728,reference,0.0,0.0,0.7853981633974483,1
365,0.00073,reference,0.0,0.0,0.7853981633974483,1
366,0.000732,reference,0.0,0.0,0.7853981633974483,1
367,0.000734,reference,0.0,0.0,0.7853981633974483,0
368,0.000736,reference,0.0,0.0,0.7853981633974483,1
369,0.0007379999999999999,reference,0.0,0.0,0.7853981633974483,1
370,0.00074,reference,0.0,0.0,0.7853981633974483,0
371,0.000742,reference,0.0,0.0,0.7853981633974483,1
372,0.000744,reference,0.0,0.0,0.7853981633974483,1
373,0.000746,reference,0.0,0.0,0.7853981633974483,1
374,0.000748,reference,0.0,0.0,0.7853981633974483,0
375,0.00075,reference,0.0,0.0,0.7853981633974483,1
376,0.000752,reference,0.0,0.0,0.7853981633974483,1
377,0.000754,reference,0.0,0.0,0.7853981633974483,1
378,0.000756,reference,0.0,0.0,0.7853981633974483,1
379,0.000758,reference,0.0,0.0,0.7853981633974483,1
380,0.00076,reference,0.0,0.0,0.7853981633974483,1
381,0.000762,reference,0.0,0.0,0.7853981633974483,0
382,0.000764,reference,0.0,0.0,0.7853981633974483,1
383,0.000766,reference,0.0,0.0,0.7853981633974483,1
384,0.000768,reference,0.0,0.0,0.7853981633974483,1
385,0.0007700000000000001,reference,0.0,0.0,0.7853981633974483,1
386,0.000772,reference,0.0,0.0,0.7853981633974483,1
387,0.0007740000000000001,reference,0.0,0.0,0.7853981633974483,1
388,0.000776,reference,0.0,0.0,0.7853981633974483,0
389,0.000778,reference,0.0,0.0,0.7853981633974483,1
390,0.00078,reference,0.0,0.0,0.7853981633974483,1
391,0.000782,reference,0.0,0.0,0.7853981633974483,1
392,0.0007840000000000001,reference,0.0,0.0,0.7853981633974483,1
393,0.000786,reference,0.0,0.0,0.7853981633974483,1
394,0.0007880000000000001,reference,0.0,0.0,0.7853981633974483,0
395,0.00079,reference,0.0,0.0,0.7853981633974483,1
396,0.0007920000000000001,reference,0.0,0.0,0.7853981633974483,0
397,0.000794,reference,0.0,0.0,0.7853981633974483,1
398,0.000796,reference,0.0,0.0,0.7853981633974483,1
399,0.000798,reference,0.0,0.0,0.7853981633974483,1
400,0.0008,reference,0.0,0.0,0.7853981633974483,1
401,0.0008020000000000001,reference,0.0,0.0,0.7853981633974483,1
402,0.000804,reference,0.0,0.0,0.7853981633974483,1
403,0.0008060000000000001,reference,0.0,0.0,0.7853981633974483,1
404,0.000808,reference,0.0,0.0,0.7853981633974483,1
405,0.0008100000000000001,reference,0.0,0.0,0.7853981633974483,1
406,0.000812,reference,0.0,0.0,0.7853981633974483,0
407,0.000814,reference,0.0,0.0,0.7853981633974483,1
408,0.0008160000000000001,reference,0.0,0.0,0.7853981633974483,1
409,0.000818,reference,0.0,0.0,0.7853981633974483,1
410,0.0008200000000000001,reference,0.0,0.0,0.7853981633974483,1
411,0.000822,reference,0.0,0.0,0.7853981633974483,1
412,0.0008240000000000001,reference,0.0,0.0,0.7853981633974483,1
413,0.000826,reference,0.0,0.0,0.7853981633974483,0
414,0.0008280000000000001,reference,0.0,0.0,0.7853981633974483,1
415,0.0008300000000000001,reference,0.0,0.0,0.7853981633974483,1
416,0.0008320000000000001,reference,0.0,0.0,0.7853981633974483,1
417,0.000834,reference,0.0,0.0,0.7853981633974483,0
418,0.0008359999999999999,reference,0.0,0.0,0.7853981633974483,1
419,0.000838,reference,0.0,0.0,0.7853981633974483,0
420,0.0008399999999999999,reference,0.0,0.0,0.7853981633974483,1
421,0.000842,reference,0.0,0.0,0.7853981633974483,1
422,0.000844,reference,0.0,0.0,0.7853981633974483,1
423,0.000846,reference,0.0,0.0,0.7853981633974483,1
424,0.000848,reference,0.0,0.0,0.7853981633974483,1
425,0.00085,reference,0.0,0.0,0.7853981633974483,1
426,0.000852,reference,0.0,0.0,0.7853981633974483,1
427,0.0008539999999999999,reference,0.0,0.0,0.7853981633974483,0
428,0.000856,reference,0.0,0.0,0.7853981633974483,1
429,0.000858,reference,0.0,0.0,0.7853981633974483,1
430,0.00086,reference,0.0,0.0,0.7853981633974483,1
431,0.000862,reference,0.0,0.0,0.7853981633974483,1
432,0.000864,reference,0.0,0.0,0.7853981633974483,1
433,0.000866,reference,0.0,0.0,0.7853981633974483,1
434,0.000868,reference,0.0,0.0,0.7853981633974483,0
435,0.00087,reference,0.0,0.0,0.7853981633974483,1
436,0.0008719999999999999,reference,0.0,0.0,0.7853981633974483,1
437,0.000874,reference,0.0,0.0,0.7853981633974483,1
438,0.000876,reference,0.0,0.0,0.7853981633974483,1
439,0.000878,reference,0.0,0.0,0.7853981633974483,1
440,0.00088,reference,0.0,0.0,0.7853981633974483,1
441,0.000882,reference,0.0,0.0,0.7853981633974483,1
442,0.000884,reference,0.0,0.0,0.7853981633974483,0
443,0.000886,reference,0.0,0.0,0.7853981633974483,1
444,0.000888,reference,0.0,0.0,0.7853981633974483,1
445,0.0008900000000000001,reference,0.0,0.0,0.7853981633974483,1
446,0.000892,reference,0.0,0.0,0.7853981633974483,1
447,0.000894,reference,0.0,0.0,0.7853981633974483,1
448,0.000896,reference,0.0,0.0,0.7853981633974483,1
449,0.000898,reference,0.0,0.0,0.7853981633974483,0
450,0.0009,reference,0.0,0.0,0.7853981633974483,1
451,0.000902,reference,0.0,0.0,0.7853981633974483,1
452,0.0009040000000000001,reference,0.0,0.0,0.7853981633974483,1
453,0.000906,reference,0.0,0.0,0.7853981633974483,1
454,0.0009080000000000001,reference,0.0,0.0,0.7853981633974483,1
455,0.00091,reference,0.0,0.0,0.7853981633974483,0
456,0.000912,reference,0.0,0.0,0.7853981633974483,1
457,0.000914,reference,0.0,0.0,0.7853981633974483,0
458,0.000916,reference,0.0,0.0,0.7853981633974483,1
459,0.0009180000000000001,reference,0.0,0.0,0.7853981633974483,1
460,0.00092,reference,0.0,0.0,0.7853981633974483,1
461,0.0009220000000000001,reference,0.0,0.0,0.7853981633974483,1
462,0.000924,reference,0.0,0.0,0.7853981633974483,1
463,0.0009260000000000001,reference,0.0,0.0,0.7853981633974483,1
464,0.000928,reference,0.0,0.0,0.7853981633974483,1
465,0.00093,reference,0.0,0.0,0.7853981633974483,1
466,0.0009320000000000001,reference,0.0,0.0,0.7853981633974483,1
467,0.000934,reference,0.0,0.0,0.7853981633974483,1
468,0.0009360000000000001,reference,0.0,0.0,0.7853981633974483,1
469,0.000938,reference,0.0,0.0,0.7853981633974483,1
470,0.0009400000000000001,reference,0.0,0.0,0.7853981633974483,1
471,0.000942,reference,0.0,0.0,0.7853981633974483,1
472,0.0009440000000000001,reference,0.0,0.0,0.7853981633974483,1
473,0.000946,reference,0.0,0.0,0.7853981633974483,1
474,0.0009480000000000001,reference,0.0,0.0,0.7853981633974483,1
475,0.0009500000000000001,reference,0.0,0.0,0.7853981633974483,0
476,0.000952,reference,0.0,0.0,0.7853981633974483,1
477,0.0009540000000000001,reference,0.0,0.0,0.7853981633974483,1
478,0.000956,reference,0.0,0.0,0.7853981633974483,1
479,0.0009580000000000001,reference,0.0,0.0,0.7853981633974483,0
480,0.0009599999999999999,reference,0.0,0.0,0.7853981633974483,0
481,0.000962,reference,0.0,0.0,0.7853981633974483,1
482,0.000964,reference,0.0,0.0,0.7853981633974483,1
483,0.000966,reference,0.0,0.0,0.7853981633974483,1
484,0.000968,reference,0.0,0.0,0.7853981633974483,1
485,0.0009699999999999999,reference,0.0,0.0,0.7853981633974483,1
486,0.000972,reference,0.0,0.0,0.7853981633974483,1
487,0.0009739999999999999,reference,0.0,0.0,0.7853981633974483,1
488,0.000976,reference,0.0,0.0,0.7853981633974483,1
489,0.000978,reference,0.0,0.0,0.7853981633974483,1
490,0.00098,reference,0.0,0.0,0.7853981633974483,1
491,0.000982,reference,0.0,0.0,0.7853981633974483,0
492,0.000984,reference,0.0,0.0,0.7853981633974483,0
493,0.000986,reference,0.0,0.0,0.7853981633974483,1
494,0.000988,reference,0.0,0.0,0.7853981633974483,1
495,0.00099,reference,0.0,0.0,0.7853981633974483,1
496,0.000992,reference,0.0,0.0,0.7853981633974483,1
497,0.000994,reference,0.0,0.0,0.7853981633974483,1
498,0.000996,reference,0.0,0.0,0.7853981633974483,1
499,0.000998,reference,0.0,0.0,0.7853981633974483,1
500,0.001,reference,0.0,0.0,0.7853981633974483,0
501,0.001002,reference,0.0,0.0,0.7853981633974483,1
502,0.001004,reference,0.0,0.0,0.7853981633974483,1
503,0.001006,reference,0.0,0.0,0.7853981633974483,1
504,0.001008,reference,0.0,0.0,0.7853981633974483,1
505,0.00101,reference,0.0,0.0,0.7853981633974483,1
506,0.001012,reference,0.0,0.0,0.7853981633974483,1
507,0.001014,reference,0.0,0.0,0.7853981633974483,1
508,0.001016,reference,0.0,0.0,0.7853981633974483,0
509,0.001018,reference,0.0,0.0,0.7853981633974483,1
510,0.00102,reference,0.0,0.0,0.7853981633974483,0
511,0.0010220000000000001,reference,0.0,0.0,0.7853981633974483,1
512,0.001024,reference,0.0,0.0,0.7853981633974483,0
513,0.001026,reference,0.0,0.0,0.7853981633974483,1
514,0.001028,reference,0.0,0.0,0.7853981633974483,1
515,0.00103,reference,0.0,0.0,0.7853981633974483,1
516,0.001032,reference,0.0,0.0,0.7853981633974483,1
517,0.001034,reference,0.0,0.0,0.7853981633974483,1
518,0.001036,reference,0.0,0.0,0.7853981633974483,1
519,0.001038,reference,0.0,0.0,0.7853981633974483,1
520,0.0010400000000000001,reference,0.0,0.0,0.7853981633974483,1
521,0.001042,reference,0.0,0.0,0.7853981633974483,1
522,0.001044,reference,0.0,0.0,0.7853981633974483,0
523,0.001046,reference,0.0,0.0,0.7853981633974483,1
524,0.001048,reference,0.0,0.0,0.7853981633974483,1
525,0.0010500000000000002,reference,0.0,0.0,0.7853981633974483,0
526,0.001052,reference,0.0,0.0,0.7853981633974483,1
527,0.001054,reference,0.0,0.0,0.7853981633974483,1
528,0.001056,reference,0.0,0.0,0.7853981633974483,1
529,0.0010580000000000001,reference,0.0,0.0,0.7853981633974483,1
530,0.00106,reference,0.0,0.0,0.7853981633974483,0
531,0.001062,reference,0.0,0.0,0.7853981633974483,1
532,0.001064,reference,0.0,0.0,0.7853981633974483,1
533,0.001066,reference,0.0,0.0,0.7853981633974483,0
534,0.0010680000000000002,reference,0.0,0.0,0.7853981633974483,1
535,0.00107,reference,0.0,0.0,0.7853981633974483,1
536,0.001072,reference,0.0,0.0,0.7853981633974483,1
537,0.001074,reference,0.0,0.0,0.7853981633974483,1
538,0.0010760000000000001,reference,0.0,0.0,0.7853981633974483,1
539,0.001078,reference,0.0,0.0,0.7853981633974483,0
540,0.00108,reference,0.0,0.0,0.7853981633974483,1
541,0.001082,reference,0.0,0.0,0.7853981633974483,1
542,0.0010840000000000001,reference,0.0,0.0,0.7853981633974483,1
543,0.0010860000000000002,reference,0.0,0.0,0.7853981633974483,1
544,0.001088,reference,0.0,0.0,0.7853981633974483,1
545,0.00109,reference,0.0,0.0,0.7853981633974483,1
546,0.001092,reference,0.0,0.0,0.7853981633974483,1
547,0.0010940000000000001,reference,0.0,0.0,0.7853981633974483,1
548,0.0010960000000000002,reference,0.0,0.0,0.7853981633974483,1
549,0.001098,reference,0.0,0.0,0.7853981633974483,1
550,0.0011,reference,0.0,0.0,0.7853981633974483,1
551,0.0011020000000000001,reference,0.0,0.0,0.7853981633974483,1
552,0.0011040000000000002,reference,0.0,0.0,0.7853981633974483,1
553,0.001106,reference,0.0,0.0,0.7853981633974483,0
554,0.001108,reference,0.0,0.0,0.7853981633974483,1
555,0.00111,reference,0.0,0.0,0.7853981633974483,1
556,0.0011120000000000001,reference,0.0,0.0,0.7853981633974483,1
557,0.0011140000000000002,reference,0.0,0.0,0.7853981633974483,1
558,0.001116,reference,0.0,0.0,0.7853981633974483,1
559,0.001118,reference,0.0,0.0,0.7853981633974483,1
560,0.0011200000000000001,reference,0.0,0.0,0.7853981633974483,1
561,0.0011220000000000002,reference,0.0,0.0,0.7853981633974483,1
562,0.0011240000000000002,reference,0.0,0.0,0.7853981633974483,1
563,0.001126,reference,0.0,0.0,0.7853981633974483,0
564,0.001128,reference,0.0,0.0,0.7853981633974483,0
565,0.0011300000000000001,reference,0.0,0.0,0.7853981633974483,1
566,0.0011320000000000002,reference,0.0,0.0,0.7853981633974483,0
567,0.001134,reference,0.0,0.0,0.7853981633974483,0
568,0.001136,reference,0.0,0.0,0.7853981633974483,1
569,0.0011380000000000001,reference,0.0,0.0,0.7853981633974483,1
570,0.0011400000000000002,reference,0.0,0.0,0.7853981633974483,1
571,0.0011420000000000002,reference,0.0,0.0,0.7853981633974483,1
572,0.001144,reference,0.0,0.0,0.7853981633974483,1
573,0.001146,reference,0.0,0.0,0.7853981633974483,1
574,0.0011480000000000001,reference,0.0,0.0,0.7853981633974483,0
575,0.0011500000000000002,reference,0.0,0.0,0.7853981633974483,0
576,0.001152,reference,0.0,0.0,0.7853981633974483,0
577,0.0011539999999999999,reference,0.0,0.0,0.7853981633974483,0
578,0.001156,reference,0.0,0.0,0.7853981633974483,1
579,0.001158,reference,0.0,0.0,0.7853981633974483,1
580,0.00116,reference,0.0,0.0,0.7853981633974483,1
581,0.0011619999999999998,reference,0.0,0.0,0.7853981633974483,1
582,0.0011639999999999999,reference,0.0,0.0,0.7853981633974483,1
583,0.001166,reference,0.0,0.0,0.7853981633974483,1
584,0.001168,reference,0.0,0.0,0.7853981633974483,0
585,0.00117,reference,0.0,0.0,0.7853981633974483,1
586,0.0011719999999999999,reference,0.0,0.0,0.7853981633974483,1
587,0.001174,reference,0.0,0.0,0.7853981633974483,1
588,0.001176,reference,0.0,0.0,0.7853981633974483,0
589,0.001178,reference,0.0,0.0,0.7853981633974483,1
590,0.0011799999999999998,reference,0.0,0.0,0.7853981633974483,1
591,0.0011819999999999999,reference,0.0,0.0,0.7853981633974483,1
592,0.001184,reference,0.0,0.0,0.7853981633974483,0
593,0.001186,reference,0.0,0.0,0.7853981633974483,1
594,0.001188,reference,0.0,0.0,0.7853981633974483,1
595,0.0011899999999999999,reference,0.0,0.0,0.7853981633974483,0
596,0.001192,reference,0.0,0.0,0.7853981633974483,0
597,0.001194,reference,0.0,0.0,0.7853981633974483,1
598,0.001196,reference,0.0,0.0,0.7853981633974483,1
599,0.0011979999999999998,reference,0.0,0.0,0.7853981633974483,1
600,0.0012,reference,0.0,0.0,1.5707963267948966,1
601,0.001202,reference,0.0,0.0,1.5707963267948966,1
602,0.001204,reference,0.0,0.0,1.5707963267948966,0
603,0.001206,reference,0.0,0.0,1.5707963267948966,1
604,0.0012079999999999999,reference,0.0,0.0,1.5707963267948966,1
605,0.00121,reference,0.0,0.0,1.5707963267948966,1
606,0.001212,reference,0.0,0.0,1.5707963267948966,0
607,0.001214,reference,0.0,0.0,1.5707963267948966,1
608,0.001216,reference,0.0,0.0,1.5707963267948966,0
609,0.001218,reference,0.0,0.0,1.5707963267948966,0
610,0.00122,reference,0.0,0.0,1.5707963267948966,1
611,0.001222,reference,0.0,0.0,1.5707963267948966,1
612,0.001224,reference,0.0,0.0,1.5707963267948966,0
613,0.0012259999999999999,reference,0.0,0.0,1.5707963267948966,1
614,0.001228,reference,0.0,0.0,1.5707963267948966,0
615,0.00123,reference,0.0,0.0,1.5707963267948966,0
616,0.001232,reference,0.0,0.0,1.5707963267948966,1
617,0.001234,reference,0.0,0.0,1.5707963267948966,0
618,0.001236,reference,0.0,0.0,1.5707963267948966,1
619,0.001238,reference,0.0,0.0,1.5707963267948966,1
620,0.00124,reference,0.0,0.0,1.5707963267948966,1
621,0.001242,reference,0.0,0.0,1.5707963267948966,0
622,0.001244,reference,0.0,0.0,1.5707963267948966,0
623,0.001246,reference,0.0,0.0,1.5707963267948966,1
624,0.001248,reference,0.0,0.0,1.5707963267948966,0
625,0.00125,reference,0.0,0.0,1.5707963267948966,1
626,0.001252,reference,0.0,0.0,1.5707963267948966,1
627,0.001254,reference,0.0,0.0,1.5707963267948966,0
628,0.001256,reference,0.0,0.0,1.5707963267948966,1
629,0.001258,reference,0.0,0.0,1.5707963267948966,1
630,0.00126,reference,0.0,0.0,1.5707963267948966,0
631,0.001262,reference,0.0,0.0,1.5707963267948966,1
632,0.001264,reference,0.0,0.0,1.5707963267948966,0
633,0.001266,reference,0.0,0.0,1.5707963267948966,1
634,0.001268,reference,0.0,0.0,1.5707963267948966,1
635,0.00127,reference,0.0,0.0,1.5707963267948966,1
636,0.0012720000000000001,reference,0.0,0.0,1.5707963267948966,0
637,0.001274,reference,0.0,0.0,1.5707963267948966,1
638,0.001276,reference,0.0,0.0,1.5707963267948966,0
639,0.001278,reference,0.0,0.0,1.5707963267948966,1
640,0.00128,reference,0.0,0.0,1.5707963267948966,1
641,0.001282,reference,0.0,0.0,1.5707963267948966,1
642,0.001284,reference,0.0,0.0,1.5707963267948966,0
643,0.001286,reference,0.0,0.0,1.5707963267948966,1
644,0.001288,reference,0.0,0.0,1.5707963267948966,0
645,0.0012900000000000001,reference,0.0,0.0,1.5707963267948966,0
646,0.001292,reference,0.0,0.0,1.5707963267948966,1
647,0.001294,reference,0.0,0.0,1.5707963267948966,1
648,0.001296,reference,0.0,0.0,1.5707963267948966,1
649,0.0012980000000000001,reference,0.0,0.0,1.5707963267948966,0
650,0.0013,reference,0.0,0.0,1.5707963267948966,0
651,0.001302,reference,0.0,0.0,1.5707963267948966,0
652,0.001304,reference,0.0,0.0,1.5707963267948966,0
653,0.001306,reference,0.0,0.0,1.5707963267948966,1
654,0.0013080000000000001,reference,0.0,0.0,1.5707963267948966,1
655,0.00131,reference,0.0,0.0,1.5707963267948966,0
656,0.001312,reference,0.0,0.0,1.5707963267948966,1
657,0.001314,reference,0.0,0.0,1.5707963267948966,1
658,0.0013160000000000001,reference,0.0,0.0,1.5707963267948966,0
659,0.0013180000000000002,reference,0.0,0.0,1.5707963267948966,1
660,0.00132,reference,0.0,0.0,1.5707963267948966,0
661,0.001322,reference,0.0,0.0,1.5707963267948966,1
662,0.001324,reference,0.0,0.0,1.5707963267948966,1
663,0.0013260000000000001,reference,0.0,0.0,1.5707963267948966,0
664,0.001328,reference,0.0,0.0,1.5707963267948966,1
665,0.00133,reference,0.0,0.0,1.5707963267948966,1
666,0.001332,reference,0.0,0.0,1.5707963267948966,0
667,0.0013340000000000001,reference,0.0,0.0,1.5707963267948966,1
668,0.0013360000000000002,reference,0.0,0.0,1.5707963267948966,1
669,0.001338,reference,0.0,0.0,1.5707963267948966,0
670,0.00134,reference,0.0,0.0,1.5707963267948966,1
671,0.001342,reference,0.0,0.0,1.5707963267948966,0
672,0.0013440000000000001,reference,0.0,0.0,1.5707963267948966,0
673,0.0013460000000000002,reference,0.0,0.0,1.5707963267948966,0
674,0.001348,reference,0.0,0.0,1.5707963267948966,0
675,0.00135,reference,0.0,0.0,1.5707963267948966,1
676,0.0013520000000000001,reference,0.0,0.0,1.5707963267948966,1
677,0.0013540000000000002,reference,0.0,0.0,1.5707963267948966,1
678,0.001356,reference,0.0,0.0,1.5707963267948966,0
679,0.001358,reference,0.0,0.0,1.5707963267948966,0
680,0.00136,reference,0.0,0.0,1.5707963267948966,1
681,0.0013620000000000001,reference,0.0,0.0,1.5707963267948966,1
682,0.0013640000000000002,reference,0.0,0.0,1.5707963267948966,1
683,0.001366,reference,0.0,0.0,1.5707963267948966,1
684,0.001368,reference,0.0,0.0,1.5707963267948966,0
685,0.0013700000000000001,reference,0.0,0.0,1.5707963267948966,0
686,0.0013720000000000002,reference,0.0,0.0,1.5707963267948966,1
687,0.001374,reference,0.0,0.0,1.5707963267948966,0
688,0.001376,reference,0.0,0.0,1.5707963267948966,0
689,0.001378,reference,0.0,0.0,1.5707963267948966,0
690,0.0013800000000000002,reference,0.0,0.0,1.5707963267948966,1
691,0.0013820000000000002,reference,0.0,0.0,1.5707963267948966,0
692,0.001384,reference,0.0,0.0,1.5707963267948966,0
693,0.001386,reference,0.0,0.0,1.5707963267948966,1
694,0.0013880000000000001,reference,0.0,0.0,1.5707963267948966,0
695,0.0013900000000000002,reference,0.0,0.0,1.5707963267948966,0
696,0.0013920000000000002,reference,0.0,0.0,1.5707963267948966,1
697,0.001394,reference,0.0,0.0,1.5707963267948966,0
698,0.001396,reference,0.0,0.0,1.5707963267948966,1
699,0.0013980000000000002,reference,0.0,0.0,1.5707963267948966,1
700,0.0014000000000000002,reference,0.0,0.0,1.5707963267948966,1
701,0.001402,reference,0.0,0.0,1.5707963267948966,0
702,0.001404,reference,0.0,0.0,1.5707963267948966,1
703,0.0014060000000000001,reference,0.0,0.0,1.5707963267948966,1
704,0.001408,reference,0.0,0.0,1.5707963267948966,0
705,0.00141,reference,0.0,0.0,1.5707963267948966,0
706,0.0014119999999999998,reference,0.0,0.0,1.5707963267948966,1
707,0.001414,reference,0.0,0.0,1.5707963267948966,1
708,0.001416,reference,0.0,0.0,1.5707963267948966,1
709,0.001418,reference,0.0,0.0,1.5707963267948966,1
710,0.0014199999999999998,reference,0.0,0.0,1.5707963267948966,1
711,0.0014219999999999999,reference,0.0,0.0,1.5707963267948966,0
712,0.001424,reference,0.0,0.0,1.5707963267948966,0
713,0.001426,reference,0.0,0.0,1.5707963267948966,1
714,0.001428,reference,0.0,0.0,1.5707963267948966,1
715,0.0014299999999999998,reference,0.0,0.0,1.5707963267948966,1
716,0.001432,reference,0.0,0.0,1.5707963267948966,0
717,0.001434,reference,0.0,0.0,1.5707963267948966,1
718,0.001436,reference,0.0,0.0,1.5707963267948966,1
719,0.001438,reference,0.0,0.0,1.5707963267948966,1
720,0.0014399999999999999,reference,0.0,0.0,1.5707963267948966,1
721,0.001442,reference,0.0,0.0,1.5707963267948966,0
722,0.001444,reference,0.0,0.0,1.5707963267948966,0
723,0.001446,reference,0.0,0.0,1.5707963267948966,0
724,0.0014479999999999999,reference,0.0,0.0,1.5707963267948966,0
725,0.00145,reference,0.0,0.0,1.5707963267948966,0
726,0.001452,reference,0.0,0.0,1.5707963267948966,0
727,0.001454,reference,0.0,0.0,1.5707963267948966,0
728,0.001456,reference,0.0,0.0,1.5707963267948966,1
729,0.0014579999999999999,reference,0.0,0.0,1.5707963267948966,0
730,0.00146,reference,0.0,0.0,1.5707963267948966,1
731,0.001462,reference,0.0,0.0,1.5707963267948966,0
732,0.001464,reference,0.0,0.0,1.5707963267948966,1
733,0.001466,reference,0.0,0.0,1.5707963267948966,1
734,0.001468,reference,0.0,0.0,1.5707963267948966,1
735,0.00147,reference,0.0,0.0,1.5707963267948966,1
736,0.001472,reference,0.0,0.0,1.5707963267948966,0
737,0.001474,reference,0.0,0.0,1.5707963267948966,1
738,0.0014759999999999999,reference,0.0,0.0,1.5707963267948966,1
739,0.001478,reference,0.0,0.0,1.5707963267948966,0
740,0.00148,reference,0.0,0.0,1.5707963267948966,1
741,0.001482,reference,0.0,0.0,1.5707963267948966,1
742,0.001484,reference,0.0,0.0,1.5707963267948966,1
743,0.001486,reference,0.0,0.0,1.5707963267948966,1
744,0.001488,reference,0.0,0.0,1.5707963267948966,0
745,0.00149,reference,0.0,0.0,1.5707963267948966,0
746,0.001492,reference,0.0,0.0,1.5707963267948966,1
747,0.001494,reference,0.0,0.0,1.5707963267948966,1
748,0.001496,reference,0.0,0.0,1.5707963267948966,1
749,0.001498,reference,0.0,0.0,1.5707963267948966,1
750,0.0015,reference,0.0,0.0,1.5707963267948966,1
751,0.001502,reference,0.0,0.0,1.5707963267948966,0
752,0.001504,reference,0.0,0.0,1.5707963267948966,0
753,0.001506,reference,0.0,0.0,1.5707963267948966,1
754,0.001508,reference,0.0,0.0,1.5707963267948966,0
755,0.00151,reference,0.0,0.0,1.5707963267948966,1
756,0.001512,reference,0.0,0.0,1.5707963267948966,1
757,0.001514,reference,0.0,0.0,1.5707963267948966,1
758,0.001516,reference,0.0,0.0,1.5707963267948966,1
759,0.001518,reference,0.0,0.0,1.5707963267948966,0
760,0.00152,reference,0.0,0.0,1.5707963267948966,1
761,0.001522,reference,0.0,0.0,1.5707963267948966,1
762,0.001524,reference,0.0,0.0,1.5707963267948966,0
763,0.001526,reference,0.0,0.0,1.5707963267948966,1
764,0.001528,reference,0.0,0.0,1.5707963267948966,1
765,0.0015300000000000001,reference,0.0,0.0,1.5707963267948966,1
766,0.001532,reference,0.0,0.0,1.5707963267948966,1
767,0.001534,reference,0.0,0.0,1.5707963267948966,0
768,0.001536,reference,0.0,0.0,1.5707963267948966,1
769,0.001538,reference,0.0,0.0,1.5707963267948966,1
770,0.0015400000000000001,reference,0.0,0.0,1.5707963267948966,1
771,0.001542,reference,0.0,0.0,1.5707963267948966,0
772,0.001544,reference,0.0,0.0,1.5707963267948966,0
773,0.001546,reference,0.0,0.0,1.5707963267948966,0
774,0.0015480000000000001,reference,0.0,0.0,1.5707963267948966,0
775,0.00155,reference,0.0,0.0,1.5707963267948966,1
776,0.001552,reference,0.0,0.0,1.5707963267948966,1
777,0.001554,reference,0.0,0.0,1.5707963267948966,0
778,0.001556,reference,0.0,0.0,1.5707963267948966,1
779,0.0015580000000000001,reference,0.0,0.0,1.5707963267948966,0
780,0.00156,reference,0.0,0.0,1.5707963267948966,1
781,0.001562,reference,0.0,0.0,1.5707963267948966,0
782,0.001564,reference,0.0,0.0,1.5707963267948966,1
783,0.0015660000000000001,reference,0.0,0.0,1.5707963267948966,1
784,0.0015680000000000002,reference,0.0,0.0,1.5707963267948966,1
785,0.00157,reference,0.0,0.0,1.5707963267948966,0
786,0.001572,reference,0.0,0.0,1.5707963267948966,1
787,0.001574,reference,0.0,0.0,1.5707963267948966,1
788,0.0015760000000000001,reference,0.0,0.0,1.5707963267948966,0
789,0.001578,reference,0.0,0.0,1.5707963267948966,1
790,0.00158,reference,0.0,0.0,1.5707963267948966,0
791,0.001582,reference,0.0,0.0,1.5707963267948966,0
792,0.0015840000000000001,reference,0.0,0.0,1.5707963267948966,1
793,0.0015860000000000002,reference,0.0,0.0,1.5707963267948966,0
794,0.001588,reference,0.0,0.0,1.5707963267948966,1
795,0.00159,reference,0.0,0.0,1.5707963267948966,0
796,0.001592,reference,0.0,0.0,1.5707963267948966,0
797,0.0015940000000000001,reference,0.0,0.0,1.5707963267948966,1
798,0.001596,reference,0.0,0.0,1.5707963267948966,1
799,0.001598,reference,0.0,0.0,1.5707963267948966,0
800,0.0016,reference,0.0,0.0,1.5707963267948966,1
801,0.0016020000000000001,reference,0.0,0.0,1.5707963267948966,0
802,0.0016040000000000002,reference,0.0,0.0,1.5707963267948966,1
803,0.001606,reference,0.0,0.0,1.5707963267948966,1
804,0.001608,reference,0.0,0.0,1.5707963267948966,1
805,0.00161,reference,0.0,0.0,1.5707963267948966,0
806,0.0016120000000000002,reference,0.0,0.0,1.5707963267948966,0
807,0.0016140000000000002,reference,0.0,0.0,1.5707963267948966,1
808,0.001616,reference,0.0,0.0,1.5707963267948966,0
809,0.001618,reference,0.0,0.0,1.5707963267948966,1
810,0.0016200000000000001,reference,0.0,0.0,1.5707963267948966,1
811,0.0016220000000000002,reference,0.0,0.0,1.5707963267948966,0
812,0.001624,reference,0.0,0.0,1.5707963267948966,0
813,0.001626,reference,0.0,0.0,1.5707963267948966,1
814,0.001628,reference,0.0,0.0,1.5707963267948966,0
815,0.0016300000000000002,reference,0.0,0.0,1.5707963267948966,0
816,0.0016320000000000002,reference,0.0,0.0,1.5707963267948966,1
817,0.001634,reference,0.0,0.0,1.5707963267948966,1
818,0.001636,reference,0.0,0.0,1.5707963267948966,0
819,0.0016380000000000001,reference,0.0,0.0,1.5707963267948966,1
820,0.0016400000000000002,reference,0.0,0.0,1.5707963267948966,1
821,0.0016420000000000002,reference,0.0,0.0,1.5707963267948966,1
822,0.001644,reference,0.0,0.0,1.5707963267948966,1
823,0.0016460000000000001,reference,0.0,0.0,1.5707963267948966,0
824,0.0016480000000000002,reference,0.0,0.0,1.5707963267948966,1
825,0.0016500000000000002,reference,0.0,0.0,1.5707963267948966,0
826,0.001652,reference,0.0,0.0,1.5707963267948966,1
827,0.001654,reference,0.0,0.0,1.5707963267948966,0
828,0.0016560000000000001,reference,0.0,0.0,1.5707963267948966,1
829,0.0016580000000000002,reference,0.0,0.0,1.5707963267948966,1
830,0.0016600000000000002,reference,0.0,0.0,1.5707963267948966,1
831,0.001662,reference,0.0,0.0,1.5707963267948966,0
832,0.0016640000000000001,reference,0.0,0.0,1.5707963267948966,0
833,0.001666,reference,0.0,0.0,1.5707963267948966,0
834,0.001668,reference,0.0,0.0,1.5707963267948966,0
835,0.0016699999999999998,reference,0.0,0.0,1.5707963267948966,1
836,0.0016719999999999999,reference,0.0,0.0,1.5707963267948966,1
837,0.001674,reference,0.0,0.0,1.5707963267948966,1
838,0.001676,reference,0.0,0.0,1.5707963267948966,1
839,0.001678,reference,0.0,0.0,1.5707963267948966,0
840,0.0016799999999999999,reference,0.0,0.0,1.5707963267948966,0
841,0.001682,reference,0.0,0.0,1.5707963267948966,0
842,0.001684,reference,0.0,0.0,1.5707963267948966,1
843,0.001686,reference,0.0,0.0,1.5707963267948966,0
844,0.001688,reference,0.0,0.0,1.5707963267948966,1
845,0.0016899999999999999,reference,0.0,0.0,1.5707963267948966,1
846,0.001692,reference,0.0,0.0,1.5707963267948966,0
847,0.001694,reference,0.0,0.0,1.5707963267948966,1
848,0.001696,reference,0.0,0.0,1.5707963267948966,0
849,0.0016979999999999999,reference,0.0,0.0,1.5707963267948966,1
850,0.0017,reference,0.0,0.0,1.5707963267948966,1
851,0.001702,reference,0.0,0.0,1.5707963267948966,0
852,0.001704,reference,0.0,0.0,1.5707963267948966,0
853,0.001706,reference,0.0,0.0,1.5707963267948966,1
854,0.0017079999999999999,reference,0.0,0.0,1.5707963267948966,1
855,0.00171,reference,0.0,0.0,1.5707963267948966,0
856,0.001712,reference,0.0,0.0,1.5707963267948966,0
857,0.001714,reference,0.0,0.0,1.5707963267948966,1
858,0.001716,reference,0.0,0.0,1.5707963267948966,0
859,0.001718,reference,0.0,0.0,1.5707963267948966,1
860,0.00172,reference,0.0,0.0,1.5707963267948966,0
861,0.001722,reference,0.0,0.0,1.5707963267948966,0
862,0.001724,reference,0.0,0.0,1.5707963267948966,0
863,0.0017259999999999999,reference,0.0,0.0,1.5707963267948966,0
864,0.001728,reference,0.0,0.0,1.5707963267948966,0
865,0.00173,reference,0.0,0.0,1.5707963267948966,1
866,0.001732,reference,0.0,0.0,1.5707963267948966,1
867,0.001734,reference,0.0,0.0,1.5707963267948966,1
868,0.001736,reference,0.0,0.0,1.5707963267948966,1
869,0.001738,reference,0.0,0.0,1.5707963267948966,0
870,0.00174,reference,0.0,0.0,1.5707963267948966,1
871,0.001742,reference,0.0,0.0,1.5707963267948966,1
872,0.0017439999999999999,reference,0.0,0.0,1.5707963267948966,1
873,0.001746,reference,0.0,0.0,1.5707963267948966,1
874,0.001748,reference,0.0,0.0,1.5707963267948966,0
875,0.00175,reference,0.0,0.0,1.5707963267948966,1
876,0.001752,reference,0.0,0.0,1.5707963267948966,1
877,0.001754,reference,0.0,0.0,1.5707963267948966,0
878,0.001756,reference,0.0,0.0,1.5707963267948966,0
879,0.001758,reference,0.0,0.0,1.5707963267948966,1
880,0.00176,reference,0.0,0.0,1.5707963267948966,0
881,0.0017620000000000001,reference,0.0,0.0,1.5707963267948966,1
882,0.001764,reference,0.0,0.0,1.5707963267948966,0
883,0.001766,reference,0.0,0.0,1.5707963267948966,0
884,0.001768,reference,0.0,0.0,1.5707963267948966,0
885,0.00177,reference,0.0,0.0,1.5707963267948966,1
886,0.001772,reference,0.0,0.0,1.5707963267948966,0
887,0.001774,reference,0.0,0.0,1.5707963267948966,0
888,0.001776,reference,0.0,0.0,1.5707963267948966,0
889,0.001778,reference,0.0,0.0,1.5707963267948966,0
890,0.0017800000000000001,reference,0.0,0.0,1.5707963267948966,0
891,0.001782,reference,0.0,0.0,1.5707963267948966,1
892,0.001784,reference,0.0,0.0,1.5707963267948966,1
893,0.001786,reference,0.0,0.0,1.5707963267948966,1
894,0.001788,reference,0.0,0.0,1.5707963267948966,1
895,0.0017900000000000001,reference,0.0,0.0,1.5707963267948966,1
896,0.001792,reference,0.0,0.0,1.5707963267948966,1
897,0.001794,reference,0.0,0.0,1.5707963267948966,1
898,0.001796,reference,0.0,0.0,1.5707963267948966,1
899,0.0017980000000000001,reference,0.0,0.0,1.5707963267948966,1
900,0.0018,reference,0.0,0.0,2.356194490192345,1
901,0.001802,reference,0.0,0.0,2.356194490192345,0
902,0.001804,reference,0.0,0.0,2.356194490192345,1
903,0.001806,reference,0.0,0.0,2.356194490192345,0
904,0.0018080000000000001,reference,0.0,0.0,2.356194490192345,0
905,0.00181,reference,0.0,0.0,2.356194490192345,0
906,0.001812,reference,0.0,0.0,2.356194490192345,1
907,0.001814,reference,0.0,0.0,2.356194490192345,0
908,0.0018160000000000001,reference,0.0,0.0,2.356194490192345,0
909,0.001818,reference,0.0,0.0,2.356194490192345,0
910,0.00182,reference,0.0,0.0,2.356194490192345,0
911,0.001822,reference,0.0,0.0,2.356194490192345,0
912,0.001824,reference,0.0,0.0,2.356194490192345,1
913,0.0018260000000000001,reference,0.0,0.0,2.356194490192345,0
914,0.001828,reference,0.0,0.0,2.356194490192345,0
915,0.00183,reference,0.0,0.0,2.356194490192345,0
916,0.001832,reference,0.0,0.0,2.356194490192345,0
917,0.0018340000000000001,reference,0.0,0.0,2.356194490192345,0
918,0.0018360000000000002,reference,0.0,0.0,2.356194490192345,0
919,0.001838,reference,0.0,0.0,2.356194490192345,0
920,0.00184,reference,0.0,0.0,2.356194490192345,0
921,0.001842,reference,0.0,0.0,2.356194490192345,0
922,0.0018440000000000002,reference,0.0,0.0,2.356194490192345,0
923,0.001846,reference,0.0,0.0,2.356194490192345,0
924,0.001848,reference,0.0,0.0,2.356194490192345,0
925,0.00185,reference,0.0,0.0,2.356194490192345,0
926,0.0018520000000000001,reference,0.0,0.0,2.356194490192345,0
927,0.0018540000000000002,reference,0.0,0.0,2.356194490192345,0
928,0.001856,reference,0.0,0.0,2.356194490192345,0
929,0.001858,reference,0.0,0.0,2.356194490192345,1
930,0.00186,reference,0.0,0.0,2.356194490192345,0
931,0.0018620000000000002,reference,0.0,0.0,2.356194490192345,1
932,0.0018640000000000002,reference,0.0,0.0,2.356194490192345,0
933,0.001866,reference,0.0,0.0,2.356194490192345,0
934,0.001868,reference,0.0,0.0,2.356194490192345,0
935,0.0018700000000000001,reference,0.0,0.0,2.356194490192345,1
936,0.0018720000000000002,reference,0.0,0.0,2.356194490192345,0
937,0.001874,reference,0.0,0.0,2.356194490192345,0
938,0.001876,reference,0.0,0.0,2.356194490192345,0
939,0.0018780000000000001,reference,0.0,0.0,2.356194490192345,0
940,0.0018800000000000002,reference,0.0,0.0,2.356194490192345,1
941,0.0018820000000000002,reference,0.0,0.0,2.356194490192345,1
942,0.001884,reference,0.0,0.0,2.356194490192345,1
943,0.001886,reference,0.0,0.0,2.356194490192345,0
944,0.0018880000000000001,reference,0.0,0.0,2.356194490192345,0
945,0.0018900000000000002,reference,0.0,0.0,2.356194490192345,1
946,0.001892,reference,0.0,0.0,2.356194490192345,1
947,0.001894,reference,0.0,0.0,2.356194490192345,0
948,0.0018960000000000001,reference,0.0,0.0,2.356194490192345,0
949,0.0018980000000000002,reference,0.0,0.0,2.356194490192345,0
950,0.0019000000000000002,reference,0.0,0.0,2.356194490192345,0
951,0.001902,reference,0.0,0.0,2.356194490192345,0
952,0.001904,reference,0.0,0.0,2.356194490192345,1
953,0.0019060000000000001,reference,0.0,0.0,2.356194490192345,0
954,0.0019080000000000002,reference,0.0,0.0,2.356194490192345,0
955,0.0019100000000000002,reference,0.0,0.0,2.356194490192345,0
956,0.001912,reference,0.0,0.0,2.356194490192345,0
957,0.0019140000000000001,reference,0.0,0.0,2.356194490192345,0
958,0.0019160000000000002,reference,0.0,0.0,2.356194490192345,1
959,0.0019180000000000002,reference,0.0,0.0,2.356194490192345,0
960,0.0019199999999999998,reference,0.0,0.0,2.356194490192345,0
961,0.0019219999999999999,reference,0.0,0.0,2.356194490192345,0
962,0.001924,reference,0.0,0.0,2.356194490192345,0
963,0.001926,reference,0.0,0.0,2.356194490192345,1
964,0.001928,reference,0.0,0.0,2.356194490192345,0
965,0.0019299999999999999,reference,0.0,0.0,2.356194490192345,0
966,0.001932,reference,0.0,0.0,2.356194490192345,1
967,0.001934,reference,0.0,0.0,2.356194490192345,1
968,0.001936,reference,0.0,0.0,2.356194490192345,1
969,0.001938,reference,0.0,0.0,2.356194490192345,0
970,0.0019399999999999999,reference,0.0,0.0,2.356194490192345,1
971,0.001942,reference,0.0,0.0,2.356194490192345,0
972,0.001944,reference,0.0,0.0,2.356194490192345,0
973,0.001946,reference,0.0,0.0,2.356194490192345,1
974,0.0019479999999999999,reference,0.0,0.0,2.356194490192345,0
975,0.00195,reference,0.0,0.0,2.356194490192345,0
976,0.001952,reference,0.0,0.0,2.356194490192345,0
977,0.001954,reference,0.0,0.0,2.356194490192345,0
978,0.001956,reference,0.0,0.0,2.356194490192345,0
979,0.001958,reference,0.0,0.0,2.356194490192345,1
980,0.00196,reference,0.0,0.0,2.356194490192345,0
981,0.0019619999999999998,reference,0.0,0.0,2.356194490192345,0
982,0.001964,reference,0.0,0.0,2.356194490192345,0
983,0.001966,reference,0.0,0.0,2.356194490192345,0
984,0.001968,reference,0.0,0.0,2.356194490192345,0
985,0.00197,reference,0.0,0.0,2.356194490192345,1
986,0.001972,reference,0.0,0.0,2.356194490192345,0
987,0.001974,reference,0.0,0.0,2.356194490192345,0
988,0.001976,reference,0.0,0.0,2.356194490192345,0
989,0.001978,reference,0.0,0.0,2.356194490192345,0
990,0.00198,reference,0.0,0.0,2.356194490192345,0
991,0.001982,reference,0.0,0.0,2.356194490192345,0
992,0.001984,reference,0.0,0.0,2.356194490192345,0
993,0.001986,reference,0.0,0.0,2.356194490192345,1
994,0.001988,reference,0.0,0.0,2.356194490192345,0
995,0.00199,reference,0.0,0.0,2.356194490192345,0
996,0.001992,reference,0.0,0.0,2.356194490192345,0
997,0.001994,reference,0.0,0.0,2.356194490192345,0
998,0.001996,reference,0.0,0.0,2.356194490192345,0
999,0.001998,reference,0.0,0.0,2.356194490192345,0
1000,0.002,reference,0.0,0.0,2.356194490192345,0
1001,0.0020020000000000003,reference,0.0,0.0,2.356194490192345,1
1002,0.002004,reference,0.0,0.0,2.356194490192345,0
1003,0.0020060000000000004,reference,0.0,0.0,2.356194490192345,1
1004,0.002008,reference,0.0,0.0,2.356194490192345,0
1005,0.00201,reference,0.0,0.0,2.356194490192345,0
1006,0.002012,reference,0.0,0.0,2.356194490192345,0
1007,0.002014,reference,0.0,0.0,2.356194490192345,0
1008,0.002016,reference,0.0,0.0,2.356194490192345,0
1009,0.0020180000000000003,reference,0.0,0.0,2.356194490192345,0
1010,0.00202,reference,0.0,0.0,2.356194490192345,0
1011,0.0020220000000000004,reference,0.0,0.0,2.356194490192345,1
1012,0.002024,reference,0.0,0.0,2.356194490192345,1
1013,0.0020260000000000005,reference,0.0,0.0,2.356194490192345,1
1014,0.002028,reference,0.0,0.0,2.356194490192345,0
1015,0.00203,reference,0.0,0.0,2.356194490192345,0
1016,0.002032,reference,0.0,0.0,2.356194490192345,0
1017,0.0020340000000000002,reference,0.0,0.0,2.356194490192345,0
1018,0.002036,reference,0.0,0.0,2.356194490192345,0
1019,0.0020380000000000003,reference,0.0,0.0,2.356194490192345,0
1020,0.00204,reference,0.0,0.0,2.356194490192345,0
1021,0.0020420000000000004,reference,0.0,0.0,2.356194490192345,1
1022,0.0020440000000000002,reference,0.0,0.0,2.356194490192345,0
1023,0.002046,reference,0.0,0.0,2.356194490192345,0
1024,0.002048,reference,0.0,0.0,2.356194490192345,0
1025,0.0020499999999999997,reference,0.0,0.0,2.356194490192345,0
1026,0.002052,reference,0.0,0.0,2.356194490192345,0
1027,0.002054,reference,0.0,0.0,2.356194490192345,0
1028,0.002056,reference,0.0,0.0,2.356194490192345,0
1029,0.002058,reference,0.0,0.0,2.356194490192345,0
1030,0.00206,reference,0.0,0.0,2.356194490192345,0
1031,0.002062,reference,0.0,0.0,2.356194490192345,1
1032,0.002064,reference,0.0,0.0,2.356194490192345,0
1033,0.0020659999999999997,reference,0.0,0.0,2.356194490192345,0
1034,0.002068,reference,0.0,0.0,2.356194490192345,0
1035,0.00207,reference,0.0,0.0,2.356194490192345,0
1036,0.002072,reference,0.0,0.0,2.356194490192345,0
1037,0.002074,reference,0.0,0.0,2.356194490192345,0
1038,0.002076,reference,0.0,0.0,2.356194490192345,0
1039,0.002078,reference,0.0,0.0,2.356194490192345,1
1040,0.0020800000000000003,reference,0.0,0.0,2.356194490192345,0
1041,0.0020819999999999996,reference,0.0,0.0,2.356194490192345,0
1042,0.002084,reference,0.0,0.0,2.356194490192345,0
1043,0.0020859999999999997,reference,0.0,0.0,2.356194490192345,0
1044,0.002088,reference,0.0,0.0,2.356194490192345,0
1045,0.00209,reference,0.0,0.0,2.356194490192345,0
1046,0.002092,reference,0.0,0.0,2.356194490192345,0
1047,0.002094,reference,0.0,0.0,2.356194490192345,1
1048,0.002096,reference,0.0,0.0,2.356194490192345,1
1049,0.002098,reference,0.0,0.0,2.356194490192345,1
1050,0.0021000000000000003,reference,0.0,0.0,2.356194490192345,0
1051,0.0021019999999999997,reference,0.0,0.0,2.356194490192345,1
1052,0.002104,reference,0.0,0.0,2.356194490192345,0
1053,0.002106,reference,0.0,0.0,2.356194490192345,0
1054,0.002108,reference,0.0,0.0,2.356194490192345,0
1055,0.00211,reference,0.0,0.0,2.356194490192345,0
1056,0.002112,reference,0.0,0.0,2.356194490192345,0
1057,0.002114,reference,0.0,0.0,2.356194490192345,0
1058,0.0021160000000000003,reference,0.0,0.0,2.356194490192345,0
1059,0.002118,reference,0.0,0.0,2.356194490192345,0
1060,0.00212,reference,0.0,0.0,2.356194490192345,1
1061,0.0021219999999999998,reference,0.0,0.0,2.356194490192345,0
1062,0.002124,reference,0.0,0.0,2.356194490192345,0
1063,0.002126,reference,0.0,0.0,2.356194490192345,0
1064,0.002128,reference,0.0,0.0,2.356194490192345,0
1065,0.00213,reference,0.0,0.0,2.356194490192345,0
1066,0.002132,reference,0.0,0.0,2.356194490192345,1
1067,0.002134,reference,0.0,0.0,2.356194490192345,0
1068,0.0021360000000000003,reference,0.0,0.0,2.356194490192345,0
1069,0.0021379999999999997,reference,0.0,0.0,2.356194490192345,0
1070,0.00214,reference,0.0,0.0,2.356194490192345,0
1071,0.002142,reference,0.0,0.0,2.356194490192345,0
1072,0.002144,reference,0.0,0.0,2.356194490192345,0
1073,0.002146,reference,0.0,0.0,2.356194490192345,0
1074,0.002148,reference,0.0,0.0,2.356194490192345,0
1075,0.00215,reference,0.0,0.0,2.356194490192345,0
1076,0.0021520000000000003,reference,0.0,0.0,2.356194490192345,0
1077,0.002154,reference,0.0,0.0,2.356194490192345,0
1078,0.002156,reference,0.0,0.0,2.356194490192345,0
1079,0.0021579999999999998,reference,0.0,0.0,2.356194490192345,0
1080,0.00216,reference,0.0,0.0,2.356194490192345,0
1081,0.002162,reference,0.0,0.0,2.356194490192345,1
1082,0.002164,reference,0.0,0.0,2.356194490192345,0
1083,0.002166,reference,0.0,0.0,2.356194490192345,0
1084,0.0021680000000000002,reference,0.0,0.0,2.356194490192345,0
1085,0.00217,reference,0.0,0.0,2.356194490192345,1
1086,0.0021720000000000003,reference,0.0,0.0,2.356194490192345,0
1087,0.0021739999999999997,reference,0.0,0.0,2.356194490192345,0
1088,0.002176,reference,0.0,0.0,2.356194490192345,0
1089,0.002178,reference,0.0,0.0,2.356194490192345,0
1090,0.00218,reference,0.0,0.0,2.356194490192345,0
1091,0.002182,reference,0.0,0.0,2.356194490192345,1
1092,0.002184,reference,0.0,0.0,2.356194490192345,0
1093,0.002186,reference,0.0,0.0,2.356194490192345,0
1094,0.0021880000000000003,reference,0.0,0.0,2.356194490192345,0
1095,0.00219,reference,0.0,0.0,2.356194490192345,0
1096,0.0021920000000000004,reference,0.0,0.0,2.356194490192345,0
1097,0.0021939999999999998,reference,0.0,0.0,2.356194490192345,0
1098,0.002196,reference,0.0,0.0,2.356194490192345,0
1099,0.002198,reference,0.0,0.0,2.356194490192345,0
1100,0.0022,reference,0.0,0.0,2.356194490192345,0
1101,0.002202,reference,0.0,0.0,2.356194490192345,0
1102,0.0022040000000000002,reference,0.0,0.0,2.356194490192345,0
1103,0.002206,reference,0.0,0.0,2.356194490192345,0
1104,0.0022080000000000003,reference,0.0,0.0,2.356194490192345,0
1105,0.00221,reference,0.0,0.0,2.356194490192345,0
1106,0.002212,reference,0.0,0.0,2.356194490192345,0
1107,0.002214,reference,0.0,0.0,2.356194490192345,0
1108,0.002216,reference,0.0,0.0,2.356194490192345,1
1109,0.002218,reference,0.0,0.0,2.356194490192345,0
1110,0.00222,reference,0.0,0.0,2.356194490192345,0
1111,0.002222,reference,0.0,0.0,2.356194490192345,0
1112,0.0022240000000000003,reference,0.0,0.0,2.356194490192345,0
1113,0.002226,reference,0.0,0.0,2.356194490192345,0
1114,0.0022280000000000004,reference,0.0,0.0,2.356194490192345,0
1115,0.0022299999999999998,reference,0.0,0.0,2.356194490192345,0
1116,0.002232,reference,0.0,0.0,2.356194490192345,1
1117,0.002234,reference,0.0,0.0,2.356194490192345,0
1118,0.002236,reference,0.0,0.0,2.356194490192345,0
1119,0.002238,reference,0.0,0.0,2.356194490192345,0
1120,0.0022400000000000002,reference,0.0,0.0,2.356194490192345,1
1121,0.002242,reference,0.0,0.0,2.356194490192345,0
1122,0.0022440000000000003,reference,0.0,0.0,2.356194490192345,0
1123,0.002246,reference,0.0,0.0,2.356194490192345,0
1124,0.0022480000000000004,reference,0.0,0.0,2.356194490192345,0
1125,0.00225,reference,0.0,0.0,2.356194490192345,1
1126,0.002252,reference,0.0,0.0,2.356194490192345,0
1127,0.002254,reference,0.0,0.0,2.356194490192345,1
1128,0.002256,reference,0.0,0.0,2.356194490192345,0
1129,0.002258,reference,0.0,0.0,2.356194490192345,1
1130,0.0022600000000000003,reference,0.0,0.0,2.356194490192345,0
1131,0.002262,reference,0.0,0.0,2.356194490192345,0
1132,0.0022640000000000004,reference,0.0,0.0,2.356194490192345,0
1133,0.0022660000000000002,reference,0.0,0.0,2.356194490192345,0
1134,0.002268,reference,0.0,0.0,2.356194490192345,0
1135,0.00227,reference,0.0,0.0,2.356194490192345,0
1136,0.002272,reference,0.0,0.0,2.356194490192345,0
1137,0.002274,reference,0.0,0.0,2.356194490192345,1
1138,0.0022760000000000002,reference,0.0,0.0,2.356194490192345,0
1139,0.002278,reference,0.0,0.0,2.356194490192345,0
1140,0.0022800000000000003,reference,0.0,0.0,2.356194490192345,0
1141,0.002282,reference,0.0,0.0,2.356194490192345,0
1142,0.0022840000000000004,reference,0.0,0.0,2.356194490192345,0
1143,0.002286,reference,0.0,0.0,2.356194490192345,0
1144,0.002288,reference,0.0,0.0,2.356194490192345,0
1145,0.00229,reference,0.0,0.0,2.356194490192345,0
1146,0.002292,reference,0.0,0.0,2.356194490192345,0
1147,0.002294,reference,0.0,0.0,2.356194490192345,0
1148,0.0022960000000000003,reference,0.0,0.0,2.356194490192345,0
1149,0.002298,reference,0.0,0.0,2.356194490192345,0
1150,0.0023000000000000004,reference,0.0,0.0,2.356194490192345,1
1151,0.0023020000000000002,reference,0.0,0.0,2.356194490192345,0
1152,0.002304,reference,0.0,0.0,2.356194490192345,0
1153,0.002306,reference,0.0,0.0,2.356194490192345,0
1154,0.0023079999999999997,reference,0.0,0.0,2.356194490192345,1
1155,0.00231,reference,0.0,0.0,2.356194490192345,1
1156,0.002312,reference,0.0,0.0,2.356194490192345,0
1157,0.002314,reference,0.0,0.0,2.356194490192345,0
1158,0.002316,reference,0.0,0.0,2.356194490192345,0
1159,0.002318,reference,0.0,0.0,2.356194490192345,0
1160,0.00232,reference,0.0,0.0,2.356194490192345,0
1161,0.0023220000000000003,reference,0.0,0.0,2.356194490192345,0
1162,0.0023239999999999997,reference,0.0,0.0,2.356194490192345,0
1163,0.002326,reference,0.0,0.0,2.356194490192345,0
1164,0.0023279999999999998,reference,0.0,0.0,2.356194490192345,0
1165,0.00233,reference,0.0,0.0,2.356194490192345,0
1166,0.002332,reference,0.0,0.0,2.356194490192345,0
1167,0.002334,reference,0.0,0.0,2.356194490192345,0
1168,0.002336,reference,0.0,0.0,2.356194490192345,0
1169,0.0023380000000000002,reference,0.0,0.0,2.356194490192345,0
1170,0.00234,reference,0.0,0.0,2.356194490192345,1
1171,0.002342,reference,0.0,0.0,2.356194490192345,0
1172,0.0023439999999999997,reference,0.0,0.0,2.356194490192345,0
1173,0.002346,reference,0.0,0.0,2.356194490192345,0
1174,0.002348,reference,0.0,0.0,2.356194490192345,0
1175,0.00235,reference,0.0,0.0,2.356194490192345,1
1176,0.002352,reference,0.0,0.0,2.356194490192345,0
1177,0.002354,reference,0.0,0.0,2.356194490192345,0
1178,0.002356,reference,0.0,0.0,2.356194490192345,0
1179,0.0023580000000000003,reference,0.0,0.0,2.356194490192345,0
1180,0.0023599999999999997,reference,0.0,0.0,2.356194490192345,1
1181,0.002362,reference,0.0,0.0,2.356194490192345,0
1182,0.0023639999999999998,reference,0.0,0.0,2.356194490192345,1
1183,0.002366,reference,0.0,0.0,2.356194490192345,0
1184,0.002368,reference,0.0,0.0,2.356194490192345,0
1185,0.00237,reference,0.0,0.0,2.356194490192345,0
1186,0.002372,reference,0.0,0.0,2.356194490192345,0
1187,0.0023740000000000002,reference,0.0,0.0,2.356194490192345,0
1188,0.002376,reference,0.0,0.0,2.356194490192345,0
1189,0.002378,reference,0.0,0.0,2.356194490192345,0
1190,0.0023799999999999997,reference,0.0,0.0,2.356194490192345,0
1191,0.002382,reference,0.0,0.0,2.356194490192345,0
1192,0.002384,reference,0.0,0.0,2.356194490192345,1
1193,0.002386,reference,0.0,0.0,2.356194490192345,0
1194,0.002388,reference,0.0,0.0,2.356194490192345,1
1195,0.00239,reference,0.0,0.0,2.356194490192345,0
1196,0.002392,reference,0.0,0.0,2.356194490192345,0
1197,0.0023940000000000003,reference,0.0,0.0,2.356194490192345,0
1198,0.0023959999999999997,reference,0.0,0.0,2.356194490192345,0
1199,0.002398,reference,0.0,0.0,2.356194490192345,1
1200,0.0024,reference,0.0,0.0,3.141592653589793,0
1201,0.002402,reference,0.0,0.0,3.141592653589793,0
1202,0.002404,reference,0.0,0.0,3.141592653589793,0
1203,0.002406,reference,0.0,0.0,3.141592653589793,0
1204,0.002408,reference,0.0,0.0,3.141592653589793,0
1205,0.0024100000000000002,reference,0.0,0.0,3.141592653589793,0
1206,0.002412,reference,0.0,0.0,3.141592653589793,0
1207,0.0024140000000000003,reference,0.0,0.0,3.141592653589793,0
1208,0.0024159999999999997,reference,0.0,0.0,3.141592653589793,0
1209,0.002418,reference,0.0,0.0,3.141592653589793,0
1210,0.00242,reference,0.0,0.0,3.141592653589793,0
1211,0.002422,reference,0.0,0.0,3.141592653589793,0
1212,0.002424,reference,0.0,0.0,3.141592653589793,0
1213,0.002426,reference,0.0,0.0,3.141592653589793,0
1214,0.002428,reference,0.0,0.0,3.141592653589793,0
1215,0.0024300000000000003,reference,0.0,0.0,3.141592653589793,0
1216,0.002432,reference,0.0,0.0,3.141592653589793,0
1217,0.002434,reference,0.0,0.0,3.141592653589793,0
1218,0.002436,reference,0.0,0.0,3.141592653589793,0
1219,0.002438,reference,0.0,0.0,3.141592653589793,0
1220,0.00244,reference,0.0,0.0,3.141592653589793,0
1221,0.002442,reference,0.0,0.0,3.141592653589793,0
1222,0.002444,reference,0.0,0.0,3.141592653589793,0
1223,0.0024460000000000003,reference,0.0,0.0,3.141592653589793,0
1224,0.002448,reference,0.0,0.0,3.141592653589793,1
1225,0.0024500000000000004,reference,0.0,0.0,3.141592653589793,0
1226,0.0024519999999999998,reference,0.0,0.0,3.141592653589793,0
1227,0.002454,reference,0.0,0.0,3.141592653589793,0
1228,0.002456,reference,0.0,0.0,3.141592653589793,0
1229,0.002458,reference,0.0,0.0,3.141592653589793,0
1230,0.00246,reference,0.0,0.0,3.141592653589793,0
1231,0.002462,reference,0.0,0.0,3.141592653589793,1
1232,0.002464,reference,0.0,0.0,3.141592653589793,0
1233,0.0024660000000000003,reference,0.0,0.0,3.141592653589793,0
1234,0.002468,reference,0.0,0.0,3.141592653589793,0
1235,0.0024700000000000004,reference,0.0,0.0,3.141592653589793,0
1236,0.002472,reference,0.0,0.0,3.141592653589793,0
1237,0.002474,reference,0.0,0.0,3.141592653589793,0
1238,0.002476,reference,0.0,0.0,3.141592653589793,0
1239,0.002478,reference,0.0,0.0,3.141592653589793,0
1240,0.00248,reference,0.0,0.0,3.141592653589793,0
1241,0.0024820000000000003,reference,0.0,0.0,3.141592653589793,1
1242,0.002484,reference,0.0,0.0,3.141592653589793,0
1243,0.0024860000000000004,reference,0.0,0.0,3.141592653589793,0
1244,0.002488,reference,0.0,0.0,3.141592653589793,0
1245,0.00249,reference,0.0,0.0,3.141592653589793,0
1246,0.002492,reference,0.0,0.0,3.141592653589793,0
1247,0.002494,reference,0.0,0.0,3.141592653589793,0
1248,0.002496,reference,0.0,0.0,3.141592653589793,0
1249,0.0024980000000000002,reference,0.0,0.0,3.141592653589793,0
1250,0.0025,reference,0.0,0.0,3.141592653589793,1
1251,0.0025020000000000003,reference,0.0,0.0,3.141592653589793,0
1252,0.002504,reference,0.0,0.0,3.141592653589793,0
1253,0.0025060000000000004,reference,0.0,0.0,3.141592653589793,0
1254,0.002508,reference,0.0,0.0,3.141592653589793,0
1255,0.00251,reference,0.0,0.0,3.141592653589793,0
1256,0.002512,reference,0.0,0.0,3.141592653589793,0
1257,0.002514,reference,0.0,0.0,3.141592653589793,0
1258,0.002516,reference,0.0,0.0,3.141592653589793,0
1259,0.0025180000000000003,reference,0.0,0.0,3.141592653589793,0
1260,0.00252,reference,0.0,0.0,3.141592653589793,0
1261,0.0025220000000000004,reference,0.0,0.0,3.141592653589793,0
1262,0.002524,reference,0.0,0.0,3.141592653589793,0
1263,0.002526,reference,0.0,0.0,3.141592653589793,0
1264,0.002528,reference,0.0,0.0,3.141592653589793,0
1265,0.00253,reference,0.0,0.0,3.141592653589793,0
1266,0.002532,reference,0.0,0.0,3.141592653589793,0
1267,0.0025340000000000002,reference,0.0,0.0,3.141592653589793,0
1268,0.002536,reference,0.0,0.0,3.141592653589793,0
1269,0.0025380000000000003,reference,0.0,0.0,3.141592653589793,0
1270,0.00254,reference,0.0,0.0,3.141592653589793,0
1271,0.0025420000000000004,reference,0.0,0.0,3.141592653589793,0
1272,0.0025440000000000003,reference,0.0,0.0,3.141592653589793,0
1273,0.002546,reference,0.0,0.0,3.141592653589793,0
1274,0.002548,reference,0.0,0.0,3.141592653589793,0
1275,0.00255,reference,0.0,0.0,3.141592653589793,0
1276,0.002552,reference,0.0,0.0,3.141592653589793,0
1277,0.0025540000000000003,reference,0.0,0.0,3.141592653589793,0
1278,0.002556,reference,0.0,0.0,3.141592653589793,0
1279,0.0025580000000000004,reference,0.0,0.0,3.141592653589793,0
1280,0.00256,reference,0.0,0.0,3.141592653589793,0
1281,0.002562,reference,0.0,0.0,3.141592653589793,0
1282,0.002564,reference,0.0,0.0,3.141592653589793,0
1283,0.0025659999999999997,reference,0.0,0.0,3.141592653589793,0
1284,0.002568,reference,0.0,0.0,3.141592653589793,0
1285,0.00257,reference,0.0,0.0,3.141592653589793,0
1286,0.002572,reference,0.0,0.0,3.141592653589793,0
1287,0.002574,reference,0.0,0.0,3.141592653589793,0
1288,0.002576,reference,0.0,0.0,3.141592653589793,1
1289,0.002578,reference,0.0,0.0,3.141592653589793,0
1290,0.0025800000000000003,reference,0.0,0.0,3.141592653589793,0
1291,0.0025819999999999997,reference,0.0,0.0,3.141592653589793,0
1292,0.002584,reference,0.0,0.0,3.141592653589793,0
1293,0.0025859999999999998,reference,0.0,0.0,3.141592653589793,0
1294,0.002588,reference,0.0,0.0,3.141592653589793,0
1295,0.00259,reference,0.0,0.0,3.141592653589793,0
1296,0.002592,reference,0.0,0.0,3.141592653589793,0
1297,0.002594,reference,0.0,0.0,3.141592653589793,0
1298,0.0025960000000000002,reference,0.0,0.0,3.141592653589793,1
1299,0.002598,reference,0.0,0.0,3.141592653589793,0
1300,0.0026,reference,0.0,0.0,3.141592653589793,0
1301,0.0026019999999999997,reference,0.0,0.0,3.141592653589793,0
1302,0.002604,reference,0.0,0.0,3.141592653589793,0
1303,0.002606,reference,0.0,0.0,3.141592653589793,0
1304,0.002608,reference,0.0,0.0,3.141592653589793,0
1305,0.00261,reference,0.0,0.0,3.141592653589793,0
1306,0.002612,reference,0.0,0.0,3.141592653589793,0
1307,0.002614,reference,0.0,0.0,3.141592653589793,0
1308,0.0026160000000000003,reference,0.0,0.0,3.141592653589793,0
1309,0.0026179999999999997,reference,0.0,0.0,3.141592653589793,0
1310,0.00262,reference,0.0,0.0,3.141592653589793,0
1311,0.0026219999999999998,reference,0.0,0.0,3.141592653589793,0
1312,0.002624,reference,0.0,0.0,3.141592653589793,0
1313,0.002626,reference,0.0,0.0,3.141592653589793,0
1314,0.002628,reference,0.0,0.0,3.141592653589793,0
1315,0.00263,reference,0.0,0.0,3.141592653589793,0
1316,0.0026320000000000002,reference,0.0,0.0,3.141592653589793,0
1317,0.002634,reference,0.0,0.0,3.141592653589793,0
1318,0.0026360000000000003,reference,0.0,0.0,3.141592653589793,0
1319,0.0026379999999999997,reference,0.0,0.0,3.141592653589793,0
1320,0.00264,reference,0.0,0.0,3.141592653589793,0
1321,0.002642,reference,0.0,0.0,3.141592653589793,0
1322,0.002644,reference,0.0,0.0,3.141592653589793,0
1323,0.002646,reference,0.0,0.0,3.141592653589793,0
1324,0.002648,reference,0.0,0.0,3.141592653589793,0
1325,0.00265,reference,0.0,0.0,3.141592653589793,0
1326,0.0026520000000000003,reference,0.0,0.0,3.141592653589793,0
1327,0.002654,reference,0.0,0.0,3.141592653589793,0
1328,0.002656,reference,0.0,0.0,3.141592653589793,0
1329,0.0026579999999999998,reference,0.0,0.0,3.141592653589793,1
1330,0.00266,reference,0.0,0.0,3.141592653589793,0
1331,0.002662,reference,0.0,0.0,3.141592653589793,0
1332,0.002664,reference,0.0,0.0,3.141592653589793,0
1333,0.002666,reference,0.0,0.0,3.141592653589793,0
1334,0.0026680000000000002,reference,0.0,0.0,3.141592653589793,0
1335,0.00267,reference,0.0,0.0,3.141592653589793,0
1336,0.0026720000000000003,reference,0.0,0.0,3.141592653589793,0
1337,0.0026739999999999997,reference,0.0,0.0,3.141592653589793,0
1338,0.002676,reference,0.0,0.0,3.141592653589793,0
1339,0.002678,reference,0.0,0.0,3.141592653589793,1
1340,0.00268,reference,0.0,0.0,3.141592653589793,0
1341,0.002682,reference,0.0,0.0,3.141592653589793,0
1342,0.002684,reference,0.0,0.0,3.141592653589793,0
1343,0.002686,reference,0.0,0.0,3.141592653589793,0
1344,0.0026880000000000003,reference,0.0,0.0,3.141592653589793,0
1345,0.00269,reference,0.0,0.0,3.141592653589793,0
1346,0.0026920000000000004,reference,0.0,0.0,3.141592653589793,0
1347,0.0026939999999999998,reference,0.0,0.0,3.141592653589793,0
1348,0.002696,reference,0.0,0.0,3.141592653589793,0
1349,0.002698,reference,0.0,0.0,3.141592653589793,0
1350,0.0027,reference,0.0,0.0,3.141592653589793,0
1351,0.002702,reference,0.0,0.0,3.141592653589793,0
1352,0.0027040000000000002,reference,0.0,0.0,3.141592653589793,0
1353,0.002706,reference,0.0,0.0,3.141592653589793,1
1354,0.0027080000000000003,reference,0.0,0.0,3.141592653589793,0
1355,0.00271,reference,0.0,0.0,3.141592653589793,0
1356,0.002712,reference,0.0,0.0,3.141592653589793,1
1357,0.002714,reference,0.0,0.0,3.141592653589793,0
1358,0.002716,reference,0.0,0.0,3.141592653589793,1
1359,0.002718,reference,0.0,0.0,3.141592653589793,0
1360,0.00272,reference,0.0,0.0,3.141592653589793,0
1361,0.002722,reference,0.0,0.0,3.141592653589793,0
1362,0.0027240000000000003,reference,0.0,0.0,3.141592653589793,0
1363,0.002726,reference,0.0,0.0,3.141592653589793,0
1364,0.0027280000000000004,reference,0.0,0.0,3.141592653589793,0
1365,0.00273,reference,0.0,0.0,3.141592653589793,0
1366,0.002732,reference,0.0,0.0,3.141592653589793,0
1367,0.002734,reference,0.0,0.0,3.141592653589793,0
1368,0.002736,reference,0.0,0.0,3.141592653589793,0
1369,0.002738,reference,0.0,0.0,3.141592653589793,0
1370,0.0027400000000000002,reference,0.0,0.0,3.141592653589793,0
1371,0.002742,reference,0.0,0.0,3.141592653589793,0
1372,0.0027440000000000003,reference,0.0,0.0,3.141592653589793,0
1373,0.002746,reference,0.0,0.0,3.141592653589793,0
1374,0.002748,reference,0.0,0.0,3.141592653589793,0
1375,0.00275,reference,0.0,0.0,3.141592653589793,0
1376,0.002752,reference,0.0,0.0,3.141592653589793,0
1377,0.002754,reference,0.0,0.0,3.141592653589793,0
1378,0.002756,reference,0.0,0.0,3.141592653589793,0
1379,0.002758,reference,0.0,0.0,3.141592653589793,0
1380,0.0027600000000000003,reference,0.0,0.0,3.141592653589793,0
1381,0.002762,reference,0.0,0.0,3.141592653589793,0
1382,0.0027640000000000004,reference,0.0,0.0,3.141592653589793,0
1383,0.0027660000000000002,reference,0.0,0.0,3.141592653589793,0
1384,0.002768,reference,0.0,0.0,3.141592653589793,0
1385,0.00277,reference,0.0,0.0,3.141592653589793,0
1386,0.002772,reference,0.0,0.0,3.141592653589793,0
1387,0.002774,reference,0.0,0.0,3.141592653589793,0
1388,0.0027760000000000003,reference,0.0,0.0,3.141592653589793,0
1389,0.002778,reference,0.0,0.0,3.141592653589793,0
1390,0.0027800000000000004,reference,0.0,0.0,3.141592653589793,0
1391,0.002782,reference,0.0,0.0,3.141592653589793,0
1392,0.0027840000000000005,reference,0.0,0.0,3.141592653589793,0
1393,0.002786,reference,0.0,0.0,3.141592653589793,0
1394,0.002788,reference,0.0,0.0,3.141592653589793,0
1395,0.00279,reference,0.0,0.0,3.141592653589793,0
1396,0.002792,reference,0.0,0.0,3.141592653589793,0
1397,0.002794,reference,0.0,0.0,3.141592653589793,0
1398,0.0027960000000000003,reference,0.0,0.0,3.141592653589793,0
1399,0.002798,reference,0.0,0.0,3.141592653589793,0
1400,0.0028000000000000004,reference,0.0,0.0,3.141592653589793,1
1401,0.0028020000000000002,reference,0.0,0.0,3.141592653589793,0
1402,0.002804,reference,0.0,0.0,3.141592653589793,0
1403,0.002806,reference,0.0,0.0,3.141592653589793,0
1404,0.002808,reference,0.0,0.0,3.141592653589793,0
1405,0.00281,reference,0.0,0.0,3.141592653589793,0
1406,0.0028120000000000003,reference,0.0,0.0,3.141592653589793,0
1407,0.002814,reference,0.0,0.0,3.141592653589793,0
1408,0.002816,reference,0.0,0.0,3.141592653589793,0
1409,0.002818,reference,0.0,0.0,3.141592653589793,0
1410,0.00282,reference,0.0,0.0,3.141592653589793,0
1411,0.002822,reference,0.0,0.0,3.141592653589793,0
1412,0.0028239999999999997,reference,0.0,0.0,3.141592653589793,0
1413,0.002826,reference,0.0,0.0,3.141592653589793,0
1414,0.002828,reference,0.0,0.0,3.141592653589793,0
1415,0.00283,reference,0.0,0.0,3.141592653589793,0
1416,0.002832,reference,0.0,0.0,3.141592653589793,0
1417,0.002834,reference,0.0,0.0,3.141592653589793,0
1418,0.002836,reference,0.0,0.0,3.141592653589793,0
1419,0.0028380000000000002,reference,0.0,0.0,3.141592653589793,1
1420,0.0028399999999999996,reference,0.0,0.0,3.141592653589793,0
1421,0.002842,reference,0.0,0.0,3.141592653589793,0
1422,0.0028439999999999997,reference,0.0,0.0,3.141592653589793,0
1423,0.002846,reference,0.0,0.0,3.141592653589793,1
1424,0.002848,reference,0.0,0.0,3.141592653589793,1
1425,0.00285,reference,0.0,0.0,3.141592653589793,0
1426,0.002852,reference,0.0,0.0,3.141592653589793,0
1427,0.002854,reference,0.0,0.0,3.141592653589793,0
1428,0.002856,reference,0.0,0.0,3.141592653589793,0
1429,0.0028580000000000003,reference,0.0,0.0,3.141592653589793,0
1430,0.0028599999999999997,reference,0.0,0.0,3.141592653589793,0
1431,0.002862,reference,0.0,0.0,3.141592653589793,0
1432,0.002864,reference,0.0,0.0,3.141592653589793,0
1433,0.002866,reference,0.0,0.0,3.141592653589793,1
1434,0.002868,reference,0.0,0.0,3.141592653589793,0
1435,0.00287,reference,0.0,0.0,3.141592653589793,0
1436,0.002872,reference,0.0,0.0,3.141592653589793,1
1437,0.0028740000000000003,reference,0.0,0.0,3.141592653589793,0
1438,0.002876,reference,0.0,0.0,3.141592653589793,0
1439,0.002878,reference,0.0,0.0,3.141592653589793,0
1440,0.0028799999999999997,reference,0.0,0.0,3.141592653589793,0
1441,0.002882,reference,0.0,0.0,3.141592653589793,0
1442,0.002884,reference,0.0,0.0,3.141592653589793,0
1443,0.002886,reference,0.0,0.0,3.141592653589793,0
1444,0.002888,reference,0.0,0.0,3.141592653589793,0
1445,0.00289,reference,0.0,0.0,3.141592653589793,0
1446,0.002892,reference,0.0,0.0,3.141592653589793,0
1447,0.0028940000000000003,reference,0.0,0.0,3.141592653589793,1
1448,0.0028959999999999997,reference,0.0,0.0,3.141592653589793,0
1449,0.002898,reference,0.0,0.0,3.141592653589793,0
1450,0.0029,reference,0.0,0.0,3.141592653589793,0
1451,0.002902,reference,0.0,0.0,3.141592653589793,0
1452,0.002904,reference,0.0,0.0,3.141592653589793,0
1453,0.002906,reference,0.0,0.0,3.141592653589793,0
1454,0.002908,reference,0.0,0.0,3.141592653589793,0
1455,0.0029100000000000003,reference,0.0,0.0,3.141592653589793,0
1456,0.002912,reference,0.0,0.0,3.141592653589793,0
1457,0.0029140000000000004,reference,0.0,0.0,3.141592653589793,0
1458,0.0029159999999999998,reference,0.0,0.0,3.141592653589793,0
1459,0.002918,reference,0.0,0.0,3.141592653589793,0
1460,0.00292,reference,0.0,0.0,3.141592653589793,0
1461,0.002922,reference,0.0,0.0,3.141592653589793,0
1462,0.002924,reference,0.0,0.0,3.141592653589793,0
1463,0.002926,reference,0.0,0.0,3.141592653589793,0
1464,0.002928,reference,0.0,0.0,3.141592653589793,0
1465,0.0029300000000000003,reference,0.0,0.0,3.141592653589793,0
1466,0.002932,reference,0.0,0.0,3.141592653589793,0
1467,0.002934,reference,0.0,0.0,3.141592653589793,0
1468,0.002936,reference,0.0,0.0,3.141592653589793,0
1469,0.002938,reference,0.0,0.0,3.141592653589793,0
1470,0.00294,reference,0.0,0.0,3.141592653589793,0
1471,0.002942,reference,0.0,0.0,3.141592653589793,0
1472,0.002944,reference,0.0,0.0,3.141592653589793,0
1473,0.0029460000000000003,reference,0.0,0.0,3.141592653589793,0
1474,0.002948,reference,0.0,0.0,3.141592653589793,0
1475,0.0029500000000000004,reference,0.0,0.0,3.141592653589793,1
1476,0.0029519999999999998,reference,0.0,0.0,3.141592653589793,0
1477,0.002954,reference,0.0,0.0,3.141592653589793,0
1478,0.002956,reference,0.0,0.0,3.141592653589793,0
1479,0.002958,reference,0.0,0.0,3.141592653589793,0
1480,0.00296,reference,0.0,0.0,3.141592653589793,1
1481,0.0029620000000000002,reference,0.0,0.0,3.141592653589793,0
1482,0.002964,reference,0.0,0.0,3.141592653589793,0
1483,0.0029660000000000003,reference,0.0,0.0,3.141592653589793,0
1484,0.002968,reference,0.0,0.0,3.141592653589793,0
1485,0.00297,reference,0.0,0.0,3.141592653589793,1
1486,0.002972,reference,0.0,0.0,3.141592653589793,0
1487,0.002974,reference,0.0,0.0,3.141592653589793,0
1488,0.002976,reference,0.0,0.0,3.141592653589793,0
1489,0.002978,reference,0.0,0.0,3.141592653589793,0
1490,0.00298,reference,0.0,0.0,3.141592653589793,0
1491,0.0029820000000000003,reference,0.0,0.0,3.141592653589793,0
1492,0.002984,reference,0.0,0.0,3.141592653589793,0
1493,0.0029860000000000004,reference,0.0,0.0,3.141592653589793,0
1494,0.002988,reference,0.0,0.0,3.141592653589793,0
1495,0.00299,reference,0.0,0.0,3.141592653589793,0
1496,0.002992,reference,0.0,0.0,3.141592653589793,0
1497,0.002994,reference,0.0,0.0,3.141592653589793,0
1498,0.002996,reference,0.0,0.0,3.141592653589793,0
1499,0.0029980000000000002,reference,0.0,0.0,3.141592653589793,0
1500,0.003,reference,0.0,0.0,3.9269908169872414,0
1501,0.0030020000000000003,reference,0.0,0.0,3.9269908169872414,0
1502,0.003004,reference,0.0,0.0,3.9269908169872414,1
1503,0.0030060000000000004,reference,0.0,0.0,3.9269908169872414,0
1504,0.003008,reference,0.0,0.0,3.9269908169872414,0
1505,0.00301,reference,0.0,0.0,3.9269908169872414,1
1506,0.003012,reference,0.0,0.0,3.9269908169872414,1
1507,0.003014,reference,0.0,0.0,3.9269908169872414,0
1508,0.003016,reference,0.0,0.0,3.9269908169872414,0
1509,0.0030180000000000003,reference,0.0,0.0,3.9269908169872414,0
1510,0.00302,reference,0.0,0.0,3.9269908169872414,0
1511,0.0030220000000000004,reference,0.0,0.0,3.9269908169872414,0
1512,0.003024,reference,0.0,0.0,3.9269908169872414,0
1513,0.003026,reference,0.0,0.0,3.9269908169872414,1
1514,0.003028,reference,0.0,0.0,3.9269908169872414,1
1515,0.00303,reference,0.0,0.0,3.9269908169872414,1
1516,0.003032,reference,0.0,0.0,3.9269908169872414,1
1517,0.0030340000000000002,reference,0.0,0.0,3.9269908169872414,0
1518,0.003036,reference,0.0,0.0,3.9269908169872414,1
1519,0.0030380000000000003,reference,0.0,0.0,3.9269908169872414,0
1520,0.00304,reference,0.0,0.0,3.9269908169872414,0
1521,0.0030420000000000004,reference,0.0,0.0,3.9269908169872414,0
1522,0.003044,reference,0.0,0.0,3.9269908169872414,0
1523,0.003046,reference,0.0,0.0,3.9269908169872414,0
1524,0.003048,reference,0.0,0.0,3.9269908169872414,0
1525,0.00305,reference,0.0,0.0,3.9269908169872414,0
1526,0.003052,reference,0.0,0.0,3.9269908169872414,0
1527,0.0030540000000000003,reference,0.0,0.0,3.9269908169872414,0
1528,0.003056,reference,0.0,0.0,3.9269908169872414,1
1529,0.0030580000000000004,reference,0.0,0.0,3.9269908169872414,0
1530,0.0030600000000000002,reference,0.0,0.0,3.9269908169872414,0
1531,0.0030620000000000005,reference,0.0,0.0,3.9269908169872414,0
1532,0.003064,reference,0.0,0.0,3.9269908169872414,0
1533,0.003066,reference,0.0,0.0,3.9269908169872414,0
1534,0.003068,reference,0.0,0.0,3.9269908169872414,0
1535,0.0030700000000000002,reference,0.0,0.0,3.9269908169872414,0
1536,0.003072,reference,0.0,0.0,3.9269908169872414,0
1537,0.003074,reference,0.0,0.0,3.9269908169872414,1
1538,0.003076,reference,0.0,0.0,3.9269908169872414,0
1539,0.003078,reference,0.0,0.0,3.9269908169872414,0
1540,0.0030800000000000003,reference,0.0,0.0,3.9269908169872414,1
1541,0.0030819999999999997,reference,0.0,0.0,3.9269908169872414,1
1542,0.003084,reference,0.0,0.0,3.9269908169872414,0
1543,0.0030859999999999998,reference,0.0,0.0,3.9269908169872414,1
1544,0.003088,reference,0.0,0.0,3.9269908169872414,0
1545,0.00309,reference,0.0,0.0,3.9269908169872414,0
1546,0.003092,reference,0.0,0.0,3.9269908169872414,1
1547,0.003094,reference,0.0,0.0,3.9269908169872414,0
1548,0.0030960000000000002,reference,0.0,0.0,3.9269908169872414,0
1549,0.003098,reference,0.0,0.0,3.9269908169872414,0
1550,0.0031,reference,0.0,0.0,3.9269908169872414,0
1551,0.0031019999999999997,reference,0.0,0.0,3.9269908169872414,0
1552,0.003104,reference,0.0,0.0,3.9269908169872414,0
1553,0.003106,reference,0.0,0.0,3.9269908169872414,0
1554,0.003108,reference,0.0,0.0,3.9269908169872414,1
1555,0.00311,reference,0.0,0.0,3.9269908169872414,0
1556,0.003112,reference,0.0,0.0,3.9269908169872414,0
1557,0.003114,reference,0.0,0.0,3.9269908169872414,1
1558,0.0031160000000000003,reference,0.0,0.0,3.9269908169872414,0
1559,0.0031179999999999997,reference,0.0,0.0,3.9269908169872414,1
1560,0.00312,reference,0.0,0.0,3.9269908169872414,0
1561,0.0031219999999999998,reference,0.0,0.0,3.9269908169872414,0
1562,0.003124,reference,0.0,0.0,3.9269908169872414,0
1563,0.003126,reference,0.0,0.0,3.9269908169872414,1
1564,0.003128,reference,0.0,0.0,3.9269908169872414,1
1565,0.00313,reference,0.0,0.0,3.9269908169872414,0
1566,0.0031320000000000002,reference,0.0,0.0,3.9269908169872414,0
1567,0.003134,reference,0.0,0.0,3.9269908169872414,0
1568,0.0031360000000000003,reference,0.0,0.0,3.9269908169872414,0
1569,0.0031379999999999997,reference,0.0,0.0,3.9269908169872414,0
1570,0.00314,reference,0.0,0.0,3.9269908169872414,0
1571,0.003142,reference,0.0,0.0,3.9269908169872414,0
1572,0.003144,reference,0.0,0.0,3.9269908169872414,0
1573,0.003146,reference,0.0,0.0,3.9269908169872414,1
1574,0.003148,reference,0.0,0.0,3.9269908169872414,0
1575,0.00315,reference,0.0,0.0,3.9269908169872414,1
1576,0.0031520000000000003,reference,0.0,0.0,3.9269908169872414,0
1577,0.003154,reference,0.0,0.0,3.9269908169872414,0
1578,0.003156,reference,0.0,0.0,3.9269908169872414,0
1579,0.0031579999999999998,reference,0.0,0.0,3.9269908169872414,1
1580,0.00316,reference,0.0,0.0,3.9269908169872414,0
1581,0.003162,reference,0.0,0.0,3.9269908169872414,0
1582,0.003164,reference,0.0,0.0,3.9269908169872414,0
1583,0.003166,reference,0.0,0.0,3.9269908169872414,1
1584,0.0031680000000000002,reference,0.0,0.0,3.9269908169872414,0
1585,0.00317,reference,0.0,0.0,3.9269908169872414,0
1586,0.0031720000000000003,reference,0.0,0.0,3.9269908169872414,0
1587,0.0031739999999999997,reference,0.0,0.0,3.9269908169872414,0
1588,0.003176,reference,0.0,0.0,3.9269908169872414,0
1589,0.003178,reference,0.0,0.0,3.9269908169872414,0
1590,0.00318,reference,0.0,0.0,3.9269908169872414,1
1591,0.003182,reference,0.0,0.0,3.9269908169872414,1
1592,0.003184,reference,0.0,0.0,3.9269908169872414,0
1593,0.003186,reference,0.0,0.0,3.9269908169872414,1
1594,0.0031880000000000003,reference,0.0,0.0,3.9269908169872414,0
1595,0.00319,reference,0.0,0.0,3.9269908169872414,0
1596,0.003192,reference,0.0,0.0,3.9269908169872414,1
1597,0.003194,reference,0.0,0.0,3.9269908169872414,0
1598,0.003196,reference,0.0,0.0,3.9269908169872414,0
1599,0.003198,reference,0.0,0.0,3.9269908169872414,1
1600,0.0032,reference,0.0,0.0,3.9269908169872414,1
1601,0.003202,reference,0.0,0.0,3.9269908169872414,1
1602,0.0032040000000000003,reference,0.0,0.0,3.9269908169872414,0
1603,0.003206,reference,0.0,0.0,3.9269908169872414,1
1604,0.0032080000000000003,reference,0.0,0.0,3.9269908169872414,0
1605,0.00321,reference,0.0,0.0,3.9269908169872414,0
1606,0.003212,reference,0.0,0.0,3.9269908169872414,0
1607,0.003214,reference,0.0,0.0,3.9269908169872414,1
1608,0.003216,reference,0.0,0.0,3.9269908169872414,0
1609,0.003218,reference,0.0,0.0,3.9269908169872414,0
1610,0.00322,reference,0.0,0.0,3.9269908169872414,0
1611,0.003222,reference,0.0,0.0,3.9269908169872414,0
1612,0.0032240000000000003,reference,0.0,0.0,3.9269908169872414,0
1613,0.003226,reference,0.0,0.0,3.9269908169872414,0
1614,0.0032280000000000004,reference,0.0,0.0,3.9269908169872414,0
1615,0.00323,reference,0.0,0.0,3.9269908169872414,0
1616,0.003232,reference,0.0,0.0,3.9269908169872414,1
1617,0.003234,reference,0.0,0.0,3.9269908169872414,0
1618,0.003236,reference,0.0,0.0,3.9269908169872414,0
1619,0.003238,reference,0.0,0.0,3.9269908169872414,1
1620,0.0032400000000000003,reference,0.0,0.0,3.9269908169872414,1
1621,0.003242,reference,0.0,0.0,3.9269908169872414,0
1622,0.0032440000000000004,reference,0.0,0.0,3.9269908169872414,0
1623,0.003246,reference,0.0,0.0,3.9269908169872414,0
1624,0.003248,reference,0.0,0.0,3.9269908169872414,0
1625,0.00325,reference,0.0,0.0,3.9269908169872414,0
1626,0.003252,reference,0.0,0.0,3.9269908169872414,1
1627,0.003254,reference,0.0,0.0,3.9269908169872414,0
1628,0.003256,reference,0.0,0.0,3.9269908169872414,0
1629,0.003258,reference,0.0,0.0,3.9269908169872414,0
1630,0.0032600000000000003,reference,0.0,0.0,3.9269908169872414,0
1631,0.003262,reference,0.0,0.0,3.9269908169872414,0
1632,0.0032640000000000004,reference,0.0,0.0,3.9269908169872414,0
1633,0.003266,reference,0.0,0.0,3.9269908169872414,0
1634,0.003268,reference,0.0,0.0,3.9269908169872414,0
1635,0.00327,reference,0.0,0.0,3.9269908169872414,1
1636,0.003272,reference,0.0,0.0,3.9269908169872414,1
1637,0.003274,reference,0.0,0.0,3.9269908169872414,0
1638,0.0032760000000000003,reference,0.0,0.0,3.9269908169872414,0
1639,0.003278,reference,0.0,0.0,3.9269908169872414,0
1640,0.0032800000000000004,reference,0.0,0.0,3.9269908169872414,1
1641,0.003282,reference,0.0,0.0,3.9269908169872414,0
1642,0.0032840000000000005,reference,0.0,0.0,3.9269908169872414,0
1643,0.003286,reference,0.0,0.0,3.9269908169872414,0
1644,0.003288,reference,0.0,0.0,3.9269908169872414,0
1645,0.00329,reference,0.0,0.0,3.9269908169872414,0
1646,0.0032920000000000002,reference,0.0,0.0,3.9269908169872414,0
1647,0.003294,reference,0.0,0.0,3.9269908169872414,0
1648,0.0032960000000000003,reference,0.0,0.0,3.9269908169872414,0
1649,0.003298,reference,0.0,0.0,3.9269908169872414,0
1650,0.0033000000000000004,reference,0.0,0.0,3.9269908169872414,0
1651,0.0033020000000000002,reference,0.0,0.0,3.9269908169872414,0
1652,0.003304,reference,0.0,0.0,3.9269908169872414,1
1653,0.003306,reference,0.0,0.0,3.9269908169872414,1
1654,0.003308,reference,0.0,0.0,3.9269908169872414,0
1655,0.00331,reference,0.0,0.0,3.9269908169872414,0
1656,0.0033120000000000003,reference,0.0,0.0,3.9269908169872414,1
1657,0.003314,reference,0.0,0.0,3.9269908169872414,0
1658,0.0033160000000000004,reference,0.0,0.0,3.9269908169872414,0
1659,0.003318,reference,0.0,0.0,3.9269908169872414,1
1660,0.0033200000000000005,reference,0.0,0.0,3.9269908169872414,0
1661,0.003322,reference,0.0,0.0,3.9269908169872414,0
1662,0.003324,reference,0.0,0.0,3.9269908169872414,0
1663,0.003326,reference,0.0,0.0,3.9269908169872414,0
1664,0.0033280000000000002,reference,0.0,0.0,3.9269908169872414,0
1665,0.00333,reference,0.0,0.0,3.9269908169872414,0
1666,0.003332,reference,0.0,0.0,3.9269908169872414,0
1667,0.003334,reference,0.0,0.0,3.9269908169872414,0
1668,0.003336,reference,0.0,0.0,3.9269908169872414,0
1669,0.0033380000000000003,reference,0.0,0.0,3.9269908169872414,0
1670,0.0033399999999999997,reference,0.0,0.0,3.9269908169872414,0
1671,0.003342,reference,0.0,0.0,3.9269908169872414,0
1672,0.0033439999999999998,reference,0.0,0.0,3.9269908169872414,0
1673,0.003346,reference,0.0,0.0,3.9269908169872414,0
1674,0.003348,reference,0.0,0.0,3.9269908169872414,0
1675,0.00335,reference,0.0,0.0,3.9269908169872414,0
1676,0.003352,reference,0.0,0.0,3.9269908169872414,0
1677,0.003354,reference,0.0,0.0,3.9269908169872414,0
1678,0.003356,reference,0.0,0.0,3.9269908169872414,0
1679,0.0033580000000000003,reference,0.0,0.0,3.9269908169872414,0
1680,0.0033599999999999997,reference,0.0,0.0,3.9269908169872414,0
1681,0.003362,reference,0.0,0.0,3.9269908169872414,1
1682,0.003364,reference,0.0,0.0,3.9269908169872414,0
1683,0.003366,reference,0.0,0.0,3.9269908169872414,0
1684,0.003368,reference,0.0,0.0,3.9269908169872414,0
1685,0.00337,reference,0.0,0.0,3.9269908169872414,1
1686,0.003372,reference,0.0,0.0,3.9269908169872414,1
1687,0.0033740000000000003,reference,0.0,0.0,3.9269908169872414,0
1688,0.003376,reference,0.0,0.0,3.9269908169872414,1
1689,0.003378,reference,0.0,0.0,3.9269908169872414,0
1690,0.0033799999999999998,reference,0.0,0.0,3.9269908169872414,0
1691,0.003382,reference,0.0,0.0,3.9269908169872414,0
1692,0.003384,reference,0.0,0.0,3.9269908169872414,0
1693,0.003386,reference,0.0,0.0,3.9269908169872414,0
1694,0.003388,reference,0.0,0.0,3.9269908169872414,0
1695,0.0033900000000000002,reference,0.0,0.0,3.9269908169872414,0
1696,0.003392,reference,0.0,0.0,3.9269908169872414,0
1697,0.0033940000000000003,reference,0.0,0.0,3.9269908169872414,0
1698,0.0033959999999999997,reference,0.0,0.0,3.9269908169872414,0
1699,0.003398,reference,0.0,0.0,3.9269908169872414,0
1700,0.0034,reference,0.0,0.0,3.9269908169872414,0
1701,0.003402,reference,0.0,0.0,3.9269908169872414,1
1702,0.003404,reference,0.0,0.0,3.9269908169872414,0
1703,0.003406,reference,0.0,0.0,3.9269908169872414,0
1704,0.003408,reference,0.0,0.0,3.9269908169872414,0
1705,0.0034100000000000003,reference,0.0,0.0,3.9269908169872414,0
1706,0.003412,reference,0.0,0.0,3.9269908169872414,1
1707,0.003414,reference,0.0,0.0,3.9269908169872414,0
1708,0.0034159999999999998,reference,0.0,0.0,3.9269908169872414,0
1709,0.003418,reference,0.0,0.0,3.9269908169872414,1
1710,0.00342,reference,0.0,0.0,3.9269908169872414,1
1711,0.003422,reference,0.0,0.0,3.9269908169872414,0
1712,0.003424,reference,0.0,0.0,3.9269908169872414,1
1713,0.0034260000000000002,reference,0.0,0.0,3.9269908169872414,1
1714,0.003428,reference,0.0,0.0,3.9269908169872414,0
1715,0.0034300000000000003,reference,0.0,0.0,3.9269908169872414,0
1716,0.003432,reference,0.0,0.0,3.9269908169872414,0
1717,0.003434,reference,0.0,0.0,3.9269908169872414,0
1718,0.003436,reference,0.0,0.0,3.9269908169872414,0
1719,0.003438,reference,0.0,0.0,3.9269908169872414,0
1720,0.00344,reference,0.0,0.0,3.9269908169872414,0
1721,0.003442,reference,0.0,0.0,3.9269908169872414,0
1722,0.003444,reference,0.0,0.0,3.9269908169872414,0
1723,0.0034460000000000003,reference,0.0,0.0,3.9269908169872414,0
1724,0.003448,reference,0.0,0.0,3.9269908169872414,0
1725,0.0034500000000000004,reference,0.0,0.0,3.9269908169872414,0
1726,0.0034519999999999998,reference,0.0,0.0,3.9269908169872414,0
1727,0.003454,reference,0.0,0.0,3.9269908169872414,0
1728,0.003456,reference,0.0,0.0,3.9269908169872414,0
1729,0.003458,reference,0.0,0.0,3.9269908169872414,0
1730,0.00346,reference,0.0,0.0,3.9269908169872414,1
1731,0.0034620000000000002,reference,0.0,0.0,3.9269908169872414,0
1732,0.003464,reference,0.0,0.0,3.9269908169872414,0
1733,0.0034660000000000003,reference,0.0,0.0,3.9269908169872414,0
1734,0.003468,reference,0.0,0.0,3.9269908169872414,0
1735,0.00347,reference,0.0,0.0,3.9269908169872414,0
1736,0.003472,reference,0.0,0.0,3.9269908169872414,0
1737,0.003474,reference,0.0,0.0,3.9269908169872414,0
1738,0.003476,reference,0.0,0.0,3.9269908169872414,0
1739,0.003478,reference,0.0,0.0,3.9269908169872414,0
1740,0.00348,reference,0.0,0.0,3.9269908169872414,0
1741,0.0034820000000000003,reference,0.0,0.0,3.9269908169872414,0
1742,0.003484,reference,0.0,0.0,3.9269908169872414,0
1743,0.0034860000000000004,reference,0.0,0.0,3.9269908169872414,0
1744,0.0034879999999999998,reference,0.0,0.0,3.9269908169872414,0
1745,0.00349,reference,0.0,0.0,3.9269908169872414,0
1746,0.003492,reference,0.0,0.0,3.9269908169872414,0
1747,0.003494,reference,0.0,0.0,3.9269908169872414,0
1748,0.003496,reference,0.0,0.0,3.9269908169872414,1
1749,0.0034980000000000002,reference,0.0,0.0,3.9269908169872414,0
1750,0.0035,reference,0.0,0.0,3.9269908169872414,0
1751,0.0035020000000000003,reference,0.0,0.0,3.9269908169872414,0
1752,0.003504,reference,0.0,0.0,3.9269908169872414,0
1753,0.0035060000000000004,reference,0.0,0.0,3.9269908169872414,0
1754,0.003508,reference,0.0,0.0,3.9269908169872414,0
1755,0.00351,reference,0.0,0.0,3.9269908169872414,0
1756,0.003512,reference,0.0,0.0,3.9269908169872414,0
1757,0.003514,reference,0.0,0.0,3.9269908169872414,1
1758,0.003516,reference,0.0,0.0,3.9269908169872414,0
1759,0.0035180000000000003,reference,0.0,0.0,3.9269908169872414,0
1760,0.00352,reference,0.0,0.0,3.9269908169872414,0
1761,0.0035220000000000004,reference,0.0,0.0,3.9269908169872414,0
1762,0.0035240000000000002,reference,0.0,0.0,3.9269908169872414,0
1763,0.003526,reference,0.0,0.0,3.9269908169872414,1
1764,0.003528,reference,0.0,0.0,3.9269908169872414,0
1765,0.00353,reference,0.0,0.0,3.9269908169872414,0
1766,0.003532,reference,0.0,0.0,3.9269908169872414,0
1767,0.0035340000000000002,reference,0.0,0.0,3.9269908169872414,0
1768,0.003536,reference,0.0,0.0,3.9269908169872414,0
1769,0.0035380000000000003,reference,0.0,0.0,3.9269908169872414,1
1770,0.00354,reference,0.0,0.0,3.9269908169872414,0
1771,0.0035420000000000004,reference,0.0,0.0,3.9269908169872414,0
1772,0.003544,reference,0.0,0.0,3.9269908169872414,0
1773,0.003546,reference,0.0,0.0,3.9269908169872414,0
1774,0.003548,reference,0.0,0.0,3.9269908169872414,0
1775,0.00355,reference,0.0,0.0,3.9269908169872414,0
1776,0.003552,reference,0.0,0.0,3.9269908169872414,0
1777,0.0035540000000000003,reference,0.0,0.0,3.9269908169872414,0
1778,0.003556,reference,0.0,0.0,3.9269908169872414,0
1779,0.0035580000000000004,reference,0.0,0.0,3.9269908169872414,0
1780,0.0035600000000000002,reference,0.0,0.0,3.9269908169872414,0
1781,0.003562,reference,0.0,0.0,3.9269908169872414,0
1782,0.003564,reference,0.0,0.0,3.9269908169872414,0
1783,0.003566,reference,0.0,0.0,3.9269908169872414,0
1784,0.003568,reference,0.0,0.0,3.9269908169872414,0
1785,0.0035700000000000003,reference,0.0,0.0,3.9269908169872414,0
1786,0.003572,reference,0.0,0.0,3.9269908169872414,0
1787,0.0035740000000000004,reference,0.0,0.0,3.9269908169872414,0
1788,0.003576,reference,0.0,0.0,3.9269908169872414,0
1789,0.0035780000000000005,reference,0.0,0.0,3.9269908169872414,0
1790,0.0035800000000000003,reference,0.0,0.0,3.9269908169872414,0
1791,0.003582,reference,0.0,0.0,3.9269908169872414,0
1792,0.003584,reference,0.0,0.0,3.9269908169872414,0
1793,0.0035859999999999998,reference,0.0,0.0,3.9269908169872414,0
1794,0.003588,reference,0.0,0.0,3.9269908169872414,0
1795,0.00359,reference,0.0,0.0,3.9269908169872414,1
1796,0.003592,reference,0.0,0.0,3.9269908169872414,0
1797,0.003594,reference,0.0,0.0,3.9269908169872414,0
1798,0.0035960000000000002,reference,0.0,0.0,3.9269908169872414,0
1799,0.003598,reference,0.0,0.0,3.9269908169872414,0
1800,0.0036,reference,0.0,0.0,4.71238898038469,1
1801,0.0036019999999999997,reference,0.0,0.0,4.71238898038469,1
1802,0.003604,reference,0.0,0.0,4.71238898038469,0
1803,0.003606,reference,0.0,0.0,4.71238898038469,0
1804,0.003608,reference,0.0,0.0,4.71238898038469,0
1805,0.00361,reference,0.0,0.0,4.71238898038469,0
1806,0.003612,reference,0.0,0.0,4.71238898038469,1
1807,0.003614,reference,0.0,0.0,4.71238898038469,0
1808,0.0036160000000000003,reference,0.0,0.0,4.71238898038469,0
1809,0.0036179999999999997,reference,0.0,0.0,4.71238898038469,1
1810,0.00362,reference,0.0,0.0,4.71238898038469,0
1811,0.003622,reference,0.0,0.0,4.71238898038469,0
1812,0.003624,reference,0.0,0.0,4.71238898038469,1
1813,0.003626,reference,0.0,0.0,4.71238898038469,0
1814,0.003628,reference,0.0,0.0,4.71238898038469,1
1815,0.00363,reference,0.0,0.0,4.71238898038469,1
1816,0.0036320000000000002,reference,0.0,0.0,4.71238898038469,1
1817,0.003634,reference,0.0,0.0,4.71238898038469,0
1818,0.003636,reference,0.0,0.0,4.71238898038469,1
1819,0.0036379999999999997,reference,0.0,0.0,4.71238898038469,1
1820,0.00364,reference,0.0,0.0,4.71238898038469,0
1821,0.003642,reference,0.0,0.0,4.71238898038469,1
1822,0.003644,reference,0.0,0.0,4.71238898038469,0
1823,0.003646,reference,0.0,0.0,4.71238898038469,1
1824,0.003648,reference,0.0,0.0,4.71238898038469,1
1825,0.00365,reference,0.0,0.0,4.71238898038469,1
1826,0.0036520000000000003,reference,0.0,0.0,4.71238898038469,0
1827,0.003654,reference,0.0,0.0,4.71238898038469,0
1828,0.003656,reference,0.0,0.0,4.71238898038469,1
1829,0.003658,reference,0.0,0.0,4.71238898038469,0
1830,0.00366,reference,0.0,0.0,4.71238898038469,0
1831,0.003662,reference,0.0,0.0,4.71238898038469,1
1832,0.003664,reference,0.0,0.0,4.71238898038469,0
1833,0.003666,reference,0.0,0.0,4.71238898038469,1
1834,0.0036680000000000003,reference,0.0,0.0,4.71238898038469,1
1835,0.00367,reference,0.0,0.0,4.71238898038469,0
1836,0.0036720000000000004,reference,0.0,0.0,4.71238898038469,1
1837,0.0036739999999999997,reference,0.0,0.0,4.71238898038469,0
1838,0.003676,reference,0.0,0.0,4.71238898038469,0
1839,0.003678,reference,0.0,0.0,4.71238898038469,1
1840,0.00368,reference,0.0,0.0,4.71238898038469,0
1841,0.003682,reference,0.0,0.0,4.71238898038469,1
1842,0.003684,reference,0.0,0.0,4.71238898038469,0
1843,0.003686,reference,0.0,0.0,4.71238898038469,1
1844,0.0036880000000000003,reference,0.0,0.0,4.71238898038469,0
1845,0.00369,reference,0.0,0.0,4.71238898038469,1
1846,0.003692,reference,0.0,0.0,4.71238898038469,1
1847,0.003694,reference,0.0,0.0,4.71238898038469,0
1848,0.003696,reference,0.0,0.0,4.71238898038469,0
1849,0.003698,reference,0.0,0.0,4.71238898038469,1
1850,0.0037,reference,0.0,0.0,4.71238898038469,0
1851,0.003702,reference,0.0,0.0,4.71238898038469,0
1852,0.0037040000000000003,reference,0.0,0.0,4.71238898038469,1
1853,0.003706,reference,0.0,0.0,4.71238898038469,1
1854,0.0037080000000000004,reference,0.0,0.0,4.71238898038469,1
1855,0.0037099999999999998,reference,0.0,0.0,4.71238898038469,1
1856,0.003712,reference,0.0,0.0,4.71238898038469,0
1857,0.003714,reference,0.0,0.0,4.71238898038469,0
1858,0.003716,reference,0.0,0.0,4.71238898038469,1
1859,0.003718,reference,0.0,0.0,4.71238898038469,0
1860,0.00372,reference,0.0,0.0,4.71238898038469,0
1861,0.003722,reference,0.0,0.0,4.71238898038469,1
1862,0.0037240000000000003,reference,0.0,0.0,4.71238898038469,0
1863,0.003726,reference,0.0,0.0,4.71238898038469,1
1864,0.0037280000000000004,reference,0.0,0.0,4.71238898038469,1
1865,0.00373,reference,0.0,0.0,4.71238898038469,0
1866,0.003732,reference,0.0,0.0,4.71238898038469,1
1867,0.003734,reference,0.0,0.0,4.71238898038469,0
1868,0.003736,reference,0.0,0.0,4.71238898038469,0
1869,0.003738,reference,0.0,0.0,4.71238898038469,1
1870,0.0037400000000000003,reference,0.0,0.0,4.71238898038469,1
1871,0.003742,reference,0.0,0.0,4.71238898038469,0
1872,0.0037440000000000004,reference,0.0,0.0,4.71238898038469,1
1873,0.003746,reference,0.0,0.0,4.71238898038469,1
1874,0.003748,reference,0.0,0.0,4.71238898038469,0
1875,0.00375,reference,0.0,0.0,4.71238898038469,1
1876,0.003752,reference,0.0,0.0,4.71238898038469,1
1877,0.003754,reference,0.0,0.0,4.71238898038469,1
1878,0.0037560000000000002,reference,0.0,0.0,4.71238898038469,0
1879,0.003758,reference,0.0,0.0,4.71238898038469,0
1880,0.0037600000000000003,reference,0.0,0.0,4.71238898038469,1
1881,0.003762,reference,0.0,0.0,4.71238898038469,1
1882,0.0037640000000000004,reference,0.0,0.0,4.71238898038469,1
1883,0.003766,reference,0.0,0.0,4.71238898038469,0
1884,0.003768,reference,0.0,0.0,4.71238898038469,1
1885,0.00377,reference,0.0,0.0,4.71238898038469,1
1886,0.003772,reference,0.0,0.0,4.71238898038469,0
1887,0.003774,reference,0.0,0.0,4.71238898038469,0
1888,0.0037760000000000003,reference,0.0,0.0,4.71238898038469,1
1889,0.003778,reference,0.0,0.0,4.71238898038469,1
1890,0.0037800000000000004,reference,0.0,0.0,4.71238898038469,1
1891,0.003782,reference,0.0,0.0,4.71238898038469,1
1892,0.003784,reference,0.0,0.0,4.71238898038469,1
1893,0.003786,reference,0.0,0.0,4.71238898038469,0
1894,0.003788,reference,0.0,0.0,4.71238898038469,1
1895,0.00379,reference,0.0,0.0,4.71238898038469,0
1896,0.0037920000000000002,reference,0.0,0.0,4.71238898038469,0
1897,0.003794,reference,0.0,0.0,4.71238898038469,1
1898,0.0037960000000000003,reference,0.0,0.0,4.71238898038469,1
1899,0.003798,reference,0.0,0.0,4.71238898038469,1
1900,0.0038000000000000004,reference,0.0,0.0,4.71238898038469,1
1901,0.0038020000000000003,reference,0.0,0.0,4.71238898038469,1
1902,0.003804,reference,0.0,0.0,4.71238898038469,1
1903,0.003806,reference,0.0,0.0,4.71238898038469,0
1904,0.003808,reference,0.0,0.0,4.71238898038469,0
1905,0.00381,reference,0.0,0.0,4.71238898038469,1
1906,0.0038120000000000003,reference,0.0,0.0,4.71238898038469,1
1907,0.003814,reference,0.0,0.0,4.71238898038469,1
1908,0.0038160000000000004,reference,0.0,0.0,4.71238898038469,1
1909,0.003818,reference,0.0,0.0,4.71238898038469,0
1910,0.0038200000000000005,reference,0.0,0.0,4.71238898038469,0
1911,0.003822,reference,0.0,0.0,4.71238898038469,0
1912,0.003824,reference,0.0,0.0,4.71238898038469,1
1913,0.003826,reference,0.0,0.0,4.71238898038469,0
1914,0.0038280000000000002,reference,0.0,0.0,4.71238898038469,1
1915,0.00383,reference,0.0,0.0,4.71238898038469,1
1916,0.0038320000000000003,reference,0.0,0.0,4.71238898038469,1
1917,0.003834,reference,0.0,0.0,4.71238898038469,0
1918,0.0038360000000000004,reference,0.0,0.0,4.71238898038469,1
1919,0.0038380000000000003,reference,0.0,0.0,4.71238898038469,1
1920,0.0038399999999999997,reference,0.0,0.0,4.71238898038469,0
1921,0.003842,reference,0.0,0.0,4.71238898038469,1
1922,0.0038439999999999998,reference,0.0,0.0,4.71238898038469,1
1923,0.003846,reference,0.0,0.0,4.71238898038469,0
1924,0.003848,reference,0.0,0.0,4.71238898038469,0
1925,0.00385,reference,0.0,0.0,4.71238898038469,1
1926,0.003852,reference,0.0,0.0,4.71238898038469,1
1927,0.0038540000000000002,reference,0.0,0.0,4.71238898038469,1
1928,0.003856,reference,0.0,0.0,4.71238898038469,1
1929,0.003858,reference,0.0,0.0,4.71238898038469,0
1930,0.0038599999999999997,reference,0.0,0.0,4.71238898038469,1
1931,0.003862,reference,0.0,0.0,4.71238898038469,1
1932,0.003864,reference,0.0,0.0,4.71238898038469,1
1933,0.003866,reference,0.0,0.0,4.71238898038469,1
1934,0.003868,reference,0.0,0.0,4.71238898038469,0
1935,0.00387,reference,0.0,0.0,4.71238898038469,0
1936,0.003872,reference,0.0,0.0,4.71238898038469,0
1937,0.0038740000000000003,reference,0.0,0.0,4.71238898038469,1
1938,0.003876,reference,0.0,0.0,4.71238898038469,1
1939,0.003878,reference,0.0,0.0,4.71238898038469,1
1940,0.0038799999999999998,reference,0.0,0.0,4.71238898038469,1
1941,0.003882,reference,0.0,0.0,4.71238898038469,0
1942,0.003884,reference,0.0,0.0,4.71238898038469,1
1943,0.003886,reference,0.0,0.0,4.71238898038469,1
1944,0.003888,reference,0.0,0.0,4.71238898038469,1
1945,0.0038900000000000002,reference,0.0,0.0,4.71238898038469,1
1946,0.003892,reference,0.0,0.0,4.71238898038469,1
1947,0.0038940000000000003,reference,0.0,0.0,4.71238898038469,1
1948,0.0038959999999999997,reference,0.0,0.0,4.71238898038469,0
1949,0.003898,reference,0.0,0.0,4.71238898038469,1
1950,0.0039,reference,0.0,0.0,4.71238898038469,1
1951,0.003902,reference,0.0,0.0,4.71238898038469,0
1952,0.003904,reference,0.0,0.0,4.71238898038469,1
1953,0.003906,reference,0.0,0.0,4.71238898038469,1
1954,0.003908,reference,0.0,0.0,4.71238898038469,1
1955,0.00391,reference,0.0,0.0,4.71238898038469,0
1956,0.003912,reference,0.0,0.0,4.71238898038469,1
1957,0.003914,reference,0.0,0.0,4.71238898038469,1
1958,0.003916,reference,0.0,0.0,4.71238898038469,0
1959,0.0039180000000000005,reference,0.0,0.0,4.71238898038469,1
1960,0.00392,reference,0.0,0.0,4.71238898038469,0
1961,0.003922,reference,0.0,0.0,4.71238898038469,1
1962,0.0039239999999999995,reference,0.0,0.0,4.71238898038469,1
1963,0.003926,reference,0.0,0.0,4.71238898038469,1
1964,0.003928,reference,0.0,0.0,4.71238898038469,0
1965,0.00393,reference,0.0,0.0,4.71238898038469,1
1966,0.003932,reference,0.0,0.0,4.71238898038469,1
1967,0.003934,reference,0.0,0.0,4.71238898038469,1
1968,0.003936,reference,0.0,0.0,4.71238898038469,0
1969,0.0039380000000000005,reference,0.0,0.0,4.71238898038469,0
1970,0.00394,reference,0.0,0.0,4.71238898038469,0
1971,0.003942,reference,0.0,0.0,4.71238898038469,1
1972,0.003944,reference,0.0,0.0,4.71238898038469,1
1973,0.003946,reference,0.0,0.0,4.71238898038469,1
1974,0.003948,reference,0.0,0.0,4.71238898038469,1
1975,0.00395,reference,0.0,0.0,4.71238898038469,1
1976,0.003952,reference,0.0,0.0,4.71238898038469,1
1977,0.003954,reference,0.0,0.0,4.71238898038469,1
1978,0.003956,reference,0.0,0.0,4.71238898038469,1
1979,0.003958000000000001,reference,0.0,0.0,4.71238898038469,1
1980,0.00396,reference,0.0,0.0,4.71238898038469,0
1981,0.003962,reference,0.0,0.0,4.71238898038469,1
1982,0.003964,reference,0.0,0.0,4.71238898038469,1
1983,0.003966,reference,0.0,0.0,4.71238898038469,1
1984,0.003968,reference,0.0,0.0,4.71238898038469,0
1985,0.0039700000000000004,reference,0.0,0.0,4.71238898038469,1
1986,0.003972,reference,0.0,0.0,4.71238898038469,0
1987,0.003974,reference,0.0,0.0,4.71238898038469,0
1988,0.003976,reference,0.0,0.0,4.71238898038469,0
1989,0.003978000000000001,reference,0.0,0.0,4.71238898038469,1
1990,0.00398,reference,0.0,0.0,4.71238898038469,1
1991,0.003982,reference,0.0,0.0,4.71238898038469,1
1992,0.003984,reference,0.0,0.0,4.71238898038469,0
1993,0.003986,reference,0.0,0.0,4.71238898038469,1
1994,0.003988,reference,0.0,0.0,4.71238898038469,1
1995,0.0039900000000000005,reference,0.0,0.0,4.71238898038469,1
1996,0.003992,reference,0.0,0.0,4.71238898038469,0
1997,0.003994,reference,0.0,0.0,4.71238898038469,0
1998,0.003996,reference,0.0,0.0,4.71238898038469,0
1999,0.003998,reference,0.0,0.0,4.71238898038469,0
2000,0.004,reference,0.0,0.0,4.71238898038469,1
2001,0.0040019999999999995,reference,0.0,0.0,4.71238898038469,0
2002,0.004004000000000001,reference,0.0,0.0,4.71238898038469,0
2003,0.004006,reference,0.0,0.0,4.71238898038469,0
2004,0.004008,reference,0.0,0.0,4.71238898038469,1
2005,0.00401,reference,0.0,0.0,4.71238898038469,1
2006,0.004012000000000001,reference,0.0,0.0,4.71238898038469,0
2007,0.004014,reference,0.0,0.0,4.71238898038469,1
2008,0.004016,reference,0.0,0.0,4.71238898038469,0
2009,0.004018,reference,0.0,0.0,4.71238898038469,0
2010,0.00402,reference,0.0,0.0,4.71238898038469,1
2011,0.004022,reference,0.0,0.0,4.71238898038469,1
2012,0.004024,reference,0.0,0.0,4.71238898038469,0
2013,0.004026,reference,0.0,0.0,4.71238898038469,0
2014,0.004028,reference,0.0,0.0,4.71238898038469,0
2015,0.004030000000000001,reference,0.0,0.0,4.71238898038469,1
2016,0.004032,reference,0.0,0.0,4.71238898038469,1
2017,0.004033999999999999,reference,0.0,0.0,4.71238898038469,1
2018,0.0040360000000000005,reference,0.0,0.0,4.71238898038469,0
2019,0.004038,reference,0.0,0.0,4.71238898038469,1
2020,0.00404,reference,0.0,0.0,4.71238898038469,1
2021,0.004042,reference,0.0,0.0,4.71238898038469,1
2022,0.004044000000000001,reference,0.0,0.0,4.71238898038469,0
2023,0.004046,reference,0.0,0.0,4.71238898038469,1
2024,0.004048,reference,0.0,0.0,4.71238898038469,0
2025,0.00405,reference,0.0,0.0,4.71238898038469,0
2026,0.004052000000000001,reference,0.0,0.0,4.71238898038469,1
2027,0.004054,reference,0.0,0.0,4.71238898038469,1
2028,0.004056,reference,0.0,0.0,4.71238898038469,0
2029,0.004058,reference,0.0,0.0,4.71238898038469,0
2030,0.00406,reference,0.0,0.0,4.71238898038469,1
2031,0.0040620000000000005,reference,0.0,0.0,4.71238898038469,0
2032,0.004064,reference,0.0,0.0,4.71238898038469,1
2033,0.004066,reference,0.0,0.0,4.71238898038469,1
2034,0.0040680000000000004,reference,0.0,0.0,4.71238898038469,1
2035,0.004070000000000001,reference,0.0,0.0,4.71238898038469,0
2036,0.004072,reference,0.0,0.0,4.71238898038469,0
2037,0.0040739999999999995,reference,0.0,0.0,4.71238898038469,0
2038,0.004076000000000001,reference,0.0,0.0,4.71238898038469,0
2039,0.004078,reference,0.0,0.0,4.71238898038469,1
2040,0.00408,reference,0.0,0.0,4.71238898038469,0
2041,0.004082,reference,0.0,0.0,4.71238898038469,1
2042,0.004084000000000001,reference,0.0,0.0,4.71238898038469,1
2043,0.004086,reference,0.0,0.0,4.71238898038469,0
2044,0.0040880000000000005,reference,0.0,0.0,4.71238898038469,1
2045,0.00409,reference,0.0,0.0,4.71238898038469,0
2046,0.004092,reference,0.0,0.0,4.71238898038469,1
2047,0.004094,reference,0.0,0.0,4.71238898038469,1
2048,0.004096,reference,0.0,0.0,4.71238898038469,1
2049,0.004098,reference,0.0,0.0,4.71238898038469,0
2050,0.0040999999999999995,reference,0.0,0.0,4.71238898038469,0
2051,0.004102000000000001,reference,0.0,0.0,4.71238898038469,0
2052,0.004104,reference,0.0,0.0,4.71238898038469,0
2053,0.004106,reference,0.0,0.0,4.71238898038469,0
2054,0.004108,reference,0.0,0.0,4.71238898038469,0
2055,0.00411,reference,0.0,0.0,4.71238898038469,1
2056,0.004112,reference,0.0,0.0,4.71238898038469,0
2057,0.004114,reference,0.0,0.0,4.71238898038469,0
2058,0.004116,reference,0.0,0.0,4.71238898038469,0
2059,0.004118,reference,0.0,0.0,4.71238898038469,0
2060,0.00412,reference,0.0,0.0,4.71238898038469,0
2061,0.004122,reference,0.0,0.0,4.71238898038469,0
2062,0.004124,reference,0.0,0.0,4.71238898038469,1
2063,0.004126,reference,0.0,0.0,4.71238898038469,0
2064,0.004128,reference,0.0,0.0,4.71238898038469,0
2065,0.00413,reference,0.0,0.0,4.71238898038469,1
2066,0.004131999999999999,reference,0.0,0.0,4.71238898038469,1
2067,0.0041340000000000005,reference,0.0,0.0,4.71238898038469,1
2068,0.004136,reference,0.0,0.0,4.71238898038469,1
2069,0.004138,reference,0.0,0.0,4.71238898038469,0
2070,0.00414,reference,0.0,0.0,4.71238898038469,0
2071,0.004142000000000001,reference,0.0,0.0,4.71238898038469,1
2072,0.004144,reference,0.0,0.0,4.71238898038469,1
2073,0.0041459999999999995,reference,0.0,0.0,4.71238898038469,0
2074,0.004148,reference,0.0,0.0,4.71238898038469,0
2075,0.00415,reference,0.0,0.0,4.71238898038469,1
2076,0.004152,reference,0.0,0.0,4.71238898038469,0
2077,0.004154,reference,0.0,0.0,4.71238898038469,0
2078,0.004156,reference,0.0,0.0,4.71238898038469,0
2079,0.004158,reference,0.0,0.0,4.71238898038469,0
2080,0.0041600000000000005,reference,0.0,0.0,4.71238898038469,1
2081,0.004162,reference,0.0,0.0,4.71238898038469,1
2082,0.004163999999999999,reference,0.0,0.0,4.71238898038469,1
2083,0.004166,reference,0.0,0.0,4.71238898038469,1
2084,0.004168,reference,0.0,0.0,4.71238898038469,1
2085,0.00417,reference,0.0,0.0,4.71238898038469,1
2086,0.0041719999999999995,reference,0.0,0.0,4.71238898038469,0
2087,0.004174000000000001,reference,0.0,0.0,4.71238898038469,0
2088,0.004176,reference,0.0,0.0,4.71238898038469,0
2089,0.004178,reference,0.0,0.0,4.71238898038469,1
2090,0.00418,reference,0.0,0.0,4.71238898038469,0
2091,0.004182,reference,0.0,0.0,4.71238898038469,1
2092,0.004184,reference,0.0,0.0,4.71238898038469,0
2093,0.004186,reference,0.0,0.0,4.71238898038469,1
2094,0.004188,reference,0.0,0.0,4.71238898038469,0
2095,0.00419,reference,0.0,0.0,4.71238898038469,1
2096,0.004192,reference,0.0,0.0,4.71238898038469,1
2097,0.004194,reference,0.0,0.0,4.71238898038469,1
2098,0.004196,reference,0.0,0.0,4.71238898038469,0
2099,0.004198,reference,0.0,0.0,4.71238898038469,0
2100,0.004200000000000001,reference,0.0,0.0,5.497787143782138,1
2101,0.004202,reference,0.0,0.0,5.497787143782138,0
2102,0.004203999999999999,reference,0.0,0.0,5.497787143782138,1
2103,0.0042060000000000005,reference,0.0,0.0,5.497787143782138,1
2104,0.004208,reference,0.0,0.0,5.497787143782138,0
2105,0.00421,reference,0.0,0.0,5.497787143782138,1
2106,0.004212,reference,0.0,0.0,5.497787143782138,0
2107,0.004214000000000001,reference,0.0,0.0,5.497787143782138,1
2108,0.004216,reference,0.0,0.0,5.497787143782138,1
2109,0.004218,reference,0.0,0.0,5.497787143782138,0
2110,0.00422,reference,0.0,0.0,5.497787143782138,1
2111,0.004222,reference,0.0,0.0,5.497787143782138,0
2112,0.004224,reference,0.0,0.0,5.497787143782138,1
2113,0.004226,reference,0.0,0.0,5.497787143782138,1
2114,0.004228,reference,0.0,0.0,5.497787143782138,0
2115,0.00423,reference,0.0,0.0,5.497787143782138,1
2116,0.0042320000000000005,reference,0.0,0.0,5.497787143782138,1
2117,0.004234,reference,0.0,0.0,5.497787143782138,1
2118,0.004236,reference,0.0,0.0,5.497787143782138,1
2119,0.0042380000000000004,reference,0.0,0.0,5.497787143782138,1
2120,0.00424,reference,0.0,0.0,5.497787143782138,1
2121,0.004242,reference,0.0,0.0,5.497787143782138,1
2122,0.0042439999999999995,reference,0.0,0.0,5.497787143782138,1
2123,0.004246000000000001,reference,0.0,0.0,5.497787143782138,1
2124,0.004248,reference,0.0,0.0,5.497787143782138,0
2125,0.00425,reference,0.0,0.0,5.497787143782138,0
2126,0.004252,reference,0.0,0.0,5.497787143782138,1
2127,0.004254000000000001,reference,0.0,0.0,5.497787143782138,1
2128,0.004256,reference,0.0,0.0,5.497787143782138,1
2129,0.004258,reference,0.0,0.0,5.497787143782138,0
2130,0.00426,reference,0.0,0.0,5.497787143782138,1
2131,0.004262,reference,0.0,0.0,5.497787143782138,1
2132,0.004264,reference,0.0,0.0,5.497787143782138,1
2133,0.004266,reference,0.0,0.0,5.497787143782138,1
2134,0.004268,reference,0.0,0.0,5.497787143782138,0
2135,0.00427,reference,0.0,0.0,5.497787143782138,1
2136,0.004272000000000001,reference,0.0,0.0,5.497787143782138,1
2137,0.004274,reference,0.0,0.0,5.497787143782138,1
2138,0.004275999999999999,reference,0.0,0.0,5.497787143782138,1
2139,0.0042780000000000006,reference,0.0,0.0,5.497787143782138,1
2140,0.00428,reference,0.0,0.0,5.497787143782138,1
2141,0.004282,reference,0.0,0.0,5.497787143782138,1
2142,0.004284,reference,0.0,0.0,5.497787143782138,1
2143,0.004286000000000001,reference,0.0,0.0,5.497787143782138,1
2144,0.004288,reference,0.0,0.0,5.497787143782138,1
2145,0.00429,reference,0.0,0.0,5.497787143782138,1
2146,0.004292,reference,0.0,0.0,5.497787143782138,1
2147,0.004294,reference,0.0,0.0,5.497787143782138,1
2148,0.004296,reference,0.0,0.0,5.497787143782138,0
2149,0.004298,reference,0.0,0.0,5.497787143782138,0
2150,0.0043,reference,0.0,0.0,5.497787143782138,1
2151,0.004302,reference,0.0,0.0,5.497787143782138,1
2152,0.0043040000000000005,reference,0.0,0.0,5.497787143782138,1
2153,0.004306,reference,0.0,0.0,5.497787143782138,1
2154,0.004308,reference,0.0,0.0,5.497787143782138,1
2155,0.0043100000000000005,reference,0.0,0.0,5.497787143782138,1
2156,0.004312,reference,0.0,0.0,5.497787143782138,1
2157,0.004314,reference,0.0,0.0,5.497787143782138,1
2158,0.0043159999999999995,reference,0.0,0.0,5.497787143782138,1
2159,0.004318000000000001,reference,0.0,0.0,5.497787143782138,1
2160,0.00432,reference,0.0,0.0,5.497787143782138,1
2161,0.004322,reference,0.0,0.0,5.497787143782138,1
2162,0.004324,reference,0.0,0.0,5.497787143782138,1
2163,0.004326000000000001,reference,0.0,0.0,5.497787143782138,0
2164,0.004328,reference,0.0,0.0,5.497787143782138,1
2165,0.00433,reference,0.0,0.0,5.497787143782138,1
2166,0.004332,reference,0.0,0.0,5.497787143782138,1
2167,0.004334,reference,0.0,0.0,5.497787143782138,1
2168,0.0043360000000000004,reference,0.0,0.0,5.497787143782138,1
2169,0.004338,reference,0.0,0.0,5.497787143782138,0
2170,0.00434,reference,0.0,0.0,5.497787143782138,1
2171,0.004342,reference,0.0,0.0,5.497787143782138,1
2172,0.004344000000000001,reference,0.0,0.0,5.497787143782138,1
2173,0.004346,reference,0.0,0.0,5.497787143782138,1
2174,0.0043479999999999994,reference,0.0,0.0,5.497787143782138,1
2175,0.004350000000000001,reference,0.0,0.0,5.497787143782138,1
2176,0.004352,reference,0.0,0.0,5.497787143782138,1
2177,0.004354,reference,0.0,0.0,5.497787143782138,0
2178,0.004356,reference,0.0,0.0,5.497787143782138,1
2179,0.004358,reference,0.0,0.0,5.497787143782138,0
2180,0.00436,reference,0.0,0.0,5.497787143782138,1
2181,0.004362,reference,0.0,0.0,5.497787143782138,1
2182,0.004364,reference,0.0,0.0,5.497787143782138,1
2183,0.004366,reference,0.0,0.0,5.497787143782138,0
2184,0.004368,reference,0.0,0.0,5.497787143782138,1
2185,0.00437,reference,0.0,0.0,5.497787143782138,0
2186,0.004372,reference,0.0,0.0,5.497787143782138,1
2187,0.004373999999999999,reference,0.0,0.0,5.497787143782138,1
2188,0.0043760000000000005,reference,0.0,0.0,5.497787143782138,1
2189,0.004378,reference,0.0,0.0,5.497787143782138,1
2190,0.00438,reference,0.0,0.0,5.497787143782138,1
2191,0.004382,reference,0.0,0.0,5.497787143782138,1
2192,0.004384000000000001,reference,0.0,0.0,5.497787143782138,1
2193,0.004386,reference,0.0,0.0,5.497787143782138,1
2194,0.0043879999999999995,reference,0.0,0.0,5.497787143782138,1
2195,0.00439,reference,0.0,0.0,5.497787143782138,0
2196,0.004392,reference,0.0,0.0,5.497787143782138,1
2197,0.004394,reference,0.0,0.0,5.497787143782138,1
2198,0.004396,reference,0.0,0.0,5.497787143782138,1
2199,0.004398,reference,0.0,0.0,5.497787143782138,1
2200,0.0044,reference,0.0,0.0,5.497787143782138,1
2201,0.0044020000000000005,reference,0.0,0.0,5.497787143782138,1
2202,0.004404,reference,0.0,0.0,5.497787143782138,1
2203,0.004405999999999999,reference,0.0,0.0,5.497787143782138,1
2204,0.0044080000000000005,reference,0.0,0.0,5.497787143782138,1
2205,0.00441,reference,0.0,0.0,5.497787143782138,0
2206,0.004412,reference,0.0,0.0,5.497787143782138,1
2207,0.0044139999999999995,reference,0.0,0.0,5.497787143782138,1
2208,0.004416000000000001,reference,0.0,0.0,5.497787143782138,1
2209,0.004418,reference,0.0,0.0,5.497787143782138,1
2210,0.00442,reference,0.0,0.0,5.497787143782138,1
2211,0.004422,reference,0.0,0.0,5.497787143782138,0
2212,0.004424,reference,0.0,0.0,5.497787143782138,1
2213,0.004426,reference,0.0,0.0,5.497787143782138,1
2214,0.004428,reference,0.0,0.0,5.497787143782138,1
2215,0.00443,reference,0.0,0.0,5.497787143782138,1
2216,0.004432,reference,0.0,0.0,5.497787143782138,0
2217,0.0044340000000000004,reference,0.0,0.0,5.497787143782138,0
2218,0.004436,reference,0.0,0.0,5.497787143782138,1
2219,0.004438,reference,0.0,0.0,5.497787143782138,1
2220,0.00444,reference,0.0,0.0,5.497787143782138,1
2221,0.004442,reference,0.0,0.0,5.497787143782138,1
2222,0.004444,reference,0.0,0.0,5.497787143782138,1
2223,0.004445999999999999,reference,0.0,0.0,5.497787143782138,1
2224,0.0044480000000000006,reference,0.0,0.0,5.497787143782138,1
2225,0.00445,reference,0.0,0.0,5.497787143782138,1
2226,0.004452,reference,0.0,0.0,5.497787143782138,0
2227,0.004454,reference,0.0,0.0,5.497787143782138,1
2228,0.004456000000000001,reference,0.0,0.0,5.497787143782138,1
2229,0.004458,reference,0.0,0.0,5.497787143782138,1
2230,0.0044599999999999996,reference,0.0,0.0,5.497787143782138,0
2231,0.004462,reference,0.0,0.0,5.497787143782138,1
2232,0.004464,reference,0.0,0.0,5.497787143782138,1
2233,0.004466,reference,0.0,0.0,5.497787143782138,1
2234,0.004468,reference,0.0,0.0,5.497787143782138,1
2235,0.00447,reference,0.0,0.0,5.497787143782138,0
2236,0.004472,reference,0.0,0.0,5.497787143782138,0
2237,0.0044740000000000005,reference,0.0,0.0,5.497787143782138,1
2238,0.004476,reference,0.0,0.0,5.497787143782138,0
2239,0.004477999999999999,reference,0.0,0.0,5.497787143782138,1
2240,0.0044800000000000005,reference,0.0,0.0,5.497787143782138,1
2241,0.004482,reference,0.0,0.0,5.497787143782138,1
2242,0.004484,reference,0.0,0.0,5.497787143782138,1
2243,0.0044859999999999995,reference,0.0,0.0,5.497787143782138,1
2244,0.004488000000000001,reference,0.0,0.0,5.497787143782138,1
2245,0.00449,reference,0.0,0.0,5.497787143782138,1
2246,0.004492,reference,0.0,0.0,5.497787143782138,1
2247,0.004494,reference,0.0,0.0,5.497787143782138,1
2248,0.004496000000000001,reference,0.0,0.0,5.497787143782138,0
2249,0.004498,reference,0.0,0.0,5.497787143782138,1
2250,0.0045,reference,0.0,0.0,5.497787143782138,0
2251,0.004502,reference,0.0,0.0,5.497787143782138,1
2252,0.004504,reference,0.0,0.0,5.497787143782138,1
2253,0.0045060000000000005,reference,0.0,0.0,5.497787143782138,0
2254,0.004508,reference,0.0,0.0,5.497787143782138,1
2255,0.00451,reference,0.0,0.0,5.497787143782138,1
2256,0.004512,reference,0.0,0.0,5.497787143782138,1
2257,0.004514000000000001,reference,0.0,0.0,5.497787143782138,1
2258,0.004516,reference,0.0,0.0,5.497787143782138,1
2259,0.0045179999999999994,reference,0.0,0.0,5.497787143782138,0
2260,0.004520000000000001,reference,0.0,0.0,5.497787143782138,1
2261,0.004522,reference,0.0,0.0,5.497787143782138,1
2262,0.004524,reference,0.0,0.0,5.497787143782138,1
2263,0.004526,reference,0.0,0.0,5.497787143782138,1
2264,0.004528000000000001,reference,0.0,0.0,5.497787143782138,0
2265,0.00453,reference,0.0,0.0,5.497787143782138,1
2266,0.0045320000000000004,reference,0.0,0.0,5.497787143782138,1
2267,0.004534,reference,0.0,0.0,5.497787143782138,1
2268,0.004536,reference,0.0,0.0,5.497787143782138,1
2269,0.004538,reference,0.0,0.0,5.497787143782138,1
2270,0.00454,reference,0.0,0.0,5.497787143782138,1
2271,0.004542,reference,0.0,0.0,5.497787143782138,0
2272,0.004544,reference,0.0,0.0,5.497787143782138,1
2273,0.0045460000000000006,reference,0.0,0.0,5.497787143782138,0
2274,0.004548,reference,0.0,0.0,5.497787143782138,1
2275,0.00455,reference,0.0,0.0,5.497787143782138,1
2276,0.0045520000000000005,reference,0.0,0.0,5.497787143782138,1
2277,0.004554,reference,0.0,0.0,5.497787143782138,1
2278,0.004556,reference,0.0,0.0,5.497787143782138,1
2279,0.0045579999999999996,reference,0.0,0.0,5.497787143782138,1
2280,0.004560000000000001,reference,0.0,0.0,5.497787143782138,1
2281,0.004562,reference,0.0,0.0,5.497787143782138,1
2282,0.004564,reference,0.0,0.0,5.497787143782138,0
2283,0.004566,reference,0.0,0.0,5.497787143782138,1
2284,0.004568000000000001,reference,0.0,0.0,5.497787143782138,1
2285,0.00457,reference,0.0,0.0,5.497787143782138,1
2286,0.004572,reference,0.0,0.0,5.497787143782138,1
2287,0.004574,reference,0.0,0.0,5.497787143782138,0
2288,0.004576,reference,0.0,0.0,5.497787143782138,1
2289,0.0045780000000000005,reference,0.0,0.0,5.497787143782138,1
2290,0.00458,reference,0.0,0.0,5.497787143782138,1
2291,0.004582,reference,0.0,0.0,5.497787143782138,1
2292,0.004584,reference,0.0,0.0,5.497787143782138,1
2293,0.004586000000000001,reference,0.0,0.0,5.497787143782138,1
2294,0.004588,reference,0.0,0.0,5.497787143782138,1
2295,0.0045899999999999995,reference,0.0,0.0,5.497787143782138,1
2296,0.004592000000000001,reference,0.0,0.0,5.497787143782138,1
2297,0.004594,reference,0.0,0.0,5.497787143782138,1
2298,0.004596,reference,0.0,0.0,5.497787143782138,1
2299,0.004598,reference,0.0,0.0,5.497787143782138,1
2300,0.004600000000000001,reference,0.0,0.0,5.497787143782138,0
2301,0.004602,reference,0.0,0.0,5.497787143782138,1
2302,0.0046040000000000005,reference,0.0,0.0,5.497787143782138,0
2303,0.004606,reference,0.0,0.0,5.497787143782138,1
2304,0.004608,reference,0.0,0.0,5.497787143782138,1
2305,0.00461,reference,0.0,0.0,5.497787143782138,1
2306,0.004612,reference,0.0,0.0,5.497787143782138,1
2307,0.004614,reference,0.0,0.0,5.497787143782138,1
2308,0.0046159999999999994,reference,0.0,0.0,5.497787143782138,1
2309,0.004618000000000001,reference,0.0,0.0,5.497787143782138,1
2310,0.00462,reference,0.0,0.0,5.497787143782138,1
2311,0.004622,reference,0.0,0.0,5.497787143782138,1
2312,0.004624,reference,0.0,0.0,5.497787143782138,0
2313,0.004626,reference,0.0,0.0,5.497787143782138,0
2314,0.004628,reference,0.0,0.0,5.497787143782138,1
2315,0.00463,reference,0.0,0.0,5.497787143782138,0
2316,0.004632,reference,0.0,0.0,5.497787143782138,1
2317,0.004634,reference,0.0,0.0,5.497787143782138,1
2318,0.004636,reference,0.0,0.0,5.497787143782138,0
2319,0.004638,reference,0.0,0.0,5.497787143782138,1
2320,0.00464,reference,0.0,0.0,5.497787143782138,1
2321,0.004642,reference,0.0,0.0,5.497787143782138,1
2322,0.0046440000000000006,reference,0.0,0.0,5.497787143782138,1
2323,0.004646,reference,0.0,0.0,5.497787143782138,1
2324,0.004647999999999999,reference,0.0,0.0,5.497787143782138,1
2325,0.0046500000000000005,reference,0.0,0.0,5.497787143782138,1
2326,0.004652,reference,0.0,0.0,5.497787143782138,1
2327,0.004654,reference,0.0,0.0,5.497787143782138,1
2328,0.0046559999999999995,reference,0.0,0.0,5.497787143782138,1
2329,0.004658000000000001,reference,0.0,0.0,5.497787143782138,0
2330,0.00466,reference,0.0,0.0,5.497787143782138,1
2331,0.004662,reference,0.0,0.0,5.497787143782138,1
2332,0.004664,reference,0.0,0.0,5.497787143782138,1
2333,0.004666,reference,0.0,0.0,5.497787143782138,1
2334,0.004668,reference,0.0,0.0,5.497787143782138,1
2335,0.00467,reference,0.0,0.0,5.497787143782138,1
2336,0.004672,reference,0.0,0.0,5.497787143782138,0
2337,0.004674,reference,0.0,0.0,5.497787143782138,0
2338,0.0046760000000000005,reference,0.0,0.0,5.497787143782138,1
2339,0.004678,reference,0.0,0.0,5.497787143782138,1
2340,0.00468,reference,0.0,0.0,5.497787143782138,1
2341,0.004682,reference,0.0,0.0,5.497787143782138,1
2342,0.004684,reference,0.0,0.0,5.497787143782138,1
2343,0.004686,reference,0.0,0.0,5.497787143782138,1
2344,0.0046879999999999995,reference,0.0,0.0,5.497787143782138,1
2345,0.004690000000000001,reference,0.0,0.0,5.497787143782138,1
2346,0.004692,reference,0.0,0.0,5.497787143782138,0
2347,0.004694,reference,0.0,0.0,5.497787143782138,1
2348,0.004696,reference,0.0,0.0,5.497787143782138,0
2349,0.004698000000000001,reference,0.0,0.0,5.497787143782138,1
2350,0.0047,reference,0.0,0.0,5.497787143782138,1
2351,0.004702,reference,0.0,0.0,5.497787143782138,1
2352,0.004704,reference,0.0,0.0,5.497787143782138,1
2353,0.004706,reference,0.0,0.0,5.497787143782138,1
2354,0.004708,reference,0.0,0.0,5.497787143782138,1
2355,0.00471,reference,0.0,0.0,5.497787143782138,1
2356,0.004712,reference,0.0,0.0,5.497787143782138,0
2357,0.004714,reference,0.0,0.0,5.497787143782138,1
2358,0.004716000000000001,reference,0.0,0.0,5.497787143782138,1
2359,0.004718,reference,0.0,0.0,5.497787143782138,0
2360,0.004719999999999999,reference,0.0,0.0,5.497787143782138,1
2361,0.0047220000000000005,reference,0.0,0.0,5.497787143782138,1
2362,0.004724,reference,0.0,0.0,5.497787143782138,1
2363,0.004726,reference,0.0,0.0,5.497787143782138,0
2364,0.0047279999999999996,reference,0.0,0.0,5.497787143782138,0
2365,0.004730000000000001,reference,0.0,0.0,5.497787143782138,1
2366,0.004732,reference,0.0,0.0,5.497787143782138,1
2367,0.004734,reference,0.0,0.0,5.497787143782138,0
2368,0.004736,reference,0.0,0.0,5.497787143782138,1
2369,0.004738,reference,0.0,0.0,5.497787143782138,1
2370,0.00474,reference,0.0,0.0,5.497787143782138,1
2371,0.004742,reference,0.0,0.0,5.497787143782138,0
2372,0.004744,reference,0.0,0.0,5.497787143782138,1
2373,0.004746,reference,0.0,0.0,5.497787143782138,1
2374,0.0047480000000000005,reference,0.0,0.0,5.497787143782138,1
2375,0.00475,reference,0.0,0.0,5.497787143782138,1
2376,0.004752,reference,0.0,0.0,5.497787143782138,1
2377,0.004754,reference,0.0,0.0,5.497787143782138,1
2378,0.004756,reference,0.0,0.0,5.497787143782138,1
2379,0.004758,reference,0.0,0.0,5.497787143782138,1
2380,0.0047599999999999995,reference,0.0,0.0,5.497787143782138,0
2381,0.004762000000000001,reference,0.0,0.0,5.497787143782138,1
2382,0.004764,reference,0.0,0.0,5.497787143782138,1
2383,0.004766,reference,0.0,0.0,5.497787143782138,1
2384,0.004768,reference,0.0,0.0,5.497787143782138,1
2385,0.004770000000000001,reference,0.0,0.0,5.497787143782138,0
2386,0.004772,reference,0.0,0.0,5.497787143782138,1
2387,0.004774,reference,0.0,0.0,5.497787143782138,1
2388,0.004776,reference,0.0,0.0,5.497787143782138,1
2389,0.004778,reference,0.0,0.0,5.497787143782138,1
2390,0.00478,reference,0.0,0.0,5.497787143782138,1
2391,0.004782,reference,0.0,0.0,5.497787143782138,1
2392,0.004784,reference,0.0,0.0,5.497787143782138,1
2393,0.004786,reference,0.0,0.0,5.497787143782138,0
2394,0.004788000000000001,reference,0.0,0.0,5.497787143782138,1
2395,0.00479,reference,0.0,0.0,5.497787143782138,1
2396,0.004791999999999999,reference,0.0,0.0,5.497787143782138,1
2397,0.0047940000000000005,reference,0.0,0.0,5.497787143782138,0
2398,0.004796,reference,0.0,0.0,5.497787143782138,1
2399,0.004798,reference,0.0,0.0,5.497787143782138,0
2400,0.0048,single,1.0,0.0,0.0,1
2401,0.004802000000000001,single,1.0,0.0,0.0,1
2402,0.004804,single,1.0,0.0,0.0,1
2403,0.004806,single,1.0,0.0,0.0,1
2404,0.004808,single,1.0,0.0,0.0,1
2405,0.004810000000000001,single,1.0,0.0,0.0,1
2406,0.004812,single,1.0,0.0,0.0,0
2407,0.004814,single,1.0,0.0,0.0,1
2408,0.004816,single,1.0,0.0,0.0,1
2409,0.004818,single,1.0,0.0,0.0,0
2410,0.0048200000000000005,single,1.0,0.0,0.0,1
2411,0.004822,single,1.0,0.0,0.0,1
2412,0.004824,single,1.0,0.0,0.0,1
2413,0.004826,single,1.0,0.0,0.0,1
2414,0.004828000000000001,single,1.0,0.0,0.0,0
2415,0.00483,single,1.0,0.0,0.0,1
2416,0.0048319999999999995,single,1.0,0.0,0.0,1
2417,0.004834000000000001,single,1.0,0.0,0.0,0
2418,0.004836,single,1.0,0.0,0.0,1
2419,0.004838,single,1.0,0.0,0.0,1
2420,0.00484,single,1.0,0.0,0.0,1
2421,0.004842000000000001,single,1.0,0.0,0.0,1
2422,0.004844,single,1.0,0.0,0.0,1
2423,0.0048460000000000005,single,1.0,0.0,0.0,1
2424,0.004848,single,1.0,0.0,0.0,1
2425,0.00485,single,1.0,0.0,0.0,1
2426,0.004852,single,1.0,0.0,0.0,1
2427,0.004854,single,1.0,0.0,0.0,1
2428,0.004856,single,1.0,0.0,0.0,1
2429,0.004858,single,1.0,0.0,0.0,1
2430,0.004860000000000001,single,1.0,0.0,0.0,0
2431,0.004862,single,1.0,0.0,0.0,0
2432,0.004864,single,1.0,0.0,0.0,1
2433,0.004866,single,1.0,0.0,0.0,1
2434,0.004868,single,1.0,0.0,0.0,1
2435,0.00487,single,1.0,0.0,0.0,1
2436,0.004872,single,1.0,0.0,0.0,1
2437,0.004874,single,1.0,0.0,0.0,1
2438,0.004876,single,1.0,0.0,0.0,1
2439,0.004878,single,1.0,0.0,0.0,1
2440,0.00488,single,1.0,0.0,0.0,1
2441,0.004882,single,1.0,0.0,0.0,0
2442,0.004884,single,1.0,0.0,0.0,1
2443,0.004886,single,1.0,0.0,0.0,1
2444,0.004888,single,1.0,0.0,0.0,0
2445,0.004889999999999999,single,1.0,0.0,0.0,1
2446,0.0048920000000000005,single,1.0,0.0,0.0,1
2447,0.004894,single,1.0,0.0,0.0,1
2448,0.004896,single,1.0,0.0,0.0,0
2449,0.004898,single,1.0,0.0,0.0,1
2450,0.004900000000000001,single,1.0,0.0,0.0,1
2451,0.004902,single,1.0,0.0,0.0,1
2452,0.0049039999999999995,single,1.0,0.0,0.0,1
2453,0.004906,single,1.0,0.0,0.0,1
2454,0.004908,single,1.0,0.0,0.0,1
2455,0.00491,single,1.0,0.0,0.0,1
2456,0.004912,single,1.0,0.0,0.0,1
2457,0.004914,single,1.0,0.0,0.0,1
2458,0.004916,single,1.0,0.0,0.0,1
2459,0.0049180000000000005,single,1.0,0.0,0.0,1
2460,0.00492,single,1.0,0.0,0.0,1
2461,0.004921999999999999,single,1.0,0.0,0.0,1
2462,0.004924,single,1.0,0.0,0.0,1
2463,0.004926,single,1.0,0.0,0.0,0
2464,0.004928,single,1.0,0.0,0.0,1
2465,0.0049299999999999995,single,1.0,0.0,0.0,1
2466,0.004932000000000001,single,1.0,0.0,0.0,1
2467,0.004934,single,1.0,0.0,0.0,1
2468,0.004936,single,1.0,0.0,0.0,1
2469,0.004938,single,1.0,0.0,0.0,1
2470,0.004940000000000001,single,1.0,0.0,0.0,1
2471,0.004942,single,1.0,0.0,0.0,1
2472,0.004944,single,1.0,0.0,0.0,1
2473,0.004946,single,1.0,0.0,0.0,0
2474,0.004948,single,1.0,0.0,0.0,1
2475,0.00495,single,1.0,0.0,0.0,1
2476,0.004952,single,1.0,0.0,0.0,1
2477,0.004954,single,1.0,0.0,0.0,1
2478,0.004956,single,1.0,0.0,0.0,1
2479,0.004958000000000001,single,1.0,0.0,0.0,1
2480,0.00496,single,1.0,0.0,0.0,1
2481,0.004961999999999999,single,1.0,0.0,0.0,1
2482,0.0049640000000000005,single,1.0,0.0,0.0,1
2483,0.004966,single,1.0,0.0,0.0,0
2484,0.004968,single,1.0,0.0,0.0,1
2485,0.00497,single,1.0,0.0,0.0,0
2486,0.004972000000000001,single,1.0,0.0,0.0,1
2487,0.004974,single,1.0,0.0,0.0,1
2488,0.004976,single,1.0,0.0,0.0,1
2489,0.004978,single,1.0,0.0,0.0,0
2490,0.00498,single,1.0,0.0,0.0,1
2491,0.004982,single,1.0,0.0,0.0,1
2492,0.004984,single,1.0,0.0,0.0,1
2493,0.004986,single,1.0,0.0,0.0,1
2494,0.004988,single,1.0,0.0,0.0,1
2495,0.0049900000000000005,single,1.0,0.0,0.0,1
2496,0.004992,single,1.0,0.0,0.0,1
2497,0.004994,single,1.0,0.0,0.0,1
2498,0.0049960000000000004,single,1.0,0.0,0.0,1
2499,0.004998,single,1.0,0.0,0.0,1
2500,0.005,single,1.0,0.0,0.0,1
2501,0.0050019999999999995,single,1.0,0.0,0.0,1
2502,0.005004000000000001,single,1.0,0.0,0.0,1
2503,0.005006,single,1.0,0.0,0.0,0
2504,0.005008,single,1.0,0.0,0.0,1
2505,0.00501,single,1.0,0.0,0.0,0
2506,0.005012000000000001,single,1.0,0.0,0.0,1
2507,0.005014,single,1.0,0.0,0.0,1
2508,0.005016,single,1.0,0.0,0.0,1
2509,0.005018,single,1.0,0.0,0.0,1
2510,0.00502,single,1.0,0.0,0.0,1
2511,0.005022,single,1.0,0.0,0.0,1
2512,0.005024,single,1.0,0.0,0.0,1
2513,0.005026,single,1.0,0.0,0.0,0
2514,0.005028,single,1.0,0.0,0.0,1
2515,0.005030000000000001,single,1.0,0.0,0.0,1
2516,0.005032,single,1.0,0.0,0.0,1
2517,0.005033999999999999,single,1.0,0.0,0.0,1
2518,0.0050360000000000005,single,1.0,0.0,0.0,1
2519,0.005038,single,1.0,0.0,0.0,1
2520,0.00504,single,1.0,0.0,0.0,1
2521,0.005042,single,1.0,0.0,0.0,1
2522,0.005044000000000001,single,1.0,0.0,0.0,0
2523,0.005046,single,1.0,0.0,0.0,1
2524,0.005048,single,1.0,0.0,0.0,0
2525,0.00505,single,1.0,0.0,0.0,1
2526,0.005052,single,1.0,0.0,0.0,1
2527,0.005054,single,1.0,0.0,0.0,1
2528,0.005056,single,1.0,0.0,0.0,1
2529,0.005058,single,1.0,0.0,0.0,1
2530,0.00506,single,1.0,0.0,0.0,0
2531,0.0050620000000000005,single,1.0,0.0,0.0,1
2532,0.005064,single,1.0,0.0,0.0,1
2533,0.005066,single,1.0,0.0,0.0,1
2534,0.0050680000000000005,single,1.0,0.0,0.0,1
2535,0.00507,single,1.0,0.0,0.0,1
2536,0.005072,single,1.0,0.0,0.0,1
2537,0.0050739999999999995,single,1.0,0.0,0.0,0
2538,0.005076000000000001,single,1.0,0.0,0.0,1
2539,0.005078,single,1.0,0.0,0.0,1
2540,0.00508,single,1.0,0.0,0.0,1
2541,0.005082,single,1.0,0.0,0.0,1
2542,0.005084000000000001,single,1.0,0.0,0.0,1
2543,0.005086,single,1.0,0.0,0.0,0
2544,0.0050880000000000005,single,1.0,0.0,0.0,1
2545,0.00509,single,1.0,0.0,0.0,1
2546,0.005092,single,1.0,0.0,0.0,1
2547,0.0050940000000000004,single,1.0,0.0,0.0,1
2548,0.005096,single,1.0,0.0,0.0,1
2549,0.005098,single,1.0,0.0,0.0,0
2550,0.0051,single,1.0,0.0,0.0,1
2551,0.005102000000000001,single,1.0,0.0,0.0,1
2552,0.005104,single,1.0,0.0,0.0,1
2553,0.005106,single,1.0,0.0,0.0,1
2554,0.0051080000000000006,single,1.0,0.0,0.0,1
2555,0.00511,single,1.0,0.0,0.0,1
2556,0.005112,single,1.0,0.0,0.0,1
2557,0.005114,single,1.0,0.0,0.0,1
2558,0.005116000000000001,single,1.0,0.0,0.0,1
2559,0.005118,single,1.0,0.0,0.0,1
2560,0.00512,single,1.0,0.0,0.0,1
2561,0.005122,single,1.0,0.0,0.0,1
2562,0.005124,single,1.0,0.0,0.0,1
2563,0.005126,single,1.0,0.0,0.0,1
2564,0.005128,single,1.0,0.0,0.0,1
2565,0.00513,single,1.0,0.0,0.0,1
2566,0.005131999999999999,single,1.0,0.0,0.0,0
2567,0.0051340000000000005,single,1.0,0.0,0.0,1
2568,0.005136,single,1.0,0.0,0.0,1
2569,0.005138,single,1.0,0.0,0.0,1
2570,0.00514,single,1.0,0.0,0.0,1
2571,0.005142000000000001,single,1.0,0.0,0.0,1
2572,0.005144,single,1.0,0.0,0.0,0
2573,0.0051459999999999995,single,1.0,0.0,0.0,1
2574,0.005148,single,1.0,0.0,0.0,1
2575,0.00515,single,1.0,0.0,0.0,1
2576,0.005152,single,1.0,0.0,0.0,0
2577,0.005154,single,1.0,0.0,0.0,1
2578,0.005156,single,1.0,0.0,0.0,0
2579,0.005158,single,1.0,0.0,0.0,1
2580,0.0051600000000000005,single,1.0,0.0,0.0,1
2581,0.005162,single,1.0,0.0,0.0,1
2582,0.005163999999999999,single,1.0,0.0,0.0,1
2583,0.0051660000000000005,single,1.0,0.0,0.0,1
2584,0.005168,single,1.0,0.0,0.0,1
2585,0.00517,single,1.0,0.0,0.0,0
2586,0.0051719999999999995,single,1.0,0.0,0.0,0
2587,0.005174000000000001,single,1.0,0.0,0.0,1
2588,0.005176,single,1.0,0.0,0.0,1
2589,0.005178,single,1.0,0.0,0.0,1
2590,0.00518,single,1.0,0.0,0.0,1
2591,0.005182,single,1.0,0.0,0.0,0
2592,0.005184,single,1.0,0.0,0.0,1
2593,0.005186,single,1.0,0.0,0.0,1
2594,0.005188,single,1.0,0.0,0.0,1
2595,0.00519,single,1.0,0.0,0.0,1
2596,0.0051920000000000004,single,1.0,0.0,0.0,1
2597,0.005194,single,1.0,0.0,0.0,1
2598,0.005196,single,1.0,0.0,0.0,0
2599,0.005198,single,1.0,0.0,0.0,1
2600,0.0052,single,1.0,0.0,0.0,0
2601,0.005202,single,1.0,0.0,0.0,1
2602,0.005203999999999999,single,1.0,0.0,0.0,1
2603,0.0052060000000000006,single,1.0,0.0,0.0,1
2604,0.005208,single,1.0,0.0,0.0,1
2605,0.00521,single,1.0,0.0,0.0,1
2606,0.005212,single,1.0,0.0,0.0,1
2607,0.005214000000000001,single,1.0,0.0,0.0,1
2608,0.005216,single,1.0,0.0,0.0,1
2609,0.0052179999999999995,single,1.0,0.0,0.0,1
2610,0.00522,single,1.0,0.0,0.0,1
2611,0.005222,single,1.0,0.0,0.0,1
2612,0.005224,single,1.0,0.0,0.0,1
2613,0.005226,single,1.0,0.0,0.0,1
2614,0.005228,single,1.0,0.0,0.0,1
2615,0.00523,single,1.0,0.0,0.0,1
2616,0.0052320000000000005,single,1.0,0.0,0.0,0
2617,0.005234,single,1.0,0.0,0.0,1
2618,0.005235999999999999,single,1.0,0.0,0.0,1
2619,0.0052380000000000005,single,1.0,0.0,0.0,1
2620,0.00524,single,1.0,0.0,0.0,0
2621,0.005242,single,1.0,0.0,0.0,1
2622,0.0052439999999999995,single,1.0,0.0,0.0,1
2623,0.005246000000000001,single,1.0,0.0,0.0,0
2624,0.005248,single,1.0,0.0,0.0,1
2625,0.00525,single,1.0,0.0,0.0,1
2626,0.005252,single,1.0,0.0,0.0,0
2627,0.005254000000000001,single,1.0,0.0,0.0,1
2628,0.005256,single,1.0,0.0,0.0,1
2629,0.005258,single,1.0,0.0,0.0,0
2630,0.00526,single,1.0,0.0,0.0,1
2631,0.005262,single,1.0,0.0,0.0,1
2632,0.0052640000000000004,single,1.0,0.0,0.0,1
2633,0.005266,single,1.0,0.0,0.0,0
2634,0.005268,single,1.0,0.0,0.0,1
2635,0.00527,single,1.0,0.0,0.0,1
2636,0.005272000000000001,single,1.0,0.0,0.0,1
2637,0.005274,single,1.0,0.0,0.0,1
2638,0.0052759999999999994,single,1.0,0.0,0.0,0
2639,0.005278000000000001,single,1.0,0.0,0.0,1
2640,0.00528,single,1.0,0.0,0.0,0
2641,0.005282,single,1.0,0.0,0.0,1
2642,0.005284,single,1.0,0.0,0.0,1
2643,0.005286000000000001,single,1.0,0.0,0.0,0
2644,0.005288,single,1.0,0.0,0.0,1
2645,0.00529,single,1.0,0.0,0.0,1
2646,0.005292,single,1.0,0.0,0.0,1
2647,0.005294,single,1.0,0.0,0.0,0
2648,0.005296,single,1.0,0.0,0.0,0
2649,0.005298,single,1.0,0.0,0.0,1
2650,0.0053,single,1.0,0.0,0.0,1
2651,0.005302,single,1.0,0.0,0.0,1
2652,0.0053040000000000006,single,1.0,0.0,0.0,1
2653,0.005306,single,1.0,0.0,0.0,1
2654,0.005308,single,1.0,0.0,0.0,1
2655,0.0053100000000000005,single,1.0,0.0,0.0,1
2656,0.005312,single,1.0,0.0,0.0,0
2657,0.005314,single,1.0,0.0,0.0,1
2658,0.0053159999999999995,single,1.0,0.0,0.0,1
2659,0.005318000000000001,single,1.0,0.0,0.0,0
2660,0.00532,single,1.0,0.0,0.0,1
2661,0.005322,single,1.0,0.0,0.0,1
2662,0.005324,single,1.0,0.0,0.0,1
2663,0.005326000000000001,single,1.0,0.0,0.0,1
2664,0.005328,single,1.0,0.0,0.0,1
2665,0.00533,single,1.0,0.0,0.0,1
2666,0.005332,single,1.0,0.0,0.0,1
2667,0.005334,single,1.0,0.0,0.0,1
2668,0.0053360000000000005,single,1.0,0.0,0.0,1
2669,0.005338,single,1.0,0.0,0.0,0
2670,0.00534,single,1.0,0.0,0.0,1
2671,0.005342,single,1.0,0.0,0.0,1
2672,0.005344000000000001,single,1.0,0.0,0.0,1
2673,0.005346,single,1.0,0.0,0.0,0
2674,0.0053479999999999995,single,1.0,0.0,0.0,1
2675,0.005350000000000001,single,1.0,0.0,0.0,1
2676,0.005352,single,1.0,0.0,0.0,1
2677,0.005354,single,1.0,0.0,0.0,0
2678,0.005356,single,1.0,0.0,0.0,1
2679,0.005358000000000001,single,1.0,0.0,0.0,1
2680,0.00536,single,1.0,0.0,0.0,1
2681,0.0053620000000000004,single,1.0,0.0,0.0,0
2682,0.005364,single,1.0,0.0,0.0,0
2683,0.005366000000000001,single,1.0,0.0,0.0,0
2684,0.005368,single,1.0,0.0,0.0,1
2685,0.00537,single,1.0,0.0,0.0,1
2686,0.005372,single,1.0,0.0,0.0,0
2687,0.005374,single,1.0,0.0,0.0,1
2688,0.005376000000000001,single,1.0,0.0,0.0,1
2689,0.005378,single,1.0,0.0,0.0,1
2690,0.00538,single,1.0,0.0,0.0,1
2691,0.005382,single,1.0,0.0,0.0,1
2692,0.005384000000000001,single,1.0,0.0,0.0,1
2693,0.005386,single,1.0,0.0,0.0,1
2694,0.0053879999999999996,single,1.0,0.0,0.0,1
2695,0.00539,single,1.0,0.0,0.0,0
2696,0.005392,single,1.0,0.0,0.0,0
2697,0.005394,single,1.0,0.0,0.0,1
2698,0.005396,single,1.0,0.0,0.0,0
2699,0.005398,single,1.0,0.0,0.0,1
2700,0.0054,single,1.0,0.0,0.7853981633974483,0
2701,0.0054020000000000006,single,1.0,0.0,0.7853981633974483,0
2702,0.005404,single,1.0,0.0,0.7853981633974483,1
2703,0.005405999999999999,single,1.0,0.0,0.7853981633974483,1
2704,0.0054080000000000005,single,1.0,0.0,0.7853981633974483,0
2705,0.00541,single,1.0,0.0,0.7853981633974483,1
2706,0.005412,single,1.0,0.0,0.7853981633974483,1
2707,0.0054139999999999995,single,1.0,0.0,0.7853981633974483,0
2708,0.005416000000000001,single,1.0,0.0,0.7853981633974483,1
2709,0.005418,single,1.0,0.0,0.7853981633974483,1
2710,0.00542,single,1.0,0.0,0.7853981633974483,1
2711,0.005422,single,1.0,0.0,0.7853981633974483,0
2712,0.005424,single,1.0,0.0,0.7853981633974483,1
2713,0.005426,single,1.0,0.0,0.7853981633974483,1
2714,0.005428,single,1.0,0.0,0.7853981633974483,1
2715,0.00543,single,1.0,0.0,0.7853981633974483,1
2716,0.005432,single,1.0,0.0,0.7853981633974483,1
2717,0.0054340000000000005,single,1.0,0.0,0.7853981633974483,1
2718,0.005436,single,1.0,0.0,0.7853981633974483,0
2719,0.005438,single,1.0,0.0,0.7853981633974483,1
2720,0.00544,single,1.0,0.0,0.7853981633974483,0
2721,0.005442,single,1.0,0.0,0.7853981633974483,1
2722,0.005444,single,1.0,0.0,0.7853981633974483,1
2723,0.0054459999999999995,single,1.0,0.0,0.7853981633974483,1
2724,0.005448000000000001,single,1.0,0.0,0.7853981633974483,1
2725,0.00545,single,1.0,0.0,0.7853981633974483,1
2726,0.005452,single,1.0,0.0,0.7853981633974483,1
2727,0.005454,single,1.0,0.0,0.7853981633974483,0
2728,0.005456000000000001,single,1.0,0.0,0.7853981633974483,1
2729,0.005458,single,1.0,0.0,0.7853981633974483,0
2730,0.00546,single,1.0,0.0,0.7853981633974483,1
2731,0.005462,single,1.0,0.0,0.7853981633974483,1
2732,0.005464,single,1.0,0.0,0.7853981633974483,0
2733,0.005466,single,1.0,0.0,0.7853981633974483,1
2734,0.005468,single,1.0,0.0,0.7853981633974483,1
2735,0.00547,single,1.0,0.0,0.7853981633974483,1
2736,0.005472,single,1.0,0.0,0.7853981633974483,1
2737,0.005474000000000001,single,1.0,0.0,0.7853981633974483,0
2738,0.005476,single,1.0,0.0,0.7853981633974483,1
2739,0.005477999999999999,single,1.0,0.0,0.7853981633974483,1
2740,0.0054800000000000005,single,1.0,0.0,0.7853981633974483,1
2741,0.005482,single,1.0,0.0,0.7853981633974483,1
2742,0.005484,single,1.0,0.0,0.7853981633974483,1
2743,0.0054859999999999996,single,1.0,0.0,0.7853981633974483,0
2744,0.005488000000000001,single,1.0,0.0,0.7853981633974483,1
2745,0.00549,single,1.0,0.0,0.7853981633974483,0
2746,0.005492,single,1.0,0.0,0.7853981633974483,1
2747,0.005494,single,1.0,0.0,0.7853981633974483,0
2748,0.005496,single,1.0,0.0,0.7853981633974483,1
2749,0.005498,single,1.0,0.0,0.7853981633974483,1
2750,0.0055,single,1.0,0.0,0.7853981633974483,0
2751,0.005502,single,1.0,0.0,0.7853981633974483,1
2752,0.005504,single,1.0,0.0,0.7853981633974483,1
2753,0.0055060000000000005,single,1.0,0.0,0.7853981633974483,1
2754,0.005508,single,1.0,0.0,0.7853981633974483,1
2755,0.00551,single,1.0,0.0,0.7853981633974483,1
2756,0.005512,single,1.0,0.0,0.7853981633974483,1
2757,0.005514,single,1.0,0.0,0.7853981633974483,1
2758,0.005516,single,1.0,0.0,0.7853981633974483,1
2759,0.0055179999999999995,single,1.0,0.0,0.7853981633974483,1
2760,0.005520000000000001,single,1.0,0.0,0.7853981633974483,1
2761,0.005522,single,1.0,0.0,0.7853981633974483,1
2762,0.005524,single,1.0,0.0,0.7853981633974483,1
2763,0.005526,single,1.0,0.0,0.7853981633974483,1
2764,0.005528000000000001,single,1.0,0.0,0.7853981633974483,1
2765,0.00553,single,1.0,0.0,0.7853981633974483,1
2766,0.0055320000000000005,single,1.0,0.0,0.7853981633974483,1
2767,0.005534,single,1.0,0.0,0.7853981633974483,1
2768,0.005536,single,1.0,0.0,0.7853981633974483,1
2769,0.005538,single,1.0,0.0,0.7853981633974483,1
2770,0.00554,single,1.0,0.0,0.7853981633974483,1
2771,0.005542,single,1.0,0.0,0.7853981633974483,1
2772,0.005544,single,1.0,0.0,0.7853981633974483,1
2773,0.005546000000000001,single,1.0,0.0,0.7853981633974483,0
2774,0.005548,single,1.0,0.0,0.7853981633974483,1
2775,0.00555,single,1.0,0.0,0.7853981633974483,1
2776,0.0055520000000000005,single,1.0,0.0,0.7853981633974483,1
2777,0.005554,single,1.0,0.0,0.7853981633974483,1
2778,0.005556,single,1.0,0.0,0.7853981633974483,0
2779,0.005558,single,1.0,0.0,0.7853981633974483,1
2780,0.005560000000000001,single,1.0,0.0,0.7853981633974483,1
2781,0.005562,single,1.0,0.0,0.7853981633974483,1
2782,0.005564,single,1.0,0.0,0.7853981633974483,1
2783,0.005566,single,1.0,0.0,0.7853981633974483,1
2784,0.005568000000000001,single,1.0,0.0,0.7853981633974483,1
2785,0.00557,single,1.0,0.0,0.7853981633974483,1
2786,0.005572,single,1.0,0.0,0.7853981633974483,0
2787,0.005574,single,1.0,0.0,0.7853981633974483,0
2788,0.005576,single,1.0,0.0,0.7853981633974483,1
2789,0.0055780000000000005,single,1.0,0.0,0.7853981633974483,0
2790,0.00558,single,1.0,0.0,0.7853981633974483,1
2791,0.005582,single,1.0,0.0,0.7853981633974483,0
2792,0.005584,single,1.0,0.0,0.7853981633974483,1
2793,0.005586000000000001,single,1.0,0.0,0.7853981633974483,0
2794,0.005588,single,1.0,0.0,0.7853981633974483,0
2795,0.0055899999999999995,single,1.0,0.0,0.7853981633974483,1
2796,0.005592000000000001,single,1.0,0.0,0.7853981633974483,1
2797,0.005594,single,1.0,0.0,0.7853981633974483,1
2798,0.005596,single,1.0,0.0,0.7853981633974483,1
2799,0.005598,single,1.0,0.0,0.7853981633974483,1
2800,0.005600000000000001,single,1.0,0.0,0.7853981633974483,1
2801,0.005602,single,1.0,0.0,0.7853981633974483,1
2802,0.0056040000000000005,single,1.0,0.0,0.7853981633974483,1
2803,0.005606,single,1.0,0.0,0.7853981633974483,1
2804,0.005608,single,1.0,0.0,0.7853981633974483,0
2805,0.00561,single,1.0,0.0,0.7853981633974483,1
2806,0.005612,single,1.0,0.0,0.7853981633974483,1
2807,0.005614,single,1.0,0.0,0.7853981633974483,1
2808,0.005616,single,1.0,0.0,0.7853981633974483,1
2809,0.005618000000000001,single,1.0,0.0,0.7853981633974483,1
2810,0.00562,single,1.0,0.0,0.7853981633974483,1
2811,0.005622,single,1.0,0.0,0.7853981633974483,1
2812,0.0056240000000000005,single,1.0,0.0,0.7853981633974483,1
2813,0.005626,single,1.0,0.0,0.7853981633974483,0
2814,0.005628,single,1.0,0.0,0.7853981633974483,1
2815,0.00563,single,1.0,0.0,0.7853981633974483,1
2816,0.005632,single,1.0,0.0,0.7853981633974483,0
2817,0.005634,single,1.0,0.0,0.7853981633974483,1
2818,0.005636,single,1.0,0.0,0.7853981633974483,0
2819,0.005638,single,1.0,0.0,0.7853981633974483,1
2820,0.00564,single,1.0,0.0,0.7853981633974483,0
2821,0.005642,single,1.0,0.0,0.7853981633974483,1
2822,0.005644,single,1.0,0.0,0.7853981633974483,1
2823,0.005646,single,1.0,0.0,0.7853981633974483,1
2824,0.005647999999999999,single,1.0,0.0,0.7853981633974483,1
2825,0.0056500000000000005,single,1.0,0.0,0.7853981633974483,0
2826,0.005652,single,1.0,0.0,0.7853981633974483,0
2827,0.005654,single,1.0,0.0,0.7853981633974483,1
2828,0.005656,single,1.0,0.0,0.7853981633974483,1
2829,0.005658000000000001,single,1.0,0.0,0.7853981633974483,1
2830,0.00566,single,1.0,0.0,0.7853981633974483,1
2831,0.0056619999999999995,single,1.0,0.0,0.7853981633974483,1
2832,0.005664,single,1.0,0.0,0.7853981633974483,1
2833,0.005666,single,1.0,0.0,0.7853981633974483,1
2834,0.005668,single,1.0,0.0,0.7853981633974483,1
2835,0.00567,single,1.0,0.0,0.7853981633974483,1
2836,0.005672,single,1.0,0.0,0.7853981633974483,1
2837,0.005674,single,1.0,0.0,0.7853981633974483,1
2838,0.0056760000000000005,single,1.0,0.0,0.7853981633974483,1
2839,0.005678,single,1.0,0.0,0.7853981633974483,1
2840,0.005679999999999999,single,1.0,0.0,0.7853981633974483,0
2841,0.005682,single,1.0,0.0,0.7853981633974483,1
2842,0.005684,single,1.0,0.0,0.7853981633974483,1
2843,0.005686,single,1.0,0.0,0.7853981633974483,1
2844,0.0056879999999999995,single,1.0,0.0,0.7853981633974483,1
2845,0.005690000000000001,single,1.0,0.0,0.7853981633974483,0
2846,0.005692,single,1.0,0.0,0.7853981633974483,0
2847,0.005694,single,1.0,0.0,0.7853981633974483,1
2848,0.005696,single,1.0,0.0,0.7853981633974483,1
2849,0.005698000000000001,single,1.0,0.0,0.7853981633974483,0
2850,0.0057,single,1.0,0.0,0.7853981633974483,1
2851,0.005702,single,1.0,0.0,0.7853981633974483,1
2852,0.005704,single,1.0,0.0,0.7853981633974483,1
2853,0.005706,single,1.0,0.0,0.7853981633974483,1
2854,0.005708,single,1.0,0.0,0.7853981633974483,1
2855,0.00571,single,1.0,0.0,0.7853981633974483,1
2856,0.005712,single,1.0,0.0,0.7853981633974483,1
2857,0.005714,single,1.0,0.0,0.7853981633974483,0
2858,0.005716000000000001,single,1.0,0.0,0.7853981633974483,0
2859,0.005718,single,1.0,0.0,0.7853981633974483,0
2860,0.005719999999999999,single,1.0,0.0,0.7853981633974483,1
2861,0.0057220000000000005,single,1.0,0.0,0.7853981633974483,1
2862,0.005724,single,1.0,0.0,0.7853981633974483,0
2863,0.005726,single,1.0,0.0,0.7853981633974483,1
2864,0.005728,single,1.0,0.0,0.7853981633974483,1
2865,0.005730000000000001,single,1.0,0.0,0.7853981633974483,1
2866,0.005732,single,1.0,0.0,0.7853981633974483,1
2867,0.005734,single,1.0,0.0,0.7853981633974483,1
2868,0.005736,single,1.0,0.0,0.7853981633974483,1
2869,0.005738,single,1.0,0.0,0.7853981633974483,0
2870,0.00574,single,1.0,0.0,0.7853981633974483,0
2871,0.005742,single,1.0,0.0,0.7853981633974483,1
2872,0.005744,single,1.0,0.0,0.7853981633974483,1
2873,0.005746,single,1.0,0.0,0.7853981633974483,1
2874,0.0057480000000000005,single,1.0,0.0,0.7853981633974483,1
2875,0.00575,single,1.0,0.0,0.7853981633974483,1
2876,0.005752,single,1.0,0.0,0.7853981633974483,1
2877,0.0057540000000000004,single,1.0,0.0,0.7853981633974483,1
2878,0.005756,single,1.0,0.0,0.7853981633974483,0
2879,0.005758,single,1.0,0.0,0.7853981633974483,0
2880,0.0057599999999999995,single,1.0,0.0,0.7853981633974483,1
2881,0.005762000000000001,single,1.0,0.0,0.7853981633974483,1
2882,0.005764,single,1.0,0.0,0.7853981633974483,1
2883,0.005766,single,1.0,0.0,0.7853981633974483,0
2884,0.005768,single,1.0,0.0,0.7853981633974483,1
2885,0.005770000000000001,single,1.0,0.0,0.7853981633974483,1
2886,0.005772,single,1.0,0.0,0.7853981633974483,0
2887,0.005774,single,1.0,0.0,0.7853981633974483,0
2888,0.005776,single,1.0,0.0,0.7853981633974483,1
2889,0.005778,single,1.0,0.0,0.7853981633974483,1
2890,0.00578,single,1.0,0.0,0.7853981633974483,1
2891,0.005782,single,1.0,0.0,0.7853981633974483,1
2892,0.005784,single,1.0,0.0,0.7853981633974483,1
2893,0.005786,single,1.0,0.0,0.7853981633974483,1
2894,0.005788000000000001,single,1.0,0.0,0.7853981633974483,1
2895,0.00579,single,1.0,0.0,0.7853981633974483,1
2896,0.005791999999999999,single,1.0,0.0,0.7853981633974483,1
2897,0.0057940000000000005,single,1.0,0.0,0.7853981633974483,1
2898,0.005796,single,1.0,0.0,0.7853981633974483,0
2899,0.005798,single,1.0,0.0,0.7853981633974483,1
2900,0.0058,single,1.0,0.0,0.7853981633974483,0
2901,0.005802000000000001,single,1.0,0.0,0.7853981633974483,1
2902,0.005804,single,1.0,0.0,0.7853981633974483,1
2903,0.005806,single,1.0,0.0,0.7853981633974483,1
2904,0.005808,single,1.0,0.0,0.7853981633974483,1
2905,0.005810000000000001,single,1.0,0.0,0.7853981633974483,0
2906,0.005812,single,1.0,0.0,0.7853981633974483,0
2907,0.005814,single,1.0,0.0,0.7853981633974483,0
2908,0.005816,single,1.0,0.0,0.7853981633974483,1
2909,0.005818,single,1.0,0.0,0.7853981633974483,1
2910,0.0058200000000000005,single,1.0,0.0,0.7853981633974483,1
2911,0.005822,single,1.0,0.0,0.7853981633974483,0
2912,0.005824,single,1.0,0.0,0.7853981633974483,1
2913,0.0058260000000000004,single,1.0,0.0,0.7853981633974483,1
2914,0.005828000000000001,single,1.0,0.0,0.7853981633974483,0
2915,0.00583,single,1.0,0.0,0.7853981633974483,1
2916,0.0058319999999999995,single,1.0,0.0,0.7853981633974483,1
2917,0.005834000000000001,single,1.0,0.0,0.7853981633974483,1
2918,0.005836,single,1.0,0.0,0.7853981633974483,1
2919,0.005838,single,1.0,0.0,0.7853981633974483,0
2920,0.00584,single,1.0,0.0,0.7853981633974483,0
2921,0.005842000000000001,single,1.0,0.0,0.7853981633974483,1
2922,0.005844,single,1.0,0.0,0.7853981633974483,1
2923,0.0058460000000000005,single,1.0,0.0,0.7853981633974483,1
2924,0.005848,single,1.0,0.0,0.7853981633974483,1
2925,0.00585,single,1.0,0.0,0.7853981633974483,1
2926,0.005852,single,1.0,0.0,0.7853981633974483,1
2927,0.005854,single,1.0,0.0,0.7853981633974483,1
2928,0.005856,single,1.0,0.0,0.7853981633974483,1
2929,0.005858,single,1.0,0.0,0.7853981633974483,0
2930,0.005860000000000001,single,1.0,0.0,0.7853981633974483,0
2931,0.005862,single,1.0,0.0,0.7853981633974483,1
2932,0.005864,single,1.0,0.0,0.7853981633974483,1
2933,0.0058660000000000006,single,1.0,0.0,0.7853981633974483,1
2934,0.005868,single,1.0,0.0,0.7853981633974483,1
2935,0.00587,single,1.0,0.0,0.7853981633974483,1
2936,0.005872,single,1.0,0.0,0.7853981633974483,0
2937,0.005874000000000001,single,1.0,0.0,0.7853981633974483,1
2938,0.005876,single,1.0,0.0,0.7853981633974483,1
2939,0.005878,single,1.0,0.0,0.7853981633974483,1
2940,0.00588,single,1.0,0.0,0.7853981633974483,1
2941,0.005882000000000001,single,1.0,0.0,0.7853981633974483,1
2942,0.005884,single,1.0,0.0,0.7853981633974483,0
2943,0.005886,single,1.0,0.0,0.7853981633974483,1
2944,0.005888,single,1.0,0.0,0.7853981633974483,0
2945,0.005889999999999999,single,1.0,0.0,0.7853981633974483,0
2946,0.0058920000000000005,single,1.0,0.0,0.7853981633974483,1
2947,0.005894,single,1.0,0.0,0.7853981633974483,1
2948,0.005896,single,1.0,0.0,0.7853981633974483,1
2949,0.005898,single,1.0,0.0,0.7853981633974483,1
2950,0.005900000000000001,single,1.0,0.0,0.7853981633974483,1
2951,0.005902,single,1.0,0.0,0.7853981633974483,1
2952,0.0059039999999999995,single,1.0,0.0,0.7853981633974483,0
2953,0.005906,single,1.0,0.0,0.7853981633974483,1
2954,0.005908,single,1.0,0.0,0.7853981633974483,1
2955,0.00591,single,1.0,0.0,0.7853981633974483,0
2956,0.005912,single,1.0,0.0,0.7853981633974483,0
2957,0.005914,single,1.0,0.0,0.7853981633974483,1
2958,0.005916,single,1.0,0.0,0.7853981633974483,1
2959,0.0059180000000000005,single,1.0,0.0,0.7853981633974483,1
2960,0.00592,single,1.0,0.0,0.7853981633974483,1
2961,0.005921999999999999,single,1.0,0.0,0.7853981633974483,1
2962,0.0059240000000000004,single,1.0,0.0,0.7853981633974483,1
2963,0.005926,single,1.0,0.0,0.7853981633974483,1
2964,0.005928,single,1.0,0.0,0.7853981633974483,1
2965,0.0059299999999999995,single,1.0,0.0,0.7853981633974483,0
2966,0.005932000000000001,single,1.0,0.0,0.7853981633974483,1
2967,0.005934,single,1.0,0.0,0.7853981633974483,1
2968,0.005936,single,1.0,0.0,0.7853981633974483,1
2969,0.005938,single,1.0,0.0,0.7853981633974483,1
2970,0.00594,single,1.0,0.0,0.7853981633974483,1
2971,0.005942,single,1.0,0.0,0.7853981633974483,1
2972,0.005944,single,1.0,0.0,0.7853981633974483,1
2973,0.005946,single,1.0,0.0,0.7853981633974483,0
2974,0.005948,single,1.0,0.0,0.7853981633974483,1
2975,0.00595,single,1.0,0.0,0.7853981633974483,0
2976,0.005952,single,1.0,0.0,0.7853981633974483,1
2977,0.005954,single,1.0,0.0,0.7853981633974483,1
2978,0.005956,single,1.0,0.0,0.7853981633974483,0
2979,0.005958,single,1.0,0.0,0.7853981633974483,1
2980,0.00596,single,1.0,0.0,0.7853981633974483,0
2981,0.005961999999999999,single,1.0,0.0,0.7853981633974483,1
2982,0.0059640000000000006,single,1.0,0.0,0.7853981633974483,1
2983,0.005966,single,1.0,0.0,0.7853981633974483,1
2984,0.005968,single,1.0,0.0,0.7853981633974483,1
2985,0.00597,single,1.0,0.0,0.7853981633974483,0
2986,0.005972000000000001,single,1.0,0.0,0.7853981633974483,1
2987,0.005974,single,1.0,0.0,0.7853981633974483,1
2988,0.005976,single,1.0,0.0,0.7853981633974483,1
2989,0.005978,single,1.0,0.0,0.7853981633974483,1
2990,0.00598,single,1.0,0.0,0.7853981633974483,1
2991,0.005982,single,1.0,0.0,0.7853981633974483,1
2992,0.005984,single,1.0,0.0,0.7853981633974483,1
2993,0.005986,single,1.0,0.0,0.7853981633974483,1
2994,0.005988,single,1.0,0.0,0.7853981633974483,1
2995,0.0059900000000000005,single,1.0,0.0,0.7853981633974483,1
2996,0.005992,single,1.0,0.0,0.7853981633974483,1
2997,0.005994,single,1.0,0.0,0.7853981633974483,1
2998,0.0059960000000000005,single,1.0,0.0,0.7853981633974483,1
2999,0.005998,single,1.0,0.0,0.7853981633974483,1
3000,0.006,single,1.0,0.0,1.5707963267948966,0
3001,0.0060019999999999995,single,1.0,0.0,1.5707963267948966,0
3002,0.006004000000000001,single,1.0,0.0,1.5707963267948966,1
3003,0.006006,single,1.0,0.0,1.5707963267948966,0
3004,0.006008,single,1.0,0.0,1.5707963267948966,0
3005,0.00601,single,1.0,0.0,1.5707963267948966,1
3006,0.006012000000000001,single,1.0,0.0,1.5707963267948966,1
3007,0.006014,single,1.0,0.0,1.5707963267948966,0
3008,0.006016,single,1.0,0.0,1.5707963267948966,0
3009,0.006018,single,1.0,0.0,1.5707963267948966,1
3010,0.00602,single,1.0,0.0,1.5707963267948966,0
3011,0.0060220000000000004,single,1.0,0.0,1.5707963267948966,0
3012,0.006024,single,1.0,0.0,1.5707963267948966,1
3013,0.006026,single,1.0,0.0,1.5707963267948966,1
3014,0.006028,single,1.0,0.0,1.5707963267948966,0
3015,0.006030000000000001,single,1.0,0.0,1.5707963267948966,0
3016,0.006032,single,1.0,0.0,1.5707963267948966,1
3017,0.006033999999999999,single,1.0,0.0,1.5707963267948966,0
3018,0.0060360000000000006,single,1.0,0.0,1.5707963267948966,1
3019,0.006038,single,1.0,0.0,1.5707963267948966,1
3020,0.00604,single,1.0,0.0,1.5707963267948966,0
3021,0.006042,single,1.0,0.0,1.5707963267948966,0
3022,0.006044000000000001,single,1.0,0.0,1.5707963267948966,1
3023,0.006046,single,1.0,0.0,1.5707963267948966,0
3024,0.006048,single,1.0,0.0,1.5707963267948966,1
3025,0.00605,single,1.0,0.0,1.5707963267948966,1
3026,0.006052,single,1.0,0.0,1.5707963267948966,0
3027,0.006054,single,1.0,0.0,1.5707963267948966,1
3028,0.006056,single,1.0,0.0,1.5707963267948966,0
3029,0.006058,single,1.0,0.0,1.5707963267948966,0
3030,0.00606,single,1.0,0.0,1.5707963267948966,0
3031,0.0060620000000000005,single,1.0,0.0,1.5707963267948966,0
3032,0.006064,single,1.0,0.0,1.5707963267948966,1
3033,0.006066,single,1.0,0.0,1.5707963267948966,0
3034,0.0060680000000000005,single,1.0,0.0,1.5707963267948966,1
3035,0.00607,single,1.0,0.0,1.5707963267948966,0
3036,0.006072,single,1.0,0.0,1.5707963267948966,1
3037,0.0060739999999999995,single,1.0,0.0,1.5707963267948966,0
3038,0.006076000000000001,single,1.0,0.0,1.5707963267948966,0
3039,0.006078,single,1.0,0.0,1.5707963267948966,0
3040,0.00608,single,1.0,0.0,1.5707963267948966,1
3041,0.006082,single,1.0,0.0,1.5707963267948966,0
3042,0.006084000000000001,single,1.0,0.0,1.5707963267948966,0
3043,0.006086,single,1.0,0.0,1.5707963267948966,1
3044,0.006088,single,1.0,0.0,1.5707963267948966,1
3045,0.00609,single,1.0,0.0,1.5707963267948966,1
3046,0.006092,single,1.0,0.0,1.5707963267948966,1
3047,0.0060940000000000005,single,1.0,0.0,1.5707963267948966,1
3048,0.006096,single,1.0,0.0,1.5707963267948966,0
3049,0.006098,single,1.0,0.0,1.5707963267948966,0
3050,0.0061,single,1.0,0.0,1.5707963267948966,0
3051,0.006102000000000001,single,1.0,0.0,1.5707963267948966,0
3052,0.006104,single,1.0,0.0,1.5707963267948966,1
3053,0.0061059999999999994,single,1.0,0.0,1.5707963267948966,1
3054,0.006108000000000001,single,1.0,0.0,1.5707963267948966,0
3055,0.00611,single,1.0,0.0,1.5707963267948966,0
3056,0.006112,single,1.0,0.0,1.5707963267948966,1
3057,0.006114,single,1.0,0.0,1.5707963267948966,0
3058,0.006116000000000001,single,1.0,0.0,1.5707963267948966,1
3059,0.006118,single,1.0,0.0,1.5707963267948966,1
3060,0.0061200000000000004,single,1.0,0.0,1.5707963267948966,1
3061,0.006122,single,1.0,0.0,1.5707963267948966,0
3062,0.006124000000000001,single,1.0,0.0,1.5707963267948966,0
3063,0.006126,single,1.0,0.0,1.5707963267948966,0
3064,0.006128,single,1.0,0.0,1.5707963267948966,1
3065,0.00613,single,1.0,0.0,1.5707963267948966,1
3066,0.006132,single,1.0,0.0,1.5707963267948966,1
3067,0.0061340000000000006,single,1.0,0.0,1.5707963267948966,0
3068,0.006136,single,1.0,0.0,1.5707963267948966,1
3069,0.006138,single,1.0,0.0,1.5707963267948966,0
3070,0.0061400000000000005,single,1.0,0.0,1.5707963267948966,1
3071,0.006142000000000001,single,1.0,0.0,1.5707963267948966,0
3072,0.006144,single,1.0,0.0,1.5707963267948966,1
3073,0.0061459999999999996,single,1.0,0.0,1.5707963267948966,1
3074,0.006148,single,1.0,0.0,1.5707963267948966,1
3075,0.00615,single,1.0,0.0,1.5707963267948966,0
3076,0.006152,single,1.0,0.0,1.5707963267948966,1
3077,0.006154,single,1.0,0.0,1.5707963267948966,0
3078,0.006156,single,1.0,0.0,1.5707963267948966,0
3079,0.006158,single,1.0,0.0,1.5707963267948966,0
3080,0.0061600000000000005,single,1.0,0.0,1.5707963267948966,1
3081,0.006162,single,1.0,0.0,1.5707963267948966,0
3082,0.006163999999999999,single,1.0,0.0,1.5707963267948966,1
3083,0.0061660000000000005,single,1.0,0.0,1.5707963267948966,1
3084,0.006168,single,1.0,0.0,1.5707963267948966,1
3085,0.00617,single,1.0,0.0,1.5707963267948966,0
3086,0.0061719999999999995,single,1.0,0.0,1.5707963267948966,1
3087,0.006174000000000001,single,1.0,0.0,1.5707963267948966,1
3088,0.006176,single,1.0,0.0,1.5707963267948966,0
3089,0.006178,single,1.0,0.0,1.5707963267948966,1
3090,0.00618,single,1.0,0.0,1.5707963267948966,0
3091,0.006182,single,1.0,0.0,1.5707963267948966,1
3092,0.006184,single,1.0,0.0,1.5707963267948966,1
3093,0.006186,single,1.0,0.0,1.5707963267948966,1
3094,0.006188,single,1.0,0.0,1.5707963267948966,1
3095,0.00619,single,1.0,0.0,1.5707963267948966,1
3096,0.0061920000000000005,single,1.0,0.0,1.5707963267948966,1
3097,0.006194,single,1.0,0.0,1.5707963267948966,1
3098,0.006196,single,1.0,0.0,1.5707963267948966,1
3099,0.006198,single,1.0,0.0,1.5707963267948966,0
3100,0.0062,single,1.0,0.0,1.5707963267948966,1
3101,0.006202,single,1.0,0.0,1.5707963267948966,0
3102,0.0062039999999999994,single,1.0,0.0,1.5707963267948966,0
3103,0.006206000000000001,single,1.0,0.0,1.5707963267948966,0
3104,0.006208,single,1.0,0.0,1.5707963267948966,1
3105,0.00621,single,1.0,0.0,1.5707963267948966,0
3106,0.006212,single,1.0,0.0,1.5707963267948966,0
3107,0.006214000000000001,single,1.0,0.0,1.5707963267948966,1
3108,0.006216,single,1.0,0.0,1.5707963267948966,0
3109,0.006218,single,1.0,0.0,1.5707963267948966,0
3110,0.00622,single,1.0,0.0,1.5707963267948966,1
3111,0.006222,single,1.0,0.0,1.5707963267948966,1
3112,0.006224,single,1.0,0.0,1.5707963267948966,1
3113,0.006226,single,1.0,0.0,1.5707963267948966,1
3114,0.006228,single,1.0,0.0,1.5707963267948966,1
3115,0.00623,single,1.0,0.0,1.5707963267948966,0
3116,0.0062320000000000006,single,1.0,0.0,1.5707963267948966,0
3117,0.006234,single,1.0,0.0,1.5707963267948966,1
3118,0.006235999999999999,single,1.0,0.0,1.5707963267948966,0
3119,0.0062380000000000005,single,1.0,0.0,1.5707963267948966,1
3120,0.00624,single,1.0,0.0,1.5707963267948966,1
3121,0.006242,single,1.0,0.0,1.5707963267948966,0
3122,0.0062439999999999996,single,1.0,0.0,1.5707963267948966,0
3123,0.006246000000000001,single,1.0,0.0,1.5707963267948966,0
3124,0.006248,single,1.0,0.0,1.5707963267948966,1
3125,0.00625,single,1.0,0.0,1.5707963267948966,0
3126,0.006252,single,1.0,0.0,1.5707963267948966,0
3127,0.006254000000000001,single,1.0,0.0,1.5707963267948966,1
3128,0.006256,single,1.0,0.0,1.5707963267948966,1
3129,0.006258,single,1.0,0.0,1.5707963267948966,0
3130,0.00626,single,1.0,0.0,1.5707963267948966,1
3131,0.006262,single,1.0,0.0,1.5707963267948966,1
3132,0.0062640000000000005,single,1.0,0.0,1.5707963267948966,0
3133,0.006266,single,1.0,0.0,1.5707963267948966,0
3134,0.006268,single,1.0,0.0,1.5707963267948966,0
3135,0.00627,single,1.0,0.0,1.5707963267948966,0
3136,0.006272000000000001,single,1.0,0.0,1.5707963267948966,0
3137,0.006274,single,1.0,0.0,1.5707963267948966,1
3138,0.0062759999999999995,single,1.0,0.0,1.5707963267948966,1
3139,0.006278000000000001,single,1.0,0.0,1.5707963267948966,0
3140,0.00628,single,1.0,0.0,1.5707963267948966,0
3141,0.006282,single,1.0,0.0,1.5707963267948966,0
3142,0.006284,single,1.0,0.0,1.5707963267948966,1
3143,0.006286000000000001,single,1.0,0.0,1.5707963267948966,0
3144,0.006288,single,1.0,0.0,1.5707963267948966,1
3145,0.0062900000000000005,single,1.0,0.0,1.5707963267948966,0
3146,0.006292,single,1.0,0.0,1.5707963267948966,0
3147,0.006294,single,1.0,0.0,1.5707963267948966,1
3148,0.006296,single,1.0,0.0,1.5707963267948966,0
3149,0.006298,single,1.0,0.0,1.5707963267948966,1
3150,0.0063,single,1.0,0.0,1.5707963267948966,1
3151,0.006302,single,1.0,0.0,1.5707963267948966,1
3152,0.006304000000000001,single,1.0,0.0,1.5707963267948966,1
3153,0.006306,single,1.0,0.0,1.5707963267948966,1
3154,0.006308,single,1.0,0.0,1.5707963267948966,1
3155,0.0063100000000000005,single,1.0,0.0,1.5707963267948966,0
3156,0.006312,single,1.0,0.0,1.5707963267948966,1
3157,0.006314,single,1.0,0.0,1.5707963267948966,0
3158,0.0063159999999999996,single,1.0,0.0,1.5707963267948966,0
3159,0.006318000000000001,single,1.0,0.0,1.5707963267948966,0
3160,0.00632,single,1.0,0.0,1.5707963267948966,1
3161,0.006322,single,1.0,0.0,1.5707963267948966,1
3162,0.006324,single,1.0,0.0,1.5707963267948966,1
3163,0.006326000000000001,single,1.0,0.0,1.5707963267948966,0
3164,0.006328,single,1.0,0.0,1.5707963267948966,1
3165,0.00633,single,1.0,0.0,1.5707963267948966,0
3166,0.006332,single,1.0,0.0,1.5707963267948966,1
3167,0.006334,single,1.0,0.0,1.5707963267948966,1
3168,0.0063360000000000005,single,1.0,0.0,1.5707963267948966,0
3169,0.006338,single,1.0,0.0,1.5707963267948966,1
3170,0.00634,single,1.0,0.0,1.5707963267948966,0
3171,0.006342,single,1.0,0.0,1.5707963267948966,0
3172,0.006344000000000001,single,1.0,0.0,1.5707963267948966,0
3173,0.006346,single,1.0,0.0,1.5707963267948966,0
3174,0.0063479999999999995,single,1.0,0.0,1.5707963267948966,1
3175,0.006350000000000001,single,1.0,0.0,1.5707963267948966,0
3176,0.006352,single,1.0,0.0,1.5707963267948966,0
3177,0.006354,single,1.0,0.0,1.5707963267948966,1
3178,0.006356,single,1.0,0.0,1.5707963267948966,1
3179,0.006358000000000001,single,1.0,0.0,1.5707963267948966,1
3180,0.00636,single,1.0,0.0,1.5707963267948966,1
3181,0.0063620000000000005,single,1.0,0.0,1.5707963267948966,1
3182,0.006364,single,1.0,0.0,1.5707963267948966,1
3183,0.006366,single,1.0,0.0,1.5707963267948966,0
3184,0.006368,single,1.0,0.0,1.5707963267948966,0
3185,0.00637,single,1.0,0.0,1.5707963267948966,0
3186,0.006372,single,1.0,0.0,1.5707963267948966,1
3187,0.006374,single,1.0,0.0,1.5707963267948966,0
3188,0.006376000000000001,single,1.0,0.0,1.5707963267948966,0
3189,0.006378,single,1.0,0.0,1.5707963267948966,0
3190,0.00638,single,1.0,0.0,1.5707963267948966,1
3191,0.0063820000000000005,single,1.0,0.0,1.5707963267948966,0
3192,0.006384,single,1.0,0.0,1.5707963267948966,1
3193,0.006386,single,1.0,0.0,1.5707963267948966,1
3194,0.006388,single,1.0,0.0,1.5707963267948966,1
3195,0.006390000000000001,single,1.0,0.0,1.5707963267948966,0
3196,0.006392,single,1.0,0.0,1.5707963267948966,1
3197,0.006394,single,1.0,0.0,1.5707963267948966,1
3198,0.006396,single,1.0,0.0,1.5707963267948966,0
3199,0.006398000000000001,single,1.0,0.0,1.5707963267948966,1
3200,0.0064,single,1.0,0.0,1.5707963267948966,0
3201,0.006402,single,1.0,0.0,1.5707963267948966,0
3202,0.006404,single,1.0,0.0,1.5707963267948966,1
3203,0.006405999999999999,single,1.0,0.0,1.5707963267948966,1
3204,0.0064080000000000005,single,1.0,0.0,1.5707963267948966,0
3205,0.00641,single,1.0,0.0,1.5707963267948966,0
3206,0.006412,single,1.0,0.0,1.5707963267948966,1
3207,0.0064139999999999996,single,1.0,0.0,1.5707963267948966,0
3208,0.006416000000000001,single,1.0,0.0,1.5707963267948966,1
3209,0.006418,single,1.0,0.0,1.5707963267948966,0
3210,0.00642,single,1.0,0.0,1.5707963267948966,0
3211,0.006422,single,1.0,0.0,1.5707963267948966,1
3212,0.006424,single,1.0,0.0,1.5707963267948966,1
3213,0.006426,single,1.0,0.0,1.5707963267948966,1
3214,0.006428,single,1.0,0.0,1.5707963267948966,1
3215,0.00643,single,1.0,0.0,1.5707963267948966,0
3216,0.006432,single,1.0,0.0,1.5707963267948966,1
3217,0.0064340000000000005,single,1.0,0.0,1.5707963267948966,0
3218,0.006436,single,1.0,0.0,1.5707963267948966,1
3219,0.006438,single,1.0,0.0,1.5707963267948966,1
3220,0.00644,single,1.0,0.0,1.5707963267948966,1
3221,0.006442,single,1.0,0.0,1.5707963267948966,0
3222,0.006444,single,1.0,0.0,1.5707963267948966,0
3223,0.0064459999999999995,single,1.0,0.0,1.5707963267948966,0
3224,0.006448000000000001,single,1.0,0.0,1.5707963267948966,1
3225,0.00645,single,1.0,0.0,1.5707963267948966,0
3226,0.006452,single,1.0,0.0,1.5707963267948966,1
3227,0.006454,single,1.0,0.0,1.5707963267948966,1
3228,0.006456000000000001,single,1.0,0.0,1.5707963267948966,1
3229,0.006458,single,1.0,0.0,1.5707963267948966,0
3230,0.00646,single,1.0,0.0,1.5707963267948966,0
3231,0.006462,single,1.0,0.0,1.5707963267948966,1
3232,0.006464,single,1.0,0.0,1.5707963267948966,1
3233,0.006466,single,1.0,0.0,1.5707963267948966,1
3234,0.006468,single,1.0,0.0,1.5707963267948966,1
3235,0.00647,single,1.0,0.0,1.5707963267948966,1
3236,0.006472,single,1.0,0.0,1.5707963267948966,1
3237,0.006474000000000001,single,1.0,0.0,1.5707963267948966,0
3238,0.006476,single,1.0,0.0,1.5707963267948966,1
3239,0.006477999999999999,single,1.0,0.0,1.5707963267948966,0
3240,0.0064800000000000005,single,1.0,0.0,1.5707963267948966,1
3241,0.006482,single,1.0,0.0,1.5707963267948966,1
3242,0.006484,single,1.0,0.0,1.5707963267948966,1
3243,0.006486,single,1.0,0.0,1.5707963267948966,0
3244,0.006488000000000001,single,1.0,0.0,1.5707963267948966,0
3245,0.00649,single,1.0,0.0,1.5707963267948966,0
3246,0.006492,single,1.0,0.0,1.5707963267948966,1
3247,0.006494,single,1.0,0.0,1.5707963267948966,0
3248,0.006496,single,1.0,0.0,1.5707963267948966,0
3249,0.006498,single,1.0,0.0,1.5707963267948966,1
3250,0.0065,single,1.0,0.0,1.5707963267948966,0
3251,0.006502,single,1.0,0.0,1.5707963267948966,1
3252,0.006504,single,1.0,0.0,1.5707963267948966,0
3253,0.0065060000000000005,single,1.0,0.0,1.5707963267948966,0
3254,0.006508,single,1.0,0.0,1.5707963267948966,1
3255,0.00651,single,1.0,0.0,1.5707963267948966,1
3256,0.006512,single,1.0,0.0,1.5707963267948966,0
3257,0.006514,single,1.0,0.0,1.5707963267948966,0
3258,0.006516,single,1.0,0.0,1.5707963267948966,0
3259,0.0065179999999999995,single,1.0,0.0,1.5707963267948966,0
3260,0.006520000000000001,single,1.0,0.0,1.5707963267948966,0
3261,0.006522,single,1.0,0.0,1.5707963267948966,0
3262,0.006524,single,1.0,0.0,1.5707963267948966,0
3263,0.006526,single,1.0,0.0,1.5707963267948966,0
3264,0.006528000000000001,single,1.0,0.0,1.5707963267948966,1
3265,0.00653,single,1.0,0.0,1.5707963267948966,0
3266,0.006532,single,1.0,0.0,1.5707963267948966,0
3267,0.006534,single,1.0,0.0,1.5707963267948966,1
3268,0.006536,single,1.0,0.0,1.5707963267948966,1
3269,0.006538,single,1.0,0.0,1.5707963267948966,1
3270,0.00654,single,1.0,0.0,1.5707963267948966,0
3271,0.006542,single,1.0,0.0,1.5707963267948966,1
3272,0.006544,single,1.0,0.0,1.5707963267948966,1
3273,0.006546000000000001,single,1.0,0.0,1.5707963267948966,0
3274,0.006548,single,1.0,0.0,1.5707963267948966,1
3275,0.006549999999999999,single,1.0,0.0,1.5707963267948966,0
3276,0.0065520000000000005,single,1.0,0.0,1.5707963267948966,1
3277,0.006554,single,1.0,0.0,1.5707963267948966,0
3278,0.006556,single,1.0,0.0,1.5707963267948966,1
3279,0.006558,single,1.0,0.0,1.5707963267948966,1
3280,0.006560000000000001,single,1.0,0.0,1.5707963267948966,0
3281,0.006562,single,1.0,0.0,1.5707963267948966,0
3282,0.006564,single,1.0,0.0,1.5707963267948966,1
3283,0.006566,single,1.0,0.0,1.5707963267948966,1
3284,0.006568000000000001,single,1.0,0.0,1.5707963267948966,0
3285,0.00657,single,1.0,0.0,1.5707963267948966,1
3286,0.006572,single,1.0,0.0,1.5707963267948966,1
3287,0.006574,single,1.0,0.0,1.5707963267948966,0
3288,0.006576,single,1.0,0.0,1.5707963267948966,1
3289,0.0065780000000000005,single,1.0,0.0,1.5707963267948966,1
3290,0.00658,single,1.0,0.0,1.5707963267948966,0
3291,0.006582,single,1.0,0.0,1.5707963267948966,1
3292,0.0065840000000000004,single,1.0,0.0,1.5707963267948966,1
3293,0.006586000000000001,single,1.0,0.0,1.5707963267948966,1
3294,0.006588,single,1.0,0.0,1.5707963267948966,1
3295,0.0065899999999999995,single,1.0,0.0,1.5707963267948966,1
3296,0.006592000000000001,single,1.0,0.0,1.5707963267948966,1
3297,0.006594,single,1.0,0.0,1.5707963267948966,0
3298,0.006596,single,1.0,0.0,1.5707963267948966,1
3299,0.006598,single,1.0,0.0,1.5707963267948966,0
3300,0.006600000000000001,single,1.0,0.0,2.356194490192345,0
3301,0.006602,single,1.0,0.0,2.356194490192345,1
3302,0.0066040000000000005,single,1.0,0.0,2.356194490192345,0
3303,0.006606,single,1.0,0.0,2.356194490192345,1
3304,0.006608,single,1.0,0.0,2.356194490192345,0
3305,0.00661,single,1.0,0.0,2.356194490192345,0
3306,0.006612,single,1.0,0.0,2.356194490192345,0
3307,0.006614,single,1.0,0.0,2.356194490192345,1
3308,0.006616,single,1.0,0.0,2.356194490192345,0
3309,0.006618000000000001,single,1.0,0.0,2.356194490192345,0
3310,0.00662,single,1.0,0.0,2.356194490192345,0
3311,0.006622,single,1.0,0.0,2.356194490192345,0
3312,0.0066240000000000005,single,1.0,0.0,2.356194490192345,0
3313,0.006626,single,1.0,0.0,2.356194490192345,1
3314,0.006628,single,1.0,0.0,2.356194490192345,0
3315,0.00663,single,1.0,0.0,2.356194490192345,0
3316,0.006632000000000001,single,1.0,0.0,2.356194490192345,0
3317,0.006634,single,1.0,0.0,2.356194490192345,1
3318,0.006636,single,1.0,0.0,2.356194490192345,1
3319,0.006638,single,1.0,0.0,2.356194490192345,0
3320,0.006640000000000001,single,1.0,0.0,2.356194490192345,1
3321,0.006642,single,1.0,0.0,2.356194490192345,0
3322,0.006644,single,1.0,0.0,2.356194490192345,0
3323,0.006646,single,1.0,0.0,2.356194490192345,0
3324,0.006648,single,1.0,0.0,2.356194490192345,0
3325,0.0066500000000000005,single,1.0,0.0,2.356194490192345,1
3326,0.006652,single,1.0,0.0,2.356194490192345,0
3327,0.006654,single,1.0,0.0,2.356194490192345,0
3328,0.0066560000000000005,single,1.0,0.0,2.356194490192345,1
3329,0.006658000000000001,single,1.0,0.0,2.356194490192345,0
3330,0.00666,single,1.0,0.0,2.356194490192345,1
3331,0.0066619999999999995,single,1.0,0.0,2.356194490192345,1
3332,0.006664,single,1.0,0.0,2.356194490192345,1
3333,0.006666,single,1.0,0.0,2.356194490192345,1
3334,0.006668,single,1.0,0.0,2.356194490192345,1
3335,0.00667,single,1.0,0.0,2.356194490192345,0
3336,0.006672,single,1.0,0.0,2.356194490192345,0
3337,0.006674,single,1.0,0.0,2.356194490192345,0
3338,0.0066760000000000005,single,1.0,0.0,2.356194490192345,0
3339,0.006678,single,1.0,0.0,2.356194490192345,0
3340,0.006679999999999999,single,1.0,0.0,2.356194490192345,1
3341,0.0066820000000000004,single,1.0,0.0,2.356194490192345,0
3342,0.006684,single,1.0,0.0,2.356194490192345,0
3343,0.006686,single,1.0,0.0,2.356194490192345,0
3344,0.0066879999999999995,single,1.0,0.0,2.356194490192345,0
3345,0.006690000000000001,single,1.0,0.0,2.356194490192345,1
3346,0.006692,single,1.0,0.0,2.356194490192345,0
3347,0.006694,single,1.0,0.0,2.356194490192345,0
3348,0.006696,single,1.0,0.0,2.356194490192345,0
3349,0.006698000000000001,single,1.0,0.0,2.356194490192345,0
3350,0.0067,single,1.0,0.0,2.356194490192345,1
3351,0.006702,single,1.0,0.0,2.356194490192345,0
3352,0.006704,single,1.0,0.0,2.356194490192345,1
3353,0.006706,single,1.0,0.0,2.356194490192345,0
3354,0.006708,single,1.0,0.0,2.356194490192345,0
3355,0.00671,single,1.0,0.0,2.356194490192345,0
3356,0.006712,single,1.0,0.0,2.356194490192345,0
3357,0.006714,single,1.0,0.0,2.356194490192345,0
3358,0.006716000000000001,single,1.0,0.0,2.356194490192345,1
3359,0.006718,single,1.0,0.0,2.356194490192345,0
3360,0.006719999999999999,single,1.0,0.0,2.356194490192345,0
3361,0.0067220000000000005,single,1.0,0.0,2.356194490192345,0
3362,0.006724,single,1.0,0.0,2.356194490192345,0
3363,0.006726,single,1.0,0.0,2.356194490192345,0
3364,0.006728,single,1.0,0.0,2.356194490192345,1
3365,0.006730000000000001,single,1.0,0.0,2.356194490192345,1
3366,0.006732,single,1.0,0.0,2.356194490192345,0
3367,0.006734,single,1.0,0.0,2.356194490192345,0
3368,0.006736,single,1.0,0.0,2.356194490192345,0
3369,0.006738,single,1.0,0.0,2.356194490192345,0
3370,0.00674,single,1.0,0.0,2.356194490192345,1
3371,0.006742,single,1.0,0.0,2.356194490192345,1
3372,0.006744,single,1.0,0.0,2.356194490192345,0
3373,0.006746,single,1.0,0.0,2.356194490192345,0
3374,0.0067480000000000005,single,1.0,0.0,2.356194490192345,0
3375,0.00675,single,1.0,0.0,2.356194490192345,1
3376,0.006752,single,1.0,0.0,2.356194490192345,0
3377,0.0067540000000000005,single,1.0,0.0,2.356194490192345,0
3378,0.006756,single,1.0,0.0,2.356194490192345,0
3379,0.006758,single,1.0,0.0,2.356194490192345,0
3380,0.0067599999999999995,single,1.0,0.0,2.356194490192345,0
3381,0.006762000000000001,single,1.0,0.0,2.356194490192345,1
3382,0.006764,single,1.0,0.0,2.356194490192345,0
3383,0.006766,single,1.0,0.0,2.356194490192345,1
3384,0.006768,single,1.0,0.0,2.356194490192345,0
3385,0.006770000000000001,single,1.0,0.0,2.356194490192345,1
3386,0.006772,single,1.0,0.0,2.356194490192345,0
3387,0.006774,single,1.0,0.0,2.356194490192345,0
3388,0.006776,single,1.0,0.0,2.356194490192345,0
3389,0.006778,single,1.0,0.0,2.356194490192345,0
3390,0.0067800000000000004,single,1.0,0.0,2.356194490192345,0
3391,0.006782,single,1.0,0.0,2.356194490192345,0
3392,0.006784,single,1.0,0.0,2.356194490192345,0
3393,0.006786,single,1.0,0.0,2.356194490192345,1
3394,0.006788000000000001,single,1.0,0.0,2.356194490192345,1
3395,0.00679,single,1.0,0.0,2.356194490192345,0
3396,0.006791999999999999,single,1.0,0.0,2.356194490192345,1
3397,0.0067940000000000006,single,1.0,0.0,2.356194490192345,0
3398,0.006796,single,1.0,0.0,2.356194490192345,0
3399,0.006798,single,1.0,0.0,2.356194490192345,1
3400,0.0068,single,1.0,0.0,2.356194490192345,0
3401,0.006802000000000001,single,1.0,0.0,2.356194490192345,0
3402,0.006804,single,1.0,0.0,2.356194490192345,1
3403,0.006806,single,1.0,0.0,2.356194490192345,0
3404,0.006808,single,1.0,0.0,2.356194490192345,1
3405,0.00681,single,1.0,0.0,2.356194490192345,0
3406,0.006812,single,1.0,0.0,2.356194490192345,0
3407,0.006814,single,1.0,0.0,2.356194490192345,1
3408,0.006816,single,1.0,0.0,2.356194490192345,0
3409,0.006818,single,1.0,0.0,2.356194490192345,0
3410,0.0068200000000000005,single,1.0,0.0,2.356194490192345,0
3411,0.006822,single,1.0,0.0,2.356194490192345,0
3412,0.006824,single,1.0,0.0,2.356194490192345,0
3413,0.0068260000000000005,single,1.0,0.0,2.356194490192345,1
3414,0.006828,single,1.0,0.0,2.356194490192345,0
3415,0.00683,single,1.0,0.0,2.356194490192345,0
3416,0.0068319999999999995,single,1.0,0.0,2.356194490192345,0
3417,0.006834000000000001,single,1.0,0.0,2.356194490192345,1
3418,0.006836,single,1.0,0.0,2.356194490192345,0
3419,0.006838,single,1.0,0.0,2.356194490192345,1
3420,0.00684,single,1.0,0.0,2.356194490192345,0
3421,0.006842000000000001,single,1.0,0.0,2.356194490192345,0
3422,0.006844,single,1.0,0.0,2.356194490192345,0
3423,0.006846,single,1.0,0.0,2.356194490192345,1
3424,0.006848,single,1.0,0.0,2.356194490192345,1
3425,0.00685,single,1.0,0.0,2.356194490192345,1
3426,0.0068520000000000005,single,1.0,0.0,2.356194490192345,0
3427,0.006854,single,1.0,0.0,2.356194490192345,0
3428,0.006856,single,1.0,0.0,2.356194490192345,0
3429,0.006858,single,1.0,0.0,2.356194490192345,1
3430,0.006860000000000001,single,1.0,0.0,2.356194490192345,0
3431,0.006862,single,1.0,0.0,2.356194490192345,0
3432,0.006864,single,1.0,0.0,2.356194490192345,0
3433,0.006866000000000001,single,1.0,0.0,2.356194490192345,0
3434,0.006868,single,1.0,0.0,2.356194490192345,0
3435,0.00687,single,1.0,0.0,2.356194490192345,1
3436,0.006872,single,1.0,0.0,2.356194490192345,1
3437,0.006874000000000001,single,1.0,0.0,2.356194490192345,0
3438,0.006876,single,1.0,0.0,2.356194490192345,0
3439,0.006878,single,1.0,0.0,2.356194490192345,1
3440,0.00688,single,1.0,0.0,2.356194490192345,1
3441,0.006882000000000001,single,1.0,0.0,2.356194490192345,0
3442,0.006884,single,1.0,0.0,2.356194490192345,0
3443,0.006886,single,1.0,0.0,2.356194490192345,1
3444,0.006888,single,1.0,0.0,2.356194490192345,1
3445,0.00689,single,1.0,0.0,2.356194490192345,0
3446,0.0068920000000000006,single,1.0,0.0,2.356194490192345,0
3447,0.006894,single,1.0,0.0,2.356194490192345,0
3448,0.006896,single,1.0,0.0,2.356194490192345,0
3449,0.0068980000000000005,single,1.0,0.0,2.356194490192345,1
3450,0.006900000000000001,single,1.0,0.0,2.356194490192345,0
3451,0.006902,single,1.0,0.0,2.356194490192345,0
3452,0.0069039999999999995,single,1.0,0.0,2.356194490192345,1
3453,0.006906000000000001,single,1.0,0.0,2.356194490192345,0
3454,0.006908,single,1.0,0.0,2.356194490192345,0
3455,0.00691,single,1.0,0.0,2.356194490192345,0
3456,0.006912,single,1.0,0.0,2.356194490192345,0
3457,0.006914,single,1.0,0.0,2.356194490192345,0
3458,0.006916,single,1.0,0.0,2.356194490192345,0
3459,0.0069180000000000005,single,1.0,0.0,2.356194490192345,0
3460,0.00692,single,1.0,0.0,2.356194490192345,1
3461,0.006921999999999999,single,1.0,0.0,2.356194490192345,0
3462,0.0069240000000000005,single,1.0,0.0,2.356194490192345,1
3463,0.006926,single,1.0,0.0,2.356194490192345,0
3464,0.006928,single,1.0,0.0,2.356194490192345,0
3465,0.0069299999999999995,single,1.0,0.0,2.356194490192345,0
3466,0.006932000000000001,single,1.0,0.0,2.356194490192345,0
3467,0.006934,single,1.0,0.0,2.356194490192345,0
3468,0.006936,single,1.0,0.0,2.356194490192345,0
3469,0.006938,single,1.0,0.0,2.356194490192345,0
3470,0.00694,single,1.0,0.0,2.356194490192345,1
3471,0.006942,single,1.0,0.0,2.356194490192345,0
3472,0.006944,single,1.0,0.0,2.356194490192345,0
3473,0.006946,single,1.0,0.0,2.356194490192345,0
3474,0.006948,single,1.0,0.0,2.356194490192345,0
3475,0.0069500000000000004,single,1.0,0.0,2.356194490192345,0
3476,0.006952,single,1.0,0.0,2.356194490192345,0
3477,0.006954,single,1.0,0.0,2.356194490192345,1
3478,0.006956,single,1.0,0.0,2.356194490192345,0
3479,0.006958,single,1.0,0.0,2.356194490192345,1
3480,0.00696,single,1.0,0.0,2.356194490192345,0
3481,0.0069619999999999994,single,1.0,0.0,2.356194490192345,1
3482,0.006964000000000001,single,1.0,0.0,2.356194490192345,0
3483,0.006966,single,1.0,0.0,2.356194490192345,0
3484,0.006968,single,1.0,0.0,2.356194490192345,0
3485,0.00697,single,1.0,0.0,2.356194490192345,0
3486,0.006972000000000001,single,1.0,0.0,2.356194490192345,0
3487,0.006974,single,1.0,0.0,2.356194490192345,0
3488,0.0069759999999999996,single,1.0,0.0,2.356194490192345,0
3489,0.006978,single,1.0,0.0,2.356194490192345,0
3490,0.00698,single,1.0,0.0,2.356194490192345,0
3491,0.006982,single,1.0,0.0,2.356194490192345,0
3492,0.006984,single,1.0,0.0,2.356194490192345,0
3493,0.006986,single,1.0,0.0,2.356194490192345,0
3494,0.006988,single,1.0,0.0,2.356194490192345,0
3495,0.0069900000000000006,single,1.0,0.0,2.356194490192345,0
3496,0.006992,single,1.0,0.0,2.356194490192345,0
3497,0.006993999999999999,single,1.0,0.0,2.356194490192345,0
3498,0.0069960000000000005,single,1.0,0.0,2.356194490192345,0
3499,0.006998,single,1.0,0.0,2.356194490192345,0
3500,0.007,single,1.0,0.0,2.356194490192345,0
3501,0.0070019999999999995,single,1.0,0.0,2.356194490192345,0
3502,0.007004000000000001,single,1.0,0.0,2.356194490192345,0
3503,0.007006,single,1.0,0.0,2.356194490192345,0
3504,0.007008,single,1.0,0.0,2.356194490192345,0
3505,0.00701,single,1.0,0.0,2.356194490192345,1
3506,0.007012000000000001,single,1.0,0.0,2.356194490192345,0
3507,0.007014,single,1.0,0.0,2.356194490192345,0
3508,0.007016,single,1.0,0.0,2.356194490192345,0
3509,0.007018,single,1.0,0.0,2.356194490192345,1
3510,0.00702,single,1.0,0.0,2.356194490192345,1
3511,0.0070220000000000005,single,1.0,0.0,2.356194490192345,0
3512,0.007024,single,1.0,0.0,2.356194490192345,0
3513,0.007026,single,1.0,0.0,2.356194490192345,0
3514,0.007028,single,1.0,0.0,2.356194490192345,1
3515,0.007030000000000001,single,1.0,0.0,2.356194490192345,0
3516,0.007032,single,1.0,0.0,2.356194490192345,0
3517,0.0070339999999999995,single,1.0,0.0,2.356194490192345,0
3518,0.007036000000000001,single,1.0,0.0,2.356194490192345,0
3519,0.007038,single,1.0,0.0,2.356194490192345,0
3520,0.00704,single,1.0,0.0,2.356194490192345,0
3521,0.007042,single,1.0,0.0,2.356194490192345,0
3522,0.007044000000000001,single,1.0,0.0,2.356194490192345,0
3523,0.007046,single,1.0,0.0,2.356194490192345,1
3524,0.0070480000000000004,single,1.0,0.0,2.356194490192345,0
3525,0.00705,single,1.0,0.0,2.356194490192345,0
3526,0.007052,single,1.0,0.0,2.356194490192345,0
3527,0.007054,single,1.0,0.0,2.356194490192345,0
3528,0.007056,single,1.0,0.0,2.356194490192345,0
3529,0.007058,single,1.0,0.0,2.356194490192345,0
3530,0.00706,single,1.0,0.0,2.356194490192345,0
3531,0.007062000000000001,single,1.0,0.0,2.356194490192345,1
3532,0.007064,single,1.0,0.0,2.356194490192345,0
3533,0.007066,single,1.0,0.0,2.356194490192345,0
3534,0.0070680000000000005,single,1.0,0.0,2.356194490192345,0
3535,0.00707,single,1.0,0.0,2.356194490192345,0
3536,0.007072,single,1.0,0.0,2.356194490192345,0
3537,0.0070739999999999996,single,1.0,0.0,2.356194490192345,0
3538,0.007076000000000001,single,1.0,0.0,2.356194490192345,1
3539,0.007078,single,1.0,0.0,2.356194490192345,0
3540,0.00708,single,1.0,0.0,2.356194490192345,0
3541,0.007082,single,1.0,0.0,2.356194490192345,0
3542,0.007084000000000001,single,1.0,0.0,2.356194490192345,0
3543,0.007086,single,1.0,0.0,2.356194490192345,0
3544,0.007088,single,1.0,0.0,2.356194490192345,0
3545,0.00709,single,1.0,0.0,2.356194490192345,1
3546,0.007092,single,1.0,0.0,2.356194490192345,0
3547,0.0070940000000000005,single,1.0,0.0,2.356194490192345,0
3548,0.007096,single,1.0,0.0,2.356194490192345,0
3549,0.007098,single,1.0,0.0,2.356194490192345,0
3550,0.0071,single,1.0,0.0,2.356194490192345,0
3551,0.007102000000000001,single,1.0,0.0,2.356194490192345,0
3552,0.007104,single,1.0,0.0,2.356194490192345,0
3553,0.0071059999999999995,single,1.0,0.0,2.356194490192345,0
3554,0.007108000000000001,single,1.0,0.0,2.356194490192345,0
3555,0.00711,single,1.0,0.0,2.356194490192345,0
3556,0.007112,single,1.0,0.0,2.356194490192345,1
3557,0.007114,single,1.0,0.0,2.356194490192345,0
3558,0.007116000000000001,single,1.0,0.0,2.356194490192345,0
3559,0.007118,single,1.0,0.0,2.356194490192345,1
3560,0.0071200000000000005,single,1.0,0.0,2.356194490192345,0
3561,0.007122,single,1.0,0.0,2.356194490192345,1
3562,0.007124,single,1.0,0.0,2.356194490192345,0
3563,0.007126,single,1.0,0.0,2.356194490192345,1
3564,0.007128,single,1.0,0.0,2.356194490192345,1
3565,0.00713,single,1.0,0.0,2.356194490192345,0
3566,0.007132,single,1.0,0.0,2.356194490192345,0
3567,0.007134000000000001,single,1.0,0.0,2.356194490192345,0
3568,0.007136,single,1.0,0.0,2.356194490192345,1
3569,0.007138,single,1.0,0.0,2.356194490192345,0
3570,0.0071400000000000005,single,1.0,0.0,2.356194490192345,0
3571,0.007142000000000001,single,1.0,0.0,2.356194490192345,1
3572,0.007144,single,1.0,0.0,2.356194490192345,0
3573,0.007146,single,1.0,0.0,2.356194490192345,0
3574,0.007148000000000001,single,1.0,0.0,2.356194490192345,1
3575,0.00715,single,1.0,0.0,2.356194490192345,1
3576,0.007152,single,1.0,0.0,2.356194490192345,0
3577,0.007154,single,1.0,0.0,2.356194490192345,0
3578,0.007156000000000001,single,1.0,0.0,2.356194490192345,0
3579,0.007158,single,1.0,0.0,2.356194490192345,0
3580,0.0071600000000000006,single,1.0,0.0,2.356194490192345,0
3581,0.007162,single,1.0,0.0,2.356194490192345,1
3582,0.007164,single,1.0,0.0,2.356194490192345,0
3583,0.0071660000000000005,single,1.0,0.0,2.356194490192345,0
3584,0.007168,single,1.0,0.0,2.356194490192345,0
3585,0.00717,single,1.0,0.0,2.356194490192345,0
3586,0.0071719999999999996,single,1.0,0.0,2.356194490192345,0
3587,0.007174000000000001,single,1.0,0.0,2.356194490192345,1
3588,0.007176,single,1.0,0.0,2.356194490192345,0
3589,0.007178,single,1.0,0.0,2.356194490192345,0
3590,0.00718,single,1.0,0.0,2.356194490192345,0
3591,0.007182,single,1.0,0.0,2.356194490192345,0
3592,0.007184,single,1.0,0.0,2.356194490192345,1
3593,0.007186,single,1.0,0.0,2.356194490192345,0
3594,0.007188,single,1.0,0.0,2.356194490192345,0
3595,0.00719,single,1.0,0.0,2.356194490192345,1
3596,0.0071920000000000005,single,1.0,0.0,2.356194490192345,0
3597,0.007194,single,1.0,0.0,2.356194490192345,0
3598,0.007196,single,1.0,0.0,2.356194490192345,1
3599,0.007198,single,1.0,0.0,2.356194490192345,1
3600,0.0072,single,1.0,0.0,3.141592653589793,0
3601,0.007202,single,1.0,0.0,3.141592653589793,0
3602,0.0072039999999999995,single,1.0,0.0,3.141592653589793,0
3603,0.007206000000000001,single,1.0,0.0,3.141592653589793,1
3604,0.007208,single,1.0,0.0,3.141592653589793,0
3605,0.00721,single,1.0,0.0,3.141592653589793,0
3606,0.007212,single,1.0,0.0,3.141592653589793,0
3607,0.007214000000000001,single,1.0,0.0,3.141592653589793,1
3608,0.007216,single,1.0,0.0,3.141592653589793,1
3609,0.007218,single,1.0,0.0,3.141592653589793,0
3610,0.00722,single,1.0,0.0,3.141592653589793,0
3611,0.007222,single,1.0,0.0,3.141592653589793,0
3612,0.007224,single,1.0,0.0,3.141592653589793,0
3613,0.007226,single,1.0,0.0,3.141592653589793,0
3614,0.007228,single,1.0,0.0,3.141592653589793,1
3615,0.00723,single,1.0,0.0,3.141592653589793,0
3616,0.007232000000000001,single,1.0,0.0,3.141592653589793,0
3617,0.007234,single,1.0,0.0,3.141592653589793,0
3618,0.007235999999999999,single,1.0,0.0,3.141592653589793,0
3619,0.0072380000000000005,single,1.0,0.0,3.141592653589793,0
3620,0.00724,single,1.0,0.0,3.141592653589793,0
3621,0.007242,single,1.0,0.0,3.141592653589793,0
3622,0.007244,single,1.0,0.0,3.141592653589793,0
3623,0.007246000000000001,single,1.0,0.0,3.141592653589793,1
3624,0.007248,single,1.0,0.0,3.141592653589793,1
3625,0.00725,single,1.0,0.0,3.141592653589793,0
3626,0.007252,single,1.0,0.0,3.141592653589793,0
3627,0.007254,single,1.0,0.0,3.141592653589793,0
3628,0.007256,single,1.0,0.0,3.141592653589793,0
3629,0.007258,single,1.0,0.0,3.141592653589793,0
3630,0.00726,single,1.0,0.0,3.141592653589793,0
3631,0.007262,single,1.0,0.0,3.141592653589793,0
3632,0.0072640000000000005,single,1.0,0.0,3.141592653589793,0
3633,0.007266,single,1.0,0.0,3.141592653589793,0
3634,0.007268,single,1.0,0.0,3.141592653589793,0
3635,0.00727,single,1.0,0.0,3.141592653589793,0
3636,0.007272,single,1.0,0.0,3.141592653589793,0
3637,0.007274,single,1.0,0.0,3.141592653589793,0
3638,0.0072759999999999995,single,1.0,0.0,3.141592653589793,0
3639,0.007278000000000001,single,1.0,0.0,3.141592653589793,0
3640,0.00728,single,1.0,0.0,3.141592653589793,1
3641,0.007282,single,1.0,0.0,3.141592653589793,0
3642,0.007284,single,1.0,0.0,3.141592653589793,1
3643,0.007286000000000001,single,1.0,0.0,3.141592653589793,0
3644,0.007288,single,1.0,0.0,3.141592653589793,0
3645,0.00729,single,1.0,0.0,3.141592653589793,0
3646,0.007292,single,1.0,0.0,3.141592653589793,0
3647,0.007294,single,1.0,0.0,3.141592653589793,0
3648,0.007296,single,1.0,0.0,3.141592653589793,0
3649,0.007298,single,1.0,0.0,3.141592653589793,0
3650,0.0073,single,1.0,0.0,3.141592653589793,0
3651,0.007302,single,1.0,0.0,3.141592653589793,0
3652,0.007304000000000001,single,1.0,0.0,3.141592653589793,1
3653,0.007306,single,1.0,0.0,3.141592653589793,0
3654,0.007308,single,1.0,0.0,3.141592653589793,0
3655,0.0073100000000000005,single,1.0,0.0,3.141592653589793,0
3656,0.007312,single,1.0,0.0,3.141592653589793,0
3657,0.007314,single,1.0,0.0,3.141592653589793,0
3658,0.007316,single,1.0,0.0,3.141592653589793,0
3659,0.007318000000000001,single,1.0,0.0,3.141592653589793,0
3660,0.00732,single,1.0,0.0,3.141592653589793,0
3661,0.007322,single,1.0,0.0,3.141592653589793,0
3662,0.007324,single,1.0,0.0,3.141592653589793,1
3663,0.007326000000000001,single,1.0,0.0,3.141592653589793,0
3664,0.007328,single,1.0,0.0,3.141592653589793,1
3665,0.00733,single,1.0,0.0,3.141592653589793,1
3666,0.007332,single,1.0,0.0,3.141592653589793,0
3667,0.007334,single,1.0,0.0,3.141592653589793,0
3668,0.0073360000000000005,single,1.0,0.0,3.141592653589793,0
3669,0.007338,single,1.0,0.0,3.141592653589793,1
3670,0.00734,single,1.0,0.0,3.141592653589793,0
3671,0.0073420000000000004,single,1.0,0.0,3.141592653589793,0
3672,0.007344000000000001,single,1.0,0.0,3.141592653589793,0
3673,0.007346,single,1.0,0.0,3.141592653589793,0
3674,0.0073479999999999995,single,1.0,0.0,3.141592653589793,1
3675,0.007350000000000001,single,1.0,0.0,3.141592653589793,1
3676,0.007352,single,1.0,0.0,3.141592653589793,0
3677,0.007354,single,1.0,0.0,3.141592653589793,0
3678,0.007356,single,1.0,0.0,3.141592653589793,0
3679,0.007358000000000001,single,1.0,0.0,3.141592653589793,0
3680,0.00736,single,1.0,0.0,3.141592653589793,1
3681,0.0073620000000000005,single,1.0,0.0,3.141592653589793,0
3682,0.007364,single,1.0,0.0,3.141592653589793,1
3683,0.007366,single,1.0,0.0,3.141592653589793,0
3684,0.007368,single,1.0,0.0,3.141592653589793,1
3685,0.00737,single,1.0,0.0,3.141592653589793,1
3686,0.007372,single,1.0,0.0,3.141592653589793,0
3687,0.007374,single,1.0,0.0,3.141592653589793,0
3688,0.007376000000000001,single,1.0,0.0,3.141592653589793,0
3689,0.007378,single,1.0,0.0,3.141592653589793,1
3690,0.00738,single,1.0,0.0,3.141592653589793,0
3691,0.0073820000000000005,single,1.0,0.0,3.141592653589793,0
3692,0.007384,single,1.0,0.0,3.141592653589793,0
3693,0.007386,single,1.0,0.0,3.141592653589793,0
3694,0.007388,single,1.0,0.0,3.141592653589793,0
3695,0.007390000000000001,single,1.0,0.0,3.141592653589793,0
3696,0.007392,single,1.0,0.0,3.141592653589793,1
3697,0.007394,single,1.0,0.0,3.141592653589793,0
3698,0.007396,single,1.0,0.0,3.141592653589793,0
3699,0.007398000000000001,single,1.0,0.0,3.141592653589793,0
3700,0.0074,single,1.0,0.0,3.141592653589793,0
3701,0.007402,single,1.0,0.0,3.141592653589793,0
3702,0.007404,single,1.0,0.0,3.141592653589793,0
3703,0.007406,single,1.0,0.0,3.141592653589793,0
3704,0.0074080000000000005,single,1.0,0.0,3.141592653589793,0
3705,0.00741,single,1.0,0.0,3.141592653589793,0
3706,0.007412,single,1.0,0.0,3.141592653589793,0
3707,0.0074140000000000005,single,1.0,0.0,3.141592653589793,0
3708,0.007416000000000001,single,1.0,0.0,3.141592653589793,0
3709,0.007418,single,1.0,0.0,3.141592653589793,0
3710,0.0074199999999999995,single,1.0,0.0,3.141592653589793,0
3711,0.007422000000000001,single,1.0,0.0,3.141592653589793,0
3712,0.007424,single,1.0,0.0,3.141592653589793,1
3713,0.007426,single,1.0,0.0,3.141592653589793,0
3714,0.007428,single,1.0,0.0,3.141592653589793,0
3715,0.00743,single,1.0,0.0,3.141592653589793,0
3716,0.007432,single,1.0,0.0,3.141592653589793,0
3717,0.0074340000000000005,single,1.0,0.0,3.141592653589793,0
3718,0.007436,single,1.0,0.0,3.141592653589793,1
3719,0.007437999999999999,single,1.0,0.0,3.141592653589793,0
3720,0.00744,single,1.0,0.0,3.141592653589793,0
3721,0.007442,single,1.0,0.0,3.141592653589793,0
3722,0.007444,single,1.0,0.0,3.141592653589793,0
3723,0.0074459999999999995,single,1.0,0.0,3.141592653589793,0
3724,0.007448000000000001,single,1.0,0.0,3.141592653589793,1
3725,0.00745,single,1.0,0.0,3.141592653589793,1
3726,0.007452,single,1.0,0.0,3.141592653589793,0
3727,0.007454,single,1.0,0.0,3.141592653589793,0
3728,0.007456000000000001,single,1.0,0.0,3.141592653589793,0
3729,0.007458,single,1.0,0.0,3.141592653589793,0
3730,0.00746,single,1.0,0.0,3.141592653589793,0
3731,0.007462,single,1.0,0.0,3.141592653589793,1
3732,0.007464,single,1.0,0.0,3.141592653589793,1
3733,0.007466,single,1.0,0.0,3.141592653589793,0
3734,0.007468,single,1.0,0.0,3.141592653589793,0
3735,0.00747,single,1.0,0.0,3.141592653589793,0
3736,0.007472,single,1.0,0.0,3.141592653589793,0
3737,0.007474000000000001,single,1.0,0.0,3.141592653589793,0
3738,0.007476,single,1.0,0.0,3.141592653589793,0
3739,0.007477999999999999,single,1.0,0.0,3.141592653589793,0
3740,0.0074800000000000005,single,1.0,0.0,3.141592653589793,0
3741,0.007482,single,1.0,0.0,3.141592653589793,0
3742,0.007484,single,1.0,0.0,3.141592653589793,0
3743,0.007486,single,1.0,0.0,3.141592653589793,1
3744,0.007488000000000001,single,1.0,0.0,3.141592653589793,1
3745,0.00749,single,1.0,0.0,3.141592653589793,0
3746,0.007492,single,1.0,0.0,3.141592653589793,0
3747,0.007494,single,1.0,0.0,3.141592653589793,0
3748,0.007496,single,1.0,0.0,3.141592653589793,0
3749,0.007498,single,1.0,0.0,3.141592653589793,0
3750,0.0075,single,1.0,0.0,3.141592653589793,1
3751,0.007502,single,1.0,0.0,3.141592653589793,0
3752,0.007504,single,1.0,0.0,3.141592653589793,0
3753,0.0075060000000000005,single,1.0,0.0,3.141592653589793,0
3754,0.007508,single,1.0,0.0,3.141592653589793,1
3755,0.00751,single,1.0,0.0,3.141592653589793,0
3756,0.0075120000000000004,single,1.0,0.0,3.141592653589793,0
3757,0.007514,single,1.0,0.0,3.141592653589793,1
3758,0.007516,single,1.0,0.0,3.141592653589793,0
3759,0.0075179999999999995,single,1.0,0.0,3.141592653589793,1
3760,0.007520000000000001,single,1.0,0.0,3.141592653589793,1
3761,0.007522,single,1.0,0.0,3.141592653589793,0
3762,0.007524,single,1.0,0.0,3.141592653589793,0
3763,0.007526,single,1.0,0.0,3.141592653589793,0
3764,0.007528000000000001,single,1.0,0.0,3.141592653589793,1
3765,0.00753,single,1.0,0.0,3.141592653589793,0
3766,0.007532,single,1.0,0.0,3.141592653589793,0
3767,0.007534,single,1.0,0.0,3.141592653589793,0
3768,0.007536,single,1.0,0.0,3.141592653589793,0
3769,0.007538,single,1.0,0.0,3.141592653589793,0
3770,0.00754,single,1.0,0.0,3.141592653589793,1
3771,0.007542,single,1.0,0.0,3.141592653589793,0
3772,0.007544,single,1.0,0.0,3.141592653589793,0
3773,0.007546000000000001,single,1.0,0.0,3.141592653589793,0
3774,0.007548,single,1.0,0.0,3.141592653589793,0
3775,0.007549999999999999,single,1.0,0.0,3.141592653589793,0
3776,0.0075520000000000006,single,1.0,0.0,3.141592653589793,0
3777,0.007554,single,1.0,0.0,3.141592653589793,0
3778,0.007556,single,1.0,0.0,3.141592653589793,1
3779,0.007558,single,1.0,0.0,3.141592653589793,0
3780,0.007560000000000001,single,1.0,0.0,3.141592653589793,0
3781,0.007562,single,1.0,0.0,3.141592653589793,0
3782,0.007564,single,1.0,0.0,3.141592653589793,0
3783,0.007566,single,1.0,0.0,3.141592653589793,0
3784,0.007568,single,1.0,0.0,3.141592653589793,0
3785,0.00757,single,1.0,0.0,3.141592653589793,1
3786,0.007572,single,1.0,0.0,3.141592653589793,0
3787,0.007574,single,1.0,0.0,3.141592653589793,1
3788,0.007576,single,1.0,0.0,3.141592653589793,1
3789,0.0075780000000000005,single,1.0,0.0,3.141592653589793,0
3790,0.00758,single,1.0,0.0,3.141592653589793,1
3791,0.007582,single,1.0,0.0,3.141592653589793,0
3792,0.0075840000000000005,single,1.0,0.0,3.141592653589793,0
3793,0.007586000000000001,single,1.0,0.0,3.141592653589793,0
3794,0.007588,single,1.0,0.0,3.141592653589793,0
3795,0.0075899999999999995,single,1.0,0.0,3.141592653589793,0
3796,0.007592000000000001,single,1.0,0.0,3.141592653589793,0
3797,0.007594,single,1.0,0.0,3.141592653589793,0
3798,0.007596,single,1.0,0.0,3.141592653589793,0
3799,0.007598,single,1.0,0.0,3.141592653589793,0
3800,0.007600000000000001,single,1.0,0.0,3.141592653589793,1
3801,0.007602,single,1.0,0.0,3.141592653589793,0
3802,0.0076040000000000005,single,1.0,0.0,3.141592653589793,0
3803,0.007606,single,1.0,0.0,3.141592653589793,0
3804,0.007608,single,1.0,0.0,3.141592653589793,0
3805,0.0076100000000000004,single,1.0,0.0,3.141592653589793,0
3806,0.007612,single,1.0,0.0,3.141592653589793,0
3807,0.007614,single,1.0,0.0,3.141592653589793,0
3808,0.007616,single,1.0,0.0,3.141592653589793,0
3809,0.007618000000000001,single,1.0,0.0,3.141592653589793,0
3810,0.00762,single,1.0,0.0,3.141592653589793,0
3811,0.007622,single,1.0,0.0,3.141592653589793,0
3812,0.007624000000000001,single,1.0,0.0,3.141592653589793,0
3813,0.007626,single,1.0,0.0,3.141592653589793,0
3814,0.007628,single,1.0,0.0,3.141592653589793,0
3815,0.00763,single,1.0,0.0,3.141592653589793,0
3816,0.007632000000000001,single,1.0,0.0,3.141592653589793,0
3817,0.007634,single,1.0,0.0,3.141592653589793,1
3818,0.007636,single,1.0,0.0,3.141592653589793,1
3819,0.007638,single,1.0,0.0,3.141592653589793,0
3820,0.007640000000000001,single,1.0,0.0,3.141592653589793,0
3821,0.007642,single,1.0,0.0,3.141592653589793,0
3822,0.007644,single,1.0,0.0,3.141592653589793,0
3823,0.007646,single,1.0,0.0,3.141592653589793,0
3824,0.007648,single,1.0,0.0,3.141592653589793,1
3825,0.0076500000000000005,single,1.0,0.0,3.141592653589793,0
3826,0.007652,single,1.0,0.0,3.141592653589793,0
3827,0.007654,single,1.0,0.0,3.141592653589793,0
3828,0.0076560000000000005,single,1.0,0.0,3.141592653589793,0
3829,0.007658000000000001,single,1.0,0.0,3.141592653589793,0
3830,0.00766,single,1.0,0.0,3.141592653589793,0
3831,0.0076619999999999995,single,1.0,0.0,3.141592653589793,0
3832,0.007664000000000001,single,1.0,0.0,3.141592653589793,0
3833,0.007666,single,1.0,0.0,3.141592653589793,0
3834,0.007668,single,1.0,0.0,3.141592653589793,0
3835,0.00767,single,1.0,0.0,3.141592653589793,1
3836,0.007672000000000001,single,1.0,0.0,3.141592653589793,0
3837,0.007674,single,1.0,0.0,3.141592653589793,0
3838,0.0076760000000000005,single,1.0,0.0,3.141592653589793,0
3839,0.007678,single,1.0,0.0,3.141592653589793,0
3840,0.007679999999999999,single,1.0,0.0,3.141592653589793,0
3841,0.0076820000000000005,single,1.0,0.0,3.141592653589793,0
3842,0.007684,single,1.0,0.0,3.141592653589793,1
3843,0.007686,single,1.0,0.0,3.141592653589793,1
3844,0.0076879999999999995,single,1.0,0.0,3.141592653589793,0
3845,0.007690000000000001,single,1.0,0.0,3.141592653589793,0
3846,0.007692,single,1.0,0.0,3.141592653589793,0
3847,0.007694,single,1.0,0.0,3.141592653589793,0
3848,0.007696,single,1.0,0.0,3.141592653589793,0
3849,0.007698,single,1.0,0.0,3.141592653589793,0
3850,0.0077,single,1.0,0.0,3.141592653589793,0
3851,0.007702,single,1.0,0.0,3.141592653589793,0
3852,0.007704,single,1.0,0.0,3.141592653589793,0
3853,0.007706,single,1.0,0.0,3.141592653589793,0
3854,0.0077080000000000004,single,1.0,0.0,3.141592653589793,0
3855,0.00771,single,1.0,0.0,3.141592653589793,0
3856,0.007712,single,1.0,0.0,3.141592653589793,0
3857,0.007714,single,1.0,0.0,3.141592653589793,0
3858,0.007716,single,1.0,0.0,3.141592653589793,0
3859,0.007718,single,1.0,0.0,3.141592653589793,0
3860,0.007719999999999999,single,1.0,0.0,3.141592653589793,0
3861,0.0077220000000000006,single,1.0,0.0,3.141592653589793,0
3862,0.007724,single,1.0,0.0,3.141592653589793,1
3863,0.007726,single,1.0,0.0,3.141592653589793,0
3864,0.007728,single,1.0,0.0,3.141592653589793,0
3865,0.007730000000000001,single,1.0,0.0,3.141592653589793,0
3866,0.007732,single,1.0,0.0,3.141592653589793,1
3867,0.0077339999999999996,single,1.0,0.0,3.141592653589793,0
3868,0.007736,single,1.0,0.0,3.141592653589793,0
3869,0.007738,single,1.0,0.0,3.141592653589793,0
3870,0.00774,single,1.0,0.0,3.141592653589793,0
3871,0.007742,single,1.0,0.0,3.141592653589793,0
3872,0.007744,single,1.0,0.0,3.141592653589793,0
3873,0.007746,single,1.0,0.0,3.141592653589793,1
3874,0.0077480000000000005,single,1.0,0.0,3.141592653589793,0
3875,0.00775,single,1.0,0.0,3.141592653589793,1
3876,0.007752,single,1.0,0.0,3.141592653589793,0
3877,0.0077540000000000005,single,1.0,0.0,3.141592653589793,0
3878,0.007756,single,1.0,0.0,3.141592653589793,0
3879,0.007758,single,1.0,0.0,3.141592653589793,0
3880,0.0077599999999999995,single,1.0,0.0,3.141592653589793,0
3881,0.007762000000000001,single,1.0,0.0,3.141592653589793,0
3882,0.007764,single,1.0,0.0,3.141592653589793,0
3883,0.007766,single,1.0,0.0,3.141592653589793,0
3884,0.007768,single,1.0,0.0,3.141592653589793,0
3885,0.007770000000000001,single,1.0,0.0,3.141592653589793,0
3886,0.007772,single,1.0,0.0,3.141592653589793,0
3887,0.007774,single,1.0,0.0,3.141592653589793,1
3888,0.007776,single,1.0,0.0,3.141592653589793,1
3889,0.007778,single,1.0,0.0,3.141592653589793,0
3890,0.0077800000000000005,single,1.0,0.0,3.141592653589793,1
3891,0.007782,single,1.0,0.0,3.141592653589793,0
3892,0.007784,single,1.0,0.0,3.141592653589793,0
3893,0.007786,single,1.0,0.0,3.141592653589793,0
3894,0.007788000000000001,single,1.0,0.0,3.141592653589793,1
3895,0.00779,single,1.0,0.0,3.141592653589793,1
3896,0.0077919999999999994,single,1.0,0.0,3.141592653589793,0
3897,0.007794000000000001,single,1.0,0.0,3.141592653589793,1
3898,0.007796,single,1.0,0.0,3.141592653589793,0
3899,0.007798,single,1.0,0.0,3.141592653589793,1
3900,0.0078,single,1.0,0.0,3.9269908169872414,0
3901,0.007802000000000001,single,1.0,0.0,3.9269908169872414,1
3902,0.007804,single,1.0,0.0,3.9269908169872414,0
3903,0.0078060000000000004,single,1.0,0.0,3.9269908169872414,1
3904,0.007808,single,1.0,0.0,3.9269908169872414,1
3905,0.00781,single,1.0,0.0,3.9269908169872414,0
3906,0.007812,single,1.0,0.0,3.9269908169872414,1
3907,0.007814,single,1.0,0.0,3.9269908169872414,1
3908,0.007816,single,1.0,0.0,3.9269908169872414,0
3909,0.007818,single,1.0,0.0,3.9269908169872414,0
3910,0.00782,single,1.0,0.0,3.9269908169872414,0
3911,0.007822,single,1.0,0.0,3.9269908169872414,1
3912,0.007824,single,1.0,0.0,3.9269908169872414,1
3913,0.007826000000000001,single,1.0,0.0,3.9269908169872414,0
3914,0.007828,single,1.0,0.0,3.9269908169872414,0
3915,0.00783,single,1.0,0.0,3.9269908169872414,0
3916,0.007832,single,1.0,0.0,3.9269908169872414,0
3917,0.007834,single,1.0,0.0,3.9269908169872414,0
3918,0.007836000000000001,single,1.0,0.0,3.9269908169872414,1
3919,0.007838,single,1.0,0.0,3.9269908169872414,0
3920,0.00784,single,1.0,0.0,3.9269908169872414,0
3921,0.007842,single,1.0,0.0,3.9269908169872414,0
3922,0.007844,single,1.0,0.0,3.9269908169872414,0
3923,0.007846,single,1.0,0.0,3.9269908169872414,0
3924,0.007847999999999999,single,1.0,0.0,3.9269908169872414,0
3925,0.007850000000000001,single,1.0,0.0,3.9269908169872414,1
3926,0.007852,single,1.0,0.0,3.9269908169872414,0
3927,0.007854,single,1.0,0.0,3.9269908169872414,0
3928,0.007856,single,1.0,0.0,3.9269908169872414,0
3929,0.007858,single,1.0,0.0,3.9269908169872414,1
3930,0.00786,single,1.0,0.0,3.9269908169872414,0
3931,0.007862000000000001,single,1.0,0.0,3.9269908169872414,0
3932,0.007864,single,1.0,0.0,3.9269908169872414,0
3933,0.007866,single,1.0,0.0,3.9269908169872414,0
3934,0.007868,single,1.0,0.0,3.9269908169872414,0
3935,0.00787,single,1.0,0.0,3.9269908169872414,0
3936,0.007872,single,1.0,0.0,3.9269908169872414,0
3937,0.007874,single,1.0,0.0,3.9269908169872414,0
3938,0.007876000000000001,single,1.0,0.0,3.9269908169872414,0
3939,0.007878,single,1.0,0.0,3.9269908169872414,0
3940,0.00788,single,1.0,0.0,3.9269908169872414,0
3941,0.007882,single,1.0,0.0,3.9269908169872414,0
3942,0.007884,single,1.0,0.0,3.9269908169872414,0
3943,0.007886,single,1.0,0.0,3.9269908169872414,1
3944,0.007888,single,1.0,0.0,3.9269908169872414,0
3945,0.007890000000000001,single,1.0,0.0,3.9269908169872414,1
3946,0.007892,single,1.0,0.0,3.9269908169872414,0
3947,0.007894,single,1.0,0.0,3.9269908169872414,1
3948,0.007896,single,1.0,0.0,3.9269908169872414,0
3949,0.007898,single,1.0,0.0,3.9269908169872414,1
3950,0.0079,single,1.0,0.0,3.9269908169872414,0
3951,0.007902,single,1.0,0.0,3.9269908169872414,0
3952,0.007904,single,1.0,0.0,3.9269908169872414,0
3953,0.007906,single,1.0,0.0,3.9269908169872414,0
3954,0.007908,single,1.0,0.0,3.9269908169872414,0
3955,0.00791,single,1.0,0.0,3.9269908169872414,0
3956,0.007912,single,1.0,0.0,3.9269908169872414,0
3957,0.007914000000000001,single,1.0,0.0,3.9269908169872414,0
3958,0.007916000000000001,single,1.0,0.0,3.9269908169872414,0
3959,0.007918,single,1.0,0.0,3.9269908169872414,0
3960,0.00792,single,1.0,0.0,3.9269908169872414,0
3961,0.007922,single,1.0,0.0,3.9269908169872414,1
3962,0.007924,single,1.0,0.0,3.9269908169872414,0
3963,0.007926,single,1.0,0.0,3.9269908169872414,0
3964,0.007928,single,1.0,0.0,3.9269908169872414,0
3965,0.007930000000000001,single,1.0,0.0,3.9269908169872414,0
3966,0.007932,single,1.0,0.0,3.9269908169872414,0
3967,0.007934,single,1.0,0.0,3.9269908169872414,0
3968,0.007936,single,1.0,0.0,3.9269908169872414,0
3969,0.007937999999999999,single,1.0,0.0,3.9269908169872414,0
3970,0.007940000000000001,single,1.0,0.0,3.9269908169872414,0
3971,0.007942,single,1.0,0.0,3.9269908169872414,0
3972,0.007944,single,1.0,0.0,3.9269908169872414,0
3973,0.007946,single,1.0,0.0,3.9269908169872414,0
3974,0.007948,single,1.0,0.0,3.9269908169872414,0
3975,0.00795,single,1.0,0.0,3.9269908169872414,1
3976,0.007952,single,1.0,0.0,3.9269908169872414,0
3977,0.007954,single,1.0,0.0,3.9269908169872414,0
3978,0.007956000000000001,single,1.0,0.0,3.9269908169872414,0
3979,0.007958,single,1.0,0.0,3.9269908169872414,0
3980,0.00796,single,1.0,0.0,3.9269908169872414,1
3981,0.007962,single,1.0,0.0,3.9269908169872414,1
3982,0.007964,single,1.0,0.0,3.9269908169872414,0
3983,0.007966,single,1.0,0.0,3.9269908169872414,1
3984,0.007968,single,1.0,0.0,3.9269908169872414,0
3985,0.00797,single,1.0,0.0,3.9269908169872414,0
3986,0.007972,single,1.0,0.0,3.9269908169872414,0
3987,0.007974,single,1.0,0.0,3.9269908169872414,0
3988,0.007976,single,1.0,0.0,3.9269908169872414,0
3989,0.007977999999999999,single,1.0,0.0,3.9269908169872414,0
3990,0.007980000000000001,single,1.0,0.0,3.9269908169872414,0
3991,0.007982,single,1.0,0.0,3.9269908169872414,0
3992,0.007984,single,1.0,0.0,3.9269908169872414,0
3993,0.007986,single,1.0,0.0,3.9269908169872414,0
3994,0.007988,single,1.0,0.0,3.9269908169872414,0
3995,0.00799,single,1.0,0.0,3.9269908169872414,1
3996,0.007992,single,1.0,0.0,3.9269908169872414,0
3997,0.007994,single,1.0,0.0,3.9269908169872414,0
3998,0.007996,single,1.0,0.0,3.9269908169872414,0
3999,0.007998,single,1.0,0.0,3.9269908169872414,0
4000,0.008,single,1.0,0.0,3.9269908169872414,0
4001,0.008002,single,1.0,0.0,3.9269908169872414,0
4002,0.008003999999999999,single,1.0,0.0,3.9269908169872414,0
4003,0.008006000000000001,single,1.0,0.0,3.9269908169872414,0
4004,0.008008000000000001,single,1.0,0.0,3.9269908169872414,1
4005,0.00801,single,1.0,0.0,3.9269908169872414,1
4006,0.008012,single,1.0,0.0,3.9269908169872414,0
4007,0.008013999999999999,single,1.0,0.0,3.9269908169872414,0
4008,0.008016,single,1.0,0.0,3.9269908169872414,1
4009,0.008018,single,1.0,0.0,3.9269908169872414,1
4010,0.00802,single,1.0,0.0,3.9269908169872414,0
4011,0.008022,single,1.0,0.0,3.9269908169872414,0
4012,0.008024000000000002,single,1.0,0.0,3.9269908169872414,0
4013,0.008026,single,1.0,0.0,3.9269908169872414,0
4014,0.008028,single,1.0,0.0,3.9269908169872414,0
4015,0.008029999999999999,single,1.0,0.0,3.9269908169872414,1
4016,0.008032,single,1.0,0.0,3.9269908169872414,1
4017,0.008034000000000001,single,1.0,0.0,3.9269908169872414,0
4018,0.008036,single,1.0,0.0,3.9269908169872414,1
4019,0.008038,single,1.0,0.0,3.9269908169872414,0
4020,0.00804,single,1.0,0.0,3.9269908169872414,0
4021,0.008042,single,1.0,0.0,3.9269908169872414,0
4022,0.008044,single,1.0,0.0,3.9269908169872414,0
4023,0.008046,single,1.0,0.0,3.9269908169872414,0
4024,0.008048,single,1.0,0.0,3.9269908169872414,0
4025,0.00805,single,1.0,0.0,3.9269908169872414,1
4026,0.008052,single,1.0,0.0,3.9269908169872414,0
4027,0.008054,single,1.0,0.0,3.9269908169872414,1
4028,0.008056,single,1.0,0.0,3.9269908169872414,0
4029,0.008058,single,1.0,0.0,3.9269908169872414,0
4030,0.008060000000000001,single,1.0,0.0,3.9269908169872414,0
4031,0.008062,single,1.0,0.0,3.9269908169872414,0
4032,0.008064,single,1.0,0.0,3.9269908169872414,1
4033,0.008066,single,1.0,0.0,3.9269908169872414,0
4034,0.008067999999999999,single,1.0,0.0,3.9269908169872414,1
4035,0.00807,single,1.0,0.0,3.9269908169872414,1
4036,0.008072000000000001,single,1.0,0.0,3.9269908169872414,0
4037,0.008074,single,1.0,0.0,3.9269908169872414,0
4038,0.008076,single,1.0,0.0,3.9269908169872414,0
4039,0.008078,single,1.0,0.0,3.9269908169872414,0
4040,0.00808,single,1.0,0.0,3.9269908169872414,0
4041,0.008082,single,1.0,0.0,3.9269908169872414,0
4042,0.008084,single,1.0,0.0,3.9269908169872414,0
4043,0.008086,single,1.0,0.0,3.9269908169872414,0
4044,0.008088000000000001,single,1.0,0.0,3.9269908169872414,0
4045,0.00809,single,1.0,0.0,3.9269908169872414,1
4046,0.008092,single,1.0,0.0,3.9269908169872414,0
4047,0.008093999999999999,single,1.0,0.0,3.9269908169872414,1
4048,0.008096,single,1.0,0.0,3.9269908169872414,0
4049,0.008098000000000001,single,1.0,0.0,3.9269908169872414,0
4050,0.0081,single,1.0,0.0,3.9269908169872414,1
4051,0.008102,single,1.0,0.0,3.9269908169872414,0
4052,0.008104000000000002,single,1.0,0.0,3.9269908169872414,0
4053,0.008106,single,1.0,0.0,3.9269908169872414,0
4054,0.008108,single,1.0,0.0,3.9269908169872414,0
4055,0.00811,single,1.0,0.0,3.9269908169872414,0
4056,0.008112,single,1.0,0.0,3.9269908169872414,1
4057,0.008114000000000001,single,1.0,0.0,3.9269908169872414,1
4058,0.008116,single,1.0,0.0,3.9269908169872414,0
4059,0.008118,single,1.0,0.0,3.9269908169872414,0
4060,0.00812,single,1.0,0.0,3.9269908169872414,0
4061,0.008122,single,1.0,0.0,3.9269908169872414,1
4062,0.008124000000000001,single,1.0,0.0,3.9269908169872414,0
4063,0.008126,single,1.0,0.0,3.9269908169872414,0
4064,0.008128,single,1.0,0.0,3.9269908169872414,1
4065,0.00813,single,1.0,0.0,3.9269908169872414,0
4066,0.008132,single,1.0,0.0,3.9269908169872414,0
4067,0.008134,single,1.0,0.0,3.9269908169872414,1
4068,0.008136000000000001,single,1.0,0.0,3.9269908169872414,0
4069,0.008138,single,1.0,0.0,3.9269908169872414,0
4070,0.008140000000000001,single,1.0,0.0,3.9269908169872414,0
4071,0.008142,single,1.0,0.0,3.9269908169872414,0
4072,0.008144,single,1.0,0.0,3.9269908169872414,0
4073,0.008146,single,1.0,0.0,3.9269908169872414,0
4074,0.008147999999999999,single,1.0,0.0,3.9269908169872414,1
4075,0.008150000000000001,single,1.0,0.0,3.9269908169872414,0
4076,0.008152000000000001,single,1.0,0.0,3.9269908169872414,0
4077,0.008154,single,1.0,0.0,3.9269908169872414,0
4078,0.008156,single,1.0,0.0,3.9269908169872414,1
4079,0.008158,single,1.0,0.0,3.9269908169872414,0
4080,0.00816,single,1.0,0.0,3.9269908169872414,0
4081,0.008162,single,1.0,0.0,3.9269908169872414,0
4082,0.008164,single,1.0,0.0,3.9269908169872414,1
4083,0.008166,single,1.0,0.0,3.9269908169872414,0
4084,0.008168000000000002,single,1.0,0.0,3.9269908169872414,0
4085,0.00817,single,1.0,0.0,3.9269908169872414,0
4086,0.008172,single,1.0,0.0,3.9269908169872414,0
4087,0.008173999999999999,single,1.0,0.0,3.9269908169872414,0
4088,0.008176000000000001,single,1.0,0.0,3.9269908169872414,0
4089,0.008178000000000001,single,1.0,0.0,3.9269908169872414,0
4090,0.00818,single,1.0,0.0,3.9269908169872414,0
4091,0.008182,single,1.0,0.0,3.9269908169872414,0
4092,0.008184,single,1.0,0.0,3.9269908169872414,0
4093,0.008186,single,1.0,0.0,3.9269908169872414,0
4094,0.008188,single,1.0,0.0,3.9269908169872414,1
4095,0.00819,single,1.0,0.0,3.9269908169872414,0
4096,0.008192,single,1.0,0.0,3.9269908169872414,1
4097,0.008194000000000002,single,1.0,0.0,3.9269908169872414,1
4098,0.008196,single,1.0,0.0,3.9269908169872414,0
4099,0.008198,single,1.0,0.0,3.9269908169872414,0
4100,0.008199999999999999,single,1.0,0.0,3.9269908169872414,0
4101,0.008202,single,1.0,0.0,3.9269908169872414,1
4102,0.008204000000000001,single,1.0,0.0,3.9269908169872414,0
4103,0.008206,single,1.0,0.0,3.9269908169872414,0
4104,0.008208,single,1.0,0.0,3.9269908169872414,0
4105,0.00821,single,1.0,0.0,3.9269908169872414,0
4106,0.008212,single,1.0,0.0,3.9269908169872414,0
4107,0.008214,single,1.0,0.0,3.9269908169872414,0
4108,0.008216,single,1.0,0.0,3.9269908169872414,0
4109,0.008218,single,1.0,0.0,3.9269908169872414,0
4110,0.00822,single,1.0,0.0,3.9269908169872414,0
4111,0.008222,single,1.0,0.0,3.9269908169872414,1
4112,0.008224,single,1.0,0.0,3.9269908169872414,0
4113,0.008226,single,1.0,0.0,3.9269908169872414,0
4114,0.008228,single,1.0,0.0,3.9269908169872414,1
4115,0.008230000000000001,single,1.0,0.0,3.9269908169872414,0
4116,0.008232,single,1.0,0.0,3.9269908169872414,0
4117,0.008234,single,1.0,0.0,3.9269908169872414,1
4118,0.008236,single,1.0,0.0,3.9269908169872414,0
4119,0.008237999999999999,single,1.0,0.0,3.9269908169872414,0
4120,0.00824,single,1.0,0.0,3.9269908169872414,0
4121,0.008242000000000001,single,1.0,0.0,3.9269908169872414,0
4122,0.008244,single,1.0,0.0,3.9269908169872414,0
4123,0.008246,single,1.0,0.0,3.9269908169872414,0
4124,0.008248,single,1.0,0.0,3.9269908169872414,0
4125,0.00825,single,1.0,0.0,3.9269908169872414,0
4126,0.008252,single,1.0,0.0,3.9269908169872414,0
4127,0.008254,single,1.0,0.0,3.9269908169872414,0
4128,0.008256,single,1.0,0.0,3.9269908169872414,1
4129,0.008258000000000001,single,1.0,0.0,3.9269908169872414,0
4130,0.00826,single,1.0,0.0,3.9269908169872414,0
4131,0.008262,single,1.0,0.0,3.9269908169872414,1
4132,0.008263999999999999,single,1.0,0.0,3.9269908169872414,0
4133,0.008266,single,1.0,0.0,3.9269908169872414,1
4134,0.008268000000000001,single,1.0,0.0,3.9269908169872414,0
4135,0.00827,single,1.0,0.0,3.9269908169872414,0
4136,0.008272,single,1.0,0.0,3.9269908169872414,0
4137,0.008274,single,1.0,0.0,3.9269908169872414,0
4138,0.008276,single,1.0,0.0,3.9269908169872414,1
4139,0.008278,single,1.0,0.0,3.9269908169872414,1
4140,0.00828,single,1.0,0.0,3.9269908169872414,0
4141,0.008282,single,1.0,0.0,3.9269908169872414,0
4142,0.008284000000000001,single,1.0,0.0,3.9269908169872414,0
4143,0.008286,single,1.0,0.0,3.9269908169872414,1
4144,0.008288,single,1.0,0.0,3.9269908169872414,0
4145,0.00829,single,1.0,0.0,3.9269908169872414,0
4146,0.008291999999999999,single,1.0,0.0,3.9269908169872414,0
4147,0.008294000000000001,single,1.0,0.0,3.9269908169872414,1
4148,0.008296,single,1.0,0.0,3.9269908169872414,0
4149,0.008298,single,1.0,0.0,3.9269908169872414,0
4150,0.0083,single,1.0,0.0,3.9269908169872414,1
4151,0.008302,single,1.0,0.0,3.9269908169872414,0
4152,0.008304,single,1.0,0.0,3.9269908169872414,0
4153,0.008306000000000001,single,1.0,0.0,3.9269908169872414,0
4154,0.008308,single,1.0,0.0,3.9269908169872414,0
4155,0.00831,single,1.0,0.0,3.9269908169872414,0
4156,0.008312,single,1.0,0.0,3.9269908169872414,1
4157,0.008314,single,1.0,0.0,3.9269908169872414,1
4158,0.008316,single,1.0,0.0,3.9269908169872414,0
4159,0.008317999999999999,single,1.0,0.0,3.9269908169872414,0
4160,0.008320000000000001,single,1.0,0.0,3.9269908169872414,1
4161,0.008322000000000001,single,1.0,0.0,3.9269908169872414,1
4162,0.008324,single,1.0,0.0,3.9269908169872414,0
4163,0.008326,single,1.0,0.0,3.9269908169872414,0
4164,0.008327999999999999,single,1.0,0.0,3.9269908169872414,0
4165,0.00833,single,1.0,0.0,3.9269908169872414,1
4166,0.008332,single,1.0,0.0,3.9269908169872414,1
4167,0.008334,single,1.0,0.0,3.9269908169872414,0
4168,0.008336,single,1.0,0.0,3.9269908169872414,0
4169,0.008338000000000002,single,1.0,0.0,3.9269908169872414,1
4170,0.00834,single,1.0,0.0,3.9269908169872414,0
4171,0.008342,single,1.0,0.0,3.9269908169872414,0
4172,0.008343999999999999,single,1.0,0.0,3.9269908169872414,0
4173,0.008346,single,1.0,0.0,3.9269908169872414,0
4174,0.008348000000000001,single,1.0,0.0,3.9269908169872414,1
4175,0.00835,single,1.0,0.0,3.9269908169872414,1
4176,0.008352,single,1.0,0.0,3.9269908169872414,0
4177,0.008354,single,1.0,0.0,3.9269908169872414,0
4178,0.008356,single,1.0,0.0,3.9269908169872414,0
4179,0.008358,single,1.0,0.0,3.9269908169872414,0
4180,0.00836,single,1.0,0.0,3.9269908169872414,1
4181,0.008362,single,1.0,0.0,3.9269908169872414,0
4182,0.008364,single,1.0,0.0,3.9269908169872414,0
4183,0.008366,single,1.0,0.0,3.9269908169872414,1
4184,0.008368,single,1.0,0.0,3.9269908169872414,0
4185,0.00837,single,1.0,0.0,3.9269908169872414,1
4186,0.008372,single,1.0,0.0,3.9269908169872414,0
4187,0.008374000000000001,single,1.0,0.0,3.9269908169872414,0
4188,0.008376,single,1.0,0.0,3.9269908169872414,1
4189,0.008378,single,1.0,0.0,3.9269908169872414,0
4190,0.00838,single,1.0,0.0,3.9269908169872414,1
4191,0.008381999999999999,single,1.0,0.0,3.9269908169872414,1
4192,0.008384,single,1.0,0.0,3.9269908169872414,0
4193,0.008386000000000001,single,1.0,0.0,3.9269908169872414,0
4194,0.008388,single,1.0,0.0,3.9269908169872414,1
4195,0.00839,single,1.0,0.0,3.9269908169872414,0
4196,0.008392,single,1.0,0.0,3.9269908169872414,0
4197,0.008394,single,1.0,0.0,3.9269908169872414,0
4198,0.008396,single,1.0,0.0,3.9269908169872414,0
4199,0.008398,single,1.0,0.0,3.9269908169872414,0
4200,0.008400000000000001,single,1.0,0.0,4.71238898038469,1
4201,0.008402000000000001,single,1.0,0.0,4.71238898038469,1
4202,0.008404,single,1.0,0.0,4.71238898038469,1
4203,0.008406,single,1.0,0.0,4.71238898038469,1
4204,0.008407999999999999,single,1.0,0.0,4.71238898038469,1
4205,0.00841,single,1.0,0.0,4.71238898038469,0
4206,0.008412000000000001,single,1.0,0.0,4.71238898038469,0
4207,0.008414,single,1.0,0.0,4.71238898038469,1
4208,0.008416,single,1.0,0.0,4.71238898038469,1
4209,0.008418000000000002,single,1.0,0.0,4.71238898038469,0
4210,0.00842,single,1.0,0.0,4.71238898038469,0
4211,0.008422,single,1.0,0.0,4.71238898038469,1
4212,0.008424,single,1.0,0.0,4.71238898038469,1
4213,0.008426,single,1.0,0.0,4.71238898038469,1
4214,0.008428000000000001,single,1.0,0.0,4.71238898038469,1
4215,0.00843,single,1.0,0.0,4.71238898038469,1
4216,0.008432,single,1.0,0.0,4.71238898038469,1
4217,0.008434,single,1.0,0.0,4.71238898038469,1
4218,0.008436,single,1.0,0.0,4.71238898038469,1
4219,0.008438000000000001,single,1.0,0.0,4.71238898038469,1
4220,0.00844,single,1.0,0.0,4.71238898038469,0
4221,0.008442,single,1.0,0.0,4.71238898038469,0
4222,0.008444,single,1.0,0.0,4.71238898038469,1
4223,0.008446,single,1.0,0.0,4.71238898038469,1
4224,0.008448,single,1.0,0.0,4.71238898038469,1
4225,0.00845,single,1.0,0.0,4.71238898038469,0
4226,0.008452,single,1.0,0.0,4.71238898038469,1
4227,0.008454000000000001,single,1.0,0.0,4.71238898038469,0
4228,0.008456,single,1.0,0.0,4.71238898038469,0
4229,0.008458,single,1.0,0.0,4.71238898038469,1
4230,0.00846,single,1.0,0.0,4.71238898038469,0
4231,0.008461999999999999,single,1.0,0.0,4.71238898038469,1
4232,0.008464000000000001,single,1.0,0.0,4.71238898038469,1
4233,0.008466,single,1.0,0.0,4.71238898038469,1
4234,0.008468,single,1.0,0.0,4.71238898038469,1
4235,0.00847,single,1.0,0.0,4.71238898038469,0
4236,0.008472,single,1.0,0.0,4.71238898038469,1
4237,0.008474,single,1.0,0.0,4.71238898038469,0
4238,0.008476000000000001,single,1.0,0.0,4.71238898038469,1
4239,0.008478,single,1.0,0.0,4.71238898038469,0
4240,0.00848,single,1.0,0.0,4.71238898038469,1
4241,0.008482,single,1.0,0.0,4.71238898038469,1
4242,0.008484,single,1.0,0.0,4.71238898038469,1
4243,0.008486,single,1.0,0.0,4.71238898038469,1
4244,0.008487999999999999,single,1.0,0.0,4.71238898038469,1
4245,0.008490000000000001,single,1.0,0.0,4.71238898038469,0
4246,0.008492000000000001,single,1.0,0.0,4.71238898038469,1
4247,0.008494,single,1.0,0.0,4.71238898038469,0
4248,0.008496,single,1.0,0.0,4.71238898038469,1
4249,0.008497999999999999,single,1.0,0.0,4.71238898038469,0
4250,0.0085,single,1.0,0.0,4.71238898038469,0
4251,0.008502000000000001,single,1.0,0.0,4.71238898038469,1
4252,0.008504,single,1.0,0.0,4.71238898038469,1
4253,0.008506,single,1.0,0.0,4.71238898038469,1
4254,0.008508000000000002,single,1.0,0.0,4.71238898038469,1
4255,0.00851,single,1.0,0.0,4.71238898038469,0
4256,0.008512,single,1.0,0.0,4.71238898038469,1
4257,0.008513999999999999,single,1.0,0.0,4.71238898038469,0
4258,0.008516,single,1.0,0.0,4.71238898038469,1
4259,0.008518000000000001,single,1.0,0.0,4.71238898038469,1
4260,0.00852,single,1.0,0.0,4.71238898038469,1
4261,0.008522,single,1.0,0.0,4.71238898038469,0
4262,0.008524,single,1.0,0.0,4.71238898038469,0
4263,0.008526,single,1.0,0.0,4.71238898038469,0
4264,0.008528,single,1.0,0.0,4.71238898038469,0
4265,0.00853,single,1.0,0.0,4.71238898038469,1
4266,0.008532,single,1.0,0.0,4.71238898038469,0
4267,0.008534,single,1.0,0.0,4.71238898038469,0
4268,0.008536,single,1.0,0.0,4.71238898038469,0
4269,0.008538,single,1.0,0.0,4.71238898038469,0
4270,0.00854,single,1.0,0.0,4.71238898038469,0
4271,0.008542,single,1.0,0.0,4.71238898038469,1
4272,0.008544000000000001,single,1.0,0.0,4.71238898038469,1
4273,0.008546,single,1.0,0.0,4.71238898038469,0
4274,0.008548,single,1.0,0.0,4.71238898038469,1
4275,0.00855,single,1.0,0.0,4.71238898038469,0
4276,0.008551999999999999,single,1.0,0.0,4.71238898038469,1
4277,0.008554,single,1.0,0.0,4.71238898038469,1
4278,0.008556000000000001,single,1.0,0.0,4.71238898038469,0
4279,0.008558,single,1.0,0.0,4.71238898038469,0
4280,0.00856,single,1.0,0.0,4.71238898038469,0
4281,0.008562,single,1.0,0.0,4.71238898038469,1
4282,0.008564,single,1.0,0.0,4.71238898038469,1
4283,0.008566,single,1.0,0.0,4.71238898038469,0
4284,0.008568,single,1.0,0.0,4.71238898038469,0
4285,0.00857,single,1.0,0.0,4.71238898038469,1
4286,0.008572000000000001,single,1.0,0.0,4.71238898038469,1
4287,0.008574,single,1.0,0.0,4.71238898038469,0
4288,0.008576,single,1.0,0.0,4.71238898038469,1
4289,0.008577999999999999,single,1.0,0.0,4.71238898038469,0
4290,0.00858,single,1.0,0.0,4.71238898038469,0
4291,0.008582000000000001,single,1.0,0.0,4.71238898038469,0
4292,0.008584,single,1.0,0.0,4.71238898038469,0
4293,0.008586,single,1.0,0.0,4.71238898038469,0
4294,0.008588,single,1.0,0.0,4.71238898038469,0
4295,0.00859,single,1.0,0.0,4.71238898038469,0
4296,0.008592,single,1.0,0.0,4.71238898038469,1
4297,0.008594,single,1.0,0.0,4.71238898038469,0
4298,0.008596,single,1.0,0.0,4.71238898038469,1
4299,0.008598000000000001,single,1.0,0.0,4.71238898038469,1
4300,0.0086,single,1.0,0.0,4.71238898038469,0
4301,0.008602,single,1.0,0.0,4.71238898038469,0
4302,0.008604,single,1.0,0.0,4.71238898038469,0
4303,0.008605999999999999,single,1.0,0.0,4.71238898038469,0
4304,0.008608000000000001,single,1.0,0.0,4.71238898038469,0
4305,0.00861,single,1.0,0.0,4.71238898038469,0
4306,0.008612,single,1.0,0.0,4.71238898038469,0
4307,0.008614,single,1.0,0.0,4.71238898038469,0
4308,0.008616,single,1.0,0.0,4.71238898038469,0
4309,0.008618,single,1.0,0.0,4.71238898038469,1
4310,0.008620000000000001,single,1.0,0.0,4.71238898038469,0
4311,0.008622,single,1.0,0.0,4.71238898038469,1
4312,0.008624,single,1.0,0.0,4.71238898038469,0
4313,0.008626,single,1.0,0.0,4.71238898038469,1
4314,0.008628,single,1.0,0.0,4.71238898038469,1
4315,0.00863,single,1.0,0.0,4.71238898038469,0
4316,0.008631999999999999,single,1.0,0.0,4.71238898038469,1
4317,0.008634000000000001,single,1.0,0.0,4.71238898038469,0
4318,0.008636000000000001,single,1.0,0.0,4.71238898038469,1
4319,0.008638,single,1.0,0.0,4.71238898038469,0
4320,0.00864,single,1.0,0.0,4.71238898038469,1
4321,0.008641999999999999,single,1.0,0.0,4.71238898038469,1
4322,0.008644,single,1.0,0.0,4.71238898038469,1
4323,0.008646000000000001,single,1.0,0.0,4.71238898038469,0
4324,0.008648,single,1.0,0.0,4.71238898038469,0
4325,0.00865,single,1.0,0.0,4.71238898038469,1
4326,0.008652000000000002,single,1.0,0.0,4.71238898038469,0
4327,0.008654,single,1.0,0.0,4.71238898038469,0
4328,0.008656,single,1.0,0.0,4.71238898038469,0
4329,0.008657999999999999,single,1.0,0.0,4.71238898038469,1
4330,0.00866,single,1.0,0.0,4.71238898038469,1
4331,0.008662000000000001,single,1.0,0.0,4.71238898038469,1
4332,0.008664,single,1.0,0.0,4.71238898038469,1
4333,0.008666,single,1.0,0.0,4.71238898038469,0
4334,0.008668,single,1.0,0.0,4.71238898038469,0
4335,0.00867,single,1.0,0.0,4.71238898038469,0
4336,0.008672000000000001,single,1.0,0.0,4.71238898038469,0
4337,0.008674,single,1.0,0.0,4.71238898038469,1
4338,0.008676,single,1.0,0.0,4.71238898038469,0
4339,0.008678000000000002,single,1.0,0.0,4.71238898038469,0
4340,0.00868,single,1.0,0.0,4.71238898038469,0
4341,0.008682,single,1.0,0.0,4.71238898038469,1
4342,0.008684,single,1.0,0.0,4.71238898038469,1
4343,0.008686,single,1.0,0.0,4.71238898038469,1
4344,0.008688000000000001,single,1.0,0.0,4.71238898038469,1
4345,0.00869,single,1.0,0.0,4.71238898038469,1
4346,0.008692,single,1.0,0.0,4.71238898038469,0
4347,0.008694,single,1.0,0.0,4.71238898038469,1
4348,0.008695999999999999,single,1.0,0.0,4.71238898038469,0
4349,0.008698000000000001,single,1.0,0.0,4.71238898038469,1
4350,0.008700000000000001,single,1.0,0.0,4.71238898038469,0
4351,0.008702,single,1.0,0.0,4.71238898038469,0
4352,0.008704,single,1.0,0.0,4.71238898038469,1
4353,0.008706,single,1.0,0.0,4.71238898038469,0
4354,0.008708,single,1.0,0.0,4.71238898038469,0
4355,0.00871,single,1.0,0.0,4.71238898038469,1
4356,0.008712,single,1.0,0.0,4.71238898038469,1
4357,0.008714000000000001,single,1.0,0.0,4.71238898038469,1
4358,0.008716,single,1.0,0.0,4.71238898038469,0
4359,0.008718,single,1.0,0.0,4.71238898038469,1
4360,0.00872,single,1.0,0.0,4.71238898038469,1
4361,0.008721999999999999,single,1.0,0.0,4.71238898038469,0
4362,0.008724,single,1.0,0.0,4.71238898038469,1
4363,0.008726000000000001,single,1.0,0.0,4.71238898038469,0
4364,0.008728,single,1.0,0.0,4.71238898038469,1
4365,0.00873,single,1.0,0.0,4.71238898038469,1
4366,0.008732,single,1.0,0.0,4.71238898038469,1
4367,0.008734,single,1.0,0.0,4.71238898038469,0
4368,0.008736,single,1.0,0.0,4.71238898038469,1
4369,0.008738,single,1.0,0.0,4.71238898038469,1
4370,0.00874,single,1.0,0.0,4.71238898038469,0
4371,0.008742000000000002,single,1.0,0.0,4.71238898038469,1
4372,0.008744,single,1.0,0.0,4.71238898038469,0
4373,0.008746,single,1.0,0.0,4.71238898038469,0
4374,0.008747999999999999,single,1.0,0.0,4.71238898038469,0
4375,0.00875,single,1.0,0.0,4.71238898038469,1
4376,0.008752000000000001,single,1.0,0.0,4.71238898038469,0
4377,0.008754,single,1.0,0.0,4.71238898038469,1
4378,0.008756,single,1.0,0.0,4.71238898038469,1
4379,0.008758,single,1.0,0.0,4.71238898038469,1
4380,0.00876,single,1.0,0.0,4.71238898038469,0
4381,0.008762,single,1.0,0.0,4.71238898038469,0
4382,0.008764,single,1.0,0.0,4.71238898038469,0
4383,0.008766,single,1.0,0.0,4.71238898038469,1
4384,0.008768000000000001,single,1.0,0.0,4.71238898038469,1
4385,0.00877,single,1.0,0.0,4.71238898038469,0
4386,0.008772,single,1.0,0.0,4.71238898038469,1
4387,0.008774,single,1.0,0.0,4.71238898038469,0
4388,0.008775999999999999,single,1.0,0.0,4.71238898038469,0
4389,0.008778000000000001,single,1.0,0.0,4.71238898038469,0
4390,0.00878,single,1.0,0.0,4.71238898038469,0
4391,0.008782,single,1.0,0.0,4.71238898038469,1
4392,0.008784,single,1.0,0.0,4.71238898038469,0
4393,0.008786,single,1.0,0.0,4.71238898038469,1
4394,0.008788,single,1.0,0.0,4.71238898038469,0
4395,0.008790000000000001,single,1.0,0.0,4.71238898038469,0
4396,0.008792,single,1.0,0.0,4.71238898038469,0
4397,0.008794,single,1.0,0.0,4.71238898038469,1
4398,0.008796,single,1.0,0.0,4.71238898038469,1
4399,0.008798,single,1.0,0.0,4.71238898038469,1
4400,0.0088,single,1.0,0.0,4.71238898038469,0
4401,0.008801999999999999,single,1.0,0.0,4.71238898038469,0
4402,0.008804000000000001,single,1.0,0.0,4.71238898038469,1
4403,0.008806000000000001,single,1.0,0.0,4.71238898038469,1
4404,0.008808,single,1.0,0.0,4.71238898038469,0
4405,0.00881,single,1.0,0.0,4.71238898038469,0
4406,0.008811999999999999,single,1.0,0.0,4.71238898038469,0
4407,0.008814,single,1.0,0.0,4.71238898038469,1
4408,0.008816000000000001,single,1.0,0.0,4.71238898038469,1
4409,0.008818,single,1.0,0.0,4.71238898038469,1
4410,0.00882,single,1.0,0.0,4.71238898038469,0
4411,0.008822000000000002,single,1.0,0.0,4.71238898038469,1
4412,0.008824,single,1.0,0.0,4.71238898038469,0
4413,0.008826,single,1.0,0.0,4.71238898038469,0
4414,0.008827999999999999,single,1.0,0.0,4.71238898038469,1
4415,0.00883,single,1.0,0.0,4.71238898038469,1
4416,0.008832000000000001,single,1.0,0.0,4.71238898038469,0
4417,0.008834,single,1.0,0.0,4.71238898038469,0
4418,0.008836,single,1.0,0.0,4.71238898038469,0
4419,0.008838,single,1.0,0.0,4.71238898038469,0
4420,0.00884,single,1.0,0.0,4.71238898038469,1
4421,0.008842000000000001,single,1.0,0.0,4.71238898038469,1
4422,0.008844,single,1.0,0.0,4.71238898038469,0
4423,0.008846,single,1.0,0.0,4.71238898038469,0
4424,0.008848,single,1.0,0.0,4.71238898038469,1
4425,0.00885,single,1.0,0.0,4.71238898038469,1
4426,0.008852,single,1.0,0.0,4.71238898038469,0
4427,0.008854,single,1.0,0.0,4.71238898038469,1
4428,0.008856,single,1.0,0.0,4.71238898038469,0
4429,0.008858000000000001,single,1.0,0.0,4.71238898038469,0
4430,0.00886,single,1.0,0.0,4.71238898038469,0
4431,0.008862,single,1.0,0.0,4.71238898038469,1
4432,0.008864,single,1.0,0.0,4.71238898038469,0
4433,0.008865999999999999,single,1.0,0.0,4.71238898038469,1
4434,0.008868000000000001,single,1.0,0.0,4.71238898038469,1
4435,0.008870000000000001,single,1.0,0.0,4.71238898038469,1
4436,0.008872,single,1.0,0.0,4.71238898038469,1
4437,0.008874,single,1.0,0.0,4.71238898038469,1
4438,0.008876,single,1.0,0.0,4.71238898038469,0
4439,0.008878,single,1.0,0.0,4.71238898038469,1
4440,0.00888,single,1.0,0.0,4.71238898038469,0
4441,0.008882,single,1.0,0.0,4.71238898038469,0
4442,0.008884,single,1.0,0.0,4.71238898038469,1
4443,0.008886000000000002,single,1.0,0.0,4.71238898038469,0
4444,0.008888,single,1.0,0.0,4.71238898038469,0
4445,0.00889,single,1.0,0.0,4.71238898038469,1
4446,0.008891999999999999,single,1.0,0.0,4.71238898038469,0
4447,0.008894,single,1.0,0.0,4.71238898038469,1
4448,0.008896000000000001,single,1.0,0.0,4.71238898038469,1
4449,0.008898,single,1.0,0.0,4.71238898038469,0
4450,0.0089,single,1.0,0.0,4.71238898038469,0
4451,0.008902,single,1.0,0.0,4.71238898038469,0
4452,0.008904,single,1.0,0.0,4.71238898038469,1
4453,0.008906,single,1.0,0.0,4.71238898038469,0
4454,0.008908,single,1.0,0.0,4.71238898038469,1
4455,0.00891,single,1.0,0.0,4.71238898038469,0
4456,0.008912000000000002,single,1.0,0.0,4.71238898038469,1
4457,0.008914,single,1.0,0.0,4.71238898038469,0
4458,0.008916,single,1.0,0.0,4.71238898038469,1
4459,0.008918,single,1.0,0.0,4.71238898038469,0
4460,0.008919999999999999,single,1.0,0.0,4.71238898038469,1
4461,0.008922000000000001,single,1.0,0.0,4.71238898038469,1
4462,0.008924,single,1.0,0.0,4.71238898038469,1
4463,0.008926,single,1.0,0.0,4.71238898038469,0
4464,0.008928,single,1.0,0.0,4.71238898038469,0
4465,0.00893,single,1.0,0.0,4.71238898038469,0
4466,0.008932,single,1.0,0.0,4.71238898038469,0
4467,0.008934000000000001,single,1.0,0.0,4.71238898038469,1
4468,0.008936,single,1.0,0.0,4.71238898038469,0
4469,0.008938,single,1.0,0.0,4.71238898038469,0
4470,0.00894,single,1.0,0.0,4.71238898038469,0
4471,0.008942,single,1.0,0.0,4.71238898038469,0
4472,0.008944,single,1.0,0.0,4.71238898038469,0
4473,0.008945999999999999,single,1.0,0.0,4.71238898038469,0
4474,0.008948000000000001,single,1.0,0.0,4.71238898038469,1
4475,0.008950000000000001,single,1.0,0.0,4.71238898038469,0
4476,0.008952,single,1.0,0.0,4.71238898038469,1
4477,0.008954,single,1.0,0.0,4.71238898038469,0
4478,0.008955999999999999,single,1.0,0.0,4.71238898038469,1
4479,0.008958,single,1.0,0.0,4.71238898038469,1
4480,0.008960000000000001,single,1.0,0.0,4.71238898038469,1
4481,0.008962,single,1.0,0.0,4.71238898038469,1
4482,0.008964,single,1.0,0.0,4.71238898038469,0
4483,0.008966,single,1.0,0.0,4.71238898038469,0
4484,0.008968,single,1.0,0.0,4.71238898038469,0
4485,0.00897,single,1.0,0.0,4.71238898038469,1
4486,0.008971999999999999,single,1.0,0.0,4.71238898038469,0
4487,0.008974,single,1.0,0.0,4.71238898038469,1
4488,0.008976000000000001,single,1.0,0.0,4.71238898038469,0
4489,0.008978,single,1.0,0.0,4.71238898038469,0
4490,0.00898,single,1.0,0.0,4.71238898038469,0
4491,0.008981999999999999,single,1.0,0.0,4.71238898038469,1
4492,0.008984,single,1.0,0.0,4.71238898038469,0
4493,0.008986000000000001,single,1.0,0.0,4.71238898038469,1
4494,0.008988,single,1.0,0.0,4.71238898038469,1
4495,0.00899,single,1.0,0.0,4.71238898038469,0
4496,0.008992000000000002,single,1.0,0.0,4.71238898038469,0
4497,0.008994,single,1.0,0.0,4.71238898038469,1
4498,0.008996,single,1.0,0.0,4.71238898038469,0
4499,0.008997999999999999,single,1.0,0.0,4.71238898038469,0
4500,0.009,single,1.0,0.0,5.497787143782138,1
4501,0.009002000000000001,single,1.0,0.0,5.497787143782138,1
4502,0.009004,single,1.0,0.0,5.497787143782138,1
4503,0.009006,single,1.0,0.0,5.497787143782138,0
4504,0.009008,single,1.0,0.0,5.497787143782138,1
4505,0.00901,single,1.0,0.0,5.497787143782138,1
4506,0.009012000000000001,single,1.0,0.0,5.497787143782138,1
4507,0.009014,single,1.0,0.0,5.497787143782138,1
4508,0.009016,single,1.0,0.0,5.497787143782138,1
4509,0.009018,single,1.0,0.0,5.497787143782138,1
4510,0.00902,single,1.0,0.0,5.497787143782138,1
4511,0.009022,single,1.0,0.0,5.497787143782138,0
4512,0.009024,single,1.0,0.0,5.497787143782138,0
4513,0.009026,single,1.0,0.0,5.497787143782138,1
4514,0.009028000000000001,single,1.0,0.0,5.497787143782138,0
4515,0.00903,single,1.0,0.0,5.497787143782138,1
4516,0.009032,single,1.0,0.0,5.497787143782138,1
4517,0.009034,single,1.0,0.0,5.497787143782138,0
4518,0.009035999999999999,single,1.0,0.0,5.497787143782138,1
4519,0.009038000000000001,single,1.0,0.0,5.497787143782138,1
4520,0.009040000000000001,single,1.0,0.0,5.497787143782138,0
4521,0.009042,single,1.0,0.0,5.497787143782138,1
4522,0.009044,single,1.0,0.0,5.497787143782138,0
4523,0.009046,single,1.0,0.0,5.497787143782138,1
4524,0.009048,single,1.0,0.0,5.497787143782138,1
4525,0.00905,single,1.0,0.0,5.497787143782138,1
4526,0.009052,single,1.0,0.0,5.497787143782138,0
4527,0.009054,single,1.0,0.0,5.497787143782138,1
4528,0.009056000000000002,single,1.0,0.0,5.497787143782138,0
4529,0.009058,single,1.0,0.0,5.497787143782138,1
4530,0.00906,single,1.0,0.0,5.497787143782138,1
4531,0.009061999999999999,single,1.0,0.0,5.497787143782138,0
4532,0.009064000000000001,single,1.0,0.0,5.497787143782138,0
4533,0.009066000000000001,single,1.0,0.0,5.497787143782138,1
4534,0.009068,single,1.0,0.0,5.497787143782138,1
4535,0.00907,single,1.0,0.0,5.497787143782138,1
4536,0.009072,single,1.0,0.0,5.497787143782138,1
4537,0.009074,single,1.0,0.0,5.497787143782138,1
4538,0.009076,single,1.0,0.0,5.497787143782138,0
4539,0.009078,single,1.0,0.0,5.497787143782138,1
4540,0.00908,single,1.0,0.0,5.497787143782138,1
4541,0.009082000000000002,single,1.0,0.0,5.497787143782138,1
4542,0.009084,single,1.0,0.0,5.497787143782138,1
4543,0.009086,single,1.0,0.0,5.497787143782138,1
4544,0.009088,single,1.0,0.0,5.497787143782138,1
4545,0.009089999999999999,single,1.0,0.0,5.497787143782138,1
4546,0.009092000000000001,single,1.0,0.0,5.497787143782138,1
4547,0.009094,single,1.0,0.0,5.497787143782138,1
4548,0.009096,single,1.0,0.0,5.497787143782138,1
4549,0.009098,single,1.0,0.0,5.497787143782138,1
4550,0.0091,single,1.0,0.0,5.497787143782138,1
4551,0.009102,single,1.0,0.0,5.497787143782138,1
4552,0.009104000000000001,single,1.0,0.0,5.497787143782138,1
4553,0.009106,single,1.0,0.0,5.497787143782138,1
4554,0.009108,single,1.0,0.0,5.497787143782138,1
4555,0.00911,single,1.0,0.0,5.497787143782138,1
4556,0.009112,single,1.0,0.0,5.497787143782138,0
4557,0.009114,single,1.0,0.0,5.497787143782138,1
4558,0.009115999999999999,single,1.0,0.0,5.497787143782138,1
4559,0.009118000000000001,single,1.0,0.0,5.497787143782138,1
4560,0.009120000000000001,single,1.0,0.0,5.497787143782138,1
4561,0.009122,single,1.0,0.0,5.497787143782138,1
4562,0.009124,single,1.0,0.0,5.497787143782138,0
4563,0.009125999999999999,single,1.0,0.0,5.497787143782138,0
4564,0.009128,single,1.0,0.0,5.497787143782138,0
4565,0.009130000000000001,single,1.0,0.0,5.497787143782138,0
4566,0.009132,single,1.0,0.0,5.497787143782138,1
4567,0.009134,single,1.0,0.0,5.497787143782138,1
4568,0.009136000000000002,single,1.0,0.0,5.497787143782138,1
4569,0.009138,single,1.0,0.0,5.497787143782138,1
4570,0.00914,single,1.0,0.0,5.497787143782138,1
4571,0.009141999999999999,single,1.0,0.0,5.497787143782138,0
4572,0.009144,single,1.0,0.0,5.497787143782138,0
4573,0.009146000000000001,single,1.0,0.0,5.497787143782138,0
4574,0.009148,single,1.0,0.0,5.497787143782138,1
4575,0.00915,single,1.0,0.0,5.497787143782138,0
4576,0.009152,single,1.0,0.0,5.497787143782138,1
4577,0.009154,single,1.0,0.0,5.497787143782138,1
4578,0.009156000000000001,single,1.0,0.0,5.497787143782138,0
4579,0.009158,single,1.0,0.0,5.497787143782138,1
4580,0.00916,single,1.0,0.0,5.497787143782138,0
4581,0.009162,single,1.0,0.0,5.497787143782138,1
4582,0.009164,single,1.0,0.0,5.497787143782138,1
4583,0.009166,single,1.0,0.0,5.497787143782138,1
4584,0.009168,single,1.0,0.0,5.497787143782138,0
4585,0.00917,single,1.0,0.0,5.497787143782138,0
4586,0.009172000000000001,single,1.0,0.0,5.497787143782138,1
4587,0.009174,single,1.0,0.0,5.497787143782138,1
4588,0.009176,single,1.0,0.0,5.497787143782138,1
4589,0.009178,single,1.0,0.0,5.497787143782138,0
4590,0.009179999999999999,single,1.0,0.0,5.497787143782138,1
4591,0.009182000000000001,single,1.0,0.0,5.497787143782138,1
4592,0.009184000000000001,single,1.0,0.0,5.497787143782138,0
4593,0.009186,single,1.0,0.0,5.497787143782138,0
4594,0.009188,single,1.0,0.0,5.497787143782138,1
4595,0.00919,single,1.0,0.0,5.497787143782138,1
4596,0.009192,single,1.0,0.0,5.497787143782138,1
4597,0.009194,single,1.0,0.0,5.497787143782138,1
4598,0.009196,single,1.0,0.0,5.497787143782138,1
4599,0.009198,single,1.0,0.0,5.497787143782138,1
4600,0.009200000000000002,single,1.0,0.0,5.497787143782138,1
4601,0.009202,single,1.0,0.0,5.497787143782138,1
4602,0.009204,single,1.0,0.0,5.497787143782138,1
4603,0.009205999999999999,single,1.0,0.0,5.497787143782138,1
4604,0.009208000000000001,single,1.0,0.0,5.497787143782138,1
4605,0.009210000000000001,single,1.0,0.0,5.497787143782138,1
4606,0.009212,single,1.0,0.0,5.497787143782138,0
4607,0.009214,single,1.0,0.0,5.497787143782138,0
4608,0.009216,single,1.0,0.0,5.497787143782138,0
4609,0.009218,single,1.0,0.0,5.497787143782138,1
4610,0.00922,single,1.0,0.0,5.497787143782138,1
4611,0.009222,single,1.0,0.0,5.497787143782138,1
4612,0.009224,single,1.0,0.0,5.497787143782138,0
4613,0.009226000000000002,single,1.0,0.0,5.497787143782138,0
4614,0.009228,single,1.0,0.0,5.497787143782138,0
4615,0.00923,single,1.0,0.0,5.497787143782138,1
4616,0.009231999999999999,single,1.0,0.0,5.497787143782138,0
4617,0.009234,single,1.0,0.0,5.497787143782138,1
4618,0.009236000000000001,single,1.0,0.0,5.497787143782138,1
4619,0.009238,single,1.0,0.0,5.497787143782138,1
4620,0.00924,single,1.0,0.0,5.497787143782138,1
4621,0.009242,single,1.0,0.0,5.497787143782138,1
4622,0.009244,single,1.0,0.0,5.497787143782138,1
4623,0.009246,single,1.0,0.0,5.497787143782138,1
4624,0.009248,single,1.0,0.0,5.497787143782138,0
4625,0.00925,single,1.0,0.0,5.497787143782138,1
4626,0.009252,single,1.0,0.0,5.497787143782138,1
4627,0.009254,single,1.0,0.0,5.497787143782138,1
4628,0.009256,single,1.0,0.0,5.497787143782138,0
4629,0.009258,single,1.0,0.0,5.497787143782138,0
4630,0.00926,single,1.0,0.0,5.497787143782138,1
4631,0.009262000000000001,single,1.0,0.0,5.497787143782138,1
4632,0.009264,single,1.0,0.0,5.497787143782138,1
4633,0.009266,single,1.0,0.0,5.497787143782138,1
4634,0.009268,single,1.0,0.0,5.497787143782138,0
4635,0.009269999999999999,single,1.0,0.0,5.497787143782138,0
4636,0.009272,single,1.0,0.0,5.497787143782138,1
4637,0.009274000000000001,single,1.0,0.0,5.497787143782138,1
4638,0.009276,single,1.0,0.0,5.497787143782138,1
4639,0.009278,single,1.0,0.0,5.497787143782138,0
4640,0.00928,single,1.0,0.0,5.497787143782138,1
4641,0.009282,single,1.0,0.0,5.497787143782138,1
4642,0.009284,single,1.0,0.0,5.497787143782138,1
4643,0.009285999999999999,single,1.0,0.0,5.497787143782138,0
4644,0.009288000000000001,single,1.0,0.0,5.497787143782138,1
4645,0.009290000000000001,single,1.0,0.0,5.497787143782138,1
4646,0.009292,single,1.0,0.0,5.497787143782138,0
4647,0.009294,single,1.0,0.0,5.497787143782138,1
4648,0.009295999999999999,single,1.0,0.0,5.497787143782138,1
4649,0.009298,single,1.0,0.0,5.497787143782138,0
4650,0.009300000000000001,single,1.0,0.0,5.497787143782138,0
4651,0.009302,single,1.0,0.0,5.497787143782138,1
4652,0.009304,single,1.0,0.0,5.497787143782138,1
4653,0.009306000000000002,single,1.0,0.0,5.497787143782138,1
4654,0.009308,single,1.0,0.0,5.497787143782138,1
4655,0.00931,single,1.0,0.0,5.497787143782138,1
4656,0.009311999999999999,single,1.0,0.0,5.497787143782138,1
4657,0.009314,single,1.0,0.0,5.497787143782138,1
4658,0.009316000000000001,single,1.0,0.0,5.497787143782138,1
4659,0.009318,single,1.0,0.0,5.497787143782138,0
4660,0.00932,single,1.0,0.0,5.497787143782138,1
4661,0.009322,single,1.0,0.0,5.497787143782138,1
4662,0.009324,single,1.0,0.0,5.497787143782138,0
4663,0.009326000000000001,single,1.0,0.0,5.497787143782138,0
4664,0.009328,single,1.0,0.0,5.497787143782138,1
4665,0.00933,single,1.0,0.0,5.497787143782138,0
4666,0.009332,single,1.0,0.0,5.497787143782138,0
4667,0.009334,single,1.0,0.0,5.497787143782138,1
4668,0.009336,single,1.0,0.0,5.497787143782138,1
4669,0.009338,single,1.0,0.0,5.497787143782138,0
4670,0.00934,single,1.0,0.0,5.497787143782138,1
4671,0.009342000000000001,single,1.0,0.0,5.497787143782138,0
4672,0.009344,single,1.0,0.0,5.497787143782138,0
4673,0.009346,single,1.0,0.0,5.497787143782138,1
4674,0.009348,single,1.0,0.0,5.497787143782138,1
4675,0.009349999999999999,single,1.0,0.0,5.497787143782138,1
4676,0.009352000000000001,single,1.0,0.0,5.497787143782138,1
4677,0.009354000000000001,single,1.0,0.0,5.497787143782138,1
4678,0.009356,single,1.0,0.0,5.497787143782138,1
4679,0.009358,single,1.0,0.0,5.497787143782138,1
4680,0.00936,single,1.0,0.0,5.497787143782138,1
4681,0.009362,single,1.0,0.0,5.497787143782138,1
4682,0.009364,single,1.0,0.0,5.497787143782138,0
4683,0.009366,single,1.0,0.0,5.497787143782138,1
4684,0.009368,single,1.0,0.0,5.497787143782138,0
4685,0.009370000000000002,single,1.0,0.0,5.497787143782138,1
4686,0.009372,single,1.0,0.0,5.497787143782138,1
4687,0.009374,single,1.0,0.0,5.497787143782138,0
4688,0.009375999999999999,single,1.0,0.0,5.497787143782138,1
4689,0.009378000000000001,single,1.0,0.0,5.497787143782138,0
4690,0.009380000000000001,single,1.0,0.0,5.497787143782138,1
4691,0.009382,single,1.0,0.0,5.497787143782138,0
4692,0.009384,single,1.0,0.0,5.497787143782138,1
4693,0.009386,single,1.0,0.0,5.497787143782138,1
4694,0.009388,single,1.0,0.0,5.497787143782138,1
4695,0.00939,single,1.0,0.0,5.497787143782138,0
4696,0.009392,single,1.0,0.0,5.497787143782138,1
4697,0.009394,single,1.0,0.0,5.497787143782138,1
4698,0.009396000000000002,single,1.0,0.0,5.497787143782138,1
4699,0.009398,single,1.0,0.0,5.497787143782138,1
4700,0.0094,single,1.0,0.0,5.497787143782138,1
4701,0.009402,single,1.0,0.0,5.497787143782138,1
4702,0.009404,single,1.0,0.0,5.497787143782138,1
4703,0.009406000000000001,single,1.0,0.0,5.497787143782138,1
4704,0.009408,single,1.0,0.0,5.497787143782138,0
4705,0.00941,single,1.0,0.0,5.497787143782138,1
4706,0.009412,single,1.0,0.0,5.497787143782138,1
4707,0.009414,single,1.0,0.0,5.497787143782138,0
4708,0.009416,single,1.0,0.0,5.497787143782138,0
4709,0.009418000000000001,single,1.0,0.0,5.497787143782138,1
4710,0.00942,single,1.0,0.0,5.497787143782138,0
4711,0.009422,single,1.0,0.0,5.497787143782138,0
4712,0.009424,single,1.0,0.0,5.497787143782138,1
4713,0.009426,single,1.0,0.0,5.497787143782138,1
4714,0.009428,single,1.0,0.0,5.497787143782138,1
4715,0.00943,single,1.0,0.0,5.497787143782138,1
4716,0.009432000000000001,single,1.0,0.0,5.497787143782138,0
4717,0.009434000000000001,single,1.0,0.0,5.497787143782138,1
4718,0.009436,single,1.0,0.0,5.497787143782138,1
4719,0.009438,single,1.0,0.0,5.497787143782138,1
4720,0.009439999999999999,single,1.0,0.0,5.497787143782138,1
4721,0.009442,single,1.0,0.0,5.497787143782138,1
4722,0.009444000000000001,single,1.0,0.0,5.497787143782138,1
4723,0.009446,single,1.0,0.0,5.497787143782138,1
4724,0.009448,single,1.0,0.0,5.497787143782138,1
4725,0.009450000000000002,single,1.0,0.0,5.497787143782138,1
4726,0.009452,single,1.0,0.0,5.497787143782138,1
4727,0.009454,single,1.0,0.0,5.497787143782138,1
4728,0.009455999999999999,single,1.0,0.0,5.497787143782138,1
4729,0.009458,single,1.0,0.0,5.497787143782138,0
4730,0.009460000000000001,single,1.0,0.0,5.497787143782138,0
4731,0.009462,single,1.0,0.0,5.497787143782138,1
4732,0.009464,single,1.0,0.0,5.497787143782138,1
4733,0.009466,single,1.0,0.0,5.497787143782138,1
4734,0.009468,single,1.0,0.0,5.497787143782138,1
4735,0.009470000000000001,single,1.0,0.0,5.497787143782138,1
4736,0.009472,single,1.0,0.0,5.497787143782138,1
4737,0.009474,single,1.0,0.0,5.497787143782138,1
4738,0.009476,single,1.0,0.0,5.497787143782138,0
4739,0.009478,single,1.0,0.0,5.497787143782138,0
4740,0.00948,single,1.0,0.0,5.497787143782138,1
4741,0.009481999999999999,single,1.0,0.0,5.497787143782138,1
4742,0.009484,single,1.0,0.0,5.497787143782138,0
4743,0.009486000000000001,single,1.0,0.0,5.497787143782138,0
4744,0.009488,single,1.0,0.0,5.497787143782138,1
4745,0.00949,single,1.0,0.0,5.497787143782138,0
4746,0.009492,single,1.0,0.0,5.497787143782138,1
4747,0.009493999999999999,single,1.0,0.0,5.497787143782138,0
4748,0.009496000000000001,single,1.0,0.0,5.497787143782138,0
4749,0.009498,single,1.0,0.0,5.497787143782138,1
4750,0.0095,single,1.0,0.0,5.497787143782138,1
4751,0.009502,single,1.0,0.0,5.497787143782138,1
4752,0.009504,single,1.0,0.0,5.497787143782138,1
4753,0.009506,single,1.0,0.0,5.497787143782138,0
4754,0.009508,single,1.0,0.0,5.497787143782138,1
4755,0.00951,single,1.0,0.0,5.497787143782138,1
4756,0.009512,single,1.0,0.0,5.497787143782138,1
4757,0.009514,single,1.0,0.0,5.497787143782138,0
4758,0.009516,single,1.0,0.0,5.497787143782138,0
4759,0.009518,single,1.0,0.0,5.497787143782138,1
4760,0.009519999999999999,single,1.0,0.0,5.497787143782138,1
4761,0.009522000000000001,single,1.0,0.0,5.497787143782138,0
4762,0.009524000000000001,single,1.0,0.0,5.497787143782138,0
4763,0.009526,single,1.0,0.0,5.497787143782138,1
4764,0.009528,single,1.0,0.0,5.497787143782138,1
4765,0.009529999999999999,single,1.0,0.0,5.497787143782138,0
4766,0.009532,single,1.0,0.0,5.497787143782138,1
4767,0.009534,single,1.0,0.0,5.497787143782138,1
4768,0.009536,single,1.0,0.0,5.497787143782138,1
4769,0.009538,single,1.0,0.0,5.497787143782138,0
4770,0.009540000000000002,single,1.0,0.0,5.497787143782138,1
4771,0.009542,single,1.0,0.0,5.497787143782138,1
4772,0.009544,single,1.0,0.0,5.497787143782138,1
4773,0.009545999999999999,single,1.0,0.0,5.497787143782138,1
4774,0.009548,single,1.0,0.0,5.497787143782138,1
4775,0.009550000000000001,single,1.0,0.0,5.497787143782138,0
4776,0.009552,single,1.0,0.0,5.497787143782138,1
4777,0.009554,single,1.0,0.0,5.497787143782138,0
4778,0.009556,single,1.0,0.0,5.497787143782138,1
4779,0.009558,single,1.0,0.0,5.497787143782138,1
4780,0.00956,single,1.0,0.0,5.497787143782138,1
4781,0.009562,single,1.0,0.0,5.497787143782138,1
4782,0.009564,single,1.0,0.0,5.497787143782138,0
4783,0.009566000000000002,single,1.0,0.0,5.497787143782138,1
4784,0.009568,single,1.0,0.0,5.497787143782138,0
4785,0.00957,single,1.0,0.0,5.497787143782138,0
4786,0.009572,single,1.0,0.0,5.497787143782138,1
4787,0.009574,single,1.0,0.0,5.497787143782138,0
4788,0.009576000000000001,single,1.0,0.0,5.497787143782138,1
4789,0.009578,single,1.0,0.0,5.497787143782138,1
4790,0.00958,single,1.0,0.0,5.497787143782138,0
4791,0.009582,single,1.0,0.0,5.497787143782138,0
4792,0.009583999999999999,single,1.0,0.0,5.497787143782138,0
4793,0.009586,single,1.0,0.0,5.497787143782138,0
4794,0.009588000000000001,single,1.0,0.0,5.497787143782138,0
4795,0.00959,single,1.0,0.0,5.497787143782138,1
4796,0.009592,single,1.0,0.0,5.497787143782138,1
4797,0.009594,single,1.0,0.0,5.497787143782138,1
4798,0.009596,single,1.0,0.0,5.497787143782138,1
4799,0.009598,single,1.0,0.0,5.497787143782138,1
4800,0.0096,plus,1.0,1.0,0.0,1
4801,0.009602000000000001,plus,1.0,1.0,0.0,0
4802,0.009604000000000001,plus,1.0,1.0,0.0,1
4803,0.009606,plus,1.0,1.0,0.0,0
4804,0.009608,plus,1.0,1.0,0.0,1
4805,0.009609999999999999,plus,1.0,1.0,0.0,1
4806,0.009612,plus,1.0,1.0,0.0,1
4807,0.009614000000000001,plus,1.0,1.0,0.0,1
4808,0.009616,plus,1.0,1.0,0.0,1
4809,0.009618,plus,1.0,1.0,0.0,1
4810,0.009620000000000002,plus,1.0,1.0,0.0,0
4811,0.009622,plus,1.0,1.0,0.0,1
4812,0.009624,plus,1.0,1.0,0.0,1
4813,0.009626,plus,1.0,1.0,0.0,1
4814,0.009628,plus,1.0,1.0,0.0,0
4815,0.009630000000000001,plus,1.0,1.0,0.0,0
4816,0.009632,plus,1.0,1.0,0.0,1
4817,0.009634,plus,1.0,1.0,0.0,0
4818,0.009636,plus,1.0,1.0,0.0,0
4819,0.009638,plus,1.0,1.0,0.0,1
4820,0.009640000000000001,plus,1.0,1.0,0.0,1
4821,0.009642,plus,1.0,1.0,0.0,1
4822,0.009644,plus,1.0,1.0,0.0,0
4823,0.009646,plus,1.0,1.0,0.0,1
4824,0.009648,plus,1.0,1.0,0.0,1
4825,0.00965,plus,1.0,1.0,0.0,1
4826,0.009652,plus,1.0,1.0,0.0,1
4827,0.009654,plus,1.0,1.0,0.0,0
4828,0.009656000000000001,plus,1.0,1.0,0.0,1
4829,0.009658,plus,1.0,1.0,0.0,0
4830,0.00966,plus,1.0,1.0,0.0,1
4831,0.009662,plus,1.0,1.0,0.0,1
4832,0.009663999999999999,plus,1.0,1.0,0.0,1
4833,0.009666000000000001,plus,1.0,1.0,0.0,0
4834,0.009668000000000001,plus,1.0,1.0,0.0,1
4835,0.00967,plus,1.0,1.0,0.0,1
4836,0.009672,plus,1.0,1.0,0.0,0
4837,0.009674,plus,1.0,1.0,0.0,0
4838,0.009676,plus,1.0,1.0,0.0,0
4839,0.009678,plus,1.0,1.0,0.0,0
4840,0.00968,plus,1.0,1.0,0.0,1
4841,0.009682,plus,1.0,1.0,0.0,1
4842,0.009684000000000002,plus,1.0,1.0,0.0,1
4843,0.009686,plus,1.0,1.0,0.0,1
4844,0.009688,plus,1.0,1.0,0.0,1
4845,0.009689999999999999,plus,1.0,1.0,0.0,1
4846,0.009692000000000001,plus,1.0,1.0,0.0,1
4847,0.009694000000000001,plus,1.0,1.0,0.0,1
4848,0.009696,plus,1.0,1.0,0.0,1
4849,0.009698,plus,1.0,1.0,0.0,1
4850,0.0097,plus,1.0,1.0,0.0,1
4851,0.009702,plus,1.0,1.0,0.0,1
4852,0.009704,plus,1.0,1.0,0.0,0
4853,0.009706,plus,1.0,1.0,0.0,0
4854,0.009708,plus,1.0,1.0,0.0,0
4855,0.009710000000000002,plus,1.0,1.0,0.0,1
4856,0.009712,plus,1.0,1.0,0.0,1
4857,0.009714,plus,1.0,1.0,0.0,0
4858,0.009716,plus,1.0,1.0,0.0,1
4859,0.009718,plus,1.0,1.0,0.0,1
4860,0.009720000000000001,plus,1.0,1.0,0.0,0
4861,0.009722,plus,1.0,1.0,0.0,1
4862,0.009724,plus,1.0,1.0,0.0,1
4863,0.009726,plus,1.0,1.0,0.0,1
4864,0.009728,plus,1.0,1.0,0.0,1
4865,0.00973,plus,1.0,1.0,0.0,0
4866,0.009732,plus,1.0,1.0,0.0,1
4867,0.009734,plus,1.0,1.0,0.0,1
4868,0.009736,plus,1.0,1.0,0.0,1
4869,0.009738,plus,1.0,1.0,0.0,1
4870,0.00974,plus,1.0,1.0,0.0,1
4871,0.009742,plus,1.0,1.0,0.0,0
4872,0.009744,plus,1.0,1.0,0.0,0
4873,0.009746000000000001,plus,1.0,1.0,0.0,1
4874,0.009748,plus,1.0,1.0,0.0,1
4875,0.00975,plus,1.0,1.0,0.0,1
4876,0.009752,plus,1.0,1.0,0.0,1
4877,0.009753999999999999,plus,1.0,1.0,0.0,0
4878,0.009756,plus,1.0,1.0,0.0,0
4879,0.009758000000000001,plus,1.0,1.0,0.0,0
4880,0.00976,plus,1.0,1.0,0.0,1
4881,0.009762,plus,1.0,1.0,0.0,1
4882,0.009764,plus,1.0,1.0,0.0,1
4883,0.009766,plus,1.0,1.0,0.0,0
4884,0.009768,plus,1.0,1.0,0.0,1
4885,0.00977,plus,1.0,1.0,0.0,1
4886,0.009772,plus,1.0,1.0,0.0,1
4887,0.009774000000000001,plus,1.0,1.0,0.0,1
4888,0.009776,plus,1.0,1.0,0.0,1
4889,0.009778,plus,1.0,1.0,0.0,1
4890,0.009779999999999999,plus,1.0,1.0,0.0,1
4891,0.009782,plus,1.0,1.0,0.0,0
4892,0.009784000000000001,plus,1.0,1.0,0.0,1
4893,0.009786,plus,1.0,1.0,0.0,1
4894,0.009788,plus,1.0,1.0,0.0,0
4895,0.00979,plus,1.0,1.0,0.0,1
4896,0.009792,plus,1.0,1.0,0.0,1
4897,0.009794,plus,1.0,1.0,0.0,1
4898,0.009796,plus,1.0,1.0,0.0,1
4899,0.009798,plus,1.0,1.0,0.0,0
4900,0.009800000000000001,plus,1.0,1.0,0.0,1
4901,0.009802,plus,1.0,1.0,0.0,1
4902,0.009804,plus,1.0,1.0,0.0,1
4903,0.009806,plus,1.0,1.0,0.0,1
4904,0.009807999999999999,plus,1.0,1.0,0.0,0
4905,0.009810000000000001,plus,1.0,1.0,0.0,1
4906,0.009812,plus,1.0,1.0,0.0,1
4907,0.009814,plus,1.0,1.0,0.0,1
4908,0.009816,plus,1.0,1.0,0.0,1
4909,0.009818,plus,1.0,1.0,0.0,1
4910,0.00982,plus,1.0,1.0,0.0,0
4911,0.009822000000000001,plus,1.0,1.0,0.0,1
4912,0.009824,plus,1.0,1.0,0.0,1
4913,0.009826,plus,1.0,1.0,0.0,1
4914,0.009828,plus,1.0,1.0,0.0,1
4915,0.00983,plus,1.0,1.0,0.0,1
4916,0.009832,plus,1.0,1.0,0.0,1
4917,0.009833999999999999,plus,1.0,1.0,0.0,1
4918,0.009836000000000001,plus,1.0,1.0,0.0,0
4919,0.009838000000000001,plus,1.0,1.0,0.0,1
4920,0.00984,plus,1.0,1.0,0.0,1
4921,0.009842,plus,1.0,1.0,0.0,1
4922,0.009843999999999999,plus,1.0,1.0,0.0,1
4923,0.009846,plus,1.0,1.0,0.0,1
4924,0.009848,plus,1.0,1.0,0.0,1
4925,0.00985,plus,1.0,1.0,0.0,1
4926,0.009852,plus,1.0,1.0,0.0,1
4927,0.009854000000000002,plus,1.0,1.0,0.0,1
4928,0.009856,plus,1.0,1.0,0.0,1
4929,0.009858,plus,1.0,1.0,0.0,1
4930,0.009859999999999999,plus,1.0,1.0,0.0,1
4931,0.009862,plus,1.0,1.0,0.0,1
4932,0.009864000000000001,plus,1.0,1.0,0.0,1
4933,0.009866,plus,1.0,1.0,0.0,1
4934,0.009868,plus,1.0,1.0,0.0,1
4935,0.00987,plus,1.0,1.0,0.0,1
4936,0.009872,plus,1.0,1.0,0.0,1
4937,0.009874,plus,1.0,1.0,0.0,1
4938,0.009876,plus,1.0,1.0,0.0,1
4939,0.009878,plus,1.0,1.0,0.0,1
4940,0.009880000000000002,plus,1.0,1.0,0.0,1
4941,0.009882,plus,1.0,1.0,0.0,0
4942,0.009884,plus,1.0,1.0,0.0,1
4943,0.009886,plus,1.0,1.0,0.0,1
4944,0.009888,plus,1.0,1.0,0.0,0
4945,0.009890000000000001,plus,1.0,1.0,0.0,1
4946,0.009892,plus,1.0,1.0,0.0,0
4947,0.009894,plus,1.0,1.0,0.0,1
4948,0.009896,plus,1.0,1.0,0.0,1
4949,0.009898,plus,1.0,1.0,0.0,1
4950,0.0099,plus,1.0,1.0,0.0,1
4951,0.009902000000000001,plus,1.0,1.0,0.0,0
4952,0.009904,plus,1.0,1.0,0.0,1
4953,0.009906,plus,1.0,1.0,0.0,1
4954,0.009908,plus,1.0,1.0,0.0,1
4955,0.00991,plus,1.0,1.0,0.0,1
4956,0.009912,plus,1.0,1.0,0.0,0
4957,0.009914,plus,1.0,1.0,0.0,0
4958,0.009916000000000001,plus,1.0,1.0,0.0,1
4959,0.009918000000000001,plus,1.0,1.0,0.0,1
4960,0.00992,plus,1.0,1.0,0.0,1
4961,0.009922,plus,1.0,1.0,0.0,1
4962,0.009923999999999999,plus,1.0,1.0,0.0,0
4963,0.009926,plus,1.0,1.0,0.0,0
4964,0.009928000000000001,plus,1.0,1.0,0.0,1
4965,0.00993,plus,1.0,1.0,0.0,1
4966,0.009932,plus,1.0,1.0,0.0,0
4967,0.009934000000000002,plus,1.0,1.0,0.0,1
4968,0.009936,plus,1.0,1.0,0.0,1
4969,0.009938,plus,1.0,1.0,0.0,0
4970,0.00994,plus,1.0,1.0,0.0,1
4971,0.009942,plus,1.0,1.0,0.0,0
4972,0.009944000000000001,plus,1.0,1.0,0.0,0
4973,0.009946,plus,1.0,1.0,0.0,1
4974,0.009948,plus,1.0,1.0,0.0,0
4975,0.00995,plus,1.0,1.0,0.0,0
4976,0.009952,plus,1.0,1.0,0.0,1
4977,0.009954000000000001,plus,1.0,1.0,0.0,1
4978,0.009956,plus,1.0,1.0,0.0,1
4979,0.009958,plus,1.0,1.0,0.0,1
4980,0.00996,plus,1.0,1.0,0.0,1
4981,0.009962,plus,1.0,1.0,0.0,1
4982,0.009964,plus,1.0,1.0,0.0,1
4983,0.009966000000000001,plus,1.0,1.0,0.0,1
4984,0.009968,plus,1.0,1.0,0.0,0
4985,0.009970000000000001,plus,1.0,1.0,0.0,1
4986,0.009972,plus,1.0,1.0,0.0,1
4987,0.009974,plus,1.0,1.0,0.0,1
4988,0.009976,plus,1.0,1.0,0.0,1
4989,0.009977999999999999,plus,1.0,1.0,0.0,1
4990,0.009980000000000001,plus,1.0,1.0,0.0,1
4991,0.009982000000000001,plus,1.0,1.0,0.0,1
4992,0.009984,plus,1.0,1.0,0.0,0
4993,0.009986,plus,1.0,1.0,0.0,1
4994,0.009988,plus,1.0,1.0,0.0,1
4995,0.00999,plus,1.0,1.0,0.0,0
4996,0.009992000000000001,plus,1.0,1.0,0.0,0
4997,0.009994,plus,1.0,1.0,0.0,1
4998,0.009996,plus,1.0,1.0,0.0,0
4999,0.009998,plus,1.0,1.0,0.0,1
5000,0.01,plus,1.0,1.0,0.0,1
5001,0.010002,plus,1.0,1.0,0.0,1
5002,0.010003999999999999,plus,1.0,1.0,0.0,1
5003,0.010006000000000001,plus,1.0,1.0,0.0,1
5004,0.010008000000000001,plus,1.0,1.0,0.0,1
5005,0.01001,plus,1.0,1.0,0.0,0
5006,0.010012,plus,1.0,1.0,0.0,1
5007,0.010013999999999999,plus,1.0,1.0,0.0,0
5008,0.010016,plus,1.0,1.0,0.0,0
5009,0.010018,plus,1.0,1.0,0.0,0
5010,0.01002,plus,1.0,1.0,0.0,1
5011,0.010022,plus,1.0,1.0,0.0,1
5012,0.010024000000000002,plus,1.0,1.0,0.0,1
5013,0.010026,plus,1.0,1.0,0.0,1
5014,0.010028,plus,1.0,1.0,0.0,1
5015,0.010029999999999999,plus,1.0,1.0,0.0,1
5016,0.010032,plus,1.0,1.0,0.0,0
5017,0.010034000000000001,plus,1.0,1.0,0.0,1
5018,0.010036,plus,1.0,1.0,0.0,1
5019,0.010038,plus,1.0,1.0,0.0,1
5020,0.01004,plus,1.0,1.0,0.0,1
5021,0.010042,plus,1.0,1.0,0.0,0
5022,0.010044,plus,1.0,1.0,0.0,1
5023,0.010046,plus,1.0,1.0,0.0,0
5024,0.010048,plus,1.0,1.0,0.0,0
5025,0.01005,plus,1.0,1.0,0.0,1
5026,0.010052,plus,1.0,1.0,0.0,0
5027,0.010054,plus,1.0,1.0,0.0,1
5028,0.010056,plus,1.0,1.0,0.0,1
5029,0.010058,plus,1.0,1.0,0.0,0
5030,0.010060000000000001,plus,1.0,1.0,0.0,1
5031,0.010062,plus,1.0,1.0,0.0,1
5032,0.010064,plus,1.0,1.0,0.0,1
5033,0.010066,plus,1.0,1.0,0.0,0
5034,0.010067999999999999,plus,1.0,1.0,0.0,1
5035,0.01007,plus,1.0,1.0,0.0,1
5036,0.010072000000000001,plus,1.0,1.0,0.0,1
5037,0.010074,plus,1.0,1.0,0.0,0
5038,0.010076,plus,1.0,1.0,0.0,1
5039,0.010078,plus,1.0,1.0,0.0,0
5040,0.01008,plus,1.0,1.0,0.0,0
5041,0.010082,plus,1.0,1.0,0.0,0
5042,0.010084,plus,1.0,1.0,0.0,0
5043,0.010086,plus,1.0,1.0,0.0,0
5044,0.010088000000000001,plus,1.0,1.0,0.0,1
5045,0.01009,plus,1.0,1.0,0.0,1
5046,0.010092,plus,1.0,1.0,0.0,1
5047,0.010093999999999999,plus,1.0,1.0,0.0,0
5048,0.010096,plus,1.0,1.0,0.0,1
5049,0.010098000000000001,plus,1.0,1.0,0.0,0
5050,0.0101,plus,1.0,1.0,0.0,1
5051,0.010102,plus,1.0,1.0,0.0,0
5052,0.010104,plus,1.0,1.0,0.0,1
5053,0.010106,plus,1.0,1.0,0.0,1
5054,0.010108,plus,1.0,1.0,0.0,1
5055,0.01011,plus,1.0,1.0,0.0,0
5056,0.010112,plus,1.0,1.0,0.0,0
5057,0.010114000000000001,plus,1.0,1.0,0.0,0
5058,0.010116,plus,1.0,1.0,0.0,0
5059,0.010118,plus,1.0,1.0,0.0,1
5060,0.01012,plus,1.0,1.0,0.0,1
5061,0.010121999999999999,plus,1.0,1.0,0.0,1
5062,0.010124000000000001,plus,1.0,1.0,0.0,0
5063,0.010126,plus,1.0,1.0,0.0,0
5064,0.010128,plus,1.0,1.0,0.0,0
5065,0.01013,plus,1.0,1.0,0.0,1
5066,0.010132,plus,1.0,1.0,0.0,1
5067,0.010134,plus,1.0,1.0,0.0,1
5068,0.010136000000000001,plus,1.0,1.0,0.0,1
5069,0.010138,plus,1.0,1.0,0.0,1
5070,0.01014,plus,1.0,1.0,0.0,1
5071,0.010142,plus,1.0,1.0,0.0,1
5072,0.010144,plus,1.0,1.0,0.0,1
5073,0.010146,plus,1.0,1.0,0.0,0
5074,0.010147999999999999,plus,1.0,1.0,0.0,0
5075,0.010150000000000001,plus,1.0,1.0,0.0,1
5076,0.010152000000000001,plus,1.0,1.0,0.0,1
5077,0.010154,plus,1.0,1.0,0.0,1
5078,0.010156,plus,1.0,1.0,0.0,1
5079,0.010157999999999999,plus,1.0,1.0,0.0,1
5080,0.01016,plus,1.0,1.0,0.0,1
5081,0.010162000000000001,plus,1.0,1.0,0.0,0
5082,0.010164,plus,1.0,1.0,0.0,0
5083,0.010166,plus,1.0,1.0,0.0,1
5084,0.010168000000000002,plus,1.0,1.0,0.0,1
5085,0.01017,plus,1.0,1.0,0.0,1
5086,0.010172,plus,1.0,1.0,0.0,1
5087,0.010173999999999999,plus,1.0,1.0,0.0,1
5088,0.010176000000000001,plus,1.0,1.0,0.0,0
5089,0.010178000000000001,plus,1.0,1.0,0.0,1
5090,0.01018,plus,1.0,1.0,0.0,1
5091,0.010182,plus,1.0,1.0,0.0,0
5092,0.010184,plus,1.0,1.0,0.0,1
5093,0.010186,plus,1.0,1.0,0.0,1
5094,0.010188000000000001,plus,1.0,1.0,0.0,1
5095,0.01019,plus,1.0,1.0,0.0,1
5096,0.010192,plus,1.0,1.0,0.0,1
5097,0.010194000000000002,plus,1.0,1.0,0.0,1
5098,0.010196,plus,1.0,1.0,0.0,1
5099,0.010198,plus,1.0,1.0,0.0,1
5100,0.0102,plus,1.0,1.0,0.7853981633974483,1
5101,0.010202,plus,1.0,1.0,0.7853981633974483,1
5102,0.010204000000000001,plus,1.0,1.0,0.7853981633974483,0
5103,0.010206,plus,1.0,1.0,0.7853981633974483,0
5104,0.010208,plus,1.0,1.0,0.7853981633974483,0
5105,0.01021,plus,1.0,1.0,0.7853981633974483,0
5106,0.010212,plus,1.0,1.0,0.7853981633974483,1
5107,0.010214,plus,1.0,1.0,0.7853981633974483,1
5108,0.010216000000000001,plus,1.0,1.0,0.7853981633974483,0
5109,0.010218,plus,1.0,1.0,0.7853981633974483,0
5110,0.01022,plus,1.0,1.0,0.7853981633974483,1
5111,0.010222,plus,1.0,1.0,0.7853981633974483,1
5112,0.010224,plus,1.0,1.0,0.7853981633974483,0
5113,0.010226,plus,1.0,1.0,0.7853981633974483,0
5114,0.010228,plus,1.0,1.0,0.7853981633974483,1
5115,0.010230000000000001,plus,1.0,1.0,0.7853981633974483,1
5116,0.010232000000000002,plus,1.0,1.0,0.7853981633974483,1
5117,0.010234,plus,1.0,1.0,0.7853981633974483,0
5118,0.010236,plus,1.0,1.0,0.7853981633974483,1
5119,0.010237999999999999,plus,1.0,1.0,0.7853981633974483,0
5120,0.01024,plus,1.0,1.0,0.7853981633974483,1
5121,0.010242000000000001,plus,1.0,1.0,0.7853981633974483,1
5122,0.010244,plus,1.0,1.0,0.7853981633974483,1
5123,0.010246,plus,1.0,1.0,0.7853981633974483,0
5124,0.010248,plus,1.0,1.0,0.7853981633974483,1
5125,0.01025,plus,1.0,1.0,0.7853981633974483,1
5126,0.010252,plus,1.0,1.0,0.7853981633974483,0
5127,0.010254,plus,1.0,1.0,0.7853981633974483,1
5128,0.010256,plus,1.0,1.0,0.7853981633974483,0
5129,0.010258000000000001,plus,1.0,1.0,0.7853981633974483,0
5130,0.01026,plus,1.0,1.0,0.7853981633974483,0
5131,0.010262,plus,1.0,1.0,0.7853981633974483,0
5132,0.010263999999999999,plus,1.0,1.0,0.7853981633974483,1
5133,0.010266,plus,1.0,1.0,0.7853981633974483,1
5134,0.010268000000000001,plus,1.0,1.0,0.7853981633974483,1
5135,0.01027,plus,1.0,1.0,0.7853981633974483,1
5136,0.010272,plus,1.0,1.0,0.7853981633974483,1
5137,0.010274,plus,1.0,1.0,0.7853981633974483,1
5138,0.010276,plus,1.0,1.0,0.7853981633974483,1
5139,0.010278,plus,1.0,1.0,0.7853981633974483,1
5140,0.01028,plus,1.0,1.0,0.7853981633974483,1
5141,0.010282,plus,1.0,1.0,0.7853981633974483,1
5142,0.010284000000000001,plus,1.0,1.0,0.7853981633974483,1
5143,0.010286,plus,1.0,1.0,0.7853981633974483,1
5144,0.010288,plus,1.0,1.0,0.7853981633974483,0
5145,0.01029,plus,1.0,1.0,0.7853981633974483,0
5146,0.010291999999999999,plus,1.0,1.0,0.7853981633974483,1
5147,0.010294000000000001,plus,1.0,1.0,0.7853981633974483,0
5148,0.010296,plus,1.0,1.0,0.7853981633974483,1
5149,0.010298,plus,1.0,1.0,0.7853981633974483,1
5150,0.0103,plus,1.0,1.0,0.7853981633974483,1
5151,0.010302,plus,1.0,1.0,0.7853981633974483,1
5152,0.010304,plus,1.0,1.0,0.7853981633974483,1
5153,0.010306000000000001,plus,1.0,1.0,0.7853981633974483,0
5154,0.010308,plus,1.0,1.0,0.7853981633974483,1
5155,0.01031,plus,1.0,1.0,0.7853981633974483,1
5156,0.010312,plus,1.0,1.0,0.7853981633974483,1
5157,0.010314,plus,1.0,1.0,0.7853981633974483,0
5158,0.010316,plus,1.0,1.0,0.7853981633974483,1
5159,0.010317999999999999,plus,1.0,1.0,0.7853981633974483,0
5160,0.010320000000000001,plus,1.0,1.0,0.7853981633974483,1
5161,0.010322000000000001,plus,1.0,1.0,0.7853981633974483,0
5162,0.010324,plus,1.0,1.0,0.7853981633974483,1
5163,0.010326,plus,1.0,1.0,0.7853981633974483,0
5164,0.010327999999999999,plus,1.0,1.0,0.7853981633974483,1
5165,0.01033,plus,1.0,1.0,0.7853981633974483,1
5166,0.010332000000000001,plus,1.0,1.0,0.7853981633974483,1
5167,0.010334,plus,1.0,1.0,0.7853981633974483,0
5168,0.010336,plus,1.0,1.0,0.7853981633974483,1
5169,0.010338000000000002,plus,1.0,1.0,0.7853981633974483,1
5170,0.01034,plus,1.0,1.0,0.7853981633974483,1
5171,0.010342,plus,1.0,1.0,0.7853981633974483,1
5172,0.010343999999999999,plus,1.0,1.0,0.7853981633974483,1
5173,0.010346,plus,1.0,1.0,0.7853981633974483,1
5174,0.010348000000000001,plus,1.0,1.0,0.7853981633974483,1
5175,0.01035,plus,1.0,1.0,0.7853981633974483,0
5176,0.010352,plus,1.0,1.0,0.7853981633974483,0
5177,0.010354,plus,1.0,1.0,0.7853981633974483,0
5178,0.010356,plus,1.0,1.0,0.7853981633974483,0
5179,0.010358000000000001,plus,1.0,1.0,0.7853981633974483,1
5180,0.01036,plus,1.0,1.0,0.7853981633974483,1
5181,0.010362,plus,1.0,1.0,0.7853981633974483,0
5182,0.010364,plus,1.0,1.0,0.7853981633974483,0
5183,0.010366,plus,1.0,1.0,0.7853981633974483,1
5184,0.010368,plus,1.0,1.0,0.7853981633974483,1
5185,0.01037,plus,1.0,1.0,0.7853981633974483,1
5186,0.010372,plus,1.0,1.0,0.7853981633974483,1
5187,0.010374000000000001,plus,1.0,1.0,0.7853981633974483,1
5188,0.010376,plus,1.0,1.0,0.7853981633974483,1
5189,0.010378,plus,1.0,1.0,0.7853981633974483,1
5190,0.01038,plus,1.0,1.0,0.7853981633974483,1
5191,0.010381999999999999,plus,1.0,1.0,0.7853981633974483,1
5192,0.010384000000000001,plus,1.0,1.0,0.7853981633974483,1
5193,0.010386000000000001,plus,1.0,1.0,0.7853981633974483,1
5194,0.010388,plus,1.0,1.0,0.7853981633974483,0
5195,0.01039,plus,1.0,1.0,0.7853981633974483,1
5196,0.010392,plus,1.0,1.0,0.7853981633974483,1
5197,0.010394,plus,1.0,1.0,0.7853981633974483,1
5198,0.010396,plus,1.0,1.0,0.7853981633974483,0
5199,0.010398,plus,1.0,1.0,0.7853981633974483,0
5200,0.0104,plus,1.0,1.0,0.7853981633974483,1
5201,0.010402000000000002,plus,1.0,1.0,0.7853981633974483,1
5202,0.010404,plus,1.0,1.0,0.7853981633974483,1
5203,0.010406,plus,1.0,1.0,0.7853981633974483,0
5204,0.010407999999999999,plus,1.0,1.0,0.7853981633974483,1
5205,0.01041,plus,1.0,1.0,0.7853981633974483,1
5206,0.010412000000000001,plus,1.0,1.0,0.7853981633974483,1
5207,0.010414,plus,1.0,1.0,0.7853981633974483,0
5208,0.010416,plus,1.0,1.0,0.7853981633974483,0
5209,0.010418,plus,1.0,1.0,0.7853981633974483,0
5210,0.01042,plus,1.0,1.0,0.7853981633974483,0
5211,0.010422,plus,1.0,1.0,0.7853981633974483,1
5212,0.010424,plus,1.0,1.0,0.7853981633974483,1
5213,0.010426,plus,1.0,1.0,0.7853981633974483,0
5214,0.010428000000000002,plus,1.0,1.0,0.7853981633974483,1
5215,0.01043,plus,1.0,1.0,0.7853981633974483,0
5216,0.010432,plus,1.0,1.0,0.7853981633974483,0
5217,0.010434,plus,1.0,1.0,0.7853981633974483,0
5218,0.010435999999999999,plus,1.0,1.0,0.7853981633974483,0
5219,0.010438000000000001,plus,1.0,1.0,0.7853981633974483,1
5220,0.01044,plus,1.0,1.0,0.7853981633974483,1
5221,0.010442,plus,1.0,1.0,0.7853981633974483,1
5222,0.010444,plus,1.0,1.0,0.7853981633974483,1
5223,0.010446,plus,1.0,1.0,0.7853981633974483,0
5224,0.010448,plus,1.0,1.0,0.7853981633974483,1
5225,0.010450000000000001,plus,1.0,1.0,0.7853981633974483,1
5226,0.010452,plus,1.0,1.0,0.7853981633974483,1
5227,0.010454000000000001,plus,1.0,1.0,0.7853981633974483,1
5228,0.010456,plus,1.0,1.0,0.7853981633974483,0
5229,0.010458,plus,1.0,1.0,0.7853981633974483,0
5230,0.01046,plus,1.0,1.0,0.7853981633974483,1
5231,0.010461999999999999,plus,1.0,1.0,0.7853981633974483,0
5232,0.010464000000000001,plus,1.0,1.0,0.7853981633974483,1
5233,0.010466000000000001,plus,1.0,1.0,0.7853981633974483,1
5234,0.010468,plus,1.0,1.0,0.7853981633974483,0
5235,0.01047,plus,1.0,1.0,0.7853981633974483,0
5236,0.010471999999999999,plus,1.0,1.0,0.7853981633974483,0
5237,0.010474,plus,1.0,1.0,0.7853981633974483,1
5238,0.010476000000000001,plus,1.0,1.0,0.7853981633974483,1
5239,0.010478,plus,1.0,1.0,0.7853981633974483,1
5240,0.01048,plus,1.0,1.0,0.7853981633974483,0
5241,0.010482000000000002,plus,1.0,1.0,0.7853981633974483,1
5242,0.010484,plus,1.0,1.0,0.7853981633974483,0
5243,0.010486,plus,1.0,1.0,0.7853981633974483,1
5244,0.010487999999999999,plus,1.0,1.0,0.7853981633974483,0
5245,0.010490000000000001,plus,1.0,1.0,0.7853981633974483,0
5246,0.010492000000000001,plus,1.0,1.0,0.7853981633974483,0
5247,0.010494,plus,1.0,1.0,0.7853981633974483,0
5248,0.010496,plus,1.0,1.0,0.7853981633974483,0
5249,0.010497999999999999,plus,1.0,1.0,0.7853981633974483,1
5250,0.0105,plus,1.0,1.0,0.7853981633974483,1
5251,0.010502000000000001,plus,1.0,1.0,0.7853981633974483,1
5252,0.010504,plus,1.0,1.0,0.7853981633974483,0
5253,0.010506,plus,1.0,1.0,0.7853981633974483,0
5254,0.010508000000000002,plus,1.0,1.0,0.7853981633974483,1
5255,0.01051,plus,1.0,1.0,0.7853981633974483,0
5256,0.010512,plus,1.0,1.0,0.7853981633974483,1
5257,0.010513999999999999,plus,1.0,1.0,0.7853981633974483,1
5258,0.010516,plus,1.0,1.0,0.7853981633974483,1
5259,0.010518000000000001,plus,1.0,1.0,0.7853981633974483,0
5260,0.01052,plus,1.0,1.0,0.7853981633974483,0
5261,0.010522,plus,1.0,1.0,0.7853981633974483,0
5262,0.010524,plus,1.0,1.0,0.7853981633974483,1
5263,0.010526,plus,1.0,1.0,0.7853981633974483,1
5264,0.010528000000000001,plus,1.0,1.0,0.7853981633974483,1
5265,0.01053,plus,1.0,1.0,0.7853981633974483,1
5266,0.010532,plus,1.0,1.0,0.7853981633974483,0
5267,0.010534,plus,1.0,1.0,0.7853981633974483,1
5268,0.010536,plus,1.0,1.0,0.7853981633974483,0
5269,0.010538,plus,1.0,1.0,0.7853981633974483,0
5270,0.01054,plus,1.0,1.0,0.7853981633974483,0
5271,0.010542,plus,1.0,1.0,0.7853981633974483,1
5272,0.010544000000000001,plus,1.0,1.0,0.7853981633974483,1
5273,0.010546,plus,1.0,1.0,0.7853981633974483,1
5274,0.010548,plus,1.0,1.0,0.7853981633974483,1
5275,0.01055,plus,1.0,1.0,0.7853981633974483,1
5276,0.010551999999999999,plus,1.0,1.0,0.7853981633974483,0
5277,0.010554000000000001,plus,1.0,1.0,0.7853981633974483,0
5278,0.010556000000000001,plus,1.0,1.0,0.7853981633974483,1
5279,0.010558,plus,1.0,1.0,0.7853981633974483,1
5280,0.01056,plus,1.0,1.0,0.7853981633974483,1
5281,0.010562,plus,1.0,1.0,0.7853981633974483,1
5282,0.010564,plus,1.0,1.0,0.7853981633974483,1
5283,0.010566,plus,1.0,1.0,0.7853981633974483,1
5284,0.010568,plus,1.0,1.0,0.7853981633974483,0
5285,0.01057,plus,1.0,1.0,0.7853981633974483,1
5286,0.010572000000000002,plus,1.0,1.0,0.7853981633974483,1
5287,0.010574,plus,1.0,1.0,0.7853981633974483,0
5288,0.010576,plus,1.0,1.0,0.7853981633974483,0
5289,0.010577999999999999,plus,1.0,1.0,0.7853981633974483,1
5290,0.01058,plus,1.0,1.0,0.7853981633974483,1
5291,0.010582000000000001,plus,1.0,1.0,0.7853981633974483,0
5292,0.010584,plus,1.0,1.0,0.7853981633974483,1
5293,0.010586,plus,1.0,1.0,0.7853981633974483,1
5294,0.010588,plus,1.0,1.0,0.7853981633974483,0
5295,0.01059,plus,1.0,1.0,0.7853981633974483,1
5296,0.010592,plus,1.0,1.0,0.7853981633974483,1
5297,0.010594,plus,1.0,1.0,0.7853981633974483,1
5298,0.010596,plus,1.0,1.0,0.7853981633974483,0
5299,0.010598000000000002,plus,1.0,1.0,0.7853981633974483,1
5300,0.0106,plus,1.0,1.0,0.7853981633974483,1
5301,0.010602,plus,1.0,1.0,0.7853981633974483,0
5302,0.010604,plus,1.0,1.0,0.7853981633974483,0
5303,0.010605999999999999,plus,1.0,1.0,0.7853981633974483,1
5304,0.010608000000000001,plus,1.0,1.0,0.7853981633974483,0
5305,0.01061,plus,1.0,1.0,0.7853981633974483,1
5306,0.010612,plus,1.0,1.0,0.7853981633974483,0
5307,0.010614,plus,1.0,1.0,0.7853981633974483,1
5308,0.010616,plus,1.0,1.0,0.7853981633974483,0
5309,0.010618,plus,1.0,1.0,0.7853981633974483,0
5310,0.010620000000000001,plus,1.0,1.0,0.7853981633974483,1
5311,0.010622,plus,1.0,1.0,0.7853981633974483,1
5312,0.010624,plus,1.0,1.0,0.7853981633974483,0
5313,0.010626,plus,1.0,1.0,0.7853981633974483,1
5314,0.010628,plus,1.0,1.0,0.7853981633974483,1
5315,0.01063,plus,1.0,1.0,0.7853981633974483,1
5316,0.010631999999999999,plus,1.0,1.0,0.7853981633974483,1
5317,0.010634000000000001,plus,1.0,1.0,0.7853981633974483,1
5318,0.010636000000000001,plus,1.0,1.0,0.7853981633974483,0
5319,0.010638,plus,1.0,1.0,0.7853981633974483,0
5320,0.01064,plus,1.0,1.0,0.7853981633974483,1
5321,0.010641999999999999,plus,1.0,1.0,0.7853981633974483,1
5322,0.010644,plus,1.0,1.0,0.7853981633974483,1
5323,0.010646000000000001,plus,1.0,1.0,0.7853981633974483,0
5324,0.010648,plus,1.0,1.0,0.7853981633974483,1
5325,0.01065,plus,1.0,1.0,0.7853981633974483,1
5326,0.010652000000000002,plus,1.0,1.0,0.7853981633974483,1
5327,0.010654,plus,1.0,1.0,0.7853981633974483,1
5328,0.010656,plus,1.0,1.0,0.7853981633974483,0
5329,0.010657999999999999,plus,1.0,1.0,0.7853981633974483,1
5330,0.01066,plus,1.0,1.0,0.7853981633974483,1
5331,0.010662000000000001,plus,1.0,1.0,0.7853981633974483,1
5332,0.010664,plus,1.0,1.0,0.7853981633974483,0
5333,0.010666,plus,1.0,1.0,0.7853981633974483,1
5334,0.010668,plus,1.0,1.0,0.7853981633974483,0
5335,0.01067,plus,1.0,1.0,0.7853981633974483,1
5336,0.010672000000000001,plus,1.0,1.0,0.7853981633974483,0
5337,0.010674,plus,1.0,1.0,0.7853981633974483,1
5338,0.010676,plus,1.0,1.0,0.7853981633974483,1
5339,0.010678,plus,1.0,1.0,0.7853981633974483,1
5340,0.01068,plus,1.0,1.0,0.7853981633974483,1
5341,0.010682,plus,1.0,1.0,0.7853981633974483,1
5342,0.010684,plus,1.0,1.0,0.7853981633974483,0
5343,0.010686,plus,1.0,1.0,0.7853981633974483,0
5344,0.010688000000000001,plus,1.0,1.0,0.7853981633974483,1
5345,0.01069,plus,1.0,1.0,0.7853981633974483,1
5346,0.010692,plus,1.0,1.0,0.7853981633974483,1
5347,0.010694,plus,1.0,1.0,0.7853981633974483,1
5348,0.010695999999999999,plus,1.0,1.0,0.7853981633974483,1
5349,0.010698000000000001,plus,1.0,1.0,0.7853981633974483,1
5350,0.010700000000000001,plus,1.0,1.0,0.7853981633974483,0
5351,0.010702,plus,1.0,1.0,0.7853981633974483,1
5352,0.010704,plus,1.0,1.0,0.7853981633974483,1
5353,0.010706,plus,1.0,1.0,0.7853981633974483,0
5354,0.010708,plus,1.0,1.0,0.7853981633974483,1
5355,0.01071,plus,1.0,1.0,0.7853981633974483,0
5356,0.010712,plus,1.0,1.0,0.7853981633974483,1
5357,0.010714,plus,1.0,1.0,0.7853981633974483,1
5358,0.010716000000000002,plus,1.0,1.0,0.7853981633974483,0
5359,0.010718,plus,1.0,1.0,0.7853981633974483,1
5360,0.01072,plus,1.0,1.0,0.7853981633974483,1
5361,0.010721999999999999,plus,1.0,1.0,0.7853981633974483,0
5362,0.010724000000000001,plus,1.0,1.0,0.7853981633974483,0
5363,0.010726000000000001,plus,1.0,1.0,0.7853981633974483,1
5364,0.010728,plus,1.0,1.0,0.7853981633974483,1
5365,0.01073,plus,1.0,1.0,0.7853981633974483,0
5366,0.010732000000000002,plus,1.0,1.0,0.7853981633974483,1
5367,0.010734,plus,1.0,1.0,0.7853981633974483,0
5368,0.010736,plus,1.0,1.0,0.7853981633974483,1
5369,0.010738,plus,1.0,1.0,0.7853981633974483,1
5370,0.01074,plus,1.0,1.0,0.7853981633974483,1
5371,0.010742000000000002,plus,1.0,1.0,0.7853981633974483,0
5372,0.010744,plus,1.0,1.0,0.7853981633974483,1
5373,0.010746,plus,1.0,1.0,0.7853981633974483,1
5374,0.010748,plus,1.0,1.0,0.7853981633974483,1
5375,0.01075,plus,1.0,1.0,0.7853981633974483,0
5376,0.010752000000000001,plus,1.0,1.0,0.7853981633974483,0
5377,0.010754,plus,1.0,1.0,0.7853981633974483,1
5378,0.010756,plus,1.0,1.0,0.7853981633974483,1
5379,0.010758,plus,1.0,1.0,0.7853981633974483,0
5380,0.01076,plus,1.0,1.0,0.7853981633974483,0
5381,0.010762,plus,1.0,1.0,0.7853981633974483,1
5382,0.010764,plus,1.0,1.0,0.7853981633974483,0
5383,0.010766,plus,1.0,1.0,0.7853981633974483,1
5384,0.010768000000000002,plus,1.0,1.0,0.7853981633974483,1
5385,0.01077,plus,1.0,1.0,0.7853981633974483,1
5386,0.010772,plus,1.0,1.0,0.7853981633974483,0
5387,0.010774,plus,1.0,1.0,0.7853981633974483,1
5388,0.010775999999999999,plus,1.0,1.0,0.7853981633974483,1
5389,0.010778000000000001,plus,1.0,1.0,0.7853981633974483,1
5390,0.01078,plus,1.0,1.0,0.7853981633974483,1
5391,0.010782,plus,1.0,1.0,0.7853981633974483,0
5392,0.010784,plus,1.0,1.0,0.7853981633974483,0
5393,0.010786,plus,1.0,1.0,0.7853981633974483,1
5394,0.010788,plus,1.0,1.0,0.7853981633974483,0
5395,0.010790000000000001,plus,1.0,1.0,0.7853981633974483,0
5396,0.010792,plus,1.0,1.0,0.7853981633974483,1
5397,0.010794,plus,1.0,1.0,0.7853981633974483,0
5398,0.010796,plus,1.0,1.0,0.7853981633974483,1
5399,0.010798,plus,1.0,1.0,0.7853981633974483,1
5400,0.0108,plus,1.0,1.0,1.5707963267948966,0
5401,0.010801999999999999,plus,1.0,1.0,1.5707963267948966,0
5402,0.010804000000000001,plus,1.0,1.0,1.5707963267948966,1
5403,0.010806000000000001,plus,1.0,1.0,1.5707963267948966,1
5404,0.010808,plus,1.0,1.0,1.5707963267948966,0
5405,0.01081,plus,1.0,1.0,1.5707963267948966,1
5406,0.010811999999999999,plus,1.0,1.0,1.5707963267948966,1
5407,0.010814,plus,1.0,1.0,1.5707963267948966,1
5408,0.010816000000000001,plus,1.0,1.0,1.5707963267948966,1
5409,0.010818,plus,1.0,1.0,1.5707963267948966,0
5410,0.01082,plus,1.0,1.0,1.5707963267948966,1
5411,0.010822000000000002,plus,1.0,1.0,1.5707963267948966,0
5412,0.010824,plus,1.0,1.0,1.5707963267948966,0
5413,0.010826,plus,1.0,1.0,1.5707963267948966,1
5414,0.010827999999999999,plus,1.0,1.0,1.5707963267948966,0
5415,0.01083,plus,1.0,1.0,1.5707963267948966,1
5416,0.010832000000000001,plus,1.0,1.0,1.5707963267948966,0
5417,0.010834,plus,1.0,1.0,1.5707963267948966,1
5418,0.010836,plus,1.0,1.0,1.5707963267948966,0
5419,0.010838,plus,1.0,1.0,1.5707963267948966,0
5420,0.01084,plus,1.0,1.0,1.5707963267948966,1
5421,0.010842000000000001,plus,1.0,1.0,1.5707963267948966,1
5422,0.010844,plus,1.0,1.0,1.5707963267948966,1
5423,0.010846,plus,1.0,1.0,1.5707963267948966,1
5424,0.010848,plus,1.0,1.0,1.5707963267948966,0
5425,0.01085,plus,1.0,1.0,1.5707963267948966,1
5426,0.010852,plus,1.0,1.0,1.5707963267948966,1
5427,0.010854,plus,1.0,1.0,1.5707963267948966,1
5428,0.010856,plus,1.0,1.0,1.5707963267948966,0
5429,0.010858000000000001,plus,1.0,1.0,1.5707963267948966,1
5430,0.01086,plus,1.0,1.0,1.5707963267948966,1
5431,0.010862,plus,1.0,1.0,1.5707963267948966,1
5432,0.010864,plus,1.0,1.0,1.5707963267948966,0
5433,0.010865999999999999,plus,1.0,1.0,1.5707963267948966,0
5434,0.010868000000000001,plus,1.0,1.0,1.5707963267948966,0
5435,0.010870000000000001,plus,1.0,1.0,1.5707963267948966,1
5436,0.010872,plus,1.0,1.0,1.5707963267948966,0
5437,0.010874,plus,1.0,1.0,1.5707963267948966,0
5438,0.010876,plus,1.0,1.0,1.5707963267948966,0
5439,0.010878,plus,1.0,1.0,1.5707963267948966,1
5440,0.01088,plus,1.0,1.0,1.5707963267948966,0
5441,0.010882,plus,1.0,1.0,1.5707963267948966,1
5442,0.010884,plus,1.0,1.0,1.5707963267948966,0
5443,0.010886000000000002,plus,1.0,1.0,1.5707963267948966,1
5444,0.010888,plus,1.0,1.0,1.5707963267948966,1
5445,0.01089,plus,1.0,1.0,1.5707963267948966,0
5446,0.010891999999999999,plus,1.0,1.0,1.5707963267948966,1
5447,0.010894000000000001,plus,1.0,1.0,1.5707963267948966,1
5448,0.010896000000000001,plus,1.0,1.0,1.5707963267948966,0
5449,0.010898,plus,1.0,1.0,1.5707963267948966,0
5450,0.0109,plus,1.0,1.0,1.5707963267948966,1
5451,0.010902,plus,1.0,1.0,1.5707963267948966,0
5452,0.010904,plus,1.0,1.0,1.5707963267948966,0
5453,0.010906,plus,1.0,1.0,1.5707963267948966,1
5454,0.010908,plus,1.0,1.0,1.5707963267948966,0
5455,0.01091,plus,1.0,1.0,1.5707963267948966,0
5456,0.010912000000000002,plus,1.0,1.0,1.5707963267948966,0
5457,0.010914,plus,1.0,1.0,1.5707963267948966,1
5458,0.010916,plus,1.0,1.0,1.5707963267948966,1
5459,0.010918,plus,1.0,1.0,1.5707963267948966,0
5460,0.01092,plus,1.0,1.0,1.5707963267948966,0
5461,0.010922000000000001,plus,1.0,1.0,1.5707963267948966,1
5462,0.010924,plus,1.0,1.0,1.5707963267948966,0
5463,0.010926,plus,1.0,1.0,1.5707963267948966,1
5464,0.010928,plus,1.0,1.0,1.5707963267948966,0
5465,0.01093,plus,1.0,1.0,1.5707963267948966,1
5466,0.010932,plus,1.0,1.0,1.5707963267948966,0
5467,0.010934000000000001,plus,1.0,1.0,1.5707963267948966,0
5468,0.010936,plus,1.0,1.0,1.5707963267948966,0
5469,0.010938,plus,1.0,1.0,1.5707963267948966,0
5470,0.01094,plus,1.0,1.0,1.5707963267948966,0
5471,0.010942,plus,1.0,1.0,1.5707963267948966,1
5472,0.010944,plus,1.0,1.0,1.5707963267948966,1
5473,0.010946,plus,1.0,1.0,1.5707963267948966,1
5474,0.010948000000000001,plus,1.0,1.0,1.5707963267948966,0
5475,0.010950000000000001,plus,1.0,1.0,1.5707963267948966,1
5476,0.010952,plus,1.0,1.0,1.5707963267948966,1
5477,0.010954,plus,1.0,1.0,1.5707963267948966,0
5478,0.010955999999999999,plus,1.0,1.0,1.5707963267948966,1
5479,0.010958,plus,1.0,1.0,1.5707963267948966,0
5480,0.010960000000000001,plus,1.0,1.0,1.5707963267948966,1
5481,0.010962,plus,1.0,1.0,1.5707963267948966,1
5482,0.010964,plus,1.0,1.0,1.5707963267948966,0
5483,0.010966000000000002,plus,1.0,1.0,1.5707963267948966,1
5484,0.010968,plus,1.0,1.0,1.5707963267948966,0
5485,0.01097,plus,1.0,1.0,1.5707963267948966,1
5486,0.010971999999999999,plus,1.0,1.0,1.5707963267948966,0
5487,0.010974,plus,1.0,1.0,1.5707963267948966,0
5488,0.010976000000000001,plus,1.0,1.0,1.5707963267948966,1
5489,0.010978,plus,1.0,1.0,1.5707963267948966,0
5490,0.01098,plus,1.0,1.0,1.5707963267948966,0
5491,0.010982,plus,1.0,1.0,1.5707963267948966,1
5492,0.010984,plus,1.0,1.0,1.5707963267948966,0
5493,0.010986000000000001,plus,1.0,1.0,1.5707963267948966,0
5494,0.010988,plus,1.0,1.0,1.5707963267948966,0
5495,0.01099,plus,1.0,1.0,1.5707963267948966,1
5496,0.010992,plus,1.0,1.0,1.5707963267948966,0
5497,0.010994,plus,1.0,1.0,1.5707963267948966,1
5498,0.010996,plus,1.0,1.0,1.5707963267948966,0
5499,0.010998,plus,1.0,1.0,1.5707963267948966,0
5500,0.011,plus,1.0,1.0,1.5707963267948966,1
5501,0.011002000000000001,plus,1.0,1.0,1.5707963267948966,0
5502,0.011004,plus,1.0,1.0,1.5707963267948966,0
5503,0.011006,plus,1.0,1.0,1.5707963267948966,0
5504,0.011008,plus,1.0,1.0,1.5707963267948966,1
5505,0.011009999999999999,plus,1.0,1.0,1.5707963267948966,0
5506,0.011012000000000001,plus,1.0,1.0,1.5707963267948966,0
5507,0.011014,plus,1.0,1.0,1.5707963267948966,0
5508,0.011016,plus,1.0,1.0,1.5707963267948966,0
5509,0.011018,plus,1.0,1.0,1.5707963267948966,0
5510,0.01102,plus,1.0,1.0,1.5707963267948966,0
5511,0.011022,plus,1.0,1.0,1.5707963267948966,1
5512,0.011024,plus,1.0,1.0,1.5707963267948966,1
5513,0.011026,plus,1.0,1.0,1.5707963267948966,1
5514,0.011028,plus,1.0,1.0,1.5707963267948966,1
5515,0.01103,plus,1.0,1.0,1.5707963267948966,0
5516,0.011032,plus,1.0,1.0,1.5707963267948966,1
5517,0.011034,plus,1.0,1.0,1.5707963267948966,1
5518,0.011035999999999999,plus,1.0,1.0,1.5707963267948966,0
5519,0.011038000000000001,plus,1.0,1.0,1.5707963267948966,0
5520,0.011040000000000001,plus,1.0,1.0,1.5707963267948966,0
5521,0.011042,plus,1.0,1.0,1.5707963267948966,0
5522,0.011044,plus,1.0,1.0,1.5707963267948966,0
5523,0.011045999999999999,plus,1.0,1.0,1.5707963267948966,1
5524,0.011048,plus,1.0,1.0,1.5707963267948966,1
5525,0.01105,plus,1.0,1.0,1.5707963267948966,1
5526,0.011052,plus,1.0,1.0,1.5707963267948966,1
5527,0.011054,plus,1.0,1.0,1.5707963267948966,1
5528,0.011056000000000002,plus,1.0,1.0,1.5707963267948966,0
5529,0.011058,plus,1.0,1.0,1.5707963267948966,1
5530,0.01106,plus,1.0,1.0,1.5707963267948966,1
5531,0.011061999999999999,plus,1.0,1.0,1.5707963267948966,0
5532,0.011064000000000001,plus,1.0,1.0,1.5707963267948966,1
5533,0.011066000000000001,plus,1.0,1.0,1.5707963267948966,1
5534,0.011068,plus,1.0,1.0,1.5707963267948966,1
5535,0.01107,plus,1.0,1.0,1.5707963267948966,1
5536,0.011072,plus,1.0,1.0,1.5707963267948966,0
5537,0.011074,plus,1.0,1.0,1.5707963267948966,1
5538,0.011076,plus,1.0,1.0,1.5707963267948966,1
5539,0.011078,plus,1.0,1.0,1.5707963267948966,1
5540,0.01108,plus,1.0,1.0,1.5707963267948966,1
5541,0.011082000000000002,plus,1.0,1.0,1.5707963267948966,0
5542,0.011084,plus,1.0,1.0,1.5707963267948966,0
5543,0.011086,plus,1.0,1.0,1.5707963267948966,1
5544,0.011088,plus,1.0,1.0,1.5707963267948966,1
5545,0.01109,plus,1.0,1.0,1.5707963267948966,1
5546,0.011092000000000001,plus,1.0,1.0,1.5707963267948966,0
5547,0.011094,plus,1.0,1.0,1.5707963267948966,0
5548,0.011096,plus,1.0,1.0,1.5707963267948966,1
5549,0.011098,plus,1.0,1.0,1.5707963267948966,0
5550,0.0111,plus,1.0,1.0,1.5707963267948966,1
5551,0.011102,plus,1.0,1.0,1.5707963267948966,1
5552,0.011104000000000001,plus,1.0,1.0,1.5707963267948966,0
5553,0.011106,plus,1.0,1.0,1.5707963267948966,1
5554,0.011108,plus,1.0,1.0,1.5707963267948966,1
5555,0.01111,plus,1.0,1.0,1.5707963267948966,0
5556,0.011112,plus,1.0,1.0,1.5707963267948966,1
5557,0.011114,plus,1.0,1.0,1.5707963267948966,1
5558,0.011116,plus,1.0,1.0,1.5707963267948966,0
5559,0.011118000000000001,plus,1.0,1.0,1.5707963267948966,1
5560,0.011120000000000001,plus,1.0,1.0,1.5707963267948966,1
5561,0.011122,plus,1.0,1.0,1.5707963267948966,1
5562,0.011124,plus,1.0,1.0,1.5707963267948966,1
5563,0.011125999999999999,plus,1.0,1.0,1.5707963267948966,0
5564,0.011128,plus,1.0,1.0,1.5707963267948966,1
5565,0.011130000000000001,plus,1.0,1.0,1.5707963267948966,1
5566,0.011132,plus,1.0,1.0,1.5707963267948966,0
5567,0.011134,plus,1.0,1.0,1.5707963267948966,1
5568,0.011136000000000002,plus,1.0,1.0,1.5707963267948966,1
5569,0.011138,plus,1.0,1.0,1.5707963267948966,0
5570,0.01114,plus,1.0,1.0,1.5707963267948966,1
5571,0.011141999999999999,plus,1.0,1.0,1.5707963267948966,0
5572,0.011144,plus,1.0,1.0,1.5707963267948966,1
5573,0.011146000000000001,plus,1.0,1.0,1.5707963267948966,1
5574,0.011148,plus,1.0,1.0,1.5707963267948966,0
5575,0.01115,plus,1.0,1.0,1.5707963267948966,0
5576,0.011152,plus,1.0,1.0,1.5707963267948966,1
5577,0.011154,plus,1.0,1.0,1.5707963267948966,0
5578,0.011156000000000001,plus,1.0,1.0,1.5707963267948966,0
5579,0.011158,plus,1.0,1.0,1.5707963267948966,1
5580,0.01116,plus,1.0,1.0,1.5707963267948966,1
5581,0.011162,plus,1.0,1.0,1.5707963267948966,0
5582,0.011164,plus,1.0,1.0,1.5707963267948966,1
5583,0.011166,plus,1.0,1.0,1.5707963267948966,0
5584,0.011168,plus,1.0,1.0,1.5707963267948966,1
5585,0.01117,plus,1.0,1.0,1.5707963267948966,1
5586,0.011172000000000001,plus,1.0,1.0,1.5707963267948966,1
5587,0.011174,plus,1.0,1.0,1.5707963267948966,0
5588,0.011176,plus,1.0,1.0,1.5707963267948966,0
5589,0.011178,plus,1.0,1.0,1.5707963267948966,0
5590,0.011179999999999999,plus,1.0,1.0,1.5707963267948966,1
5591,0.011182000000000001,plus,1.0,1.0,1.5707963267948966,1
5592,0.011184000000000001,plus,1.0,1.0,1.5707963267948966,0
5593,0.011186,plus,1.0,1.0,1.5707963267948966,0
5594,0.011188,plus,1.0,1.0,1.5707963267948966,0
5595,0.01119,plus,1.0,1.0,1.5707963267948966,1
5596,0.011192,plus,1.0,1.0,1.5707963267948966,0
5597,0.011194,plus,1.0,1.0,1.5707963267948966,1
5598,0.011196,plus,1.0,1.0,1.5707963267948966,0
5599,0.011198,plus,1.0,1.0,1.5707963267948966,0
5600,0.011200000000000002,plus,1.0,1.0,1.5707963267948966,1
5601,0.011202,plus,1.0,1.0,1.5707963267948966,1
5602,0.011204,plus,1.0,1.0,1.5707963267948966,1
5603,0.011205999999999999,plus,1.0,1.0,1.5707963267948966,0
5604,0.011208000000000001,plus,1.0,1.0,1.5707963267948966,0
5605,0.011210000000000001,plus,1.0,1.0,1.5707963267948966,0
5606,0.011212,plus,1.0,1.0,1.5707963267948966,0
5607,0.011214,plus,1.0,1.0,1.5707963267948966,0
5608,0.011216,plus,1.0,1.0,1.5707963267948966,1
5609,0.011218,plus,1.0,1.0,1.5707963267948966,1
5610,0.01122,plus,1.0,1.0,1.5707963267948966,1
5611,0.011222,plus,1.0,1.0,1.5707963267948966,0
5612,0.011224,plus,1.0,1.0,1.5707963267948966,1
5613,0.011226000000000002,plus,1.0,1.0,1.5707963267948966,1
5614,0.011228,plus,1.0,1.0,1.5707963267948966,0
5615,0.01123,plus,1.0,1.0,1.5707963267948966,0
5616,0.011232,plus,1.0,1.0,1.5707963267948966,1
5617,0.011234,plus,1.0,1.0,1.5707963267948966,1
5618,0.011236000000000001,plus,1.0,1.0,1.5707963267948966,0
5619,0.011238,plus,1.0,1.0,1.5707963267948966,0
5620,0.01124,plus,1.0,1.0,1.5707963267948966,1
5621,0.011242,plus,1.0,1.0,1.5707963267948966,1
5622,0.011244,plus,1.0,1.0,1.5707963267948966,0
5623,0.011246,plus,1.0,1.0,1.5707963267948966,0
5624,0.011248000000000001,plus,1.0,1.0,1.5707963267948966,0
5625,0.01125,plus,1.0,1.0,1.5707963267948966,0
5626,0.011252,plus,1.0,1.0,1.5707963267948966,1
5627,0.011254,plus,1.0,1.0,1.5707963267948966,0
5628,0.011256,plus,1.0,1.0,1.5707963267948966,1
5629,0.011258,plus,1.0,1.0,1.5707963267948966,0
5630,0.01126,plus,1.0,1.0,1.5707963267948966,0
5631,0.011262000000000001,plus,1.0,1.0,1.5707963267948966,1
5632,0.011264,plus,1.0,1.0,1.5707963267948966,0
5633,0.011266,plus,1.0,1.0,1.5707963267948966,1
5634,0.011268,plus,1.0,1.0,1.5707963267948966,0
5635,0.011269999999999999,plus,1.0,1.0,1.5707963267948966,0
5636,0.011272,plus,1.0,1.0,1.5707963267948966,1
5637,0.011274000000000001,plus,1.0,1.0,1.5707963267948966,0
5638,0.011276,plus,1.0,1.0,1.5707963267948966,1
5639,0.011278,plus,1.0,1.0,1.5707963267948966,0
5640,0.01128,plus,1.0,1.0,1.5707963267948966,1
5641,0.011282,plus,1.0,1.0,1.5707963267948966,0
5642,0.011284,plus,1.0,1.0,1.5707963267948966,0
5643,0.011286,plus,1.0,1.0,1.5707963267948966,0
5644,0.011288,plus,1.0,1.0,1.5707963267948966,0
5645,0.011290000000000001,plus,1.0,1.0,1.5707963267948966,1
5646,0.011292,plus,1.0,1.0,1.5707963267948966,0
5647,0.011294,plus,1.0,1.0,1.5707963267948966,0
5648,0.011295999999999999,plus,1.0,1.0,1.5707963267948966,0
5649,0.011298,plus,1.0,1.0,1.5707963267948966,0
5650,0.011300000000000001,plus,1.0,1.0,1.5707963267948966,0
5651,0.011302,plus,1.0,1.0,1.5707963267948966,0
5652,0.011304,plus,1.0,1.0,1.5707963267948966,0
5653,0.011306,plus,1.0,1.0,1.5707963267948966,1
5654,0.011308,plus,1.0,1.0,1.5707963267948966,1
5655,0.01131,plus,1.0,1.0,1.5707963267948966,0
5656,0.011312,plus,1.0,1.0,1.5707963267948966,0
5657,0.011314,plus,1.0,1.0,1.5707963267948966,0
5658,0.011316000000000001,plus,1.0,1.0,1.5707963267948966,0
5659,0.011318,plus,1.0,1.0,1.5707963267948966,0
5660,0.01132,plus,1.0,1.0,1.5707963267948966,0
5661,0.011322,plus,1.0,1.0,1.5707963267948966,1
5662,0.011323999999999999,plus,1.0,1.0,1.5707963267948966,0
5663,0.011326000000000001,plus,1.0,1.0,1.5707963267948966,1
5664,0.011328,plus,1.0,1.0,1.5707963267948966,1
5665,0.01133,plus,1.0,1.0,1.5707963267948966,1
5666,0.011332,plus,1.0,1.0,1.5707963267948966,0
5667,0.011334,plus,1.0,1.0,1.5707963267948966,0
5668,0.011336,plus,1.0,1.0,1.5707963267948966,1
5669,0.011338,plus,1.0,1.0,1.5707963267948966,1
5670,0.01134,plus,1.0,1.0,1.5707963267948966,1
5671,0.011342000000000001,plus,1.0,1.0,1.5707963267948966,0
5672,0.011344,plus,1.0,1.0,1.5707963267948966,1
5673,0.011346,plus,1.0,1.0,1.5707963267948966,0
5674,0.011348,plus,1.0,1.0,1.5707963267948966,0
5675,0.011349999999999999,plus,1.0,1.0,1.5707963267948966,1
5676,0.011352000000000001,plus,1.0,1.0,1.5707963267948966,1
5677,0.011354000000000001,plus,1.0,1.0,1.5707963267948966,0
5678,0.011356,plus,1.0,1.0,1.5707963267948966,1
5679,0.011358,plus,1.0,1.0,1.5707963267948966,1
5680,0.011359999999999999,plus,1.0,1.0,1.5707963267948966,0
5681,0.011362,plus,1.0,1.0,1.5707963267948966,0
5682,0.011364,plus,1.0,1.0,1.5707963267948966,1
5683,0.011366,plus,1.0,1.0,1.5707963267948966,0
5684,0.011368,plus,1.0,1.0,1.5707963267948966,1
5685,0.011370000000000002,plus,1.0,1.0,1.5707963267948966,1
5686,0.011372,plus,1.0,1.0,1.5707963267948966,0
5687,0.011374,plus,1.0,1.0,1.5707963267948966,1
5688,0.011375999999999999,plus,1.0,1.0,1.5707963267948966,1
5689,0.011378000000000001,plus,1.0,1.0,1.5707963267948966,0
5690,0.011380000000000001,plus,1.0,1.0,1.5707963267948966,1
5691,0.011382,plus,1.0,1.0,1.5707963267948966,0
5692,0.011384,plus,1.0,1.0,1.5707963267948966,0
5693,0.011386,plus,1.0,1.0,1.5707963267948966,1
5694,0.011388,plus,1.0,1.0,1.5707963267948966,0
5695,0.01139,plus,1.0,1.0,1.5707963267948966,1
5696,0.011392,plus,1.0,1.0,1.5707963267948966,1
5697,0.011394,plus,1.0,1.0,1.5707963267948966,0
5698,0.011396000000000002,plus,1.0,1.0,1.5707963267948966,1
5699,0.011398,plus,1.0,1.0,1.5707963267948966,0
5700,0.0114,plus,1.0,1.0,2.356194490192345,1
5701,0.011402,plus,1.0,1.0,2.356194490192345,0
5702,0.011404,plus,1.0,1.0,2.356194490192345,1
5703,0.011406000000000001,plus,1.0,1.0,2.356194490192345,0
5704,0.011408,plus,1.0,1.0,2.356194490192345,0
5705,0.01141,plus,1.0,1.0,2.356194490192345,0
5706,0.011412,plus,1.0,1.0,2.356194490192345,0
5707,0.011414,plus,1.0,1.0,2.356194490192345,1
5708,0.011416,plus,1.0,1.0,2.356194490192345,0
5709,0.011418000000000001,plus,1.0,1.0,2.356194490192345,0
5710,0.01142,plus,1.0,1.0,2.356194490192345,0
5711,0.011422,plus,1.0,1.0,2.356194490192345,0
5712,0.011424,plus,1.0,1.0,2.356194490192345,0
5713,0.011426,plus,1.0,1.0,2.356194490192345,1
5714,0.011428,plus,1.0,1.0,2.356194490192345,0
5715,0.01143,plus,1.0,1.0,2.356194490192345,1
5716,0.011432000000000001,plus,1.0,1.0,2.356194490192345,0
5717,0.011434000000000001,plus,1.0,1.0,2.356194490192345,0
5718,0.011436,plus,1.0,1.0,2.356194490192345,1
5719,0.011438,plus,1.0,1.0,2.356194490192345,0
5720,0.011439999999999999,plus,1.0,1.0,2.356194490192345,0
5721,0.011442,plus,1.0,1.0,2.356194490192345,0
5722,0.011444000000000001,plus,1.0,1.0,2.356194490192345,1
5723,0.011446,plus,1.0,1.0,2.356194490192345,1
5724,0.011448,plus,1.0,1.0,2.356194490192345,0
5725,0.011450000000000002,plus,1.0,1.0,2.356194490192345,0
5726,0.011452,plus,1.0,1.0,2.356194490192345,1
5727,0.011454,plus,1.0,1.0,2.356194490192345,1
5728,0.011456,plus,1.0,1.0,2.356194490192345,0
5729,0.011458,plus,1.0,1.0,2.356194490192345,0
5730,0.011460000000000001,plus,1.0,1.0,2.356194490192345,0
5731,0.011462,plus,1.0,1.0,2.356194490192345,1
5732,0.011464,plus,1.0,1.0,2.356194490192345,0
5733,0.011466,plus,1.0,1.0,2.356194490192345,0
5734,0.011468,plus,1.0,1.0,2.356194490192345,0
5735,0.011470000000000001,plus,1.0,1.0,2.356194490192345,1
5736,0.011472,plus,1.0,1.0,2.356194490192345,0
5737,0.011474,plus,1.0,1.0,2.356194490192345,0
5738,0.011476,plus,1.0,1.0,2.356194490192345,0
5739,0.011478,plus,1.0,1.0,2.356194490192345,0
5740,0.01148,plus,1.0,1.0,2.356194490192345,0
5741,0.011482000000000001,plus,1.0,1.0,2.356194490192345,0
5742,0.011484,plus,1.0,1.0,2.356194490192345,0
5743,0.011486000000000001,plus,1.0,1.0,2.356194490192345,0
5744,0.011488,plus,1.0,1.0,2.356194490192345,1
5745,0.01149,plus,1.0,1.0,2.356194490192345,1
5746,0.011492,plus,1.0,1.0,2.356194490192345,0
5747,0.011493999999999999,plus,1.0,1.0,2.356194490192345,0
5748,0.011496000000000001,plus,1.0,1.0,2.356194490192345,0
5749,0.011498000000000001,plus,1.0,1.0,2.356194490192345,0
5750,0.0115,plus,1.0,1.0,2.356194490192345,1
5751,0.011502,plus,1.0,1.0,2.356194490192345,1
5752,0.011504,plus,1.0,1.0,2.356194490192345,0
5753,0.011506,plus,1.0,1.0,2.356194490192345,0
5754,0.011508000000000001,plus,1.0,1.0,2.356194490192345,1
5755,0.01151,plus,1.0,1.0,2.356194490192345,0
5756,0.011512,plus,1.0,1.0,2.356194490192345,1
5757,0.011514000000000002,plus,1.0,1.0,2.356194490192345,0
5758,0.011516,plus,1.0,1.0,2.356194490192345,0
5759,0.011518,plus,1.0,1.0,2.356194490192345,0
5760,0.011519999999999999,plus,1.0,1.0,2.356194490192345,1
5761,0.011522000000000001,plus,1.0,1.0,2.356194490192345,1
5762,0.011524000000000001,plus,1.0,1.0,2.356194490192345,0
5763,0.011526,plus,1.0,1.0,2.356194490192345,0
5764,0.011528,plus,1.0,1.0,2.356194490192345,1
5765,0.011529999999999999,plus,1.0,1.0,2.356194490192345,0
5766,0.011532,plus,1.0,1.0,2.356194490192345,0
5767,0.011534,plus,1.0,1.0,2.356194490192345,1
5768,0.011536,plus,1.0,1.0,2.356194490192345,1
5769,0.011538,plus,1.0,1.0,2.356194490192345,0
5770,0.011540000000000002,plus,1.0,1.0,2.356194490192345,0
5771,0.011542,plus,1.0,1.0,2.356194490192345,0
5772,0.011544,plus,1.0,1.0,2.356194490192345,0
5773,0.011545999999999999,plus,1.0,1.0,2.356194490192345,0
5774,0.011548,plus,1.0,1.0,2.356194490192345,1
5775,0.011550000000000001,plus,1.0,1.0,2.356194490192345,0
5776,0.011552,plus,1.0,1.0,2.356194490192345,0
5777,0.011554,plus,1.0,1.0,2.356194490192345,1
5778,0.011556,plus,1.0,1.0,2.356194490192345,0
5779,0.011558,plus,1.0,1.0,2.356194490192345,0
5780,0.01156,plus,1.0,1.0,2.356194490192345,0
5781,0.011562,plus,1.0,1.0,2.356194490192345,0
5782,0.011564,plus,1.0,1.0,2.356194490192345,1
5783,0.011566,plus,1.0,1.0,2.356194490192345,0
5784,0.011568,plus,1.0,1.0,2.356194490192345,0
5785,0.01157,plus,1.0,1.0,2.356194490192345,0
5786,0.011572,plus,1.0,1.0,2.356194490192345,1
5787,0.011574,plus,1.0,1.0,2.356194490192345,0
5788,0.011576000000000001,plus,1.0,1.0,2.356194490192345,0
5789,0.011578,plus,1.0,1.0,2.356194490192345,1
5790,0.01158,plus,1.0,1.0,2.356194490192345,0
5791,0.011582,plus,1.0,1.0,2.356194490192345,1
5792,0.011583999999999999,plus,1.0,1.0,2.356194490192345,0
5793,0.011586,plus,1.0,1.0,2.356194490192345,0
5794,0.011588000000000001,plus,1.0,1.0,2.356194490192345,0
5795,0.01159,plus,1.0,1.0,2.356194490192345,0
5796,0.011592,plus,1.0,1.0,2.356194490192345,1
5797,0.011594,plus,1.0,1.0,2.356194490192345,0
5798,0.011596,plus,1.0,1.0,2.356194490192345,0
5799,0.011598,plus,1.0,1.0,2.356194490192345,0
5800,0.0116,plus,1.0,1.0,2.356194490192345,0
5801,0.011602,plus,1.0,1.0,2.356194490192345,1
5802,0.011604000000000001,plus,1.0,1.0,2.356194490192345,0
5803,0.011606,plus,1.0,1.0,2.356194490192345,0
5804,0.011608,plus,1.0,1.0,2.356194490192345,1
5805,0.011609999999999999,plus,1.0,1.0,2.356194490192345,0
5806,0.011612,plus,1.0,1.0,2.356194490192345,0
5807,0.011614000000000001,plus,1.0,1.0,2.356194490192345,0
5808,0.011616,plus,1.0,1.0,2.356194490192345,1
5809,0.011618,plus,1.0,1.0,2.356194490192345,0
5810,0.011620000000000002,plus,1.0,1.0,2.356194490192345,1
5811,0.011622,plus,1.0,1.0,2.356194490192345,1
5812,0.011624,plus,1.0,1.0,2.356194490192345,1
5813,0.011626,plus,1.0,1.0,2.356194490192345,0
5814,0.011628,plus,1.0,1.0,2.356194490192345,0
5815,0.011630000000000001,plus,1.0,1.0,2.356194490192345,0
5816,0.011632,plus,1.0,1.0,2.356194490192345,0
5817,0.011634,plus,1.0,1.0,2.356194490192345,0
5818,0.011636,plus,1.0,1.0,2.356194490192345,0
5819,0.011637999999999999,plus,1.0,1.0,2.356194490192345,1
5820,0.011640000000000001,plus,1.0,1.0,2.356194490192345,0
5821,0.011642,plus,1.0,1.0,2.356194490192345,0
5822,0.011644,plus,1.0,1.0,2.356194490192345,0
5823,0.011646,plus,1.0,1.0,2.356194490192345,1
5824,0.011648,plus,1.0,1.0,2.356194490192345,0
5825,0.01165,plus,1.0,1.0,2.356194490192345,1
5826,0.011652000000000001,plus,1.0,1.0,2.356194490192345,0
5827,0.011654,plus,1.0,1.0,2.356194490192345,0
5828,0.011656000000000001,plus,1.0,1.0,2.356194490192345,0
5829,0.011658,plus,1.0,1.0,2.356194490192345,0
5830,0.01166,plus,1.0,1.0,2.356194490192345,0
5831,0.011662,plus,1.0,1.0,2.356194490192345,1
5832,0.011663999999999999,plus,1.0,1.0,2.356194490192345,0
5833,0.011666000000000001,plus,1.0,1.0,2.356194490192345,0
5834,0.011668000000000001,plus,1.0,1.0,2.356194490192345,0
5835,0.01167,plus,1.0,1.0,2.356194490192345,1
5836,0.011672,plus,1.0,1.0,2.356194490192345,0
5837,0.011674,plus,1.0,1.0,2.356194490192345,1
5838,0.011676,plus,1.0,1.0,2.356194490192345,1
5839,0.011678000000000001,plus,1.0,1.0,2.356194490192345,0
5840,0.01168,plus,1.0,1.0,2.356194490192345,0
5841,0.011682,plus,1.0,1.0,2.356194490192345,1
5842,0.011684000000000002,plus,1.0,1.0,2.356194490192345,1
5843,0.011686,plus,1.0,1.0,2.356194490192345,0
5844,0.011688,plus,1.0,1.0,2.356194490192345,0
5845,0.011689999999999999,plus,1.0,1.0,2.356194490192345,1
5846,0.011692000000000001,plus,1.0,1.0,2.356194490192345,0
5847,0.011694000000000001,plus,1.0,1.0,2.356194490192345,0
5848,0.011696,plus,1.0,1.0,2.356194490192345,1
5849,0.011698,plus,1.0,1.0,2.356194490192345,0
5850,0.0117,plus,1.0,1.0,2.356194490192345,0
5851,0.011702,plus,1.0,1.0,2.356194490192345,0
5852,0.011704,plus,1.0,1.0,2.356194490192345,0
5853,0.011706,plus,1.0,1.0,2.356194490192345,0
5854,0.011708,plus,1.0,1.0,2.356194490192345,0
5855,0.011710000000000002,plus,1.0,1.0,2.356194490192345,0
5856,0.011712,plus,1.0,1.0,2.356194490192345,1
5857,0.011714,plus,1.0,1.0,2.356194490192345,0
5858,0.011716,plus,1.0,1.0,2.356194490192345,1
5859,0.011718,plus,1.0,1.0,2.356194490192345,1
5860,0.011720000000000001,plus,1.0,1.0,2.356194490192345,0
5861,0.011722,plus,1.0,1.0,2.356194490192345,0
5862,0.011724,plus,1.0,1.0,2.356194490192345,0
5863,0.011726,plus,1.0,1.0,2.356194490192345,0
5864,0.011728,plus,1.0,1.0,2.356194490192345,1
5865,0.01173,plus,1.0,1.0,2.356194490192345,0
5866,0.011732000000000001,plus,1.0,1.0,2.356194490192345,0
5867,0.011734,plus,1.0,1.0,2.356194490192345,1
5868,0.011736,plus,1.0,1.0,2.356194490192345,1
5869,0.011738,plus,1.0,1.0,2.356194490192345,0
5870,0.01174,plus,1.0,1.0,2.356194490192345,1
5871,0.011742,plus,1.0,1.0,2.356194490192345,1
5872,0.011744,plus,1.0,1.0,2.356194490192345,0
5873,0.011746000000000001,plus,1.0,1.0,2.356194490192345,1
5874,0.011748000000000001,plus,1.0,1.0,2.356194490192345,0
5875,0.01175,plus,1.0,1.0,2.356194490192345,0
5876,0.011752,plus,1.0,1.0,2.356194490192345,0
5877,0.011753999999999999,plus,1.0,1.0,2.356194490192345,0
5878,0.011756,plus,1.0,1.0,2.356194490192345,0
5879,0.011758000000000001,plus,1.0,1.0,2.356194490192345,0
5880,0.01176,plus,1.0,1.0,2.356194490192345,1
5881,0.011762,plus,1.0,1.0,2.356194490192345,0
5882,0.011764000000000002,plus,1.0,1.0,2.356194490192345,0
5883,0.011766,plus,1.0,1.0,2.356194490192345,1
5884,0.011768,plus,1.0,1.0,2.356194490192345,0
5885,0.01177,plus,1.0,1.0,2.356194490192345,0
5886,0.011772,plus,1.0,1.0,2.356194490192345,0
5887,0.011774000000000001,plus,1.0,1.0,2.356194490192345,1
5888,0.011776,plus,1.0,1.0,2.356194490192345,0
5889,0.011778,plus,1.0,1.0,2.356194490192345,1
5890,0.011779999999999999,plus,1.0,1.0,2.356194490192345,0
5891,0.011782,plus,1.0,1.0,2.356194490192345,0
5892,0.011784000000000001,plus,1.0,1.0,2.356194490192345,0
5893,0.011786,plus,1.0,1.0,2.356194490192345,0
5894,0.011788,plus,1.0,1.0,2.356194490192345,0
5895,0.01179,plus,1.0,1.0,2.356194490192345,1
5896,0.011792,plus,1.0,1.0,2.356194490192345,0
5897,0.011794,plus,1.0,1.0,2.356194490192345,0
5898,0.011796,plus,1.0,1.0,2.356194490192345,0
5899,0.011798,plus,1.0,1.0,2.356194490192345,0
5900,0.011800000000000001,plus,1.0,1.0,2.356194490192345,1
5901,0.011802,plus,1.0,1.0,2.356194490192345,0
5902,0.011804,plus,1.0,1.0,2.356194490192345,0
5903,0.011806,plus,1.0,1.0,2.356194490192345,0
5904,0.011807999999999999,plus,1.0,1.0,2.356194490192345,1
5905,0.011810000000000001,plus,1.0,1.0,2.356194490192345,0
5906,0.011812,plus,1.0,1.0,2.356194490192345,0
5907,0.011814,plus,1.0,1.0,2.356194490192345,0
5908,0.011816,plus,1.0,1.0,2.356194490192345,0
5909,0.011818,plus,1.0,1.0,2.356194490192345,1
5910,0.01182,plus,1.0,1.0,2.356194490192345,0
5911,0.011822000000000001,plus,1.0,1.0,2.356194490192345,0
5912,0.011824,plus,1.0,1.0,2.356194490192345,0
5913,0.011826,plus,1.0,1.0,2.356194490192345,0
5914,0.011828,plus,1.0,1.0,2.356194490192345,1
5915,0.01183,plus,1.0,1.0,2.356194490192345,0
5916,0.011832,plus,1.0,1.0,2.356194490192345,0
5917,0.011833999999999999,plus,1.0,1.0,2.356194490192345,1
5918,0.011836000000000001,plus,1.0,1.0,2.356194490192345,0
5919,0.011838000000000001,plus,1.0,1.0,2.356194490192345,0
5920,0.01184,plus,1.0,1.0,2.356194490192345,0
5921,0.011842,plus,1.0,1.0,2.356194490192345,1
5922,0.011843999999999999,plus,1.0,1.0,2.356194490192345,0
5923,0.011846,plus,1.0,1.0,2.356194490192345,0
5924,0.011848000000000001,plus,1.0,1.0,2.356194490192345,0
5925,0.01185,plus,1.0,1.0,2.356194490192345,1
5926,0.011852,plus,1.0,1.0,2.356194490192345,0
5927,0.011854000000000002,plus,1.0,1.0,2.356194490192345,1
5928,0.011856,plus,1.0,1.0,2.356194490192345,1
5929,0.011858,plus,1.0,1.0,2.356194490192345,0
5930,0.011859999999999999,plus,1.0,1.0,2.356194490192345,1
5931,0.011862,plus,1.0,1.0,2.356194490192345,0
5932,0.011864000000000001,plus,1.0,1.0,2.356194490192345,0
5933,0.011866,plus,1.0,1.0,2.356194490192345,0
5934,0.011868,plus,1.0,1.0,2.356194490192345,0
5935,0.01187,plus,1.0,1.0,2.356194490192345,0
5936,0.011872,plus,1.0,1.0,2.356194490192345,1
5937,0.011874000000000001,plus,1.0,1.0,2.356194490192345,0
5938,0.011876,plus,1.0,1.0,2.356194490192345,0
5939,0.011878,plus,1.0,1.0,2.356194490192345,0
5940,0.01188,plus,1.0,1.0,2.356194490192345,1
5941,0.011882,plus,1.0,1.0,2.356194490192345,0
5942,0.011884,plus,1.0,1.0,2.356194490192345,0
5943,0.011886,plus,1.0,1.0,2.356194490192345,0
5944,0.011888,plus,1.0,1.0,2.356194490192345,0
5945,0.011890000000000001,plus,1.0,1.0,2.356194490192345,1
5946,0.011892,plus,1.0,1.0,2.356194490192345,0
5947,0.011894,plus,1.0,1.0,2.356194490192345,0
5948,0.011896,plus,1.0,1.0,2.356194490192345,0
5949,0.011897999999999999,plus,1.0,1.0,2.356194490192345,0
5950,0.0119,plus,1.0,1.0,2.356194490192345,0
5951,0.011902000000000001,plus,1.0,1.0,2.356194490192345,1
5952,0.011904,plus,1.0,1.0,2.356194490192345,1
5953,0.011906,plus,1.0,1.0,2.356194490192345,0
5954,0.011908,plus,1.0,1.0,2.356194490192345,1
5955,0.01191,plus,1.0,1.0,2.356194490192345,0
5956,0.011912,plus,1.0,1.0,2.356194490192345,1
5957,0.011914,plus,1.0,1.0,2.356194490192345,0
5958,0.011916,plus,1.0,1.0,2.356194490192345,0
5959,0.011918000000000002,plus,1.0,1.0,2.356194490192345,0
5960,0.01192,plus,1.0,1.0,2.356194490192345,0
5961,0.011922,plus,1.0,1.0,2.356194490192345,1
5962,0.011923999999999999,plus,1.0,1.0,2.356194490192345,1
5963,0.011926,plus,1.0,1.0,2.356194490192345,1
5964,0.011928000000000001,plus,1.0,1.0,2.356194490192345,0
5965,0.01193,plus,1.0,1.0,2.356194490192345,1
5966,0.011932,plus,1.0,1.0,2.356194490192345,0
5967,0.011934000000000002,plus,1.0,1.0,2.356194490192345,0
5968,0.011936,plus,1.0,1.0,2.356194490192345,0
5969,0.011938,plus,1.0,1.0,2.356194490192345,1
5970,0.01194,plus,1.0,1.0,2.356194490192345,0
5971,0.011942,plus,1.0,1.0,2.356194490192345,0
5972,0.011944000000000001,plus,1.0,1.0,2.356194490192345,1
5973,0.011946,plus,1.0,1.0,2.356194490192345,1
5974,0.011948,plus,1.0,1.0,2.356194490192345,1
5975,0.01195,plus,1.0,1.0,2.356194490192345,1
5976,0.011952,plus,1.0,1.0,2.356194490192345,0
5977,0.011954000000000001,plus,1.0,1.0,2.356194490192345,0
5978,0.011956,plus,1.0,1.0,2.356194490192345,0
5979,0.011958,plus,1.0,1.0,2.356194490192345,0
5980,0.01196,plus,1.0,1.0,2.356194490192345,0
5981,0.011962,plus,1.0,1.0,2.356194490192345,1
5982,0.011964,plus,1.0,1.0,2.356194490192345,1
5983,0.011966000000000001,plus,1.0,1.0,2.356194490192345,1
5984,0.011968,plus,1.0,1.0,2.356194490192345,1
5985,0.011970000000000001,plus,1.0,1.0,2.356194490192345,1
5986,0.011972,plus,1.0,1.0,2.356194490192345,0
5987,0.011974,plus,1.0,1.0,2.356194490192345,0
5988,0.011976,plus,1.0,1.0,2.356194490192345,0
5989,0.011977999999999999,plus,1.0,1.0,2.356194490192345,1
5990,0.011980000000000001,plus,1.0,1.0,2.356194490192345,0
5991,0.011982000000000001,plus,1.0,1.0,2.356194490192345,1
5992,0.011984,plus,1.0,1.0,2.356194490192345,0
5993,0.011986,plus,1.0,1.0,2.356194490192345,0
5994,0.011988,plus,1.0,1.0,2.356194490192345,1
5995,0.01199,plus,1.0,1.0,2.356194490192345,0
5996,0.011992000000000001,plus,1.0,1.0,2.356194490192345,1
5997,0.011994,plus,1.0,1.0,2.356194490192345,0
5998,0.011996,plus,1.0,1.0,2.356194490192345,0
5999,0.011998000000000002,plus,1.0,1.0,2.356194490192345,1
6000,0.012,plus,1.0,1.0,3.141592653589793,1
6001,0.012002,plus,1.0,1.0,3.141592653589793,0
6002,0.012003999999999999,plus,1.0,1.0,3.141592653589793,1
6003,0.012006000000000001,plus,1.0,1.0,3.141592653589793,0
6004,0.012008000000000001,plus,1.0,1.0,3.141592653589793,1
6005,0.01201,plus,1.0,1.0,3.141592653589793,0
6006,0.012012,plus,1.0,1.0,3.141592653589793,0
6007,0.012014,plus,1.0,1.0,3.141592653589793,0
6008,0.012016,plus,1.0,1.0,3.141592653589793,0
6009,0.012018000000000001,plus,1.0,1.0,3.141592653589793,1
6010,0.01202,plus,1.0,1.0,3.141592653589793,0
6011,0.012022,plus,1.0,1.0,3.141592653589793,1
6012,0.012024000000000002,plus,1.0,1.0,3.141592653589793,0
6013,0.012026,plus,1.0,1.0,3.141592653589793,0
6014,0.012028,plus,1.0,1.0,3.141592653589793,0
6015,0.01203,plus,1.0,1.0,3.141592653589793,0
6016,0.012032,plus,1.0,1.0,3.141592653589793,0
6017,0.012034000000000001,plus,1.0,1.0,3.141592653589793,1
6018,0.012036,plus,1.0,1.0,3.141592653589793,0
6019,0.012038,plus,1.0,1.0,3.141592653589793,0
6020,0.01204,plus,1.0,1.0,3.141592653589793,0
6021,0.012042,plus,1.0,1.0,3.141592653589793,1
6022,0.012044000000000001,plus,1.0,1.0,3.141592653589793,0
6023,0.012046,plus,1.0,1.0,3.141592653589793,1
6024,0.012048,plus,1.0,1.0,3.141592653589793,0
6025,0.01205,plus,1.0,1.0,3.141592653589793,0
6026,0.012052,plus,1.0,1.0,3.141592653589793,1
6027,0.012054,plus,1.0,1.0,3.141592653589793,0
6028,0.012056,plus,1.0,1.0,3.141592653589793,0
6029,0.012058,plus,1.0,1.0,3.141592653589793,1
6030,0.012060000000000001,plus,1.0,1.0,3.141592653589793,1
6031,0.012062,plus,1.0,1.0,3.141592653589793,1
6032,0.012064,plus,1.0,1.0,3.141592653589793,1
6033,0.012066,plus,1.0,1.0,3.141592653589793,1
6034,0.012067999999999999,plus,1.0,1.0,3.141592653589793,0
6035,0.01207,plus,1.0,1.0,3.141592653589793,0
6036,0.012072000000000001,plus,1.0,1.0,3.141592653589793,0
6037,0.012074,plus,1.0,1.0,3.141592653589793,0
6038,0.012076,plus,1.0,1.0,3.141592653589793,1
6039,0.012078,plus,1.0,1.0,3.141592653589793,0
6040,0.01208,plus,1.0,1.0,3.141592653589793,0
6041,0.012082,plus,1.0,1.0,3.141592653589793,0
6042,0.012084,plus,1.0,1.0,3.141592653589793,1
6043,0.012086,plus,1.0,1.0,3.141592653589793,1
6044,0.012088000000000002,plus,1.0,1.0,3.141592653589793,1
6045,0.01209,plus,1.0,1.0,3.141592653589793,0
6046,0.012092,plus,1.0,1.0,3.141592653589793,1
6047,0.012093999999999999,plus,1.0,1.0,3.141592653589793,1
6048,0.012096,plus,1.0,1.0,3.141592653589793,1
6049,0.012098000000000001,plus,1.0,1.0,3.141592653589793,0
6050,0.0121,plus,1.0,1.0,3.141592653589793,0
6051,0.012102,plus,1.0,1.0,3.141592653589793,0
6052,0.012104,plus,1.0,1.0,3.141592653589793,0
6053,0.012106,plus,1.0,1.0,3.141592653589793,0
6054,0.012108,plus,1.0,1.0,3.141592653589793,0
6055,0.01211,plus,1.0,1.0,3.141592653589793,1
6056,0.012112,plus,1.0,1.0,3.141592653589793,0
6057,0.012114000000000002,plus,1.0,1.0,3.141592653589793,0
6058,0.012116,plus,1.0,1.0,3.141592653589793,1
6059,0.012118,plus,1.0,1.0,3.141592653589793,0
6060,0.01212,plus,1.0,1.0,3.141592653589793,1
6061,0.012121999999999999,plus,1.0,1.0,3.141592653589793,1
6062,0.012124000000000001,plus,1.0,1.0,3.141592653589793,0
6063,0.012126,plus,1.0,1.0,3.141592653589793,1
6064,0.012128,plus,1.0,1.0,3.141592653589793,1
6065,0.01213,plus,1.0,1.0,3.141592653589793,0
6066,0.012132,plus,1.0,1.0,3.141592653589793,0
6067,0.012134,plus,1.0,1.0,3.141592653589793,0
6068,0.012136000000000001,plus,1.0,1.0,3.141592653589793,1
6069,0.012138,plus,1.0,1.0,3.141592653589793,0
6070,0.01214,plus,1.0,1.0,3.141592653589793,0
6071,0.012142,plus,1.0,1.0,3.141592653589793,0
6072,0.012144,plus,1.0,1.0,3.141592653589793,0
6073,0.012146,plus,1.0,1.0,3.141592653589793,0
6074,0.012147999999999999,plus,1.0,1.0,3.141592653589793,0
6075,0.012150000000000001,plus,1.0,1.0,3.141592653589793,0
6076,0.012152000000000001,plus,1.0,1.0,3.141592653589793,0
6077,0.012154,plus,1.0,1.0,3.141592653589793,0
6078,0.012156,plus,1.0,1.0,3.141592653589793,0
6079,0.012157999999999999,plus,1.0,1.0,3.141592653589793,0
6080,0.01216,plus,1.0,1.0,3.141592653589793,0
6081,0.012162000000000001,plus,1.0,1.0,3.141592653589793,0
6082,0.012164,plus,1.0,1.0,3.141592653589793,0
6083,0.012166,plus,1.0,1.0,3.141592653589793,0
6084,0.012168000000000002,plus,1.0,1.0,3.141592653589793,0
6085,0.01217,plus,1.0,1.0,3.141592653589793,0
6086,0.012172,plus,1.0,1.0,3.141592653589793,0
6087,0.012173999999999999,plus,1.0,1.0,3.141592653589793,0
6088,0.012176,plus,1.0,1.0,3.141592653589793,0
6089,0.012178000000000001,plus,1.0,1.0,3.141592653589793,0
6090,0.01218,plus,1.0,1.0,3.141592653589793,1
6091,0.012182,plus,1.0,1.0,3.141592653589793,0
6092,0.012184,plus,1.0,1.0,3.141592653589793,0
6093,0.012186,plus,1.0,1.0,3.141592653589793,0
6094,0.012188000000000001,plus,1.0,1.0,3.141592653589793,1
6095,0.01219,plus,1.0,1.0,3.141592653589793,1
6096,0.012192,plus,1.0,1.0,3.141592653589793,0
6097,0.012194,plus,1.0,1.0,3.141592653589793,0
6098,0.012196,plus,1.0,1.0,3.141592653589793,0
6099,0.012198,plus,1.0,1.0,3.141592653589793,1
6100,0.0122,plus,1.0,1.0,3.141592653589793,0
6101,0.012202,plus,1.0,1.0,3.141592653589793,1
6102,0.012204000000000001,plus,1.0,1.0,3.141592653589793,1
6103,0.012206,plus,1.0,1.0,3.141592653589793,0
6104,0.012208,plus,1.0,1.0,3.141592653589793,0
6105,0.01221,plus,1.0,1.0,3.141592653589793,0
6106,0.012211999999999999,plus,1.0,1.0,3.141592653589793,0
6107,0.012214000000000001,plus,1.0,1.0,3.141592653589793,1
6108,0.012216000000000001,plus,1.0,1.0,3.141592653589793,0
6109,0.012218,plus,1.0,1.0,3.141592653589793,1
6110,0.01222,plus,1.0,1.0,3.141592653589793,0
6111,0.012222,plus,1.0,1.0,3.141592653589793,0
6112,0.012224,plus,1.0,1.0,3.141592653589793,1
6113,0.012226,plus,1.0,1.0,3.141592653589793,1
6114,0.012228,plus,1.0,1.0,3.141592653589793,0
6115,0.012230000000000001,plus,1.0,1.0,3.141592653589793,0
6116,0.012232000000000002,plus,1.0,1.0,3.141592653589793,1
6117,0.012234,plus,1.0,1.0,3.141592653589793,0
6118,0.012236,plus,1.0,1.0,3.141592653589793,0
6119,0.012237999999999999,plus,1.0,1.0,3.141592653589793,0
6120,0.012240000000000001,plus,1.0,1.0,3.141592653589793,0
6121,0.012242000000000001,plus,1.0,1.0,3.141592653589793,0
6122,0.012244,plus,1.0,1.0,3.141592653589793,0
6123,0.012246,plus,1.0,1.0,3.141592653589793,0
6124,0.012248000000000002,plus,1.0,1.0,3.141592653589793,1
6125,0.01225,plus,1.0,1.0,3.141592653589793,0
6126,0.012252,plus,1.0,1.0,3.141592653589793,0
6127,0.012254,plus,1.0,1.0,3.141592653589793,0
6128,0.012256,plus,1.0,1.0,3.141592653589793,0
6129,0.012258000000000002,plus,1.0,1.0,3.141592653589793,1
6130,0.01226,plus,1.0,1.0,3.141592653589793,0
6131,0.012262,plus,1.0,1.0,3.141592653589793,0
6132,0.012264,plus,1.0,1.0,3.141592653589793,0
6133,0.012266,plus,1.0,1.0,3.141592653589793,0
6134,0.012268000000000001,plus,1.0,1.0,3.141592653589793,0
6135,0.01227,plus,1.0,1.0,3.141592653589793,0
6136,0.012272,plus,1.0,1.0,3.141592653589793,0
6137,0.012274,plus,1.0,1.0,3.141592653589793,0
6138,0.012276,plus,1.0,1.0,3.141592653589793,0
6139,0.012278,plus,1.0,1.0,3.141592653589793,1
6140,0.012280000000000001,plus,1.0,1.0,3.141592653589793,0
6141,0.012282,plus,1.0,1.0,3.141592653589793,0
6142,0.012284000000000002,plus,1.0,1.0,3.141592653589793,0
6143,0.012286,plus,1.0,1.0,3.141592653589793,0
6144,0.012288,plus,1.0,1.0,3.141592653589793,1
6145,0.01229,plus,1.0,1.0,3.141592653589793,0
6146,0.012291999999999999,plus,1.0,1.0,3.141592653589793,0
6147,0.012294000000000001,plus,1.0,1.0,3.141592653589793,0
6148,0.012296,plus,1.0,1.0,3.141592653589793,0
6149,0.012298,plus,1.0,1.0,3.141592653589793,0
6150,0.0123,plus,1.0,1.0,3.141592653589793,0
6151,0.012302,plus,1.0,1.0,3.141592653589793,0
6152,0.012304,plus,1.0,1.0,3.141592653589793,1
6153,0.012306000000000001,plus,1.0,1.0,3.141592653589793,0
6154,0.012308,plus,1.0,1.0,3.141592653589793,0
6155,0.01231,plus,1.0,1.0,3.141592653589793,1
6156,0.012312,plus,1.0,1.0,3.141592653589793,0
6157,0.012314,plus,1.0,1.0,3.141592653589793,0
6158,0.012316,plus,1.0,1.0,3.141592653589793,1
6159,0.012317999999999999,plus,1.0,1.0,3.141592653589793,0
6160,0.012320000000000001,plus,1.0,1.0,3.141592653589793,0
6161,0.012322000000000001,plus,1.0,1.0,3.141592653589793,0
6162,0.012324,plus,1.0,1.0,3.141592653589793,0
6163,0.012326,plus,1.0,1.0,3.141592653589793,1
6164,0.012327999999999999,plus,1.0,1.0,3.141592653589793,0
6165,0.01233,plus,1.0,1.0,3.141592653589793,0
6166,0.012332000000000001,plus,1.0,1.0,3.141592653589793,0
6167,0.012334,plus,1.0,1.0,3.141592653589793,0
6168,0.012336,plus,1.0,1.0,3.141592653589793,1
6169,0.012338000000000002,plus,1.0,1.0,3.141592653589793,1
6170,0.01234,plus,1.0,1.0,3.141592653589793,1
6171,0.012342,plus,1.0,1.0,3.141592653589793,0
6172,0.012343999999999999,plus,1.0,1.0,3.141592653589793,1
6173,0.012346,plus,1.0,1.0,3.141592653589793,0
6174,0.012348000000000001,plus,1.0,1.0,3.141592653589793,1
6175,0.01235,plus,1.0,1.0,3.141592653589793,1
6176,0.012352,plus,1.0,1.0,3.141592653589793,0
6177,0.012354,plus,1.0,1.0,3.141592653589793,0
6178,0.012356,plus,1.0,1.0,3.141592653589793,0
6179,0.012358000000000001,plus,1.0,1.0,3.141592653589793,0
6180,0.01236,plus,1.0,1.0,3.141592653589793,0
6181,0.012362,plus,1.0,1.0,3.141592653589793,0
6182,0.012364,plus,1.0,1.0,3.141592653589793,0
6183,0.012366,plus,1.0,1.0,3.141592653589793,0
6184,0.012368,plus,1.0,1.0,3.141592653589793,0
6185,0.01237,plus,1.0,1.0,3.141592653589793,0
6186,0.012372,plus,1.0,1.0,3.141592653589793,0
6187,0.012374000000000001,plus,1.0,1.0,3.141592653589793,0
6188,0.012376,plus,1.0,1.0,3.141592653589793,0
6189,0.012378,plus,1.0,1.0,3.141592653589793,0
6190,0.01238,plus,1.0,1.0,3.141592653589793,1
6191,0.012381999999999999,plus,1.0,1.0,3.141592653589793,0
6192,0.012384000000000001,plus,1.0,1.0,3.141592653589793,0
6193,0.012386000000000001,plus,1.0,1.0,3.141592653589793,0
6194,0.012388,plus,1.0,1.0,3.141592653589793,0
6195,0.01239,plus,1.0,1.0,3.141592653589793,0
6196,0.012392,plus,1.0,1.0,3.141592653589793,0
6197,0.012394,plus,1.0,1.0,3.141592653589793,0
6198,0.012396,plus,1.0,1.0,3.141592653589793,0
6199,0.012398,plus,1.0,1.0,3.141592653589793,1
6200,0.0124,plus,1.0,1.0,3.141592653589793,0
6201,0.012402000000000002,plus,1.0,1.0,3.141592653589793,0
6202,0.012404,plus,1.0,1.0,3.141592653589793,0
6203,0.012406,plus,1.0,1.0,3.141592653589793,1
6204,0.012407999999999999,plus,1.0,1.0,3.141592653589793,0
6205,0.012410000000000001,plus,1.0,1.0,3.141592653589793,1
6206,0.012412000000000001,plus,1.0,1.0,3.141592653589793,0
6207,0.012414,plus,1.0,1.0,3.141592653589793,1
6208,0.012416,plus,1.0,1.0,3.141592653589793,0
6209,0.012418,plus,1.0,1.0,3.141592653589793,0
6210,0.01242,plus,1.0,1.0,3.141592653589793,0
6211,0.012422,plus,1.0,1.0,3.141592653589793,0
6212,0.012424,plus,1.0,1.0,3.141592653589793,0
6213,0.012426,plus,1.0,1.0,3.141592653589793,0
6214,0.012428000000000002,plus,1.0,1.0,3.141592653589793,0
6215,0.01243,plus,1.0,1.0,3.141592653589793,0
6216,0.012432,plus,1.0,1.0,3.141592653589793,1
6217,0.012434,plus,1.0,1.0,3.141592653589793,1
6218,0.012436,plus,1.0,1.0,3.141592653589793,0
6219,0.012438000000000001,plus,1.0,1.0,3.141592653589793,0
6220,0.01244,plus,1.0,1.0,3.141592653589793,0
6221,0.012442,plus,1.0,1.0,3.141592653589793,0
6222,0.012444,plus,1.0,1.0,3.141592653589793,1
6223,0.012446,plus,1.0,1.0,3.141592653589793,0
6224,0.012448,plus,1.0,1.0,3.141592653589793,0
6225,0.012450000000000001,plus,1.0,1.0,3.141592653589793,0
6226,0.012452,plus,1.0,1.0,3.141592653589793,0
6227,0.012454,plus,1.0,1.0,3.141592653589793,0
6228,0.012456,plus,1.0,1.0,3.141592653589793,0
6229,0.012458,plus,1.0,1.0,3.141592653589793,0
6230,0.01246,plus,1.0,1.0,3.141592653589793,1
6231,0.012461999999999999,plus,1.0,1.0,3.141592653589793,0
6232,0.012464000000000001,plus,1.0,1.0,3.141592653589793,0
6233,0.012466000000000001,plus,1.0,1.0,3.141592653589793,1
6234,0.012468,plus,1.0,1.0,3.141592653589793,1
6235,0.01247,plus,1.0,1.0,3.141592653589793,0
6236,0.012471999999999999,plus,1.0,1.0,3.141592653589793,0
6237,0.012474,plus,1.0,1.0,3.141592653589793,0
6238,0.012476000000000001,plus,1.0,1.0,3.141592653589793,0
6239,0.012478,plus,1.0,1.0,3.141592653589793,0
6240,0.01248,plus,1.0,1.0,3.141592653589793,0
6241,0.012482000000000002,plus,1.0,1.0,3.141592653589793,0
6242,0.012484,plus,1.0,1.0,3.141592653589793,1
6243,0.012486,plus,1.0,1.0,3.141592653589793,0
6244,0.012487999999999999,plus,1.0,1.0,3.141592653589793,0
6245,0.01249,plus,1.0,1.0,3.141592653589793,0
6246,0.012492000000000001,plus,1.0,1.0,3.141592653589793,0
6247,0.012494,plus,1.0,1.0,3.141592653589793,0
6248,0.012496,plus,1.0,1.0,3.141592653589793,1
6249,0.012498,plus,1.0,1.0,3.141592653589793,0
6250,0.0125,plus,1.0,1.0,3.141592653589793,1
6251,0.012502000000000001,plus,1.0,1.0,3.141592653589793,1
6252,0.012504,plus,1.0,1.0,3.141592653589793,0
6253,0.012506,plus,1.0,1.0,3.141592653589793,0
6254,0.012508000000000002,plus,1.0,1.0,3.141592653589793,0
6255,0.01251,plus,1.0,1.0,3.141592653589793,1
6256,0.012512,plus,1.0,1.0,3.141592653589793,0
6257,0.012514,plus,1.0,1.0,3.141592653589793,0
6258,0.012516,plus,1.0,1.0,3.141592653589793,0
6259,0.012518000000000001,plus,1.0,1.0,3.141592653589793,0
6260,0.01252,plus,1.0,1.0,3.141592653589793,0
6261,0.012522,plus,1.0,1.0,3.141592653589793,0
6262,0.012524,plus,1.0,1.0,3.141592653589793,0
6263,0.012525999999999999,plus,1.0,1.0,3.141592653589793,0
6264,0.012528000000000001,plus,1.0,1.0,3.141592653589793,0
6265,0.012530000000000001,plus,1.0,1.0,3.141592653589793,0
6266,0.012532,plus,1.0,1.0,3.141592653589793,0
6267,0.012534,plus,1.0,1.0,3.141592653589793,0
6268,0.012536,plus,1.0,1.0,3.141592653589793,1
6269,0.012538,plus,1.0,1.0,3.141592653589793,0
6270,0.01254,plus,1.0,1.0,3.141592653589793,1
6271,0.012542,plus,1.0,1.0,3.141592653589793,0
6272,0.012544000000000001,plus,1.0,1.0,3.141592653589793,0
6273,0.012546,plus,1.0,1.0,3.141592653589793,1
6274,0.012548,plus,1.0,1.0,3.141592653589793,0
6275,0.01255,plus,1.0,1.0,3.141592653589793,0
6276,0.012551999999999999,plus,1.0,1.0,3.141592653589793,1
6277,0.012554000000000001,plus,1.0,1.0,3.141592653589793,1
6278,0.012556000000000001,plus,1.0,1.0,3.141592653589793,0
6279,0.012558,plus,1.0,1.0,3.141592653589793,0
6280,0.01256,plus,1.0,1.0,3.141592653589793,1
6281,0.012562,plus,1.0,1.0,3.141592653589793,0
6282,0.012564,plus,1.0,1.0,3.141592653589793,0
6283,0.012566,plus,1.0,1.0,3.141592653589793,0
6284,0.012568,plus,1.0,1.0,3.141592653589793,0
6285,0.01257,plus,1.0,1.0,3.141592653589793,1
6286,0.012572000000000002,plus,1.0,1.0,3.141592653589793,0
6287,0.012574,plus,1.0,1.0,3.141592653589793,0
6288,0.012576,plus,1.0,1.0,3.141592653589793,0
6289,0.012577999999999999,plus,1.0,1.0,3.141592653589793,0
6290,0.012580000000000001,plus,1.0,1.0,3.141592653589793,0
6291,0.012582000000000001,plus,1.0,1.0,3.141592653589793,0
6292,0.012584,plus,1.0,1.0,3.141592653589793,1
6293,0.012586,plus,1.0,1.0,3.141592653589793,1
6294,0.012588,plus,1.0,1.0,3.141592653589793,0
6295,0.01259,plus,1.0,1.0,3.141592653589793,1
6296,0.012592,plus,1.0,1.0,3.141592653589793,0
6297,0.012594,plus,1.0,1.0,3.141592653589793,1
6298,0.012596,plus,1.0,1.0,3.141592653589793,0
6299,0.012598000000000002,plus,1.0,1.0,3.141592653589793,1
6300,0.0126,plus,1.0,1.0,3.9269908169872414,0
6301,0.012602,plus,1.0,1.0,3.9269908169872414,0
6302,0.012604,plus,1.0,1.0,3.9269908169872414,1
6303,0.012606,plus,1.0,1.0,3.9269908169872414,1
6304,0.012608000000000001,plus,1.0,1.0,3.9269908169872414,0
6305,0.01261,plus,1.0,1.0,3.9269908169872414,1
6306,0.012612,plus,1.0,1.0,3.9269908169872414,0
6307,0.012614,plus,1.0,1.0,3.9269908169872414,0
6308,0.012616,plus,1.0,1.0,3.9269908169872414,1
6309,0.012618,plus,1.0,1.0,3.9269908169872414,1
6310,0.012620000000000001,plus,1.0,1.0,3.9269908169872414,0
6311,0.012622,plus,1.0,1.0,3.9269908169872414,1
6312,0.012624,plus,1.0,1.0,3.9269908169872414,1
6313,0.012626,plus,1.0,1.0,3.9269908169872414,1
6314,0.012628,plus,1.0,1.0,3.9269908169872414,1
6315,0.01263,plus,1.0,1.0,3.9269908169872414,0
6316,0.012631999999999999,plus,1.0,1.0,3.9269908169872414,0
6317,0.012634000000000001,plus,1.0,1.0,3.9269908169872414,1
6318,0.012636000000000001,plus,1.0,1.0,3.9269908169872414,0
6319,0.012638,plus,1.0,1.0,3.9269908169872414,1
6320,0.01264,plus,1.0,1.0,3.9269908169872414,1
6321,0.012641999999999999,plus,1.0,1.0,3.9269908169872414,1
6322,0.012644,plus,1.0,1.0,3.9269908169872414,0
6323,0.012646000000000001,plus,1.0,1.0,3.9269908169872414,0
6324,0.012648,plus,1.0,1.0,3.9269908169872414,0
6325,0.01265,plus,1.0,1.0,3.9269908169872414,1
6326,0.012652000000000002,plus,1.0,1.0,3.9269908169872414,1
6327,0.012654,plus,1.0,1.0,3.9269908169872414,0
6328,0.012656,plus,1.0,1.0,3.9269908169872414,0
6329,0.012657999999999999,plus,1.0,1.0,3.9269908169872414,0
6330,0.01266,plus,1.0,1.0,3.9269908169872414,0
6331,0.012662000000000001,plus,1.0,1.0,3.9269908169872414,0
6332,0.012664,plus,1.0,1.0,3.9269908169872414,0
6333,0.012666,plus,1.0,1.0,3.9269908169872414,0
6334,0.012668,plus,1.0,1.0,3.9269908169872414,0
6335,0.01267,plus,1.0,1.0,3.9269908169872414,1
6336,0.012672000000000001,plus,1.0,1.0,3.9269908169872414,0
6337,0.012674,plus,1.0,1.0,3.9269908169872414,0
6338,0.012676,plus,1.0,1.0,3.9269908169872414,1
6339,0.012678,plus,1.0,1.0,3.9269908169872414,0
6340,0.01268,plus,1.0,1.0,3.9269908169872414,1
6341,0.012682,plus,1.0,1.0,3.9269908169872414,1
6342,0.012684,plus,1.0,1.0,3.9269908169872414,0
6343,0.012686,plus,1.0,1.0,3.9269908169872414,0
6344,0.012688000000000001,plus,1.0,1.0,3.9269908169872414,0
6345,0.01269,plus,1.0,1.0,3.9269908169872414,1
6346,0.012692,plus,1.0,1.0,3.9269908169872414,0
6347,0.012694,plus,1.0,1.0,3.9269908169872414,0
6348,0.012695999999999999,plus,1.0,1.0,3.9269908169872414,1
6349,0.012698000000000001,plus,1.0,1.0,3.9269908169872414,1
6350,0.012700000000000001,plus,1.0,1.0,3.9269908169872414,0
6351,0.012702,plus,1.0,1.0,3.9269908169872414,1
6352,0.012704,plus,1.0,1.0,3.9269908169872414,1
6353,0.012706,plus,1.0,1.0,3.9269908169872414,0
6354,0.012708,plus,1.0,1.0,3.9269908169872414,1
6355,0.01271,plus,1.0,1.0,3.9269908169872414,0
6356,0.012712,plus,1.0,1.0,3.9269908169872414,0
6357,0.012714,plus,1.0,1.0,3.9269908169872414,1
6358,0.012716000000000002,plus,1.0,1.0,3.9269908169872414,0
6359,0.012718,plus,1.0,1.0,3.9269908169872414,0
6360,0.01272,plus,1.0,1.0,3.9269908169872414,1
6361,0.012721999999999999,plus,1.0,1.0,3.9269908169872414,1
6362,0.012724000000000001,plus,1.0,1.0,3.9269908169872414,1
6363,0.012726000000000001,plus,1.0,1.0,3.9269908169872414,0
6364,0.012728,plus,1.0,1.0,3.9269908169872414,0
6365,0.01273,plus,1.0,1.0,3.9269908169872414,1
6366,0.012732,plus,1.0,1.0,3.9269908169872414,1
6367,0.012734,plus,1.0,1.0,3.9269908169872414,1
6368,0.012736,plus,1.0,1.0,3.9269908169872414,0
6369,0.012738,plus,1.0,1.0,3.9269908169872414,1
6370,0.01274,plus,1.0,1.0,3.9269908169872414,0
6371,0.012742000000000002,plus,1.0,1.0,3.9269908169872414,0
6372,0.012744,plus,1.0,1.0,3.9269908169872414,0
6373,0.012746,plus,1.0,1.0,3.9269908169872414,1
6374,0.012748,plus,1.0,1.0,3.9269908169872414,1
6375,0.01275,plus,1.0,1.0,3.9269908169872414,0
6376,0.012752000000000001,plus,1.0,1.0,3.9269908169872414,0
6377,0.012754,plus,1.0,1.0,3.9269908169872414,0
6378,0.012756,plus,1.0,1.0,3.9269908169872414,0
6379,0.012758,plus,1.0,1.0,3.9269908169872414,0
6380,0.01276,plus,1.0,1.0,3.9269908169872414,1
6381,0.012762,plus,1.0,1.0,3.9269908169872414,0
6382,0.012764000000000001,plus,1.0,1.0,3.9269908169872414,1
6383,0.012766,plus,1.0,1.0,3.9269908169872414,0
6384,0.012768,plus,1.0,1.0,3.9269908169872414,0
6385,0.01277,plus,1.0,1.0,3.9269908169872414,0
6386,0.012772,plus,1.0,1.0,3.9269908169872414,0
6387,0.012774,plus,1.0,1.0,3.9269908169872414,0
6388,0.012776,plus,1.0,1.0,3.9269908169872414,0
6389,0.012778000000000001,plus,1.0,1.0,3.9269908169872414,0
6390,0.012780000000000001,plus,1.0,1.0,3.9269908169872414,1
6391,0.012782,plus,1.0,1.0,3.9269908169872414,0
6392,0.012784,plus,1.0,1.0,3.9269908169872414,0
6393,0.012785999999999999,plus,1.0,1.0,3.9269908169872414,0
6394,0.012788,plus,1.0,1.0,3.9269908169872414,0
6395,0.012790000000000001,plus,1.0,1.0,3.9269908169872414,1
6396,0.012792,plus,1.0,1.0,3.9269908169872414,0
6397,0.012794,plus,1.0,1.0,3.9269908169872414,0
6398,0.012796000000000002,plus,1.0,1.0,3.9269908169872414,0
6399,0.012798,plus,1.0,1.0,3.9269908169872414,0
6400,0.0128,plus,1.0,1.0,3.9269908169872414,0
6401,0.012802,plus,1.0,1.0,3.9269908169872414,1
6402,0.012804,plus,1.0,1.0,3.9269908169872414,0
6403,0.012806000000000001,plus,1.0,1.0,3.9269908169872414,0
6404,0.012808,plus,1.0,1.0,3.9269908169872414,0
6405,0.01281,plus,1.0,1.0,3.9269908169872414,1
6406,0.012811999999999999,plus,1.0,1.0,3.9269908169872414,0
6407,0.012814,plus,1.0,1.0,3.9269908169872414,0
6408,0.012816000000000001,plus,1.0,1.0,3.9269908169872414,1
6409,0.012818,plus,1.0,1.0,3.9269908169872414,0
6410,0.01282,plus,1.0,1.0,3.9269908169872414,0
6411,0.012822000000000002,plus,1.0,1.0,3.9269908169872414,0
6412,0.012824,plus,1.0,1.0,3.9269908169872414,0
6413,0.012826,plus,1.0,1.0,3.9269908169872414,0
6414,0.012827999999999999,plus,1.0,1.0,3.9269908169872414,1
6415,0.01283,plus,1.0,1.0,3.9269908169872414,1
6416,0.012832000000000001,plus,1.0,1.0,3.9269908169872414,0
6417,0.012834,plus,1.0,1.0,3.9269908169872414,1
6418,0.012836,plus,1.0,1.0,3.9269908169872414,1
6419,0.012838,plus,1.0,1.0,3.9269908169872414,0
6420,0.01284,plus,1.0,1.0,3.9269908169872414,0
6421,0.012842000000000001,plus,1.0,1.0,3.9269908169872414,1
6422,0.012844,plus,1.0,1.0,3.9269908169872414,1
6423,0.012846,plus,1.0,1.0,3.9269908169872414,1
6424,0.012848,plus,1.0,1.0,3.9269908169872414,0
6425,0.01285,plus,1.0,1.0,3.9269908169872414,0
6426,0.012852,plus,1.0,1.0,3.9269908169872414,0
6427,0.012854,plus,1.0,1.0,3.9269908169872414,0
6428,0.012856,plus,1.0,1.0,3.9269908169872414,0
6429,0.012858000000000001,plus,1.0,1.0,3.9269908169872414,1
6430,0.01286,plus,1.0,1.0,3.9269908169872414,0
6431,0.012862,plus,1.0,1.0,3.9269908169872414,1
6432,0.012864,plus,1.0,1.0,3.9269908169872414,0
6433,0.012865999999999999,plus,1.0,1.0,3.9269908169872414,1
6434,0.012868000000000001,plus,1.0,1.0,3.9269908169872414,0
6435,0.012870000000000001,plus,1.0,1.0,3.9269908169872414,1
6436,0.012872,plus,1.0,1.0,3.9269908169872414,1
6437,0.012874,plus,1.0,1.0,3.9269908169872414,1
6438,0.012876,plus,1.0,1.0,3.9269908169872414,0
6439,0.012878,plus,1.0,1.0,3.9269908169872414,0
6440,0.01288,plus,1.0,1.0,3.9269908169872414,0
6441,0.012882,plus,1.0,1.0,3.9269908169872414,1
6442,0.012884,plus,1.0,1.0,3.9269908169872414,0
6443,0.012886000000000002,plus,1.0,1.0,3.9269908169872414,1
6444,0.012888,plus,1.0,1.0,3.9269908169872414,0
6445,0.01289,plus,1.0,1.0,3.9269908169872414,0
6446,0.012891999999999999,plus,1.0,1.0,3.9269908169872414,0
6447,0.012894000000000001,plus,1.0,1.0,3.9269908169872414,0
6448,0.012896000000000001,plus,1.0,1.0,3.9269908169872414,0
6449,0.012898,plus,1.0,1.0,3.9269908169872414,0
6450,0.0129,plus,1.0,1.0,3.9269908169872414,0
6451,0.012902,plus,1.0,1.0,3.9269908169872414,1
6452,0.012904,plus,1.0,1.0,3.9269908169872414,0
6453,0.012906,plus,1.0,1.0,3.9269908169872414,0
6454,0.012908,plus,1.0,1.0,3.9269908169872414,1
6455,0.01291,plus,1.0,1.0,3.9269908169872414,0
6456,0.012912000000000002,plus,1.0,1.0,3.9269908169872414,0
6457,0.012914,plus,1.0,1.0,3.9269908169872414,0
6458,0.012916,plus,1.0,1.0,3.9269908169872414,1
6459,0.012918,plus,1.0,1.0,3.9269908169872414,0
6460,0.01292,plus,1.0,1.0,3.9269908169872414,0
6461,0.012922000000000001,plus,1.0,1.0,3.9269908169872414,0
6462,0.012924,plus,1.0,1.0,3.9269908169872414,0
6463,0.012926,plus,1.0,1.0,3.9269908169872414,0
6464,0.012928,plus,1.0,1.0,3.9269908169872414,0
6465,0.01293,plus,1.0,1.0,3.9269908169872414,1
6466,0.012932,plus,1.0,1.0,3.9269908169872414,0
6467,0.012934000000000001,plus,1.0,1.0,3.9269908169872414,1
6468,0.012936,plus,1.0,1.0,3.9269908169872414,1
6469,0.012938,plus,1.0,1.0,3.9269908169872414,0
6470,0.01294,plus,1.0,1.0,3.9269908169872414,0
6471,0.012942,plus,1.0,1.0,3.9269908169872414,0
6472,0.012944,plus,1.0,1.0,3.9269908169872414,0
6473,0.012946,plus,1.0,1.0,3.9269908169872414,1
6474,0.012948000000000001,plus,1.0,1.0,3.9269908169872414,0
6475,0.012950000000000001,plus,1.0,1.0,3.9269908169872414,0
6476,0.012952,plus,1.0,1.0,3.9269908169872414,1
6477,0.012954,plus,1.0,1.0,3.9269908169872414,0
6478,0.012955999999999999,plus,1.0,1.0,3.9269908169872414,1
6479,0.012958,plus,1.0,1.0,3.9269908169872414,0
6480,0.012960000000000001,plus,1.0,1.0,3.9269908169872414,0
6481,0.012962,plus,1.0,1.0,3.9269908169872414,0
6482,0.012964,plus,1.0,1.0,3.9269908169872414,0
6483,0.012966000000000002,plus,1.0,1.0,3.9269908169872414,0
6484,0.012968,plus,1.0,1.0,3.9269908169872414,1
6485,0.01297,plus,1.0,1.0,3.9269908169872414,1
6486,0.012972,plus,1.0,1.0,3.9269908169872414,0
6487,0.012974,plus,1.0,1.0,3.9269908169872414,0
6488,0.012976000000000001,plus,1.0,1.0,3.9269908169872414,0
6489,0.012978,plus,1.0,1.0,3.9269908169872414,0
6490,0.01298,plus,1.0,1.0,3.9269908169872414,0
6491,0.012982,plus,1.0,1.0,3.9269908169872414,0
6492,0.012984,plus,1.0,1.0,3.9269908169872414,1
6493,0.012986000000000001,plus,1.0,1.0,3.9269908169872414,1
6494,0.012988,plus,1.0,1.0,3.9269908169872414,0
6495,0.01299,plus,1.0,1.0,3.9269908169872414,1
6496,0.012992,plus,1.0,1.0,3.9269908169872414,0
6497,0.012994,plus,1.0,1.0,3.9269908169872414,0
6498,0.012996,plus,1.0,1.0,3.9269908169872414,1
6499,0.012998000000000001,plus,1.0,1.0,3.9269908169872414,1
6500,0.013,plus,1.0,1.0,3.9269908169872414,0
6501,0.013002000000000001,plus,1.0,1.0,3.9269908169872414,1
6502,0.013004,plus,1.0,1.0,3.9269908169872414,0
6503,0.013006,plus,1.0,1.0,3.9269908169872414,0
6504,0.013008,plus,1.0,1.0,3.9269908169872414,0
6505,0.013009999999999999,plus,1.0,1.0,3.9269908169872414,1
6506,0.013012000000000001,plus,1.0,1.0,3.9269908169872414,1
6507,0.013014000000000001,plus,1.0,1.0,3.9269908169872414,0
6508,0.013016,plus,1.0,1.0,3.9269908169872414,1
6509,0.013018,plus,1.0,1.0,3.9269908169872414,1
6510,0.01302,plus,1.0,1.0,3.9269908169872414,0
6511,0.013022,plus,1.0,1.0,3.9269908169872414,0
6512,0.013024,plus,1.0,1.0,3.9269908169872414,0
6513,0.013026,plus,1.0,1.0,3.9269908169872414,1
6514,0.013028,plus,1.0,1.0,3.9269908169872414,0
6515,0.013030000000000002,plus,1.0,1.0,3.9269908169872414,0
6516,0.013032,plus,1.0,1.0,3.9269908169872414,1
6517,0.013034,plus,1.0,1.0,3.9269908169872414,1
6518,0.013035999999999999,plus,1.0,1.0,3.9269908169872414,0
6519,0.013038000000000001,plus,1.0,1.0,3.9269908169872414,0
6520,0.013040000000000001,plus,1.0,1.0,3.9269908169872414,0
6521,0.013042,plus,1.0,1.0,3.9269908169872414,0
6522,0.013044,plus,1.0,1.0,3.9269908169872414,0
6523,0.013046,plus,1.0,1.0,3.9269908169872414,1
6524,0.013048,plus,1.0,1.0,3.9269908169872414,1
6525,0.01305,plus,1.0,1.0,3.9269908169872414,0
6526,0.013052,plus,1.0,1.0,3.9269908169872414,0
6527,0.013054,plus,1.0,1.0,3.9269908169872414,0
6528,0.013056000000000002,plus,1.0,1.0,3.9269908169872414,1
6529,0.013058,plus,1.0,1.0,3.9269908169872414,0
6530,0.01306,plus,1.0,1.0,3.9269908169872414,0
6531,0.013061999999999999,plus,1.0,1.0,3.9269908169872414,1
6532,0.013064,plus,1.0,1.0,3.9269908169872414,0
6533,0.013066000000000001,plus,1.0,1.0,3.9269908169872414,0
6534,0.013068,plus,1.0,1.0,3.9269908169872414,0
6535,0.01307,plus,1.0,1.0,3.9269908169872414,1
6536,0.013072,plus,1.0,1.0,3.9269908169872414,0
6537,0.013074,plus,1.0,1.0,3.9269908169872414,0
6538,0.013076,plus,1.0,1.0,3.9269908169872414,1
6539,0.013078,plus,1.0,1.0,3.9269908169872414,0
6540,0.01308,plus,1.0,1.0,3.9269908169872414,0
6541,0.013082,plus,1.0,1.0,3.9269908169872414,0
6542,0.013084,plus,1.0,1.0,3.9269908169872414,1
6543,0.013086,plus,1.0,1.0,3.9269908169872414,0
6544,0.013088,plus,1.0,1.0,3.9269908169872414,1
6545,0.01309,plus,1.0,1.0,3.9269908169872414,0
6546,0.013092000000000001,plus,1.0,1.0,3.9269908169872414,0
6547,0.013094,plus,1.0,1.0,3.9269908169872414,0
6548,0.013096,plus,1.0,1.0,3.9269908169872414,0
6549,0.013098,plus,1.0,1.0,3.9269908169872414,1
6550,0.013099999999999999,plus,1.0,1.0,3.9269908169872414,1
6551,0.013102,plus,1.0,1.0,3.9269908169872414,1
6552,0.013104000000000001,plus,1.0,1.0,3.9269908169872414,0
6553,0.013106,plus,1.0,1.0,3.9269908169872414,0
6554,0.013108,plus,1.0,1.0,3.9269908169872414,0
6555,0.01311,plus,1.0,1.0,3.9269908169872414,0
6556,0.013112,plus,1.0,1.0,3.9269908169872414,0
6557,0.013114,plus,1.0,1.0,3.9269908169872414,1
6558,0.013116,plus,1.0,1.0,3.9269908169872414,1
6559,0.013118000000000001,plus,1.0,1.0,3.9269908169872414,0
6560,0.013120000000000001,plus,1.0,1.0,3.9269908169872414,0
6561,0.013122,plus,1.0,1.0,3.9269908169872414,1
6562,0.013124,plus,1.0,1.0,3.9269908169872414,1
6563,0.013125999999999999,plus,1.0,1.0,3.9269908169872414,1
6564,0.013128,plus,1.0,1.0,3.9269908169872414,0
6565,0.013130000000000001,plus,1.0,1.0,3.9269908169872414,1
6566,0.013132,plus,1.0,1.0,3.9269908169872414,0
6567,0.013134,plus,1.0,1.0,3.9269908169872414,1
6568,0.013136000000000002,plus,1.0,1.0,3.9269908169872414,0
6569,0.013138,plus,1.0,1.0,3.9269908169872414,0
6570,0.01314,plus,1.0,1.0,3.9269908169872414,0
6571,0.013142,plus,1.0,1.0,3.9269908169872414,1
6572,0.013144,plus,1.0,1.0,3.9269908169872414,0
6573,0.013146000000000001,plus,1.0,1.0,3.9269908169872414,0
6574,0.013148,plus,1.0,1.0,3.9269908169872414,1
6575,0.01315,plus,1.0,1.0,3.9269908169872414,1
6576,0.013152,plus,1.0,1.0,3.9269908169872414,1
6577,0.013154,plus,1.0,1.0,3.9269908169872414,0
6578,0.013156000000000001,plus,1.0,1.0,3.9269908169872414,0
6579,0.013158,plus,1.0,1.0,3.9269908169872414,0
6580,0.01316,plus,1.0,1.0,3.9269908169872414,0
6581,0.013162,plus,1.0,1.0,3.9269908169872414,0
6582,0.013164,plus,1.0,1.0,3.9269908169872414,0
6583,0.013166,plus,1.0,1.0,3.9269908169872414,0
6584,0.013168000000000001,plus,1.0,1.0,3.9269908169872414,1
6585,0.01317,plus,1.0,1.0,3.9269908169872414,0
6586,0.013172000000000001,plus,1.0,1.0,3.9269908169872414,0
6587,0.013174,plus,1.0,1.0,3.9269908169872414,0
6588,0.013176,plus,1.0,1.0,3.9269908169872414,0
6589,0.013178,plus,1.0,1.0,3.9269908169872414,1
6590,0.013179999999999999,plus,1.0,1.0,3.9269908169872414,1
6591,0.013182000000000001,plus,1.0,1.0,3.9269908169872414,0
6592,0.013184000000000001,plus,1.0,1.0,3.9269908169872414,0
6593,0.013186,plus,1.0,1.0,3.9269908169872414,0
6594,0.013188,plus,1.0,1.0,3.9269908169872414,0
6595,0.01319,plus,1.0,1.0,3.9269908169872414,0
6596,0.013192,plus,1.0,1.0,3.9269908169872414,0
6597,0.013194,plus,1.0,1.0,3.9269908169872414,0
6598,0.013196,plus,1.0,1.0,3.9269908169872414,0
6599,0.013198,plus,1.0,1.0,3.9269908169872414,1
6600,0.013200000000000002,plus,1.0,1.0,4.71238898038469,1
6601,0.013202,plus,1.0,1.0,4.71238898038469,1
6602,0.013204,plus,1.0,1.0,4.71238898038469,1
6603,0.013205999999999999,plus,1.0,1.0,4.71238898038469,1
6604,0.013208000000000001,plus,1.0,1.0,4.71238898038469,0
6605,0.013210000000000001,plus,1.0,1.0,4.71238898038469,0
6606,0.013212,plus,1.0,1.0,4.71238898038469,0
6607,0.013214,plus,1.0,1.0,4.71238898038469,1
6608,0.013216,plus,1.0,1.0,4.71238898038469,0
6609,0.013218,plus,1.0,1.0,4.71238898038469,0
6610,0.01322,plus,1.0,1.0,4.71238898038469,1
6611,0.013222,plus,1.0,1.0,4.71238898038469,0
6612,0.013224,plus,1.0,1.0,4.71238898038469,1
6613,0.013226000000000002,plus,1.0,1.0,4.71238898038469,0
6614,0.013228,plus,1.0,1.0,4.71238898038469,0
6615,0.01323,plus,1.0,1.0,4.71238898038469,1
6616,0.013232,plus,1.0,1.0,4.71238898038469,1
6617,0.013234,plus,1.0,1.0,4.71238898038469,0
6618,0.013236000000000001,plus,1.0,1.0,4.71238898038469,0
6619,0.013238,plus,1.0,1.0,4.71238898038469,0
6620,0.01324,plus,1.0,1.0,4.71238898038469,0
6621,0.013242,plus,1.0,1.0,4.71238898038469,0
6622,0.013244,plus,1.0,1.0,4.71238898038469,0
6623,0.013246,plus,1.0,1.0,4.71238898038469,1
6624,0.013248000000000001,plus,1.0,1.0,4.71238898038469,1
6625,0.01325,plus,1.0,1.0,4.71238898038469,0
6626,0.013252,plus,1.0,1.0,4.71238898038469,0
6627,0.013254,plus,1.0,1.0,4.71238898038469,1
6628,0.013256,plus,1.0,1.0,4.71238898038469,0
6629,0.013258,plus,1.0,1.0,4.71238898038469,1
6630,0.01326,plus,1.0,1.0,4.71238898038469,1
6631,0.013262000000000001,plus,1.0,1.0,4.71238898038469,1
6632,0.013264000000000001,plus,1.0,1.0,4.71238898038469,1
6633,0.013266,plus,1.0,1.0,4.71238898038469,1
6634,0.013268,plus,1.0,1.0,4.71238898038469,0
6635,0.013269999999999999,plus,1.0,1.0,4.71238898038469,0
6636,0.013272,plus,1.0,1.0,4.71238898038469,1
6637,0.013274000000000001,plus,1.0,1.0,4.71238898038469,0
6638,0.013276,plus,1.0,1.0,4.71238898038469,0
6639,0.013278,plus,1.0,1.0,4.71238898038469,1
6640,0.013280000000000002,plus,1.0,1.0,4.71238898038469,0
6641,0.013282,plus,1.0,1.0,4.71238898038469,1
6642,0.013284,plus,1.0,1.0,4.71238898038469,1
6643,0.013286,plus,1.0,1.0,4.71238898038469,1
6644,0.013288,plus,1.0,1.0,4.71238898038469,1
6645,0.013290000000000001,plus,1.0,1.0,4.71238898038469,1
6646,0.013292,plus,1.0,1.0,4.71238898038469,1
6647,0.013294,plus,1.0,1.0,4.71238898038469,0
6648,0.013296,plus,1.0,1.0,4.71238898038469,0
6649,0.013298,plus,1.0,1.0,4.71238898038469,0
6650,0.013300000000000001,plus,1.0,1.0,4.71238898038469,1
6651,0.013302,plus,1.0,1.0,4.71238898038469,1
6652,0.013304,plus,1.0,1.0,4.71238898038469,0
6653,0.013306,plus,1.0,1.0,4.71238898038469,0
6654,0.013308,plus,1.0,1.0,4.71238898038469,1
6655,0.01331,plus,1.0,1.0,4.71238898038469,1
6656,0.013312000000000001,plus,1.0,1.0,4.71238898038469,0
6657,0.013314,plus,1.0,1.0,4.71238898038469,0
6658,0.013316000000000001,plus,1.0,1.0,4.71238898038469,1
6659,0.013318,plus,1.0,1.0,4.71238898038469,1
6660,0.01332,plus,1.0,1.0,4.71238898038469,0
6661,0.013322,plus,1.0,1.0,4.71238898038469,1
6662,0.013323999999999999,plus,1.0,1.0,4.71238898038469,1
6663,0.013326000000000001,plus,1.0,1.0,4.71238898038469,0
6664,0.013328,plus,1.0,1.0,4.71238898038469,0
6665,0.01333,plus,1.0,1.0,4.71238898038469,1
6666,0.013332,plus,1.0,1.0,4.71238898038469,0
6667,0.013334,plus,1.0,1.0,4.71238898038469,1
6668,0.013336,plus,1.0,1.0,4.71238898038469,0
6669,0.013338000000000001,plus,1.0,1.0,4.71238898038469,0
6670,0.01334,plus,1.0,1.0,4.71238898038469,0
6671,0.013342,plus,1.0,1.0,4.71238898038469,0
6672,0.013344,plus,1.0,1.0,4.71238898038469,0
6673,0.013346,plus,1.0,1.0,4.71238898038469,1
6674,0.013348,plus,1.0,1.0,4.71238898038469,1
6675,0.013349999999999999,plus,1.0,1.0,4.71238898038469,0
6676,0.013352000000000001,plus,1.0,1.0,4.71238898038469,0
6677,0.013354000000000001,plus,1.0,1.0,4.71238898038469,0
6678,0.013356,plus,1.0,1.0,4.71238898038469,0
6679,0.013358,plus,1.0,1.0,4.71238898038469,1
6680,0.013359999999999999,plus,1.0,1.0,4.71238898038469,0
6681,0.013362,plus,1.0,1.0,4.71238898038469,0
6682,0.013364000000000001,plus,1.0,1.0,4.71238898038469,1
6683,0.013366,plus,1.0,1.0,4.71238898038469,0
6684,0.013368,plus,1.0,1.0,4.71238898038469,1
6685,0.013370000000000002,plus,1.0,1.0,4.71238898038469,0
6686,0.013372,plus,1.0,1.0,4.71238898038469,1
6687,0.013374,plus,1.0,1.0,4.71238898038469,0
6688,0.013375999999999999,plus,1.0,1.0,4.71238898038469,0
6689,0.013378,plus,1.0,1.0,4.71238898038469,1
6690,0.013380000000000001,plus,1.0,1.0,4.71238898038469,1
6691,0.013382,plus,1.0,1.0,4.71238898038469,1
6692,0.013384,plus,1.0,1.0,4.71238898038469,0
6693,0.013386,plus,1.0,1.0,4.71238898038469,0
6694,0.013388,plus,1.0,1.0,4.71238898038469,0
6695,0.01339,plus,1.0,1.0,4.71238898038469,0
6696,0.013392,plus,1.0,1.0,4.71238898038469,1
6697,0.013394,plus,1.0,1.0,4.71238898038469,0
6698,0.013396000000000002,plus,1.0,1.0,4.71238898038469,1
6699,0.013398,plus,1.0,1.0,4.71238898038469,0
6700,0.0134,plus,1.0,1.0,4.71238898038469,0
6701,0.013402,plus,1.0,1.0,4.71238898038469,0
6702,0.013404,plus,1.0,1.0,4.71238898038469,1
6703,0.013406000000000001,plus,1.0,1.0,4.71238898038469,0
6704,0.013408,plus,1.0,1.0,4.71238898038469,1
6705,0.01341,plus,1.0,1.0,4.71238898038469,0
6706,0.013412,plus,1.0,1.0,4.71238898038469,0
6707,0.013413999999999999,plus,1.0,1.0,4.71238898038469,0
6708,0.013416,plus,1.0,1.0,4.71238898038469,0
6709,0.013418000000000001,plus,1.0,1.0,4.71238898038469,1
6710,0.01342,plus,1.0,1.0,4.71238898038469,0
6711,0.013422,plus,1.0,1.0,4.71238898038469,1
6712,0.013424,plus,1.0,1.0,4.71238898038469,0
6713,0.013426,plus,1.0,1.0,4.71238898038469,1
6714,0.013428,plus,1.0,1.0,4.71238898038469,1
6715,0.01343,plus,1.0,1.0,4.71238898038469,1
6716,0.013432000000000001,plus,1.0,1.0,4.71238898038469,0
6717,0.013434000000000001,plus,1.0,1.0,4.71238898038469,1
6718,0.013436,plus,1.0,1.0,4.71238898038469,0
6719,0.013438,plus,1.0,1.0,4.71238898038469,0
6720,0.013439999999999999,plus,1.0,1.0,4.71238898038469,0
6721,0.013442,plus,1.0,1.0,4.71238898038469,0
6722,0.013444000000000001,plus,1.0,1.0,4.71238898038469,0
6723,0.013446,plus,1.0,1.0,4.71238898038469,1
6724,0.013448,plus,1.0,1.0,4.71238898038469,0
6725,0.013450000000000002,plus,1.0,1.0,4.71238898038469,1
6726,0.013452,plus,1.0,1.0,4.71238898038469,0
6727,0.013454,plus,1.0,1.0,4.71238898038469,1
6728,0.013456,plus,1.0,1.0,4.71238898038469,1
6729,0.013458,plus,1.0,1.0,4.71238898038469,1
6730,0.013460000000000001,plus,1.0,1.0,4.71238898038469,0
6731,0.013462,plus,1.0,1.0,4.71238898038469,0
6732,0.013464,plus,1.0,1.0,4.71238898038469,1
6733,0.013466,plus,1.0,1.0,4.71238898038469,1
6734,0.013468,plus,1.0,1.0,4.71238898038469,0
6735,0.013470000000000001,plus,1.0,1.0,4.71238898038469,1
6736,0.013472,plus,1.0,1.0,4.71238898038469,0
6737,0.013474,plus,1.0,1.0,4.71238898038469,1
6738,0.013476,plus,1.0,1.0,4.71238898038469,0
6739,0.013478,plus,1.0,1.0,4.71238898038469,1
6740,0.01348,plus,1.0,1.0,4.71238898038469,1
6741,0.013482000000000001,plus,1.0,1.0,4.71238898038469,1
6742,0.013484,plus,1.0,1.0,4.71238898038469,0
6743,0.013486000000000001,plus,1.0,1.0,4.71238898038469,1
6744,0.013488,plus,1.0,1.0,4.71238898038469,0
6745,0.01349,plus,1.0,1.0,4.71238898038469,0
6746,0.013492,plus,1.0,1.0,4.71238898038469,1
6747,0.013493999999999999,plus,1.0,1.0,4.71238898038469,1
6748,0.013496000000000001,plus,1.0,1.0,4.71238898038469,1
6749,0.013498000000000001,plus,1.0,1.0,4.71238898038469,1
6750,0.0135,plus,1.0,1.0,4.71238898038469,1
6751,0.013502,plus,1.0,1.0,4.71238898038469,1
6752,0.013504,plus,1.0,1.0,4.71238898038469,1
6753,0.013506,plus,1.0,1.0,4.71238898038469,0
6754,0.013508000000000001,plus,1.0,1.0,4.71238898038469,1
6755,0.01351,plus,1.0,1.0,4.71238898038469,1
6756,0.013512,plus,1.0,1.0,4.71238898038469,1
6757,0.013514000000000002,plus,1.0,1.0,4.71238898038469,1
6758,0.013516,plus,1.0,1.0,4.71238898038469,0
6759,0.013518,plus,1.0,1.0,4.71238898038469,1
6760,0.013519999999999999,plus,1.0,1.0,4.71238898038469,1
6761,0.013522000000000001,plus,1.0,1.0,4.71238898038469,1
6762,0.013524000000000001,plus,1.0,1.0,4.71238898038469,0
6763,0.013526,plus,1.0,1.0,4.71238898038469,0
6764,0.013528,plus,1.0,1.0,4.71238898038469,0
6765,0.01353,plus,1.0,1.0,4.71238898038469,1
6766,0.013532,plus,1.0,1.0,4.71238898038469,0
6767,0.013534000000000001,plus,1.0,1.0,4.71238898038469,0
6768,0.013536,plus,1.0,1.0,4.71238898038469,0
6769,0.013538,plus,1.0,1.0,4.71238898038469,0
6770,0.013540000000000002,plus,1.0,1.0,4.71238898038469,0
6771,0.013542,plus,1.0,1.0,4.71238898038469,0
6772,0.013544,plus,1.0,1.0,4.71238898038469,0
6773,0.013546,plus,1.0,1.0,4.71238898038469,1
6774,0.013548,plus,1.0,1.0,4.71238898038469,0
6775,0.013550000000000001,plus,1.0,1.0,4.71238898038469,0
6776,0.013552,plus,1.0,1.0,4.71238898038469,1
6777,0.013554,plus,1.0,1.0,4.71238898038469,1
6778,0.013556,plus,1.0,1.0,4.71238898038469,0
6779,0.013558,plus,1.0,1.0,4.71238898038469,0
6780,0.013560000000000001,plus,1.0,1.0,4.71238898038469,1
6781,0.013562000000000001,plus,1.0,1.0,4.71238898038469,0
6782,0.013564,plus,1.0,1.0,4.71238898038469,1
6783,0.013566,plus,1.0,1.0,4.71238898038469,1
6784,0.013568,plus,1.0,1.0,4.71238898038469,1
6785,0.01357,plus,1.0,1.0,4.71238898038469,1
6786,0.013572,plus,1.0,1.0,4.71238898038469,0
6787,0.013574,plus,1.0,1.0,4.71238898038469,0
6788,0.013576000000000001,plus,1.0,1.0,4.71238898038469,1
6789,0.013578,plus,1.0,1.0,4.71238898038469,1
6790,0.01358,plus,1.0,1.0,4.71238898038469,0
6791,0.013582,plus,1.0,1.0,4.71238898038469,1
6792,0.013583999999999999,plus,1.0,1.0,4.71238898038469,0
6793,0.013586,plus,1.0,1.0,4.71238898038469,0
6794,0.013588000000000001,plus,1.0,1.0,4.71238898038469,1
6795,0.01359,plus,1.0,1.0,4.71238898038469,1
6796,0.013592,plus,1.0,1.0,4.71238898038469,1
6797,0.013594,plus,1.0,1.0,4.71238898038469,1
6798,0.013596,plus,1.0,1.0,4.71238898038469,0
6799,0.013598,plus,1.0,1.0,4.71238898038469,0
6800,0.0136,plus,1.0,1.0,4.71238898038469,0
6801,0.013602,plus,1.0,1.0,4.71238898038469,0
6802,0.013604000000000002,plus,1.0,1.0,4.71238898038469,0
6803,0.013606,plus,1.0,1.0,4.71238898038469,1
6804,0.013608,plus,1.0,1.0,4.71238898038469,1
6805,0.013609999999999999,plus,1.0,1.0,4.71238898038469,0
6806,0.013612,plus,1.0,1.0,4.71238898038469,0
6807,0.013614000000000001,plus,1.0,1.0,4.71238898038469,1
6808,0.013616,plus,1.0,1.0,4.71238898038469,1
6809,0.013618,plus,1.0,1.0,4.71238898038469,1
6810,0.01362,plus,1.0,1.0,4.71238898038469,0
6811,0.013622,plus,1.0,1.0,4.71238898038469,1
6812,0.013624,plus,1.0,1.0,4.71238898038469,1
6813,0.013626,plus,1.0,1.0,4.71238898038469,0
6814,0.013628,plus,1.0,1.0,4.71238898038469,0
6815,0.013630000000000001,plus,1.0,1.0,4.71238898038469,0
6816,0.013632,plus,1.0,1.0,4.71238898038469,0
6817,0.013634,plus,1.0,1.0,4.71238898038469,1
6818,0.013636,plus,1.0,1.0,4.71238898038469,1
6819,0.013637999999999999,plus,1.0,1.0,4.71238898038469,1
6820,0.013640000000000001,plus,1.0,1.0,4.71238898038469,0
6821,0.013642,plus,1.0,1.0,4.71238898038469,1
6822,0.013644,plus,1.0,1.0,4.71238898038469,0
6823,0.013646,plus,1.0,1.0,4.71238898038469,1
6824,0.013648,plus,1.0,1.0,4.71238898038469,1
6825,0.01365,plus,1.0,1.0,4.71238898038469,0
6826,0.013652000000000001,plus,1.0,1.0,4.71238898038469,0
6827,0.013654,plus,1.0,1.0,4.71238898038469,0
6828,0.013656,plus,1.0,1.0,4.71238898038469,1
6829,0.013658,plus,1.0,1.0,4.71238898038469,1
6830,0.01366,plus,1.0,1.0,4.71238898038469,1
6831,0.013662,plus,1.0,1.0,4.71238898038469,1
6832,0.013663999999999999,plus,1.0,1.0,4.71238898038469,1
6833,0.013666000000000001,plus,1.0,1.0,4.71238898038469,0
6834,0.013668000000000001,plus,1.0,1.0,4.71238898038469,1
6835,0.01367,plus,1.0,1.0,4.71238898038469,1
6836,0.013672,plus,1.0,1.0,4.71238898038469,1
6837,0.013673999999999999,plus,1.0,1.0,4.71238898038469,0
6838,0.013676,plus,1.0,1.0,4.71238898038469,0
6839,0.013678000000000001,plus,1.0,1.0,4.71238898038469,0
6840,0.01368,plus,1.0,1.0,4.71238898038469,0
6841,0.013682,plus,1.0,1.0,4.71238898038469,0
6842,0.013684000000000002,plus,1.0,1.0,4.71238898038469,1
6843,0.013686,plus,1.0,1.0,4.71238898038469,0
6844,0.013688,plus,1.0,1.0,4.71238898038469,0
6845,0.013689999999999999,plus,1.0,1.0,4.71238898038469,1
6846,0.013692,plus,1.0,1.0,4.71238898038469,1
6847,0.013694000000000001,plus,1.0,1.0,4.71238898038469,0
6848,0.013696,plus,1.0,1.0,4.71238898038469,0
6849,0.013698,plus,1.0,1.0,4.71238898038469,1
6850,0.0137,plus,1.0,1.0,4.71238898038469,1
6851,0.013702,plus,1.0,1.0,4.71238898038469,1
6852,0.013704000000000001,plus,1.0,1.0,4.71238898038469,0
6853,0.013706,plus,1.0,1.0,4.71238898038469,0
6854,0.013708,plus,1.0,1.0,4.71238898038469,1
6855,0.013710000000000002,plus,1.0,1.0,4.71238898038469,1
6856,0.013712,plus,1.0,1.0,4.71238898038469,0
6857,0.013714,plus,1.0,1.0,4.71238898038469,0
6858,0.013716,plus,1.0,1.0,4.71238898038469,1
6859,0.013718,plus,1.0,1.0,4.71238898038469,1
6860,0.013720000000000001,plus,1.0,1.0,4.71238898038469,0
6861,0.013722,plus,1.0,1.0,4.71238898038469,0
6862,0.013724,plus,1.0,1.0,4.71238898038469,0
6863,0.013726,plus,1.0,1.0,4.71238898038469,1
6864,0.013728,plus,1.0,1.0,4.71238898038469,1
6865,0.013730000000000001,plus,1.0,1.0,4.71238898038469,0
6866,0.013732000000000001,plus,1.0,1.0,4.71238898038469,0
6867,0.013734,plus,1.0,1.0,4.71238898038469,1
6868,0.013736,plus,1.0,1.0,4.71238898038469,0
6869,0.013738,plus,1.0,1.0,4.71238898038469,0
6870,0.01374,plus,1.0,1.0,4.71238898038469,1
6871,0.013742,plus,1.0,1.0,4.71238898038469,1
6872,0.013744,plus,1.0,1.0,4.71238898038469,0
6873,0.013746000000000001,plus,1.0,1.0,4.71238898038469,0
6874,0.013748000000000002,plus,1.0,1.0,4.71238898038469,0
6875,0.01375,plus,1.0,1.0,4.71238898038469,1
6876,0.013752,plus,1.0,1.0,4.71238898038469,1
6877,0.013753999999999999,plus,1.0,1.0,4.71238898038469,0
6878,0.013756,plus,1.0,1.0,4.71238898038469,0
6879,0.013758000000000001,plus,1.0,1.0,4.71238898038469,0
6880,0.01376,plus,1.0,1.0,4.71238898038469,1
6881,0.013762,plus,1.0,1.0,4.71238898038469,1
6882,0.013764000000000002,plus,1.0,1.0,4.71238898038469,0
6883,0.013766,plus,1.0,1.0,4.71238898038469,1
6884,0.013768,plus,1.0,1.0,4.71238898038469,0
6885,0.01377,plus,1.0,1.0,4.71238898038469,0
6886,0.013772,plus,1.0,1.0,4.71238898038469,1
6887,0.013774000000000002,plus,1.0,1.0,4.71238898038469,0
6888,0.013776,plus,1.0,1.0,4.71238898038469,1
6889,0.013778,plus,1.0,1.0,4.71238898038469,0
6890,0.01378,plus,1.0,1.0,4.71238898038469,1
6891,0.013782,plus,1.0,1.0,4.71238898038469,1
6892,0.013784000000000001,plus,1.0,1.0,4.71238898038469,1
6893,0.013786,plus,1.0,1.0,4.71238898038469,1
6894,0.013788,plus,1.0,1.0,4.71238898038469,1
6895,0.01379,plus,1.0,1.0,4.71238898038469,1
6896,0.013792,plus,1.0,1.0,4.71238898038469,0
6897,0.013794,plus,1.0,1.0,4.71238898038469,0
6898,0.013796000000000001,plus,1.0,1.0,4.71238898038469,0
6899,0.013798,plus,1.0,1.0,4.71238898038469,1
6900,0.013800000000000002,plus,1.0,1.0,5.497787143782138,1
6901,0.013802,plus,1.0,1.0,5.497787143782138,1
6902,0.013804,plus,1.0,1.0,5.497787143782138,1
6903,0.013806,plus,1.0,1.0,5.497787143782138,0
6904,0.013807999999999999,plus,1.0,1.0,5.497787143782138,1
6905,0.013810000000000001,plus,1.0,1.0,5.497787143782138,1
6906,0.013812000000000001,plus,1.0,1.0,5.497787143782138,1
6907,0.013814,plus,1.0,1.0,5.497787143782138,1
6908,0.013816,plus,1.0,1.0,5.497787143782138,1
6909,0.013818,plus,1.0,1.0,5.497787143782138,1
6910,0.01382,plus,1.0,1.0,5.497787143782138,0
6911,0.013822000000000001,plus,1.0,1.0,5.497787143782138,0
6912,0.013824,plus,1.0,1.0,5.497787143782138,0
6913,0.013826,plus,1.0,1.0,5.497787143782138,1
6914,0.013828,plus,1.0,1.0,5.497787143782138,0
6915,0.01383,plus,1.0,1.0,5.497787143782138,0
6916,0.013832,plus,1.0,1.0,5.497787143782138,1
6917,0.013833999999999999,plus,1.0,1.0,5.497787143782138,0
6918,0.013836000000000001,plus,1.0,1.0,5.497787143782138,1
6919,0.013838000000000001,plus,1.0,1.0,5.497787143782138,1
6920,0.01384,plus,1.0,1.0,5.497787143782138,0
6921,0.013842,plus,1.0,1.0,5.497787143782138,1
6922,0.013843999999999999,plus,1.0,1.0,5.497787143782138,1
6923,0.013846,plus,1.0,1.0,5.497787143782138,0
6924,0.013848000000000001,plus,1.0,1.0,5.497787143782138,0
6925,0.01385,plus,1.0,1.0,5.497787143782138,1
6926,0.013852,plus,1.0,1.0,5.497787143782138,1
6927,0.013854000000000002,plus,1.0,1.0,5.497787143782138,1
6928,0.013856,plus,1.0,1.0,5.497787143782138,1
6929,0.013858,plus,1.0,1.0,5.497787143782138,1
6930,0.013859999999999999,plus,1.0,1.0,5.497787143782138,0
6931,0.013862,plus,1.0,1.0,5.497787143782138,1
6932,0.013864000000000001,plus,1.0,1.0,5.497787143782138,1
6933,0.013866,plus,1.0,1.0,5.497787143782138,1
6934,0.013868,plus,1.0,1.0,5.497787143782138,1
6935,0.01387,plus,1.0,1.0,5.497787143782138,0
6936,0.013872,plus,1.0,1.0,5.497787143782138,1
6937,0.013874000000000001,plus,1.0,1.0,5.497787143782138,0
6938,0.013876,plus,1.0,1.0,5.497787143782138,1
6939,0.013878,plus,1.0,1.0,5.497787143782138,1
6940,0.01388,plus,1.0,1.0,5.497787143782138,1
6941,0.013882,plus,1.0,1.0,5.497787143782138,1
6942,0.013884,plus,1.0,1.0,5.497787143782138,1
6943,0.013886,plus,1.0,1.0,5.497787143782138,1
6944,0.013888,plus,1.0,1.0,5.497787143782138,0
6945,0.013890000000000001,plus,1.0,1.0,5.497787143782138,1
6946,0.013892,plus,1.0,1.0,5.497787143782138,1
6947,0.013894,plus,1.0,1.0,5.497787143782138,1
6948,0.013896,plus,1.0,1.0,5.497787143782138,1
6949,0.013897999999999999,plus,1.0,1.0,5.497787143782138,1
6950,0.013900000000000001,plus,1.0,1.0,5.497787143782138,1
6951,0.013902000000000001,plus,1.0,1.0,5.497787143782138,0
6952,0.013904,plus,1.0,1.0,5.497787143782138,0
6953,0.013906,plus,1.0,1.0,5.497787143782138,1
6954,0.013908,plus,1.0,1.0,5.497787143782138,1
6955,0.01391,plus,1.0,1.0,5.497787143782138,1
6956,0.013912,plus,1.0,1.0,5.497787143782138,1
6957,0.013914,plus,1.0,1.0,5.497787143782138,1
6958,0.013916,plus,1.0,1.0,5.497787143782138,1
6959,0.013918000000000002,plus,1.0,1.0,5.497787143782138,1
6960,0.01392,plus,1.0,1.0,5.497787143782138,1
6961,0.013922,plus,1.0,1.0,5.497787143782138,1
6962,0.013923999999999999,plus,1.0,1.0,5.497787143782138,0
6963,0.013926000000000001,plus,1.0,1.0,5.497787143782138,1
6964,0.013928000000000001,plus,1.0,1.0,5.497787143782138,1
6965,0.01393,plus,1.0,1.0,5.497787143782138,0
6966,0.013932,plus,1.0,1.0,5.497787143782138,1
6967,0.013934,plus,1.0,1.0,5.497787143782138,1
6968,0.013936,plus,1.0,1.0,5.497787143782138,0
6969,0.013938,plus,1.0,1.0,5.497787143782138,0
6970,0.01394,plus,1.0,1.0,5.497787143782138,1
6971,0.013942,plus,1.0,1.0,5.497787143782138,0
6972,0.013944000000000002,plus,1.0,1.0,5.497787143782138,1
6973,0.013946,plus,1.0,1.0,5.497787143782138,1
6974,0.013948,plus,1.0,1.0,5.497787143782138,1
6975,0.01395,plus,1.0,1.0,5.497787143782138,1
6976,0.013951999999999999,plus,1.0,1.0,5.497787143782138,1
6977,0.013954000000000001,plus,1.0,1.0,5.497787143782138,1
6978,0.013956,plus,1.0,1.0,5.497787143782138,1
6979,0.013958,plus,1.0,1.0,5.497787143782138,0
6980,0.01396,plus,1.0,1.0,5.497787143782138,1
6981,0.013962,plus,1.0,1.0,5.497787143782138,1
6982,0.013964,plus,1.0,1.0,5.497787143782138,0
6983,0.013966000000000001,plus,1.0,1.0,5.497787143782138,1
6984,0.013968,plus,1.0,1.0,5.497787143782138,1
6985,0.01397,plus,1.0,1.0,5.497787143782138,1
6986,0.013972,plus,1.0,1.0,5.497787143782138,1
6987,0.013974,plus,1.0,1.0,5.497787143782138,1
6988,0.013976,plus,1.0,1.0,5.497787143782138,1
6989,0.013977999999999999,plus,1.0,1.0,5.497787143782138,0
6990,0.013980000000000001,plus,1.0,1.0,5.497787143782138,1
6991,0.013982000000000001,plus,1.0,1.0,5.497787143782138,1
6992,0.013984,plus,1.0,1.0,5.497787143782138,1
6993,0.013986,plus,1.0,1.0,5.497787143782138,0
6994,0.013987999999999999,plus,1.0,1.0,5.497787143782138,1
6995,0.01399,plus,1.0,1.0,5.497787143782138,0
6996,0.013992000000000001,plus,1.0,1.0,5.497787143782138,0
6997,0.013994,plus,1.0,1.0,5.497787143782138,1
6998,0.013996,plus,1.0,1.0,5.497787143782138,0
6999,0.013998000000000002,plus,1.0,1.0,5.497787143782138,1
7000,0.014,plus,1.0,1.0,5.497787143782138,0
7001,0.014002,plus,1.0,1.0,5.497787143782138,0
7002,0.014003999999999999,plus,1.0,1.0,5.497787143782138,1
7003,0.014006000000000001,plus,1.0,1.0,5.497787143782138,1
7004,0.014008000000000001,plus,1.0,1.0,5.497787143782138,1
7005,0.01401,plus,1.0,1.0,5.497787143782138,1
7006,0.014012,plus,1.0,1.0,5.497787143782138,0
7007,0.014014,plus,1.0,1.0,5.497787143782138,1
7008,0.014016,plus,1.0,1.0,5.497787143782138,1
7009,0.014018000000000001,plus,1.0,1.0,5.497787143782138,0
7010,0.01402,plus,1.0,1.0,5.497787143782138,1
7011,0.014022,plus,1.0,1.0,5.497787143782138,0
7012,0.014024000000000002,plus,1.0,1.0,5.497787143782138,0
7013,0.014026,plus,1.0,1.0,5.497787143782138,1
7014,0.014028,plus,1.0,1.0,5.497787143782138,0
7015,0.01403,plus,1.0,1.0,5.497787143782138,1
7016,0.014032,plus,1.0,1.0,5.497787143782138,1
7017,0.014034000000000001,plus,1.0,1.0,5.497787143782138,0
7018,0.014036,plus,1.0,1.0,5.497787143782138,0
7019,0.014038,plus,1.0,1.0,5.497787143782138,1
7020,0.01404,plus,1.0,1.0,5.497787143782138,1
7021,0.014042,plus,1.0,1.0,5.497787143782138,0
7022,0.014044000000000001,plus,1.0,1.0,5.497787143782138,1
7023,0.014046000000000001,plus,1.0,1.0,5.497787143782138,1
7024,0.014048,plus,1.0,1.0,5.497787143782138,1
7025,0.01405,plus,1.0,1.0,5.497787143782138,1
7026,0.014052,plus,1.0,1.0,5.497787143782138,1
7027,0.014054,plus,1.0,1.0,5.497787143782138,1
7028,0.014056,plus,1.0,1.0,5.497787143782138,1
7029,0.014058,plus,1.0,1.0,5.497787143782138,0
7030,0.014060000000000001,plus,1.0,1.0,5.497787143782138,1
7031,0.014062000000000002,plus,1.0,1.0,5.497787143782138,1
7032,0.014064,plus,1.0,1.0,5.497787143782138,1
7033,0.014066,plus,1.0,1.0,5.497787143782138,1
7034,0.014067999999999999,plus,1.0,1.0,5.497787143782138,1
7035,0.014070000000000001,plus,1.0,1.0,5.497787143782138,0
7036,0.014072000000000001,plus,1.0,1.0,5.497787143782138,1
7037,0.014074,plus,1.0,1.0,5.497787143782138,1
7038,0.014076,plus,1.0,1.0,5.497787143782138,1
7039,0.014078000000000002,plus,1.0,1.0,5.497787143782138,0
7040,0.01408,plus,1.0,1.0,5.497787143782138,1
7041,0.014082,plus,1.0,1.0,5.497787143782138,1
7042,0.014084,plus,1.0,1.0,5.497787143782138,0
7043,0.014086,plus,1.0,1.0,5.497787143782138,1
7044,0.014088000000000002,plus,1.0,1.0,5.497787143782138,1
7045,0.01409,plus,1.0,1.0,5.497787143782138,1
7046,0.014092,plus,1.0,1.0,5.497787143782138,0
7047,0.014093999999999999,plus,1.0,1.0,5.497787143782138,1
7048,0.014096000000000001,plus,1.0,1.0,5.497787143782138,1
7049,0.014098000000000001,plus,1.0,1.0,5.497787143782138,0
7050,0.0141,plus,1.0,1.0,5.497787143782138,1
7051,0.014102,plus,1.0,1.0,5.497787143782138,0
7052,0.014104,plus,1.0,1.0,5.497787143782138,1
7053,0.014106,plus,1.0,1.0,5.497787143782138,1
7054,0.014108,plus,1.0,1.0,5.497787143782138,0
7055,0.01411,plus,1.0,1.0,5.497787143782138,1
7056,0.014112,plus,1.0,1.0,5.497787143782138,0
7057,0.014114000000000002,plus,1.0,1.0,5.497787143782138,0
7058,0.014116,plus,1.0,1.0,5.497787143782138,0
7059,0.014118,plus,1.0,1.0,5.497787143782138,1
7060,0.01412,plus,1.0,1.0,5.497787143782138,0
7061,0.014122,plus,1.0,1.0,5.497787143782138,0
7062,0.014124000000000001,plus,1.0,1.0,5.497787143782138,0
7063,0.014126,plus,1.0,1.0,5.497787143782138,1
7064,0.014128,plus,1.0,1.0,5.497787143782138,1
7065,0.01413,plus,1.0,1.0,5.497787143782138,1
7066,0.014132,plus,1.0,1.0,5.497787143782138,1
7067,0.014134,plus,1.0,1.0,5.497787143782138,1
7068,0.014136000000000001,plus,1.0,1.0,5.497787143782138,1
7069,0.014138,plus,1.0,1.0,5.497787143782138,1
7070,0.01414,plus,1.0,1.0,5.497787143782138,1
7071,0.014142,plus,1.0,1.0,5.497787143782138,1
7072,0.014144,plus,1.0,1.0,5.497787143782138,0
7073,0.014146,plus,1.0,1.0,5.497787143782138,0
7074,0.014147999999999999,plus,1.0,1.0,5.497787143782138,1
7075,0.014150000000000001,plus,1.0,1.0,5.497787143782138,1
7076,0.014152000000000001,plus,1.0,1.0,5.497787143782138,1
7077,0.014154,plus,1.0,1.0,5.497787143782138,0
7078,0.014156,plus,1.0,1.0,5.497787143782138,1
7079,0.014157999999999999,plus,1.0,1.0,5.497787143782138,0
7080,0.01416,plus,1.0,1.0,5.497787143782138,0
7081,0.014162000000000001,plus,1.0,1.0,5.497787143782138,1
7082,0.014164,plus,1.0,1.0,5.497787143782138,1
7083,0.014166,plus,1.0,1.0,5.497787143782138,0
7084,0.014168000000000002,plus,1.0,1.0,5.497787143782138,1
7085,0.01417,plus,1.0,1.0,5.497787143782138,1
7086,0.014172,plus,1.0,1.0,5.497787143782138,1
7087,0.014173999999999999,plus,1.0,1.0,5.497787143782138,1
7088,0.014176,plus,1.0,1.0,5.497787143782138,1
7089,0.014178000000000001,plus,1.0,1.0,5.497787143782138,1
7090,0.01418,plus,1.0,1.0,5.497787143782138,1
7091,0.014182,plus,1.0,1.0,5.497787143782138,0
7092,0.014184,plus,1.0,1.0,5.497787143782138,1
7093,0.014186,plus,1.0,1.0,5.497787143782138,1
7094,0.014188000000000001,plus,1.0,1.0,5.497787143782138,1
7095,0.01419,plus,1.0,1.0,5.497787143782138,1
7096,0.014192,plus,1.0,1.0,5.497787143782138,1
7097,0.014194,plus,1.0,1.0,5.497787143782138,1
7098,0.014196,plus,1.0,1.0,5.497787143782138,1
7099,0.014198,plus,1.0,1.0,5.497787143782138,1
7100,0.0142,plus,1.0,1.0,5.497787143782138,1
7101,0.014202,plus,1.0,1.0,5.497787143782138,1
7102,0.014204000000000001,plus,1.0,1.0,5.497787143782138,0
7103,0.014206,plus,1.0,1.0,5.497787143782138,1
7104,0.014208,plus,1.0,1.0,5.497787143782138,0
7105,0.01421,plus,1.0,1.0,5.497787143782138,0
7106,0.014211999999999999,plus,1.0,1.0,5.497787143782138,1
7107,0.014214000000000001,plus,1.0,1.0,5.497787143782138,0
7108,0.014216000000000001,plus,1.0,1.0,5.497787143782138,0
7109,0.014218,plus,1.0,1.0,5.497787143782138,1
7110,0.01422,plus,1.0,1.0,5.497787143782138,1
7111,0.014222,plus,1.0,1.0,5.497787143782138,1
7112,0.014224,plus,1.0,1.0,5.497787143782138,1
7113,0.014226,plus,1.0,1.0,5.497787143782138,0
7114,0.014228,plus,1.0,1.0,5.497787143782138,1
7115,0.01423,plus,1.0,1.0,5.497787143782138,1
7116,0.014232000000000002,plus,1.0,1.0,5.497787143782138,1
7117,0.014234,plus,1.0,1.0,5.497787143782138,0
7118,0.014236,plus,1.0,1.0,5.497787143782138,0
7119,0.014237999999999999,plus,1.0,1.0,5.497787143782138,1
7120,0.014240000000000001,plus,1.0,1.0,5.497787143782138,1
7121,0.014242000000000001,plus,1.0,1.0,5.497787143782138,1
7122,0.014244,plus,1.0,1.0,5.497787143782138,0
7123,0.014246,plus,1.0,1.0,5.497787143782138,1
7124,0.014248,plus,1.0,1.0,5.497787143782138,1
7125,0.01425,plus,1.0,1.0,5.497787143782138,1
7126,0.014252,plus,1.0,1.0,5.497787143782138,1
7127,0.014254,plus,1.0,1.0,5.497787143782138,1
7128,0.014256,plus,1.0,1.0,5.497787143782138,0
7129,0.014258000000000002,plus,1.0,1.0,5.497787143782138,1
7130,0.01426,plus,1.0,1.0,5.497787143782138,0
7131,0.014262,plus,1.0,1.0,5.497787143782138,1
7132,0.014264,plus,1.0,1.0,5.497787143782138,1
7133,0.014266,plus,1.0,1.0,5.497787143782138,0
7134,0.014268000000000001,plus,1.0,1.0,5.497787143782138,1
7135,0.01427,plus,1.0,1.0,5.497787143782138,0
7136,0.014272,plus,1.0,1.0,5.497787143782138,1
7137,0.014274,plus,1.0,1.0,5.497787143782138,0
7138,0.014276,plus,1.0,1.0,5.497787143782138,1
7139,0.014278,plus,1.0,1.0,5.497787143782138,1
7140,0.014280000000000001,plus,1.0,1.0,5.497787143782138,1
7141,0.014282,plus,1.0,1.0,5.497787143782138,0
7142,0.014284000000000002,plus,1.0,1.0,5.497787143782138,0
7143,0.014286,plus,1.0,1.0,5.497787143782138,1
7144,0.014288,plus,1.0,1.0,5.497787143782138,0
7145,0.01429,plus,1.0,1.0,5.497787143782138,0
7146,0.014292,plus,1.0,1.0,5.497787143782138,1
7147,0.014294000000000001,plus,1.0,1.0,5.497787143782138,1
7148,0.014296000000000001,plus,1.0,1.0,5.497787143782138,1
7149,0.014298,plus,1.0,1.0,5.497787143782138,1
7150,0.0143,plus,1.0,1.0,5.497787143782138,0
7151,0.014301999999999999,plus,1.0,1.0,5.497787143782138,1
7152,0.014304,plus,1.0,1.0,5.497787143782138,1
7153,0.014306000000000001,plus,1.0,1.0,5.497787143782138,1
7154,0.014308,plus,1.0,1.0,5.497787143782138,1
7155,0.01431,plus,1.0,1.0,5.497787143782138,1
7156,0.014312000000000002,plus,1.0,1.0,5.497787143782138,1
7157,0.014314,plus,1.0,1.0,5.497787143782138,0
7158,0.014316,plus,1.0,1.0,5.497787143782138,1
7159,0.014317999999999999,plus,1.0,1.0,5.497787143782138,0
7160,0.014320000000000001,plus,1.0,1.0,5.497787143782138,1
7161,0.014322000000000001,plus,1.0,1.0,5.497787143782138,0
7162,0.014324,plus,1.0,1.0,5.497787143782138,1
7163,0.014326,plus,1.0,1.0,5.497787143782138,0
7164,0.014328,plus,1.0,1.0,5.497787143782138,0
7165,0.01433,plus,1.0,1.0,5.497787143782138,1
7166,0.014332000000000001,plus,1.0,1.0,5.497787143782138,0
7167,0.014334,plus,1.0,1.0,5.497787143782138,1
7168,0.014336,plus,1.0,1.0,5.497787143782138,1
7169,0.014338000000000002,plus,1.0,1.0,5.497787143782138,1
7170,0.01434,plus,1.0,1.0,5.497787143782138,1
7171,0.014342,plus,1.0,1.0,5.497787143782138,1
7172,0.014343999999999999,plus,1.0,1.0,5.497787143782138,1
7173,0.014346,plus,1.0,1.0,5.497787143782138,0
7174,0.014348000000000001,plus,1.0,1.0,5.497787143782138,1
7175,0.01435,plus,1.0,1.0,5.497787143782138,1
7176,0.014352,plus,1.0,1.0,5.497787143782138,1
7177,0.014354,plus,1.0,1.0,5.497787143782138,1
7178,0.014356,plus,1.0,1.0,5.497787143782138,1
7179,0.014358000000000001,plus,1.0,1.0,5.497787143782138,1
7180,0.01436,plus,1.0,1.0,5.497787143782138,1
7181,0.014362,plus,1.0,1.0,5.497787143782138,1
7182,0.014364,plus,1.0,1.0,5.497787143782138,1
7183,0.014366,plus,1.0,1.0,5.497787143782138,0
7184,0.014368,plus,1.0,1.0,5.497787143782138,1
7185,0.01437,plus,1.0,1.0,5.497787143782138,1
7186,0.014372,plus,1.0,1.0,5.497787143782138,1
7187,0.014374000000000001,plus,1.0,1.0,5.497787143782138,1
7188,0.014376,plus,1.0,1.0,5.497787143782138,1
7189,0.014378,plus,1.0,1.0,5.497787143782138,0
7190,0.01438,plus,1.0,1.0,5.497787143782138,1
7191,0.014381999999999999,plus,1.0,1.0,5.497787143782138,1
7192,0.014384000000000001,plus,1.0,1.0,5.497787143782138,0
7193,0.014386000000000001,plus,1.0,1.0,5.497787143782138,0
7194,0.014388,plus,1.0,1.0,5.497787143782138,1
7195,0.01439,plus,1.0,1.0,5.497787143782138,1
7196,0.014392,plus,1.0,1.0,5.497787143782138,1
7197,0.014394,plus,1.0,1.0,5.497787143782138,1
7198,0.014396,plus,1.0,1.0,5.497787143782138,1
7199,0.014398,plus,1.0,1.0,5.497787143782138,0
7200,0.0144,echo,1.0,-1.0,0.0,1
7201,0.014402000000000002,echo,1.0,-1.0,0.0,0
7202,0.014404,echo,1.0,-1.0,0.0,1
7203,0.014406,echo,1.0,-1.0,0.0,1
7204,0.014407999999999999,echo,1.0,-1.0,0.0,1
7205,0.014410000000000001,echo,1.0,-1.0,0.0,0
7206,0.014412000000000001,echo,1.0,-1.0,0.0,1
7207,0.014414,echo,1.0,-1.0,0.0,1
7208,0.014416,echo,1.0,-1.0,0.0,1
7209,0.014418,echo,1.0,-1.0,0.0,0
7210,0.01442,echo,1.0,-1.0,0.0,1
7211,0.014422,echo,1.0,-1.0,0.0,1
7212,0.014424,echo,1.0,-1.0,0.0,1
7213,0.014426,echo,1.0,-1.0,0.0,1
7214,0.014428000000000002,echo,1.0,-1.0,0.0,0
7215,0.01443,echo,1.0,-1.0,0.0,1
7216,0.014432,echo,1.0,-1.0,0.0,1
7217,0.014434,echo,1.0,-1.0,0.0,1
7218,0.014436,echo,1.0,-1.0,0.0,1
7219,0.014438000000000001,echo,1.0,-1.0,0.0,1
7220,0.01444,echo,1.0,-1.0,0.0,1
7221,0.014442,echo,1.0,-1.0,0.0,1
7222,0.014444,echo,1.0,-1.0,0.0,1
7223,0.014446,echo,1.0,-1.0,0.0,1
7224,0.014448,echo,1.0,-1.0,0.0,0
7225,0.014450000000000001,echo,1.0,-1.0,0.0,1
7226,0.014452,echo,1.0,-1.0,0.0,1
7227,0.014454,echo,1.0,-1.0,0.0,1
7228,0.014456,echo,1.0,-1.0,0.0,0
7229,0.014458,echo,1.0,-1.0,0.0,1
7230,0.01446,echo,1.0,-1.0,0.0,1
7231,0.014462,echo,1.0,-1.0,0.0,1
7232,0.014464000000000001,echo,1.0,-1.0,0.0,1
7233,0.014466000000000001,echo,1.0,-1.0,0.0,1
7234,0.014468,echo,1.0,-1.0,0.0,0
7235,0.01447,echo,1.0,-1.0,0.0,1
7236,0.014471999999999999,echo,1.0,-1.0,0.0,0
7237,0.014474,echo,1.0,-1.0,0.0,1
7238,0.014476000000000001,echo,1.0,-1.0,0.0,1
7239,0.014478,echo,1.0,-1.0,0.0,1
7240,0.01448,echo,1.0,-1.0,0.0,1
7241,0.014482000000000002,echo,1.0,-1.0,0.0,1
7242,0.014484,echo,1.0,-1.0,0.0,1
7243,0.014486,echo,1.0,-1.0,0.0,1
7244,0.014488,echo,1.0,-1.0,0.0,1
7245,0.01449,echo,1.0,-1.0,0.0,0
7246,0.014492000000000001,echo,1.0,-1.0,0.0,1
7247,0.014494,echo,1.0,-1.0,0.0,1
7248,0.014496,echo,1.0,-1.0,0.0,0
7249,0.014498,echo,1.0,-1.0,0.0,1
7250,0.0145,echo,1.0,-1.0,0.0,1
7251,0.014502000000000001,echo,1.0,-1.0,0.0,1
7252,0.014504,echo,1.0,-1.0,0.0,0
7253,0.014506,echo,1.0,-1.0,0.0,1
7254,0.014508,echo,1.0,-1.0,0.0,1
7255,0.01451,echo,1.0,-1.0,0.0,1
7256,0.014512,echo,1.0,-1.0,0.0,1
7257,0.014514,echo,1.0,-1.0,0.0,1
7258,0.014516,echo,1.0,-1.0,0.0,1
7259,0.014518000000000001,echo,1.0,-1.0,0.0,1
7260,0.01452,echo,1.0,-1.0,0.0,1
7261,0.014522,echo,1.0,-1.0,0.0,1
7262,0.014524,echo,1.0,-1.0,0.0,1
7263,0.014525999999999999,echo,1.0,-1.0,0.0,1
7264,0.014528000000000001,echo,1.0,-1.0,0.0,1
7265,0.014530000000000001,echo,1.0,-1.0,0.0,1
7266,0.014532,echo,1.0,-1.0,0.0,1
7267,0.014534,echo,1.0,-1.0,0.0,1
7268,0.014536,echo,1.0,-1.0,0.0,1
7269,0.014538,echo,1.0,-1.0,0.0,0
7270,0.01454,echo,1.0,-1.0,0.0,0
7271,0.014542,echo,1.0,-1.0,0.0,1
7272,0.014544,echo,1.0,-1.0,0.0,1
7273,0.014546000000000002,echo,1.0,-1.0,0.0,1
7274,0.014548,echo,1.0,-1.0,0.0,1
7275,0.01455,echo,1.0,-1.0,0.0,1
7276,0.014551999999999999,echo,1.0,-1.0,0.0,1
7277,0.014554000000000001,echo,1.0,-1.0,0.0,0
7278,0.014556000000000001,echo,1.0,-1.0,0.0,1
7279,0.014558,echo,1.0,-1.0,0.0,1
7280,0.01456,echo,1.0,-1.0,0.0,1
7281,0.014562000000000002,echo,1.0,-1.0,0.0,1
7282,0.014564,echo,1.0,-1.0,0.0,1
7283,0.014566,echo,1.0,-1.0,0.0,1
7284,0.014568,echo,1.0,-1.0,0.0,1
7285,0.01457,echo,1.0,-1.0,0.0,1
7286,0.014572000000000002,echo,1.0,-1.0,0.0,1
7287,0.014574,echo,1.0,-1.0,0.0,1
7288,0.014576,echo,1.0,-1.0,0.0,1
7289,0.014578,echo,1.0,-1.0,0.0,0
7290,0.01458,echo,1.0,-1.0,0.0,1
7291,0.014582000000000001,echo,1.0,-1.0,0.0,1
7292,0.014584,echo,1.0,-1.0,0.0,1
7293,0.014586,echo,1.0,-1.0,0.0,1
7294,0.014588,echo,1.0,-1.0,0.0,1
7295,0.01459,echo,1.0,-1.0,0.0,1
7296,0.014592,echo,1.0,-1.0,0.0,0
7297,0.014594,echo,1.0,-1.0,0.0,1
7298,0.014596,echo,1.0,-1.0,0.0,1
7299,0.014598000000000002,echo,1.0,-1.0,0.0,1
7300,0.0146,echo,1.0,-1.0,0.0,1
7301,0.014602,echo,1.0,-1.0,0.0,1
7302,0.014604,echo,1.0,-1.0,0.0,0
7303,0.014606,echo,1.0,-1.0,0.0,1
7304,0.014608000000000001,echo,1.0,-1.0,0.0,1
7305,0.01461,echo,1.0,-1.0,0.0,1
7306,0.014612,echo,1.0,-1.0,0.0,0
7307,0.014614,echo,1.0,-1.0,0.0,1
7308,0.014616,echo,1.0,-1.0,0.0,1
7309,0.014618,echo,1.0,-1.0,0.0,1
7310,0.014620000000000001,echo,1.0,-1.0,0.0,1
7311,0.014622,echo,1.0,-1.0,0.0,1
7312,0.014624,echo,1.0,-1.0,0.0,1
7313,0.014626,echo,1.0,-1.0,0.0,1
7314,0.014628,echo,1.0,-1.0,0.0,0
7315,0.01463,echo,1.0,-1.0,0.0,1
7316,0.014632,echo,1.0,-1.0,0.0,1
7317,0.014634000000000001,echo,1.0,-1.0,0.0,1
7318,0.014636000000000001,echo,1.0,-1.0,0.0,1
7319,0.014638,echo,1.0,-1.0,0.0,1
7320,0.01464,echo,1.0,-1.0,0.0,1
7321,0.014641999999999999,echo,1.0,-1.0,0.0,1
7322,0.014644,echo,1.0,-1.0,0.0,1
7323,0.014646000000000001,echo,1.0,-1.0,0.0,1
7324,0.014648,echo,1.0,-1.0,0.0,0
7325,0.01465,echo,1.0,-1.0,0.0,0
7326,0.014652000000000002,echo,1.0,-1.0,0.0,1
7327,0.014654,echo,1.0,-1.0,0.0,0
7328,0.014656,echo,1.0,-1.0,0.0,1
7329,0.014658,echo,1.0,-1.0,0.0,1
7330,0.01466,echo,1.0,-1.0,0.0,0
7331,0.014662000000000001,echo,1.0,-1.0,0.0,1
7332,0.014664,echo,1.0,-1.0,0.0,1
7333,0.014666,echo,1.0,-1.0,0.0,1
7334,0.014668,echo,1.0,-1.0,0.0,0
7335,0.01467,echo,1.0,-1.0,0.0,1
7336,0.014672000000000001,echo,1.0,-1.0,0.0,0
7337,0.014674,echo,1.0,-1.0,0.0,1
7338,0.014676,echo,1.0,-1.0,0.0,1
7339,0.014678,echo,1.0,-1.0,0.0,1
7340,0.01468,echo,1.0,-1.0,0.0,0
7341,0.014682,echo,1.0,-1.0,0.0,1
7342,0.014684000000000001,echo,1.0,-1.0,0.0,0
7343,0.014686,echo,1.0,-1.0,0.0,1
7344,0.014688000000000001,echo,1.0,-1.0,0.0,1
7345,0.01469,echo,1.0,-1.0,0.0,1
7346,0.014692,echo,1.0,-1.0,0.0,1
7347,0.014694,echo,1.0,-1.0,0.0,1
7348,0.014695999999999999,echo,1.0,-1.0,0.0,1
7349,0.014698000000000001,echo,1.0,-1.0,0.0,0
7350,0.014700000000000001,echo,1.0,-1.0,0.0,1
7351,0.014702,echo,1.0,-1.0,0.0,1
7352,0.014704,echo,1.0,-1.0,0.0,1
7353,0.014706,echo,1.0,-1.0,0.0,1
7354,0.014708,echo,1.0,-1.0,0.0,1
7355,0.01471,echo,1.0,-1.0,0.0,0
7356,0.014712,echo,1.0,-1.0,0.0,0
7357,0.014714,echo,1.0,-1.0,0.0,0
7358,0.014716000000000002,echo,1.0,-1.0,0.0,1
7359,0.014718,echo,1.0,-1.0,0.0,1
7360,0.01472,echo,1.0,-1.0,0.0,0
7361,0.014721999999999999,echo,1.0,-1.0,0.0,1
7362,0.014724000000000001,echo,1.0,-1.0,0.0,1
7363,0.014726000000000001,echo,1.0,-1.0,0.0,0
7364,0.014728,echo,1.0,-1.0,0.0,1
7365,0.01473,echo,1.0,-1.0,0.0,1
7366,0.014732,echo,1.0,-1.0,0.0,1
7367,0.014734,echo,1.0,-1.0,0.0,1
7368,0.014736,echo,1.0,-1.0,0.0,1
7369,0.014738,echo,1.0,-1.0,0.0,0
7370,0.01474,echo,1.0,-1.0,0.0,1
7371,0.014742000000000002,echo,1.0,-1.0,0.0,1
7372,0.014744,echo,1.0,-1.0,0.0,1
7373,0.014746,echo,1.0,-1.0,0.0,1
7374,0.014748,echo,1.0,-1.0,0.0,1
7375,0.01475,echo,1.0,-1.0,0.0,1
7376,0.014752000000000001,echo,1.0,-1.0,0.0,1
7377,0.014754,echo,1.0,-1.0,0.0,1
7378,0.014756,echo,1.0,-1.0,0.0,1
7379,0.014758,echo,1.0,-1.0,0.0,1
7380,0.01476,echo,1.0,-1.0,0.0,1
7381,0.014762,echo,1.0,-1.0,0.0,1
7382,0.014764000000000001,echo,1.0,-1.0,0.0,1
7383,0.014766,echo,1.0,-1.0,0.0,1
7384,0.014768,echo,1.0,-1.0,0.0,1
7385,0.01477,echo,1.0,-1.0,0.0,0
7386,0.014772,echo,1.0,-1.0,0.0,1
7387,0.014774,echo,1.0,-1.0,0.0,1
7388,0.014776,echo,1.0,-1.0,0.0,1
7389,0.014778000000000001,echo,1.0,-1.0,0.0,1
7390,0.014780000000000001,echo,1.0,-1.0,0.0,1
7391,0.014782,echo,1.0,-1.0,0.0,1
7392,0.014784,echo,1.0,-1.0,0.0,1
7393,0.014785999999999999,echo,1.0,-1.0,0.0,1
7394,0.014788,echo,1.0,-1.0,0.0,1
7395,0.014790000000000001,echo,1.0,-1.0,0.0,1
7396,0.014792,echo,1.0,-1.0,0.0,1
7397,0.014794,echo,1.0,-1.0,0.0,1
7398,0.014796000000000002,echo,1.0,-1.0,0.0,1
7399,0.014798,echo,1.0,-1.0,0.0,1
7400,0.0148,echo,1.0,-1.0,0.0,1
7401,0.014802,echo,1.0,-1.0,0.0,1
7402,0.014804,echo,1.0,-1.0,0.0,1
7403,0.014806000000000001,echo,1.0,-1.0,0.0,1
7404,0.014808,echo,1.0,-1.0,0.0,1
7405,0.01481,echo,1.0,-1.0,0.0,1
7406,0.014812,echo,1.0,-1.0,0.0,1
7407,0.014814,echo,1.0,-1.0,0.0,1
7408,0.014816000000000001,echo,1.0,-1.0,0.0,1
7409,0.014818,echo,1.0,-1.0,0.0,1
7410,0.01482,echo,1.0,-1.0,0.0,1
7411,0.014822,echo,1.0,-1.0,0.0,1
7412,0.014824,echo,1.0,-1.0,0.0,1
7413,0.014826,echo,1.0,-1.0,0.0,1
7414,0.014828000000000001,echo,1.0,-1.0,0.0,1
7415,0.01483,echo,1.0,-1.0,0.0,1
7416,0.014832000000000001,echo,1.0,-1.0,0.0,1
7417,0.014834,echo,1.0,-1.0,0.0,1
7418,0.014836,echo,1.0,-1.0,0.0,1
7419,0.014838,echo,1.0,-1.0,0.0,1
7420,0.014839999999999999,echo,1.0,-1.0,0.0,0
7421,0.014842000000000001,echo,1.0,-1.0,0.0,1
7422,0.014844000000000001,echo,1.0,-1.0,0.0,1
7423,0.014846,echo,1.0,-1.0,0.0,1
7424,0.014848,echo,1.0,-1.0,0.0,1
7425,0.01485,echo,1.0,-1.0,0.0,1
7426,0.014852,echo,1.0,-1.0,0.0,1
7427,0.014854000000000001,echo,1.0,-1.0,0.0,1
7428,0.014856,echo,1.0,-1.0,0.0,0
7429,0.014858,echo,1.0,-1.0,0.0,1
7430,0.01486,echo,1.0,-1.0,0.0,1
7431,0.014862,echo,1.0,-1.0,0.0,1
7432,0.014864,echo,1.0,-1.0,0.0,1
7433,0.014865999999999999,echo,1.0,-1.0,0.0,1
7434,0.014868000000000001,echo,1.0,-1.0,0.0,1
7435,0.014870000000000001,echo,1.0,-1.0,0.0,1
7436,0.014872,echo,1.0,-1.0,0.0,0
7437,0.014874,echo,1.0,-1.0,0.0,0
7438,0.014875999999999999,echo,1.0,-1.0,0.0,1
7439,0.014878,echo,1.0,-1.0,0.0,1
7440,0.01488,echo,1.0,-1.0,0.0,1
7441,0.014882,echo,1.0,-1.0,0.0,1
7442,0.014884,echo,1.0,-1.0,0.0,1
7443,0.014886000000000002,echo,1.0,-1.0,0.0,1
7444,0.014888,echo,1.0,-1.0,0.0,1
7445,0.01489,echo,1.0,-1.0,0.0,1
7446,0.014891999999999999,echo,1.0,-1.0,0.0,1
7447,0.014894000000000001,echo,1.0,-1.0,0.0,1
7448,0.014896000000000001,echo,1.0,-1.0,0.0,1
7449,0.014898,echo,1.0,-1.0,0.0,1
7450,0.0149,echo,1.0,-1.0,0.0,1
7451,0.014902,echo,1.0,-1.0,0.0,0
7452,0.014904,echo,1.0,-1.0,0.0,1
7453,0.014906,echo,1.0,-1.0,0.0,1
7454,0.014908,echo,1.0,-1.0,0.0,1
7455,0.01491,echo,1.0,-1.0,0.0,1
7456,0.014912000000000002,echo,1.0,-1.0,0.0,1
7457,0.014914,echo,1.0,-1.0,0.0,1
7458,0.014916,echo,1.0,-1.0,0.0,0
7459,0.014918,echo,1.0,-1.0,0.0,1
7460,0.01492,echo,1.0,-1.0,0.0,1
7461,0.014922000000000001,echo,1.0,-1.0,0.0,1
7462,0.014924,echo,1.0,-1.0,0.0,1
7463,0.014926,echo,1.0,-1.0,0.0,1
7464,0.014928,echo,1.0,-1.0,0.0,1
7465,0.01493,echo,1.0,-1.0,0.0,1
7466,0.014932,echo,1.0,-1.0,0.0,1
7467,0.014934000000000001,echo,1.0,-1.0,0.0,1
7468,0.014936,echo,1.0,-1.0,0.0,1
7469,0.014938,echo,1.0,-1.0,0.0,1
7470,0.01494,echo,1.0,-1.0,0.0,1
7471,0.014942,echo,1.0,-1.0,0.0,1
7472,0.014944,echo,1.0,-1.0,0.0,0
7473,0.014946,echo,1.0,-1.0,0.0,1
7474,0.014948000000000001,echo,1.0,-1.0,0.0,1
7475,0.014950000000000001,echo,1.0,-1.0,0.0,1
7476,0.014952,echo,1.0,-1.0,0.0,0
7477,0.014954,echo,1.0,-1.0,0.0,1
7478,0.014955999999999999,echo,1.0,-1.0,0.0,1
7479,0.014958,echo,1.0,-1.0,0.0,1
7480,0.014960000000000001,echo,1.0,-1.0,0.0,0
7481,0.014962,echo,1.0,-1.0,0.0,1
7482,0.014964,echo,1.0,-1.0,0.0,1
7483,0.014966000000000002,echo,1.0,-1.0,0.0,1
7484,0.014968,echo,1.0,-1.0,0.0,1
7485,0.01497,echo,1.0,-1.0,0.0,1
7486,0.014972,echo,1.0,-1.0,0.0,1
7487,0.014974,echo,1.0,-1.0,0.0,1
7488,0.014976000000000001,echo,1.0,-1.0,0.0,1
7489,0.014978,echo,1.0,-1.0,0.0,1
7490,0.01498,echo,1.0,-1.0,0.0,1
7491,0.014982,echo,1.0,-1.0,0.0,1
7492,0.014984,echo,1.0,-1.0,0.0,0
7493,0.014986000000000001,echo,1.0,-1.0,0.0,1
7494,0.014988,echo,1.0,-1.0,0.0,1
7495,0.01499,echo,1.0,-1.0,0.0,0
7496,0.014992,echo,1.0,-1.0,0.0,1
7497,0.014994,echo,1.0,-1.0,0.0,1
7498,0.014996,echo,1.0,-1.0,0.0,0
7499,0.014998000000000001,echo,1.0,-1.0,0.0,1
7500,0.015,echo,1.0,-1.0,0.7853981633974483,1
7501,0.015002000000000001,echo,1.0,-1.0,0.7853981633974483,1
7502,0.015004,echo,1.0,-1.0,0.7853981633974483,1
7503,0.015006,echo,1.0,-1.0,0.7853981633974483,0
7504,0.015008,echo,1.0,-1.0,0.7853981633974483,1
7505,0.015009999999999999,echo,1.0,-1.0,0.7853981633974483,1
7506,0.015012000000000001,echo,1.0,-1.0,0.7853981633974483,1
7507,0.015014000000000001,echo,1.0,-1.0,0.7853981633974483,1
7508,0.015016,echo,1.0,-1.0,0.7853981633974483,0
7509,0.015018,echo,1.0,-1.0,0.7853981633974483,1
7510,0.01502,echo,1.0,-1.0,0.7853981633974483,1
7511,0.015022,echo,1.0,-1.0,0.7853981633974483,0
7512,0.015024000000000001,echo,1.0,-1.0,0.7853981633974483,1
7513,0.015026,echo,1.0,-1.0,0.7853981633974483,0
7514,0.015028,echo,1.0,-1.0,0.7853981633974483,1
7515,0.015030000000000002,echo,1.0,-1.0,0.7853981633974483,1
7516,0.015032,echo,1.0,-1.0,0.7853981633974483,1
7517,0.015034,echo,1.0,-1.0,0.7853981633974483,1
7518,0.015035999999999999,echo,1.0,-1.0,0.7853981633974483,1
7519,0.015038000000000001,echo,1.0,-1.0,0.7853981633974483,0
7520,0.015040000000000001,echo,1.0,-1.0,0.7853981633974483,1
7521,0.015042,echo,1.0,-1.0,0.7853981633974483,1
7522,0.015044,echo,1.0,-1.0,0.7853981633974483,1
7523,0.015046,echo,1.0,-1.0,0.7853981633974483,1
7524,0.015048,echo,1.0,-1.0,0.7853981633974483,1
7525,0.015050000000000001,echo,1.0,-1.0,0.7853981633974483,1
7526,0.015052,echo,1.0,-1.0,0.7853981633974483,1
7527,0.015054,echo,1.0,-1.0,0.7853981633974483,1
7528,0.015056000000000002,echo,1.0,-1.0,0.7853981633974483,0
7529,0.015058,echo,1.0,-1.0,0.7853981633974483,0
7530,0.01506,echo,1.0,-1.0,0.7853981633974483,1
7531,0.015062,echo,1.0,-1.0,0.7853981633974483,1
7532,0.015064,echo,1.0,-1.0,0.7853981633974483,1
7533,0.015066000000000001,echo,1.0,-1.0,0.7853981633974483,1
7534,0.015068,echo,1.0,-1.0,0.7853981633974483,0
7535,0.01507,echo,1.0,-1.0,0.7853981633974483,0
7536,0.015072,echo,1.0,-1.0,0.7853981633974483,1
7537,0.015074,echo,1.0,-1.0,0.7853981633974483,1
7538,0.015076,echo,1.0,-1.0,0.7853981633974483,0
7539,0.015078000000000001,echo,1.0,-1.0,0.7853981633974483,1
7540,0.01508,echo,1.0,-1.0,0.7853981633974483,1
7541,0.015082,echo,1.0,-1.0,0.7853981633974483,1
7542,0.015084,echo,1.0,-1.0,0.7853981633974483,1
7543,0.015086,echo,1.0,-1.0,0.7853981633974483,0
7544,0.015088,echo,1.0,-1.0,0.7853981633974483,1
7545,0.01509,echo,1.0,-1.0,0.7853981633974483,1
7546,0.015092000000000001,echo,1.0,-1.0,0.7853981633974483,1
7547,0.015094000000000002,echo,1.0,-1.0,0.7853981633974483,1
7548,0.015096,echo,1.0,-1.0,0.7853981633974483,1
7549,0.015098,echo,1.0,-1.0,0.7853981633974483,1
7550,0.015099999999999999,echo,1.0,-1.0,0.7853981633974483,1
7551,0.015102,echo,1.0,-1.0,0.7853981633974483,0
7552,0.015104000000000001,echo,1.0,-1.0,0.7853981633974483,1
7553,0.015106,echo,1.0,-1.0,0.7853981633974483,0
7554,0.015108,echo,1.0,-1.0,0.7853981633974483,1
7555,0.01511,echo,1.0,-1.0,0.7853981633974483,1
7556,0.015112,echo,1.0,-1.0,0.7853981633974483,1
7557,0.015114,echo,1.0,-1.0,0.7853981633974483,1
7558,0.015116,echo,1.0,-1.0,0.7853981633974483,1
7559,0.015118,echo,1.0,-1.0,0.7853981633974483,1
7560,0.015120000000000001,echo,1.0,-1.0,0.7853981633974483,1
7561,0.015122,echo,1.0,-1.0,0.7853981633974483,1
7562,0.015124,echo,1.0,-1.0,0.7853981633974483,1
7563,0.015125999999999999,echo,1.0,-1.0,0.7853981633974483,0
7564,0.015128,echo,1.0,-1.0,0.7853981633974483,1
7565,0.015130000000000001,echo,1.0,-1.0,0.7853981633974483,0
7566,0.015132,echo,1.0,-1.0,0.7853981633974483,1
7567,0.015134,echo,1.0,-1.0,0.7853981633974483,1
7568,0.015136,echo,1.0,-1.0,0.7853981633974483,0
7569,0.015138,echo,1.0,-1.0,0.7853981633974483,0
7570,0.01514,echo,1.0,-1.0,0.7853981633974483,1
7571,0.015142,echo,1.0,-1.0,0.7853981633974483,1
7572,0.015144,echo,1.0,-1.0,0.7853981633974483,1
7573,0.015146000000000001,echo,1.0,-1.0,0.7853981633974483,1
7574,0.015148,echo,1.0,-1.0,0.7853981633974483,1
7575,0.01515,echo,1.0,-1.0,0.7853981633974483,1
7576,0.015152,echo,1.0,-1.0,0.7853981633974483,1
7577,0.015153999999999999,echo,1.0,-1.0,0.7853981633974483,0
7578,0.015156000000000001,echo,1.0,-1.0,0.7853981633974483,1
7579,0.015158,echo,1.0,-1.0,0.7853981633974483,0
7580,0.01516,echo,1.0,-1.0,0.7853981633974483,1
7581,0.015162,echo,1.0,-1.0,0.7853981633974483,0
7582,0.015164,echo,1.0,-1.0,0.7853981633974483,0
7583,0.015166,echo,1.0,-1.0,0.7853981633974483,1
7584,0.015168000000000001,echo,1.0,-1.0,0.7853981633974483,0
7585,0.01517,echo,1.0,-1.0,0.7853981633974483,1
7586,0.015172000000000001,echo,1.0,-1.0,0.7853981633974483,1
7587,0.015174,echo,1.0,-1.0,0.7853981633974483,1
7588,0.015176,echo,1.0,-1.0,0.7853981633974483,1
7589,0.015178,echo,1.0,-1.0,0.7853981633974483,1
7590,0.015179999999999999,echo,1.0,-1.0,0.7853981633974483,1
7591,0.015182000000000001,echo,1.0,-1.0,0.7853981633974483,1
7592,0.015184000000000001,echo,1.0,-1.0,0.7853981633974483,1
7593,0.015186,echo,1.0,-1.0,0.7853981633974483,1
7594,0.015188,echo,1.0,-1.0,0.7853981633974483,1
7595,0.015189999999999999,echo,1.0,-1.0,0.7853981633974483,1
7596,0.015192,echo,1.0,-1.0,0.7853981633974483,1
7597,0.015194000000000001,echo,1.0,-1.0,0.7853981633974483,0
7598,0.015196,echo,1.0,-1.0,0.7853981633974483,0
7599,0.015198,echo,1.0,-1.0,0.7853981633974483,1
7600,0.015200000000000002,echo,1.0,-1.0,0.7853981633974483,1
7601,0.015202,echo,1.0,-1.0,0.7853981633974483,1
7602,0.015204,echo,1.0,-1.0,0.7853981633974483,1
7603,0.015205999999999999,echo,1.0,-1.0,0.7853981633974483,1
7604,0.015208000000000001,echo,1.0,-1.0,0.7853981633974483,1
7605,0.015210000000000001,echo,1.0,-1.0,0.7853981633974483,1
7606,0.015212,echo,1.0,-1.0,0.7853981633974483,0
7607,0.015214,echo,1.0,-1.0,0.7853981633974483,1
7608,0.015216,echo,1.0,-1.0,0.7853981633974483,1
7609,0.015218,echo,1.0,-1.0,0.7853981633974483,1
7610,0.015220000000000001,echo,1.0,-1.0,0.7853981633974483,1
7611,0.015222,echo,1.0,-1.0,0.7853981633974483,1
7612,0.015224,echo,1.0,-1.0,0.7853981633974483,1
7613,0.015226000000000002,echo,1.0,-1.0,0.7853981633974483,1
7614,0.015228,echo,1.0,-1.0,0.7853981633974483,1
7615,0.01523,echo,1.0,-1.0,0.7853981633974483,1
7616,0.015232,echo,1.0,-1.0,0.7853981633974483,1
7617,0.015234,echo,1.0,-1.0,0.7853981633974483,1
7618,0.015236000000000001,echo,1.0,-1.0,0.7853981633974483,0
7619,0.015238,echo,1.0,-1.0,0.7853981633974483,0
7620,0.01524,echo,1.0,-1.0,0.7853981633974483,1
7621,0.015242,echo,1.0,-1.0,0.7853981633974483,1
7622,0.015244,echo,1.0,-1.0,0.7853981633974483,1
7623,0.015246000000000001,echo,1.0,-1.0,0.7853981633974483,1
7624,0.015248000000000001,echo,1.0,-1.0,0.7853981633974483,1
7625,0.01525,echo,1.0,-1.0,0.7853981633974483,1
7626,0.015252,echo,1.0,-1.0,0.7853981633974483,1
7627,0.015254,echo,1.0,-1.0,0.7853981633974483,1
7628,0.015256,echo,1.0,-1.0,0.7853981633974483,0
7629,0.015258,echo,1.0,-1.0,0.7853981633974483,1
7630,0.01526,echo,1.0,-1.0,0.7853981633974483,0
7631,0.015262000000000001,echo,1.0,-1.0,0.7853981633974483,0
7632,0.015264000000000002,echo,1.0,-1.0,0.7853981633974483,0
7633,0.015266,echo,1.0,-1.0,0.7853981633974483,1
7634,0.015268,echo,1.0,-1.0,0.7853981633974483,1
7635,0.015269999999999999,echo,1.0,-1.0,0.7853981633974483,1
7636,0.015272,echo,1.0,-1.0,0.7853981633974483,0
7637,0.015274000000000001,echo,1.0,-1.0,0.7853981633974483,1
7638,0.015276,echo,1.0,-1.0,0.7853981633974483,0
7639,0.015278,echo,1.0,-1.0,0.7853981633974483,1
7640,0.015280000000000002,echo,1.0,-1.0,0.7853981633974483,0
7641,0.015282,echo,1.0,-1.0,0.7853981633974483,1
7642,0.015284,echo,1.0,-1.0,0.7853981633974483,1
7643,0.015286,echo,1.0,-1.0,0.7853981633974483,0
7644,0.015288,echo,1.0,-1.0,0.7853981633974483,0
7645,0.015290000000000002,echo,1.0,-1.0,0.7853981633974483,1
7646,0.015292,echo,1.0,-1.0,0.7853981633974483,0
7647,0.015294,echo,1.0,-1.0,0.7853981633974483,1
7648,0.015296,echo,1.0,-1.0,0.7853981633974483,0
7649,0.015298,echo,1.0,-1.0,0.7853981633974483,1
7650,0.015300000000000001,echo,1.0,-1.0,0.7853981633974483,0
7651,0.015302,echo,1.0,-1.0,0.7853981633974483,0
7652,0.015304,echo,1.0,-1.0,0.7853981633974483,1
7653,0.015306,echo,1.0,-1.0,0.7853981633974483,0
7654,0.015308,echo,1.0,-1.0,0.7853981633974483,1
7655,0.01531,echo,1.0,-1.0,0.7853981633974483,0
7656,0.015312000000000001,echo,1.0,-1.0,0.7853981633974483,1
7657,0.015314,echo,1.0,-1.0,0.7853981633974483,1
7658,0.015316000000000001,echo,1.0,-1.0,0.7853981633974483,1
7659,0.015318,echo,1.0,-1.0,0.7853981633974483,1
7660,0.01532,echo,1.0,-1.0,0.7853981633974483,1
7661,0.015322,echo,1.0,-1.0,0.7853981633974483,1
7662,0.015323999999999999,echo,1.0,-1.0,0.7853981633974483,1
7663,0.015326000000000001,echo,1.0,-1.0,0.7853981633974483,1
7664,0.015328000000000001,echo,1.0,-1.0,0.7853981633974483,1
7665,0.01533,echo,1.0,-1.0,0.7853981633974483,1
7666,0.015332,echo,1.0,-1.0,0.7853981633974483,1
7667,0.015334,echo,1.0,-1.0,0.7853981633974483,1
7668,0.015336,echo,1.0,-1.0,0.7853981633974483,1
7669,0.015338000000000001,echo,1.0,-1.0,0.7853981633974483,0
7670,0.01534,echo,1.0,-1.0,0.7853981633974483,1
7671,0.015342,echo,1.0,-1.0,0.7853981633974483,1
7672,0.015344000000000002,echo,1.0,-1.0,0.7853981633974483,1
7673,0.015346,echo,1.0,-1.0,0.7853981633974483,1
7674,0.015348,echo,1.0,-1.0,0.7853981633974483,1
7675,0.015349999999999999,echo,1.0,-1.0,0.7853981633974483,1
7676,0.015352000000000001,echo,1.0,-1.0,0.7853981633974483,1
7677,0.015354000000000001,echo,1.0,-1.0,0.7853981633974483,1
7678,0.015356,echo,1.0,-1.0,0.7853981633974483,1
7679,0.015358,echo,1.0,-1.0,0.7853981633974483,1
7680,0.015359999999999999,echo,1.0,-1.0,0.7853981633974483,1
7681,0.015362,echo,1.0,-1.0,0.7853981633974483,1
7682,0.015364000000000001,echo,1.0,-1.0,0.7853981633974483,0
7683,0.015366,echo,1.0,-1.0,0.7853981633974483,1
7684,0.015368,echo,1.0,-1.0,0.7853981633974483,1
7685,0.015370000000000002,echo,1.0,-1.0,0.7853981633974483,1
7686,0.015372,echo,1.0,-1.0,0.7853981633974483,1
7687,0.015374,echo,1.0,-1.0,0.7853981633974483,1
7688,0.015375999999999999,echo,1.0,-1.0,0.7853981633974483,1
7689,0.015378,echo,1.0,-1.0,0.7853981633974483,1
7690,0.015380000000000001,echo,1.0,-1.0,0.7853981633974483,1
7691,0.015382,echo,1.0,-1.0,0.7853981633974483,1
7692,0.015384,echo,1.0,-1.0,0.7853981633974483,1
7693,0.015386,echo,1.0,-1.0,0.7853981633974483,1
7694,0.015388,echo,1.0,-1.0,0.7853981633974483,1
7695,0.015390000000000001,echo,1.0,-1.0,0.7853981633974483,1
7696,0.015392,echo,1.0,-1.0,0.7853981633974483,1
7697,0.015394,echo,1.0,-1.0,0.7853981633974483,0
7698,0.015396,echo,1.0,-1.0,0.7853981633974483,0
7699,0.015398,echo,1.0,-1.0,0.7853981633974483,0
7700,0.0154,echo,1.0,-1.0,0.7853981633974483,1
7701,0.015402,echo,1.0,-1.0,0.7853981633974483,0
7702,0.015404,echo,1.0,-1.0,0.7853981633974483,1
7703,0.015406000000000001,echo,1.0,-1.0,0.7853981633974483,1
7704,0.015408,echo,1.0,-1.0,0.7853981633974483,1
7705,0.01541,echo,1.0,-1.0,0.7853981633974483,1
7706,0.015412,echo,1.0,-1.0,0.7853981633974483,1
7707,0.015413999999999999,echo,1.0,-1.0,0.7853981633974483,0
7708,0.015416000000000001,echo,1.0,-1.0,0.7853981633974483,1
7709,0.015418000000000001,echo,1.0,-1.0,0.7853981633974483,1
7710,0.01542,echo,1.0,-1.0,0.7853981633974483,0
7711,0.015422,echo,1.0,-1.0,0.7853981633974483,1
7712,0.015424,echo,1.0,-1.0,0.7853981633974483,1
7713,0.015426,echo,1.0,-1.0,0.7853981633974483,1
7714,0.015428,echo,1.0,-1.0,0.7853981633974483,1
7715,0.01543,echo,1.0,-1.0,0.7853981633974483,1
7716,0.015432,echo,1.0,-1.0,0.7853981633974483,1
7717,0.015434000000000002,echo,1.0,-1.0,0.7853981633974483,1
7718,0.015436,echo,1.0,-1.0,0.7853981633974483,1
7719,0.015438,echo,1.0,-1.0,0.7853981633974483,1
7720,0.015439999999999999,echo,1.0,-1.0,0.7853981633974483,0
7721,0.015442,echo,1.0,-1.0,0.7853981633974483,0
7722,0.015444000000000001,echo,1.0,-1.0,0.7853981633974483,1
7723,0.015446,echo,1.0,-1.0,0.7853981633974483,0
7724,0.015448,echo,1.0,-1.0,0.7853981633974483,1
7725,0.015450000000000002,echo,1.0,-1.0,0.7853981633974483,1
7726,0.015452,echo,1.0,-1.0,0.7853981633974483,1
7727,0.015454,echo,1.0,-1.0,0.7853981633974483,1
7728,0.015456,echo,1.0,-1.0,0.7853981633974483,1
7729,0.015458,echo,1.0,-1.0,0.7853981633974483,0
7730,0.015460000000000002,echo,1.0,-1.0,0.7853981633974483,1
7731,0.015462,echo,1.0,-1.0,0.7853981633974483,1
7732,0.015464,echo,1.0,-1.0,0.7853981633974483,1
7733,0.015466,echo,1.0,-1.0,0.7853981633974483,0
7734,0.015467999999999999,echo,1.0,-1.0,0.7853981633974483,1
7735,0.015470000000000001,echo,1.0,-1.0,0.7853981633974483,1
7736,0.015472,echo,1.0,-1.0,0.7853981633974483,1
7737,0.015474,echo,1.0,-1.0,0.7853981633974483,1
7738,0.015476,echo,1.0,-1.0,0.7853981633974483,1
7739,0.015478,echo,1.0,-1.0,0.7853981633974483,0
7740,0.01548,echo,1.0,-1.0,0.7853981633974483,0
7741,0.015482000000000001,echo,1.0,-1.0,0.7853981633974483,1
7742,0.015484,echo,1.0,-1.0,0.7853981633974483,1
7743,0.015486000000000002,echo,1.0,-1.0,0.7853981633974483,1
7744,0.015488,echo,1.0,-1.0,0.7853981633974483,1
7745,0.01549,echo,1.0,-1.0,0.7853981633974483,1
7746,0.015492,echo,1.0,-1.0,0.7853981633974483,1
7747,0.015493999999999999,echo,1.0,-1.0,0.7853981633974483,1
7748,0.015496000000000001,echo,1.0,-1.0,0.7853981633974483,1
7749,0.015498000000000001,echo,1.0,-1.0,0.7853981633974483,1
7750,0.0155,echo,1.0,-1.0,0.7853981633974483,1
7751,0.015502,echo,1.0,-1.0,0.7853981633974483,1
7752,0.015504,echo,1.0,-1.0,0.7853981633974483,1
7753,0.015506,echo,1.0,-1.0,0.7853981633974483,1
7754,0.015508000000000001,echo,1.0,-1.0,0.7853981633974483,0
7755,0.01551,echo,1.0,-1.0,0.7853981633974483,0
7756,0.015512,echo,1.0,-1.0,0.7853981633974483,1
7757,0.015514000000000002,echo,1.0,-1.0,0.7853981633974483,1
7758,0.015516,echo,1.0,-1.0,0.7853981633974483,1
7759,0.015518,echo,1.0,-1.0,0.7853981633974483,0
7760,0.015519999999999999,echo,1.0,-1.0,0.7853981633974483,1
7761,0.015522000000000001,echo,1.0,-1.0,0.7853981633974483,1
7762,0.015524000000000001,echo,1.0,-1.0,0.7853981633974483,1
7763,0.015526,echo,1.0,-1.0,0.7853981633974483,1
7764,0.015528,echo,1.0,-1.0,0.7853981633974483,1
7765,0.01553,echo,1.0,-1.0,0.7853981633974483,1
7766,0.015532,echo,1.0,-1.0,0.7853981633974483,0
7767,0.015534000000000001,echo,1.0,-1.0,0.7853981633974483,1
7768,0.015536,echo,1.0,-1.0,0.7853981633974483,1
7769,0.015538,echo,1.0,-1.0,0.7853981633974483,1
7770,0.015540000000000002,echo,1.0,-1.0,0.7853981633974483,0
7771,0.015542,echo,1.0,-1.0,0.7853981633974483,1
7772,0.015544,echo,1.0,-1.0,0.7853981633974483,1
7773,0.015546,echo,1.0,-1.0,0.7853981633974483,0
7774,0.015548,echo,1.0,-1.0,0.7853981633974483,1
7775,0.015550000000000001,echo,1.0,-1.0,0.7853981633974483,1
7776,0.015552,echo,1.0,-1.0,0.7853981633974483,0
7777,0.015554,echo,1.0,-1.0,0.7853981633974483,1
7778,0.015556,echo,1.0,-1.0,0.7853981633974483,0
7779,0.015558,echo,1.0,-1.0,0.7853981633974483,1
7780,0.015560000000000001,echo,1.0,-1.0,0.7853981633974483,1
7781,0.015562000000000001,echo,1.0,-1.0,0.7853981633974483,1
7782,0.015564,echo,1.0,-1.0,0.7853981633974483,1
7783,0.015566,echo,1.0,-1.0,0.7853981633974483,1
7784,0.015568,echo,1.0,-1.0,0.7853981633974483,1
7785,0.01557,echo,1.0,-1.0,0.7853981633974483,1
7786,0.015572,echo,1.0,-1.0,0.7853981633974483,1
7787,0.015574,echo,1.0,-1.0,0.7853981633974483,1
7788,0.015576000000000001,echo,1.0,-1.0,0.7853981633974483,1
7789,0.015578000000000002,echo,1.0,-1.0,0.7853981633974483,1
7790,0.01558,echo,1.0,-1.0,0.7853981633974483,1
7791,0.015582,echo,1.0,-1.0,0.7853981633974483,0
7792,0.015583999999999999,echo,1.0,-1.0,0.7853981633974483,1
7793,0.015586000000000001,echo,1.0,-1.0,0.7853981633974483,0
7794,0.015588000000000001,echo,1.0,-1.0,0.7853981633974483,1
7795,0.01559,echo,1.0,-1.0,0.7853981633974483,1
7796,0.015592,echo,1.0,-1.0,0.7853981633974483,1
7797,0.015594000000000002,echo,1.0,-1.0,0.7853981633974483,1
7798,0.015596,echo,1.0,-1.0,0.7853981633974483,1
7799,0.015598,echo,1.0,-1.0,0.7853981633974483,1
7800,0.0156,echo,1.0,-1.0,1.5707963267948966,0
7801,0.015602,echo,1.0,-1.0,1.5707963267948966,0
7802,0.015604000000000002,echo,1.0,-1.0,1.5707963267948966,0
7803,0.015606,echo,1.0,-1.0,1.5707963267948966,0
7804,0.015608,echo,1.0,-1.0,1.5707963267948966,1
7805,0.01561,echo,1.0,-1.0,1.5707963267948966,1
7806,0.015612000000000001,echo,1.0,-1.0,1.5707963267948966,1
7807,0.015614000000000001,echo,1.0,-1.0,1.5707963267948966,1
7808,0.015616,echo,1.0,-1.0,1.5707963267948966,1
7809,0.015618,echo,1.0,-1.0,1.5707963267948966,0
7810,0.01562,echo,1.0,-1.0,1.5707963267948966,0
7811,0.015622,echo,1.0,-1.0,1.5707963267948966,1
7812,0.015624,echo,1.0,-1.0,1.5707963267948966,0
7813,0.015626,echo,1.0,-1.0,1.5707963267948966,0
7814,0.015628,echo,1.0,-1.0,1.5707963267948966,1
7815,0.01563,echo,1.0,-1.0,1.5707963267948966,0
7816,0.015632,echo,1.0,-1.0,1.5707963267948966,0
7817,0.015634000000000002,echo,1.0,-1.0,1.5707963267948966,1
7818,0.015636,echo,1.0,-1.0,1.5707963267948966,1
7819,0.015638,echo,1.0,-1.0,1.5707963267948966,0
7820,0.01564,echo,1.0,-1.0,1.5707963267948966,1
7821,0.015642,echo,1.0,-1.0,1.5707963267948966,1
7822,0.015644,echo,1.0,-1.0,1.5707963267948966,0
7823,0.015646,echo,1.0,-1.0,1.5707963267948966,1
7824,0.015648,echo,1.0,-1.0,1.5707963267948966,1
7825,0.01565,echo,1.0,-1.0,1.5707963267948966,0
7826,0.015652000000000003,echo,1.0,-1.0,1.5707963267948966,0
7827,0.015654,echo,1.0,-1.0,1.5707963267948966,0
7828,0.015656,echo,1.0,-1.0,1.5707963267948966,1
7829,0.015658,echo,1.0,-1.0,1.5707963267948966,0
7830,0.01566,echo,1.0,-1.0,1.5707963267948966,1
7831,0.015662000000000002,echo,1.0,-1.0,1.5707963267948966,0
7832,0.015664,echo,1.0,-1.0,1.5707963267948966,0
7833,0.015666,echo,1.0,-1.0,1.5707963267948966,1
7834,0.015668,echo,1.0,-1.0,1.5707963267948966,1
7835,0.01567,echo,1.0,-1.0,1.5707963267948966,1
7836,0.015672000000000002,echo,1.0,-1.0,1.5707963267948966,1
7837,0.015674,echo,1.0,-1.0,1.5707963267948966,1
7838,0.015676,echo,1.0,-1.0,1.5707963267948966,0
7839,0.015678,echo,1.0,-1.0,1.5707963267948966,1
7840,0.01568,echo,1.0,-1.0,1.5707963267948966,0
7841,0.015682,echo,1.0,-1.0,1.5707963267948966,1
7842,0.015684,echo,1.0,-1.0,1.5707963267948966,1
7843,0.015686,echo,1.0,-1.0,1.5707963267948966,1
7844,0.015688,echo,1.0,-1.0,1.5707963267948966,1
7845,0.01569,echo,1.0,-1.0,1.5707963267948966,1
7846,0.015692,echo,1.0,-1.0,1.5707963267948966,1
7847,0.015694,echo,1.0,-1.0,1.5707963267948966,0
7848,0.015695999999999998,echo,1.0,-1.0,1.5707963267948966,1
7849,0.015698,echo,1.0,-1.0,1.5707963267948966,1
7850,0.015700000000000002,echo,1.0,-1.0,1.5707963267948966,1
7851,0.015702,echo,1.0,-1.0,1.5707963267948966,1
7852,0.015704,echo,1.0,-1.0,1.5707963267948966,0
7853,0.015706,echo,1.0,-1.0,1.5707963267948966,0
7854,0.015708,echo,1.0,-1.0,1.5707963267948966,0
7855,0.015710000000000002,echo,1.0,-1.0,1.5707963267948966,0
7856,0.015712,echo,1.0,-1.0,1.5707963267948966,0
7857,0.015714,echo,1.0,-1.0,1.5707963267948966,1
7858,0.015716,echo,1.0,-1.0,1.5707963267948966,0
7859,0.015718,echo,1.0,-1.0,1.5707963267948966,1
7860,0.01572,echo,1.0,-1.0,1.5707963267948966,0
7861,0.015722,echo,1.0,-1.0,1.5707963267948966,1
7862,0.015724000000000002,echo,1.0,-1.0,1.5707963267948966,0
7863,0.015726,echo,1.0,-1.0,1.5707963267948966,1
7864,0.015728,echo,1.0,-1.0,1.5707963267948966,1
7865,0.01573,echo,1.0,-1.0,1.5707963267948966,0
7866,0.015732,echo,1.0,-1.0,1.5707963267948966,0
7867,0.015734,echo,1.0,-1.0,1.5707963267948966,0
7868,0.015736,echo,1.0,-1.0,1.5707963267948966,1
7869,0.015738,echo,1.0,-1.0,1.5707963267948966,1
7870,0.01574,echo,1.0,-1.0,1.5707963267948966,1
7871,0.015742000000000003,echo,1.0,-1.0,1.5707963267948966,1
7872,0.015744,echo,1.0,-1.0,1.5707963267948966,0
7873,0.015746,echo,1.0,-1.0,1.5707963267948966,0
7874,0.015748,echo,1.0,-1.0,1.5707963267948966,0
7875,0.01575,echo,1.0,-1.0,1.5707963267948966,0
7876,0.015752000000000002,echo,1.0,-1.0,1.5707963267948966,0
7877,0.015754,echo,1.0,-1.0,1.5707963267948966,1
7878,0.015756,echo,1.0,-1.0,1.5707963267948966,0
7879,0.015758,echo,1.0,-1.0,1.5707963267948966,0
7880,0.01576,echo,1.0,-1.0,1.5707963267948966,0
7881,0.015762,echo,1.0,-1.0,1.5707963267948966,0
7882,0.015764,echo,1.0,-1.0,1.5707963267948966,1
7883,0.015766,echo,1.0,-1.0,1.5707963267948966,1
7884,0.015768,echo,1.0,-1.0,1.5707963267948966,1
7885,0.01577,echo,1.0,-1.0,1.5707963267948966,0
7886,0.015772,echo,1.0,-1.0,1.5707963267948966,0
7887,0.015774,echo,1.0,-1.0,1.5707963267948966,1
7888,0.015776,echo,1.0,-1.0,1.5707963267948966,1
7889,0.015778,echo,1.0,-1.0,1.5707963267948966,0
7890,0.015780000000000002,echo,1.0,-1.0,1.5707963267948966,0
7891,0.015782,echo,1.0,-1.0,1.5707963267948966,1
7892,0.015784,echo,1.0,-1.0,1.5707963267948966,1
7893,0.015785999999999998,echo,1.0,-1.0,1.5707963267948966,1
7894,0.015788,echo,1.0,-1.0,1.5707963267948966,0
7895,0.015790000000000002,echo,1.0,-1.0,1.5707963267948966,0
7896,0.015792,echo,1.0,-1.0,1.5707963267948966,1
7897,0.015794,echo,1.0,-1.0,1.5707963267948966,0
7898,0.015796,echo,1.0,-1.0,1.5707963267948966,1
7899,0.015798,echo,1.0,-1.0,1.5707963267948966,0
7900,0.0158,echo,1.0,-1.0,1.5707963267948966,0
7901,0.015802,echo,1.0,-1.0,1.5707963267948966,0
7902,0.015804,echo,1.0,-1.0,1.5707963267948966,0
7903,0.015806,echo,1.0,-1.0,1.5707963267948966,1
7904,0.015808,echo,1.0,-1.0,1.5707963267948966,1
7905,0.01581,echo,1.0,-1.0,1.5707963267948966,1
7906,0.015812,echo,1.0,-1.0,1.5707963267948966,1
7907,0.015814,echo,1.0,-1.0,1.5707963267948966,0
7908,0.015816,echo,1.0,-1.0,1.5707963267948966,1
7909,0.015818,echo,1.0,-1.0,1.5707963267948966,0
7910,0.01582,echo,1.0,-1.0,1.5707963267948966,1
7911,0.015822,echo,1.0,-1.0,1.5707963267948966,1
7912,0.015824,echo,1.0,-1.0,1.5707963267948966,0
7913,0.015826,echo,1.0,-1.0,1.5707963267948966,1
7914,0.015828000000000002,echo,1.0,-1.0,1.5707963267948966,1
7915,0.01583,echo,1.0,-1.0,1.5707963267948966,1
7916,0.015832000000000002,echo,1.0,-1.0,1.5707963267948966,1
7917,0.015834,echo,1.0,-1.0,1.5707963267948966,1
7918,0.015836,echo,1.0,-1.0,1.5707963267948966,0
7919,0.015838,echo,1.0,-1.0,1.5707963267948966,0
7920,0.01584,echo,1.0,-1.0,1.5707963267948966,0
7921,0.015842000000000002,echo,1.0,-1.0,1.5707963267948966,1
7922,0.015844,echo,1.0,-1.0,1.5707963267948966,1
7923,0.015846,echo,1.0,-1.0,1.5707963267948966,1
7924,0.015848,echo,1.0,-1.0,1.5707963267948966,0
7925,0.01585,echo,1.0,-1.0,1.5707963267948966,1
7926,0.015852,echo,1.0,-1.0,1.5707963267948966,1
7927,0.015854,echo,1.0,-1.0,1.5707963267948966,0
7928,0.015856,echo,1.0,-1.0,1.5707963267948966,0
7929,0.015858,echo,1.0,-1.0,1.5707963267948966,0
7930,0.015860000000000003,echo,1.0,-1.0,1.5707963267948966,0
7931,0.015862,echo,1.0,-1.0,1.5707963267948966,0
7932,0.015864,echo,1.0,-1.0,1.5707963267948966,1
7933,0.015865999999999998,echo,1.0,-1.0,1.5707963267948966,1
7934,0.015868,echo,1.0,-1.0,1.5707963267948966,0
7935,0.015870000000000002,echo,1.0,-1.0,1.5707963267948966,1
7936,0.015872,echo,1.0,-1.0,1.5707963267948966,1
7937,0.015874,echo,1.0,-1.0,1.5707963267948966,0
7938,0.015875999999999998,echo,1.0,-1.0,1.5707963267948966,1
7939,0.015878,echo,1.0,-1.0,1.5707963267948966,1
7940,0.015880000000000002,echo,1.0,-1.0,1.5707963267948966,1
7941,0.015882,echo,1.0,-1.0,1.5707963267948966,0
7942,0.015884,echo,1.0,-1.0,1.5707963267948966,1
7943,0.015886,echo,1.0,-1.0,1.5707963267948966,0
7944,0.015888,echo,1.0,-1.0,1.5707963267948966,1
7945,0.01589,echo,1.0,-1.0,1.5707963267948966,0
7946,0.015892,echo,1.0,-1.0,1.5707963267948966,1
7947,0.015894,echo,1.0,-1.0,1.5707963267948966,1
7948,0.015896,echo,1.0,-1.0,1.5707963267948966,0
7949,0.015898,echo,1.0,-1.0,1.5707963267948966,0
7950,0.0159,echo,1.0,-1.0,1.5707963267948966,1
7951,0.015902,echo,1.0,-1.0,1.5707963267948966,0
7952,0.015904,echo,1.0,-1.0,1.5707963267948966,1
7953,0.015906,echo,1.0,-1.0,1.5707963267948966,1
7954,0.015908,echo,1.0,-1.0,1.5707963267948966,1
7955,0.01591,echo,1.0,-1.0,1.5707963267948966,1
7956,0.015912000000000003,echo,1.0,-1.0,1.5707963267948966,1
7957,0.015914,echo,1.0,-1.0,1.5707963267948966,1
7958,0.015916,echo,1.0,-1.0,1.5707963267948966,1
7959,0.015918,echo,1.0,-1.0,1.5707963267948966,1
7960,0.01592,echo,1.0,-1.0,1.5707963267948966,0
7961,0.015922000000000002,echo,1.0,-1.0,1.5707963267948966,0
7962,0.015924,echo,1.0,-1.0,1.5707963267948966,0
7963,0.015926,echo,1.0,-1.0,1.5707963267948966,1
7964,0.015928,echo,1.0,-1.0,1.5707963267948966,1
7965,0.01593,echo,1.0,-1.0,1.5707963267948966,1
7966,0.015932,echo,1.0,-1.0,1.5707963267948966,0
7967,0.015934,echo,1.0,-1.0,1.5707963267948966,0
7968,0.015936,echo,1.0,-1.0,1.5707963267948966,0
7969,0.015938,echo,1.0,-1.0,1.5707963267948966,1
7970,0.01594,echo,1.0,-1.0,1.5707963267948966,1
7971,0.015942,echo,1.0,-1.0,1.5707963267948966,1
7972,0.015944,echo,1.0,-1.0,1.5707963267948966,0
7973,0.015946,echo,1.0,-1.0,1.5707963267948966,1
7974,0.015948,echo,1.0,-1.0,1.5707963267948966,1
7975,0.015950000000000002,echo,1.0,-1.0,1.5707963267948966,0
7976,0.015952,echo,1.0,-1.0,1.5707963267948966,0
7977,0.015954,echo,1.0,-1.0,1.5707963267948966,1
7978,0.015955999999999998,echo,1.0,-1.0,1.5707963267948966,1
7979,0.015958,echo,1.0,-1.0,1.5707963267948966,1
7980,0.015960000000000002,echo,1.0,-1.0,1.5707963267948966,0
7981,0.015962,echo,1.0,-1.0,1.5707963267948966,0
7982,0.015964,echo,1.0,-1.0,1.5707963267948966,0
7983,0.015966,echo,1.0,-1.0,1.5707963267948966,0
7984,0.015968,echo,1.0,-1.0,1.5707963267948966,1
7985,0.01597,echo,1.0,-1.0,1.5707963267948966,1
7986,0.015972,echo,1.0,-1.0,1.5707963267948966,0
7987,0.015974,echo,1.0,-1.0,1.5707963267948966,0
7988,0.015976,echo,1.0,-1.0,1.5707963267948966,0
7989,0.015978,echo,1.0,-1.0,1.5707963267948966,1
7990,0.01598,echo,1.0,-1.0,1.5707963267948966,1
7991,0.015982,echo,1.0,-1.0,1.5707963267948966,1
7992,0.015984,echo,1.0,-1.0,1.5707963267948966,1
7993,0.015986,echo,1.0,-1.0,1.5707963267948966,0
7994,0.015988,echo,1.0,-1.0,1.5707963267948966,1
7995,0.01599,echo,1.0,-1.0,1.5707963267948966,0
7996,0.015992,echo,1.0,-1.0,1.5707963267948966,0
7997,0.015994,echo,1.0,-1.0,1.5707963267948966,1
7998,0.015996,echo,1.0,-1.0,1.5707963267948966,0
7999,0.015998000000000002,echo,1.0,-1.0,1.5707963267948966,1
8000,0.016,echo,1.0,-1.0,1.5707963267948966,0
8001,0.016002,echo,1.0,-1.0,1.5707963267948966,1
8002,0.016004,echo,1.0,-1.0,1.5707963267948966,1
8003,0.016006,echo,1.0,-1.0,1.5707963267948966,1
8004,0.016007999999999998,echo,1.0,-1.0,1.5707963267948966,0
8005,0.01601,echo,1.0,-1.0,1.5707963267948966,1
8006,0.016012000000000002,echo,1.0,-1.0,1.5707963267948966,1
8007,0.016014,echo,1.0,-1.0,1.5707963267948966,0
8008,0.016016000000000002,echo,1.0,-1.0,1.5707963267948966,0
8009,0.016018,echo,1.0,-1.0,1.5707963267948966,1
8010,0.01602,echo,1.0,-1.0,1.5707963267948966,0
8011,0.016022,echo,1.0,-1.0,1.5707963267948966,0
8012,0.016024,echo,1.0,-1.0,1.5707963267948966,0
8013,0.016026,echo,1.0,-1.0,1.5707963267948966,1
8014,0.016027999999999997,echo,1.0,-1.0,1.5707963267948966,1
8015,0.016030000000000003,echo,1.0,-1.0,1.5707963267948966,0
8016,0.016032,echo,1.0,-1.0,1.5707963267948966,0
8017,0.016034,echo,1.0,-1.0,1.5707963267948966,1
8018,0.016036,echo,1.0,-1.0,1.5707963267948966,0
8019,0.016038,echo,1.0,-1.0,1.5707963267948966,1
8020,0.01604,echo,1.0,-1.0,1.5707963267948966,0
8021,0.016042,echo,1.0,-1.0,1.5707963267948966,1
8022,0.016044,echo,1.0,-1.0,1.5707963267948966,1
8023,0.016045999999999998,echo,1.0,-1.0,1.5707963267948966,0
8024,0.016048000000000003,echo,1.0,-1.0,1.5707963267948966,1
8025,0.016050000000000002,echo,1.0,-1.0,1.5707963267948966,0
8026,0.016052,echo,1.0,-1.0,1.5707963267948966,1
8027,0.016054000000000002,echo,1.0,-1.0,1.5707963267948966,1
8028,0.016056,echo,1.0,-1.0,1.5707963267948966,1
8029,0.016058,echo,1.0,-1.0,1.5707963267948966,0
8030,0.016059999999999998,echo,1.0,-1.0,1.5707963267948966,0
8031,0.016062,echo,1.0,-1.0,1.5707963267948966,1
8032,0.016064,echo,1.0,-1.0,1.5707963267948966,1
8033,0.016066,echo,1.0,-1.0,1.5707963267948966,1
8034,0.016068000000000002,echo,1.0,-1.0,1.5707963267948966,0
8035,0.01607,echo,1.0,-1.0,1.5707963267948966,1
8036,0.016072,echo,1.0,-1.0,1.5707963267948966,1
8037,0.016074,echo,1.0,-1.0,1.5707963267948966,0
8038,0.016076,echo,1.0,-1.0,1.5707963267948966,1
8039,0.016078,echo,1.0,-1.0,1.5707963267948966,1
8040,0.01608,echo,1.0,-1.0,1.5707963267948966,0
8041,0.016082,echo,1.0,-1.0,1.5707963267948966,0
8042,0.016084,echo,1.0,-1.0,1.5707963267948966,0
8043,0.016086000000000003,echo,1.0,-1.0,1.5707963267948966,1
8044,0.016088,echo,1.0,-1.0,1.5707963267948966,1
8045,0.01609,echo,1.0,-1.0,1.5707963267948966,0
8046,0.016092,echo,1.0,-1.0,1.5707963267948966,1
8047,0.016094,echo,1.0,-1.0,1.5707963267948966,1
8048,0.016096,echo,1.0,-1.0,1.5707963267948966,0
8049,0.016097999999999998,echo,1.0,-1.0,1.5707963267948966,1
8050,0.0161,echo,1.0,-1.0,1.5707963267948966,0
8051,0.016102,echo,1.0,-1.0,1.5707963267948966,0
8052,0.016104,echo,1.0,-1.0,1.5707963267948966,1
8053,0.016106000000000002,echo,1.0,-1.0,1.5707963267948966,0
8054,0.016108,echo,1.0,-1.0,1.5707963267948966,0
8055,0.01611,echo,1.0,-1.0,1.5707963267948966,0
8056,0.016112,echo,1.0,-1.0,1.5707963267948966,0
8057,0.016114,echo,1.0,-1.0,1.5707963267948966,0
8058,0.016116,echo,1.0,-1.0,1.5707963267948966,1
8059,0.016118,echo,1.0,-1.0,1.5707963267948966,0
8060,0.016120000000000002,echo,1.0,-1.0,1.5707963267948966,1
8061,0.016122,echo,1.0,-1.0,1.5707963267948966,0
8062,0.016124,echo,1.0,-1.0,1.5707963267948966,1
8063,0.016126,echo,1.0,-1.0,1.5707963267948966,0
8064,0.016128,echo,1.0,-1.0,1.5707963267948966,0
8065,0.01613,echo,1.0,-1.0,1.5707963267948966,0
8066,0.016132,echo,1.0,-1.0,1.5707963267948966,0
8067,0.016134,echo,1.0,-1.0,1.5707963267948966,1
8068,0.016135999999999998,echo,1.0,-1.0,1.5707963267948966,1
8069,0.016138000000000003,echo,1.0,-1.0,1.5707963267948966,1
8070,0.01614,echo,1.0,-1.0,1.5707963267948966,0
8071,0.016142,echo,1.0,-1.0,1.5707963267948966,1
8072,0.016144000000000002,echo,1.0,-1.0,1.5707963267948966,1
8073,0.016146,echo,1.0,-1.0,1.5707963267948966,0
8074,0.016148,echo,1.0,-1.0,1.5707963267948966,1
8075,0.016149999999999998,echo,1.0,-1.0,1.5707963267948966,0
8076,0.016152,echo,1.0,-1.0,1.5707963267948966,1
8077,0.016153999999999998,echo,1.0,-1.0,1.5707963267948966,0
8078,0.016156,echo,1.0,-1.0,1.5707963267948966,0
8079,0.016158000000000002,echo,1.0,-1.0,1.5707963267948966,0
8080,0.01616,echo,1.0,-1.0,1.5707963267948966,1
8081,0.016162,echo,1.0,-1.0,1.5707963267948966,0
8082,0.016164,echo,1.0,-1.0,1.5707963267948966,1
8083,0.016166,echo,1.0,-1.0,1.5707963267948966,0
8084,0.016168,echo,1.0,-1.0,1.5707963267948966,0
8085,0.01617,echo,1.0,-1.0,1.5707963267948966,1
8086,0.016172,echo,1.0,-1.0,1.5707963267948966,1
8087,0.016174,echo,1.0,-1.0,1.5707963267948966,0
8088,0.016176000000000003,echo,1.0,-1.0,1.5707963267948966,0
8089,0.016178,echo,1.0,-1.0,1.5707963267948966,0
8090,0.01618,echo,1.0,-1.0,1.5707963267948966,1
8091,0.016182,echo,1.0,-1.0,1.5707963267948966,0
8092,0.016184,echo,1.0,-1.0,1.5707963267948966,0
8093,0.016186,echo,1.0,-1.0,1.5707963267948966,1
8094,0.016187999999999998,echo,1.0,-1.0,1.5707963267948966,0
8095,0.016190000000000003,echo,1.0,-1.0,1.5707963267948966,1
8096,0.016192,echo,1.0,-1.0,1.5707963267948966,0
8097,0.016194,echo,1.0,-1.0,1.5707963267948966,1
8098,0.016196000000000002,echo,1.0,-1.0,1.5707963267948966,0
8099,0.016198,echo,1.0,-1.0,1.5707963267948966,0
8100,0.0162,echo,1.0,-1.0,2.356194490192345,1
8101,0.016202,echo,1.0,-1.0,2.356194490192345,0
8102,0.016204,echo,1.0,-1.0,2.356194490192345,0
8103,0.016205999999999998,echo,1.0,-1.0,2.356194490192345,0
8104,0.016208000000000004,echo,1.0,-1.0,2.356194490192345,0
8105,0.016210000000000002,echo,1.0,-1.0,2.356194490192345,0
8106,0.016212,echo,1.0,-1.0,2.356194490192345,0
8107,0.016214,echo,1.0,-1.0,2.356194490192345,0
8108,0.016216,echo,1.0,-1.0,2.356194490192345,1
8109,0.016218,echo,1.0,-1.0,2.356194490192345,0
8110,0.01622,echo,1.0,-1.0,2.356194490192345,0
8111,0.016222,echo,1.0,-1.0,2.356194490192345,0
8112,0.016224,echo,1.0,-1.0,2.356194490192345,0
8113,0.016225999999999997,echo,1.0,-1.0,2.356194490192345,0
8114,0.016228000000000003,echo,1.0,-1.0,2.356194490192345,0
8115,0.01623,echo,1.0,-1.0,2.356194490192345,0
8116,0.016232,echo,1.0,-1.0,2.356194490192345,0
8117,0.016234000000000002,echo,1.0,-1.0,2.356194490192345,1
8118,0.016236,echo,1.0,-1.0,2.356194490192345,0
8119,0.016238,echo,1.0,-1.0,2.356194490192345,1
8120,0.01624,echo,1.0,-1.0,2.356194490192345,0
8121,0.016242,echo,1.0,-1.0,2.356194490192345,1
8122,0.016244,echo,1.0,-1.0,2.356194490192345,1
8123,0.016246,echo,1.0,-1.0,2.356194490192345,0
8124,0.016248000000000002,echo,1.0,-1.0,2.356194490192345,1
8125,0.01625,echo,1.0,-1.0,2.356194490192345,1
8126,0.016252,echo,1.0,-1.0,2.356194490192345,0
8127,0.016254,echo,1.0,-1.0,2.356194490192345,0
8128,0.016256,echo,1.0,-1.0,2.356194490192345,0
8129,0.016257999999999998,echo,1.0,-1.0,2.356194490192345,0
8130,0.01626,echo,1.0,-1.0,2.356194490192345,1
8131,0.016262000000000002,echo,1.0,-1.0,2.356194490192345,0
8132,0.016264,echo,1.0,-1.0,2.356194490192345,1
8133,0.016266000000000003,echo,1.0,-1.0,2.356194490192345,1
8134,0.016268,echo,1.0,-1.0,2.356194490192345,0
8135,0.01627,echo,1.0,-1.0,2.356194490192345,1
8136,0.016272000000000002,echo,1.0,-1.0,2.356194490192345,0
8137,0.016274,echo,1.0,-1.0,2.356194490192345,0
8138,0.016276,echo,1.0,-1.0,2.356194490192345,0
8139,0.016277999999999997,echo,1.0,-1.0,2.356194490192345,0
8140,0.016280000000000003,echo,1.0,-1.0,2.356194490192345,0
8141,0.016282,echo,1.0,-1.0,2.356194490192345,0
8142,0.016284,echo,1.0,-1.0,2.356194490192345,0
8143,0.016286000000000002,echo,1.0,-1.0,2.356194490192345,0
8144,0.016288,echo,1.0,-1.0,2.356194490192345,0
8145,0.01629,echo,1.0,-1.0,2.356194490192345,0
8146,0.016292,echo,1.0,-1.0,2.356194490192345,0
8147,0.016294,echo,1.0,-1.0,2.356194490192345,0
8148,0.016295999999999998,echo,1.0,-1.0,2.356194490192345,0
8149,0.016298000000000003,echo,1.0,-1.0,2.356194490192345,1
8150,0.016300000000000002,echo,1.0,-1.0,2.356194490192345,0
8151,0.016302,echo,1.0,-1.0,2.356194490192345,0
8152,0.016304000000000003,echo,1.0,-1.0,2.356194490192345,0
8153,0.016306,echo,1.0,-1.0,2.356194490192345,1
8154,0.016308,echo,1.0,-1.0,2.356194490192345,0
8155,0.016309999999999998,echo,1.0,-1.0,2.356194490192345,0
8156,0.016312,echo,1.0,-1.0,2.356194490192345,1
8157,0.016314,echo,1.0,-1.0,2.356194490192345,0
8158,0.016316,echo,1.0,-1.0,2.356194490192345,0
8159,0.016318000000000003,echo,1.0,-1.0,2.356194490192345,0
8160,0.01632,echo,1.0,-1.0,2.356194490192345,1
8161,0.016322,echo,1.0,-1.0,2.356194490192345,0
8162,0.016324,echo,1.0,-1.0,2.356194490192345,1
8163,0.016326,echo,1.0,-1.0,2.356194490192345,0
8164,0.016328,echo,1.0,-1.0,2.356194490192345,0
8165,0.01633,echo,1.0,-1.0,2.356194490192345,1
8166,0.016332,echo,1.0,-1.0,2.356194490192345,0
8167,0.016334,echo,1.0,-1.0,2.356194490192345,0
8168,0.016336000000000003,echo,1.0,-1.0,2.356194490192345,1
8169,0.016338000000000002,echo,1.0,-1.0,2.356194490192345,0
8170,0.01634,echo,1.0,-1.0,2.356194490192345,0
8171,0.016342,echo,1.0,-1.0,2.356194490192345,0
8172,0.016344,echo,1.0,-1.0,2.356194490192345,0
8173,0.016346,echo,1.0,-1.0,2.356194490192345,1
8174,0.016347999999999998,echo,1.0,-1.0,2.356194490192345,0
8175,0.01635,echo,1.0,-1.0,2.356194490192345,0
8176,0.016352000000000002,echo,1.0,-1.0,2.356194490192345,0
8177,0.016354,echo,1.0,-1.0,2.356194490192345,0
8178,0.016356000000000002,echo,1.0,-1.0,2.356194490192345,0
8179,0.016358,echo,1.0,-1.0,2.356194490192345,0
8180,0.01636,echo,1.0,-1.0,2.356194490192345,0
8181,0.016362,echo,1.0,-1.0,2.356194490192345,0
8182,0.016364,echo,1.0,-1.0,2.356194490192345,0
8183,0.016366,echo,1.0,-1.0,2.356194490192345,0
8184,0.016368,echo,1.0,-1.0,2.356194490192345,1
8185,0.016370000000000003,echo,1.0,-1.0,2.356194490192345,0
8186,0.016372,echo,1.0,-1.0,2.356194490192345,0
8187,0.016374,echo,1.0,-1.0,2.356194490192345,0
8188,0.016376,echo,1.0,-1.0,2.356194490192345,0
8189,0.016378,echo,1.0,-1.0,2.356194490192345,0
8190,0.01638,echo,1.0,-1.0,2.356194490192345,0
8191,0.016382,echo,1.0,-1.0,2.356194490192345,0
8192,0.016384,echo,1.0,-1.0,2.356194490192345,1
8193,0.016385999999999998,echo,1.0,-1.0,2.356194490192345,0
8194,0.016388000000000003,echo,1.0,-1.0,2.356194490192345,0
8195,0.016390000000000002,echo,1.0,-1.0,2.356194490192345,1
8196,0.016392,echo,1.0,-1.0,2.356194490192345,0
8197,0.016394000000000002,echo,1.0,-1.0,2.356194490192345,0
8198,0.016396,echo,1.0,-1.0,2.356194490192345,1
8199,0.016398,echo,1.0,-1.0,2.356194490192345,1
8200,0.016399999999999998,echo,1.0,-1.0,2.356194490192345,0
8201,0.016402,echo,1.0,-1.0,2.356194490192345,0
8202,0.016404,echo,1.0,-1.0,2.356194490192345,1
8203,0.016406,echo,1.0,-1.0,2.356194490192345,0
8204,0.016408000000000002,echo,1.0,-1.0,2.356194490192345,1
8205,0.01641,echo,1.0,-1.0,2.356194490192345,0
8206,0.016412,echo,1.0,-1.0,2.356194490192345,1
8207,0.016414,echo,1.0,-1.0,2.356194490192345,0
8208,0.016416,echo,1.0,-1.0,2.356194490192345,0
8209,0.016418,echo,1.0,-1.0,2.356194490192345,1
8210,0.01642,echo,1.0,-1.0,2.356194490192345,1
8211,0.016422,echo,1.0,-1.0,2.356194490192345,0
8212,0.016424,echo,1.0,-1.0,2.356194490192345,0
8213,0.016426000000000003,echo,1.0,-1.0,2.356194490192345,0
8214,0.016428,echo,1.0,-1.0,2.356194490192345,0
8215,0.01643,echo,1.0,-1.0,2.356194490192345,0
8216,0.016432,echo,1.0,-1.0,2.356194490192345,0
8217,0.016434,echo,1.0,-1.0,2.356194490192345,0
8218,0.016436,echo,1.0,-1.0,2.356194490192345,0
8219,0.016437999999999998,echo,1.0,-1.0,2.356194490192345,0
8220,0.01644,echo,1.0,-1.0,2.356194490192345,0
8221,0.016442000000000002,echo,1.0,-1.0,2.356194490192345,1
8222,0.016444,echo,1.0,-1.0,2.356194490192345,0
8223,0.016446000000000002,echo,1.0,-1.0,2.356194490192345,0
8224,0.016448,echo,1.0,-1.0,2.356194490192345,0
8225,0.01645,echo,1.0,-1.0,2.356194490192345,0
8226,0.016452,echo,1.0,-1.0,2.356194490192345,0
8227,0.016454,echo,1.0,-1.0,2.356194490192345,0
8228,0.016456,echo,1.0,-1.0,2.356194490192345,0
8229,0.016458,echo,1.0,-1.0,2.356194490192345,0
8230,0.016460000000000002,echo,1.0,-1.0,2.356194490192345,0
8231,0.016462,echo,1.0,-1.0,2.356194490192345,1
8232,0.016464,echo,1.0,-1.0,2.356194490192345,1
8233,0.016466,echo,1.0,-1.0,2.356194490192345,0
8234,0.016468,echo,1.0,-1.0,2.356194490192345,0
8235,0.01647,echo,1.0,-1.0,2.356194490192345,1
8236,0.016472,echo,1.0,-1.0,2.356194490192345,1
8237,0.016474,echo,1.0,-1.0,2.356194490192345,1
8238,0.016475999999999998,echo,1.0,-1.0,2.356194490192345,0
8239,0.016478000000000003,echo,1.0,-1.0,2.356194490192345,0
8240,0.01648,echo,1.0,-1.0,2.356194490192345,0
8241,0.016482,echo,1.0,-1.0,2.356194490192345,0
8242,0.016484000000000002,echo,1.0,-1.0,2.356194490192345,0
8243,0.016486,echo,1.0,-1.0,2.356194490192345,0
8244,0.016488,echo,1.0,-1.0,2.356194490192345,1
8245,0.01649,echo,1.0,-1.0,2.356194490192345,0
8246,0.016492,echo,1.0,-1.0,2.356194490192345,0
8247,0.016493999999999998,echo,1.0,-1.0,2.356194490192345,0
8248,0.016496,echo,1.0,-1.0,2.356194490192345,0
8249,0.016498000000000002,echo,1.0,-1.0,2.356194490192345,0
8250,0.0165,echo,1.0,-1.0,2.356194490192345,0
8251,0.016502,echo,1.0,-1.0,2.356194490192345,0
8252,0.016504,echo,1.0,-1.0,2.356194490192345,0
8253,0.016506,echo,1.0,-1.0,2.356194490192345,0
8254,0.016508,echo,1.0,-1.0,2.356194490192345,1
8255,0.01651,echo,1.0,-1.0,2.356194490192345,0
8256,0.016512,echo,1.0,-1.0,2.356194490192345,1
8257,0.016514,echo,1.0,-1.0,2.356194490192345,0
8258,0.016516000000000003,echo,1.0,-1.0,2.356194490192345,1
8259,0.016518,echo,1.0,-1.0,2.356194490192345,0
8260,0.01652,echo,1.0,-1.0,2.356194490192345,0
8261,0.016522000000000002,echo,1.0,-1.0,2.356194490192345,0
8262,0.016524,echo,1.0,-1.0,2.356194490192345,0
8263,0.016526,echo,1.0,-1.0,2.356194490192345,0
8264,0.016527999999999998,echo,1.0,-1.0,2.356194490192345,0
8265,0.01653,echo,1.0,-1.0,2.356194490192345,0
8266,0.016532,echo,1.0,-1.0,2.356194490192345,1
8267,0.016534,echo,1.0,-1.0,2.356194490192345,0
8268,0.016536000000000002,echo,1.0,-1.0,2.356194490192345,0
8269,0.016538,echo,1.0,-1.0,2.356194490192345,1
8270,0.01654,echo,1.0,-1.0,2.356194490192345,0
8271,0.016542,echo,1.0,-1.0,2.356194490192345,0
8272,0.016544,echo,1.0,-1.0,2.356194490192345,1
8273,0.016545999999999998,echo,1.0,-1.0,2.356194490192345,0
8274,0.016548,echo,1.0,-1.0,2.356194490192345,0
8275,0.016550000000000002,echo,1.0,-1.0,2.356194490192345,0
8276,0.016552,echo,1.0,-1.0,2.356194490192345,1
8277,0.016554000000000003,echo,1.0,-1.0,2.356194490192345,0
8278,0.016556,echo,1.0,-1.0,2.356194490192345,0
8279,0.016558,echo,1.0,-1.0,2.356194490192345,0
8280,0.01656,echo,1.0,-1.0,2.356194490192345,0
8281,0.016562,echo,1.0,-1.0,2.356194490192345,0
8282,0.016564,echo,1.0,-1.0,2.356194490192345,0
8283,0.016565999999999997,echo,1.0,-1.0,2.356194490192345,0
8284,0.016568000000000003,echo,1.0,-1.0,2.356194490192345,0
8285,0.01657,echo,1.0,-1.0,2.356194490192345,0
8286,0.016572,echo,1.0,-1.0,2.356194490192345,0
8287,0.016574000000000002,echo,1.0,-1.0,2.356194490192345,1
8288,0.016576,echo,1.0,-1.0,2.356194490192345,0
8289,0.016578,echo,1.0,-1.0,2.356194490192345,1
8290,0.01658,echo,1.0,-1.0,2.356194490192345,0
8291,0.016582,echo,1.0,-1.0,2.356194490192345,1
8292,0.016583999999999998,echo,1.0,-1.0,2.356194490192345,0
8293,0.016586000000000004,echo,1.0,-1.0,2.356194490192345,0
8294,0.016588000000000002,echo,1.0,-1.0,2.356194490192345,0
8295,0.01659,echo,1.0,-1.0,2.356194490192345,1
8296,0.016592,echo,1.0,-1.0,2.356194490192345,0
8297,0.016594,echo,1.0,-1.0,2.356194490192345,0
8298,0.016596,echo,1.0,-1.0,2.356194490192345,0
8299,0.016597999999999998,echo,1.0,-1.0,2.356194490192345,0
8300,0.0166,echo,1.0,-1.0,2.356194490192345,0
8301,0.016602,echo,1.0,-1.0,2.356194490192345,0
8302,0.016604,echo,1.0,-1.0,2.356194490192345,0
8303,0.016606000000000003,echo,1.0,-1.0,2.356194490192345,0
8304,0.016608,echo,1.0,-1.0,2.356194490192345,0
8305,0.01661,echo,1.0,-1.0,2.356194490192345,0
8306,0.016612000000000002,echo,1.0,-1.0,2.356194490192345,0
8307,0.016614,echo,1.0,-1.0,2.356194490192345,0
8308,0.016616,echo,1.0,-1.0,2.356194490192345,0
8309,0.016618,echo,1.0,-1.0,2.356194490192345,0
8310,0.01662,echo,1.0,-1.0,2.356194490192345,0
8311,0.016622,echo,1.0,-1.0,2.356194490192345,1
8312,0.016624,echo,1.0,-1.0,2.356194490192345,0
8313,0.016626000000000002,echo,1.0,-1.0,2.356194490192345,1
8314,0.016628,echo,1.0,-1.0,2.356194490192345,0
8315,0.01663,echo,1.0,-1.0,2.356194490192345,0
8316,0.016632,echo,1.0,-1.0,2.356194490192345,0
8317,0.016634,echo,1.0,-1.0,2.356194490192345,0
8318,0.016635999999999998,echo,1.0,-1.0,2.356194490192345,0
8319,0.016638,echo,1.0,-1.0,2.356194490192345,1
8320,0.016640000000000002,echo,1.0,-1.0,2.356194490192345,0
8321,0.016642,echo,1.0,-1.0,2.356194490192345,0
8322,0.016644000000000003,echo,1.0,-1.0,2.356194490192345,0
8323,0.016646,echo,1.0,-1.0,2.356194490192345,0
8324,0.016648,echo,1.0,-1.0,2.356194490192345,1
8325,0.016649999999999998,echo,1.0,-1.0,2.356194490192345,1
8326,0.016652,echo,1.0,-1.0,2.356194490192345,0
8327,0.016654,echo,1.0,-1.0,2.356194490192345,0
8328,0.016655999999999997,echo,1.0,-1.0,2.356194490192345,1
8329,0.016658000000000003,echo,1.0,-1.0,2.356194490192345,0
8330,0.01666,echo,1.0,-1.0,2.356194490192345,0
8331,0.016662,echo,1.0,-1.0,2.356194490192345,0
8332,0.016664,echo,1.0,-1.0,2.356194490192345,0
8333,0.016666,echo,1.0,-1.0,2.356194490192345,1
8334,0.016668,echo,1.0,-1.0,2.356194490192345,0
8335,0.01667,echo,1.0,-1.0,2.356194490192345,0
8336,0.016672,echo,1.0,-1.0,2.356194490192345,1
8337,0.016673999999999998,echo,1.0,-1.0,2.356194490192345,1
8338,0.016676000000000003,echo,1.0,-1.0,2.356194490192345,0
8339,0.016678000000000002,echo,1.0,-1.0,2.356194490192345,1
8340,0.01668,echo,1.0,-1.0,2.356194490192345,0
8341,0.016682,echo,1.0,-1.0,2.356194490192345,1
8342,0.016684,echo,1.0,-1.0,2.356194490192345,1
8343,0.016686,echo,1.0,-1.0,2.356194490192345,1
8344,0.016687999999999998,echo,1.0,-1.0,2.356194490192345,1
8345,0.01669,echo,1.0,-1.0,2.356194490192345,0
8346,0.016692,echo,1.0,-1.0,2.356194490192345,1
8347,0.016694,echo,1.0,-1.0,2.356194490192345,1
8348,0.016696000000000003,echo,1.0,-1.0,2.356194490192345,0
8349,0.016698,echo,1.0,-1.0,2.356194490192345,1
8350,0.0167,echo,1.0,-1.0,2.356194490192345,0
8351,0.016702,echo,1.0,-1.0,2.356194490192345,0
8352,0.016704,echo,1.0,-1.0,2.356194490192345,0
8353,0.016706,echo,1.0,-1.0,2.356194490192345,0
8354,0.016708,echo,1.0,-1.0,2.356194490192345,0
8355,0.01671,echo,1.0,-1.0,2.356194490192345,0
8356,0.016712,echo,1.0,-1.0,2.356194490192345,0
8357,0.016714,echo,1.0,-1.0,2.356194490192345,0
8358,0.016716,echo,1.0,-1.0,2.356194490192345,0
8359,0.016718,echo,1.0,-1.0,2.356194490192345,1
8360,0.01672,echo,1.0,-1.0,2.356194490192345,0
8361,0.016722,echo,1.0,-1.0,2.356194490192345,0
8362,0.016724,echo,1.0,-1.0,2.356194490192345,1
8363,0.016725999999999998,echo,1.0,-1.0,2.356194490192345,1
8364,0.016728,echo,1.0,-1.0,2.356194490192345,0
8365,0.016730000000000002,echo,1.0,-1.0,2.356194490192345,0
8366,0.016732,echo,1.0,-1.0,2.356194490192345,0
8367,0.016734000000000002,echo,1.0,-1.0,2.356194490192345,1
8368,0.016736,echo,1.0,-1.0,2.356194490192345,0
8369,0.016738,echo,1.0,-1.0,2.356194490192345,0
8370,0.01674,echo,1.0,-1.0,2.356194490192345,0
8371,0.016742,echo,1.0,-1.0,2.356194490192345,1
8372,0.016744,echo,1.0,-1.0,2.356194490192345,0
8373,0.016745999999999997,echo,1.0,-1.0,2.356194490192345,1
8374,0.016748000000000002,echo,1.0,-1.0,2.356194490192345,0
8375,0.01675,echo,1.0,-1.0,2.356194490192345,1
8376,0.016752,echo,1.0,-1.0,2.356194490192345,0
8377,0.016754,echo,1.0,-1.0,2.356194490192345,0
8378,0.016756,echo,1.0,-1.0,2.356194490192345,0
8379,0.016758,echo,1.0,-1.0,2.356194490192345,0
8380,0.01676,echo,1.0,-1.0,2.356194490192345,0
8381,0.016762,echo,1.0,-1.0,2.356194490192345,1
8382,0.016763999999999998,echo,1.0,-1.0,2.356194490192345,0
8383,0.016766000000000003,echo,1.0,-1.0,2.356194490192345,0
8384,0.016768,echo,1.0,-1.0,2.356194490192345,1
8385,0.01677,echo,1.0,-1.0,2.356194490192345,0
8386,0.016772000000000002,echo,1.0,-1.0,2.356194490192345,0
8387,0.016774,echo,1.0,-1.0,2.356194490192345,1
8388,0.016776,echo,1.0,-1.0,2.356194490192345,1
8389,0.016777999999999998,echo,1.0,-1.0,2.356194490192345,0
8390,0.01678,echo,1.0,-1.0,2.356194490192345,0
8391,0.016782,echo,1.0,-1.0,2.356194490192345,0
8392,0.016784,echo,1.0,-1.0,2.356194490192345,1
8393,0.016786000000000002,echo,1.0,-1.0,2.356194490192345,0
8394,0.016788,echo,1.0,-1.0,2.356194490192345,1
8395,0.01679,echo,1.0,-1.0,2.356194490192345,0
8396,0.016792,echo,1.0,-1.0,2.356194490192345,1
8397,0.016794,echo,1.0,-1.0,2.356194490192345,0
8398,0.016796,echo,1.0,-1.0,2.356194490192345,0
8399,0.016798,echo,1.0,-1.0,2.356194490192345,0
8400,0.016800000000000002,echo,1.0,-1.0,3.141592653589793,0
8401,0.016802,echo,1.0,-1.0,3.141592653589793,1
8402,0.016804000000000003,echo,1.0,-1.0,3.141592653589793,0
8403,0.016806,echo,1.0,-1.0,3.141592653589793,0
8404,0.016808,echo,1.0,-1.0,3.141592653589793,0
8405,0.01681,echo,1.0,-1.0,3.141592653589793,0
8406,0.016812,echo,1.0,-1.0,3.141592653589793,0
8407,0.016814,echo,1.0,-1.0,3.141592653589793,0
8408,0.016815999999999998,echo,1.0,-1.0,3.141592653589793,0
8409,0.016818000000000003,echo,1.0,-1.0,3.141592653589793,1
8410,0.01682,echo,1.0,-1.0,3.141592653589793,0
8411,0.016822,echo,1.0,-1.0,3.141592653589793,0
8412,0.016824000000000002,echo,1.0,-1.0,3.141592653589793,0
8413,0.016826,echo,1.0,-1.0,3.141592653589793,0
8414,0.016828,echo,1.0,-1.0,3.141592653589793,1
8415,0.01683,echo,1.0,-1.0,3.141592653589793,0
8416,0.016832,echo,1.0,-1.0,3.141592653589793,0
8417,0.016834,echo,1.0,-1.0,3.141592653589793,0
8418,0.016836000000000004,echo,1.0,-1.0,3.141592653589793,0
8419,0.016838000000000002,echo,1.0,-1.0,3.141592653589793,0
8420,0.01684,echo,1.0,-1.0,3.141592653589793,0
8421,0.016842,echo,1.0,-1.0,3.141592653589793,0
8422,0.016844,echo,1.0,-1.0,3.141592653589793,0
8423,0.016846,echo,1.0,-1.0,3.141592653589793,0
8424,0.016848,echo,1.0,-1.0,3.141592653589793,0
8425,0.01685,echo,1.0,-1.0,3.141592653589793,0
8426,0.016852,echo,1.0,-1.0,3.141592653589793,0
8427,0.016854,echo,1.0,-1.0,3.141592653589793,1
8428,0.016856000000000003,echo,1.0,-1.0,3.141592653589793,0
8429,0.016858,echo,1.0,-1.0,3.141592653589793,1
8430,0.01686,echo,1.0,-1.0,3.141592653589793,1
8431,0.016862000000000002,echo,1.0,-1.0,3.141592653589793,0
8432,0.016864,echo,1.0,-1.0,3.141592653589793,0
8433,0.016866,echo,1.0,-1.0,3.141592653589793,0
8434,0.016868,echo,1.0,-1.0,3.141592653589793,0
8435,0.01687,echo,1.0,-1.0,3.141592653589793,0
8436,0.016872,echo,1.0,-1.0,3.141592653589793,0
8437,0.016874,echo,1.0,-1.0,3.141592653589793,0
8438,0.016876000000000002,echo,1.0,-1.0,3.141592653589793,0
8439,0.016878,echo,1.0,-1.0,3.141592653589793,0
8440,0.01688,echo,1.0,-1.0,3.141592653589793,0
8441,0.016882,echo,1.0,-1.0,3.141592653589793,0
8442,0.016884,echo,1.0,-1.0,3.141592653589793,0
8443,0.016885999999999998,echo,1.0,-1.0,3.141592653589793,1
8444,0.016888,echo,1.0,-1.0,3.141592653589793,0
8445,0.016890000000000002,echo,1.0,-1.0,3.141592653589793,0
8446,0.016892,echo,1.0,-1.0,3.141592653589793,0
8447,0.016894000000000003,echo,1.0,-1.0,3.141592653589793,0
8448,0.016896,echo,1.0,-1.0,3.141592653589793,0
8449,0.016898,echo,1.0,-1.0,3.141592653589793,0
8450,0.0169,echo,1.0,-1.0,3.141592653589793,0
8451,0.016902,echo,1.0,-1.0,3.141592653589793,0
8452,0.016904,echo,1.0,-1.0,3.141592653589793,0
8453,0.016905999999999997,echo,1.0,-1.0,3.141592653589793,1
8454,0.016908000000000003,echo,1.0,-1.0,3.141592653589793,0
8455,0.01691,echo,1.0,-1.0,3.141592653589793,0
8456,0.016912,echo,1.0,-1.0,3.141592653589793,0
8457,0.016914000000000002,echo,1.0,-1.0,3.141592653589793,0
8458,0.016916,echo,1.0,-1.0,3.141592653589793,0
8459,0.016918,echo,1.0,-1.0,3.141592653589793,0
8460,0.01692,echo,1.0,-1.0,3.141592653589793,0
8461,0.016922,echo,1.0,-1.0,3.141592653589793,0
8462,0.016923999999999998,echo,1.0,-1.0,3.141592653589793,0
8463,0.016926000000000004,echo,1.0,-1.0,3.141592653589793,0
8464,0.016928000000000002,echo,1.0,-1.0,3.141592653589793,0
8465,0.01693,echo,1.0,-1.0,3.141592653589793,0
8466,0.016932,echo,1.0,-1.0,3.141592653589793,0
8467,0.016934,echo,1.0,-1.0,3.141592653589793,0
8468,0.016936,echo,1.0,-1.0,3.141592653589793,0
8469,0.016937999999999998,echo,1.0,-1.0,3.141592653589793,0
8470,0.01694,echo,1.0,-1.0,3.141592653589793,0
8471,0.016942,echo,1.0,-1.0,3.141592653589793,0
8472,0.016944,echo,1.0,-1.0,3.141592653589793,0
8473,0.016946000000000003,echo,1.0,-1.0,3.141592653589793,0
8474,0.016948,echo,1.0,-1.0,3.141592653589793,0
8475,0.01695,echo,1.0,-1.0,3.141592653589793,0
8476,0.016952000000000002,echo,1.0,-1.0,3.141592653589793,0
8477,0.016954,echo,1.0,-1.0,3.141592653589793,0
8478,0.016956,echo,1.0,-1.0,3.141592653589793,0
8479,0.016958,echo,1.0,-1.0,3.141592653589793,1
8480,0.01696,echo,1.0,-1.0,3.141592653589793,1
8481,0.016962,echo,1.0,-1.0,3.141592653589793,0
8482,0.016964,echo,1.0,-1.0,3.141592653589793,0
8483,0.016966000000000002,echo,1.0,-1.0,3.141592653589793,0
8484,0.016968,echo,1.0,-1.0,3.141592653589793,1
8485,0.01697,echo,1.0,-1.0,3.141592653589793,1
8486,0.016972,echo,1.0,-1.0,3.141592653589793,1
8487,0.016974,echo,1.0,-1.0,3.141592653589793,1
8488,0.016975999999999998,echo,1.0,-1.0,3.141592653589793,1
8489,0.016978,echo,1.0,-1.0,3.141592653589793,0
8490,0.016980000000000002,echo,1.0,-1.0,3.141592653589793,0
8491,0.016982,echo,1.0,-1.0,3.141592653589793,0
8492,0.016984000000000003,echo,1.0,-1.0,3.141592653589793,0
8493,0.016986,echo,1.0,-1.0,3.141592653589793,0
8494,0.016988,echo,1.0,-1.0,3.141592653589793,0
8495,0.01699,echo,1.0,-1.0,3.141592653589793,0
8496,0.016992,echo,1.0,-1.0,3.141592653589793,0
8497,0.016994,echo,1.0,-1.0,3.141592653589793,0
8498,0.016995999999999997,echo,1.0,-1.0,3.141592653589793,0
8499,0.016998000000000003,echo,1.0,-1.0,3.141592653589793,0
8500,0.017,echo,1.0,-1.0,3.141592653589793,0
8501,0.017002,echo,1.0,-1.0,3.141592653589793,0
8502,0.017004000000000002,echo,1.0,-1.0,3.141592653589793,0
8503,0.017006,echo,1.0,-1.0,3.141592653589793,0
8504,0.017008,echo,1.0,-1.0,3.141592653589793,0
8505,0.01701,echo,1.0,-1.0,3.141592653589793,0
8506,0.017012,echo,1.0,-1.0,3.141592653589793,0
8507,0.017013999999999998,echo,1.0,-1.0,3.141592653589793,1
8508,0.017016000000000003,echo,1.0,-1.0,3.141592653589793,0
8509,0.017018000000000002,echo,1.0,-1.0,3.141592653589793,1
8510,0.01702,echo,1.0,-1.0,3.141592653589793,0
8511,0.017022000000000002,echo,1.0,-1.0,3.141592653589793,0
8512,0.017024,echo,1.0,-1.0,3.141592653589793,0
8513,0.017026,echo,1.0,-1.0,3.141592653589793,0
8514,0.017027999999999998,echo,1.0,-1.0,3.141592653589793,1
8515,0.01703,echo,1.0,-1.0,3.141592653589793,0
8516,0.017032,echo,1.0,-1.0,3.141592653589793,0
8517,0.017034,echo,1.0,-1.0,3.141592653589793,0
8518,0.017036000000000003,echo,1.0,-1.0,3.141592653589793,0
8519,0.017038,echo,1.0,-1.0,3.141592653589793,1
8520,0.01704,echo,1.0,-1.0,3.141592653589793,0
8521,0.017042,echo,1.0,-1.0,3.141592653589793,1
8522,0.017044,echo,1.0,-1.0,3.141592653589793,0
8523,0.017046,echo,1.0,-1.0,3.141592653589793,0
8524,0.017048,echo,1.0,-1.0,3.141592653589793,0
8525,0.01705,echo,1.0,-1.0,3.141592653589793,0
8526,0.017052,echo,1.0,-1.0,3.141592653589793,0
8527,0.017054000000000003,echo,1.0,-1.0,3.141592653589793,0
8528,0.017056,echo,1.0,-1.0,3.141592653589793,0
8529,0.017058,echo,1.0,-1.0,3.141592653589793,0
8530,0.01706,echo,1.0,-1.0,3.141592653589793,0
8531,0.017062,echo,1.0,-1.0,3.141592653589793,0
8532,0.017064,echo,1.0,-1.0,3.141592653589793,0
8533,0.017065999999999998,echo,1.0,-1.0,3.141592653589793,1
8534,0.017068,echo,1.0,-1.0,3.141592653589793,0
8535,0.017070000000000002,echo,1.0,-1.0,3.141592653589793,1
8536,0.017072,echo,1.0,-1.0,3.141592653589793,0
8537,0.017074000000000002,echo,1.0,-1.0,3.141592653589793,0
8538,0.017076,echo,1.0,-1.0,3.141592653589793,0
8539,0.017078,echo,1.0,-1.0,3.141592653589793,1
8540,0.01708,echo,1.0,-1.0,3.141592653589793,0
8541,0.017082,echo,1.0,-1.0,3.141592653589793,0
8542,0.017084,echo,1.0,-1.0,3.141592653589793,0
8543,0.017086,echo,1.0,-1.0,3.141592653589793,0
8544,0.017088000000000002,echo,1.0,-1.0,3.141592653589793,1
8545,0.01709,echo,1.0,-1.0,3.141592653589793,0
8546,0.017092,echo,1.0,-1.0,3.141592653589793,0
8547,0.017094,echo,1.0,-1.0,3.141592653589793,0
8548,0.017096,echo,1.0,-1.0,3.141592653589793,1
8549,0.017098,echo,1.0,-1.0,3.141592653589793,0
8550,0.0171,echo,1.0,-1.0,3.141592653589793,0
8551,0.017102,echo,1.0,-1.0,3.141592653589793,1
8552,0.017103999999999998,echo,1.0,-1.0,3.141592653589793,0
8553,0.017106000000000003,echo,1.0,-1.0,3.141592653589793,0
8554,0.017108,echo,1.0,-1.0,3.141592653589793,0
8555,0.01711,echo,1.0,-1.0,3.141592653589793,0
8556,0.017112000000000002,echo,1.0,-1.0,3.141592653589793,0
8557,0.017114,echo,1.0,-1.0,3.141592653589793,0
8558,0.017116,echo,1.0,-1.0,3.141592653589793,0
8559,0.017118,echo,1.0,-1.0,3.141592653589793,1
8560,0.01712,echo,1.0,-1.0,3.141592653589793,0
8561,0.017122,echo,1.0,-1.0,3.141592653589793,0
8562,0.017124,echo,1.0,-1.0,3.141592653589793,0
8563,0.017126000000000002,echo,1.0,-1.0,3.141592653589793,0
8564,0.017128,echo,1.0,-1.0,3.141592653589793,0
8565,0.01713,echo,1.0,-1.0,3.141592653589793,0
8566,0.017132,echo,1.0,-1.0,3.141592653589793,1
8567,0.017134,echo,1.0,-1.0,3.141592653589793,0
8568,0.017136,echo,1.0,-1.0,3.141592653589793,0
8569,0.017138,echo,1.0,-1.0,3.141592653589793,0
8570,0.01714,echo,1.0,-1.0,3.141592653589793,0
8571,0.017142,echo,1.0,-1.0,3.141592653589793,0
8572,0.017144000000000003,echo,1.0,-1.0,3.141592653589793,0
8573,0.017146,echo,1.0,-1.0,3.141592653589793,0
8574,0.017148,echo,1.0,-1.0,3.141592653589793,1
8575,0.017150000000000002,echo,1.0,-1.0,3.141592653589793,0
8576,0.017152,echo,1.0,-1.0,3.141592653589793,1
8577,0.017154,echo,1.0,-1.0,3.141592653589793,0
8578,0.017155999999999998,echo,1.0,-1.0,3.141592653589793,1
8579,0.017158,echo,1.0,-1.0,3.141592653589793,0
8580,0.01716,echo,1.0,-1.0,3.141592653589793,0
8581,0.017162,echo,1.0,-1.0,3.141592653589793,0
8582,0.017164000000000002,echo,1.0,-1.0,3.141592653589793,0
8583,0.017166,echo,1.0,-1.0,3.141592653589793,0
8584,0.017168,echo,1.0,-1.0,3.141592653589793,0
8585,0.01717,echo,1.0,-1.0,3.141592653589793,0
8586,0.017172,echo,1.0,-1.0,3.141592653589793,0
8587,0.017174,echo,1.0,-1.0,3.141592653589793,0
8588,0.017176,echo,1.0,-1.0,3.141592653589793,0
8589,0.017178000000000002,echo,1.0,-1.0,3.141592653589793,0
8590,0.01718,echo,1.0,-1.0,3.141592653589793,0
8591,0.017182,echo,1.0,-1.0,3.141592653589793,1
8592,0.017184,echo,1.0,-1.0,3.141592653589793,0
8593,0.017186,echo,1.0,-1.0,3.141592653589793,0
8594,0.017188,echo,1.0,-1.0,3.141592653589793,1
8595,0.01719,echo,1.0,-1.0,3.141592653589793,0
8596,0.017192,echo,1.0,-1.0,3.141592653589793,0
8597,0.017193999999999997,echo,1.0,-1.0,3.141592653589793,0
8598,0.017196000000000003,echo,1.0,-1.0,3.141592653589793,0
8599,0.017198,echo,1.0,-1.0,3.141592653589793,0
8600,0.0172,echo,1.0,-1.0,3.141592653589793,1
8601,0.017202000000000002,echo,1.0,-1.0,3.141592653589793,0
8602,0.017204,echo,1.0,-1.0,3.141592653589793,0
8603,0.017206,echo,1.0,-1.0,3.141592653589793,0
8604,0.017208,echo,1.0,-1.0,3.141592653589793,1
8605,0.01721,echo,1.0,-1.0,3.141592653589793,1
8606,0.017211999999999998,echo,1.0,-1.0,3.141592653589793,0
8607,0.017214,echo,1.0,-1.0,3.141592653589793,0
8608,0.017216000000000002,echo,1.0,-1.0,3.141592653589793,0
8609,0.017218,echo,1.0,-1.0,3.141592653589793,1
8610,0.01722,echo,1.0,-1.0,3.141592653589793,0
8611,0.017222,echo,1.0,-1.0,3.141592653589793,0
8612,0.017224,echo,1.0,-1.0,3.141592653589793,0
8613,0.017225999999999998,echo,1.0,-1.0,3.141592653589793,0
8614,0.017228,echo,1.0,-1.0,3.141592653589793,0
8615,0.01723,echo,1.0,-1.0,3.141592653589793,0
8616,0.017232,echo,1.0,-1.0,3.141592653589793,0
8617,0.017234000000000003,echo,1.0,-1.0,3.141592653589793,1
8618,0.017236,echo,1.0,-1.0,3.141592653589793,1
8619,0.017238,echo,1.0,-1.0,3.141592653589793,0
8620,0.017240000000000002,echo,1.0,-1.0,3.141592653589793,0
8621,0.017242,echo,1.0,-1.0,3.141592653589793,1
8622,0.017244,echo,1.0,-1.0,3.141592653589793,0
8623,0.017245999999999997,echo,1.0,-1.0,3.141592653589793,0
8624,0.017248,echo,1.0,-1.0,3.141592653589793,0
8625,0.01725,echo,1.0,-1.0,3.141592653589793,1
8626,0.017252,echo,1.0,-1.0,3.141592653589793,0
8627,0.017254000000000002,echo,1.0,-1.0,3.141592653589793,0
8628,0.017256,echo,1.0,-1.0,3.141592653589793,1
8629,0.017258,echo,1.0,-1.0,3.141592653589793,0
8630,0.01726,echo,1.0,-1.0,3.141592653589793,0
8631,0.017262,echo,1.0,-1.0,3.141592653589793,0
8632,0.017263999999999998,echo,1.0,-1.0,3.141592653589793,0
8633,0.017266,echo,1.0,-1.0,3.141592653589793,0
8634,0.017268000000000002,echo,1.0,-1.0,3.141592653589793,0
8635,0.01727,echo,1.0,-1.0,3.141592653589793,0
8636,0.017272000000000003,echo,1.0,-1.0,3.141592653589793,0
8637,0.017274,echo,1.0,-1.0,3.141592653589793,1
8638,0.017276,echo,1.0,-1.0,3.141592653589793,0
8639,0.017277999999999998,echo,1.0,-1.0,3.141592653589793,0
8640,0.01728,echo,1.0,-1.0,3.141592653589793,0
8641,0.017282,echo,1.0,-1.0,3.141592653589793,1
8642,0.017283999999999997,echo,1.0,-1.0,3.141592653589793,0
8643,0.017286000000000003,echo,1.0,-1.0,3.141592653589793,0
8644,0.017288,echo,1.0,-1.0,3.141592653589793,0
8645,0.01729,echo,1.0,-1.0,3.141592653589793,0
8646,0.017292000000000002,echo,1.0,-1.0,3.141592653589793,0
8647,0.017294,echo,1.0,-1.0,3.141592653589793,0
8648,0.017296,echo,1.0,-1.0,3.141592653589793,1
8649,0.017298,echo,1.0,-1.0,3.141592653589793,0
8650,0.0173,echo,1.0,-1.0,3.141592653589793,0
8651,0.017301999999999998,echo,1.0,-1.0,3.141592653589793,0
8652,0.017304000000000003,echo,1.0,-1.0,3.141592653589793,0
8653,0.017306000000000002,echo,1.0,-1.0,3.141592653589793,0
8654,0.017308,echo,1.0,-1.0,3.141592653589793,0
8655,0.01731,echo,1.0,-1.0,3.141592653589793,0
8656,0.017312,echo,1.0,-1.0,3.141592653589793,0
8657,0.017314,echo,1.0,-1.0,3.141592653589793,0
8658,0.017315999999999998,echo,1.0,-1.0,3.141592653589793,0
8659,0.017318,echo,1.0,-1.0,3.141592653589793,0
8660,0.01732,echo,1.0,-1.0,3.141592653589793,0
8661,0.017322,echo,1.0,-1.0,3.141592653589793,0
8662,0.017324000000000003,echo,1.0,-1.0,3.141592653589793,1
8663,0.017326,echo,1.0,-1.0,3.141592653589793,0
8664,0.017328,echo,1.0,-1.0,3.141592653589793,0
8665,0.01733,echo,1.0,-1.0,3.141592653589793,1
8666,0.017332,echo,1.0,-1.0,3.141592653589793,0
8667,0.017334,echo,1.0,-1.0,3.141592653589793,0
8668,0.017336,echo,1.0,-1.0,3.141592653589793,0
8669,0.017338,echo,1.0,-1.0,3.141592653589793,0
8670,0.01734,echo,1.0,-1.0,3.141592653589793,0
8671,0.017342,echo,1.0,-1.0,3.141592653589793,0
8672,0.017344000000000002,echo,1.0,-1.0,3.141592653589793,1
8673,0.017346,echo,1.0,-1.0,3.141592653589793,0
8674,0.017348,echo,1.0,-1.0,3.141592653589793,0
8675,0.01735,echo,1.0,-1.0,3.141592653589793,1
8676,0.017352,echo,1.0,-1.0,3.141592653589793,1
8677,0.017353999999999998,echo,1.0,-1.0,3.141592653589793,0
8678,0.017356000000000003,echo,1.0,-1.0,3.141592653589793,0
8679,0.017358000000000002,echo,1.0,-1.0,3.141592653589793,0
8680,0.01736,echo,1.0,-1.0,3.141592653589793,0
8681,0.017362000000000002,echo,1.0,-1.0,3.141592653589793,0
8682,0.017364,echo,1.0,-1.0,3.141592653589793,0
8683,0.017366,echo,1.0,-1.0,3.141592653589793,0
8684,0.017368,echo,1.0,-1.0,3.141592653589793,0
8685,0.01737,echo,1.0,-1.0,3.141592653589793,0
8686,0.017372,echo,1.0,-1.0,3.141592653589793,0
8687,0.017373999999999997,echo,1.0,-1.0,3.141592653589793,0
8688,0.017376000000000003,echo,1.0,-1.0,3.141592653589793,0
8689,0.017378,echo,1.0,-1.0,3.141592653589793,0
8690,0.01738,echo,1.0,-1.0,3.141592653589793,0
8691,0.017382,echo,1.0,-1.0,3.141592653589793,0
8692,0.017384,echo,1.0,-1.0,3.141592653589793,0
8693,0.017386,echo,1.0,-1.0,3.141592653589793,0
8694,0.017388,echo,1.0,-1.0,3.141592653589793,0
8695,0.01739,echo,1.0,-1.0,3.141592653589793,0
8696,0.017391999999999998,echo,1.0,-1.0,3.141592653589793,0
8697,0.017394000000000003,echo,1.0,-1.0,3.141592653589793,1
8698,0.017396000000000002,echo,1.0,-1.0,3.141592653589793,0
8699,0.017398,echo,1.0,-1.0,3.141592653589793,0
8700,0.017400000000000002,echo,1.0,-1.0,3.9269908169872414,0
8701,0.017402,echo,1.0,-1.0,3.9269908169872414,0
8702,0.017404,echo,1.0,-1.0,3.9269908169872414,0
8703,0.017405999999999998,echo,1.0,-1.0,3.9269908169872414,0
8704,0.017408,echo,1.0,-1.0,3.9269908169872414,0
8705,0.017410000000000002,echo,1.0,-1.0,3.9269908169872414,0
8706,0.017412,echo,1.0,-1.0,3.9269908169872414,0
8707,0.017414000000000002,echo,1.0,-1.0,3.9269908169872414,0
8708,0.017416,echo,1.0,-1.0,3.9269908169872414,0
8709,0.017418,echo,1.0,-1.0,3.9269908169872414,0
8710,0.01742,echo,1.0,-1.0,3.9269908169872414,0
8711,0.017422,echo,1.0,-1.0,3.9269908169872414,0
8712,0.017424,echo,1.0,-1.0,3.9269908169872414,1
8713,0.017426,echo,1.0,-1.0,3.9269908169872414,0
8714,0.017428000000000003,echo,1.0,-1.0,3.9269908169872414,0
8715,0.01743,echo,1.0,-1.0,3.9269908169872414,0
8716,0.017432,echo,1.0,-1.0,3.9269908169872414,0
8717,0.017434,echo,1.0,-1.0,3.9269908169872414,0
8718,0.017436,echo,1.0,-1.0,3.9269908169872414,0
8719,0.017438,echo,1.0,-1.0,3.9269908169872414,0
8720,0.01744,echo,1.0,-1.0,3.9269908169872414,0
8721,0.017442,echo,1.0,-1.0,3.9269908169872414,1
8722,0.017443999999999998,echo,1.0,-1.0,3.9269908169872414,0
8723,0.017446000000000003,echo,1.0,-1.0,3.9269908169872414,1
8724,0.017448,echo,1.0,-1.0,3.9269908169872414,0
8725,0.01745,echo,1.0,-1.0,3.9269908169872414,0
8726,0.017452000000000002,echo,1.0,-1.0,3.9269908169872414,0
8727,0.017454,echo,1.0,-1.0,3.9269908169872414,0
8728,0.017456,echo,1.0,-1.0,3.9269908169872414,1
8729,0.017458,echo,1.0,-1.0,3.9269908169872414,0
8730,0.01746,echo,1.0,-1.0,3.9269908169872414,0
8731,0.017462,echo,1.0,-1.0,3.9269908169872414,0
8732,0.017464,echo,1.0,-1.0,3.9269908169872414,0
8733,0.017466000000000002,echo,1.0,-1.0,3.9269908169872414,1
8734,0.017468,echo,1.0,-1.0,3.9269908169872414,0
8735,0.01747,echo,1.0,-1.0,3.9269908169872414,0
8736,0.017472,echo,1.0,-1.0,3.9269908169872414,0
8737,0.017474,echo,1.0,-1.0,3.9269908169872414,0
8738,0.017476,echo,1.0,-1.0,3.9269908169872414,1
8739,0.017478,echo,1.0,-1.0,3.9269908169872414,0
8740,0.01748,echo,1.0,-1.0,3.9269908169872414,1
8741,0.017482,echo,1.0,-1.0,3.9269908169872414,0
8742,0.017484000000000003,echo,1.0,-1.0,3.9269908169872414,1
8743,0.017486,echo,1.0,-1.0,3.9269908169872414,1
8744,0.017488,echo,1.0,-1.0,3.9269908169872414,0
8745,0.017490000000000002,echo,1.0,-1.0,3.9269908169872414,0
8746,0.017492,echo,1.0,-1.0,3.9269908169872414,1
8747,0.017494,echo,1.0,-1.0,3.9269908169872414,0
8748,0.017495999999999998,echo,1.0,-1.0,3.9269908169872414,0
8749,0.017498,echo,1.0,-1.0,3.9269908169872414,0
8750,0.0175,echo,1.0,-1.0,3.9269908169872414,0
8751,0.017502,echo,1.0,-1.0,3.9269908169872414,0
8752,0.017504000000000002,echo,1.0,-1.0,3.9269908169872414,0
8753,0.017506,echo,1.0,-1.0,3.9269908169872414,1
8754,0.017508,echo,1.0,-1.0,3.9269908169872414,0
8755,0.01751,echo,1.0,-1.0,3.9269908169872414,0
8756,0.017512,echo,1.0,-1.0,3.9269908169872414,1
8757,0.017514,echo,1.0,-1.0,3.9269908169872414,1
8758,0.017516,echo,1.0,-1.0,3.9269908169872414,0
8759,0.017518000000000002,echo,1.0,-1.0,3.9269908169872414,0
8760,0.01752,echo,1.0,-1.0,3.9269908169872414,0
8761,0.017522000000000003,echo,1.0,-1.0,3.9269908169872414,0
8762,0.017524,echo,1.0,-1.0,3.9269908169872414,0
8763,0.017526,echo,1.0,-1.0,3.9269908169872414,0
8764,0.017528,echo,1.0,-1.0,3.9269908169872414,0
8765,0.01753,echo,1.0,-1.0,3.9269908169872414,1
8766,0.017532,echo,1.0,-1.0,3.9269908169872414,0
8767,0.017533999999999998,echo,1.0,-1.0,3.9269908169872414,0
8768,0.017536000000000003,echo,1.0,-1.0,3.9269908169872414,0
8769,0.017538,echo,1.0,-1.0,3.9269908169872414,0
8770,0.01754,echo,1.0,-1.0,3.9269908169872414,1
8771,0.017542000000000002,echo,1.0,-1.0,3.9269908169872414,0
8772,0.017544,echo,1.0,-1.0,3.9269908169872414,1
8773,0.017546,echo,1.0,-1.0,3.9269908169872414,0
8774,0.017548,echo,1.0,-1.0,3.9269908169872414,1
8775,0.01755,echo,1.0,-1.0,3.9269908169872414,0
8776,0.017551999999999998,echo,1.0,-1.0,3.9269908169872414,0
8777,0.017554000000000004,echo,1.0,-1.0,3.9269908169872414,0
8778,0.017556000000000002,echo,1.0,-1.0,3.9269908169872414,0
8779,0.017558,echo,1.0,-1.0,3.9269908169872414,1
8780,0.01756,echo,1.0,-1.0,3.9269908169872414,0
8781,0.017562,echo,1.0,-1.0,3.9269908169872414,0
8782,0.017564,echo,1.0,-1.0,3.9269908169872414,0
8783,0.017566,echo,1.0,-1.0,3.9269908169872414,1
8784,0.017568,echo,1.0,-1.0,3.9269908169872414,0
8785,0.01757,echo,1.0,-1.0,3.9269908169872414,0
8786,0.017572,echo,1.0,-1.0,3.9269908169872414,0
8787,0.017574000000000003,echo,1.0,-1.0,3.9269908169872414,0
8788,0.017576,echo,1.0,-1.0,3.9269908169872414,1
8789,0.017578,echo,1.0,-1.0,3.9269908169872414,0
8790,0.017580000000000002,echo,1.0,-1.0,3.9269908169872414,0
8791,0.017582,echo,1.0,-1.0,3.9269908169872414,1
8792,0.017584,echo,1.0,-1.0,3.9269908169872414,0
8793,0.017586,echo,1.0,-1.0,3.9269908169872414,0
8794,0.017588,echo,1.0,-1.0,3.9269908169872414,0
8795,0.01759,echo,1.0,-1.0,3.9269908169872414,0
8796,0.017592,echo,1.0,-1.0,3.9269908169872414,0
8797,0.017594000000000002,echo,1.0,-1.0,3.9269908169872414,0
8798,0.017596,echo,1.0,-1.0,3.9269908169872414,0
8799,0.017598,echo,1.0,-1.0,3.9269908169872414,0
8800,0.0176,echo,1.0,-1.0,3.9269908169872414,0
8801,0.017602,echo,1.0,-1.0,3.9269908169872414,0
8802,0.017603999999999998,echo,1.0,-1.0,3.9269908169872414,0
8803,0.017606,echo,1.0,-1.0,3.9269908169872414,0
8804,0.017608000000000002,echo,1.0,-1.0,3.9269908169872414,0
8805,0.01761,echo,1.0,-1.0,3.9269908169872414,0
8806,0.017612000000000003,echo,1.0,-1.0,3.9269908169872414,0
8807,0.017614,echo,1.0,-1.0,3.9269908169872414,0
8808,0.017616,echo,1.0,-1.0,3.9269908169872414,0
8809,0.017618,echo,1.0,-1.0,3.9269908169872414,0
8810,0.01762,echo,1.0,-1.0,3.9269908169872414,0
8811,0.017622,echo,1.0,-1.0,3.9269908169872414,1
8812,0.017623999999999997,echo,1.0,-1.0,3.9269908169872414,1
8813,0.017626000000000003,echo,1.0,-1.0,3.9269908169872414,0
8814,0.017628,echo,1.0,-1.0,3.9269908169872414,0
8815,0.01763,echo,1.0,-1.0,3.9269908169872414,1
8816,0.017632000000000002,echo,1.0,-1.0,3.9269908169872414,0
8817,0.017634,echo,1.0,-1.0,3.9269908169872414,0
8818,0.017636,echo,1.0,-1.0,3.9269908169872414,0
8819,0.017638,echo,1.0,-1.0,3.9269908169872414,1
8820,0.01764,echo,1.0,-1.0,3.9269908169872414,0
8821,0.017641999999999998,echo,1.0,-1.0,3.9269908169872414,0
8822,0.017644000000000003,echo,1.0,-1.0,3.9269908169872414,0
8823,0.017646000000000002,echo,1.0,-1.0,3.9269908169872414,0
8824,0.017648,echo,1.0,-1.0,3.9269908169872414,1
8825,0.017650000000000002,echo,1.0,-1.0,3.9269908169872414,1
8826,0.017652,echo,1.0,-1.0,3.9269908169872414,0
8827,0.017654,echo,1.0,-1.0,3.9269908169872414,0
8828,0.017655999999999998,echo,1.0,-1.0,3.9269908169872414,0
8829,0.017658,echo,1.0,-1.0,3.9269908169872414,1
8830,0.01766,echo,1.0,-1.0,3.9269908169872414,0
8831,0.017662,echo,1.0,-1.0,3.9269908169872414,0
8832,0.017664000000000003,echo,1.0,-1.0,3.9269908169872414,1
8833,0.017666,echo,1.0,-1.0,3.9269908169872414,1
8834,0.017668,echo,1.0,-1.0,3.9269908169872414,0
8835,0.01767,echo,1.0,-1.0,3.9269908169872414,0
8836,0.017672,echo,1.0,-1.0,3.9269908169872414,1
8837,0.017674,echo,1.0,-1.0,3.9269908169872414,0
8838,0.017676,echo,1.0,-1.0,3.9269908169872414,0
8839,0.017678,echo,1.0,-1.0,3.9269908169872414,1
8840,0.01768,echo,1.0,-1.0,3.9269908169872414,0
8841,0.017682,echo,1.0,-1.0,3.9269908169872414,0
8842,0.017684000000000002,echo,1.0,-1.0,3.9269908169872414,0
8843,0.017686,echo,1.0,-1.0,3.9269908169872414,0
8844,0.017688,echo,1.0,-1.0,3.9269908169872414,0
8845,0.01769,echo,1.0,-1.0,3.9269908169872414,1
8846,0.017692,echo,1.0,-1.0,3.9269908169872414,0
8847,0.017693999999999998,echo,1.0,-1.0,3.9269908169872414,0
8848,0.017696,echo,1.0,-1.0,3.9269908169872414,0
8849,0.017698000000000002,echo,1.0,-1.0,3.9269908169872414,1
8850,0.0177,echo,1.0,-1.0,3.9269908169872414,0
8851,0.017702000000000002,echo,1.0,-1.0,3.9269908169872414,0
8852,0.017704,echo,1.0,-1.0,3.9269908169872414,1
8853,0.017706,echo,1.0,-1.0,3.9269908169872414,1
8854,0.017708,echo,1.0,-1.0,3.9269908169872414,0
8855,0.01771,echo,1.0,-1.0,3.9269908169872414,0
8856,0.017712,echo,1.0,-1.0,3.9269908169872414,0
8857,0.017713999999999997,echo,1.0,-1.0,3.9269908169872414,0
8858,0.017716000000000003,echo,1.0,-1.0,3.9269908169872414,0
8859,0.017718,echo,1.0,-1.0,3.9269908169872414,1
8860,0.01772,echo,1.0,-1.0,3.9269908169872414,1
8861,0.017722,echo,1.0,-1.0,3.9269908169872414,0
8862,0.017724,echo,1.0,-1.0,3.9269908169872414,0
8863,0.017726,echo,1.0,-1.0,3.9269908169872414,0
8864,0.017728,echo,1.0,-1.0,3.9269908169872414,0
8865,0.01773,echo,1.0,-1.0,3.9269908169872414,0
8866,0.017731999999999998,echo,1.0,-1.0,3.9269908169872414,0
8867,0.017734000000000003,echo,1.0,-1.0,3.9269908169872414,0
8868,0.017736000000000002,echo,1.0,-1.0,3.9269908169872414,0
8869,0.017738,echo,1.0,-1.0,3.9269908169872414,0
8870,0.017740000000000002,echo,1.0,-1.0,3.9269908169872414,0
8871,0.017742,echo,1.0,-1.0,3.9269908169872414,0
8872,0.017744,echo,1.0,-1.0,3.9269908169872414,0
8873,0.017745999999999998,echo,1.0,-1.0,3.9269908169872414,0
8874,0.017748,echo,1.0,-1.0,3.9269908169872414,0
8875,0.01775,echo,1.0,-1.0,3.9269908169872414,0
8876,0.017752,echo,1.0,-1.0,3.9269908169872414,0
8877,0.017754000000000002,echo,1.0,-1.0,3.9269908169872414,0
8878,0.017756,echo,1.0,-1.0,3.9269908169872414,1
8879,0.017758,echo,1.0,-1.0,3.9269908169872414,1
8880,0.01776,echo,1.0,-1.0,3.9269908169872414,0
8881,0.017762,echo,1.0,-1.0,3.9269908169872414,0
8882,0.017764,echo,1.0,-1.0,3.9269908169872414,0
8883,0.017766,echo,1.0,-1.0,3.9269908169872414,0
8884,0.017768,echo,1.0,-1.0,3.9269908169872414,0
8885,0.01777,echo,1.0,-1.0,3.9269908169872414,1
8886,0.017772000000000003,echo,1.0,-1.0,3.9269908169872414,0
8887,0.017774,echo,1.0,-1.0,3.9269908169872414,1
8888,0.017776,echo,1.0,-1.0,3.9269908169872414,0
8889,0.017778,echo,1.0,-1.0,3.9269908169872414,0
8890,0.01778,echo,1.0,-1.0,3.9269908169872414,0
8891,0.017782,echo,1.0,-1.0,3.9269908169872414,0
8892,0.017783999999999998,echo,1.0,-1.0,3.9269908169872414,0
8893,0.017786,echo,1.0,-1.0,3.9269908169872414,0
8894,0.017788,echo,1.0,-1.0,3.9269908169872414,1
8895,0.01779,echo,1.0,-1.0,3.9269908169872414,1
8896,0.017792000000000002,echo,1.0,-1.0,3.9269908169872414,1
8897,0.017794,echo,1.0,-1.0,3.9269908169872414,0
8898,0.017796,echo,1.0,-1.0,3.9269908169872414,0
8899,0.017798,echo,1.0,-1.0,3.9269908169872414,0
8900,0.0178,echo,1.0,-1.0,3.9269908169872414,0
8901,0.017802,echo,1.0,-1.0,3.9269908169872414,1
8902,0.017804,echo,1.0,-1.0,3.9269908169872414,0
8903,0.017806000000000002,echo,1.0,-1.0,3.9269908169872414,0
8904,0.017808,echo,1.0,-1.0,3.9269908169872414,0
8905,0.01781,echo,1.0,-1.0,3.9269908169872414,0
8906,0.017812,echo,1.0,-1.0,3.9269908169872414,0
8907,0.017814,echo,1.0,-1.0,3.9269908169872414,0
8908,0.017816,echo,1.0,-1.0,3.9269908169872414,0
8909,0.017818,echo,1.0,-1.0,3.9269908169872414,0
8910,0.01782,echo,1.0,-1.0,3.9269908169872414,0
8911,0.017821999999999998,echo,1.0,-1.0,3.9269908169872414,0
8912,0.017824000000000003,echo,1.0,-1.0,3.9269908169872414,1
8913,0.017826,echo,1.0,-1.0,3.9269908169872414,0
8914,0.017828,echo,1.0,-1.0,3.9269908169872414,0
8915,0.017830000000000002,echo,1.0,-1.0,3.9269908169872414,1
8916,0.017832,echo,1.0,-1.0,3.9269908169872414,0
8917,0.017834,echo,1.0,-1.0,3.9269908169872414,1
8918,0.017836,echo,1.0,-1.0,3.9269908169872414,1
8919,0.017838,echo,1.0,-1.0,3.9269908169872414,1
8920,0.017839999999999998,echo,1.0,-1.0,3.9269908169872414,0
8921,0.017842,echo,1.0,-1.0,3.9269908169872414,0
8922,0.017844000000000002,echo,1.0,-1.0,3.9269908169872414,0
8923,0.017846,echo,1.0,-1.0,3.9269908169872414,1
8924,0.017848,echo,1.0,-1.0,3.9269908169872414,0
8925,0.01785,echo,1.0,-1.0,3.9269908169872414,0
8926,0.017852,echo,1.0,-1.0,3.9269908169872414,0
8927,0.017854,echo,1.0,-1.0,3.9269908169872414,0
8928,0.017856,echo,1.0,-1.0,3.9269908169872414,0
8929,0.017858,echo,1.0,-1.0,3.9269908169872414,0
8930,0.01786,echo,1.0,-1.0,3.9269908169872414,0
8931,0.017862000000000003,echo,1.0,-1.0,3.9269908169872414,0
8932,0.017864,echo,1.0,-1.0,3.9269908169872414,0
8933,0.017866,echo,1.0,-1.0,3.9269908169872414,0
8934,0.017868000000000002,echo,1.0,-1.0,3.9269908169872414,1
8935,0.01787,echo,1.0,-1.0,3.9269908169872414,0
8936,0.017872,echo,1.0,-1.0,3.9269908169872414,0
8937,0.017873999999999998,echo,1.0,-1.0,3.9269908169872414,0
8938,0.017876,echo,1.0,-1.0,3.9269908169872414,0
8939,0.017878,echo,1.0,-1.0,3.9269908169872414,1
8940,0.01788,echo,1.0,-1.0,3.9269908169872414,1
8941,0.017882000000000002,echo,1.0,-1.0,3.9269908169872414,0
8942,0.017884,echo,1.0,-1.0,3.9269908169872414,0
8943,0.017886,echo,1.0,-1.0,3.9269908169872414,0
8944,0.017888,echo,1.0,-1.0,3.9269908169872414,0
8945,0.01789,echo,1.0,-1.0,3.9269908169872414,1
8946,0.017891999999999998,echo,1.0,-1.0,3.9269908169872414,1
8947,0.017894,echo,1.0,-1.0,3.9269908169872414,0
8948,0.017896000000000002,echo,1.0,-1.0,3.9269908169872414,0
8949,0.017898,echo,1.0,-1.0,3.9269908169872414,0
8950,0.017900000000000003,echo,1.0,-1.0,3.9269908169872414,0
8951,0.017902,echo,1.0,-1.0,3.9269908169872414,1
8952,0.017904,echo,1.0,-1.0,3.9269908169872414,0
8953,0.017906,echo,1.0,-1.0,3.9269908169872414,0
8954,0.017908,echo,1.0,-1.0,3.9269908169872414,0
8955,0.01791,echo,1.0,-1.0,3.9269908169872414,1
8956,0.017911999999999997,echo,1.0,-1.0,3.9269908169872414,0
8957,0.017914000000000003,echo,1.0,-1.0,3.9269908169872414,0
8958,0.017916,echo,1.0,-1.0,3.9269908169872414,0
8959,0.017918,echo,1.0,-1.0,3.9269908169872414,0
8960,0.017920000000000002,echo,1.0,-1.0,3.9269908169872414,0
8961,0.017922,echo,1.0,-1.0,3.9269908169872414,1
8962,0.017924,echo,1.0,-1.0,3.9269908169872414,0
8963,0.017926,echo,1.0,-1.0,3.9269908169872414,0
8964,0.017928,echo,1.0,-1.0,3.9269908169872414,0
8965,0.017929999999999998,echo,1.0,-1.0,3.9269908169872414,0
8966,0.017932,echo,1.0,-1.0,3.9269908169872414,0
8967,0.017934000000000002,echo,1.0,-1.0,3.9269908169872414,0
8968,0.017936,echo,1.0,-1.0,3.9269908169872414,0
8969,0.017938,echo,1.0,-1.0,3.9269908169872414,0
8970,0.01794,echo,1.0,-1.0,3.9269908169872414,0
8971,0.017942,echo,1.0,-1.0,3.9269908169872414,0
8972,0.017943999999999998,echo,1.0,-1.0,3.9269908169872414,0
8973,0.017946,echo,1.0,-1.0,3.9269908169872414,0
8974,0.017948,echo,1.0,-1.0,3.9269908169872414,0
8975,0.01795,echo,1.0,-1.0,3.9269908169872414,0
8976,0.017952000000000003,echo,1.0,-1.0,3.9269908169872414,1
8977,0.017954,echo,1.0,-1.0,3.9269908169872414,1
8978,0.017956,echo,1.0,-1.0,3.9269908169872414,0
8979,0.017958000000000002,echo,1.0,-1.0,3.9269908169872414,0
8980,0.01796,echo,1.0,-1.0,3.9269908169872414,0
8981,0.017962,echo,1.0,-1.0,3.9269908169872414,0
8982,0.017963999999999997,echo,1.0,-1.0,3.9269908169872414,0
8983,0.017966000000000003,echo,1.0,-1.0,3.9269908169872414,0
8984,0.017968,echo,1.0,-1.0,3.9269908169872414,0
8985,0.01797,echo,1.0,-1.0,3.9269908169872414,1
8986,0.017972000000000002,echo,1.0,-1.0,3.9269908169872414,0
8987,0.017974,echo,1.0,-1.0,3.9269908169872414,1
8988,0.017976,echo,1.0,-1.0,3.9269908169872414,0
8989,0.017978,echo,1.0,-1.0,3.9269908169872414,0
8990,0.01798,echo,1.0,-1.0,3.9269908169872414,1
8991,0.017981999999999998,echo,1.0,-1.0,3.9269908169872414,1
8992,0.017984000000000003,echo,1.0,-1.0,3.9269908169872414,0
8993,0.017986000000000002,echo,1.0,-1.0,3.9269908169872414,0
8994,0.017988,echo,1.0,-1.0,3.9269908169872414,0
8995,0.017990000000000003,echo,1.0,-1.0,3.9269908169872414,0
8996,0.017992,echo,1.0,-1.0,3.9269908169872414,0
8997,0.017994,echo,1.0,-1.0,3.9269908169872414,0
8998,0.017995999999999998,echo,1.0,-1.0,3.9269908169872414,1
8999,0.017998,echo,1.0,-1.0,3.9269908169872414,0
9000,0.018,echo,1.0,-1.0,4.71238898038469,1
9001,0.018001999999999997,echo,1.0,-1.0,4.71238898038469,0
9002,0.018004000000000003,echo,1.0,-1.0,4.71238898038469,0
9003,0.018006,echo,1.0,-1.0,4.71238898038469,0
9004,0.018008,echo,1.0,-1.0,4.71238898038469,0
9005,0.01801,echo,1.0,-1.0,4.71238898038469,0
9006,0.018012,echo,1.0,-1.0,4.71238898038469,1
9007,0.018014,echo,1.0,-1.0,4.71238898038469,1
9008,0.018016,echo,1.0,-1.0,4.71238898038469,0
9009,0.018018,echo,1.0,-1.0,4.71238898038469,0
9010,0.01802,echo,1.0,-1.0,4.71238898038469,0
9011,0.018022000000000003,echo,1.0,-1.0,4.71238898038469,1
9012,0.018024000000000002,echo,1.0,-1.0,4.71238898038469,1
9013,0.018026,echo,1.0,-1.0,4.71238898038469,0
9014,0.018028,echo,1.0,-1.0,4.71238898038469,1
9015,0.01803,echo,1.0,-1.0,4.71238898038469,1
9016,0.018032,echo,1.0,-1.0,4.71238898038469,0
9017,0.018033999999999998,echo,1.0,-1.0,4.71238898038469,1
9018,0.018036,echo,1.0,-1.0,4.71238898038469,1
9019,0.018038000000000002,echo,1.0,-1.0,4.71238898038469,0
9020,0.01804,echo,1.0,-1.0,4.71238898038469,0
9021,0.018042000000000002,echo,1.0,-1.0,4.71238898038469,1
9022,0.018044,echo,1.0,-1.0,4.71238898038469,0
9023,0.018046,echo,1.0,-1.0,4.71238898038469,1
9024,0.018048,echo,1.0,-1.0,4.71238898038469,0
9025,0.01805,echo,1.0,-1.0,4.71238898038469,0
9026,0.018052,echo,1.0,-1.0,4.71238898038469,0
9027,0.018054,echo,1.0,-1.0,4.71238898038469,1
9028,0.018056000000000003,echo,1.0,-1.0,4.71238898038469,1
9029,0.018058,echo,1.0,-1.0,4.71238898038469,1
9030,0.01806,echo,1.0,-1.0,4.71238898038469,1
9031,0.018062,echo,1.0,-1.0,4.71238898038469,0
9032,0.018064,echo,1.0,-1.0,4.71238898038469,0
9033,0.018066,echo,1.0,-1.0,4.71238898038469,0
9034,0.018068,echo,1.0,-1.0,4.71238898038469,0
9035,0.01807,echo,1.0,-1.0,4.71238898038469,1
9036,0.018071999999999998,echo,1.0,-1.0,4.71238898038469,0
9037,0.018074000000000003,echo,1.0,-1.0,4.71238898038469,1
9038,0.018076000000000002,echo,1.0,-1.0,4.71238898038469,0
9039,0.018078,echo,1.0,-1.0,4.71238898038469,1
9040,0.018080000000000002,echo,1.0,-1.0,4.71238898038469,1
9041,0.018082,echo,1.0,-1.0,4.71238898038469,1
9042,0.018084,echo,1.0,-1.0,4.71238898038469,1
9043,0.018086,echo,1.0,-1.0,4.71238898038469,1
9044,0.018088,echo,1.0,-1.0,4.71238898038469,1
9045,0.01809,echo,1.0,-1.0,4.71238898038469,0
9046,0.018092,echo,1.0,-1.0,4.71238898038469,0
9047,0.018094000000000002,echo,1.0,-1.0,4.71238898038469,1
9048,0.018096,echo,1.0,-1.0,4.71238898038469,1
9049,0.018098,echo,1.0,-1.0,4.71238898038469,1
9050,0.0181,echo,1.0,-1.0,4.71238898038469,0
9051,0.018102,echo,1.0,-1.0,4.71238898038469,0
9052,0.018104,echo,1.0,-1.0,4.71238898038469,0
9053,0.018106,echo,1.0,-1.0,4.71238898038469,1
9054,0.018108,echo,1.0,-1.0,4.71238898038469,0
9055,0.01811,echo,1.0,-1.0,4.71238898038469,0
9056,0.018112000000000003,echo,1.0,-1.0,4.71238898038469,1
9057,0.018114,echo,1.0,-1.0,4.71238898038469,0
9058,0.018116,echo,1.0,-1.0,4.71238898038469,0
9059,0.018118000000000002,echo,1.0,-1.0,4.71238898038469,0
9060,0.01812,echo,1.0,-1.0,4.71238898038469,0
9061,0.018122,echo,1.0,-1.0,4.71238898038469,0
9062,0.018123999999999998,echo,1.0,-1.0,4.71238898038469,0
9063,0.018126,echo,1.0,-1.0,4.71238898038469,1
9064,0.018128000000000002,echo,1.0,-1.0,4.71238898038469,0
9065,0.01813,echo,1.0,-1.0,4.71238898038469,1
9066,0.018132000000000002,echo,1.0,-1.0,4.71238898038469,0
9067,0.018134,echo,1.0,-1.0,4.71238898038469,1
9068,0.018136,echo,1.0,-1.0,4.71238898038469,0
9069,0.018138,echo,1.0,-1.0,4.71238898038469,0
9070,0.01814,echo,1.0,-1.0,4.71238898038469,1
9071,0.018142,echo,1.0,-1.0,4.71238898038469,1
9072,0.018144,echo,1.0,-1.0,4.71238898038469,1
9073,0.018146000000000002,echo,1.0,-1.0,4.71238898038469,1
9074,0.018148,echo,1.0,-1.0,4.71238898038469,1
9075,0.018150000000000003,echo,1.0,-1.0,4.71238898038469,1
9076,0.018152,echo,1.0,-1.0,4.71238898038469,1
9077,0.018154,echo,1.0,-1.0,4.71238898038469,0
9078,0.018156,echo,1.0,-1.0,4.71238898038469,0
9079,0.018158,echo,1.0,-1.0,4.71238898038469,0
9080,0.01816,echo,1.0,-1.0,4.71238898038469,0
9081,0.018161999999999998,echo,1.0,-1.0,4.71238898038469,1
9082,0.018164000000000003,echo,1.0,-1.0,4.71238898038469,0
9083,0.018166,echo,1.0,-1.0,4.71238898038469,1
9084,0.018168,echo,1.0,-1.0,4.71238898038469,0
9085,0.018170000000000002,echo,1.0,-1.0,4.71238898038469,1
9086,0.018172,echo,1.0,-1.0,4.71238898038469,0
9087,0.018174,echo,1.0,-1.0,4.71238898038469,1
9088,0.018176,echo,1.0,-1.0,4.71238898038469,0
9089,0.018178,echo,1.0,-1.0,4.71238898038469,1
9090,0.018179999999999998,echo,1.0,-1.0,4.71238898038469,0
9091,0.018182,echo,1.0,-1.0,4.71238898038469,0
9092,0.018184000000000002,echo,1.0,-1.0,4.71238898038469,0
9093,0.018186,echo,1.0,-1.0,4.71238898038469,1
9094,0.018188,echo,1.0,-1.0,4.71238898038469,0
9095,0.01819,echo,1.0,-1.0,4.71238898038469,1
9096,0.018192,echo,1.0,-1.0,4.71238898038469,1
9097,0.018194,echo,1.0,-1.0,4.71238898038469,1
9098,0.018196,echo,1.0,-1.0,4.71238898038469,1
9099,0.018198,echo,1.0,-1.0,4.71238898038469,1
9100,0.0182,echo,1.0,-1.0,4.71238898038469,1
9101,0.018202000000000003,echo,1.0,-1.0,4.71238898038469,0
9102,0.018204,echo,1.0,-1.0,4.71238898038469,0
9103,0.018206,echo,1.0,-1.0,4.71238898038469,1
9104,0.018208000000000002,echo,1.0,-1.0,4.71238898038469,1
9105,0.01821,echo,1.0,-1.0,4.71238898038469,0
9106,0.018212,echo,1.0,-1.0,4.71238898038469,0
9107,0.018213999999999998,echo,1.0,-1.0,4.71238898038469,1
9108,0.018216,echo,1.0,-1.0,4.71238898038469,1
9109,0.018218,echo,1.0,-1.0,4.71238898038469,1
9110,0.01822,echo,1.0,-1.0,4.71238898038469,1
9111,0.018222000000000002,echo,1.0,-1.0,4.71238898038469,1
9112,0.018224,echo,1.0,-1.0,4.71238898038469,1
9113,0.018226,echo,1.0,-1.0,4.71238898038469,0
9114,0.018228,echo,1.0,-1.0,4.71238898038469,0
9115,0.01823,echo,1.0,-1.0,4.71238898038469,1
9116,0.018231999999999998,echo,1.0,-1.0,4.71238898038469,1
9117,0.018234,echo,1.0,-1.0,4.71238898038469,1
9118,0.018236000000000002,echo,1.0,-1.0,4.71238898038469,0
9119,0.018238,echo,1.0,-1.0,4.71238898038469,1
9120,0.018240000000000003,echo,1.0,-1.0,4.71238898038469,1
9121,0.018242,echo,1.0,-1.0,4.71238898038469,0
9122,0.018244,echo,1.0,-1.0,4.71238898038469,0
9123,0.018246,echo,1.0,-1.0,4.71238898038469,0
9124,0.018248,echo,1.0,-1.0,4.71238898038469,1
9125,0.01825,echo,1.0,-1.0,4.71238898038469,0
9126,0.018251999999999997,echo,1.0,-1.0,4.71238898038469,0
9127,0.018254000000000003,echo,1.0,-1.0,4.71238898038469,1
9128,0.018256,echo,1.0,-1.0,4.71238898038469,0
9129,0.018258,echo,1.0,-1.0,4.71238898038469,1
9130,0.018260000000000002,echo,1.0,-1.0,4.71238898038469,0
9131,0.018262,echo,1.0,-1.0,4.71238898038469,0
9132,0.018264,echo,1.0,-1.0,4.71238898038469,1
9133,0.018266,echo,1.0,-1.0,4.71238898038469,0
9134,0.018268,echo,1.0,-1.0,4.71238898038469,0
9135,0.018269999999999998,echo,1.0,-1.0,4.71238898038469,1
9136,0.018272000000000004,echo,1.0,-1.0,4.71238898038469,0
9137,0.018274000000000002,echo,1.0,-1.0,4.71238898038469,1
9138,0.018276,echo,1.0,-1.0,4.71238898038469,0
9139,0.018278,echo,1.0,-1.0,4.71238898038469,1
9140,0.01828,echo,1.0,-1.0,4.71238898038469,1
9141,0.018282,echo,1.0,-1.0,4.71238898038469,0
9142,0.018283999999999998,echo,1.0,-1.0,4.71238898038469,1
9143,0.018286,echo,1.0,-1.0,4.71238898038469,1
9144,0.018288,echo,1.0,-1.0,4.71238898038469,0
9145,0.01829,echo,1.0,-1.0,4.71238898038469,1
9146,0.018292000000000003,echo,1.0,-1.0,4.71238898038469,0
9147,0.018294,echo,1.0,-1.0,4.71238898038469,1
9148,0.018296,echo,1.0,-1.0,4.71238898038469,0
9149,0.018298000000000002,echo,1.0,-1.0,4.71238898038469,0
9150,0.0183,echo,1.0,-1.0,4.71238898038469,0
9151,0.018302,echo,1.0,-1.0,4.71238898038469,1
9152,0.018304,echo,1.0,-1.0,4.71238898038469,0
9153,0.018306,echo,1.0,-1.0,4.71238898038469,0
9154,0.018308,echo,1.0,-1.0,4.71238898038469,1
9155,0.01831,echo,1.0,-1.0,4.71238898038469,0
9156,0.018312000000000002,echo,1.0,-1.0,4.71238898038469,0
9157,0.018314,echo,1.0,-1.0,4.71238898038469,1
9158,0.018316,echo,1.0,-1.0,4.71238898038469,1
9159,0.018318,echo,1.0,-1.0,4.71238898038469,1
9160,0.01832,echo,1.0,-1.0,4.71238898038469,0
9161,0.018321999999999998,echo,1.0,-1.0,4.71238898038469,1
9162,0.018324,echo,1.0,-1.0,4.71238898038469,0
9163,0.018326000000000002,echo,1.0,-1.0,4.71238898038469,0
9164,0.018328,echo,1.0,-1.0,4.71238898038469,1
9165,0.018330000000000003,echo,1.0,-1.0,4.71238898038469,1
9166,0.018332,echo,1.0,-1.0,4.71238898038469,0
9167,0.018334,echo,1.0,-1.0,4.71238898038469,0
9168,0.018336,echo,1.0,-1.0,4.71238898038469,0
9169,0.018338,echo,1.0,-1.0,4.71238898038469,1
9170,0.01834,echo,1.0,-1.0,4.71238898038469,0
9171,0.018341999999999997,echo,1.0,-1.0,4.71238898038469,0
9172,0.018344000000000003,echo,1.0,-1.0,4.71238898038469,0
9173,0.018346,echo,1.0,-1.0,4.71238898038469,0
9174,0.018348,echo,1.0,-1.0,4.71238898038469,1
9175,0.01835,echo,1.0,-1.0,4.71238898038469,1
9176,0.018352,echo,1.0,-1.0,4.71238898038469,0
9177,0.018354,echo,1.0,-1.0,4.71238898038469,0
9178,0.018356,echo,1.0,-1.0,4.71238898038469,1
9179,0.018358,echo,1.0,-1.0,4.71238898038469,0
9180,0.018359999999999998,echo,1.0,-1.0,4.71238898038469,1
9181,0.018362000000000003,echo,1.0,-1.0,4.71238898038469,1
9182,0.018364000000000002,echo,1.0,-1.0,4.71238898038469,1
9183,0.018366,echo,1.0,-1.0,4.71238898038469,0
9184,0.018368000000000002,echo,1.0,-1.0,4.71238898038469,1
9185,0.01837,echo,1.0,-1.0,4.71238898038469,1
9186,0.018372,echo,1.0,-1.0,4.71238898038469,1
9187,0.018373999999999998,echo,1.0,-1.0,4.71238898038469,1
9188,0.018376,echo,1.0,-1.0,4.71238898038469,0
9189,0.018378,echo,1.0,-1.0,4.71238898038469,1
9190,0.01838,echo,1.0,-1.0,4.71238898038469,0
9191,0.018382000000000003,echo,1.0,-1.0,4.71238898038469,1
9192,0.018384,echo,1.0,-1.0,4.71238898038469,0
9193,0.018386,echo,1.0,-1.0,4.71238898038469,1
9194,0.018388,echo,1.0,-1.0,4.71238898038469,1
9195,0.01839,echo,1.0,-1.0,4.71238898038469,1
9196,0.018392,echo,1.0,-1.0,4.71238898038469,0
9197,0.018394,echo,1.0,-1.0,4.71238898038469,0
9198,0.018396,echo,1.0,-1.0,4.71238898038469,1
9199,0.018398,echo,1.0,-1.0,4.71238898038469,1
9200,0.018400000000000003,echo,1.0,-1.0,4.71238898038469,0
9201,0.018402,echo,1.0,-1.0,4.71238898038469,0
9202,0.018404,echo,1.0,-1.0,4.71238898038469,0
9203,0.018406,echo,1.0,-1.0,4.71238898038469,0
9204,0.018408,echo,1.0,-1.0,4.71238898038469,0
9205,0.01841,echo,1.0,-1.0,4.71238898038469,0
9206,0.018411999999999998,echo,1.0,-1.0,4.71238898038469,0
9207,0.018414,echo,1.0,-1.0,4.71238898038469,0
9208,0.018416000000000002,echo,1.0,-1.0,4.71238898038469,1
9209,0.018418,echo,1.0,-1.0,4.71238898038469,1
9210,0.018420000000000002,echo,1.0,-1.0,4.71238898038469,1
9211,0.018422,echo,1.0,-1.0,4.71238898038469,0
9212,0.018424,echo,1.0,-1.0,4.71238898038469,0
9213,0.018426,echo,1.0,-1.0,4.71238898038469,1
9214,0.018428,echo,1.0,-1.0,4.71238898038469,1
9215,0.01843,echo,1.0,-1.0,4.71238898038469,1
9216,0.018432,echo,1.0,-1.0,4.71238898038469,0
9217,0.018434000000000002,echo,1.0,-1.0,4.71238898038469,0
9218,0.018436,echo,1.0,-1.0,4.71238898038469,1
9219,0.018438,echo,1.0,-1.0,4.71238898038469,1
9220,0.01844,echo,1.0,-1.0,4.71238898038469,0
9221,0.018442,echo,1.0,-1.0,4.71238898038469,0
9222,0.018444,echo,1.0,-1.0,4.71238898038469,0
9223,0.018446,echo,1.0,-1.0,4.71238898038469,0
9224,0.018448,echo,1.0,-1.0,4.71238898038469,0
9225,0.018449999999999998,echo,1.0,-1.0,4.71238898038469,0
9226,0.018452000000000003,echo,1.0,-1.0,4.71238898038469,0
9227,0.018454,echo,1.0,-1.0,4.71238898038469,0
9228,0.018456,echo,1.0,-1.0,4.71238898038469,1
9229,0.018458000000000002,echo,1.0,-1.0,4.71238898038469,0
9230,0.01846,echo,1.0,-1.0,4.71238898038469,0
9231,0.018462,echo,1.0,-1.0,4.71238898038469,1
9232,0.018463999999999998,echo,1.0,-1.0,4.71238898038469,1
9233,0.018466,echo,1.0,-1.0,4.71238898038469,1
9234,0.018468,echo,1.0,-1.0,4.71238898038469,0
9235,0.01847,echo,1.0,-1.0,4.71238898038469,1
9236,0.018472000000000002,echo,1.0,-1.0,4.71238898038469,0
9237,0.018474,echo,1.0,-1.0,4.71238898038469,1
9238,0.018476,echo,1.0,-1.0,4.71238898038469,1
9239,0.018478,echo,1.0,-1.0,4.71238898038469,0
9240,0.01848,echo,1.0,-1.0,4.71238898038469,0
9241,0.018482,echo,1.0,-1.0,4.71238898038469,0
9242,0.018484,echo,1.0,-1.0,4.71238898038469,0
9243,0.018486,echo,1.0,-1.0,4.71238898038469,0
9244,0.018488,echo,1.0,-1.0,4.71238898038469,1
9245,0.018490000000000003,echo,1.0,-1.0,4.71238898038469,1
9246,0.018492,echo,1.0,-1.0,4.71238898038469,0
9247,0.018494,echo,1.0,-1.0,4.71238898038469,1
9248,0.018496,echo,1.0,-1.0,4.71238898038469,0
9249,0.018498,echo,1.0,-1.0,4.71238898038469,1
9250,0.0185,echo,1.0,-1.0,4.71238898038469,1
9251,0.018501999999999998,echo,1.0,-1.0,4.71238898038469,0
9252,0.018504,echo,1.0,-1.0,4.71238898038469,0
9253,0.018506,echo,1.0,-1.0,4.71238898038469,0
9254,0.018508,echo,1.0,-1.0,4.71238898038469,1
9255,0.018510000000000002,echo,1.0,-1.0,4.71238898038469,0
9256,0.018512,echo,1.0,-1.0,4.71238898038469,0
9257,0.018514,echo,1.0,-1.0,4.71238898038469,1
9258,0.018516,echo,1.0,-1.0,4.71238898038469,0
9259,0.018518,echo,1.0,-1.0,4.71238898038469,0
9260,0.01852,echo,1.0,-1.0,4.71238898038469,0
9261,0.018522000000000004,echo,1.0,-1.0,4.71238898038469,1
9262,0.018524000000000002,echo,1.0,-1.0,4.71238898038469,1
9263,0.018526,echo,1.0,-1.0,4.71238898038469,1
9264,0.018528,echo,1.0,-1.0,4.71238898038469,1
9265,0.01853,echo,1.0,-1.0,4.71238898038469,1
9266,0.018532,echo,1.0,-1.0,4.71238898038469,0
9267,0.018534,echo,1.0,-1.0,4.71238898038469,1
9268,0.018536,echo,1.0,-1.0,4.71238898038469,1
9269,0.018538,echo,1.0,-1.0,4.71238898038469,1
9270,0.018539999999999997,echo,1.0,-1.0,4.71238898038469,0
9271,0.018542000000000003,echo,1.0,-1.0,4.71238898038469,0
9272,0.018544,echo,1.0,-1.0,4.71238898038469,0
9273,0.018546,echo,1.0,-1.0,4.71238898038469,1
9274,0.018548000000000002,echo,1.0,-1.0,4.71238898038469,0
9275,0.01855,echo,1.0,-1.0,4.71238898038469,0
9276,0.018552,echo,1.0,-1.0,4.71238898038469,1
9277,0.018554,echo,1.0,-1.0,4.71238898038469,1
9278,0.018556,echo,1.0,-1.0,4.71238898038469,1
9279,0.018557999999999998,echo,1.0,-1.0,4.71238898038469,0
9280,0.01856,echo,1.0,-1.0,4.71238898038469,1
9281,0.018562000000000002,echo,1.0,-1.0,4.71238898038469,1
9282,0.018564,echo,1.0,-1.0,4.71238898038469,0
9283,0.018566,echo,1.0,-1.0,4.71238898038469,1
9284,0.018568,echo,1.0,-1.0,4.71238898038469,1
9285,0.01857,echo,1.0,-1.0,4.71238898038469,1
9286,0.018571999999999998,echo,1.0,-1.0,4.71238898038469,1
9287,0.018574,echo,1.0,-1.0,4.71238898038469,1
9288,0.018576000000000002,echo,1.0,-1.0,4.71238898038469,1
9289,0.018578,echo,1.0,-1.0,4.71238898038469,0
9290,0.018580000000000003,echo,1.0,-1.0,4.71238898038469,1
9291,0.018582,echo,1.0,-1.0,4.71238898038469,0
9292,0.018584,echo,1.0,-1.0,4.71238898038469,1
9293,0.018586000000000002,echo,1.0,-1.0,4.71238898038469,0
9294,0.018588,echo,1.0,-1.0,4.71238898038469,1
9295,0.01859,echo,1.0,-1.0,4.71238898038469,0
9296,0.018591999999999997,echo,1.0,-1.0,4.71238898038469,0
9297,0.018594000000000003,echo,1.0,-1.0,4.71238898038469,0
9298,0.018596,echo,1.0,-1.0,4.71238898038469,0
9299,0.018598,echo,1.0,-1.0,4.71238898038469,1
9300,0.018600000000000002,echo,1.0,-1.0,5.497787143782138,1
9301,0.018602,echo,1.0,-1.0,5.497787143782138,1
9302,0.018604,echo,1.0,-1.0,5.497787143782138,1
9303,0.018606,echo,1.0,-1.0,5.497787143782138,1
9304,0.018608,echo,1.0,-1.0,5.497787143782138,0
9305,0.018609999999999998,echo,1.0,-1.0,5.497787143782138,1
9306,0.018612000000000004,echo,1.0,-1.0,5.497787143782138,1
9307,0.018614000000000002,echo,1.0,-1.0,5.497787143782138,0
9308,0.018616,echo,1.0,-1.0,5.497787143782138,1
9309,0.018618000000000003,echo,1.0,-1.0,5.497787143782138,0
9310,0.01862,echo,1.0,-1.0,5.497787143782138,0
9311,0.018622,echo,1.0,-1.0,5.497787143782138,0
9312,0.018623999999999998,echo,1.0,-1.0,5.497787143782138,1
9313,0.018626,echo,1.0,-1.0,5.497787143782138,0
9314,0.018628,echo,1.0,-1.0,5.497787143782138,1
9315,0.01863,echo,1.0,-1.0,5.497787143782138,0
9316,0.018632000000000003,echo,1.0,-1.0,5.497787143782138,1
9317,0.018634,echo,1.0,-1.0,5.497787143782138,1
9318,0.018636,echo,1.0,-1.0,5.497787143782138,0
9319,0.018638000000000002,echo,1.0,-1.0,5.497787143782138,1
9320,0.01864,echo,1.0,-1.0,5.497787143782138,1
9321,0.018642,echo,1.0,-1.0,5.497787143782138,1
9322,0.018644,echo,1.0,-1.0,5.497787143782138,1
9323,0.018646,echo,1.0,-1.0,5.497787143782138,0
9324,0.018648,echo,1.0,-1.0,5.497787143782138,1
9325,0.018650000000000003,echo,1.0,-1.0,5.497787143782138,1
9326,0.018652000000000002,echo,1.0,-1.0,5.497787143782138,1
9327,0.018654,echo,1.0,-1.0,5.497787143782138,1
9328,0.018656,echo,1.0,-1.0,5.497787143782138,1
9329,0.018658,echo,1.0,-1.0,5.497787143782138,1
9330,0.01866,echo,1.0,-1.0,5.497787143782138,1
9331,0.018661999999999998,echo,1.0,-1.0,5.497787143782138,1
9332,0.018664,echo,1.0,-1.0,5.497787143782138,1
9333,0.018666000000000002,echo,1.0,-1.0,5.497787143782138,1
9334,0.018668,echo,1.0,-1.0,5.497787143782138,1
9335,0.018670000000000003,echo,1.0,-1.0,5.497787143782138,1
9336,0.018672,echo,1.0,-1.0,5.497787143782138,1
9337,0.018674,echo,1.0,-1.0,5.497787143782138,1
9338,0.018676,echo,1.0,-1.0,5.497787143782138,0
9339,0.018678,echo,1.0,-1.0,5.497787143782138,1
9340,0.01868,echo,1.0,-1.0,5.497787143782138,1
9341,0.018682,echo,1.0,-1.0,5.497787143782138,1
9342,0.018684000000000003,echo,1.0,-1.0,5.497787143782138,1
9343,0.018686,echo,1.0,-1.0,5.497787143782138,1
9344,0.018688,echo,1.0,-1.0,5.497787143782138,1
9345,0.018690000000000002,echo,1.0,-1.0,5.497787143782138,0
9346,0.018692,echo,1.0,-1.0,5.497787143782138,1
9347,0.018694,echo,1.0,-1.0,5.497787143782138,1
9348,0.018696,echo,1.0,-1.0,5.497787143782138,0
9349,0.018698,echo,1.0,-1.0,5.497787143782138,0
9350,0.018699999999999998,echo,1.0,-1.0,5.497787143782138,1
9351,0.018702000000000003,echo,1.0,-1.0,5.497787143782138,1
9352,0.018704000000000002,echo,1.0,-1.0,5.497787143782138,1
9353,0.018706,echo,1.0,-1.0,5.497787143782138,1
9354,0.018708000000000002,echo,1.0,-1.0,5.497787143782138,1
9355,0.01871,echo,1.0,-1.0,5.497787143782138,0
9356,0.018712,echo,1.0,-1.0,5.497787143782138,1
9357,0.018713999999999998,echo,1.0,-1.0,5.497787143782138,0
9358,0.018716,echo,1.0,-1.0,5.497787143782138,0
9359,0.018718,echo,1.0,-1.0,5.497787143782138,0
9360,0.01872,echo,1.0,-1.0,5.497787143782138,1
9361,0.018722000000000003,echo,1.0,-1.0,5.497787143782138,1
9362,0.018724,echo,1.0,-1.0,5.497787143782138,1
9363,0.018726,echo,1.0,-1.0,5.497787143782138,0
9364,0.018728,echo,1.0,-1.0,5.497787143782138,1
9365,0.01873,echo,1.0,-1.0,5.497787143782138,1
9366,0.018732,echo,1.0,-1.0,5.497787143782138,1
9367,0.018734,echo,1.0,-1.0,5.497787143782138,0
9368,0.018736,echo,1.0,-1.0,5.497787143782138,0
9369,0.018738,echo,1.0,-1.0,5.497787143782138,1
9370,0.018740000000000003,echo,1.0,-1.0,5.497787143782138,1
9371,0.018742,echo,1.0,-1.0,5.497787143782138,1
9372,0.018744,echo,1.0,-1.0,5.497787143782138,1
9373,0.018746,echo,1.0,-1.0,5.497787143782138,1
9374,0.018748,echo,1.0,-1.0,5.497787143782138,0
9375,0.01875,echo,1.0,-1.0,5.497787143782138,1
9376,0.018751999999999998,echo,1.0,-1.0,5.497787143782138,1
9377,0.018754,echo,1.0,-1.0,5.497787143782138,1
9378,0.018756000000000002,echo,1.0,-1.0,5.497787143782138,1
9379,0.018758,echo,1.0,-1.0,5.497787143782138,1
9380,0.018760000000000002,echo,1.0,-1.0,5.497787143782138,1
9381,0.018762,echo,1.0,-1.0,5.497787143782138,1
9382,0.018764,echo,1.0,-1.0,5.497787143782138,0
9383,0.018766,echo,1.0,-1.0,5.497787143782138,1
9384,0.018768,echo,1.0,-1.0,5.497787143782138,0
9385,0.01877,echo,1.0,-1.0,5.497787143782138,1
9386,0.018772,echo,1.0,-1.0,5.497787143782138,1
9387,0.018774000000000002,echo,1.0,-1.0,5.497787143782138,1
9388,0.018776,echo,1.0,-1.0,5.497787143782138,0
9389,0.018778,echo,1.0,-1.0,5.497787143782138,1
9390,0.01878,echo,1.0,-1.0,5.497787143782138,1
9391,0.018782,echo,1.0,-1.0,5.497787143782138,1
9392,0.018784,echo,1.0,-1.0,5.497787143782138,1
9393,0.018786,echo,1.0,-1.0,5.497787143782138,1
9394,0.018788,echo,1.0,-1.0,5.497787143782138,1
9395,0.018789999999999998,echo,1.0,-1.0,5.497787143782138,1
9396,0.018792000000000003,echo,1.0,-1.0,5.497787143782138,1
9397,0.018794,echo,1.0,-1.0,5.497787143782138,1
9398,0.018796,echo,1.0,-1.0,5.497787143782138,1
9399,0.018798000000000002,echo,1.0,-1.0,5.497787143782138,0
9400,0.0188,echo,1.0,-1.0,5.497787143782138,1
9401,0.018802,echo,1.0,-1.0,5.497787143782138,1
9402,0.018804,echo,1.0,-1.0,5.497787143782138,1
9403,0.018806,echo,1.0,-1.0,5.497787143782138,1
9404,0.018808,echo,1.0,-1.0,5.497787143782138,1
9405,0.01881,echo,1.0,-1.0,5.497787143782138,1
9406,0.018812000000000002,echo,1.0,-1.0,5.497787143782138,1
9407,0.018814,echo,1.0,-1.0,5.497787143782138,1
9408,0.018816,echo,1.0,-1.0,5.497787143782138,0
9409,0.018818,echo,1.0,-1.0,5.497787143782138,1
9410,0.01882,echo,1.0,-1.0,5.497787143782138,1
9411,0.018822,echo,1.0,-1.0,5.497787143782138,1
9412,0.018824,echo,1.0,-1.0,5.497787143782138,1
9413,0.018826,echo,1.0,-1.0,5.497787143782138,1
9414,0.018828,echo,1.0,-1.0,5.497787143782138,1
9415,0.018830000000000003,echo,1.0,-1.0,5.497787143782138,1
9416,0.018832,echo,1.0,-1.0,5.497787143782138,1
9417,0.018834,echo,1.0,-1.0,5.497787143782138,0
9418,0.018836000000000002,echo,1.0,-1.0,5.497787143782138,1
9419,0.018838,echo,1.0,-1.0,5.497787143782138,1
9420,0.01884,echo,1.0,-1.0,5.497787143782138,0
9421,0.018841999999999998,echo,1.0,-1.0,5.497787143782138,1
9422,0.018844,echo,1.0,-1.0,5.497787143782138,0
9423,0.018846,echo,1.0,-1.0,5.497787143782138,1
9424,0.018848,echo,1.0,-1.0,5.497787143782138,1
9425,0.018850000000000002,echo,1.0,-1.0,5.497787143782138,1
9426,0.018852,echo,1.0,-1.0,5.497787143782138,1
9427,0.018854,echo,1.0,-1.0,5.497787143782138,0
9428,0.018856,echo,1.0,-1.0,5.497787143782138,0
9429,0.018858,echo,1.0,-1.0,5.497787143782138,1
9430,0.01886,echo,1.0,-1.0,5.497787143782138,1
9431,0.018862,echo,1.0,-1.0,5.497787143782138,1
9432,0.018864000000000002,echo,1.0,-1.0,5.497787143782138,1
9433,0.018866,echo,1.0,-1.0,5.497787143782138,1
9434,0.018868000000000003,echo,1.0,-1.0,5.497787143782138,1
9435,0.01887,echo,1.0,-1.0,5.497787143782138,1
9436,0.018872,echo,1.0,-1.0,5.497787143782138,1
9437,0.018874,echo,1.0,-1.0,5.497787143782138,1
9438,0.018876,echo,1.0,-1.0,5.497787143782138,1
9439,0.018878,echo,1.0,-1.0,5.497787143782138,0
9440,0.018879999999999997,echo,1.0,-1.0,5.497787143782138,0
9441,0.018882000000000003,echo,1.0,-1.0,5.497787143782138,1
9442,0.018884,echo,1.0,-1.0,5.497787143782138,1
9443,0.018886,echo,1.0,-1.0,5.497787143782138,1
9444,0.018888000000000002,echo,1.0,-1.0,5.497787143782138,0
9445,0.01889,echo,1.0,-1.0,5.497787143782138,1
9446,0.018892,echo,1.0,-1.0,5.497787143782138,1
9447,0.018894,echo,1.0,-1.0,5.497787143782138,1
9448,0.018896,echo,1.0,-1.0,5.497787143782138,1
9449,0.018897999999999998,echo,1.0,-1.0,5.497787143782138,1
9450,0.018900000000000004,echo,1.0,-1.0,5.497787143782138,1
9451,0.018902000000000002,echo,1.0,-1.0,5.497787143782138,1
9452,0.018904,echo,1.0,-1.0,5.497787143782138,1
9453,0.018906,echo,1.0,-1.0,5.497787143782138,1
9454,0.018908,echo,1.0,-1.0,5.497787143782138,1
9455,0.01891,echo,1.0,-1.0,5.497787143782138,0
9456,0.018911999999999998,echo,1.0,-1.0,5.497787143782138,0
9457,0.018914,echo,1.0,-1.0,5.497787143782138,1
9458,0.018916,echo,1.0,-1.0,5.497787143782138,1
9459,0.018918,echo,1.0,-1.0,5.497787143782138,0
9460,0.018920000000000003,echo,1.0,-1.0,5.497787143782138,1
9461,0.018922,echo,1.0,-1.0,5.497787143782138,0
9462,0.018924,echo,1.0,-1.0,5.497787143782138,1
9463,0.018926000000000002,echo,1.0,-1.0,5.497787143782138,1
9464,0.018928,echo,1.0,-1.0,5.497787143782138,0
9465,0.01893,echo,1.0,-1.0,5.497787143782138,1
9466,0.018932,echo,1.0,-1.0,5.497787143782138,0
9467,0.018934,echo,1.0,-1.0,5.497787143782138,0
9468,0.018936,echo,1.0,-1.0,5.497787143782138,0
9469,0.018938,echo,1.0,-1.0,5.497787143782138,1
9470,0.018940000000000002,echo,1.0,-1.0,5.497787143782138,1
9471,0.018942,echo,1.0,-1.0,5.497787143782138,0
9472,0.018944,echo,1.0,-1.0,5.497787143782138,1
9473,0.018946,echo,1.0,-1.0,5.497787143782138,0
9474,0.018948,echo,1.0,-1.0,5.497787143782138,1
9475,0.018949999999999998,echo,1.0,-1.0,5.497787143782138,1
9476,0.018952,echo,1.0,-1.0,5.497787143782138,0
9477,0.018954000000000002,echo,1.0,-1.0,5.497787143782138,1
9478,0.018956,echo,1.0,-1.0,5.497787143782138,1
9479,0.018958000000000003,echo,1.0,-1.0,5.497787143782138,1
9480,0.01896,echo,1.0,-1.0,5.497787143782138,1
9481,0.018962,echo,1.0,-1.0,5.497787143782138,1
9482,0.018963999999999998,echo,1.0,-1.0,5.497787143782138,0
9483,0.018966,echo,1.0,-1.0,5.497787143782138,1
9484,0.018968,echo,1.0,-1.0,5.497787143782138,1
9485,0.018969999999999997,echo,1.0,-1.0,5.497787143782138,1
9486,0.018972000000000003,echo,1.0,-1.0,5.497787143782138,1
9487,0.018974,echo,1.0,-1.0,5.497787143782138,0
9488,0.018976,echo,1.0,-1.0,5.497787143782138,1
9489,0.018978000000000002,echo,1.0,-1.0,5.497787143782138,1
9490,0.01898,echo,1.0,-1.0,5.497787143782138,1
9491,0.018982,echo,1.0,-1.0,5.497787143782138,0
9492,0.018984,echo,1.0,-1.0,5.497787143782138,1
9493,0.018986,echo,1.0,-1.0,5.497787143782138,1
9494,0.018987999999999998,echo,1.0,-1.0,5.497787143782138,1
9495,0.018990000000000003,echo,1.0,-1.0,5.497787143782138,1
9496,0.018992000000000002,echo,1.0,-1.0,5.497787143782138,0
9497,0.018994,echo,1.0,-1.0,5.497787143782138,1
9498,0.018996,echo,1.0,-1.0,5.497787143782138,0
9499,0.018998,echo,1.0,-1.0,5.497787143782138,1
9500,0.019,echo,1.0,-1.0,5.497787143782138,0
9501,0.019001999999999998,echo,1.0,-1.0,5.497787143782138,1
9502,0.019004,echo,1.0,-1.0,5.497787143782138,1
9503,0.019006,echo,1.0,-1.0,5.497787143782138,1
9504,0.019008,echo,1.0,-1.0,5.497787143782138,0
9505,0.019010000000000003,echo,1.0,-1.0,5.497787143782138,1
9506,0.019012,echo,1.0,-1.0,5.497787143782138,1
9507,0.019014,echo,1.0,-1.0,5.497787143782138,1
9508,0.019016,echo,1.0,-1.0,5.497787143782138,0
9509,0.019018,echo,1.0,-1.0,5.497787143782138,1
9510,0.01902,echo,1.0,-1.0,5.497787143782138,1
9511,0.019022,echo,1.0,-1.0,5.497787143782138,1
9512,0.019024,echo,1.0,-1.0,5.497787143782138,0
9513,0.019026,echo,1.0,-1.0,5.497787143782138,1
9514,0.019028,echo,1.0,-1.0,5.497787143782138,1
9515,0.019030000000000002,echo,1.0,-1.0,5.497787143782138,0
9516,0.019032,echo,1.0,-1.0,5.497787143782138,1
9517,0.019034,echo,1.0,-1.0,5.497787143782138,1
9518,0.019036,echo,1.0,-1.0,5.497787143782138,0
9519,0.019038,echo,1.0,-1.0,5.497787143782138,1
9520,0.019039999999999998,echo,1.0,-1.0,5.497787143782138,0
9521,0.019042,echo,1.0,-1.0,5.497787143782138,0
9522,0.019044000000000002,echo,1.0,-1.0,5.497787143782138,1
9523,0.019046,echo,1.0,-1.0,5.497787143782138,1
9524,0.019048000000000002,echo,1.0,-1.0,5.497787143782138,1
9525,0.01905,echo,1.0,-1.0,5.497787143782138,1
9526,0.019052,echo,1.0,-1.0,5.497787143782138,0
9527,0.019054,echo,1.0,-1.0,5.497787143782138,1
9528,0.019056,echo,1.0,-1.0,5.497787143782138,1
9529,0.019058,echo,1.0,-1.0,5.497787143782138,1
9530,0.019059999999999997,echo,1.0,-1.0,5.497787143782138,1
9531,0.019062000000000003,echo,1.0,-1.0,5.497787143782138,0
9532,0.019064,echo,1.0,-1.0,5.497787143782138,1
9533,0.019066,echo,1.0,-1.0,5.497787143782138,1
9534,0.019068,echo,1.0,-1.0,5.497787143782138,1
9535,0.01907,echo,1.0,-1.0,5.497787143782138,1
9536,0.019072,echo,1.0,-1.0,5.497787143782138,0
9537,0.019074,echo,1.0,-1.0,5.497787143782138,0
9538,0.019076,echo,1.0,-1.0,5.497787143782138,1
9539,0.019077999999999998,echo,1.0,-1.0,5.497787143782138,0
9540,0.019080000000000003,echo,1.0,-1.0,5.497787143782138,1
9541,0.019082000000000002,echo,1.0,-1.0,5.497787143782138,1
9542,0.019084,echo,1.0,-1.0,5.497787143782138,0
9543,0.019086000000000002,echo,1.0,-1.0,5.497787143782138,0
9544,0.019088,echo,1.0,-1.0,5.497787143782138,1
9545,0.01909,echo,1.0,-1.0,5.497787143782138,0
9546,0.019091999999999998,echo,1.0,-1.0,5.497787143782138,1
9547,0.019094,echo,1.0,-1.0,5.497787143782138,0
9548,0.019096,echo,1.0,-1.0,5.497787143782138,1
9549,0.019098,echo,1.0,-1.0,5.497787143782138,1
9550,0.019100000000000002,echo,1.0,-1.0,5.497787143782138,1
9551,0.019102,echo,1.0,-1.0,5.497787143782138,1
9552,0.019104,echo,1.0,-1.0,5.497787143782138,0
9553,0.019106,echo,1.0,-1.0,5.497787143782138,0
9554,0.019108,echo,1.0,-1.0,5.497787143782138,1
9555,0.01911,echo,1.0,-1.0,5.497787143782138,1
9556,0.019112,echo,1.0,-1.0,5.497787143782138,1
9557,0.019114,echo,1.0,-1.0,5.497787143782138,0
9558,0.019116,echo,1.0,-1.0,5.497787143782138,1
9559,0.019118000000000003,echo,1.0,-1.0,5.497787143782138,1
9560,0.01912,echo,1.0,-1.0,5.497787143782138,1
9561,0.019122,echo,1.0,-1.0,5.497787143782138,1
9562,0.019124,echo,1.0,-1.0,5.497787143782138,1
9563,0.019126,echo,1.0,-1.0,5.497787143782138,0
9564,0.019128,echo,1.0,-1.0,5.497787143782138,0
9565,0.019129999999999998,echo,1.0,-1.0,5.497787143782138,1
9566,0.019132000000000003,echo,1.0,-1.0,5.497787143782138,1
9567,0.019134,echo,1.0,-1.0,5.497787143782138,1
9568,0.019136,echo,1.0,-1.0,5.497787143782138,0
9569,0.019138000000000002,echo,1.0,-1.0,5.497787143782138,1
9570,0.01914,echo,1.0,-1.0,5.497787143782138,1
9571,0.019142,echo,1.0,-1.0,5.497787143782138,1
9572,0.019144,echo,1.0,-1.0,5.497787143782138,0
9573,0.019146,echo,1.0,-1.0,5.497787143782138,1
9574,0.019148,echo,1.0,-1.0,5.497787143782138,1
9575,0.019150000000000004,echo,1.0,-1.0,5.497787143782138,0
9576,0.019152000000000002,echo,1.0,-1.0,5.497787143782138,1
9577,0.019154,echo,1.0,-1.0,5.497787143782138,1
9578,0.019156,echo,1.0,-1.0,5.497787143782138,1
9579,0.019158,echo,1.0,-1.0,5.497787143782138,1
9580,0.01916,echo,1.0,-1.0,5.497787143782138,0
9581,0.019162,echo,1.0,-1.0,5.497787143782138,0
9582,0.019164,echo,1.0,-1.0,5.497787143782138,1
9583,0.019166,echo,1.0,-1.0,5.497787143782138,1
9584,0.019167999999999998,echo,1.0,-1.0,5.497787143782138,1
9585,0.019170000000000003,echo,1.0,-1.0,5.497787143782138,0
9586,0.019172,echo,1.0,-1.0,5.497787143782138,1
9587,0.019174,echo,1.0,-1.0,5.497787143782138,0
9588,0.019176000000000002,echo,1.0,-1.0,5.497787143782138,1
9589,0.019178,echo,1.0,-1.0,5.497787143782138,1
9590,0.01918,echo,1.0,-1.0,5.497787143782138,1
9591,0.019182,echo,1.0,-1.0,5.497787143782138,1
9592,0.019184,echo,1.0,-1.0,5.497787143782138,1
9593,0.019186,echo,1.0,-1.0,5.497787143782138,1
9594,0.019188,echo,1.0,-1.0,5.497787143782138,0
9595,0.019190000000000002,echo,1.0,-1.0,5.497787143782138,0
9596,0.019192,echo,1.0,-1.0,5.497787143782138,1
9597,0.019194,echo,1.0,-1.0,5.497787143782138,1
9598,0.019196,echo,1.0,-1.0,5.497787143782138,0
9599,0.019198,echo,1.0,-1.0,5.497787143782138,1
9600,0.0192,heldout,1.0,0.5,0.0,1
9601,0.019202,heldout,1.0,0.5,0.0,1
9602,0.019204000000000002,heldout,1.0,0.5,0.0,1
9603,0.019206,heldout,1.0,0.5,0.0,0
9604,0.019208000000000003,heldout,1.0,0.5,0.0,1
9605,0.01921,heldout,1.0,0.5,0.0,1
9606,0.019212,heldout,1.0,0.5,0.0,0
9607,0.019214,heldout,1.0,0.5,0.0,1
9608,0.019216,heldout,1.0,0.5,0.0,1
9609,0.019218,heldout,1.0,0.5,0.0,0
9610,0.019219999999999998,heldout,1.0,0.5,0.0,0
9611,0.019222000000000003,heldout,1.0,0.5,0.0,0
9612,0.019224,heldout,1.0,0.5,0.0,1
9613,0.019226,heldout,1.0,0.5,0.0,1
9614,0.019228000000000002,heldout,1.0,0.5,0.0,1
9615,0.01923,heldout,1.0,0.5,0.0,1
9616,0.019232,heldout,1.0,0.5,0.0,1
9617,0.019234,heldout,1.0,0.5,0.0,1
9618,0.019236,heldout,1.0,0.5,0.0,1
9619,0.019237999999999998,heldout,1.0,0.5,0.0,1
9620,0.019240000000000004,heldout,1.0,0.5,0.0,0
9621,0.019242000000000002,heldout,1.0,0.5,0.0,1
9622,0.019244,heldout,1.0,0.5,0.0,1
9623,0.019246,heldout,1.0,0.5,0.0,1
9624,0.019248,heldout,1.0,0.5,0.0,0
9625,0.01925,heldout,1.0,0.5,0.0,1
9626,0.019252,heldout,1.0,0.5,0.0,1
9627,0.019254,heldout,1.0,0.5,0.0,1
9628,0.019256,heldout,1.0,0.5,0.0,1
9629,0.019258,heldout,1.0,0.5,0.0,0
9630,0.019260000000000003,heldout,1.0,0.5,0.0,1
9631,0.019262,heldout,1.0,0.5,0.0,1
9632,0.019264,heldout,1.0,0.5,0.0,0
9633,0.019266000000000002,heldout,1.0,0.5,0.0,1
9634,0.019268,heldout,1.0,0.5,0.0,1
9635,0.01927,heldout,1.0,0.5,0.0,1
9636,0.019272,heldout,1.0,0.5,0.0,1
9637,0.019274,heldout,1.0,0.5,0.0,1
9638,0.019276,heldout,1.0,0.5,0.0,1
9639,0.019278,heldout,1.0,0.5,0.0,1
9640,0.019280000000000002,heldout,1.0,0.5,0.0,0
9641,0.019282,heldout,1.0,0.5,0.0,0
9642,0.019284,heldout,1.0,0.5,0.0,1
9643,0.019286,heldout,1.0,0.5,0.0,1
9644,0.019288,heldout,1.0,0.5,0.0,1
9645,0.019289999999999998,heldout,1.0,0.5,0.0,1
9646,0.019292,heldout,1.0,0.5,0.0,1
9647,0.019294000000000002,heldout,1.0,0.5,0.0,1
9648,0.019296,heldout,1.0,0.5,0.0,1
9649,0.019298000000000003,heldout,1.0,0.5,0.0,1
9650,0.0193,heldout,1.0,0.5,0.0,1
9651,0.019302,heldout,1.0,0.5,0.0,1
9652,0.019304,heldout,1.0,0.5,0.0,0
9653,0.019306,heldout,1.0,0.5,0.0,1
9654,0.019308,heldout,1.0,0.5,0.0,1
9655,0.019309999999999997,heldout,1.0,0.5,0.0,1
9656,0.019312000000000003,heldout,1.0,0.5,0.0,1
9657,0.019314,heldout,1.0,0.5,0.0,1
9658,0.019316,heldout,1.0,0.5,0.0,1
9659,0.019318000000000002,heldout,1.0,0.5,0.0,1
9660,0.01932,heldout,1.0,0.5,0.0,1
9661,0.019322,heldout,1.0,0.5,0.0,0
9662,0.019324,heldout,1.0,0.5,0.0,1
9663,0.019326,heldout,1.0,0.5,0.0,1
9664,0.019327999999999998,heldout,1.0,0.5,0.0,0
9665,0.019330000000000003,heldout,1.0,0.5,0.0,0
9666,0.019332000000000002,heldout,1.0,0.5,0.0,0
9667,0.019334,heldout,1.0,0.5,0.0,1
9668,0.019336000000000002,heldout,1.0,0.5,0.0,1
9669,0.019338,heldout,1.0,0.5,0.0,1
9670,0.01934,heldout,1.0,0.5,0.0,1
9671,0.019341999999999998,heldout,1.0,0.5,0.0,1
9672,0.019344,heldout,1.0,0.5,0.0,1
9673,0.019346,heldout,1.0,0.5,0.0,0
9674,0.019348,heldout,1.0,0.5,0.0,0
9675,0.019350000000000003,heldout,1.0,0.5,0.0,1
9676,0.019352,heldout,1.0,0.5,0.0,1
9677,0.019354,heldout,1.0,0.5,0.0,1
9678,0.019356,heldout,1.0,0.5,0.0,0
9679,0.019358,heldout,1.0,0.5,0.0,1
9680,0.01936,heldout,1.0,0.5,0.0,1
9681,0.019362,heldout,1.0,0.5,0.0,1
9682,0.019364,heldout,1.0,0.5,0.0,1
9683,0.019366,heldout,1.0,0.5,0.0,1
9684,0.019368000000000003,heldout,1.0,0.5,0.0,1
9685,0.019370000000000002,heldout,1.0,0.5,0.0,0
9686,0.019372,heldout,1.0,0.5,0.0,1
9687,0.019374,heldout,1.0,0.5,0.0,0
9688,0.019376,heldout,1.0,0.5,0.0,1
9689,0.019378,heldout,1.0,0.5,0.0,1
9690,0.019379999999999998,heldout,1.0,0.5,0.0,1
9691,0.019382,heldout,1.0,0.5,0.0,1
9692,0.019384000000000002,heldout,1.0,0.5,0.0,1
9693,0.019386,heldout,1.0,0.5,0.0,1
9694,0.019388000000000002,heldout,1.0,0.5,0.0,1
9695,0.01939,heldout,1.0,0.5,0.0,0
9696,0.019392,heldout,1.0,0.5,0.0,0
9697,0.019394,heldout,1.0,0.5,0.0,1
9698,0.019396,heldout,1.0,0.5,0.0,0
9699,0.019398,heldout,1.0,0.5,0.0,1
9700,0.0194,heldout,1.0,0.5,0.0,1
9701,0.019402000000000003,heldout,1.0,0.5,0.0,0
9702,0.019404,heldout,1.0,0.5,0.0,1
9703,0.019406,heldout,1.0,0.5,0.0,0
9704,0.019408,heldout,1.0,0.5,0.0,1
9705,0.01941,heldout,1.0,0.5,0.0,1
9706,0.019412,heldout,1.0,0.5,0.0,1
9707,0.019414,heldout,1.0,0.5,0.0,1
9708,0.019416,heldout,1.0,0.5,0.0,1
9709,0.019417999999999998,heldout,1.0,0.5,0.0,1
9710,0.019420000000000003,heldout,1.0,0.5,0.0,1
9711,0.019422000000000002,heldout,1.0,0.5,0.0,1
9712,0.019424,heldout,1.0,0.5,0.0,1
9713,0.019426000000000002,heldout,1.0,0.5,0.0,1
9714,0.019428,heldout,1.0,0.5,0.0,1
9715,0.01943,heldout,1.0,0.5,0.0,1
9716,0.019432,heldout,1.0,0.5,0.0,0
9717,0.019434,heldout,1.0,0.5,0.0,1
9718,0.019436,heldout,1.0,0.5,0.0,0
9719,0.019438,heldout,1.0,0.5,0.0,1
9720,0.019440000000000002,heldout,1.0,0.5,0.0,0
9721,0.019442,heldout,1.0,0.5,0.0,1
9722,0.019444,heldout,1.0,0.5,0.0,1
9723,0.019446,heldout,1.0,0.5,0.0,1
9724,0.019448,heldout,1.0,0.5,0.0,0
9725,0.01945,heldout,1.0,0.5,0.0,0
9726,0.019452,heldout,1.0,0.5,0.0,1
9727,0.019454,heldout,1.0,0.5,0.0,1
9728,0.019456,heldout,1.0,0.5,0.0,1
9729,0.019458000000000003,heldout,1.0,0.5,0.0,1
9730,0.01946,heldout,1.0,0.5,0.0,1
9731,0.019462,heldout,1.0,0.5,0.0,1
9732,0.019464,heldout,1.0,0.5,0.0,1
9733,0.019466,heldout,1.0,0.5,0.0,1
9734,0.019468,heldout,1.0,0.5,0.0,1
9735,0.019469999999999998,heldout,1.0,0.5,0.0,0
9736,0.019472,heldout,1.0,0.5,0.0,1
9737,0.019474,heldout,1.0,0.5,0.0,1
9738,0.019476,heldout,1.0,0.5,0.0,1
9739,0.019478000000000002,heldout,1.0,0.5,0.0,1
9740,0.01948,heldout,1.0,0.5,0.0,1
9741,0.019482,heldout,1.0,0.5,0.0,1
9742,0.019484,heldout,1.0,0.5,0.0,1
9743,0.019486,heldout,1.0,0.5,0.0,0
9744,0.019488,heldout,1.0,0.5,0.0,1
9745,0.01949,heldout,1.0,0.5,0.0,1
9746,0.019492000000000002,heldout,1.0,0.5,0.0,1
9747,0.019494,heldout,1.0,0.5,0.0,1
9748,0.019496,heldout,1.0,0.5,0.0,1
9749,0.019498,heldout,1.0,0.5,0.0,1
9750,0.0195,heldout,1.0,0.5,0.0,0
9751,0.019502,heldout,1.0,0.5,0.0,1
9752,0.019504,heldout,1.0,0.5,0.0,1
9753,0.019506,heldout,1.0,0.5,0.0,0
9754,0.019507999999999998,heldout,1.0,0.5,0.0,1
9755,0.019510000000000003,heldout,1.0,0.5,0.0,0
9756,0.019512,heldout,1.0,0.5,0.0,1
9757,0.019514,heldout,1.0,0.5,0.0,1
9758,0.019516000000000002,heldout,1.0,0.5,0.0,1
9759,0.019518,heldout,1.0,0.5,0.0,1
9760,0.01952,heldout,1.0,0.5,0.0,1
9761,0.019522,heldout,1.0,0.5,0.0,1
9762,0.019524,heldout,1.0,0.5,0.0,0
9763,0.019525999999999998,heldout,1.0,0.5,0.0,0
9764,0.019528,heldout,1.0,0.5,0.0,1
9765,0.019530000000000002,heldout,1.0,0.5,0.0,1
9766,0.019532,heldout,1.0,0.5,0.0,1
9767,0.019534,heldout,1.0,0.5,0.0,1
9768,0.019536,heldout,1.0,0.5,0.0,1
9769,0.019538,heldout,1.0,0.5,0.0,0
9770,0.01954,heldout,1.0,0.5,0.0,1
9771,0.019542,heldout,1.0,0.5,0.0,1
9772,0.019544,heldout,1.0,0.5,0.0,0
9773,0.019546,heldout,1.0,0.5,0.0,1
9774,0.019548000000000003,heldout,1.0,0.5,0.0,0
9775,0.01955,heldout,1.0,0.5,0.0,0
9776,0.019552,heldout,1.0,0.5,0.0,0
9777,0.019554000000000002,heldout,1.0,0.5,0.0,1
9778,0.019556,heldout,1.0,0.5,0.0,1
9779,0.019558,heldout,1.0,0.5,0.0,0
9780,0.019559999999999998,heldout,1.0,0.5,0.0,1
9781,0.019562,heldout,1.0,0.5,0.0,1
9782,0.019564,heldout,1.0,0.5,0.0,1
9783,0.019566,heldout,1.0,0.5,0.0,1
9784,0.019568000000000002,heldout,1.0,0.5,0.0,1
9785,0.01957,heldout,1.0,0.5,0.0,1
9786,0.019572,heldout,1.0,0.5,0.0,1
9787,0.019574,heldout,1.0,0.5,0.0,1
9788,0.019576,heldout,1.0,0.5,0.0,0
9789,0.019577999999999998,heldout,1.0,0.5,0.0,0
9790,0.01958,heldout,1.0,0.5,0.0,0
9791,0.019582000000000002,heldout,1.0,0.5,0.0,1
9792,0.019584,heldout,1.0,0.5,0.0,1
9793,0.019586000000000003,heldout,1.0,0.5,0.0,1
9794,0.019588,heldout,1.0,0.5,0.0,1
9795,0.01959,heldout,1.0,0.5,0.0,1
9796,0.019592,heldout,1.0,0.5,0.0,0
9797,0.019594,heldout,1.0,0.5,0.0,1
9798,0.019596,heldout,1.0,0.5,0.0,1
9799,0.019597999999999997,heldout,1.0,0.5,0.0,1
9800,0.019600000000000003,heldout,1.0,0.5,0.0,1
9801,0.019602,heldout,1.0,0.5,0.0,1
9802,0.019604,heldout,1.0,0.5,0.0,0
9803,0.019606000000000002,heldout,1.0,0.5,0.0,1
9804,0.019608,heldout,1.0,0.5,0.0,1
9805,0.01961,heldout,1.0,0.5,0.0,1
9806,0.019612,heldout,1.0,0.5,0.0,1
9807,0.019614,heldout,1.0,0.5,0.0,1
9808,0.019615999999999998,heldout,1.0,0.5,0.0,1
9809,0.019618000000000003,heldout,1.0,0.5,0.0,1
9810,0.019620000000000002,heldout,1.0,0.5,0.0,1
9811,0.019622,heldout,1.0,0.5,0.0,1
9812,0.019624,heldout,1.0,0.5,0.0,1
9813,0.019626,heldout,1.0,0.5,0.0,1
9814,0.019628,heldout,1.0,0.5,0.0,1
9815,0.019629999999999998,heldout,1.0,0.5,0.0,1
9816,0.019632,heldout,1.0,0.5,0.0,1
9817,0.019634,heldout,1.0,0.5,0.0,0
9818,0.019636,heldout,1.0,0.5,0.0,1
9819,0.019638000000000003,heldout,1.0,0.5,0.0,1
9820,0.01964,heldout,1.0,0.5,0.0,0
9821,0.019642,heldout,1.0,0.5,0.0,1
9822,0.019644000000000002,heldout,1.0,0.5,0.0,1
9823,0.019646,heldout,1.0,0.5,0.0,1
9824,0.019648,heldout,1.0,0.5,0.0,0
9825,0.01965,heldout,1.0,0.5,0.0,1
9826,0.019652,heldout,1.0,0.5,0.0,1
9827,0.019654,heldout,1.0,0.5,0.0,0
9828,0.019656,heldout,1.0,0.5,0.0,1
9829,0.019658000000000002,heldout,1.0,0.5,0.0,0
9830,0.01966,heldout,1.0,0.5,0.0,0
9831,0.019662,heldout,1.0,0.5,0.0,1
9832,0.019664,heldout,1.0,0.5,0.0,1
9833,0.019666,heldout,1.0,0.5,0.0,1
9834,0.019667999999999998,heldout,1.0,0.5,0.0,0
9835,0.01967,heldout,1.0,0.5,0.0,0
9836,0.019672000000000002,heldout,1.0,0.5,0.0,1
9837,0.019674,heldout,1.0,0.5,0.0,1
9838,0.019676000000000003,heldout,1.0,0.5,0.0,1
9839,0.019678,heldout,1.0,0.5,0.0,1
9840,0.01968,heldout,1.0,0.5,0.0,1
9841,0.019682,heldout,1.0,0.5,0.0,1
9842,0.019684,heldout,1.0,0.5,0.0,1
9843,0.019686,heldout,1.0,0.5,0.0,1
9844,0.019687999999999997,heldout,1.0,0.5,0.0,0
9845,0.019690000000000003,heldout,1.0,0.5,0.0,1
9846,0.019692,heldout,1.0,0.5,0.0,1
9847,0.019694,heldout,1.0,0.5,0.0,0
9848,0.019696,heldout,1.0,0.5,0.0,1
9849,0.019698,heldout,1.0,0.5,0.0,1
9850,0.0197,heldout,1.0,0.5,0.0,1
9851,0.019702,heldout,1.0,0.5,0.0,1
9852,0.019704,heldout,1.0,0.5,0.0,0
9853,0.019705999999999998,heldout,1.0,0.5,0.0,1
9854,0.019708000000000003,heldout,1.0,0.5,0.0,0
9855,0.019710000000000002,heldout,1.0,0.5,0.0,1
9856,0.019712,heldout,1.0,0.5,0.0,1
9857,0.019714,heldout,1.0,0.5,0.0,1
9858,0.019716,heldout,1.0,0.5,0.0,1
9859,0.019718,heldout,1.0,0.5,0.0,1
9860,0.019719999999999998,heldout,1.0,0.5,0.0,1
9861,0.019722,heldout,1.0,0.5,0.0,0
9862,0.019724,heldout,1.0,0.5,0.0,1
9863,0.019726,heldout,1.0,0.5,0.0,1
9864,0.019728000000000002,heldout,1.0,0.5,0.0,1
9865,0.01973,heldout,1.0,0.5,0.0,1
9866,0.019732,heldout,1.0,0.5,0.0,1
9867,0.019734,heldout,1.0,0.5,0.0,1
9868,0.019736,heldout,1.0,0.5,0.0,1
9869,0.019738,heldout,1.0,0.5,0.0,1
9870,0.01974,heldout,1.0,0.5,0.0,1
9871,0.019742000000000003,heldout,1.0,0.5,0.0,1
9872,0.019744,heldout,1.0,0.5,0.0,1
9873,0.019746,heldout,1.0,0.5,0.0,1
9874,0.019748,heldout,1.0,0.5,0.0,1
9875,0.01975,heldout,1.0,0.5,0.0,1
9876,0.019752,heldout,1.0,0.5,0.0,1
9877,0.019754,heldout,1.0,0.5,0.0,1
9878,0.019756,heldout,1.0,0.5,0.0,0
9879,0.019757999999999998,heldout,1.0,0.5,0.0,0
9880,0.019760000000000003,heldout,1.0,0.5,0.0,1
9881,0.019762000000000002,heldout,1.0,0.5,0.0,1
9882,0.019764,heldout,1.0,0.5,0.0,0
9883,0.019766000000000002,heldout,1.0,0.5,0.0,0
9884,0.019768,heldout,1.0,0.5,0.0,1
9885,0.01977,heldout,1.0,0.5,0.0,1
9886,0.019772,heldout,1.0,0.5,0.0,1
9887,0.019774,heldout,1.0,0.5,0.0,1
9888,0.019776,heldout,1.0,0.5,0.0,1
9889,0.019777999999999997,heldout,1.0,0.5,0.0,0
9890,0.019780000000000002,heldout,1.0,0.5,0.0,1
9891,0.019782,heldout,1.0,0.5,0.0,1
9892,0.019784,heldout,1.0,0.5,0.0,1
9893,0.019786,heldout,1.0,0.5,0.0,1
9894,0.019788,heldout,1.0,0.5,0.0,1
9895,0.01979,heldout,1.0,0.5,0.0,1
9896,0.019792,heldout,1.0,0.5,0.0,1
9897,0.019794,heldout,1.0,0.5,0.0,1
9898,0.019796,heldout,1.0,0.5,0.0,1
9899,0.019798000000000003,heldout,1.0,0.5,0.0,1
9900,0.0198,heldout,1.0,0.5,0.7853981633974483,1
9901,0.019802,heldout,1.0,0.5,0.7853981633974483,1
9902,0.019804000000000002,heldout,1.0,0.5,0.7853981633974483,1
9903,0.019806,heldout,1.0,0.5,0.7853981633974483,0
9904,0.019808,heldout,1.0,0.5,0.7853981633974483,0
9905,0.019809999999999998,heldout,1.0,0.5,0.7853981633974483,0
9906,0.019812,heldout,1.0,0.5,0.7853981633974483,0
9907,0.019814000000000002,heldout,1.0,0.5,0.7853981633974483,0
9908,0.019816,heldout,1.0,0.5,0.7853981633974483,1
9909,0.019818000000000002,heldout,1.0,0.5,0.7853981633974483,1
9910,0.01982,heldout,1.0,0.5,0.7853981633974483,1
9911,0.019822,heldout,1.0,0.5,0.7853981633974483,1
9912,0.019824,heldout,1.0,0.5,0.7853981633974483,1
9913,0.019826,heldout,1.0,0.5,0.7853981633974483,0
9914,0.019828,heldout,1.0,0.5,0.7853981633974483,0
9915,0.01983,heldout,1.0,0.5,0.7853981633974483,1
9916,0.019832000000000002,heldout,1.0,0.5,0.7853981633974483,1
9917,0.019834,heldout,1.0,0.5,0.7853981633974483,1
9918,0.019836000000000003,heldout,1.0,0.5,0.7853981633974483,0
9919,0.019838,heldout,1.0,0.5,0.7853981633974483,0
9920,0.01984,heldout,1.0,0.5,0.7853981633974483,0
9921,0.019842,heldout,1.0,0.5,0.7853981633974483,1
9922,0.019844,heldout,1.0,0.5,0.7853981633974483,1
9923,0.019846,heldout,1.0,0.5,0.7853981633974483,0
9924,0.019847999999999998,heldout,1.0,0.5,0.7853981633974483,1
9925,0.019850000000000003,heldout,1.0,0.5,0.7853981633974483,0
9926,0.019852,heldout,1.0,0.5,0.7853981633974483,1
9927,0.019854,heldout,1.0,0.5,0.7853981633974483,1
9928,0.019856000000000002,heldout,1.0,0.5,0.7853981633974483,0
9929,0.019858,heldout,1.0,0.5,0.7853981633974483,0
9930,0.01986,heldout,1.0,0.5,0.7853981633974483,0
9931,0.019862,heldout,1.0,0.5,0.7853981633974483,1
9932,0.019864,heldout,1.0,0.5,0.7853981633974483,1
9933,0.019865999999999998,heldout,1.0,0.5,0.7853981633974483,1
9934,0.019868000000000004,heldout,1.0,0.5,0.7853981633974483,1
9935,0.019870000000000002,heldout,1.0,0.5,0.7853981633974483,1
9936,0.019872,heldout,1.0,0.5,0.7853981633974483,1
9937,0.019874,heldout,1.0,0.5,0.7853981633974483,1
9938,0.019876,heldout,1.0,0.5,0.7853981633974483,0
9939,0.019878,heldout,1.0,0.5,0.7853981633974483,1
9940,0.01988,heldout,1.0,0.5,0.7853981633974483,1
9941,0.019882,heldout,1.0,0.5,0.7853981633974483,1
9942,0.019884,heldout,1.0,0.5,0.7853981633974483,1
9943,0.019886,heldout,1.0,0.5,0.7853981633974483,1
9944,0.019888000000000003,heldout,1.0,0.5,0.7853981633974483,1
9945,0.01989,heldout,1.0,0.5,0.7853981633974483,1
9946,0.019892,heldout,1.0,0.5,0.7853981633974483,1
9947,0.019894000000000002,heldout,1.0,0.5,0.7853981633974483,1
9948,0.019896,heldout,1.0,0.5,0.7853981633974483,0
9949,0.019898,heldout,1.0,0.5,0.7853981633974483,1
9950,0.0199,heldout,1.0,0.5,0.7853981633974483,1
9951,0.019902,heldout,1.0,0.5,0.7853981633974483,1
9952,0.019904,heldout,1.0,0.5,0.7853981633974483,1
9953,0.019906,heldout,1.0,0.5,0.7853981633974483,1
9954,0.019908000000000002,heldout,1.0,0.5,0.7853981633974483,1
9955,0.01991,heldout,1.0,0.5,0.7853981633974483,1
9956,0.019912,heldout,1.0,0.5,0.7853981633974483,1
9957,0.019914,heldout,1.0,0.5,0.7853981633974483,0
9958,0.019916,heldout,1.0,0.5,0.7853981633974483,0
9959,0.019917999999999998,heldout,1.0,0.5,0.7853981633974483,0
9960,0.01992,heldout,1.0,0.5,0.7853981633974483,0
9961,0.019922000000000002,heldout,1.0,0.5,0.7853981633974483,1
9962,0.019924,heldout,1.0,0.5,0.7853981633974483,1
9963,0.019926000000000003,heldout,1.0,0.5,0.7853981633974483,1
9964,0.019928,heldout,1.0,0.5,0.7853981633974483,1
9965,0.01993,heldout,1.0,0.5,0.7853981633974483,1
9966,0.019932000000000002,heldout,1.0,0.5,0.7853981633974483,1
9967,0.019934,heldout,1.0,0.5,0.7853981633974483,1
9968,0.019936,heldout,1.0,0.5,0.7853981633974483,1
9969,0.019937999999999997,heldout,1.0,0.5,0.7853981633974483,1
9970,0.019940000000000003,heldout,1.0,0.5,0.7853981633974483,0
9971,0.019942,heldout,1.0,0.5,0.7853981633974483,1
9972,0.019944,heldout,1.0,0.5,0.7853981633974483,1
9973,0.019946000000000002,heldout,1.0,0.5,0.7853981633974483,1
9974,0.019948,heldout,1.0,0.5,0.7853981633974483,0
9975,0.01995,heldout,1.0,0.5,0.7853981633974483,1
9976,0.019952,heldout,1.0,0.5,0.7853981633974483,1
9977,0.019954,heldout,1.0,0.5,0.7853981633974483,1
9978,0.019955999999999998,heldout,1.0,0.5,0.7853981633974483,1
9979,0.019958000000000004,heldout,1.0,0.5,0.7853981633974483,1
9980,0.019960000000000002,heldout,1.0,0.5,0.7853981633974483,1
9981,0.019962,heldout,1.0,0.5,0.7853981633974483,1
9982,0.019964000000000003,heldout,1.0,0.5,0.7853981633974483,1
9983,0.019966,heldout,1.0,0.5,0.7853981633974483,1
9984,0.019968,heldout,1.0,0.5,0.7853981633974483,1
9985,0.019969999999999998,heldout,1.0,0.5,0.7853981633974483,1
9986,0.019972,heldout,1.0,0.5,0.7853981633974483,1
9987,0.019974,heldout,1.0,0.5,0.7853981633974483,1
9988,0.019976,heldout,1.0,0.5,0.7853981633974483,1
9989,0.019978000000000003,heldout,1.0,0.5,0.7853981633974483,1
9990,0.01998,heldout,1.0,0.5,0.7853981633974483,1
9991,0.019982,heldout,1.0,0.5,0.7853981633974483,1
9992,0.019984000000000002,heldout,1.0,0.5,0.7853981633974483,1
9993,0.019986,heldout,1.0,0.5,0.7853981633974483,1
9994,0.019988,heldout,1.0,0.5,0.7853981633974483,0
9995,0.01999,heldout,1.0,0.5,0.7853981633974483,1
9996,0.019992,heldout,1.0,0.5,0.7853981633974483,1
9997,0.019994,heldout,1.0,0.5,0.7853981633974483,1
9998,0.019996,heldout,1.0,0.5,0.7853981633974483,1
9999,0.019998000000000002,heldout,1.0,0.5,0.7853981633974483,1
10000,0.02,heldout,1.0,0.5,0.7853981633974483,1
10001,0.020002,heldout,1.0,0.5,0.7853981633974483,1
10002,0.020004,heldout,1.0,0.5,0.7853981633974483,0
10003,0.020006,heldout,1.0,0.5,0.7853981633974483,1
10004,0.020007999999999998,heldout,1.0,0.5,0.7853981633974483,1
10005,0.02001,heldout,1.0,0.5,0.7853981633974483,1
10006,0.020012000000000002,heldout,1.0,0.5,0.7853981633974483,0
10007,0.020014,heldout,1.0,0.5,0.7853981633974483,1
10008,0.020016000000000003,heldout,1.0,0.5,0.7853981633974483,1
10009,0.020018,heldout,1.0,0.5,0.7853981633974483,1
10010,0.02002,heldout,1.0,0.5,0.7853981633974483,1
10011,0.020022,heldout,1.0,0.5,0.7853981633974483,1
10012,0.020024,heldout,1.0,0.5,0.7853981633974483,1
10013,0.020026,heldout,1.0,0.5,0.7853981633974483,1
10014,0.020027999999999997,heldout,1.0,0.5,0.7853981633974483,1
10015,0.020030000000000003,heldout,1.0,0.5,0.7853981633974483,1
10016,0.020032,heldout,1.0,0.5,0.7853981633974483,0
10017,0.020034,heldout,1.0,0.5,0.7853981633974483,1
10018,0.020036,heldout,1.0,0.5,0.7853981633974483,1
10019,0.020038,heldout,1.0,0.5,0.7853981633974483,1
10020,0.02004,heldout,1.0,0.5,0.7853981633974483,1
10021,0.020042,heldout,1.0,0.5,0.7853981633974483,1
10022,0.020044,heldout,1.0,0.5,0.7853981633974483,1
10023,0.020045999999999998,heldout,1.0,0.5,0.7853981633974483,1
10024,0.020048000000000003,heldout,1.0,0.5,0.7853981633974483,0
10025,0.020050000000000002,heldout,1.0,0.5,0.7853981633974483,0
10026,0.020052,heldout,1.0,0.5,0.7853981633974483,1
10027,0.020054000000000002,heldout,1.0,0.5,0.7853981633974483,1
10028,0.020056,heldout,1.0,0.5,0.7853981633974483,1
10029,0.020058,heldout,1.0,0.5,0.7853981633974483,0
10030,0.020059999999999998,heldout,1.0,0.5,0.7853981633974483,1
10031,0.020062,heldout,1.0,0.5,0.7853981633974483,1
10032,0.020064,heldout,1.0,0.5,0.7853981633974483,1
10033,0.020066,heldout,1.0,0.5,0.7853981633974483,1
10034,0.020068000000000003,heldout,1.0,0.5,0.7853981633974483,1
10035,0.02007,heldout,1.0,0.5,0.7853981633974483,0
10036,0.020072,heldout,1.0,0.5,0.7853981633974483,0
10037,0.020074,heldout,1.0,0.5,0.7853981633974483,0
10038,0.020076,heldout,1.0,0.5,0.7853981633974483,1
10039,0.020078,heldout,1.0,0.5,0.7853981633974483,1
10040,0.02008,heldout,1.0,0.5,0.7853981633974483,1
10041,0.020082,heldout,1.0,0.5,0.7853981633974483,1
10042,0.020084,heldout,1.0,0.5,0.7853981633974483,0
10043,0.020086000000000003,heldout,1.0,0.5,0.7853981633974483,0
10044,0.020088,heldout,1.0,0.5,0.7853981633974483,1
10045,0.02009,heldout,1.0,0.5,0.7853981633974483,1
10046,0.020092,heldout,1.0,0.5,0.7853981633974483,1
10047,0.020094,heldout,1.0,0.5,0.7853981633974483,1
10048,0.020096,heldout,1.0,0.5,0.7853981633974483,1
10049,0.020097999999999998,heldout,1.0,0.5,0.7853981633974483,0
10050,0.0201,heldout,1.0,0.5,0.7853981633974483,1
10051,0.020102000000000002,heldout,1.0,0.5,0.7853981633974483,1
10052,0.020104,heldout,1.0,0.5,0.7853981633974483,1
10053,0.020106000000000002,heldout,1.0,0.5,0.7853981633974483,1
10054,0.020108,heldout,1.0,0.5,0.7853981633974483,0
10055,0.02011,heldout,1.0,0.5,0.7853981633974483,1
10056,0.020112,heldout,1.0,0.5,0.7853981633974483,1
10057,0.020114,heldout,1.0,0.5,0.7853981633974483,0
10058,0.020116,heldout,1.0,0.5,0.7853981633974483,1
10059,0.020118,heldout,1.0,0.5,0.7853981633974483,0
10060,0.020120000000000002,heldout,1.0,0.5,0.7853981633974483,1
10061,0.020122,heldout,1.0,0.5,0.7853981633974483,0
10062,0.020124,heldout,1.0,0.5,0.7853981633974483,1
10063,0.020126,heldout,1.0,0.5,0.7853981633974483,1
10064,0.020128,heldout,1.0,0.5,0.7853981633974483,1
10065,0.02013,heldout,1.0,0.5,0.7853981633974483,0
10066,0.020132,heldout,1.0,0.5,0.7853981633974483,0
10067,0.020134,heldout,1.0,0.5,0.7853981633974483,1
10068,0.020135999999999998,heldout,1.0,0.5,0.7853981633974483,0
10069,0.020138000000000003,heldout,1.0,0.5,0.7853981633974483,0
10070,0.02014,heldout,1.0,0.5,0.7853981633974483,1
10071,0.020142,heldout,1.0,0.5,0.7853981633974483,0
10072,0.020144000000000002,heldout,1.0,0.5,0.7853981633974483,0
10073,0.020146,heldout,1.0,0.5,0.7853981633974483,0
10074,0.020148,heldout,1.0,0.5,0.7853981633974483,1
10075,0.02015,heldout,1.0,0.5,0.7853981633974483,1
10076,0.020152,heldout,1.0,0.5,0.7853981633974483,1
10077,0.020154,heldout,1.0,0.5,0.7853981633974483,1
10078,0.020156,heldout,1.0,0.5,0.7853981633974483,1
10079,0.020158000000000002,heldout,1.0,0.5,0.7853981633974483,1
10080,0.02016,heldout,1.0,0.5,0.7853981633974483,1
10081,0.020162,heldout,1.0,0.5,0.7853981633974483,1
10082,0.020164,heldout,1.0,0.5,0.7853981633974483,0
10083,0.020166,heldout,1.0,0.5,0.7853981633974483,1
10084,0.020168,heldout,1.0,0.5,0.7853981633974483,0
10085,0.02017,heldout,1.0,0.5,0.7853981633974483,1
10086,0.020172,heldout,1.0,0.5,0.7853981633974483,1
10087,0.020174,heldout,1.0,0.5,0.7853981633974483,0
10088,0.020176000000000003,heldout,1.0,0.5,0.7853981633974483,0
10089,0.020178,heldout,1.0,0.5,0.7853981633974483,1
10090,0.02018,heldout,1.0,0.5,0.7853981633974483,1
10091,0.020182000000000002,heldout,1.0,0.5,0.7853981633974483,0
10092,0.020184,heldout,1.0,0.5,0.7853981633974483,1
10093,0.020186,heldout,1.0,0.5,0.7853981633974483,1
10094,0.020187999999999998,heldout,1.0,0.5,0.7853981633974483,0
10095,0.02019,heldout,1.0,0.5,0.7853981633974483,1
10096,0.020192,heldout,1.0,0.5,0.7853981633974483,0
10097,0.020194,heldout,1.0,0.5,0.7853981633974483,1
10098,0.020196000000000002,heldout,1.0,0.5,0.7853981633974483,1
10099,0.020198,heldout,1.0,0.5,0.7853981633974483,1
10100,0.0202,heldout,1.0,0.5,0.7853981633974483,1
10101,0.020202,heldout,1.0,0.5,0.7853981633974483,1
10102,0.020204,heldout,1.0,0.5,0.7853981633974483,1
10103,0.020206,heldout,1.0,0.5,0.7853981633974483,0
10104,0.020208,heldout,1.0,0.5,0.7853981633974483,1
10105,0.020210000000000002,heldout,1.0,0.5,0.7853981633974483,1
10106,0.020212,heldout,1.0,0.5,0.7853981633974483,1
10107,0.020214000000000003,heldout,1.0,0.5,0.7853981633974483,1
10108,0.020216,heldout,1.0,0.5,0.7853981633974483,0
10109,0.020218,heldout,1.0,0.5,0.7853981633974483,0
10110,0.02022,heldout,1.0,0.5,0.7853981633974483,1
10111,0.020222,heldout,1.0,0.5,0.7853981633974483,1
10112,0.020224,heldout,1.0,0.5,0.7853981633974483,1
10113,0.020225999999999997,heldout,1.0,0.5,0.7853981633974483,1
10114,0.020228000000000003,heldout,1.0,0.5,0.7853981633974483,1
10115,0.02023,heldout,1.0,0.5,0.7853981633974483,0
10116,0.020232,heldout,1.0,0.5,0.7853981633974483,1
10117,0.020234000000000002,heldout,1.0,0.5,0.7853981633974483,1
10118,0.020236,heldout,1.0,0.5,0.7853981633974483,1
10119,0.020238,heldout,1.0,0.5,0.7853981633974483,1
10120,0.02024,heldout,1.0,0.5,0.7853981633974483,0
10121,0.020242,heldout,1.0,0.5,0.7853981633974483,1
10122,0.020243999999999998,heldout,1.0,0.5,0.7853981633974483,1
10123,0.020246,heldout,1.0,0.5,0.7853981633974483,0
10124,0.020248000000000002,heldout,1.0,0.5,0.7853981633974483,0
10125,0.02025,heldout,1.0,0.5,0.7853981633974483,1
10126,0.020252,heldout,1.0,0.5,0.7853981633974483,1
10127,0.020254,heldout,1.0,0.5,0.7853981633974483,1
10128,0.020256,heldout,1.0,0.5,0.7853981633974483,1
10129,0.020257999999999998,heldout,1.0,0.5,0.7853981633974483,1
10130,0.02026,heldout,1.0,0.5,0.7853981633974483,1
10131,0.020262,heldout,1.0,0.5,0.7853981633974483,0
10132,0.020264,heldout,1.0,0.5,0.7853981633974483,0
10133,0.020266000000000003,heldout,1.0,0.5,0.7853981633974483,0
10134,0.020268,heldout,1.0,0.5,0.7853981633974483,0
10135,0.02027,heldout,1.0,0.5,0.7853981633974483,1
10136,0.020272000000000002,heldout,1.0,0.5,0.7853981633974483,1
10137,0.020274,heldout,1.0,0.5,0.7853981633974483,1
10138,0.020276,heldout,1.0,0.5,0.7853981633974483,0
10139,0.020277999999999997,heldout,1.0,0.5,0.7853981633974483,0
10140,0.02028,heldout,1.0,0.5,0.7853981633974483,1
10141,0.020282,heldout,1.0,0.5,0.7853981633974483,1
10142,0.020284,heldout,1.0,0.5,0.7853981633974483,1
10143,0.020286000000000002,heldout,1.0,0.5,0.7853981633974483,1
10144,0.020288,heldout,1.0,0.5,0.7853981633974483,1
10145,0.02029,heldout,1.0,0.5,0.7853981633974483,1
10146,0.020292,heldout,1.0,0.5,0.7853981633974483,1
10147,0.020294,heldout,1.0,0.5,0.7853981633974483,0
10148,0.020295999999999998,heldout,1.0,0.5,0.7853981633974483,0
10149,0.020298000000000004,heldout,1.0,0.5,0.7853981633974483,0
10150,0.020300000000000002,heldout,1.0,0.5,0.7853981633974483,1
10151,0.020302,heldout,1.0,0.5,0.7853981633974483,1
10152,0.020304000000000003,heldout,1.0,0.5,0.7853981633974483,0
10153,0.020306,heldout,1.0,0.5,0.7853981633974483,1
10154,0.020308,heldout,1.0,0.5,0.7853981633974483,1
10155,0.020309999999999998,heldout,1.0,0.5,0.7853981633974483,0
10156,0.020312,heldout,1.0,0.5,0.7853981633974483,1
10157,0.020314,heldout,1.0,0.5,0.7853981633974483,0
10158,0.020315999999999997,heldout,1.0,0.5,0.7853981633974483,0
10159,0.020318000000000003,heldout,1.0,0.5,0.7853981633974483,1
10160,0.02032,heldout,1.0,0.5,0.7853981633974483,1
10161,0.020322,heldout,1.0,0.5,0.7853981633974483,1
10162,0.020324000000000002,heldout,1.0,0.5,0.7853981633974483,1
10163,0.020326,heldout,1.0,0.5,0.7853981633974483,1
10164,0.020328,heldout,1.0,0.5,0.7853981633974483,0
10165,0.02033,heldout,1.0,0.5,0.7853981633974483,1
10166,0.020332,heldout,1.0,0.5,0.7853981633974483,1
10167,0.020333999999999998,heldout,1.0,0.5,0.7853981633974483,1
10168,0.020336000000000003,heldout,1.0,0.5,0.7853981633974483,1
10169,0.020338000000000002,heldout,1.0,0.5,0.7853981633974483,0
10170,0.02034,heldout,1.0,0.5,0.7853981633974483,1
10171,0.020342,heldout,1.0,0.5,0.7853981633974483,1
10172,0.020344,heldout,1.0,0.5,0.7853981633974483,1
10173,0.020346,heldout,1.0,0.5,0.7853981633974483,0
10174,0.020347999999999998,heldout,1.0,0.5,0.7853981633974483,1
10175,0.02035,heldout,1.0,0.5,0.7853981633974483,1
10176,0.020352000000000002,heldout,1.0,0.5,0.7853981633974483,1
10177,0.020354,heldout,1.0,0.5,0.7853981633974483,1
10178,0.020356000000000003,heldout,1.0,0.5,0.7853981633974483,0
10179,0.020358,heldout,1.0,0.5,0.7853981633974483,1
10180,0.02036,heldout,1.0,0.5,0.7853981633974483,1
10181,0.020362,heldout,1.0,0.5,0.7853981633974483,1
10182,0.020364,heldout,1.0,0.5,0.7853981633974483,1
10183,0.020366,heldout,1.0,0.5,0.7853981633974483,1
10184,0.020368,heldout,1.0,0.5,0.7853981633974483,0
10185,0.020370000000000003,heldout,1.0,0.5,0.7853981633974483,0
10186,0.020372,heldout,1.0,0.5,0.7853981633974483,0
10187,0.020374,heldout,1.0,0.5,0.7853981633974483,0
10188,0.020376000000000002,heldout,1.0,0.5,0.7853981633974483,1
10189,0.020378,heldout,1.0,0.5,0.7853981633974483,0
10190,0.02038,heldout,1.0,0.5,0.7853981633974483,1
10191,0.020382,heldout,1.0,0.5,0.7853981633974483,1
10192,0.020384,heldout,1.0,0.5,0.7853981633974483,1
10193,0.020385999999999998,heldout,1.0,0.5,0.7853981633974483,0
10194,0.020388000000000003,heldout,1.0,0.5,0.7853981633974483,1
10195,0.020390000000000002,heldout,1.0,0.5,0.7853981633974483,0
10196,0.020392,heldout,1.0,0.5,0.7853981633974483,1
10197,0.020394000000000002,heldout,1.0,0.5,0.7853981633974483,0
10198,0.020396,heldout,1.0,0.5,0.7853981633974483,1
10199,0.020398,heldout,1.0,0.5,0.7853981633974483,1
10200,0.0204,heldout,1.0,0.5,1.5707963267948966,1
10201,0.020402,heldout,1.0,0.5,1.5707963267948966,0
10202,0.020404,heldout,1.0,0.5,1.5707963267948966,1
10203,0.020406,heldout,1.0,0.5,1.5707963267948966,0
10204,0.020408000000000003,heldout,1.0,0.5,1.5707963267948966,1
10205,0.02041,heldout,1.0,0.5,1.5707963267948966,1
10206,0.020412,heldout,1.0,0.5,1.5707963267948966,1
10207,0.020414,heldout,1.0,0.5,1.5707963267948966,1
10208,0.020416,heldout,1.0,0.5,1.5707963267948966,0
10209,0.020418,heldout,1.0,0.5,1.5707963267948966,1
10210,0.02042,heldout,1.0,0.5,1.5707963267948966,1
10211,0.020422,heldout,1.0,0.5,1.5707963267948966,0
10212,0.020424,heldout,1.0,0.5,1.5707963267948966,0
10213,0.020426000000000003,heldout,1.0,0.5,1.5707963267948966,0
10214,0.020428,heldout,1.0,0.5,1.5707963267948966,1
10215,0.02043,heldout,1.0,0.5,1.5707963267948966,1
10216,0.020432000000000002,heldout,1.0,0.5,1.5707963267948966,0
10217,0.020434,heldout,1.0,0.5,1.5707963267948966,0
10218,0.020436,heldout,1.0,0.5,1.5707963267948966,1
10219,0.020437999999999998,heldout,1.0,0.5,1.5707963267948966,1
10220,0.02044,heldout,1.0,0.5,1.5707963267948966,1
10221,0.020442000000000002,heldout,1.0,0.5,1.5707963267948966,1
10222,0.020444,heldout,1.0,0.5,1.5707963267948966,1
10223,0.020446000000000002,heldout,1.0,0.5,1.5707963267948966,0
10224,0.020448,heldout,1.0,0.5,1.5707963267948966,0
10225,0.02045,heldout,1.0,0.5,1.5707963267948966,0
10226,0.020452,heldout,1.0,0.5,1.5707963267948966,0
10227,0.020454,heldout,1.0,0.5,1.5707963267948966,1
10228,0.020456,heldout,1.0,0.5,1.5707963267948966,1
10229,0.020458,heldout,1.0,0.5,1.5707963267948966,1
10230,0.020460000000000002,heldout,1.0,0.5,1.5707963267948966,0
10231,0.020462,heldout,1.0,0.5,1.5707963267948966,0
10232,0.020464000000000003,heldout,1.0,0.5,1.5707963267948966,0
10233,0.020466,heldout,1.0,0.5,1.5707963267948966,1
10234,0.020468,heldout,1.0,0.5,1.5707963267948966,0
10235,0.02047,heldout,1.0,0.5,1.5707963267948966,1
10236,0.020472,heldout,1.0,0.5,1.5707963267948966,1
10237,0.020474,heldout,1.0,0.5,1.5707963267948966,0
10238,0.020475999999999998,heldout,1.0,0.5,1.5707963267948966,0
10239,0.020478000000000003,heldout,1.0,0.5,1.5707963267948966,0
10240,0.02048,heldout,1.0,0.5,1.5707963267948966,0
10241,0.020482,heldout,1.0,0.5,1.5707963267948966,0
10242,0.020484000000000002,heldout,1.0,0.5,1.5707963267948966,1
10243,0.020486,heldout,1.0,0.5,1.5707963267948966,1
10244,0.020488,heldout,1.0,0.5,1.5707963267948966,1
10245,0.02049,heldout,1.0,0.5,1.5707963267948966,1
10246,0.020492,heldout,1.0,0.5,1.5707963267948966,0
10247,0.020494,heldout,1.0,0.5,1.5707963267948966,0
10248,0.020496,heldout,1.0,0.5,1.5707963267948966,0
10249,0.020498000000000002,heldout,1.0,0.5,1.5707963267948966,0
10250,0.0205,heldout,1.0,0.5,1.5707963267948966,0
10251,0.020502,heldout,1.0,0.5,1.5707963267948966,1
10252,0.020504,heldout,1.0,0.5,1.5707963267948966,0
10253,0.020506,heldout,1.0,0.5,1.5707963267948966,0
10254,0.020508,heldout,1.0,0.5,1.5707963267948966,0
10255,0.02051,heldout,1.0,0.5,1.5707963267948966,0
10256,0.020512,heldout,1.0,0.5,1.5707963267948966,0
10257,0.020514,heldout,1.0,0.5,1.5707963267948966,0
10258,0.020516000000000003,heldout,1.0,0.5,1.5707963267948966,1
10259,0.020518,heldout,1.0,0.5,1.5707963267948966,0
10260,0.02052,heldout,1.0,0.5,1.5707963267948966,1
10261,0.020522000000000002,heldout,1.0,0.5,1.5707963267948966,0
10262,0.020524,heldout,1.0,0.5,1.5707963267948966,1
10263,0.020526,heldout,1.0,0.5,1.5707963267948966,0
10264,0.020527999999999998,heldout,1.0,0.5,1.5707963267948966,1
10265,0.02053,heldout,1.0,0.5,1.5707963267948966,1
10266,0.020532,heldout,1.0,0.5,1.5707963267948966,1
10267,0.020534,heldout,1.0,0.5,1.5707963267948966,1
10268,0.020536000000000002,heldout,1.0,0.5,1.5707963267948966,1
10269,0.020538,heldout,1.0,0.5,1.5707963267948966,0
10270,0.02054,heldout,1.0,0.5,1.5707963267948966,0
10271,0.020542,heldout,1.0,0.5,1.5707963267948966,1
10272,0.020544,heldout,1.0,0.5,1.5707963267948966,0
10273,0.020546,heldout,1.0,0.5,1.5707963267948966,0
10274,0.020548,heldout,1.0,0.5,1.5707963267948966,1
10275,0.020550000000000002,heldout,1.0,0.5,1.5707963267948966,0
10276,0.020552,heldout,1.0,0.5,1.5707963267948966,0
10277,0.020554000000000003,heldout,1.0,0.5,1.5707963267948966,0
10278,0.020556,heldout,1.0,0.5,1.5707963267948966,0
10279,0.020558,heldout,1.0,0.5,1.5707963267948966,1
10280,0.02056,heldout,1.0,0.5,1.5707963267948966,1
10281,0.020562,heldout,1.0,0.5,1.5707963267948966,1
10282,0.020564,heldout,1.0,0.5,1.5707963267948966,1
10283,0.020565999999999997,heldout,1.0,0.5,1.5707963267948966,0
10284,0.020568000000000003,heldout,1.0,0.5,1.5707963267948966,1
10285,0.02057,heldout,1.0,0.5,1.5707963267948966,0
10286,0.020572,heldout,1.0,0.5,1.5707963267948966,1
10287,0.020574000000000002,heldout,1.0,0.5,1.5707963267948966,0
10288,0.020576,heldout,1.0,0.5,1.5707963267948966,0
10289,0.020578,heldout,1.0,0.5,1.5707963267948966,0
10290,0.02058,heldout,1.0,0.5,1.5707963267948966,0
10291,0.020582,heldout,1.0,0.5,1.5707963267948966,0
10292,0.020583999999999998,heldout,1.0,0.5,1.5707963267948966,1
10293,0.020586000000000004,heldout,1.0,0.5,1.5707963267948966,0
10294,0.020588000000000002,heldout,1.0,0.5,1.5707963267948966,0
10295,0.02059,heldout,1.0,0.5,1.5707963267948966,0
10296,0.020592,heldout,1.0,0.5,1.5707963267948966,0
10297,0.020594,heldout,1.0,0.5,1.5707963267948966,1
10298,0.020596,heldout,1.0,0.5,1.5707963267948966,0
10299,0.020597999999999998,heldout,1.0,0.5,1.5707963267948966,1
10300,0.0206,heldout,1.0,0.5,1.5707963267948966,1
10301,0.020602,heldout,1.0,0.5,1.5707963267948966,1
10302,0.020604,heldout,1.0,0.5,1.5707963267948966,0
10303,0.020606000000000003,heldout,1.0,0.5,1.5707963267948966,1
10304,0.020608,heldout,1.0,0.5,1.5707963267948966,1
10305,0.02061,heldout,1.0,0.5,1.5707963267948966,0
10306,0.020612000000000002,heldout,1.0,0.5,1.5707963267948966,0
10307,0.020614,heldout,1.0,0.5,1.5707963267948966,0
10308,0.020616,heldout,1.0,0.5,1.5707963267948966,0
10309,0.020618,heldout,1.0,0.5,1.5707963267948966,1
10310,0.02062,heldout,1.0,0.5,1.5707963267948966,1
10311,0.020622,heldout,1.0,0.5,1.5707963267948966,1
10312,0.020624,heldout,1.0,0.5,1.5707963267948966,0
10313,0.020626000000000002,heldout,1.0,0.5,1.5707963267948966,1
10314,0.020628,heldout,1.0,0.5,1.5707963267948966,0
10315,0.02063,heldout,1.0,0.5,1.5707963267948966,0
10316,0.020632,heldout,1.0,0.5,1.5707963267948966,0
10317,0.020634,heldout,1.0,0.5,1.5707963267948966,0
10318,0.020635999999999998,heldout,1.0,0.5,1.5707963267948966,0
10319,0.020638,heldout,1.0,0.5,1.5707963267948966,1
10320,0.020640000000000002,heldout,1.0,0.5,1.5707963267948966,1
10321,0.020642,heldout,1.0,0.5,1.5707963267948966,0
10322,0.020644000000000003,heldout,1.0,0.5,1.5707963267948966,0
10323,0.020646,heldout,1.0,0.5,1.5707963267948966,0
10324,0.020648,heldout,1.0,0.5,1.5707963267948966,0
10325,0.02065,heldout,1.0,0.5,1.5707963267948966,1
10326,0.020652,heldout,1.0,0.5,1.5707963267948966,1
10327,0.020654,heldout,1.0,0.5,1.5707963267948966,0
10328,0.020655999999999997,heldout,1.0,0.5,1.5707963267948966,0
10329,0.020658000000000003,heldout,1.0,0.5,1.5707963267948966,1
10330,0.02066,heldout,1.0,0.5,1.5707963267948966,1
10331,0.020662,heldout,1.0,0.5,1.5707963267948966,0
10332,0.020664000000000002,heldout,1.0,0.5,1.5707963267948966,1
10333,0.020666,heldout,1.0,0.5,1.5707963267948966,0
10334,0.020668,heldout,1.0,0.5,1.5707963267948966,0
10335,0.02067,heldout,1.0,0.5,1.5707963267948966,0
10336,0.020672,heldout,1.0,0.5,1.5707963267948966,1
10337,0.020673999999999998,heldout,1.0,0.5,1.5707963267948966,1
10338,0.020676000000000003,heldout,1.0,0.5,1.5707963267948966,1
10339,0.020678000000000002,heldout,1.0,0.5,1.5707963267948966,1
10340,0.02068,heldout,1.0,0.5,1.5707963267948966,0
10341,0.020682000000000002,heldout,1.0,0.5,1.5707963267948966,0
10342,0.020684,heldout,1.0,0.5,1.5707963267948966,1
10343,0.020686,heldout,1.0,0.5,1.5707963267948966,1
10344,0.020687999999999998,heldout,1.0,0.5,1.5707963267948966,1
10345,0.02069,heldout,1.0,0.5,1.5707963267948966,1
10346,0.020692,heldout,1.0,0.5,1.5707963267948966,1
10347,0.020694,heldout,1.0,0.5,1.5707963267948966,1
10348,0.020696000000000003,heldout,1.0,0.5,1.5707963267948966,0
10349,0.020698,heldout,1.0,0.5,1.5707963267948966,0
10350,0.0207,heldout,1.0,0.5,1.5707963267948966,1
10351,0.020702,heldout,1.0,0.5,1.5707963267948966,1
10352,0.020704,heldout,1.0,0.5,1.5707963267948966,1
10353,0.020706,heldout,1.0,0.5,1.5707963267948966,0
10354,0.020708,heldout,1.0,0.5,1.5707963267948966,0
10355,0.02071,heldout,1.0,0.5,1.5707963267948966,1
10356,0.020712,heldout,1.0,0.5,1.5707963267948966,0
10357,0.020714000000000003,heldout,1.0,0.5,1.5707963267948966,0
10358,0.020716000000000002,heldout,1.0,0.5,1.5707963267948966,1
10359,0.020718,heldout,1.0,0.5,1.5707963267948966,1
10360,0.02072,heldout,1.0,0.5,1.5707963267948966,0
10361,0.020722,heldout,1.0,0.5,1.5707963267948966,0
10362,0.020724,heldout,1.0,0.5,1.5707963267948966,1
10363,0.020725999999999998,heldout,1.0,0.5,1.5707963267948966,1
10364,0.020728,heldout,1.0,0.5,1.5707963267948966,0
10365,0.020730000000000002,heldout,1.0,0.5,1.5707963267948966,1
10366,0.020732,heldout,1.0,0.5,1.5707963267948966,1
10367,0.020734000000000002,heldout,1.0,0.5,1.5707963267948966,1
10368,0.020736,heldout,1.0,0.5,1.5707963267948966,1
10369,0.020738,heldout,1.0,0.5,1.5707963267948966,1
10370,0.02074,heldout,1.0,0.5,1.5707963267948966,0
10371,0.020742,heldout,1.0,0.5,1.5707963267948966,1
10372,0.020744,heldout,1.0,0.5,1.5707963267948966,1
10373,0.020745999999999997,heldout,1.0,0.5,1.5707963267948966,0
10374,0.020748000000000003,heldout,1.0,0.5,1.5707963267948966,1
10375,0.02075,heldout,1.0,0.5,1.5707963267948966,1
10376,0.020752,heldout,1.0,0.5,1.5707963267948966,1
10377,0.020754,heldout,1.0,0.5,1.5707963267948966,1
10378,0.020756,heldout,1.0,0.5,1.5707963267948966,0
10379,0.020758,heldout,1.0,0.5,1.5707963267948966,0
10380,0.02076,heldout,1.0,0.5,1.5707963267948966,1
10381,0.020762,heldout,1.0,0.5,1.5707963267948966,1
10382,0.020763999999999998,heldout,1.0,0.5,1.5707963267948966,1
10383,0.020766000000000003,heldout,1.0,0.5,1.5707963267948966,1
10384,0.020768000000000002,heldout,1.0,0.5,1.5707963267948966,1
10385,0.02077,heldout,1.0,0.5,1.5707963267948966,1
10386,0.020772000000000002,heldout,1.0,0.5,1.5707963267948966,0
10387,0.020774,heldout,1.0,0.5,1.5707963267948966,0
10388,0.020776,heldout,1.0,0.5,1.5707963267948966,1
10389,0.020777999999999998,heldout,1.0,0.5,1.5707963267948966,1
10390,0.02078,heldout,1.0,0.5,1.5707963267948966,0
10391,0.020782,heldout,1.0,0.5,1.5707963267948966,1
10392,0.020784,heldout,1.0,0.5,1.5707963267948966,0
10393,0.020786000000000002,heldout,1.0,0.5,1.5707963267948966,1
10394,0.020788,heldout,1.0,0.5,1.5707963267948966,1
10395,0.02079,heldout,1.0,0.5,1.5707963267948966,0
10396,0.020792,heldout,1.0,0.5,1.5707963267948966,0
10397,0.020794,heldout,1.0,0.5,1.5707963267948966,1
10398,0.020796,heldout,1.0,0.5,1.5707963267948966,0
10399,0.020798,heldout,1.0,0.5,1.5707963267948966,1
10400,0.0208,heldout,1.0,0.5,1.5707963267948966,1
10401,0.020802,heldout,1.0,0.5,1.5707963267948966,1
10402,0.020804000000000003,heldout,1.0,0.5,1.5707963267948966,1
10403,0.020806,heldout,1.0,0.5,1.5707963267948966,0
10404,0.020808,heldout,1.0,0.5,1.5707963267948966,0
10405,0.02081,heldout,1.0,0.5,1.5707963267948966,0
10406,0.020812,heldout,1.0,0.5,1.5707963267948966,0
10407,0.020814,heldout,1.0,0.5,1.5707963267948966,1
10408,0.020815999999999998,heldout,1.0,0.5,1.5707963267948966,1
10409,0.020818,heldout,1.0,0.5,1.5707963267948966,1
10410,0.02082,heldout,1.0,0.5,1.5707963267948966,1
10411,0.020822,heldout,1.0,0.5,1.5707963267948966,1
10412,0.020824000000000002,heldout,1.0,0.5,1.5707963267948966,0
10413,0.020826,heldout,1.0,0.5,1.5707963267948966,1
10414,0.020828,heldout,1.0,0.5,1.5707963267948966,0
10415,0.02083,heldout,1.0,0.5,1.5707963267948966,0
10416,0.020832,heldout,1.0,0.5,1.5707963267948966,0
10417,0.020834,heldout,1.0,0.5,1.5707963267948966,0
10418,0.020836,heldout,1.0,0.5,1.5707963267948966,1
10419,0.020838000000000002,heldout,1.0,0.5,1.5707963267948966,1
10420,0.02084,heldout,1.0,0.5,1.5707963267948966,1
10421,0.020842,heldout,1.0,0.5,1.5707963267948966,1
10422,0.020844,heldout,1.0,0.5,1.5707963267948966,1
10423,0.020846,heldout,1.0,0.5,1.5707963267948966,0
10424,0.020848,heldout,1.0,0.5,1.5707963267948966,0
10425,0.02085,heldout,1.0,0.5,1.5707963267948966,1
10426,0.020852,heldout,1.0,0.5,1.5707963267948966,1
10427,0.020853999999999998,heldout,1.0,0.5,1.5707963267948966,0
10428,0.020856000000000003,heldout,1.0,0.5,1.5707963267948966,0
10429,0.020858,heldout,1.0,0.5,1.5707963267948966,1
10430,0.02086,heldout,1.0,0.5,1.5707963267948966,0
10431,0.020862000000000002,heldout,1.0,0.5,1.5707963267948966,0
10432,0.020864,heldout,1.0,0.5,1.5707963267948966,0
10433,0.020866,heldout,1.0,0.5,1.5707963267948966,1
10434,0.020868,heldout,1.0,0.5,1.5707963267948966,1
10435,0.02087,heldout,1.0,0.5,1.5707963267948966,1
10436,0.020871999999999998,heldout,1.0,0.5,1.5707963267948966,0
10437,0.020874,heldout,1.0,0.5,1.5707963267948966,0
10438,0.020876000000000002,heldout,1.0,0.5,1.5707963267948966,1
10439,0.020878,heldout,1.0,0.5,1.5707963267948966,0
10440,0.02088,heldout,1.0,0.5,1.5707963267948966,1
10441,0.020882,heldout,1.0,0.5,1.5707963267948966,0
10442,0.020884,heldout,1.0,0.5,1.5707963267948966,0
10443,0.020886,heldout,1.0,0.5,1.5707963267948966,1
10444,0.020888,heldout,1.0,0.5,1.5707963267948966,0
10445,0.02089,heldout,1.0,0.5,1.5707963267948966,1
10446,0.020892,heldout,1.0,0.5,1.5707963267948966,1
10447,0.020894000000000003,heldout,1.0,0.5,1.5707963267948966,0
10448,0.020896,heldout,1.0,0.5,1.5707963267948966,0
10449,0.020898,heldout,1.0,0.5,1.5707963267948966,0
10450,0.020900000000000002,heldout,1.0,0.5,1.5707963267948966,1
10451,0.020902,heldout,1.0,0.5,1.5707963267948966,1
10452,0.020904,heldout,1.0,0.5,1.5707963267948966,0
10453,0.020905999999999998,heldout,1.0,0.5,1.5707963267948966,1
10454,0.020908000000000003,heldout,1.0,0.5,1.5707963267948966,1
10455,0.02091,heldout,1.0,0.5,1.5707963267948966,0
10456,0.020912,heldout,1.0,0.5,1.5707963267948966,0
10457,0.020914000000000002,heldout,1.0,0.5,1.5707963267948966,0
10458,0.020916,heldout,1.0,0.5,1.5707963267948966,0
10459,0.020918,heldout,1.0,0.5,1.5707963267948966,0
10460,0.02092,heldout,1.0,0.5,1.5707963267948966,0
10461,0.020922,heldout,1.0,0.5,1.5707963267948966,1
10462,0.020923999999999998,heldout,1.0,0.5,1.5707963267948966,0
10463,0.020926000000000004,heldout,1.0,0.5,1.5707963267948966,1
10464,0.020928000000000002,heldout,1.0,0.5,1.5707963267948966,0
10465,0.02093,heldout,1.0,0.5,1.5707963267948966,1
10466,0.020932000000000003,heldout,1.0,0.5,1.5707963267948966,1
10467,0.020934,heldout,1.0,0.5,1.5707963267948966,0
10468,0.020936,heldout,1.0,0.5,1.5707963267948966,0
10469,0.020938,heldout,1.0,0.5,1.5707963267948966,0
10470,0.02094,heldout,1.0,0.5,1.5707963267948966,1
10471,0.020942,heldout,1.0,0.5,1.5707963267948966,0
10472,0.020943999999999997,heldout,1.0,0.5,1.5707963267948966,1
10473,0.020946000000000003,heldout,1.0,0.5,1.5707963267948966,1
10474,0.020948,heldout,1.0,0.5,1.5707963267948966,0
10475,0.02095,heldout,1.0,0.5,1.5707963267948966,0
10476,0.020952000000000002,heldout,1.0,0.5,1.5707963267948966,1
10477,0.020954,heldout,1.0,0.5,1.5707963267948966,1
10478,0.020956,heldout,1.0,0.5,1.5707963267948966,1
10479,0.020958,heldout,1.0,0.5,1.5707963267948966,0
10480,0.02096,heldout,1.0,0.5,1.5707963267948966,1
10481,0.020962,heldout,1.0,0.5,1.5707963267948966,0
10482,0.020964000000000003,heldout,1.0,0.5,1.5707963267948966,1
10483,0.020966000000000002,heldout,1.0,0.5,1.5707963267948966,1
10484,0.020968,heldout,1.0,0.5,1.5707963267948966,1
10485,0.02097,heldout,1.0,0.5,1.5707963267948966,0
10486,0.020972,heldout,1.0,0.5,1.5707963267948966,0
10487,0.020974,heldout,1.0,0.5,1.5707963267948966,0
10488,0.020975999999999998,heldout,1.0,0.5,1.5707963267948966,1
10489,0.020978,heldout,1.0,0.5,1.5707963267948966,1
10490,0.020980000000000002,heldout,1.0,0.5,1.5707963267948966,1
10491,0.020982,heldout,1.0,0.5,1.5707963267948966,0
10492,0.020984000000000003,heldout,1.0,0.5,1.5707963267948966,0
10493,0.020986,heldout,1.0,0.5,1.5707963267948966,0
10494,0.020988,heldout,1.0,0.5,1.5707963267948966,0
10495,0.02099,heldout,1.0,0.5,1.5707963267948966,0
10496,0.020992,heldout,1.0,0.5,1.5707963267948966,1
10497,0.020994,heldout,1.0,0.5,1.5707963267948966,1
10498,0.020995999999999997,heldout,1.0,0.5,1.5707963267948966,1
10499,0.020998000000000003,heldout,1.0,0.5,1.5707963267948966,1
10500,0.021,heldout,1.0,0.5,2.356194490192345,0
10501,0.021002,heldout,1.0,0.5,2.356194490192345,1
10502,0.021004000000000002,heldout,1.0,0.5,2.356194490192345,0
10503,0.021006,heldout,1.0,0.5,2.356194490192345,1
10504,0.021008,heldout,1.0,0.5,2.356194490192345,1
10505,0.02101,heldout,1.0,0.5,2.356194490192345,0
10506,0.021012,heldout,1.0,0.5,2.356194490192345,0
10507,0.021013999999999998,heldout,1.0,0.5,2.356194490192345,1
10508,0.021016000000000003,heldout,1.0,0.5,2.356194490192345,0
10509,0.021018000000000002,heldout,1.0,0.5,2.356194490192345,1
10510,0.02102,heldout,1.0,0.5,2.356194490192345,0
10511,0.021022000000000002,heldout,1.0,0.5,2.356194490192345,0
10512,0.021024,heldout,1.0,0.5,2.356194490192345,1
10513,0.021026,heldout,1.0,0.5,2.356194490192345,1
10514,0.021027999999999998,heldout,1.0,0.5,2.356194490192345,0
10515,0.02103,heldout,1.0,0.5,2.356194490192345,0
10516,0.021032,heldout,1.0,0.5,2.356194490192345,0
10517,0.021034,heldout,1.0,0.5,2.356194490192345,0
10518,0.021036000000000003,heldout,1.0,0.5,2.356194490192345,0
10519,0.021038,heldout,1.0,0.5,2.356194490192345,0
10520,0.02104,heldout,1.0,0.5,2.356194490192345,0
10521,0.021042,heldout,1.0,0.5,2.356194490192345,0
10522,0.021044,heldout,1.0,0.5,2.356194490192345,0
10523,0.021046,heldout,1.0,0.5,2.356194490192345,0
10524,0.021048,heldout,1.0,0.5,2.356194490192345,0
10525,0.02105,heldout,1.0,0.5,2.356194490192345,0
10526,0.021052,heldout,1.0,0.5,2.356194490192345,0
10527,0.021054000000000003,heldout,1.0,0.5,2.356194490192345,0
10528,0.021056000000000002,heldout,1.0,0.5,2.356194490192345,0
10529,0.021058,heldout,1.0,0.5,2.356194490192345,1
10530,0.02106,heldout,1.0,0.5,2.356194490192345,0
10531,0.021062,heldout,1.0,0.5,2.356194490192345,0
10532,0.021064,heldout,1.0,0.5,2.356194490192345,0
10533,0.021065999999999998,heldout,1.0,0.5,2.356194490192345,0
10534,0.021068,heldout,1.0,0.5,2.356194490192345,0
10535,0.021070000000000002,heldout,1.0,0.5,2.356194490192345,0
10536,0.021072,heldout,1.0,0.5,2.356194490192345,1
10537,0.021074000000000002,heldout,1.0,0.5,2.356194490192345,0
10538,0.021076,heldout,1.0,0.5,2.356194490192345,0
10539,0.021078,heldout,1.0,0.5,2.356194490192345,0
10540,0.02108,heldout,1.0,0.5,2.356194490192345,0
10541,0.021082,heldout,1.0,0.5,2.356194490192345,0
10542,0.021084,heldout,1.0,0.5,2.356194490192345,1
10543,0.021086,heldout,1.0,0.5,2.356194490192345,1
10544,0.021088000000000003,heldout,1.0,0.5,2.356194490192345,0
10545,0.02109,heldout,1.0,0.5,2.356194490192345,0
10546,0.021092,heldout,1.0,0.5,2.356194490192345,0
10547,0.021094,heldout,1.0,0.5,2.356194490192345,0
10548,0.021096,heldout,1.0,0.5,2.356194490192345,0
10549,0.021098,heldout,1.0,0.5,2.356194490192345,0
10550,0.0211,heldout,1.0,0.5,2.356194490192345,1
10551,0.021102,heldout,1.0,0.5,2.356194490192345,1
10552,0.021103999999999998,heldout,1.0,0.5,2.356194490192345,0
10553,0.021106000000000003,heldout,1.0,0.5,2.356194490192345,0
10554,0.021108000000000002,heldout,1.0,0.5,2.356194490192345,0
10555,0.02111,heldout,1.0,0.5,2.356194490192345,0
10556,0.021112000000000002,heldout,1.0,0.5,2.356194490192345,0
10557,0.021114,heldout,1.0,0.5,2.356194490192345,0
10558,0.021116,heldout,1.0,0.5,2.356194490192345,1
10559,0.021118,heldout,1.0,0.5,2.356194490192345,1
10560,0.02112,heldout,1.0,0.5,2.356194490192345,0
10561,0.021122,heldout,1.0,0.5,2.356194490192345,0
10562,0.021124,heldout,1.0,0.5,2.356194490192345,0
10563,0.021126000000000002,heldout,1.0,0.5,2.356194490192345,0
10564,0.021128,heldout,1.0,0.5,2.356194490192345,1
10565,0.02113,heldout,1.0,0.5,2.356194490192345,0
10566,0.021132,heldout,1.0,0.5,2.356194490192345,0
10567,0.021134,heldout,1.0,0.5,2.356194490192345,0
10568,0.021136,heldout,1.0,0.5,2.356194490192345,0
10569,0.021138,heldout,1.0,0.5,2.356194490192345,0
10570,0.02114,heldout,1.0,0.5,2.356194490192345,0
10571,0.021142,heldout,1.0,0.5,2.356194490192345,0
10572,0.021144000000000003,heldout,1.0,0.5,2.356194490192345,0
10573,0.021146,heldout,1.0,0.5,2.356194490192345,0
10574,0.021148,heldout,1.0,0.5,2.356194490192345,0
10575,0.021150000000000002,heldout,1.0,0.5,2.356194490192345,1
10576,0.021152,heldout,1.0,0.5,2.356194490192345,0
10577,0.021154,heldout,1.0,0.5,2.356194490192345,0
10578,0.021155999999999998,heldout,1.0,0.5,2.356194490192345,0
10579,0.021158,heldout,1.0,0.5,2.356194490192345,0
10580,0.02116,heldout,1.0,0.5,2.356194490192345,0
10581,0.021162,heldout,1.0,0.5,2.356194490192345,0
10582,0.021164000000000002,heldout,1.0,0.5,2.356194490192345,0
10583,0.021166,heldout,1.0,0.5,2.356194490192345,1
10584,0.021168,heldout,1.0,0.5,2.356194490192345,0
10585,0.02117,heldout,1.0,0.5,2.356194490192345,1
10586,0.021172,heldout,1.0,0.5,2.356194490192345,0
10587,0.021174,heldout,1.0,0.5,2.356194490192345,0
10588,0.021176,heldout,1.0,0.5,2.356194490192345,1
10589,0.021178000000000002,heldout,1.0,0.5,2.356194490192345,0
10590,0.02118,heldout,1.0,0.5,2.356194490192345,1
10591,0.021182000000000003,heldout,1.0,0.5,2.356194490192345,0
10592,0.021184,heldout,1.0,0.5,2.356194490192345,0
10593,0.021186,heldout,1.0,0.5,2.356194490192345,1
10594,0.021188,heldout,1.0,0.5,2.356194490192345,0
10595,0.02119,heldout,1.0,0.5,2.356194490192345,0
10596,0.021192,heldout,1.0,0.5,2.356194490192345,0
10597,0.021193999999999998,heldout,1.0,0.5,2.356194490192345,0
10598,0.021196000000000003,heldout,1.0,0.5,2.356194490192345,1
10599,0.021198,heldout,1.0,0.5,2.356194490192345,0
10600,0.0212,heldout,1.0,0.5,2.356194490192345,1
10601,0.021202000000000002,heldout,1.0,0.5,2.356194490192345,1
10602,0.021204,heldout,1.0,0.5,2.356194490192345,0
10603,0.021206,heldout,1.0,0.5,2.356194490192345,1
10604,0.021208,heldout,1.0,0.5,2.356194490192345,0
10605,0.02121,heldout,1.0,0.5,2.356194490192345,1
10606,0.021211999999999998,heldout,1.0,0.5,2.356194490192345,0
10607,0.021214000000000004,heldout,1.0,0.5,2.356194490192345,0
10608,0.021216000000000002,heldout,1.0,0.5,2.356194490192345,0
10609,0.021218,heldout,1.0,0.5,2.356194490192345,0
10610,0.02122,heldout,1.0,0.5,2.356194490192345,0
10611,0.021222,heldout,1.0,0.5,2.356194490192345,0
10612,0.021224,heldout,1.0,0.5,2.356194490192345,0
10613,0.021226,heldout,1.0,0.5,2.356194490192345,0
10614,0.021228,heldout,1.0,0.5,2.356194490192345,0
10615,0.02123,heldout,1.0,0.5,2.356194490192345,0
10616,0.021232,heldout,1.0,0.5,2.356194490192345,0
10617,0.021234000000000003,heldout,1.0,0.5,2.356194490192345,0
10618,0.021236,heldout,1.0,0.5,2.356194490192345,0
10619,0.021238,heldout,1.0,0.5,2.356194490192345,0
10620,0.021240000000000002,heldout,1.0,0.5,2.356194490192345,0
10621,0.021242,heldout,1.0,0.5,2.356194490192345,1
10622,0.021244,heldout,1.0,0.5,2.356194490192345,0
10623,0.021246,heldout,1.0,0.5,2.356194490192345,0
10624,0.021248,heldout,1.0,0.5,2.356194490192345,1
10625,0.02125,heldout,1.0,0.5,2.356194490192345,0
10626,0.021252,heldout,1.0,0.5,2.356194490192345,0
10627,0.021254000000000002,heldout,1.0,0.5,2.356194490192345,1
10628,0.021256,heldout,1.0,0.5,2.356194490192345,1
10629,0.021258,heldout,1.0,0.5,2.356194490192345,1
10630,0.02126,heldout,1.0,0.5,2.356194490192345,0
10631,0.021262,heldout,1.0,0.5,2.356194490192345,0
10632,0.021263999999999998,heldout,1.0,0.5,2.356194490192345,0
10633,0.021266,heldout,1.0,0.5,2.356194490192345,0
10634,0.021268000000000002,heldout,1.0,0.5,2.356194490192345,0
10635,0.02127,heldout,1.0,0.5,2.356194490192345,0
10636,0.021272000000000003,heldout,1.0,0.5,2.356194490192345,0
10637,0.021274,heldout,1.0,0.5,2.356194490192345,0
10638,0.021276,heldout,1.0,0.5,2.356194490192345,0
10639,0.021278,heldout,1.0,0.5,2.356194490192345,0
10640,0.02128,heldout,1.0,0.5,2.356194490192345,0
10641,0.021282,heldout,1.0,0.5,2.356194490192345,0
10642,0.021283999999999997,heldout,1.0,0.5,2.356194490192345,1
10643,0.021286000000000003,heldout,1.0,0.5,2.356194490192345,0
10644,0.021288,heldout,1.0,0.5,2.356194490192345,0
10645,0.02129,heldout,1.0,0.5,2.356194490192345,1
10646,0.021292000000000002,heldout,1.0,0.5,2.356194490192345,0
10647,0.021294,heldout,1.0,0.5,2.356194490192345,0
10648,0.021296,heldout,1.0,0.5,2.356194490192345,0
10649,0.021298,heldout,1.0,0.5,2.356194490192345,0
10650,0.0213,heldout,1.0,0.5,2.356194490192345,0
10651,0.021301999999999998,heldout,1.0,0.5,2.356194490192345,1
10652,0.021304000000000003,heldout,1.0,0.5,2.356194490192345,0
10653,0.021306000000000002,heldout,1.0,0.5,2.356194490192345,1
10654,0.021308,heldout,1.0,0.5,2.356194490192345,0
10655,0.02131,heldout,1.0,0.5,2.356194490192345,0
10656,0.021312,heldout,1.0,0.5,2.356194490192345,0
10657,0.021314,heldout,1.0,0.5,2.356194490192345,0
10658,0.021315999999999998,heldout,1.0,0.5,2.356194490192345,1
10659,0.021318,heldout,1.0,0.5,2.356194490192345,1
10660,0.02132,heldout,1.0,0.5,2.356194490192345,1
10661,0.021322,heldout,1.0,0.5,2.356194490192345,0
10662,0.021324000000000003,heldout,1.0,0.5,2.356194490192345,1
10663,0.021326,heldout,1.0,0.5,2.356194490192345,0
10664,0.021328,heldout,1.0,0.5,2.356194490192345,0
10665,0.021330000000000002,heldout,1.0,0.5,2.356194490192345,0
10666,0.021332,heldout,1.0,0.5,2.356194490192345,0
10667,0.021334,heldout,1.0,0.5,2.356194490192345,1
10668,0.021336,heldout,1.0,0.5,2.356194490192345,0
10669,0.021338,heldout,1.0,0.5,2.356194490192345,0
10670,0.02134,heldout,1.0,0.5,2.356194490192345,1
10671,0.021342,heldout,1.0,0.5,2.356194490192345,0
10672,0.021344000000000002,heldout,1.0,0.5,2.356194490192345,1
10673,0.021346,heldout,1.0,0.5,2.356194490192345,1
10674,0.021348,heldout,1.0,0.5,2.356194490192345,0
10675,0.02135,heldout,1.0,0.5,2.356194490192345,0
10676,0.021352,heldout,1.0,0.5,2.356194490192345,0
10677,0.021353999999999998,heldout,1.0,0.5,2.356194490192345,0
10678,0.021356,heldout,1.0,0.5,2.356194490192345,1
10679,0.021358000000000002,heldout,1.0,0.5,2.356194490192345,1
10680,0.02136,heldout,1.0,0.5,2.356194490192345,0
10681,0.021362000000000003,heldout,1.0,0.5,2.356194490192345,1
10682,0.021364,heldout,1.0,0.5,2.356194490192345,0
10683,0.021366,heldout,1.0,0.5,2.356194490192345,0
10684,0.021368,heldout,1.0,0.5,2.356194490192345,0
10685,0.02137,heldout,1.0,0.5,2.356194490192345,1
10686,0.021372,heldout,1.0,0.5,2.356194490192345,0
10687,0.021373999999999997,heldout,1.0,0.5,2.356194490192345,0
10688,0.021376000000000003,heldout,1.0,0.5,2.356194490192345,0
10689,0.021378,heldout,1.0,0.5,2.356194490192345,1
10690,0.02138,heldout,1.0,0.5,2.356194490192345,0
10691,0.021382,heldout,1.0,0.5,2.356194490192345,0
10692,0.021384,heldout,1.0,0.5,2.356194490192345,1
10693,0.021386,heldout,1.0,0.5,2.356194490192345,1
10694,0.021388,heldout,1.0,0.5,2.356194490192345,0
10695,0.02139,heldout,1.0,0.5,2.356194490192345,0
10696,0.021391999999999998,heldout,1.0,0.5,2.356194490192345,0
10697,0.021394000000000003,heldout,1.0,0.5,2.356194490192345,0
10698,0.021396000000000002,heldout,1.0,0.5,2.356194490192345,1
10699,0.021398,heldout,1.0,0.5,2.356194490192345,1
10700,0.021400000000000002,heldout,1.0,0.5,2.356194490192345,1
10701,0.021402,heldout,1.0,0.5,2.356194490192345,0
10702,0.021404,heldout,1.0,0.5,2.356194490192345,0
10703,0.021405999999999998,heldout,1.0,0.5,2.356194490192345,0
10704,0.021408,heldout,1.0,0.5,2.356194490192345,1
10705,0.02141,heldout,1.0,0.5,2.356194490192345,0
10706,0.021412,heldout,1.0,0.5,2.356194490192345,0
10707,0.021414000000000002,heldout,1.0,0.5,2.356194490192345,1
10708,0.021416,heldout,1.0,0.5,2.356194490192345,0
10709,0.021418,heldout,1.0,0.5,2.356194490192345,0
10710,0.02142,heldout,1.0,0.5,2.356194490192345,1
10711,0.021422,heldout,1.0,0.5,2.356194490192345,1
10712,0.021424,heldout,1.0,0.5,2.356194490192345,1
10713,0.021426,heldout,1.0,0.5,2.356194490192345,1
10714,0.021428,heldout,1.0,0.5,2.356194490192345,1
10715,0.02143,heldout,1.0,0.5,2.356194490192345,0
10716,0.021432000000000003,heldout,1.0,0.5,2.356194490192345,0
10717,0.021434,heldout,1.0,0.5,2.356194490192345,0
10718,0.021436,heldout,1.0,0.5,2.356194490192345,0
10719,0.021438,heldout,1.0,0.5,2.356194490192345,0
10720,0.02144,heldout,1.0,0.5,2.356194490192345,1
10721,0.021442,heldout,1.0,0.5,2.356194490192345,0
10722,0.021443999999999998,heldout,1.0,0.5,2.356194490192345,0
10723,0.021446,heldout,1.0,0.5,2.356194490192345,1
10724,0.021448000000000002,heldout,1.0,0.5,2.356194490192345,1
10725,0.02145,heldout,1.0,0.5,2.356194490192345,0
10726,0.021452000000000002,heldout,1.0,0.5,2.356194490192345,0
10727,0.021454,heldout,1.0,0.5,2.356194490192345,0
10728,0.021456,heldout,1.0,0.5,2.356194490192345,1
10729,0.021458,heldout,1.0,0.5,2.356194490192345,1
10730,0.02146,heldout,1.0,0.5,2.356194490192345,0
10731,0.021462,heldout,1.0,0.5,2.356194490192345,1
10732,0.021464000000000004,heldout,1.0,0.5,2.356194490192345,0
10733,0.021466000000000002,heldout,1.0,0.5,2.356194490192345,0
10734,0.021468,heldout,1.0,0.5,2.356194490192345,0
10735,0.02147,heldout,1.0,0.5,2.356194490192345,0
10736,0.021472,heldout,1.0,0.5,2.356194490192345,0
10737,0.021474,heldout,1.0,0.5,2.356194490192345,0
10738,0.021476,heldout,1.0,0.5,2.356194490192345,0
10739,0.021478,heldout,1.0,0.5,2.356194490192345,0
10740,0.02148,heldout,1.0,0.5,2.356194490192345,1
10741,0.021481999999999998,heldout,1.0,0.5,2.356194490192345,0
10742,0.021484000000000003,heldout,1.0,0.5,2.356194490192345,0
10743,0.021486,heldout,1.0,0.5,2.356194490192345,1
10744,0.021488,heldout,1.0,0.5,2.356194490192345,0
10745,0.021490000000000002,heldout,1.0,0.5,2.356194490192345,0
10746,0.021492,heldout,1.0,0.5,2.356194490192345,1
10747,0.021494,heldout,1.0,0.5,2.356194490192345,1
10748,0.021496,heldout,1.0,0.5,2.356194490192345,0
10749,0.021498,heldout,1.0,0.5,2.356194490192345,1
10750,0.0215,heldout,1.0,0.5,2.356194490192345,0
10751,0.021502,heldout,1.0,0.5,2.356194490192345,0
10752,0.021504000000000002,heldout,1.0,0.5,2.356194490192345,0
10753,0.021506,heldout,1.0,0.5,2.356194490192345,0
10754,0.021508,heldout,1.0,0.5,2.356194490192345,0
10755,0.02151,heldout,1.0,0.5,2.356194490192345,1
10756,0.021512,heldout,1.0,0.5,2.356194490192345,0
10757,0.021514,heldout,1.0,0.5,2.356194490192345,0
10758,0.021516,heldout,1.0,0.5,2.356194490192345,1
10759,0.021518000000000002,heldout,1.0,0.5,2.356194490192345,0
10760,0.02152,heldout,1.0,0.5,2.356194490192345,1
10761,0.021522000000000003,heldout,1.0,0.5,2.356194490192345,1
10762,0.021524,heldout,1.0,0.5,2.356194490192345,0
10763,0.021526,heldout,1.0,0.5,2.356194490192345,0
10764,0.021528,heldout,1.0,0.5,2.356194490192345,1
10765,0.02153,heldout,1.0,0.5,2.356194490192345,1
10766,0.021532,heldout,1.0,0.5,2.356194490192345,0
10767,0.021533999999999998,heldout,1.0,0.5,2.356194490192345,1
10768,0.021536000000000003,heldout,1.0,0.5,2.356194490192345,0
10769,0.021538,heldout,1.0,0.5,2.356194490192345,1
10770,0.02154,heldout,1.0,0.5,2.356194490192345,0
10771,0.021542000000000002,heldout,1.0,0.5,2.356194490192345,1
10772,0.021544,heldout,1.0,0.5,2.356194490192345,0
10773,0.021546,heldout,1.0,0.5,2.356194490192345,1
10774,0.021548,heldout,1.0,0.5,2.356194490192345,0
10775,0.02155,heldout,1.0,0.5,2.356194490192345,0
10776,0.021551999999999998,heldout,1.0,0.5,2.356194490192345,0
10777,0.021554000000000004,heldout,1.0,0.5,2.356194490192345,1
10778,0.021556000000000002,heldout,1.0,0.5,2.356194490192345,1
10779,0.021558,heldout,1.0,0.5,2.356194490192345,0
10780,0.02156,heldout,1.0,0.5,2.356194490192345,0
10781,0.021562,heldout,1.0,0.5,2.356194490192345,0
10782,0.021564,heldout,1.0,0.5,2.356194490192345,0
10783,0.021566,heldout,1.0,0.5,2.356194490192345,1
10784,0.021568,heldout,1.0,0.5,2.356194490192345,0
10785,0.02157,heldout,1.0,0.5,2.356194490192345,0
10786,0.021572,heldout,1.0,0.5,2.356194490192345,0
10787,0.021574000000000003,heldout,1.0,0.5,2.356194490192345,0
10788,0.021576,heldout,1.0,0.5,2.356194490192345,1
10789,0.021578,heldout,1.0,0.5,2.356194490192345,1
10790,0.021580000000000002,heldout,1.0,0.5,2.356194490192345,0
10791,0.021582,heldout,1.0,0.5,2.356194490192345,0
10792,0.021584,heldout,1.0,0.5,2.356194490192345,0
10793,0.021586,heldout,1.0,0.5,2.356194490192345,0
10794,0.021588,heldout,1.0,0.5,2.356194490192345,1
10795,0.02159,heldout,1.0,0.5,2.356194490192345,0
10796,0.021592,heldout,1.0,0.5,2.356194490192345,0
10797,0.021594000000000002,heldout,1.0,0.5,2.356194490192345,0
10798,0.021596,heldout,1.0,0.5,2.356194490192345,0
10799,0.021598,heldout,1.0,0.5,2.356194490192345,0
10800,0.0216,heldout,1.0,0.5,3.141592653589793,1
10801,0.021602,heldout,1.0,0.5,3.141592653589793,1
10802,0.021603999999999998,heldout,1.0,0.5,3.141592653589793,0
10803,0.021606,heldout,1.0,0.5,3.141592653589793,0
10804,0.021608000000000002,heldout,1.0,0.5,3.141592653589793,0
10805,0.02161,heldout,1.0,0.5,3.141592653589793,0
10806,0.021612000000000003,heldout,1.0,0.5,3.141592653589793,0
10807,0.021614,heldout,1.0,0.5,3.141592653589793,0
10808,0.021616,heldout,1.0,0.5,3.141592653589793,0
10809,0.021618000000000002,heldout,1.0,0.5,3.141592653589793,1
10810,0.02162,heldout,1.0,0.5,3.141592653589793,0
10811,0.021622,heldout,1.0,0.5,3.141592653589793,0
10812,0.021623999999999997,heldout,1.0,0.5,3.141592653589793,0
10813,0.021626000000000003,heldout,1.0,0.5,3.141592653589793,0
10814,0.021628,heldout,1.0,0.5,3.141592653589793,1
10815,0.02163,heldout,1.0,0.5,3.141592653589793,0
10816,0.021632000000000002,heldout,1.0,0.5,3.141592653589793,0
10817,0.021634,heldout,1.0,0.5,3.141592653589793,1
10818,0.021636,heldout,1.0,0.5,3.141592653589793,0
10819,0.021638,heldout,1.0,0.5,3.141592653589793,0
10820,0.02164,heldout,1.0,0.5,3.141592653589793,0
10821,0.021641999999999998,heldout,1.0,0.5,3.141592653589793,0
10822,0.021644000000000004,heldout,1.0,0.5,3.141592653589793,0
10823,0.021646000000000002,heldout,1.0,0.5,3.141592653589793,0
10824,0.021648,heldout,1.0,0.5,3.141592653589793,0
10825,0.021650000000000003,heldout,1.0,0.5,3.141592653589793,1
10826,0.021652,heldout,1.0,0.5,3.141592653589793,0
10827,0.021654,heldout,1.0,0.5,3.141592653589793,0
10828,0.021655999999999998,heldout,1.0,0.5,3.141592653589793,0
10829,0.021658,heldout,1.0,0.5,3.141592653589793,0
10830,0.02166,heldout,1.0,0.5,3.141592653589793,1
10831,0.021662,heldout,1.0,0.5,3.141592653589793,0
10832,0.021664000000000003,heldout,1.0,0.5,3.141592653589793,1
10833,0.021666,heldout,1.0,0.5,3.141592653589793,0
10834,0.021668,heldout,1.0,0.5,3.141592653589793,0
10835,0.021670000000000002,heldout,1.0,0.5,3.141592653589793,1
10836,0.021672,heldout,1.0,0.5,3.141592653589793,0
10837,0.021674,heldout,1.0,0.5,3.141592653589793,0
10838,0.021676,heldout,1.0,0.5,3.141592653589793,1
10839,0.021678,heldout,1.0,0.5,3.141592653589793,0
10840,0.02168,heldout,1.0,0.5,3.141592653589793,0
10841,0.021682000000000003,heldout,1.0,0.5,3.141592653589793,0
10842,0.021684000000000002,heldout,1.0,0.5,3.141592653589793,0
10843,0.021686,heldout,1.0,0.5,3.141592653589793,1
10844,0.021688,heldout,1.0,0.5,3.141592653589793,0
10845,0.02169,heldout,1.0,0.5,3.141592653589793,0
10846,0.021692,heldout,1.0,0.5,3.141592653589793,0
10847,0.021693999999999998,heldout,1.0,0.5,3.141592653589793,0
10848,0.021696,heldout,1.0,0.5,3.141592653589793,0
10849,0.021698000000000002,heldout,1.0,0.5,3.141592653589793,0
10850,0.0217,heldout,1.0,0.5,3.141592653589793,0
10851,0.021702000000000003,heldout,1.0,0.5,3.141592653589793,0
10852,0.021704,heldout,1.0,0.5,3.141592653589793,0
10853,0.021706,heldout,1.0,0.5,3.141592653589793,0
10854,0.021708,heldout,1.0,0.5,3.141592653589793,1
10855,0.02171,heldout,1.0,0.5,3.141592653589793,0
10856,0.021712,heldout,1.0,0.5,3.141592653589793,0
10857,0.021714,heldout,1.0,0.5,3.141592653589793,0
10858,0.021716000000000003,heldout,1.0,0.5,3.141592653589793,0
10859,0.021718,heldout,1.0,0.5,3.141592653589793,0
10860,0.02172,heldout,1.0,0.5,3.141592653589793,0
10861,0.021722,heldout,1.0,0.5,3.141592653589793,1
10862,0.021724,heldout,1.0,0.5,3.141592653589793,0
10863,0.021726,heldout,1.0,0.5,3.141592653589793,0
10864,0.021728,heldout,1.0,0.5,3.141592653589793,0
10865,0.02173,heldout,1.0,0.5,3.141592653589793,0
10866,0.021731999999999998,heldout,1.0,0.5,3.141592653589793,0
10867,0.021734000000000003,heldout,1.0,0.5,3.141592653589793,0
10868,0.021736000000000002,heldout,1.0,0.5,3.141592653589793,1
10869,0.021738,heldout,1.0,0.5,3.141592653589793,0
10870,0.021740000000000002,heldout,1.0,0.5,3.141592653589793,0
10871,0.021742,heldout,1.0,0.5,3.141592653589793,0
10872,0.021744,heldout,1.0,0.5,3.141592653589793,0
10873,0.021746,heldout,1.0,0.5,3.141592653589793,0
10874,0.021748,heldout,1.0,0.5,3.141592653589793,0
10875,0.02175,heldout,1.0,0.5,3.141592653589793,0
10876,0.021752,heldout,1.0,0.5,3.141592653589793,1
10877,0.021754000000000003,heldout,1.0,0.5,3.141592653589793,0
10878,0.021756,heldout,1.0,0.5,3.141592653589793,0
10879,0.021758,heldout,1.0,0.5,3.141592653589793,0
10880,0.02176,heldout,1.0,0.5,3.141592653589793,0
10881,0.021762,heldout,1.0,0.5,3.141592653589793,0
10882,0.021764,heldout,1.0,0.5,3.141592653589793,0
10883,0.021766,heldout,1.0,0.5,3.141592653589793,0
10884,0.021768,heldout,1.0,0.5,3.141592653589793,0
10885,0.02177,heldout,1.0,0.5,3.141592653589793,1
10886,0.021772000000000003,heldout,1.0,0.5,3.141592653589793,0
10887,0.021774,heldout,1.0,0.5,3.141592653589793,0
10888,0.021776,heldout,1.0,0.5,3.141592653589793,0
10889,0.021778,heldout,1.0,0.5,3.141592653589793,0
10890,0.02178,heldout,1.0,0.5,3.141592653589793,0
10891,0.021782,heldout,1.0,0.5,3.141592653589793,0
10892,0.021783999999999998,heldout,1.0,0.5,3.141592653589793,0
10893,0.021786,heldout,1.0,0.5,3.141592653589793,0
10894,0.021788000000000002,heldout,1.0,0.5,3.141592653589793,0
10895,0.02179,heldout,1.0,0.5,3.141592653589793,0
10896,0.021792000000000002,heldout,1.0,0.5,3.141592653589793,0
10897,0.021794,heldout,1.0,0.5,3.141592653589793,0
10898,0.021796,heldout,1.0,0.5,3.141592653589793,0
10899,0.021798,heldout,1.0,0.5,3.141592653589793,0
10900,0.0218,heldout,1.0,0.5,3.141592653589793,0
10901,0.021802,heldout,1.0,0.5,3.141592653589793,0
10902,0.021804,heldout,1.0,0.5,3.141592653589793,0
10903,0.021806000000000002,heldout,1.0,0.5,3.141592653589793,0
10904,0.021808,heldout,1.0,0.5,3.141592653589793,1
10905,0.02181,heldout,1.0,0.5,3.141592653589793,0
10906,0.021812,heldout,1.0,0.5,3.141592653589793,1
10907,0.021814,heldout,1.0,0.5,3.141592653589793,0
10908,0.021816,heldout,1.0,0.5,3.141592653589793,0
10909,0.021818,heldout,1.0,0.5,3.141592653589793,0
10910,0.02182,heldout,1.0,0.5,3.141592653589793,0
10911,0.021821999999999998,heldout,1.0,0.5,3.141592653589793,0
10912,0.021824000000000003,heldout,1.0,0.5,3.141592653589793,0
10913,0.021826,heldout,1.0,0.5,3.141592653589793,0
10914,0.021828,heldout,1.0,0.5,3.141592653589793,0
10915,0.021830000000000002,heldout,1.0,0.5,3.141592653589793,0
10916,0.021832,heldout,1.0,0.5,3.141592653589793,0
10917,0.021834,heldout,1.0,0.5,3.141592653589793,0
10918,0.021836,heldout,1.0,0.5,3.141592653589793,0
10919,0.021838,heldout,1.0,0.5,3.141592653589793,0
10920,0.02184,heldout,1.0,0.5,3.141592653589793,0
10921,0.021842,heldout,1.0,0.5,3.141592653589793,0
10922,0.021844000000000002,heldout,1.0,0.5,3.141592653589793,0
10923,0.021846,heldout,1.0,0.5,3.141592653589793,0
10924,0.021848,heldout,1.0,0.5,3.141592653589793,0
10925,0.02185,heldout,1.0,0.5,3.141592653589793,0
10926,0.021852,heldout,1.0,0.5,3.141592653589793,0
10927,0.021854,heldout,1.0,0.5,3.141592653589793,0
10928,0.021856,heldout,1.0,0.5,3.141592653589793,0
10929,0.021858,heldout,1.0,0.5,3.141592653589793,0
10930,0.02186,heldout,1.0,0.5,3.141592653589793,0
10931,0.021862000000000003,heldout,1.0,0.5,3.141592653589793,1
10932,0.021864,heldout,1.0,0.5,3.141592653589793,0
10933,0.021866,heldout,1.0,0.5,3.141592653589793,0
10934,0.021868000000000002,heldout,1.0,0.5,3.141592653589793,0
10935,0.02187,heldout,1.0,0.5,3.141592653589793,0
10936,0.021872,heldout,1.0,0.5,3.141592653589793,0
10937,0.021873999999999998,heldout,1.0,0.5,3.141592653589793,0
10938,0.021876,heldout,1.0,0.5,3.141592653589793,0
10939,0.021878,heldout,1.0,0.5,3.141592653589793,0
10940,0.02188,heldout,1.0,0.5,3.141592653589793,0
10941,0.021882000000000002,heldout,1.0,0.5,3.141592653589793,0
10942,0.021884,heldout,1.0,0.5,3.141592653589793,0
10943,0.021886,heldout,1.0,0.5,3.141592653589793,1
10944,0.021888,heldout,1.0,0.5,3.141592653589793,0
10945,0.02189,heldout,1.0,0.5,3.141592653589793,0
10946,0.021892,heldout,1.0,0.5,3.141592653589793,0
10947,0.021894,heldout,1.0,0.5,3.141592653589793,0
10948,0.021896000000000002,heldout,1.0,0.5,3.141592653589793,1
10949,0.021898,heldout,1.0,0.5,3.141592653589793,0
10950,0.021900000000000003,heldout,1.0,0.5,3.141592653589793,0
10951,0.021902,heldout,1.0,0.5,3.141592653589793,1
10952,0.021904,heldout,1.0,0.5,3.141592653589793,0
10953,0.021906,heldout,1.0,0.5,3.141592653589793,0
10954,0.021908,heldout,1.0,0.5,3.141592653589793,0
10955,0.02191,heldout,1.0,0.5,3.141592653589793,0
10956,0.021911999999999997,heldout,1.0,0.5,3.141592653589793,1
10957,0.021914000000000003,heldout,1.0,0.5,3.141592653589793,1
10958,0.021916,heldout,1.0,0.5,3.141592653589793,0
10959,0.021918,heldout,1.0,0.5,3.141592653589793,0
10960,0.021920000000000002,heldout,1.0,0.5,3.141592653589793,0
10961,0.021922,heldout,1.0,0.5,3.141592653589793,0
10962,0.021924,heldout,1.0,0.5,3.141592653589793,0
10963,0.021926,heldout,1.0,0.5,3.141592653589793,0
10964,0.021928,heldout,1.0,0.5,3.141592653589793,0
10965,0.021929999999999998,heldout,1.0,0.5,3.141592653589793,0
10966,0.021932000000000004,heldout,1.0,0.5,3.141592653589793,1
10967,0.021934000000000002,heldout,1.0,0.5,3.141592653589793,0
10968,0.021936,heldout,1.0,0.5,3.141592653589793,0
10969,0.021938,heldout,1.0,0.5,3.141592653589793,1
10970,0.02194,heldout,1.0,0.5,3.141592653589793,0
10971,0.021942,heldout,1.0,0.5,3.141592653589793,0
10972,0.021943999999999998,heldout,1.0,0.5,3.141592653589793,0
10973,0.021946,heldout,1.0,0.5,3.141592653589793,0
10974,0.021948,heldout,1.0,0.5,3.141592653589793,1
10975,0.02195,heldout,1.0,0.5,3.141592653589793,0
10976,0.021952000000000003,heldout,1.0,0.5,3.141592653589793,0
10977,0.021954,heldout,1.0,0.5,3.141592653589793,0
10978,0.021956,heldout,1.0,0.5,3.141592653589793,0
10979,0.021958000000000002,heldout,1.0,0.5,3.141592653589793,1
10980,0.02196,heldout,1.0,0.5,3.141592653589793,0
10981,0.021962,heldout,1.0,0.5,3.141592653589793,1
10982,0.021964,heldout,1.0,0.5,3.141592653589793,1
10983,0.021966,heldout,1.0,0.5,3.141592653589793,1
10984,0.021968,heldout,1.0,0.5,3.141592653589793,0
10985,0.02197,heldout,1.0,0.5,3.141592653589793,0
10986,0.021972000000000002,heldout,1.0,0.5,3.141592653589793,1
10987,0.021974,heldout,1.0,0.5,3.141592653589793,1
10988,0.021976,heldout,1.0,0.5,3.141592653589793,0
10989,0.021978,heldout,1.0,0.5,3.141592653589793,0
10990,0.02198,heldout,1.0,0.5,3.141592653589793,0
10991,0.021981999999999998,heldout,1.0,0.5,3.141592653589793,0
10992,0.021984,heldout,1.0,0.5,3.141592653589793,1
10993,0.021986000000000002,heldout,1.0,0.5,3.141592653589793,0
10994,0.021988,heldout,1.0,0.5,3.141592653589793,0
10995,0.021990000000000003,heldout,1.0,0.5,3.141592653589793,0
10996,0.021992,heldout,1.0,0.5,3.141592653589793,0
10997,0.021994,heldout,1.0,0.5,3.141592653589793,0
10998,0.021996,heldout,1.0,0.5,3.141592653589793,0
10999,0.021998,heldout,1.0,0.5,3.141592653589793,1
11000,0.022,heldout,1.0,0.5,3.141592653589793,0
11001,0.022001999999999997,heldout,1.0,0.5,3.141592653589793,0
11002,0.022004000000000003,heldout,1.0,0.5,3.141592653589793,1
11003,0.022006,heldout,1.0,0.5,3.141592653589793,0
11004,0.022008,heldout,1.0,0.5,3.141592653589793,1
11005,0.022010000000000002,heldout,1.0,0.5,3.141592653589793,0
11006,0.022012,heldout,1.0,0.5,3.141592653589793,0
11007,0.022014,heldout,1.0,0.5,3.141592653589793,0
11008,0.022016,heldout,1.0,0.5,3.141592653589793,0
11009,0.022018,heldout,1.0,0.5,3.141592653589793,0
11010,0.022019999999999998,heldout,1.0,0.5,3.141592653589793,0
11011,0.022022000000000003,heldout,1.0,0.5,3.141592653589793,0
11012,0.022024000000000002,heldout,1.0,0.5,3.141592653589793,0
11013,0.022026,heldout,1.0,0.5,3.141592653589793,0
11014,0.022028,heldout,1.0,0.5,3.141592653589793,0
11015,0.02203,heldout,1.0,0.5,3.141592653589793,0
11016,0.022032,heldout,1.0,0.5,3.141592653589793,0
11017,0.022033999999999998,heldout,1.0,0.5,3.141592653589793,0
11018,0.022036,heldout,1.0,0.5,3.141592653589793,0
11019,0.022038,heldout,1.0,0.5,3.141592653589793,0
11020,0.02204,heldout,1.0,0.5,3.141592653589793,0
11021,0.022042000000000003,heldout,1.0,0.5,3.141592653589793,0
11022,0.022044,heldout,1.0,0.5,3.141592653589793,0
11023,0.022046,heldout,1.0,0.5,3.141592653589793,0
11024,0.022048,heldout,1.0,0.5,3.141592653589793,0
11025,0.02205,heldout,1.0,0.5,3.141592653589793,0
11026,0.022052,heldout,1.0,0.5,3.141592653589793,0
11027,0.022054,heldout,1.0,0.5,3.141592653589793,1
11028,0.022056,heldout,1.0,0.5,3.141592653589793,0
11029,0.022058,heldout,1.0,0.5,3.141592653589793,0
11030,0.02206,heldout,1.0,0.5,3.141592653589793,0
11031,0.022062000000000002,heldout,1.0,0.5,3.141592653589793,0
11032,0.022064,heldout,1.0,0.5,3.141592653589793,1
11033,0.022066,heldout,1.0,0.5,3.141592653589793,0
11034,0.022068,heldout,1.0,0.5,3.141592653589793,0
11035,0.02207,heldout,1.0,0.5,3.141592653589793,0
11036,0.022071999999999998,heldout,1.0,0.5,3.141592653589793,0
11037,0.022074000000000003,heldout,1.0,0.5,3.141592653589793,0
11038,0.022076000000000002,heldout,1.0,0.5,3.141592653589793,1
11039,0.022078,heldout,1.0,0.5,3.141592653589793,0
11040,0.022080000000000002,heldout,1.0,0.5,3.141592653589793,1
11041,0.022082,heldout,1.0,0.5,3.141592653589793,0
11042,0.022084,heldout,1.0,0.5,3.141592653589793,0
11043,0.022086,heldout,1.0,0.5,3.141592653589793,1
11044,0.022088,heldout,1.0,0.5,3.141592653589793,0
11045,0.02209,heldout,1.0,0.5,3.141592653589793,0
11046,0.022091999999999997,heldout,1.0,0.5,3.141592653589793,0
11047,0.022094000000000003,heldout,1.0,0.5,3.141592653589793,0
11048,0.022096,heldout,1.0,0.5,3.141592653589793,0
11049,0.022098,heldout,1.0,0.5,3.141592653589793,0
11050,0.0221,heldout,1.0,0.5,3.141592653589793,0
11051,0.022102,heldout,1.0,0.5,3.141592653589793,1
11052,0.022104,heldout,1.0,0.5,3.141592653589793,0
11053,0.022106,heldout,1.0,0.5,3.141592653589793,0
11054,0.022108,heldout,1.0,0.5,3.141592653589793,1
11055,0.022109999999999998,heldout,1.0,0.5,3.141592653589793,1
11056,0.022112000000000003,heldout,1.0,0.5,3.141592653589793,0
11057,0.022114,heldout,1.0,0.5,3.141592653589793,0
11058,0.022116,heldout,1.0,0.5,3.141592653589793,0
11059,0.022118000000000002,heldout,1.0,0.5,3.141592653589793,1
11060,0.02212,heldout,1.0,0.5,3.141592653589793,0
11061,0.022122,heldout,1.0,0.5,3.141592653589793,0
11062,0.022123999999999998,heldout,1.0,0.5,3.141592653589793,0
11063,0.022126,heldout,1.0,0.5,3.141592653589793,1
11064,0.022128000000000002,heldout,1.0,0.5,3.141592653589793,1
11065,0.02213,heldout,1.0,0.5,3.141592653589793,0
11066,0.022132000000000002,heldout,1.0,0.5,3.141592653589793,1
11067,0.022134,heldout,1.0,0.5,3.141592653589793,0
11068,0.022136,heldout,1.0,0.5,3.141592653589793,0
11069,0.022138,heldout,1.0,0.5,3.141592653589793,0
11070,0.02214,heldout,1.0,0.5,3.141592653589793,1
11071,0.022142,heldout,1.0,0.5,3.141592653589793,0
11072,0.022144,heldout,1.0,0.5,3.141592653589793,1
11073,0.022146000000000002,heldout,1.0,0.5,3.141592653589793,1
11074,0.022148,heldout,1.0,0.5,3.141592653589793,0
11075,0.022150000000000003,heldout,1.0,0.5,3.141592653589793,0
11076,0.022152,heldout,1.0,0.5,3.141592653589793,0
11077,0.022154,heldout,1.0,0.5,3.141592653589793,0
11078,0.022156,heldout,1.0,0.5,3.141592653589793,1
11079,0.022158,heldout,1.0,0.5,3.141592653589793,0
11080,0.02216,heldout,1.0,0.5,3.141592653589793,0
11081,0.022161999999999998,heldout,1.0,0.5,3.141592653589793,0
11082,0.022164000000000003,heldout,1.0,0.5,3.141592653589793,0
11083,0.022166,heldout,1.0,0.5,3.141592653589793,0
11084,0.022168,heldout,1.0,0.5,3.141592653589793,0
11085,0.022170000000000002,heldout,1.0,0.5,3.141592653589793,0
11086,0.022172,heldout,1.0,0.5,3.141592653589793,0
11087,0.022174,heldout,1.0,0.5,3.141592653589793,0
11088,0.022176,heldout,1.0,0.5,3.141592653589793,0
11089,0.022178,heldout,1.0,0.5,3.141592653589793,0
11090,0.02218,heldout,1.0,0.5,3.141592653589793,0
11091,0.022182000000000004,heldout,1.0,0.5,3.141592653589793,0
11092,0.022184000000000002,heldout,1.0,0.5,3.141592653589793,0
11093,0.022186,heldout,1.0,0.5,3.141592653589793,0
11094,0.022188,heldout,1.0,0.5,3.141592653589793,0
11095,0.02219,heldout,1.0,0.5,3.141592653589793,0
11096,0.022192,heldout,1.0,0.5,3.141592653589793,0
11097,0.022194,heldout,1.0,0.5,3.141592653589793,0
11098,0.022196,heldout,1.0,0.5,3.141592653589793,1
11099,0.022198,heldout,1.0,0.5,3.141592653589793,0
11100,0.0222,heldout,1.0,0.5,3.9269908169872414,0
11101,0.022202000000000003,heldout,1.0,0.5,3.9269908169872414,0
11102,0.022204,heldout,1.0,0.5,3.9269908169872414,1
11103,0.022206,heldout,1.0,0.5,3.9269908169872414,0
11104,0.022208000000000002,heldout,1.0,0.5,3.9269908169872414,0
11105,0.02221,heldout,1.0,0.5,3.9269908169872414,1
11106,0.022212,heldout,1.0,0.5,3.9269908169872414,0
11107,0.022214,heldout,1.0,0.5,3.9269908169872414,0
11108,0.022216,heldout,1.0,0.5,3.9269908169872414,1
11109,0.022218,heldout,1.0,0.5,3.9269908169872414,0
11110,0.02222,heldout,1.0,0.5,3.9269908169872414,1
11111,0.022222000000000002,heldout,1.0,0.5,3.9269908169872414,1
11112,0.022224,heldout,1.0,0.5,3.9269908169872414,0
11113,0.022226,heldout,1.0,0.5,3.9269908169872414,0
11114,0.022228,heldout,1.0,0.5,3.9269908169872414,1
11115,0.02223,heldout,1.0,0.5,3.9269908169872414,1
11116,0.022232,heldout,1.0,0.5,3.9269908169872414,0
11117,0.022234,heldout,1.0,0.5,3.9269908169872414,0
11118,0.022236000000000002,heldout,1.0,0.5,3.9269908169872414,1
11119,0.022238,heldout,1.0,0.5,3.9269908169872414,0
11120,0.022240000000000003,heldout,1.0,0.5,3.9269908169872414,0
11121,0.022242,heldout,1.0,0.5,3.9269908169872414,1
11122,0.022244,heldout,1.0,0.5,3.9269908169872414,0
11123,0.022246000000000002,heldout,1.0,0.5,3.9269908169872414,0
11124,0.022248,heldout,1.0,0.5,3.9269908169872414,1
11125,0.02225,heldout,1.0,0.5,3.9269908169872414,1
11126,0.022251999999999997,heldout,1.0,0.5,3.9269908169872414,1
11127,0.022254000000000003,heldout,1.0,0.5,3.9269908169872414,0
11128,0.022256,heldout,1.0,0.5,3.9269908169872414,1
11129,0.022258,heldout,1.0,0.5,3.9269908169872414,0
11130,0.022260000000000002,heldout,1.0,0.5,3.9269908169872414,0
11131,0.022262,heldout,1.0,0.5,3.9269908169872414,1
11132,0.022264,heldout,1.0,0.5,3.9269908169872414,0
11133,0.022266,heldout,1.0,0.5,3.9269908169872414,0
11134,0.022268,heldout,1.0,0.5,3.9269908169872414,0
11135,0.022269999999999998,heldout,1.0,0.5,3.9269908169872414,1
11136,0.022272000000000004,heldout,1.0,0.5,3.9269908169872414,0
11137,0.022274000000000002,heldout,1.0,0.5,3.9269908169872414,0
11138,0.022276,heldout,1.0,0.5,3.9269908169872414,1
11139,0.022278,heldout,1.0,0.5,3.9269908169872414,0
11140,0.02228,heldout,1.0,0.5,3.9269908169872414,0
11141,0.022282,heldout,1.0,0.5,3.9269908169872414,1
11142,0.022283999999999998,heldout,1.0,0.5,3.9269908169872414,0
11143,0.022286,heldout,1.0,0.5,3.9269908169872414,1
11144,0.022288,heldout,1.0,0.5,3.9269908169872414,0
11145,0.02229,heldout,1.0,0.5,3.9269908169872414,0
11146,0.022292000000000003,heldout,1.0,0.5,3.9269908169872414,0
11147,0.022294,heldout,1.0,0.5,3.9269908169872414,0
11148,0.022296,heldout,1.0,0.5,3.9269908169872414,0
11149,0.022298000000000002,heldout,1.0,0.5,3.9269908169872414,1
11150,0.0223,heldout,1.0,0.5,3.9269908169872414,0
11151,0.022302,heldout,1.0,0.5,3.9269908169872414,0
11152,0.022304,heldout,1.0,0.5,3.9269908169872414,0
11153,0.022306,heldout,1.0,0.5,3.9269908169872414,1
11154,0.022308,heldout,1.0,0.5,3.9269908169872414,0
11155,0.02231,heldout,1.0,0.5,3.9269908169872414,0
11156,0.022312000000000002,heldout,1.0,0.5,3.9269908169872414,0
11157,0.022314,heldout,1.0,0.5,3.9269908169872414,0
11158,0.022316,heldout,1.0,0.5,3.9269908169872414,0
11159,0.022318,heldout,1.0,0.5,3.9269908169872414,0
11160,0.02232,heldout,1.0,0.5,3.9269908169872414,1
11161,0.022321999999999998,heldout,1.0,0.5,3.9269908169872414,0
11162,0.022324,heldout,1.0,0.5,3.9269908169872414,1
11163,0.022326000000000002,heldout,1.0,0.5,3.9269908169872414,0
11164,0.022328,heldout,1.0,0.5,3.9269908169872414,0
11165,0.022330000000000003,heldout,1.0,0.5,3.9269908169872414,0
11166,0.022332,heldout,1.0,0.5,3.9269908169872414,0
11167,0.022334,heldout,1.0,0.5,3.9269908169872414,0
11168,0.022336,heldout,1.0,0.5,3.9269908169872414,0
11169,0.022338,heldout,1.0,0.5,3.9269908169872414,0
11170,0.02234,heldout,1.0,0.5,3.9269908169872414,1
11171,0.022341999999999997,heldout,1.0,0.5,3.9269908169872414,1
11172,0.022344000000000003,heldout,1.0,0.5,3.9269908169872414,1
11173,0.022346,heldout,1.0,0.5,3.9269908169872414,0
11174,0.022348,heldout,1.0,0.5,3.9269908169872414,1
11175,0.022350000000000002,heldout,1.0,0.5,3.9269908169872414,0
11176,0.022352,heldout,1.0,0.5,3.9269908169872414,0
11177,0.022354,heldout,1.0,0.5,3.9269908169872414,0
11178,0.022356,heldout,1.0,0.5,3.9269908169872414,0
11179,0.022358,heldout,1.0,0.5,3.9269908169872414,0
11180,0.022359999999999998,heldout,1.0,0.5,3.9269908169872414,1
11181,0.022362000000000003,heldout,1.0,0.5,3.9269908169872414,0
11182,0.022364000000000002,heldout,1.0,0.5,3.9269908169872414,0
11183,0.022366,heldout,1.0,0.5,3.9269908169872414,0
11184,0.022368000000000002,heldout,1.0,0.5,3.9269908169872414,1
11185,0.02237,heldout,1.0,0.5,3.9269908169872414,0
11186,0.022372,heldout,1.0,0.5,3.9269908169872414,1
11187,0.022373999999999998,heldout,1.0,0.5,3.9269908169872414,0
11188,0.022376,heldout,1.0,0.5,3.9269908169872414,0
11189,0.022378,heldout,1.0,0.5,3.9269908169872414,0
11190,0.02238,heldout,1.0,0.5,3.9269908169872414,1
11191,0.022382000000000003,heldout,1.0,0.5,3.9269908169872414,1
11192,0.022384,heldout,1.0,0.5,3.9269908169872414,1
11193,0.022386,heldout,1.0,0.5,3.9269908169872414,0
11194,0.022388,heldout,1.0,0.5,3.9269908169872414,0
11195,0.02239,heldout,1.0,0.5,3.9269908169872414,1
11196,0.022392,heldout,1.0,0.5,3.9269908169872414,0
11197,0.022394,heldout,1.0,0.5,3.9269908169872414,1
11198,0.022396,heldout,1.0,0.5,3.9269908169872414,0
11199,0.022398,heldout,1.0,0.5,3.9269908169872414,0
11200,0.022400000000000003,heldout,1.0,0.5,3.9269908169872414,1
11201,0.022402000000000002,heldout,1.0,0.5,3.9269908169872414,0
11202,0.022404,heldout,1.0,0.5,3.9269908169872414,0
11203,0.022406,heldout,1.0,0.5,3.9269908169872414,0
11204,0.022408,heldout,1.0,0.5,3.9269908169872414,1
11205,0.02241,heldout,1.0,0.5,3.9269908169872414,0
11206,0.022411999999999998,heldout,1.0,0.5,3.9269908169872414,1
11207,0.022414,heldout,1.0,0.5,3.9269908169872414,0
11208,0.022416000000000002,heldout,1.0,0.5,3.9269908169872414,0
11209,0.022418,heldout,1.0,0.5,3.9269908169872414,0
11210,0.022420000000000002,heldout,1.0,0.5,3.9269908169872414,0
11211,0.022422,heldout,1.0,0.5,3.9269908169872414,1
11212,0.022424,heldout,1.0,0.5,3.9269908169872414,1
11213,0.022426,heldout,1.0,0.5,3.9269908169872414,0
11214,0.022428,heldout,1.0,0.5,3.9269908169872414,0
11215,0.02243,heldout,1.0,0.5,3.9269908169872414,0
11216,0.022432,heldout,1.0,0.5,3.9269908169872414,0
11217,0.022434000000000003,heldout,1.0,0.5,3.9269908169872414,0
11218,0.022436,heldout,1.0,0.5,3.9269908169872414,0
11219,0.022438,heldout,1.0,0.5,3.9269908169872414,0
11220,0.02244,heldout,1.0,0.5,3.9269908169872414,0
11221,0.022442,heldout,1.0,0.5,3.9269908169872414,0
11222,0.022444,heldout,1.0,0.5,3.9269908169872414,0
11223,0.022446,heldout,1.0,0.5,3.9269908169872414,0
11224,0.022448,heldout,1.0,0.5,3.9269908169872414,0
11225,0.022449999999999998,heldout,1.0,0.5,3.9269908169872414,1
11226,0.022452000000000003,heldout,1.0,0.5,3.9269908169872414,0
11227,0.022454000000000002,heldout,1.0,0.5,3.9269908169872414,0
11228,0.022456,heldout,1.0,0.5,3.9269908169872414,0
11229,0.022458000000000002,heldout,1.0,0.5,3.9269908169872414,1
11230,0.02246,heldout,1.0,0.5,3.9269908169872414,0
11231,0.022462,heldout,1.0,0.5,3.9269908169872414,1
11232,0.022464,heldout,1.0,0.5,3.9269908169872414,0
11233,0.022466,heldout,1.0,0.5,3.9269908169872414,1
11234,0.022468,heldout,1.0,0.5,3.9269908169872414,0
11235,0.02247,heldout,1.0,0.5,3.9269908169872414,0
11236,0.022472000000000002,heldout,1.0,0.5,3.9269908169872414,1
11237,0.022474,heldout,1.0,0.5,3.9269908169872414,0
11238,0.022476,heldout,1.0,0.5,3.9269908169872414,0
11239,0.022478,heldout,1.0,0.5,3.9269908169872414,0
11240,0.02248,heldout,1.0,0.5,3.9269908169872414,0
11241,0.022482,heldout,1.0,0.5,3.9269908169872414,0
11242,0.022484,heldout,1.0,0.5,3.9269908169872414,1
11243,0.022486,heldout,1.0,0.5,3.9269908169872414,1
11244,0.022488,heldout,1.0,0.5,3.9269908169872414,0
11245,0.022490000000000003,heldout,1.0,0.5,3.9269908169872414,0
11246,0.022492,heldout,1.0,0.5,3.9269908169872414,0
11247,0.022494,heldout,1.0,0.5,3.9269908169872414,0
11248,0.022496000000000002,heldout,1.0,0.5,3.9269908169872414,0
11249,0.022498,heldout,1.0,0.5,3.9269908169872414,1
11250,0.0225,heldout,1.0,0.5,3.9269908169872414,0
11251,0.022501999999999998,heldout,1.0,0.5,3.9269908169872414,1
11252,0.022504,heldout,1.0,0.5,3.9269908169872414,0
11253,0.022506,heldout,1.0,0.5,3.9269908169872414,0
11254,0.022508,heldout,1.0,0.5,3.9269908169872414,1
11255,0.022510000000000002,heldout,1.0,0.5,3.9269908169872414,0
11256,0.022512,heldout,1.0,0.5,3.9269908169872414,0
11257,0.022514,heldout,1.0,0.5,3.9269908169872414,0
11258,0.022516,heldout,1.0,0.5,3.9269908169872414,1
11259,0.022518,heldout,1.0,0.5,3.9269908169872414,1
11260,0.02252,heldout,1.0,0.5,3.9269908169872414,1
11261,0.022522,heldout,1.0,0.5,3.9269908169872414,0
11262,0.022524000000000002,heldout,1.0,0.5,3.9269908169872414,1
11263,0.022526,heldout,1.0,0.5,3.9269908169872414,0
11264,0.022528,heldout,1.0,0.5,3.9269908169872414,1
11265,0.02253,heldout,1.0,0.5,3.9269908169872414,0
11266,0.022532,heldout,1.0,0.5,3.9269908169872414,0
11267,0.022534,heldout,1.0,0.5,3.9269908169872414,0
11268,0.022536,heldout,1.0,0.5,3.9269908169872414,0
11269,0.022538,heldout,1.0,0.5,3.9269908169872414,0
11270,0.022539999999999998,heldout,1.0,0.5,3.9269908169872414,0
11271,0.022542000000000003,heldout,1.0,0.5,3.9269908169872414,0
11272,0.022544,heldout,1.0,0.5,3.9269908169872414,0
11273,0.022546,heldout,1.0,0.5,3.9269908169872414,1
11274,0.022548000000000002,heldout,1.0,0.5,3.9269908169872414,0
11275,0.02255,heldout,1.0,0.5,3.9269908169872414,0
11276,0.022552,heldout,1.0,0.5,3.9269908169872414,1
11277,0.022554,heldout,1.0,0.5,3.9269908169872414,0
11278,0.022556,heldout,1.0,0.5,3.9269908169872414,1
11279,0.022557999999999998,heldout,1.0,0.5,3.9269908169872414,0
11280,0.02256,heldout,1.0,0.5,3.9269908169872414,0
11281,0.022562000000000002,heldout,1.0,0.5,3.9269908169872414,0
11282,0.022564,heldout,1.0,0.5,3.9269908169872414,1
11283,0.022566,heldout,1.0,0.5,3.9269908169872414,0
11284,0.022568,heldout,1.0,0.5,3.9269908169872414,0
11285,0.02257,heldout,1.0,0.5,3.9269908169872414,0
11286,0.022572,heldout,1.0,0.5,3.9269908169872414,0
11287,0.022574,heldout,1.0,0.5,3.9269908169872414,1
11288,0.022576,heldout,1.0,0.5,3.9269908169872414,0
11289,0.022578,heldout,1.0,0.5,3.9269908169872414,0
11290,0.022580000000000003,heldout,1.0,0.5,3.9269908169872414,1
11291,0.022582,heldout,1.0,0.5,3.9269908169872414,0
11292,0.022584,heldout,1.0,0.5,3.9269908169872414,0
11293,0.022586000000000002,heldout,1.0,0.5,3.9269908169872414,1
11294,0.022588,heldout,1.0,0.5,3.9269908169872414,1
11295,0.02259,heldout,1.0,0.5,3.9269908169872414,0
11296,0.022591999999999998,heldout,1.0,0.5,3.9269908169872414,1
11297,0.022594,heldout,1.0,0.5,3.9269908169872414,0
11298,0.022596,heldout,1.0,0.5,3.9269908169872414,0
11299,0.022598,heldout,1.0,0.5,3.9269908169872414,1
11300,0.022600000000000002,heldout,1.0,0.5,3.9269908169872414,1
11301,0.022602,heldout,1.0,0.5,3.9269908169872414,1
11302,0.022604,heldout,1.0,0.5,3.9269908169872414,0
11303,0.022606,heldout,1.0,0.5,3.9269908169872414,0
11304,0.022608,heldout,1.0,0.5,3.9269908169872414,1
11305,0.022609999999999998,heldout,1.0,0.5,3.9269908169872414,0
11306,0.022612,heldout,1.0,0.5,3.9269908169872414,1
11307,0.022614000000000002,heldout,1.0,0.5,3.9269908169872414,0
11308,0.022616,heldout,1.0,0.5,3.9269908169872414,0
11309,0.022618000000000003,heldout,1.0,0.5,3.9269908169872414,1
11310,0.02262,heldout,1.0,0.5,3.9269908169872414,0
11311,0.022622,heldout,1.0,0.5,3.9269908169872414,0
11312,0.022624,heldout,1.0,0.5,3.9269908169872414,0
11313,0.022626,heldout,1.0,0.5,3.9269908169872414,1
11314,0.022628,heldout,1.0,0.5,3.9269908169872414,0
11315,0.022629999999999997,heldout,1.0,0.5,3.9269908169872414,0
11316,0.022632000000000003,heldout,1.0,0.5,3.9269908169872414,0
11317,0.022634,heldout,1.0,0.5,3.9269908169872414,0
11318,0.022636,heldout,1.0,0.5,3.9269908169872414,0
11319,0.022638000000000002,heldout,1.0,0.5,3.9269908169872414,1
11320,0.02264,heldout,1.0,0.5,3.9269908169872414,1
11321,0.022642,heldout,1.0,0.5,3.9269908169872414,1
11322,0.022644,heldout,1.0,0.5,3.9269908169872414,0
11323,0.022646,heldout,1.0,0.5,3.9269908169872414,0
11324,0.022647999999999998,heldout,1.0,0.5,3.9269908169872414,0
11325,0.022650000000000003,heldout,1.0,0.5,3.9269908169872414,0
11326,0.022652000000000002,heldout,1.0,0.5,3.9269908169872414,0
11327,0.022654,heldout,1.0,0.5,3.9269908169872414,0
11328,0.022656,heldout,1.0,0.5,3.9269908169872414,0
11329,0.022658,heldout,1.0,0.5,3.9269908169872414,0
11330,0.02266,heldout,1.0,0.5,3.9269908169872414,0
11331,0.022661999999999998,heldout,1.0,0.5,3.9269908169872414,0
11332,0.022664,heldout,1.0,0.5,3.9269908169872414,0
11333,0.022666,heldout,1.0,0.5,3.9269908169872414,0
11334,0.022668,heldout,1.0,0.5,3.9269908169872414,0
11335,0.022670000000000003,heldout,1.0,0.5,3.9269908169872414,0
11336,0.022672,heldout,1.0,0.5,3.9269908169872414,0
11337,0.022674,heldout,1.0,0.5,3.9269908169872414,0
11338,0.022676,heldout,1.0,0.5,3.9269908169872414,0
11339,0.022678,heldout,1.0,0.5,3.9269908169872414,0
11340,0.02268,heldout,1.0,0.5,3.9269908169872414,1
11341,0.022682,heldout,1.0,0.5,3.9269908169872414,0
11342,0.022684000000000003,heldout,1.0,0.5,3.9269908169872414,0
11343,0.022686,heldout,1.0,0.5,3.9269908169872414,0
11344,0.022688,heldout,1.0,0.5,3.9269908169872414,1
11345,0.022690000000000002,heldout,1.0,0.5,3.9269908169872414,0
11346,0.022692,heldout,1.0,0.5,3.9269908169872414,0
11347,0.022694,heldout,1.0,0.5,3.9269908169872414,0
11348,0.022696,heldout,1.0,0.5,3.9269908169872414,0
11349,0.022698,heldout,1.0,0.5,3.9269908169872414,1
11350,0.022699999999999998,heldout,1.0,0.5,3.9269908169872414,1
11351,0.022702000000000003,heldout,1.0,0.5,3.9269908169872414,0
11352,0.022704000000000002,heldout,1.0,0.5,3.9269908169872414,0
11353,0.022706,heldout,1.0,0.5,3.9269908169872414,1
11354,0.022708000000000002,heldout,1.0,0.5,3.9269908169872414,0
11355,0.02271,heldout,1.0,0.5,3.9269908169872414,0
11356,0.022712,heldout,1.0,0.5,3.9269908169872414,1
11357,0.022714,heldout,1.0,0.5,3.9269908169872414,0
11358,0.022716,heldout,1.0,0.5,3.9269908169872414,0
11359,0.022718,heldout,1.0,0.5,3.9269908169872414,0
11360,0.022719999999999997,heldout,1.0,0.5,3.9269908169872414,0
11361,0.022722000000000003,heldout,1.0,0.5,3.9269908169872414,0
11362,0.022724,heldout,1.0,0.5,3.9269908169872414,0
11363,0.022726,heldout,1.0,0.5,3.9269908169872414,0
11364,0.022728,heldout,1.0,0.5,3.9269908169872414,0
11365,0.02273,heldout,1.0,0.5,3.9269908169872414,0
11366,0.022732,heldout,1.0,0.5,3.9269908169872414,0
11367,0.022734,heldout,1.0,0.5,3.9269908169872414,0
11368,0.022736,heldout,1.0,0.5,3.9269908169872414,0
11369,0.022738,heldout,1.0,0.5,3.9269908169872414,1
11370,0.022740000000000003,heldout,1.0,0.5,3.9269908169872414,0
11371,0.022742000000000002,heldout,1.0,0.5,3.9269908169872414,0
11372,0.022744,heldout,1.0,0.5,3.9269908169872414,0
11373,0.022746000000000002,heldout,1.0,0.5,3.9269908169872414,0
11374,0.022748,heldout,1.0,0.5,3.9269908169872414,0
11375,0.02275,heldout,1.0,0.5,3.9269908169872414,0
11376,0.022751999999999998,heldout,1.0,0.5,3.9269908169872414,0
11377,0.022754,heldout,1.0,0.5,3.9269908169872414,1
11378,0.022756000000000002,heldout,1.0,0.5,3.9269908169872414,0
11379,0.022758,heldout,1.0,0.5,3.9269908169872414,1
11380,0.022760000000000002,heldout,1.0,0.5,3.9269908169872414,0
11381,0.022762,heldout,1.0,0.5,3.9269908169872414,0
11382,0.022764,heldout,1.0,0.5,3.9269908169872414,0
11383,0.022766,heldout,1.0,0.5,3.9269908169872414,0
11384,0.022768,heldout,1.0,0.5,3.9269908169872414,0
11385,0.02277,heldout,1.0,0.5,3.9269908169872414,0
11386,0.022772,heldout,1.0,0.5,3.9269908169872414,0
11387,0.022774000000000003,heldout,1.0,0.5,3.9269908169872414,0
11388,0.022776,heldout,1.0,0.5,3.9269908169872414,0
11389,0.022778000000000003,heldout,1.0,0.5,3.9269908169872414,0
11390,0.02278,heldout,1.0,0.5,3.9269908169872414,0
11391,0.022782,heldout,1.0,0.5,3.9269908169872414,0
11392,0.022784,heldout,1.0,0.5,3.9269908169872414,1
11393,0.022786,heldout,1.0,0.5,3.9269908169872414,1
11394,0.022788,heldout,1.0,0.5,3.9269908169872414,0
11395,0.022789999999999998,heldout,1.0,0.5,3.9269908169872414,0
11396,0.022792000000000003,heldout,1.0,0.5,3.9269908169872414,1
11397,0.022794000000000002,heldout,1.0,0.5,3.9269908169872414,0
11398,0.022796,heldout,1.0,0.5,3.9269908169872414,0
11399,0.022798000000000002,heldout,1.0,0.5,3.9269908169872414,0
11400,0.0228,heldout,1.0,0.5,4.71238898038469,1
11401,0.022802,heldout,1.0,0.5,4.71238898038469,0
11402,0.022804,heldout,1.0,0.5,4.71238898038469,1
11403,0.022806,heldout,1.0,0.5,4.71238898038469,1
11404,0.022808,heldout,1.0,0.5,4.71238898038469,0
11405,0.02281,heldout,1.0,0.5,4.71238898038469,1
11406,0.022812000000000002,heldout,1.0,0.5,4.71238898038469,0
11407,0.022814,heldout,1.0,0.5,4.71238898038469,0
11408,0.022816,heldout,1.0,0.5,4.71238898038469,1
11409,0.022818,heldout,1.0,0.5,4.71238898038469,0
11410,0.02282,heldout,1.0,0.5,4.71238898038469,0
11411,0.022822,heldout,1.0,0.5,4.71238898038469,1
11412,0.022824,heldout,1.0,0.5,4.71238898038469,0
11413,0.022826,heldout,1.0,0.5,4.71238898038469,0
11414,0.022828,heldout,1.0,0.5,4.71238898038469,1
11415,0.022830000000000003,heldout,1.0,0.5,4.71238898038469,1
11416,0.022832,heldout,1.0,0.5,4.71238898038469,0
11417,0.022834,heldout,1.0,0.5,4.71238898038469,1
11418,0.022836000000000002,heldout,1.0,0.5,4.71238898038469,1
11419,0.022838,heldout,1.0,0.5,4.71238898038469,0
11420,0.02284,heldout,1.0,0.5,4.71238898038469,1
11421,0.022841999999999998,heldout,1.0,0.5,4.71238898038469,0
11422,0.022844,heldout,1.0,0.5,4.71238898038469,0
11423,0.022846,heldout,1.0,0.5,4.71238898038469,1
11424,0.022848,heldout,1.0,0.5,4.71238898038469,1
11425,0.022850000000000002,heldout,1.0,0.5,4.71238898038469,0
11426,0.022852,heldout,1.0,0.5,4.71238898038469,1
11427,0.022854,heldout,1.0,0.5,4.71238898038469,0
11428,0.022856,heldout,1.0,0.5,4.71238898038469,1
11429,0.022858,heldout,1.0,0.5,4.71238898038469,1
11430,0.02286,heldout,1.0,0.5,4.71238898038469,0
11431,0.022862,heldout,1.0,0.5,4.71238898038469,1
11432,0.022864000000000002,heldout,1.0,0.5,4.71238898038469,1
11433,0.022866,heldout,1.0,0.5,4.71238898038469,1
11434,0.022868000000000003,heldout,1.0,0.5,4.71238898038469,0
11435,0.02287,heldout,1.0,0.5,4.71238898038469,1
11436,0.022872,heldout,1.0,0.5,4.71238898038469,0
11437,0.022874,heldout,1.0,0.5,4.71238898038469,1
11438,0.022876,heldout,1.0,0.5,4.71238898038469,0
11439,0.022878,heldout,1.0,0.5,4.71238898038469,0
11440,0.022879999999999998,heldout,1.0,0.5,4.71238898038469,0
11441,0.022882000000000003,heldout,1.0,0.5,4.71238898038469,0
11442,0.022884,heldout,1.0,0.5,4.71238898038469,0
11443,0.022886,heldout,1.0,0.5,4.71238898038469,0
11444,0.022888000000000002,heldout,1.0,0.5,4.71238898038469,1
11445,0.02289,heldout,1.0,0.5,4.71238898038469,1
11446,0.022892,heldout,1.0,0.5,4.71238898038469,1
11447,0.022894,heldout,1.0,0.5,4.71238898038469,0
11448,0.022896,heldout,1.0,0.5,4.71238898038469,1
11449,0.022897999999999998,heldout,1.0,0.5,4.71238898038469,1
11450,0.022900000000000004,heldout,1.0,0.5,4.71238898038469,1
11451,0.022902000000000002,heldout,1.0,0.5,4.71238898038469,1
11452,0.022904,heldout,1.0,0.5,4.71238898038469,1
11453,0.022906,heldout,1.0,0.5,4.71238898038469,1
11454,0.022908,heldout,1.0,0.5,4.71238898038469,0
11455,0.02291,heldout,1.0,0.5,4.71238898038469,0
11456,0.022912,heldout,1.0,0.5,4.71238898038469,1
11457,0.022914,heldout,1.0,0.5,4.71238898038469,0
11458,0.022916,heldout,1.0,0.5,4.71238898038469,1
11459,0.022918,heldout,1.0,0.5,4.71238898038469,0
11460,0.022920000000000003,heldout,1.0,0.5,4.71238898038469,1
11461,0.022922,heldout,1.0,0.5,4.71238898038469,0
11462,0.022924,heldout,1.0,0.5,4.71238898038469,0
11463,0.022926000000000002,heldout,1.0,0.5,4.71238898038469,0
11464,0.022928,heldout,1.0,0.5,4.71238898038469,1
11465,0.02293,heldout,1.0,0.5,4.71238898038469,1
11466,0.022932,heldout,1.0,0.5,4.71238898038469,0
11467,0.022934,heldout,1.0,0.5,4.71238898038469,1
11468,0.022936,heldout,1.0,0.5,4.71238898038469,1
11469,0.022938,heldout,1.0,0.5,4.71238898038469,1
11470,0.022940000000000002,heldout,1.0,0.5,4.71238898038469,0
11471,0.022942,heldout,1.0,0.5,4.71238898038469,1
11472,0.022944,heldout,1.0,0.5,4.71238898038469,1
11473,0.022946,heldout,1.0,0.5,4.71238898038469,0
11474,0.022948,heldout,1.0,0.5,4.71238898038469,1
11475,0.022949999999999998,heldout,1.0,0.5,4.71238898038469,1
11476,0.022952,heldout,1.0,0.5,4.71238898038469,0
11477,0.022954000000000002,heldout,1.0,0.5,4.71238898038469,1
11478,0.022956,heldout,1.0,0.5,4.71238898038469,1
11479,0.022958000000000003,heldout,1.0,0.5,4.71238898038469,1
11480,0.02296,heldout,1.0,0.5,4.71238898038469,1
11481,0.022962,heldout,1.0,0.5,4.71238898038469,1
11482,0.022964000000000002,heldout,1.0,0.5,4.71238898038469,0
11483,0.022966,heldout,1.0,0.5,4.71238898038469,1
11484,0.022968,heldout,1.0,0.5,4.71238898038469,1
11485,0.022969999999999997,heldout,1.0,0.5,4.71238898038469,1
11486,0.022972000000000003,heldout,1.0,0.5,4.71238898038469,0
11487,0.022974,heldout,1.0,0.5,4.71238898038469,1
11488,0.022976,heldout,1.0,0.5,4.71238898038469,1
11489,0.022978000000000002,heldout,1.0,0.5,4.71238898038469,0
11490,0.02298,heldout,1.0,0.5,4.71238898038469,0
11491,0.022982,heldout,1.0,0.5,4.71238898038469,0
11492,0.022984,heldout,1.0,0.5,4.71238898038469,1
11493,0.022986,heldout,1.0,0.5,4.71238898038469,0
11494,0.022987999999999998,heldout,1.0,0.5,4.71238898038469,1
11495,0.022990000000000003,heldout,1.0,0.5,4.71238898038469,1
11496,0.022992000000000002,heldout,1.0,0.5,4.71238898038469,1
11497,0.022994,heldout,1.0,0.5,4.71238898038469,1
11498,0.022996000000000003,heldout,1.0,0.5,4.71238898038469,1
11499,0.022998,heldout,1.0,0.5,4.71238898038469,1
11500,0.023,heldout,1.0,0.5,4.71238898038469,0
11501,0.023001999999999998,heldout,1.0,0.5,4.71238898038469,1
11502,0.023004,heldout,1.0,0.5,4.71238898038469,1
11503,0.023006,heldout,1.0,0.5,4.71238898038469,0
11504,0.023008,heldout,1.0,0.5,4.71238898038469,1
11505,0.023010000000000003,heldout,1.0,0.5,4.71238898038469,0
11506,0.023012,heldout,1.0,0.5,4.71238898038469,0
11507,0.023014,heldout,1.0,0.5,4.71238898038469,0
11508,0.023016000000000002,heldout,1.0,0.5,4.71238898038469,1
11509,0.023018,heldout,1.0,0.5,4.71238898038469,0
11510,0.02302,heldout,1.0,0.5,4.71238898038469,0
11511,0.023022,heldout,1.0,0.5,4.71238898038469,0
11512,0.023024,heldout,1.0,0.5,4.71238898038469,0
11513,0.023026,heldout,1.0,0.5,4.71238898038469,1
11514,0.023028000000000003,heldout,1.0,0.5,4.71238898038469,0
11515,0.023030000000000002,heldout,1.0,0.5,4.71238898038469,0
11516,0.023032,heldout,1.0,0.5,4.71238898038469,0
11517,0.023034,heldout,1.0,0.5,4.71238898038469,1
11518,0.023036,heldout,1.0,0.5,4.71238898038469,0
11519,0.023038,heldout,1.0,0.5,4.71238898038469,1
11520,0.023039999999999998,heldout,1.0,0.5,4.71238898038469,0
11521,0.023042,heldout,1.0,0.5,4.71238898038469,1
11522,0.023044000000000002,heldout,1.0,0.5,4.71238898038469,0
11523,0.023046,heldout,1.0,0.5,4.71238898038469,0
11524,0.023048000000000003,heldout,1.0,0.5,4.71238898038469,1
11525,0.02305,heldout,1.0,0.5,4.71238898038469,0
11526,0.023052,heldout,1.0,0.5,4.71238898038469,1
11527,0.023054,heldout,1.0,0.5,4.71238898038469,0
11528,0.023056,heldout,1.0,0.5,4.71238898038469,0
11529,0.023058,heldout,1.0,0.5,4.71238898038469,1
11530,0.023059999999999997,heldout,1.0,0.5,4.71238898038469,0
11531,0.023062000000000003,heldout,1.0,0.5,4.71238898038469,1
11532,0.023064,heldout,1.0,0.5,4.71238898038469,1
11533,0.023066,heldout,1.0,0.5,4.71238898038469,0
11534,0.023068,heldout,1.0,0.5,4.71238898038469,0
11535,0.02307,heldout,1.0,0.5,4.71238898038469,1
11536,0.023072,heldout,1.0,0.5,4.71238898038469,0
11537,0.023074,heldout,1.0,0.5,4.71238898038469,0
11538,0.023076,heldout,1.0,0.5,4.71238898038469,0
11539,0.023077999999999998,heldout,1.0,0.5,4.71238898038469,1
11540,0.023080000000000003,heldout,1.0,0.5,4.71238898038469,1
11541,0.023082000000000002,heldout,1.0,0.5,4.71238898038469,1
11542,0.023084,heldout,1.0,0.5,4.71238898038469,0
11543,0.023086000000000002,heldout,1.0,0.5,4.71238898038469,0
11544,0.023088,heldout,1.0,0.5,4.71238898038469,0
11545,0.02309,heldout,1.0,0.5,4.71238898038469,0
11546,0.023091999999999998,heldout,1.0,0.5,4.71238898038469,0
11547,0.023094,heldout,1.0,0.5,4.71238898038469,0
11548,0.023096,heldout,1.0,0.5,4.71238898038469,1
11549,0.023098,heldout,1.0,0.5,4.71238898038469,0
11550,0.023100000000000002,heldout,1.0,0.5,4.71238898038469,1
11551,0.023102,heldout,1.0,0.5,4.71238898038469,1
11552,0.023104,heldout,1.0,0.5,4.71238898038469,0
11553,0.023106,heldout,1.0,0.5,4.71238898038469,1
11554,0.023108,heldout,1.0,0.5,4.71238898038469,1
11555,0.02311,heldout,1.0,0.5,4.71238898038469,1
11556,0.023112,heldout,1.0,0.5,4.71238898038469,0
11557,0.023114,heldout,1.0,0.5,4.71238898038469,1
11558,0.023116,heldout,1.0,0.5,4.71238898038469,1
11559,0.023118000000000003,heldout,1.0,0.5,4.71238898038469,0
11560,0.02312,heldout,1.0,0.5,4.71238898038469,1
11561,0.023122,heldout,1.0,0.5,4.71238898038469,1
11562,0.023124,heldout,1.0,0.5,4.71238898038469,0
11563,0.023126,heldout,1.0,0.5,4.71238898038469,1
11564,0.023128,heldout,1.0,0.5,4.71238898038469,0
11565,0.023129999999999998,heldout,1.0,0.5,4.71238898038469,1
11566,0.023132,heldout,1.0,0.5,4.71238898038469,1
11567,0.023134000000000002,heldout,1.0,0.5,4.71238898038469,0
11568,0.023136,heldout,1.0,0.5,4.71238898038469,1
11569,0.023138000000000002,heldout,1.0,0.5,4.71238898038469,1
11570,0.02314,heldout,1.0,0.5,4.71238898038469,0
11571,0.023142,heldout,1.0,0.5,4.71238898038469,0
11572,0.023144,heldout,1.0,0.5,4.71238898038469,0
11573,0.023146,heldout,1.0,0.5,4.71238898038469,0
11574,0.023148,heldout,1.0,0.5,4.71238898038469,1
11575,0.02315,heldout,1.0,0.5,4.71238898038469,0
11576,0.023152000000000002,heldout,1.0,0.5,4.71238898038469,1
11577,0.023154,heldout,1.0,0.5,4.71238898038469,1
11578,0.023156,heldout,1.0,0.5,4.71238898038469,0
11579,0.023158,heldout,1.0,0.5,4.71238898038469,1
11580,0.02316,heldout,1.0,0.5,4.71238898038469,0
11581,0.023162,heldout,1.0,0.5,4.71238898038469,1
11582,0.023164,heldout,1.0,0.5,4.71238898038469,0
11583,0.023166,heldout,1.0,0.5,4.71238898038469,1
11584,0.023167999999999998,heldout,1.0,0.5,4.71238898038469,1
11585,0.023170000000000003,heldout,1.0,0.5,4.71238898038469,0
11586,0.023172,heldout,1.0,0.5,4.71238898038469,1
11587,0.023174,heldout,1.0,0.5,4.71238898038469,0
11588,0.023176000000000002,heldout,1.0,0.5,4.71238898038469,0
11589,0.023178,heldout,1.0,0.5,4.71238898038469,0
11590,0.02318,heldout,1.0,0.5,4.71238898038469,1
11591,0.023182,heldout,1.0,0.5,4.71238898038469,0
11592,0.023184,heldout,1.0,0.5,4.71238898038469,0
11593,0.023186,heldout,1.0,0.5,4.71238898038469,1
11594,0.023188,heldout,1.0,0.5,4.71238898038469,1
11595,0.023190000000000002,heldout,1.0,0.5,4.71238898038469,1
11596,0.023192,heldout,1.0,0.5,4.71238898038469,1
11597,0.023194,heldout,1.0,0.5,4.71238898038469,1
11598,0.023196,heldout,1.0,0.5,4.71238898038469,1
11599,0.023198,heldout,1.0,0.5,4.71238898038469,0
11600,0.0232,heldout,1.0,0.5,4.71238898038469,0
11601,0.023202,heldout,1.0,0.5,4.71238898038469,1
11602,0.023204,heldout,1.0,0.5,4.71238898038469,0
11603,0.023206,heldout,1.0,0.5,4.71238898038469,0
11604,0.023208000000000003,heldout,1.0,0.5,4.71238898038469,1
11605,0.02321,heldout,1.0,0.5,4.71238898038469,1
11606,0.023212,heldout,1.0,0.5,4.71238898038469,1
11607,0.023214000000000002,heldout,1.0,0.5,4.71238898038469,1
11608,0.023216,heldout,1.0,0.5,4.71238898038469,1
11609,0.023218,heldout,1.0,0.5,4.71238898038469,0
11610,0.023219999999999998,heldout,1.0,0.5,4.71238898038469,1
11611,0.023222,heldout,1.0,0.5,4.71238898038469,1
11612,0.023224,heldout,1.0,0.5,4.71238898038469,1
11613,0.023226,heldout,1.0,0.5,4.71238898038469,1
11614,0.023228000000000002,heldout,1.0,0.5,4.71238898038469,1
11615,0.02323,heldout,1.0,0.5,4.71238898038469,0
11616,0.023232,heldout,1.0,0.5,4.71238898038469,1
11617,0.023234,heldout,1.0,0.5,4.71238898038469,1
11618,0.023236,heldout,1.0,0.5,4.71238898038469,0
11619,0.023237999999999998,heldout,1.0,0.5,4.71238898038469,1
11620,0.023240000000000004,heldout,1.0,0.5,4.71238898038469,0
11621,0.023242000000000002,heldout,1.0,0.5,4.71238898038469,1
11622,0.023244,heldout,1.0,0.5,4.71238898038469,1
11623,0.023246000000000003,heldout,1.0,0.5,4.71238898038469,0
11624,0.023248,heldout,1.0,0.5,4.71238898038469,0
11625,0.02325,heldout,1.0,0.5,4.71238898038469,1
11626,0.023252,heldout,1.0,0.5,4.71238898038469,0
11627,0.023254,heldout,1.0,0.5,4.71238898038469,1
11628,0.023256,heldout,1.0,0.5,4.71238898038469,1
11629,0.023257999999999997,heldout,1.0,0.5,4.71238898038469,1
11630,0.023260000000000003,heldout,1.0,0.5,4.71238898038469,1
11631,0.023262,heldout,1.0,0.5,4.71238898038469,1
11632,0.023264,heldout,1.0,0.5,4.71238898038469,0
11633,0.023266000000000002,heldout,1.0,0.5,4.71238898038469,1
11634,0.023268,heldout,1.0,0.5,4.71238898038469,0
11635,0.02327,heldout,1.0,0.5,4.71238898038469,0
11636,0.023272,heldout,1.0,0.5,4.71238898038469,0
11637,0.023274,heldout,1.0,0.5,4.71238898038469,1
11638,0.023275999999999998,heldout,1.0,0.5,4.71238898038469,0
11639,0.023278000000000004,heldout,1.0,0.5,4.71238898038469,0
11640,0.023280000000000002,heldout,1.0,0.5,4.71238898038469,0
11641,0.023282,heldout,1.0,0.5,4.71238898038469,0
11642,0.023284,heldout,1.0,0.5,4.71238898038469,0
11643,0.023286,heldout,1.0,0.5,4.71238898038469,0
11644,0.023288,heldout,1.0,0.5,4.71238898038469,1
11645,0.023289999999999998,heldout,1.0,0.5,4.71238898038469,1
11646,0.023292,heldout,1.0,0.5,4.71238898038469,1
11647,0.023294000000000002,heldout,1.0,0.5,4.71238898038469,0
11648,0.023296,heldout,1.0,0.5,4.71238898038469,1
11649,0.023298000000000003,heldout,1.0,0.5,4.71238898038469,0
11650,0.0233,heldout,1.0,0.5,4.71238898038469,1
11651,0.023302,heldout,1.0,0.5,4.71238898038469,1
11652,0.023304000000000002,heldout,1.0,0.5,4.71238898038469,1
11653,0.023306,heldout,1.0,0.5,4.71238898038469,1
11654,0.023308,heldout,1.0,0.5,4.71238898038469,0
11655,0.023309999999999997,heldout,1.0,0.5,4.71238898038469,0
11656,0.023312000000000003,heldout,1.0,0.5,4.71238898038469,1
11657,0.023314,heldout,1.0,0.5,4.71238898038469,0
11658,0.023316,heldout,1.0,0.5,4.71238898038469,0
11659,0.023318000000000002,heldout,1.0,0.5,4.71238898038469,0
11660,0.02332,heldout,1.0,0.5,4.71238898038469,1
11661,0.023322,heldout,1.0,0.5,4.71238898038469,1
11662,0.023324,heldout,1.0,0.5,4.71238898038469,0
11663,0.023326,heldout,1.0,0.5,4.71238898038469,1
11664,0.023327999999999998,heldout,1.0,0.5,4.71238898038469,1
11665,0.023330000000000004,heldout,1.0,0.5,4.71238898038469,0
11666,0.023332000000000002,heldout,1.0,0.5,4.71238898038469,0
11667,0.023334,heldout,1.0,0.5,4.71238898038469,1
11668,0.023336000000000003,heldout,1.0,0.5,4.71238898038469,0
11669,0.023338,heldout,1.0,0.5,4.71238898038469,1
11670,0.02334,heldout,1.0,0.5,4.71238898038469,1
11671,0.023341999999999998,heldout,1.0,0.5,4.71238898038469,0
11672,0.023344,heldout,1.0,0.5,4.71238898038469,0
11673,0.023346,heldout,1.0,0.5,4.71238898038469,0
11674,0.023348,heldout,1.0,0.5,4.71238898038469,0
11675,0.023350000000000003,heldout,1.0,0.5,4.71238898038469,1
11676,0.023352,heldout,1.0,0.5,4.71238898038469,1
11677,0.023354,heldout,1.0,0.5,4.71238898038469,1
11678,0.023356000000000002,heldout,1.0,0.5,4.71238898038469,0
11679,0.023358,heldout,1.0,0.5,4.71238898038469,0
11680,0.02336,heldout,1.0,0.5,4.71238898038469,0
11681,0.023362,heldout,1.0,0.5,4.71238898038469,1
11682,0.023364,heldout,1.0,0.5,4.71238898038469,0
11683,0.023366,heldout,1.0,0.5,4.71238898038469,0
11684,0.023368000000000003,heldout,1.0,0.5,4.71238898038469,1
11685,0.023370000000000002,heldout,1.0,0.5,4.71238898038469,0
11686,0.023372,heldout,1.0,0.5,4.71238898038469,0
11687,0.023374,heldout,1.0,0.5,4.71238898038469,1
11688,0.023376,heldout,1.0,0.5,4.71238898038469,1
11689,0.023378,heldout,1.0,0.5,4.71238898038469,0
11690,0.023379999999999998,heldout,1.0,0.5,4.71238898038469,0
11691,0.023382,heldout,1.0,0.5,4.71238898038469,1
11692,0.023384000000000002,heldout,1.0,0.5,4.71238898038469,1
11693,0.023386,heldout,1.0,0.5,4.71238898038469,1
11694,0.023388000000000003,heldout,1.0,0.5,4.71238898038469,0
11695,0.02339,heldout,1.0,0.5,4.71238898038469,1
11696,0.023392,heldout,1.0,0.5,4.71238898038469,0
11697,0.023394,heldout,1.0,0.5,4.71238898038469,1
11698,0.023396,heldout,1.0,0.5,4.71238898038469,1
11699,0.023398,heldout,1.0,0.5,4.71238898038469,0
11700,0.0234,heldout,1.0,0.5,5.497787143782138,0
11701,0.023402000000000003,heldout,1.0,0.5,5.497787143782138,1
11702,0.023404,heldout,1.0,0.5,5.497787143782138,0
11703,0.023406,heldout,1.0,0.5,5.497787143782138,1
11704,0.023408,heldout,1.0,0.5,5.497787143782138,0
11705,0.02341,heldout,1.0,0.5,5.497787143782138,0
11706,0.023412,heldout,1.0,0.5,5.497787143782138,1
11707,0.023414,heldout,1.0,0.5,5.497787143782138,1
11708,0.023416,heldout,1.0,0.5,5.497787143782138,1
11709,0.023417999999999998,heldout,1.0,0.5,5.497787143782138,0
11710,0.023420000000000003,heldout,1.0,0.5,5.497787143782138,1
11711,0.023422000000000002,heldout,1.0,0.5,5.497787143782138,0
11712,0.023424,heldout,1.0,0.5,5.497787143782138,0
11713,0.023426000000000002,heldout,1.0,0.5,5.497787143782138,1
11714,0.023428,heldout,1.0,0.5,5.497787143782138,1
11715,0.02343,heldout,1.0,0.5,5.497787143782138,0
11716,0.023432,heldout,1.0,0.5,5.497787143782138,0
11717,0.023434,heldout,1.0,0.5,5.497787143782138,1
11718,0.023436,heldout,1.0,0.5,5.497787143782138,0
11719,0.023438,heldout,1.0,0.5,5.497787143782138,1
11720,0.023440000000000003,heldout,1.0,0.5,5.497787143782138,1
11721,0.023442,heldout,1.0,0.5,5.497787143782138,1
11722,0.023444,heldout,1.0,0.5,5.497787143782138,1
11723,0.023446,heldout,1.0,0.5,5.497787143782138,1
11724,0.023448,heldout,1.0,0.5,5.497787143782138,1
11725,0.02345,heldout,1.0,0.5,5.497787143782138,0
11726,0.023452,heldout,1.0,0.5,5.497787143782138,0
11727,0.023454,heldout,1.0,0.5,5.497787143782138,1
11728,0.023456,heldout,1.0,0.5,5.497787143782138,1
11729,0.023458000000000003,heldout,1.0,0.5,5.497787143782138,1
11730,0.02346,heldout,1.0,0.5,5.497787143782138,0
11731,0.023462,heldout,1.0,0.5,5.497787143782138,1
11732,0.023464000000000002,heldout,1.0,0.5,5.497787143782138,1
11733,0.023466,heldout,1.0,0.5,5.497787143782138,0
11734,0.023468,heldout,1.0,0.5,5.497787143782138,0
11735,0.023469999999999998,heldout,1.0,0.5,5.497787143782138,1
11736,0.023472,heldout,1.0,0.5,5.497787143782138,0
11737,0.023474000000000002,heldout,1.0,0.5,5.497787143782138,1
11738,0.023476,heldout,1.0,0.5,5.497787143782138,1
11739,0.023478000000000002,heldout,1.0,0.5,5.497787143782138,1
11740,0.02348,heldout,1.0,0.5,5.497787143782138,1
11741,0.023482,heldout,1.0,0.5,5.497787143782138,1
11742,0.023484,heldout,1.0,0.5,5.497787143782138,0
11743,0.023486,heldout,1.0,0.5,5.497787143782138,1
11744,0.023488,heldout,1.0,0.5,5.497787143782138,0
11745,0.02349,heldout,1.0,0.5,5.497787143782138,0
11746,0.023492000000000002,heldout,1.0,0.5,5.497787143782138,1
11747,0.023494,heldout,1.0,0.5,5.497787143782138,1
11748,0.023496000000000003,heldout,1.0,0.5,5.497787143782138,1
11749,0.023498,heldout,1.0,0.5,5.497787143782138,1
11750,0.0235,heldout,1.0,0.5,5.497787143782138,1
11751,0.023502,heldout,1.0,0.5,5.497787143782138,1
11752,0.023504,heldout,1.0,0.5,5.497787143782138,1
11753,0.023506,heldout,1.0,0.5,5.497787143782138,1
11754,0.023507999999999998,heldout,1.0,0.5,5.497787143782138,0
11755,0.023510000000000003,heldout,1.0,0.5,5.497787143782138,0
11756,0.023512,heldout,1.0,0.5,5.497787143782138,1
11757,0.023514,heldout,1.0,0.5,5.497787143782138,0
11758,0.023516000000000002,heldout,1.0,0.5,5.497787143782138,1
11759,0.023518,heldout,1.0,0.5,5.497787143782138,1
11760,0.02352,heldout,1.0,0.5,5.497787143782138,1
11761,0.023522,heldout,1.0,0.5,5.497787143782138,1
11762,0.023524,heldout,1.0,0.5,5.497787143782138,1
11763,0.023526,heldout,1.0,0.5,5.497787143782138,1
11764,0.023528000000000004,heldout,1.0,0.5,5.497787143782138,0
11765,0.023530000000000002,heldout,1.0,0.5,5.497787143782138,1
11766,0.023532,heldout,1.0,0.5,5.497787143782138,1
11767,0.023534,heldout,1.0,0.5,5.497787143782138,1
11768,0.023536,heldout,1.0,0.5,5.497787143782138,0
11769,0.023538,heldout,1.0,0.5,5.497787143782138,1
11770,0.02354,heldout,1.0,0.5,5.497787143782138,1
11771,0.023542,heldout,1.0,0.5,5.497787143782138,1
11772,0.023544,heldout,1.0,0.5,5.497787143782138,0
11773,0.023546,heldout,1.0,0.5,5.497787143782138,1
11774,0.023548000000000003,heldout,1.0,0.5,5.497787143782138,0
11775,0.02355,heldout,1.0,0.5,5.497787143782138,1
11776,0.023552,heldout,1.0,0.5,5.497787143782138,1
11777,0.023554000000000002,heldout,1.0,0.5,5.497787143782138,0
11778,0.023556,heldout,1.0,0.5,5.497787143782138,1
11779,0.023558,heldout,1.0,0.5,5.497787143782138,1
11780,0.023559999999999998,heldout,1.0,0.5,5.497787143782138,1
11781,0.023562,heldout,1.0,0.5,5.497787143782138,1
11782,0.023564,heldout,1.0,0.5,5.497787143782138,1
11783,0.023566,heldout,1.0,0.5,5.497787143782138,0
11784,0.023568000000000002,heldout,1.0,0.5,5.497787143782138,0
11785,0.02357,heldout,1.0,0.5,5.497787143782138,1
11786,0.023572,heldout,1.0,0.5,5.497787143782138,1
11787,0.023574,heldout,1.0,0.5,5.497787143782138,1
11788,0.023576,heldout,1.0,0.5,5.497787143782138,1
11789,0.023577999999999998,heldout,1.0,0.5,5.497787143782138,0
11790,0.02358,heldout,1.0,0.5,5.497787143782138,1
11791,0.023582000000000002,heldout,1.0,0.5,5.497787143782138,1
11792,0.023584,heldout,1.0,0.5,5.497787143782138,1
11793,0.023586000000000003,heldout,1.0,0.5,5.497787143782138,1
11794,0.023588,heldout,1.0,0.5,5.497787143782138,0
11795,0.02359,heldout,1.0,0.5,5.497787143782138,0
11796,0.023592,heldout,1.0,0.5,5.497787143782138,1
11797,0.023594,heldout,1.0,0.5,5.497787143782138,0
11798,0.023596,heldout,1.0,0.5,5.497787143782138,1
11799,0.023597999999999997,heldout,1.0,0.5,5.497787143782138,1
11800,0.023600000000000003,heldout,1.0,0.5,5.497787143782138,1
11801,0.023602,heldout,1.0,0.5,5.497787143782138,1
11802,0.023604,heldout,1.0,0.5,5.497787143782138,0
11803,0.023606000000000002,heldout,1.0,0.5,5.497787143782138,1
11804,0.023608,heldout,1.0,0.5,5.497787143782138,1
11805,0.02361,heldout,1.0,0.5,5.497787143782138,1
11806,0.023612,heldout,1.0,0.5,5.497787143782138,1
11807,0.023614,heldout,1.0,0.5,5.497787143782138,1
11808,0.023615999999999998,heldout,1.0,0.5,5.497787143782138,0
11809,0.023618000000000004,heldout,1.0,0.5,5.497787143782138,0
11810,0.023620000000000002,heldout,1.0,0.5,5.497787143782138,1
11811,0.023622,heldout,1.0,0.5,5.497787143782138,1
11812,0.023624,heldout,1.0,0.5,5.497787143782138,1
11813,0.023626,heldout,1.0,0.5,5.497787143782138,1
11814,0.023628,heldout,1.0,0.5,5.497787143782138,1
11815,0.023629999999999998,heldout,1.0,0.5,5.497787143782138,1
11816,0.023632,heldout,1.0,0.5,5.497787143782138,1
11817,0.023634,heldout,1.0,0.5,5.497787143782138,1
11818,0.023636,heldout,1.0,0.5,5.497787143782138,0
11819,0.023638000000000003,heldout,1.0,0.5,5.497787143782138,1
11820,0.02364,heldout,1.0,0.5,5.497787143782138,1
11821,0.023642,heldout,1.0,0.5,5.497787143782138,0
11822,0.023644000000000002,heldout,1.0,0.5,5.497787143782138,1
11823,0.023646,heldout,1.0,0.5,5.497787143782138,1
11824,0.023648,heldout,1.0,0.5,5.497787143782138,0
11825,0.02365,heldout,1.0,0.5,5.497787143782138,0
11826,0.023652,heldout,1.0,0.5,5.497787143782138,1
11827,0.023654,heldout,1.0,0.5,5.497787143782138,1
11828,0.023656,heldout,1.0,0.5,5.497787143782138,1
11829,0.023658000000000002,heldout,1.0,0.5,5.497787143782138,0
11830,0.02366,heldout,1.0,0.5,5.497787143782138,1
11831,0.023662,heldout,1.0,0.5,5.497787143782138,1
11832,0.023664,heldout,1.0,0.5,5.497787143782138,1
11833,0.023666,heldout,1.0,0.5,5.497787143782138,1
11834,0.023667999999999998,heldout,1.0,0.5,5.497787143782138,1
11835,0.02367,heldout,1.0,0.5,5.497787143782138,1
11836,0.023672000000000002,heldout,1.0,0.5,5.497787143782138,1
11837,0.023674,heldout,1.0,0.5,5.497787143782138,0
11838,0.023676000000000003,heldout,1.0,0.5,5.497787143782138,1
11839,0.023678,heldout,1.0,0.5,5.497787143782138,0
11840,0.02368,heldout,1.0,0.5,5.497787143782138,1
11841,0.023682,heldout,1.0,0.5,5.497787143782138,1
11842,0.023684,heldout,1.0,0.5,5.497787143782138,1
11843,0.023686,heldout,1.0,0.5,5.497787143782138,1
11844,0.023687999999999997,heldout,1.0,0.5,5.497787143782138,0
11845,0.023690000000000003,heldout,1.0,0.5,5.497787143782138,1
11846,0.023692,heldout,1.0,0.5,5.497787143782138,0
11847,0.023694,heldout,1.0,0.5,5.497787143782138,1
11848,0.023696000000000002,heldout,1.0,0.5,5.497787143782138,0
11849,0.023698,heldout,1.0,0.5,5.497787143782138,1
11850,0.0237,heldout,1.0,0.5,5.497787143782138,0
11851,0.023702,heldout,1.0,0.5,5.497787143782138,1
11852,0.023704,heldout,1.0,0.5,5.497787143782138,1
11853,0.023705999999999998,heldout,1.0,0.5,5.497787143782138,1
11854,0.023708000000000003,heldout,1.0,0.5,5.497787143782138,1
11855,0.023710000000000002,heldout,1.0,0.5,5.497787143782138,1
11856,0.023712,heldout,1.0,0.5,5.497787143782138,0
11857,0.023714000000000002,heldout,1.0,0.5,5.497787143782138,0
11858,0.023716,heldout,1.0,0.5,5.497787143782138,1
11859,0.023718,heldout,1.0,0.5,5.497787143782138,1
11860,0.023719999999999998,heldout,1.0,0.5,5.497787143782138,1
11861,0.023722,heldout,1.0,0.5,5.497787143782138,1
11862,0.023724,heldout,1.0,0.5,5.497787143782138,1
11863,0.023726,heldout,1.0,0.5,5.497787143782138,0
11864,0.023728000000000003,heldout,1.0,0.5,5.497787143782138,1
11865,0.02373,heldout,1.0,0.5,5.497787143782138,1
11866,0.023732,heldout,1.0,0.5,5.497787143782138,0
11867,0.023734,heldout,1.0,0.5,5.497787143782138,1
11868,0.023736,heldout,1.0,0.5,5.497787143782138,1
11869,0.023738,heldout,1.0,0.5,5.497787143782138,0
11870,0.02374,heldout,1.0,0.5,5.497787143782138,1
11871,0.023742,heldout,1.0,0.5,5.497787143782138,1
11872,0.023744,heldout,1.0,0.5,5.497787143782138,0
11873,0.023746000000000003,heldout,1.0,0.5,5.497787143782138,0
11874,0.023748000000000002,heldout,1.0,0.5,5.497787143782138,1
11875,0.02375,heldout,1.0,0.5,5.497787143782138,1
11876,0.023752,heldout,1.0,0.5,5.497787143782138,0
11877,0.023754,heldout,1.0,0.5,5.497787143782138,1
11878,0.023756,heldout,1.0,0.5,5.497787143782138,1
11879,0.023757999999999998,heldout,1.0,0.5,5.497787143782138,0
11880,0.02376,heldout,1.0,0.5,5.497787143782138,1
11881,0.023762000000000002,heldout,1.0,0.5,5.497787143782138,1
11882,0.023764,heldout,1.0,0.5,5.497787143782138,1
11883,0.023766000000000002,heldout,1.0,0.5,5.497787143782138,1
11884,0.023768,heldout,1.0,0.5,5.497787143782138,1
11885,0.02377,heldout,1.0,0.5,5.497787143782138,1
11886,0.023772,heldout,1.0,0.5,5.497787143782138,1
11887,0.023774,heldout,1.0,0.5,5.497787143782138,1
11888,0.023776,heldout,1.0,0.5,5.497787143782138,1
11889,0.023778,heldout,1.0,0.5,5.497787143782138,1
11890,0.023780000000000003,heldout,1.0,0.5,5.497787143782138,1
11891,0.023782,heldout,1.0,0.5,5.497787143782138,1
11892,0.023784,heldout,1.0,0.5,5.497787143782138,1
11893,0.023786,heldout,1.0,0.5,5.497787143782138,0
11894,0.023788,heldout,1.0,0.5,5.497787143782138,1
11895,0.02379,heldout,1.0,0.5,5.497787143782138,1
11896,0.023792,heldout,1.0,0.5,5.497787143782138,1
11897,0.023794,heldout,1.0,0.5,5.497787143782138,1
11898,0.023795999999999998,heldout,1.0,0.5,5.497787143782138,0
11899,0.023798000000000003,heldout,1.0,0.5,5.497787143782138,1
11900,0.0238,heldout,1.0,0.5,5.497787143782138,1
11901,0.023802,heldout,1.0,0.5,5.497787143782138,1
11902,0.023804000000000002,heldout,1.0,0.5,5.497787143782138,1
11903,0.023806,heldout,1.0,0.5,5.497787143782138,0
11904,0.023808,heldout,1.0,0.5,5.497787143782138,1
11905,0.023809999999999998,heldout,1.0,0.5,5.497787143782138,1
11906,0.023812,heldout,1.0,0.5,5.497787143782138,1
11907,0.023814,heldout,1.0,0.5,5.497787143782138,1
11908,0.023816,heldout,1.0,0.5,5.497787143782138,1
11909,0.023818000000000002,heldout,1.0,0.5,5.497787143782138,1
11910,0.02382,heldout,1.0,0.5,5.497787143782138,1
11911,0.023822,heldout,1.0,0.5,5.497787143782138,1
11912,0.023824,heldout,1.0,0.5,5.497787143782138,0
11913,0.023826,heldout,1.0,0.5,5.497787143782138,1
11914,0.023828,heldout,1.0,0.5,5.497787143782138,1
11915,0.02383,heldout,1.0,0.5,5.497787143782138,1
11916,0.023832,heldout,1.0,0.5,5.497787143782138,0
11917,0.023834,heldout,1.0,0.5,5.497787143782138,1
11918,0.023836000000000003,heldout,1.0,0.5,5.497787143782138,0
11919,0.023838,heldout,1.0,0.5,5.497787143782138,1
11920,0.02384,heldout,1.0,0.5,5.497787143782138,0
11921,0.023842,heldout,1.0,0.5,5.497787143782138,0
11922,0.023844,heldout,1.0,0.5,5.497787143782138,1
11923,0.023846,heldout,1.0,0.5,5.497787143782138,1
11924,0.023847999999999998,heldout,1.0,0.5,5.497787143782138,0
11925,0.023850000000000003,heldout,1.0,0.5,5.497787143782138,1
11926,0.023852,heldout,1.0,0.5,5.497787143782138,1
11927,0.023854,heldout,1.0,0.5,5.497787143782138,0
11928,0.023856000000000002,heldout,1.0,0.5,5.497787143782138,1
11929,0.023858,heldout,1.0,0.5,5.497787143782138,1
11930,0.02386,heldout,1.0,0.5,5.497787143782138,1
11931,0.023862,heldout,1.0,0.5,5.497787143782138,1
11932,0.023864,heldout,1.0,0.5,5.497787143782138,0
11933,0.023866,heldout,1.0,0.5,5.497787143782138,1
11934,0.023868000000000004,heldout,1.0,0.5,5.497787143782138,1
11935,0.023870000000000002,heldout,1.0,0.5,5.497787143782138,1
11936,0.023872,heldout,1.0,0.5,5.497787143782138,1
11937,0.023874,heldout,1.0,0.5,5.497787143782138,1
11938,0.023876,heldout,1.0,0.5,5.497787143782138,1
11939,0.023878,heldout,1.0,0.5,5.497787143782138,1
11940,0.02388,heldout,1.0,0.5,5.497787143782138,1
11941,0.023882,heldout,1.0,0.5,5.497787143782138,1
11942,0.023884,heldout,1.0,0.5,5.497787143782138,0
11943,0.023885999999999998,heldout,1.0,0.5,5.497787143782138,0
11944,0.023888000000000003,heldout,1.0,0.5,5.497787143782138,0
11945,0.02389,heldout,1.0,0.5,5.497787143782138,1
11946,0.023892,heldout,1.0,0.5,5.497787143782138,1
11947,0.023894000000000002,heldout,1.0,0.5,5.497787143782138,0
11948,0.023896,heldout,1.0,0.5,5.497787143782138,0
11949,0.023898,heldout,1.0,0.5,5.497787143782138,1
11950,0.0239,heldout,1.0,0.5,5.497787143782138,1
11951,0.023902,heldout,1.0,0.5,5.497787143782138,1
11952,0.023904,heldout,1.0,0.5,5.497787143782138,1
11953,0.023906,heldout,1.0,0.5,5.497787143782138,0
11954,0.023908000000000002,heldout,1.0,0.5,5.497787143782138,1
11955,0.02391,heldout,1.0,0.5,5.497787143782138,1
11956,0.023912,heldout,1.0,0.5,5.497787143782138,1
11957,0.023914,heldout,1.0,0.5,5.497787143782138,0
11958,0.023916,heldout,1.0,0.5,5.497787143782138,1
11959,0.023918,heldout,1.0,0.5,5.497787143782138,1
11960,0.02392,heldout,1.0,0.5,5.497787143782138,1
11961,0.023922000000000002,heldout,1.0,0.5,5.497787143782138,0
11962,0.023924,heldout,1.0,0.5,5.497787143782138,1
11963,0.023926000000000003,heldout,1.0,0.5,5.497787143782138,1
11964,0.023928,heldout,1.0,0.5,5.497787143782138,0
11965,0.02393,heldout,1.0,0.5,5.497787143782138,1
11966,0.023932000000000002,heldout,1.0,0.5,5.497787143782138,1
11967,0.023934,heldout,1.0,0.5,5.497787143782138,1
11968,0.023936,heldout,1.0,0.5,5.497787143782138,1
11969,0.023937999999999997,heldout,1.0,0.5,5.497787143782138,1
11970,0.023940000000000003,heldout,1.0,0.5,5.497787143782138,0
11971,0.023942,heldout,1.0,0.5,5.497787143782138,1
11972,0.023944,heldout,1.0,0.5,5.497787143782138,1
11973,0.023946000000000002,heldout,1.0,0.5,5.497787143782138,1
11974,0.023948,heldout,1.0,0.5,5.497787143782138,0
11975,0.02395,heldout,1.0,0.5,5.497787143782138,1
11976,0.023952,heldout,1.0,0.5,5.497787143782138,0
11977,0.023954,heldout,1.0,0.5,5.497787143782138,0
11978,0.023955999999999998,heldout,1.0,0.5,5.497787143782138,1
11979,0.023958000000000004,heldout,1.0,0.5,5.497787143782138,1
11980,0.023960000000000002,heldout,1.0,0.5,5.497787143782138,0
11981,0.023962,heldout,1.0,0.5,5.497787143782138,1
11982,0.023964000000000003,heldout,1.0,0.5,5.497787143782138,1
11983,0.023966,heldout,1.0,0.5,5.497787143782138,1
11984,0.023968,heldout,1.0,0.5,5.497787143782138,1
11985,0.023969999999999998,heldout,1.0,0.5,5.497787143782138,0
11986,0.023972,heldout,1.0,0.5,5.497787143782138,1
11987,0.023974,heldout,1.0,0.5,5.497787143782138,1
11988,0.023976,heldout,1.0,0.5,5.497787143782138,0
11989,0.023978000000000003,heldout,1.0,0.5,5.497787143782138,1
11990,0.02398,heldout,1.0,0.5,5.497787143782138,1
11991,0.023982,heldout,1.0,0.5,5.497787143782138,1
11992,0.023984000000000002,heldout,1.0,0.5,5.497787143782138,0
11993,0.023986,heldout,1.0,0.5,5.497787143782138,0
11994,0.023988,heldout,1.0,0.5,5.497787143782138,1
11995,0.02399,heldout,1.0,0.5,5.497787143782138,1
11996,0.023992,heldout,1.0,0.5,5.497787143782138,0
11997,0.023994,heldout,1.0,0.5,5.497787143782138,1
11998,0.023996000000000003,heldout,1.0,0.5,5.497787143782138,0
11999,0.023998000000000002,heldout,1.0,0.5,5.497787143782138,1
