{
  "meta": {
    "created": "2025-11-14T20:28:39.713790+00:00",
    "script": "111_PROBE_NADSOLITON_STRUCTURE.py"
  },
  "results": {
    "A_entropy": {
      "entropies": [
        2.901431198005054,
        2.901360896750866,
        2.6330221774392264,
        2.6232480069538764
      ],
      "avg_entropy": 2.7647655697872553
    },
    "B_clustering": {
      "labels": [
        1,
        2,
        2,
        1,
        1,
        2,
        2,
        1,
        1,
        0,
        0,
        1,
        1,
        0,
        0,
        1,
        1,
        2,
        2,
        1,
        1,
        2,
        2,
        1
      ],
      "centers_shape": [
        3,
        4
      ]
    },
    "C_commutator": {
      "comm_norm": 124.81682032175644
    },
    "D_beta_proxy": {
      "s": [
        0.5,
        0.5625,
        0.625,
        0.6875,
        0.75,
        0.8125,
        0.875,
        0.9375,
        1.0,
        1.0625,
        1.125,
        1.1875,
        1.25,
        1.3125,
        1.375,
        1.4375,
        1.5,
        1.5625,
        1.625,
        1.6875,
        1.75,
        1.8125,
        1.875,
        1.9375,
        2.0
      ],
      "g": [
        15.464200655083951,
        17.397225736969446,
        19.33025081885494,
        21.263275900740435,
        23.196300982625928,
        25.129326064511417,
        27.062351146396914,
        28.99537622828241,
        30.928401310167903,
        32.8614263920534,
        34.79445147393889,
        36.72747655582438,
        38.66050163770988,
        40.59352671959537,
        42.52655180148087,
        44.45957688336637,
        46.392601965251856,
        48.32562704713736,
        50.258652129022835,
        52.191677210908324,
        54.12470229279383,
        56.05772737467934,
        57.99075245656482,
        59.92377753845031,
        61.856802620335806
      ],
      "dg_dlns": [
        16.411744451253924,
        17.433118845062026,
        19.36253805785107,
        21.292616821559164,
        23.223189089486084,
        25.154140303812795,
        27.085388853399905,
        29.016875013328104,
        30.948554063326128,
        32.88039185089201,
        34.812361841881454,
        36.74444310723396,
        38.67661891642359,
        40.608875734422554,
        42.54120249322557,
        44.47359005404712,
        46.40603080437916,
        48.33851835202324,
        50.271047289913895,
        52.20361301332491,
        54.13621157633054,
        56.06883957802722,
        58.00149407155345,
        59.93417249074821,
        60.88517591279558
      ],
      "sign_changes": 0
    },
    "E_perturb_fid": {
      "delta_phi": 0.01,
      "fidelity": 2.948509492117779e-13
    },
    "F_mass_sens": {
      "a0.99_b0.99": 30.63978610322243,
      "a0.99_b1.0": 30.619117297066225,
      "a0.99_b1.01": 30.598490805837663,
      "a1.0_b0.99": 30.949278892143866,
      "a1.0_b1.0": 30.928401310167903,
      "a1.0_b1.01": 30.9075664705431,
      "a1.01_b0.99": 31.258771681065305,
      "a1.01_b1.0": 31.23768532326959,
      "a1.01_b1.01": 31.216642135248527
    }
  }
}