{
  "meta": {
    "created": "2025-11-14T18:07:25.510389+00:00",
    "script": "104_QUICK_WIN_RG_EXTENDED.py"
  },
  "task_0_spectrum": {
    "eigenvalues": [
      21.113195623430226,
      21.080206066079672,
      0.6567115746161852,
      0.6509935125456285,
      0.19852118900137386,
      0.19090788416313814,
      0.11105729960409585,
      0.09258448237740817,
      0.057584943269127706,
      0.03996851974188713,
      0.030330327736435236,
      0.024568254232201187,
      0.02097042243010901,
      0.01867405845559498,
      0.01725250906546039,
      0.01647333325151032
    ],
    "lambda_max": 21.113195623430226,
    "lambda_4th": 0.6509935125456285,
    "trace_over_N": 2.77
  },
  "task_1_g_of_scale": {
    "s": [
      0.5,
      0.5625,
      0.625,
      0.6875,
      0.75,
      0.8125,
      0.875,
      0.9375,
      1.0,
      1.0625,
      1.125,
      1.1875,
      1.25,
      1.3125,
      1.375,
      1.4375,
      1.5,
      1.5625,
      1.625,
      1.6875,
      1.75,
      1.8125,
      1.875,
      1.9375,
      2.0
    ],
    "g": [
      10.556597811715113,
      11.876172538179507,
      13.195747264643888,
      14.515321991108298,
      15.834896717572674,
      17.15447144403706,
      18.474046170501452,
      19.793620896965834,
      21.113195623430226,
      22.4327703498946,
      23.752345076359013,
      25.071919802823388,
      26.391494529287776,
      27.711069255752168,
      29.030643982216596,
      30.350218708680963,
      31.669793435145348,
      32.989368161609754,
      34.30894288807412,
      35.62851761453852,
      36.948092341002905,
      38.26766706746729,
      39.58724179393167,
      40.906816520396056,
      42.22639124686045
    ]
  },
  "task_2_beta_proxy": {
    "s": [
      0.5,
      0.5625,
      0.625,
      0.6875,
      0.75,
      0.8125,
      0.875,
      0.9375,
      1.0,
      1.0625,
      1.125,
      1.1875,
      1.25,
      1.3125,
      1.375,
      1.4375,
      1.5,
      1.5625,
      1.625,
      1.6875,
      1.75,
      1.8125,
      1.875,
      1.9375,
      2.0
    ],
    "beta_proxy": [
      11.203436208878836,
      11.900674878442459,
      13.217788067407398,
      14.53535149715374,
      15.853251816317893,
      17.171410822292103,
      18.489772803436324,
      19.80829698868436,
      21.12695284985483,
      22.445717072828472,
      23.764571544137596,
      25.083501976611473,
      26.402496949199133,
      27.721547222247636,
      29.040645240209926,
      30.35978476451777,
      31.678960598512447,
      32.998168378574235,
      34.31740441358437,
      35.636665560137715,
      36.95594912455749,
      38.2752527852266,
      39.594574530476734,
      40.913912608524356,
      41.56311271062077
    ],
    "min": 11.203436208878836,
    "max": 41.56311271062077
  },
  "task_3_anomalous_dimension": {
    "s": [
      0.5,
      0.5625,
      0.625,
      0.6875,
      0.75,
      0.8125,
      0.875,
      0.9375,
      1.0,
      1.0625,
      1.125,
      1.1875,
      1.25,
      1.3125,
      1.375,
      1.4375,
      1.5,
      1.5625,
      1.625,
      1.6875,
      1.75,
      1.8125,
      1.875,
      1.9375,
      2.0
    ],
    "gamma": [
      1.0000000000000029,
      0.9999999999999964,
      1.0000000000000053,
      1.0000000000000053,
      0.9999999999999929,
      0.9999999999999964,
      1.0000000000000036,
      0.9999999999999964,
      0.9999999999999964,
      1.0000000000000036,
      1.0,
      0.9999999999999964,
      1.0,
      1.000000000000007,
      1.0000000000000142,
      1.0,
      1.000000000000007,
      0.9999999999999858,
      1.0,
      1.000000000000007,
      0.9999999999999929,
      1.000000000000007,
      1.0,
      0.9999999999999929,
      1.0
    ],
    "min": 0.9999999999999858,
    "max": 1.0000000000000142
  },
  "task_4_vacuum_energy_proxy": {
    "neg_sum": 0.0,
    "trace_over_N": 2.77
  },
  "task_5_mass_hierarchy_proxy": {
    "top": 21.113195623430226,
    "4th": 0.6509935125456285,
    "top_over_4th": 32.432267321481774
  },
  "task_6_operator_mixing": {
    "overlaps_top_next4": [
      2.9837243786801082e-15,
      5.551115123125783e-17,
      2.6020852139652106e-17,
      1.1102230246251565e-16
    ]
  },
  "task_7_anomaly_proxy": {
    "antisymm_norm": 0.0
  },
  "task_8_integrate_beta": {
    "s_range": [
      0.5,
      2.0
    ],
    "delta_g": 31.708888453189957
  },
  "task_9_screening_vs_antiscreening": {
    "n_screening": 25,
    "n_antiscreening": 0,
    "s_samples_pos": [
      0.5,
      0.5625,
      0.625,
      0.6875,
      0.75
    ],
    "s_samples_neg": []
  }
}