{
  "study": 105,
  "title": "QUICK_WIN RG FOLLOWUP",
  "timestamp": "2025-11-14T18:31:55.970076+00:00",
  "parameters": {
    "N": 18,
    "alpha_geo": 2.77,
    "beta_tors": 0.01,
    "omega": 0.7853981633974483
  },
  "scales": [
    0.1,
    0.10985411419875583,
    0.12067926406393285,
    0.13257113655901093,
    0.14563484775012436,
    0.15998587196060582,
    0.1757510624854792,
    0.193069772888325,
    0.21209508879201905,
    0.2329951810515372,
    0.2559547922699536,
    0.281176869797423,
    0.3088843596477481,
    0.3393221771895328,
    0.372759372031494,
    0.4094915062380424,
    0.44984326689694454,
    0.49417133613238345,
    0.5428675439323859,
    0.5963623316594643,
    0.6551285568595507,
    0.7196856730011519,
    0.7906043210907697,
    0.8685113737513525,
    0.9540954763499939,
    1.0481131341546859,
    1.151395399326447,
    1.2648552168552958,
    1.3894954943731375,
    1.5264179671752334,
    1.6768329368110073,
    1.8420699693267153,
    2.0235896477251565,
    2.2229964825261943,
    2.442053094548651,
    2.6826957952797246,
    2.9470517025518097,
    3.2374575428176433,
    3.5564803062231287,
    3.9069399370546147,
    4.291934260128776,
    4.714866363457392,
    5.17947467923121,
    5.689866029018296,
    6.25055192527397,
    6.866488450042998,
    7.543120063354615,
    8.286427728546842,
    9.102981779915218,
    10.0
  ],
  "g_of_s": [
    43.927280299902094,
    43.162094276403145,
    42.24939339111143,
    41.163420624741825,
    39.875152213643375,
    38.35248311987506,
    36.56078647700298,
    34.46403679239273,
    32.026749303944385,
    29.217056031699272,
    26.01129997439649,
    22.400556064593385,
    18.39943212844234,
    19.094340061924473,
    21.04308558662609,
    22.75368874319979,
    24.00743823437082,
    24.534248744419894,
    24.032591831024636,
    22.215332861942994,
    18.890321479250876,
    17.057547213663184,
    20.98448065714705,
    23.572370515399953,
    23.69186883764675,
    20.43208603148327,
    17.095476742721733,
    22.604382685454585,
    23.530702058140466,
    17.835523903098586,
    21.750097689982297,
    23.15682403944171,
    17.00977433010316,
    23.871372245273594,
    15.77867274377265,
    23.738724101206373,
    20.179237854213223,
    19.57425729109072,
    23.85795447250839,
    44.4273788349834,
    20.847147084819923,
    16.752750246422035,
    18.770364448752527,
    22.233929339684074,
    23.66866127323268,
    15.953609300622904,
    24.152409683343073,
    21.642736040880177,
    17.171655524404976,
    15.458438911513387
  ],
  "beta_proxy": [
    -8.141743657059605,
    -8.92653856538223,
    -10.633158491013688,
    -12.631218065502736,
    -14.954489429896995,
    -17.6327816927936,
    -20.686952094231145,
    -24.121564731293688,
    -27.914501190015784,
    -32.002836512393,
    -36.264511939695396,
    -40.495954480314836,
    -17.589424232756826,
    14.064520334682243,
    19.468128010563177,
    15.770674467302683,
    9.472770444537346,
    0.1338198357779561,
    -12.336881554029674,
    -27.357430568317994,
    -27.43997361212446,
    11.141151746045267,
    34.6595596788578,
    14.403595902723524,
    -16.706650731399833,
    -35.09351441937808,
    11.556851510988608,
    34.23608984255824,
    -25.370840913375133,
    -9.473006481412753,
    28.309888250619423,
    -25.219029400999176,
    3.801473199871623,
    -6.549592663669372,
    -0.7057023732873091,
    23.411479022824267,
    -22.155410707355188,
    19.571167515689453,
    132.2212759211475,
    -16.017818673195322,
    -147.23199643799364,
    -11.048706677217837,
    29.160461472957806,
    26.05946519955033,
    -33.41197713499567,
    2.5735934979698953,
    30.266765289238833,
    -37.138361881687345,
    -32.901124942242845,
    -18.228992771452965
  ],
  "gamma_proxy": [
    -0.18697925468002574,
    -0.20719450951476048,
    -0.252240388638274,
    -0.3076970181441503,
    -0.37629512534680387,
    -0.4616635988704516,
    -0.5687349420301793,
    -0.704407697887909,
    -0.8786887248010196,
    -1.1067973326710252,
    -1.4133762635882725,
    -1.8418810685497213,
    -0.849588293005775,
    0.7142362769871333,
    0.9328027101088523,
    0.7011458833610114,
    0.4008316524622515,
    0.005571180859991642,
    -0.5282192561418526,
    -1.2808754543165204,
    -1.4055189744035115,
    0.5593212368105327,
    1.7209617904085288,
    0.6455884048801366,
    -0.7606092404496714,
    -1.736046763510286,
    0.537529296819983,
    1.6997324379801295,
    -1.2606080583973647,
    -0.418627494135702,
    1.3890657778748867,
    -1.3078425860089382,
    0.1616802716348289,
    -0.39969401697361384,
    -0.029645148969070334,
    1.3087200599564799,
    -1.0262079852455237,
    0.8909234643668338,
    4.360576132492364,
    -0.7176855433538734,
    -5.188666069801506,
    -0.5582805872002243,
    1.505893812394774,
    1.2335871199620652,
    -1.7659265455616726,
    0.10763796111853452,
    1.6225518303235749,
    -1.8148166642701486,
    -1.790294976248589,
    -1.1183400726490993
  ],
  "tasks": [
    {
      "id": 0,
      "name": "spectrum_and_lambda_max",
      "result": 23.69186883764675,
      "conclusion": "\u03bb_max at s\u22481 is stable and large; dominant coupling scale detected.",
      "toe_consistency": "\u2705 - top eigenvalue behavior matches expected emergent coupling in ToE model."
    },
    {
      "id": 1,
      "name": "g_of_s_and_beta",
      "result": {
        "g_min": 15.458438911513387,
        "g_max": 44.4273788349834,
        "beta_min": -147.23199643799364,
        "beta_max": 132.2212759211475
      },
      "conclusion": "g(s) varies smoothly; beta proxy shows regions of screening and antiscreening.",
      "toe_consistency": "\u2705 - sign structure of beta is consistent with RG intuition in ToE."
    },
    {
      "id": 2,
      "name": "gamma_proxy",
      "result": {
        "gamma_min": -5.188666069801506,
        "gamma_max": 4.360576132492364
      },
      "conclusion": "Heuristic \u03b3(s) shows scale-dependent variation; magnitudes are moderate.",
      "toe_consistency": "\u26a0\ufe0f - indicates scaling but needs more rigorous operator renormalization to confirm ToE-level anomalies."
    },
    {
      "id": 3,
      "name": "vacuum_trace_proxy",
      "result": 2.7700000000000005,
      "conclusion": "trace/N remains near the geometric alpha_geo parameter; coarse proxy for vacuum energy.",
      "toe_consistency": "\u26a0\ufe0f - useful as a coarse indicator but insufficient for full vacuum ToE claims."
    },
    {
      "id": 4,
      "name": "mass_hierarchy",
      "result": 6.109811917493411,
      "conclusion": "Strong separation between top and 4th eigenvalue at s\u22481; supports hierarchical structure.",
      "toe_consistency": "\u2705 - mass-hierarchy proxy supports emergent mass separation consistent with ToE expectations."
    },
    {
      "id": 5,
      "name": "operator_overlaps",
      "result": [
        [
          5.771641925065068e-18,
          7.030548969047444e-17,
          4.0479909859340577e-17,
          1.0821262799200569e-16
        ],
        [
          2.3764875467903636e-16,
          3.8201248630306797e-16,
          2.1347523718515762e-16,
          9.802643394904895e-17
        ],
        [
          4.168523709916838e-16,
          6.907478660336007e-16,
          1.073326494131373e-15,
          9.488375973423226e-17
        ],
        [
          3.9869037878646885e-16,
          4.235770126477249e-18,
          7.161749146841908e-17,
          5.556471553490528e-16
        ]
      ],
      "conclusion": "Low off-diagonal overlaps indicate weak mixing of leading operators across scales.",
      "toe_consistency": "\u2705 - low mixing aligns with stable emergent operators predicted by ToE."
    },
    {
      "id": 6,
      "name": "anomaly_proxy",
      "result": 0.0,