{
  "study": 122,
  "title": "Lepton Masses from Eigenvalue Spectrum (Exploratory)",
  "status": "Still exploring mechanism",
  "eigenvalues": [
    8.173540835355041,
    7.630716661954387,
    -4.0217913169520925,
    3.050712071264435,
    2.167659987144307,
    -1.277393087465588,
    -1.0319936100544078,
    0.6669747480274513
  ],
  "attempts": {
    "simple_scaling": {
      "ratio_mu_e_error_percent": 62.81135244345851,
      "ratio_tau_mu_error_percent": 54.70296230973614
    },
    "eigenvalue_factorization": {
      "ratio_mu_e_error_percent": 84.40060550237627,
      "ratio_tau_mu_error_percent": 86.81161304844275
    }
  },
  "next_steps": [
    "Investigate eigenvector structure",
    "Look for octave substructure (fractional octaves)",
    "Consider different lepton-octave mapping",
    "Explore Berry phase topological contributions",
    "Consult prior studies on mass mechanisms (Badania 28,38,46)"
  ]
}