{
  "study": 106,
  "title": "QUICK_WIN RG PROVE_TOE",
  "timestamp": "2025-11-14T18:38:19.119527+00:00",
  "parameters": {
    "N": 20,
    "alpha_geo": 2.77,
    "beta_tors": 0.01,
    "omega": 0.7853981633974483
  },
  "scales": [
    0.1,
    0.10600258488068821,
    0.1123654800138751,
    0.11911031332830067,
    0.12626001098748563,
    0.1338388753173757,
    0.14187266741165966,
    0.150388694695541,
    0.15941590374559989,
    0.16898497868124573,
    0.1791284454622004,
    0.18988078244652623,
    0.20127853758499395,
    0.21336045265014109,
    0.22616759492228639,
    0.23974349678010773,
    0.25413430367026363,
    0.2693889309590172,
    0.28555923019901075,
    0.30270016537634625,
    0.320869999737045,
    0.3401304938279251,
    0.3605471154250503,
    0.3821892620633119,
    0.4051304969235381,
    0.42944879887892745,
    0.45522682755073096,
    0.48255220427412776,
    0.5115178099293143,
    0.5422221006501587,
    0.5747694424835351,
    0.6092704661368677,
    0.645842443019698,
    0.6846096838574658,
    0.7257039612324214,
    0.769264957487914,
    0.8154407395185161,
    0.8643882620598268,
    0.9162739011886736,
    0.9712740198471168,
    1.0295755673125127,
    1.0913767146512732,
    1.156887528316282,
    1.2263306841775632,
    1.2999422244132455,
    1.3779723598335576,
    1.460686320364989,
    1.5483652565854984,
    1.6413071953751293,
    1.739828052930364,
    1.8442627085855348,
    1.9549661430912606,
    2.0723146452190293,
    2.196707090793235,
    2.3285662984981954,
    2.4683404670686486,
    2.616504698748821,
    2.7735626141984135,
    2.940048064334709,
    3.11652694492943,
    3.3035991201283377,
    3.501900461431711,
    3.7121050090663608,
    3.934927263095849,
    4.171124612056518,
    4.4214999073744865,
    4.686904192314192,
    4.968239594734385,
    5.266462393484278,
    5.582586268862695,
    5.917685748188822,
    6.272899858196247,
    6.649435996665045,
    7.048574036451903,
    7.471670675868078,
    7.9201640501925485,
    8.395578619995112,
    8.899530352885229,
    9.433732216299774,
    10.0
  ],
  "lambda_max": [
    47.640311560636036,
    47.02414630780229,
    46.33750442671007,
    45.573126578216275,
    44.723219307722985,
    43.77947684774665,
    42.733125611734266,
    41.574998215734645,
    40.29564529617904,
    38.88549497900046,
    37.33507154998069,
    35.63528658871011,
    33.77781740785812,
    31.755588848586957,
    29.563374967575456,
    27.198536401658792,
    24.66190650449076,
    21.95883376484838,
    19.531431684454358,
    20.916207922319884,
    22.276540977307093,
    23.57352009251382,
    24.759453623164397,
    25.777475727876126,
    26.56173379462269,
    27.03844901523247,
    27.12820433833147,
    26.749858707260312,
    25.82649042252899,
    24.293700781042435,
    22.11041479382555,
    19.271942059139576,
    18.69338342978805,
    21.508067803909967,
    23.947651649068813,
    25.729730229899765,
    26.548403432046083,
    26.113081245124686,
    24.205815400715178,
    20.75391475411826,
    18.321885340609548,
    22.62495474696602,
    25.596906838974302,
    26.40289395972341,
    24.42181612413657,
    19.540351400514705,
    21.108197367735915,
    25.5266025815615,
    26.074325556056618,
    21.803832640896122,
    20.344099544595284,
    25.85860731123358,
    25.014295493983443,
    17.173987517228362,
    25.263405902532885,
    24.94954667305694,
    19.110479798681308,
    26.40212037141594,
    20.581111917927373,
    25.57886005894751,
    22.273445389829735,
    26.31967599438044,
    19.725188924734148,
    50.57728748572259,
    38.56303805424211,
    26.923912673594767,
    21.660754068638685,
    20.977120315377263,
    25.67568081537487,
    26.264982057280452,
    24.61269628176616,
    22.600808805983966,
    21.527625168303413,
    22.149347860545305,
    25.05477420799124,
    49.47511948431905,
    26.273563083877082,
    24.97655949296213,
    19.167386609003643,
    26.402522168093842
  ],
  "trace": [
    2.7700000000000005,
    2.7700000000000005,
    2.7700000000000005,
    2.7700000000000005,
    2.7700000000000005,
    2.7700000000000005,
    2.7700000000000005,
    2.7700000000000005,
    2.7700000000000005,
    2.7700000000000005,
    2.7700000000000005,
    2.7700000000000005,
    2.7700000000000005,
    2.7700000000000005,
    2.7700000000000005,
    2.7700000000000005,
    2.7700000000000005,
    2.7700000000000005,
    2.7700000000000005,
    2.7700000000000005,
    2.7700000000000005,
    2.7700000000000005,
    2.7700000000000005,
    2.7700000000000005,
    2.7700000000000005,
    2.7700000000000005,
    2.7700000000000005,
    2.7700000000000005,
    2.7700000000000005,
    2.7700000000000005,
    2.7700000000000005,
    2.7700000000000005,
    2.7700000000000005,
    2.7700000000000005,
    2.7700000000000005,
    2.7700000000000005,
    2.7700000000000005,
    2.7700000000000005,
    2.7700000000000005,
    2.7700000000000005,
    2.7700000000000005,
    2.7700000000000005,
    2.7700000000000005,
    2.7700000000000005,
    2.7700000000000005,
    2.7700000000000005,
    2.7700000000000005,
    2.7700000000000005,
    2.7700000000000005,
    2.7700000000000005,
    2.7700000000000005,
    2.7700000000000005,
    2.7700000000000005,
    2.7700000000000005,
    2.7700000000000005,
    2.7700000000000005,
    2.7700000000000005,
    2.7700000000000005,
    2.7700000000000005,
    2.7700000000000005,
    2.7700000000000005,
    2.7700000000000005,
    2.7700000000000005,
    2.7700000000000005,
    2.7700000000000005,
    2.7700000000000005,
    2.7700000000000005,
    2.7700000000000005,
    2.7700000000000005,
    2.7700000000000005,
    2.7700000000000005,
    2.7700000000000005,
    2.7700000000000005,
    2.7700000000000005,
    2.7700000000000005,
    2.7700000000000005,
    2.7700000000000005,
    2.7700000000000005,
    2.7700000000000005,
    2.7700000000000005
  ],
  "tasks": [
    {
      "id": 0,
      "name": "dominant_coupling_stability",
      "result": {
        "lambda_s1": 20.75391475411826,
        "trace_s1": 2.7700000000000005
      },
      "conclusion": "Dominant eigenvalue \u03bb_max(s\u22481) is well separated from subleading modes; wskazuje stabilny, dominuj\u0105cy tryb sprz\u0119\u017ce\u0144.",
      "toe_consistency": "\u2705 \u2014 separacja spektralna wspiera istnienie jednego dominuj\u0105cego kana\u0142u sprz\u0119\u017ce\u0144 przewidzianego przez ToE."
    },
    {
      "id": 1,
      "name": "rg_sign_structure",
      "result": {
        "beta_min": -210.13189102173425,
        "beta_max": 234.38177864158217,
        "screening_count": 46,
        "antiscreening_count": 34
      },
      "conclusion": "Beta(s) pokazuje wyra\u017ane pasma screening i antiscreening; pozwala to na klasyfikacj\u0119 skal i przewidywanie zachowania sprz\u0119\u017ce\u0144.",
      "toe_consistency": "\u2705 \u2014 zgodne z oczekiwaniami RG w ToE; obecno\u015b\u0107 obu faz jest istotna dla dynamiki."
    },
    {
      "id": 2,
      "name": "anomalous_dimension_signal",
      "result": {
        "gamma_min": -5.862871188262872,
        "gamma_max": 6.89326167960915
      },
      "conclusion": "Heurystyczne \u03b3(s) wykazuje skale z istotnym skalowaniem; amplitudy sugeruj\u0105 przydatno\u015b\u0107 proxy dla identyfikacji anomalnych regu\u0142 skalowania.",
      "toe_consistency": "\u26a0\ufe0f \u2014 sygna\u0142 wskazuje na skalowanie, ale wymagane jest formalne operatorowe po\u0142\u0105czenie dla pewno\u015bci."
    },
    {
      "id": 3,
      "name": "mass_hierarchy_across_scales",
      "result": {
        "ratios": [
          3.893913416833066,
          1.1603024307557417,
          50.1004225039237
        ]
      },
      "conclusion": "Top/4th ratio pozostaje du\u017ca w typowych skalach, potwierdzaj\u0105c trwa\u0142\u0105 hierarchi\u0119 mas.",