{
  "study": 122,
  "title": "Lepton Mass Hierarchy (Revised with Enhanced Echolocation)",
  "parameters": {
    "alpha_geo": 2.77,
    "beta_tors": 0.01,
    "omega_res": 0.7853981633974483,
    "m_0_MeV": 0.44
  },
  "predictions": {
    "electron_MeV": 8.95732925805303,
    "muon_MeV": 21.034612874849284,
    "tau_MeV": 14.405325350890442,
    "ratio_mu_e": 2.348313014835114,
    "ratio_tau_mu": 0.6848391000394705,
    "error_mu_e_percent": 98.86427803464227,
    "error_tau_mu_percent": 95.92770470919412,
    "mean_error_percent": 97.3959913719182
  },
  "observed": {
    "electron_MeV": 0.5109989,
    "muon_MeV": 105.6583745,
    "tau_MeV": 1776.8600000000001,
    "ratio_mu_e": 206.76830126248802,
    "ratio_tau_mu": 16.81702949159037
  }
}