{
  "study": 103,
  "generated": "2025-11-14T17:29:18.621814Z",
  "params": {
    "alpha_geo": 2.77,
    "beta_tors": 0.01,
    "omega": 0.7853981633974483
  },
  "g_s_min": 1.2059764516164568,
  "g_s_max": 2.749458483766994,
  "beta_min": -2.2586123030986522,
  "beta_max": 2.6854567058204752,
  "gamma_min": -1.181083366304622,
  "gamma_max": 1.9404700829364643,
  "fixed_candidates": [],
  "sign_change_indices": [
    21,
    26,
    30,
    32,
    34,
    35,
    37
  ],
  "anomaly_proxy": 0.0
}