{
  "metadata": {
    "created": "2025-11-14T21:58:37.673905",
    "script": "113_DEEP_NADSOLITON_STRUCTURE_ANALYSIS.py",
    "Ns": [
      12,
      16,
      20,
      24,
      28,
      32
    ],
    "parameters": {
      "alpha_geo": 2.7715,
      "beta_tors": 0.01,
      "omega": 0.7854,
      "phi": 0.0
    }
  },
  "task_1_algebraic_probe": [
    {
      "task": "Algebraic Probe Extended (top-12)",
      "N": 12,
      "s": 1.0,
      "n_modes": 12,
      "n_commutators": 66,
      "residuals_stats": {
        "fraction_below_1e2": 1.0,
        "fraction_below_1e1": 1.0,
        "mean_residual": 9.490476559948693e-33,
        "max_residual": 1.5777218104420236e-30,
        "min_residual": 6.018531076210112e-36
      },
      "evals_top12": [
        16.049704103204615,
        16.015378872507906,
        0.39008668604019114,
        0.3838091831546806,
        0.12800903511733475,
        0.11408151282781924,
        0.058114073593739324,
        0.0365695652000121,
        0.026357927521560284,
        0.02105169124774956,
        0.018152221116276304,
        0.016685128468085654
      ],
      "interpretation": "Estructura algebraica de los 12 modos principales"
    },
    {
      "task": "Algebraic Probe Extended (top-12)",
      "N": 16,
      "s": 1.0,
      "n_modes": 12,
      "n_commutators": 66,
      "residuals_stats": {
        "fraction_below_1e2": 1.0,
        "fraction_below_1e1": 1.0,
        "mean_residual": 2.650799027889202e-32,
        "max_residual": 6.310887241768095e-30,
        "min_residual": 1.2037062152420224e-35
      },
      "evals_top12": [
        21.124576483978387,
        21.091673444364833,
        0.657064027617657,
        0.65134908447499,
        0.19862773956499732,
        0.19101211171250074,
        0.11111695647899082,
        0.09263501472296079,
        0.057616327586788266,
        0.03999027095212479,
        0.030346813541861153,
        0.024581597247920826
      ],
      "interpretation": "Estructura algebraica de los 12 modos principales"
    },
    {
      "task": "Algebraic Probe Extended (top-12)",
      "N": 20,
      "s": 1.0,
      "n_modes": 12,
      "n_commutators": 66,
      "residuals_stats": {
        "fraction_below_1e2": 1.0,
        "fraction_below_1e1": 1.0,
        "mean_residual": 5.818794947600447e-33,
        "max_residual": 9.860761315262648e-31,
        "min_residual": 6.018531076210112e-36
      },
      "evals_top12": [
        26.08210882797008,
        26.05051949017561,
        0.9865978584276144,
        0.9808075326909164,
        0.2933502373596828,
        0.2881744300656312,
        0.1484175287579191,
        0.13743498014955832,
        0.10434984089632161,
        0.08310739564929055,
        0.05709353314832401,
        0.042415788902374116
      ],
      "interpretation": "Estructura algebraica de los 12 modos principales"
    },
    {
      "task": "Algebraic Probe Extended (top-12)",
      "N": 24,
      "s": 1.0,
      "n_modes": 12,
      "n_commutators": 66,
      "residuals_stats": {
        "fraction_below_1e2": 1.0,
        "fraction_below_1e1": 1.0,
        "mean_residual": 2.1536680826530897e-33,
        "max_residual": 1.2691878333511884e-31,
        "min_residual": 1.2037062152420224e-35
      },
      "evals_top12": [
        30.928326460705982,
        30.897956881804195,
        1.3730502459142744,
        1.3669871573845105,
        0.40932237147109357,
        0.40530621027272073,
        0.19852507806294772,
        0.1908896299888188,
        0.12822564535439013,
        0.11510392358172754,
        0.1005279697623374,
        0.0771302787278729
      ],
      "interpretation": "Estructura algebraica de los 12 modos principales"
    },
    {
      "task": "Algebraic Probe Extended (top-12)",
      "N": 28,
      "s": 1.0,
      "n_modes": 12,
      "n_commutators": 66,
      "residuals_stats": {
        "fraction_below_1e2": 1.0,
        "fraction_below_1e1": 1.0,
        "mean_residual": 6.020943590786289e-33,
        "max_residual": 7.888609052210118e-31,
        "min_residual": 1.128474576789396e-36
      },
      "evals_top12": [
        35.66877000981102,
        35.63953697053054,
        1.8115744635712256,
        1.8051803922695595,
        0.5452888868874429,
        0.541875617132469,
        0.25926456303033113,
        0.25346868418101753,
        0.16059418863195085,
        0.15114095363991278,
        0.11733480268554627,
        0.10345858253684184
      ],
      "interpretation": "Estructura algebraica de los 12 modos principales"
    },
    {
      "task": "Algebraic Probe Extended (top-12)",
      "N": 32,
      "s": 1.0,
      "n_modes": 12,
      "n_commutators": 66,
      "residuals_stats": {
        "fraction_below_1e2": 1.0,
        "fraction_below_1e1": 1.0,
        "mean_residual": 3.819354025953648e-33,
        "max_residual": 7.888609052210118e-31,
        "min_residual": 6.018531076210112e-36
      },
      "evals_top12": [
        40.30854734597287,
        40.280376291405155,
        2.2978589546269848,
        2.291128309968598,
        0.7003907910287962,
        0.6972990360611442,
        0.3297735569731164,
        0.3250836573753556,
        0.19974405174181353,
        0.19256188702226285,
        0.14016426367140966,
        0.12885487443415833
      ],
      "interpretation": "Estructura algebraica de los 12 modos principales"
    }
  ],
  "task_2_pr_scaling": {
    "task": "PR Scaling Extended",
    "results": {
      "mode_0": {
        "Ns": [
          12,
          16,
          20,
          24,
          28,
          32
        ],
        "PR_values": [
          8.007102336349334,
          10.671125365897872,
          13.333574118403053,
          15.994232498554402,
          18.652924783406934,
          21.309510177808043
        ],
        "fit_alpha": 0.9979807328155353,
        "fit_c": 0.6706696064803864,
        "R_squared": 0.9999999546002042,
        "interpretation": "PR ~ 0.671 * N^0.9980"
      },
      "mode_1": {
        "Ns": [
          12,
          16,
          20,
          24,
          28,
          32
        ],
        "PR_values": [
          8.005972056076976,
          10.669615905791401,
          13.331734660348692,
          15.992099719714925,
          18.650528401961257,
          21.306875275804646
        ],
        "fit_alpha": 0.9979990950513136,
        "fit_c": 0.6705420996195588,
        "R_squared": 0.9999999574868427,
        "interpretation": "PR ~ 0.671 * N^0.9980"
      },
      "mode_2": {
        "Ns": [
          12,
          16,
          20,
          24,
          28,
          32
        ],
        "PR_values": [
          5.650088716941711,
          7.428039264348475,
          9.240150385826237,
          11.0775121463094,
          12.933664120115111,
          14.804910431215141
        ],
        "fit_alpha": 0.9829732845599476,
        "fit_c": 0.4884884091470374,
        "R_squared": 0.9998519765636482,
        "interpretation": "PR ~ 0.488 * N^0.9830"
      },
      "mode_3": {
        "Ns": [
          12,
          16,
          20,
          24,
          28,
          32
        ],
        "PR_values": [
          5.704833237430914,
          7.463846196723529,
          9.272869369417496,
          11.108381778091308,
          12.962887416522342,
          14.832592463830839
        ],
        "fit_alpha": 0.9756130798554695,
        "fit_c": 0.5016118089277443,
        "R_squared": 0.9997714686527887,
        "interpretation": "PR ~ 0.502 * N^0.9756"
      }
    },
    "overall_alpha_mean": 0.9886415480705665,
    "overall_r2_mean": 0.9999058393258708
  },
  "task_3_defect_probe": [
    {
      "task": "Defect Probe Extended",
      "N": 12,
      "s": 1.0,
      "defect_width": 2,
      "PR_original": [
        8.007102336349334,
        8.005972056076976,
        5.650088716941711,
        5.704833237430914
      ],