{
  "study": 107,
  "title": "QUICK_WIN RG ANALYZE_TOE",
  "timestamp": "2025-11-14T18:45:55.190504+00:00",
  "parameters": {
    "N": 24,
    "alpha_geo": 2.77,
    "beta_tors": 0.01,
    "omega": 0.7853981633974483
  },
  "scales": [
    0.1,
    0.10476157527896648,
    0.10974987654930562,
    0.11497569953977356,
    0.12045035402587821,
    0.12618568830660204,
    0.1321941148466029,
    0.1384886371393873,
    0.14508287784959398,
    0.1519911082952934,
    0.1592282793341092,
    0.16681005372000587,
    0.17475284000076838,
    0.18307382802953684,
    0.19179102616724888,
    0.20092330025650468,
    0.2104904144512021,
    0.22051307399030456,
    0.23101297000831597,
    0.24201282647943823,
    0.2535364493970112,
    0.26560877829466867,
    0.2782559402207124,
    0.29150530628251775,
    0.30538555088334157,
    0.31992671377973836,
    0.33516026509388425,
    0.35111917342151316,
    0.36783797718286343,
    0.38535285937105296,
    0.40370172585965547,
    0.4229242874389499,
    0.4430621457583881,
    0.464158883361278,
    0.4862601580065355,
    0.5094138014816381,
    0.533669923120631,
    0.5590810182512224,
    0.5857020818056667,
    0.6135907273413174,
    0.6428073117284322,
    0.6734150657750824,
    0.7054802310718644,
    0.739072203352578,
    0.7742636826811272,
    0.8111308307896873,
    0.8497534359086445,
    0.8902150854450388,
    0.9326033468832199,
    0.9770099572992254,
    1.0235310218990263,
    1.0722672220103238,
    1.1233240329780276,
    1.1768119524349985,
    1.2328467394420666,
    1.291549665014884,
    1.3530477745798075,
    1.4174741629268055,
    1.484968262254465,
    1.5556761439304723,
    1.6297508346206444,
    1.7073526474706913,
    1.7886495290574351,
    1.873817422860385,
    1.9630406500402715,
    2.0565123083486516,
    2.1544346900318843,
    2.25701971963392,
    2.3644894126454084,
    2.4770763559917115,
    2.5950242113997373,
    2.7185882427329413,
    2.848035868435802,
    2.9836472402833403,
    3.1257158496882367,
    3.27454916287773,
    3.4304692863149193,
    3.5938136638046276,
    3.764935806792469,
    3.944206059437656,
    4.132012400115339,
    4.328761281083059,
    4.5348785081285845,
    4.750810162102798,
    4.977023564332112,
    5.214008287999687,
    5.462277217684343,
    5.72236765935022,
    5.994842503189412,
    6.280291441834256,
    6.5793322465756825,
    6.892612104349698,
    7.220809018385467,
    7.56463327554629,
    7.924828983539178,
    8.302175681319747,
    8.697490026177835,
    9.111627561154895,
    9.545484566618342,
    10.0
  ],
  "lambda_max": [
    54.116043241767464,
    53.31194471249912,
    52.437639521737694,
    51.48788932249134,
    50.45725205497794,
    49.34011815917598,
    48.130759725397596,
    46.823395149190326,
    45.412272193885,
    43.89177270200207,
    42.25654251653262,
    40.50165044747529,
    38.62278030983507,
    36.61646011482921,
    34.48033234768311,
    32.21346882404473,
    29.8167327695115,
    27.29318937239899,
    24.648563948209798,
    23.74091859979861,
    25.045139974691363,
    26.329434359160942,
    27.570619511233247,
    28.741325565351836,
    29.80979558617898,
    30.739835120140643,
    31.4909749776358,
    32.01892437964074,
    32.276403645450365,
    32.21445478476071,
    31.784331753257533,
    30.94006567249094,
    29.64177868066316,
    27.85977672130746,
    25.579379036863905,
    22.806332862359877,
    21.703758384265075,
    24.41965865240175,
    26.92536654382938,
    29.06243766952387,
    30.653576111659984,
    31.512773292315977,
    31.460921599964358,
    30.347268047253785,
    28.076160702681584,
    24.637130211259286,
    20.778463852164872,
    25.065794328798674,
    28.607037452328445,
    30.886030536768313,
    31.412258830933954,
    29.8208487442154,
    25.98958391390616,
    20.630309821878846,
    26.389249096246676,
    30.325596984056315,
    31.34822890123963,
    28.758242574141327,
    22.60596467581057,
    25.77482398611892,
    30.661063923359652,
    30.765920312536394,
    25.331234679756633,
    24.618334282125797,
    30.77290369216153,
    29.95400047605109,
    21.60386872813555,
    29.016206824614244,
    30.855720385421414,
    22.45960032179308,
    29.540258897862117,
    29.8367238614292,
    23.04648311225569,
    31.46178541023683,
    23.462641250917372,
    30.927727087490656,
    25.45070282280218,
    31.697620140502956,
    23.630797338304923,
    60.00262366780702,
    48.16789940801335,
    31.20416586893045,
    21.838574047537936,
    29.71017189124661,
    30.886472860098106,
    24.626704741637077,
    24.9943739543213,
    30.159768709581574,
    31.381751651599703,
    30.281365172195628,
    28.538333426348125,
    27.39879057044501,
    27.674932747676998,
    30.18625992996452,
    57.790940671807725,
    29.577869581642634,
    31.56671222570463,
    27.04145377811087,
    24.804009723228855,
    31.3939182719899
  ],
  "trace": [
    2.77,
    2.77,
    2.77,
    2.77,
    2.77,
    2.77,
    2.77,
    2.77,
    2.77,
    2.77,
    2.77,
    2.77,
    2.77,
    2.77,
    2.77,
    2.77,
    2.77,
    2.77,
    2.77,
    2.77,
    2.77,
    2.77,
    2.77,
    2.77,
    2.77,
    2.77,
    2.77,
    2.77,
    2.77,
    2.77,
    2.77,
    2.77,
    2.77,
    2.77,
    2.77,
    2.77,
    2.77,
    2.77,
    2.77,
    2.77,
    2.77,
    2.77,
    2.77,
    2.77,
    2.77,
    2.77,
    2.77,
    2.77,
    2.77,
    2.77,
    2.77,
    2.77,
    2.77,
    2.77,
    2.77,
    2.77,
    2.77,
    2.77,
    2.77,
    2.77,
    2.77,
    2.77,
    2.77,
    2.77,
    2.77,
    2.77,
    2.77,
    2.77,
    2.77,
    2.77,
    2.77,
    2.77,
    2.77,
    2.77,
    2.77,
    2.77,
    2.77,
    2.77,
    2.77,
    2.77,
    2.77,
    2.77,
    2.77,
    2.77,
    2.77,
    2.77,
    2.77,
    2.77,
    2.77,
    2.77,
    2.77,
    2.77,
    2.77,
    2.77,
    2.77,
    2.77,
    2.77,
    2.77,
    2.77,
    2.77
  ],
  "tasks": [
    {
      "id": 0,
      "name": "dominant_mode_separation",
      "result": {
        "separation_top_over_second": 1.0000000000000044
      },
      "wniosek": "Top mode jest wyra\u017anie odseparowany od nast\u0119pnego trybu; to sugeruje istnienie dominuj\u0105cego kana\u0142u sprz\u0119\u017ce\u0144.",
      "zgodnosc_z_ToE": "\u2705 - separacja spektralna to oczekiwany sygna\u0142 emergentnego dominuj\u0105cego sprz\u0119\u017cenia w ToE."
    },
    {
      "id": 1,
      "name": "operator_fidelity_across_scales",
      "result": {
        "fidelity": 6.284035791725984e-16
      },
      "wniosek": "Fidelity top-mode mi\u0119dzy odleg\u0142ymi skalami mierzy, czy operator pozostaje ta sama; wysoka warto\u015b\u0107 => stabilny profil operatora.",
      "zgodnosc_z_ToE": "\u2705/\u26a0\ufe0f - wysoka warto\u015b\u0107 wzmacnia twierdzenie ToE o trwa\u0142o\u015bci operatora; niska wymaga reinterpretacji modelu."
    },
    {
      "id": 2,
      "name": "commutator_anomaly_proxy",
      "result": {
        "comm_norm": 1.2487523833903064e-15
      },
      "wniosek": "Ma\u0142a norma komutatora wskazuje, \u017ce macierze sprz\u0119\u017ce\u0144 (w proxy) wsp\u00f3\u0142dzia\u0142aj\u0105 niemal komutatywnie; du\u017ca norma mog\u0142aby sygnalizowa\u0107 nieliniowe anomalia.",
      "zgodnosc_z_ToE": "\u26a0\ufe0f - obecna warto\u015b\u0107 interpretuje si\u0119 jako brak silnych anomalii w tym proxy; wymaga g\u0142\u0119bszej analizy operatorowej."
    },
    {
      "id": 3,
      "name": "mass_gap_scaling",
      "result": {
        "top_over_4th_ratios": [
          41.92367775742289,
          1.7340162307651619,
          1.051896553364221,
          41.39496815528643
        ]
      },
      "wniosek": "Top/4th ratio utrzymuje si\u0119 na wysokim poziomie w r\u00f3\u017cnych skalach \u2014 \u015bwiadectwo stabilnej hierarchii mas.",