{
  "metadata": {
    "created": "2025-11-14T22:31:58.694167",
    "script": "114_GENERATOR_OBSERVABLE_MAPPING.py",
    "Ns": [
      12,
      16,
      20,
      24,
      28,
      32
    ],
    "methodology": "First principles - NO FITTING"
  },
  "task_1_generator_characteristics": [
    {
      "task": "Generator Characteristics",
      "N": 12,
      "n_generators": 11,
      "singular_values_top5": [
        79.37409414300673,
        58.04930125456814,
        45.17602405408818,
        34.78270965240955,
        26.283571702877484
      ],
      "energy_top3_fraction": 0.8296736495099067,
      "energy_distribution": {
        "top1_percent": 44.635125847491445,
        "top2_percent": 23.87334051632155,
        "top3_percent": 14.458898587177687,
        "cumsum_top3": 0.8296736495099069
      },
      "hierarchy": "Strong hierarchy (top-3 noszą >50% energii)"
    },
    {
      "task": "Generator Characteristics",
      "N": 16,
      "n_generators": 11,
      "singular_values_top5": [
        94.8489436083396,
        72.67676995345413,
        59.364410329362926,
        48.69313575258271,
        39.940496229639926
      ],
      "energy_top3_fraction": 0.7422821586601216,
      "energy_distribution": {
        "top1_percent": 37.510792457292794,
        "top2_percent": 22.02330418417794,
        "top3_percent": 14.694119224541428,
        "cumsum_top3": 0.7422821586601216
      },
      "hierarchy": "Strong hierarchy (top-3 noszą >50% energii)"
    },
    {
      "task": "Generator Characteristics",
      "N": 20,
      "n_generators": 11,
      "singular_values_top5": [
        108.43756309600943,
        85.43093618078721,
        71.70670580593158,
        60.80693440967416,
        51.915923286095264
      ],
      "energy_top3_fraction": 0.6718882705732471,
      "energy_distribution": {
        "top1_percent": 32.64819002193133,
        "top2_percent": 20.26422235434222,
        "top3_percent": 14.276414681051165,
        "cumsum_top3": 0.6718882705732472
      },
      "hierarchy": "Strong hierarchy (top-3 noszą >50% energii)"
    },
    {
      "task": "Generator Characteristics",
      "N": 24,
      "n_generators": 11,
      "singular_values_top5": [
        120.69219011904917,
        96.8882262858269,
        82.80746066301371,
        71.80452560144964,
        63.08049682410177
      ],
      "energy_top3_fraction": 0.6181147339334824,
      "energy_distribution": {
        "top1_percent": 29.222779148497537,
        "top2_percent": 18.832379200077597,
        "top3_percent": 13.756315044773102,
        "cumsum_top3": 0.6181147339334824
      },
      "hierarchy": "Strong hierarchy (top-3 noszą >50% energii)"
    },
    {
      "task": "Generator Characteristics",
      "N": 28,
      "n_generators": 11,
      "singular_values_top5": [
        132.00856987825472,
        107.61126467556068,
        93.66434494212737,
        83.56766743922124,
        75.90112852085055
      ],
      "energy_top3_fraction": 0.5774072853062415,
      "energy_distribution": {
        "top1_percent": 26.63365732497816,
        "top2_percent": 17.698726828643117,
        "top3_percent": 13.408344377002871,
        "cumsum_top3": 0.5774072853062414
      },
      "hierarchy": "Strong hierarchy (top-3 noszą >50% energii)"
    },
    {
      "task": "Generator Characteristics",
      "N": 32,
      "n_generators": 11,
      "singular_values_top5": [
        142.72743858382174,
        118.32021285283602,
        105.51695225074545,
        96.35948388088943,
        87.9901890367515
      ],
      "energy_top3_fraction": 0.5513345126576016,
      "energy_distribution": {
        "top1_percent": 24.68167418423978,
        "top2_percent": 16.962019404401886,
        "top3_percent": 13.489757677118483,
        "cumsum_top3": 0.5513345126576015
      },
      "hierarchy": "Strong hierarchy (top-3 noszą >50% energii)"
    }
  ],
  "task_2_lepton_mass_ratios": [
    {
      "task": "Lepton Mass Ratios",
      "N": 12,
      "theory": {
        "mu_e_ratio": 1.252057481337893,
        "tau_e_ratio": 1.7371319372699527,
        "tau_mu_ratio": 1.3874218741249247
      },
      "experiment": {
        "mu_e_ratio": 206.77103718199606,
        "tau_e_ratio": 3477.2211350293537,
        "tau_mu_ratio": 16.816770774181336
      },
      "errors_percent": {
        "mu_e_error": 99.39447153798632,
        "tau_e_error": 99.95004252333077,
        "tau_mu_error": 91.7497723388427,
        "mean_error": 97.03142880005326
      },
      "assessment": "Needs refinement"
    },
    {
      "task": "Lepton Mass Ratios",
      "N": 16,
      "theory": {
        "mu_e_ratio": 1.4407586199094498,
        "tau_e_ratio": 2.3164387866704077,
        "tau_mu_ratio": 1.6077910308223549
      },
      "experiment": {
        "mu_e_ratio": 206.77103718199606,
        "tau_e_ratio": 3477.2211350293537,
        "tau_mu_ratio": 16.816770774181336
      },
      "errors_percent": {
        "mu_e_error": 99.3032106239128,
        "tau_e_error": 99.93338247132645,
        "tau_mu_error": 90.43935930142555,
        "mean_error": 96.55865079888827
      },
      "assessment": "Needs refinement"
    },
    {
      "task": "Lepton Mass Ratios",
      "N": 20,
      "theory": {
        "mu_e_ratio": 1.2556023453878067,
        "tau_e_ratio": 1.6537033687053282,
        "tau_mu_ratio": 1.3170597958659942
      },
      "experiment": {
        "mu_e_ratio": 206.77103718199606,
        "tau_e_ratio": 3477.2211350293537,
        "tau_mu_ratio": 16.816770774181336
      },
      "errors_percent": {
        "mu_e_error": 99.39275714698735,
        "tau_e_error": 99.95244181188116,
        "tau_mu_error": 92.16817655689245,
        "mean_error": 97.17112517192032
      },
      "assessment": "Needs refinement"
    },
    {
      "task": "Lepton Mass Ratios",
      "N": 24,
      "theory": {
        "mu_e_ratio": 1.1139989095449534,
        "tau_e_ratio": 1.6584111474990768,
        "tau_mu_ratio": 1.4887008715084873
      },
      "experiment": {
        "mu_e_ratio": 206.77103718199606,
        "tau_e_ratio": 3477.2211350293537,
        "tau_mu_ratio": 16.816770774181336
      },
      "errors_percent": {
        "mu_e_error": 99.46124035322971,
        "tau_e_error": 99.95230642276984,
        "tau_mu_error": 91.1475223662198,
        "mean_error": 96.85368971407313
      },
      "assessment": "Needs refinement"
    },
    {
      "task": "Lepton Mass Ratios",
      "N": 28,
      "theory": {
        "mu_e_ratio": 1.0625458207347296,
        "tau_e_ratio": 1.6770350992021423,
        "tau_mu_ratio": 1.578317910132577
      },
      "experiment": {
        "mu_e_ratio": 206.77103718199606,
        "tau_e_ratio": 3477.2211350293537,
        "tau_mu_ratio": 16.816770774181336
      },
      "errors_percent": {
        "mu_e_error": 99.48612444217731,
        "tau_e_error": 99.95177082405523,
        "tau_mu_error": 90.61461958822822,
        "mean_error": 96.68417161815358
      },
      "assessment": "Needs refinement"
    },
    {
      "task": "Lepton Mass Ratios",
      "N": 32,
      "theory": {
        "mu_e_ratio": 1.03729795563709,
        "tau_e_ratio": 1.6882035297970017,
        "tau_mu_ratio": 1.627501067193502
      },
      "experiment": {
        "mu_e_ratio": 206.77103718199606,
        "tau_e_ratio": 3477.2211350293537,
        "tau_mu_ratio": 16.816770774181336
      },
      "errors_percent": {
        "mu_e_error": 99.49833498454424,
        "tau_e_error": 99.9514496356648,
        "tau_mu_error": 90.32215465711054,
        "mean_error": 96.59064642577319
      },
      "assessment": "Needs refinement"
    }
  ],
  "task_3_boson_mass_ratios": [
    {
      "task": "Boson Mass Ratios",
      "N": 12,
      "theory": {
        "Z_W_ratio": 0.9978613169142567,
        "H_Z_ratio": 0.024357006421485056
      },
      "experiment": {
        "Z_W_ratio": 1.1345036515421079,
        "H_Z_ratio": 1.3718910382945124
      },