This is pdfTeX, Version 3.141592653-2.6-1.40.25 (TeX Live 2023/Debian) (preloaded format=pdflatex 2025.10.17)  11 DEC 2025 04:37
entering extended mode
 restricted \write18 enabled.
 %&-line parsing enabled.
**TOE_FINAL_DOCUMENTATION.tex
(./TOE_FINAL_DOCUMENTATION.tex
LaTeX2e <2023-11-01> patch level 1
L3 programming layer <2024-01-22>
(/usr/share/texlive/texmf-dist/tex/latex/base/article.cls
Document Class: article 2023/05/17 v1.4n Standard LaTeX document class
(/usr/share/texlive/texmf-dist/tex/latex/base/size11.clo
File: size11.clo 2023/05/17 v1.4n Standard LaTeX file (size option)
)
\c@part=\count187
\c@section=\count188
\c@subsection=\count189
\c@subsubsection=\count190
\c@paragraph=\count191
\c@subparagraph=\count192
\c@figure=\count193
\c@table=\count194
\abovecaptionskip=\skip48
\belowcaptionskip=\skip49
\bibindent=\dimen140
)
(/usr/share/texlive/texmf-dist/tex/latex/base/inputenc.sty
Package: inputenc 2021/02/14 v1.3d Input encoding file
\inpenc@prehook=\toks17
\inpenc@posthook=\toks18
)
(/usr/share/texlive/texmf-dist/tex/latex/base/fontenc.sty
Package: fontenc 2021/04/29 v2.0v Standard LaTeX package
)
(/usr/share/texlive/texmf-dist/tex/latex/amsmath/amsmath.sty
Package: amsmath 2023/05/13 v2.17o AMS math features
\@mathmargin=\skip50

For additional information on amsmath, use the `?' option.
(/usr/share/texlive/texmf-dist/tex/latex/amsmath/amstext.sty
Package: amstext 2021/08/26 v2.01 AMS text

(/usr/share/texlive/texmf-dist/tex/latex/amsmath/amsgen.sty
File: amsgen.sty 1999/11/30 v2.0 generic functions
\@emptytoks=\toks19
\ex@=\dimen141
))
(/usr/share/texlive/texmf-dist/tex/latex/amsmath/amsbsy.sty
Package: amsbsy 1999/11/29 v1.2d Bold Symbols
\pmbraise@=\dimen142
)
(/usr/share/texlive/texmf-dist/tex/latex/amsmath/amsopn.sty
Package: amsopn 2022/04/08 v2.04 operator names
)
\inf@bad=\count195
LaTeX Info: Redefining \frac on input line 234.
\uproot@=\count196
\leftroot@=\count197
LaTeX Info: Redefining \overline on input line 399.
LaTeX Info: Redefining \colon on input line 410.
\classnum@=\count198
\DOTSCASE@=\count199
LaTeX Info: Redefining \ldots on input line 496.
LaTeX Info: Redefining \dots on input line 499.
LaTeX Info: Redefining \cdots on input line 620.
\Mathstrutbox@=\box51
\strutbox@=\box52
LaTeX Info: Redefining \big on input line 722.
LaTeX Info: Redefining \Big on input line 723.
LaTeX Info: Redefining \bigg on input line 724.
LaTeX Info: Redefining \Bigg on input line 725.
\big@size=\dimen143
LaTeX Font Info:    Redeclaring font encoding OML on input line 743.
LaTeX Font Info:    Redeclaring font encoding OMS on input line 744.
\macc@depth=\count266
LaTeX Info: Redefining \bmod on input line 905.
LaTeX Info: Redefining \pmod on input line 910.
LaTeX Info: Redefining \smash on input line 940.
LaTeX Info: Redefining \relbar on input line 970.
LaTeX Info: Redefining \Relbar on input line 971.
\c@MaxMatrixCols=\count267
\dotsspace@=\muskip16
\c@parentequation=\count268
\dspbrk@lvl=\count269
\tag@help=\toks20
\row@=\count270
\column@=\count271
\maxfields@=\count272
\andhelp@=\toks21
\eqnshift@=\dimen144
\alignsep@=\dimen145
\tagshift@=\dimen146
\tagwidth@=\dimen147
\totwidth@=\dimen148
\lineht@=\dimen149
\@envbody=\toks22
\multlinegap=\skip51
\multlinetaggap=\skip52
\mathdisplay@stack=\toks23
LaTeX Info: Redefining \[ on input line 2953.
LaTeX Info: Redefining \] on input line 2954.
)
(/usr/share/texlive/texmf-dist/tex/latex/amsfonts/amssymb.sty
Package: amssymb 2013/01/14 v3.01 AMS font symbols

(/usr/share/texlive/texmf-dist/tex/latex/amsfonts/amsfonts.sty
Package: amsfonts 2013/01/14 v3.01 Basic AMSFonts support
\symAMSa=\mathgroup4
\symAMSb=\mathgroup5
LaTeX Font Info:    Redeclaring math symbol \hbar on input line 98.
LaTeX Font Info:    Overwriting math alphabet `\mathfrak' in version `bold'
(Font)                  U/euf/m/n --> U/euf/b/n on input line 106.
))
(/usr/share/texlive/texmf-dist/tex/latex/amscls/amsthm.sty
Package: amsthm 2020/05/29 v2.20.6
\thm@style=\toks24
\thm@bodyfont=\toks25
\thm@headfont=\toks26
\thm@notefont=\toks27
\thm@headpunct=\toks28
\thm@preskip=\skip53
\thm@postskip=\skip54
\thm@headsep=\skip55
\dth@everypar=\toks29
)
(/usr/share/texlive/texmf-dist/tex/latex/jknapltx/mathrsfs.sty
Package: mathrsfs 1996/01/01 Math RSFS package v1.0 (jk)
\symrsfs=\mathgroup6
)
(/usr/share/texlive/texmf-dist/tex/latex/graphics/graphicx.sty
Package: graphicx 2021/09/16 v1.2d Enhanced LaTeX Graphics (DPC,SPQR)

(/usr/share/texlive/texmf-dist/tex/latex/graphics/keyval.sty
Package: keyval 2022/05/29 v1.15 key=value parser (DPC)
\KV@toks@=\toks30
)
(/usr/share/texlive/texmf-dist/tex/latex/graphics/graphics.sty
Package: graphics 2022/03/10 v1.4e Standard LaTeX Graphics (DPC,SPQR)

(/usr/share/texlive/texmf-dist/tex/latex/graphics/trig.sty
Package: trig 2021/08/11 v1.11 sin cos tan (DPC)
)
(/usr/share/texlive/texmf-dist/tex/latex/graphics-cfg/graphics.cfg
File: graphics.cfg 2016/06/04 v1.11 sample graphics configuration
)
Package graphics Info: Driver file: pdftex.def on input line 107.

(/usr/share/texlive/texmf-dist/tex/latex/graphics-def/pdftex.def
File: pdftex.def 2022/09/22 v1.2b Graphics/color driver for pdftex
))
\Gin@req@height=\dimen150
\Gin@req@width=\dimen151
)
(/usr/share/texlive/texmf-dist/tex/latex/geometry/geometry.sty
Package: geometry 2020/01/02 v5.9 Page Geometry

(/usr/share/texlive/texmf-dist/tex/generic/iftex/ifvtex.sty
Package: ifvtex 2019/10/25 v1.7 ifvtex legacy package. Use iftex instead.

(/usr/share/texlive/texmf-dist/tex/generic/iftex/iftex.sty
Package: iftex 2022/02/03 v1.0f TeX engine tests
))
\Gm@cnth=\count273
\Gm@cntv=\count274
\c@Gm@tempcnt=\count275
\Gm@bindingoffset=\dimen152
\Gm@wd@mp=\dimen153
\Gm@odd@mp=\dimen154
\Gm@even@mp=\dimen155
\Gm@layoutwidth=\dimen156
\Gm@layoutheight=\dimen157
\Gm@layouthoffset=\dimen158
\Gm@layoutvoffset=\dimen159
\Gm@dimlist=\toks31
)
(/usr/share/texlive/texmf-dist/tex/latex/hyperref/hyperref.sty
Package: hyperref 2024-01-20 v7.01h Hypertext links for LaTeX

(/usr/share/texlive/texmf-dist/tex/latex/kvsetkeys/kvsetkeys.sty
Package: kvsetkeys 2022-10-05 v1.19 Key value parser (HO)
)
(/usr/share/texlive/texmf-dist/tex/generic/kvdefinekeys/kvdefinekeys.sty
Package: kvdefinekeys 2019-12-19 v1.6 Define keys (HO)
)
(/usr/share/texlive/texmf-dist/tex/generic/pdfescape/pdfescape.sty
Package: pdfescape 2019/12/09 v1.15 Implements pdfTeX's escape features (HO)

(/usr/share/texlive/texmf-dist/tex/generic/ltxcmds/ltxcmds.sty
Package: ltxcmds 2023-12-04 v1.26 LaTeX kernel commands for general use (HO)
)
(/usr/share/texlive/texmf-dist/tex/generic/pdftexcmds/pdftexcmds.sty
Package: pdftexcmds 2020-06-27 v0.33 Utility functions of pdfTeX for LuaTeX (HO
)

(/usr/share/texlive/texmf-dist/tex/generic/infwarerr/infwarerr.sty
Package: infwarerr 2019/12/03 v1.5 Providing info/warning/error messages (HO)
)
Package pdftexcmds Info: \pdf@primitive is available.
Package pdftexcmds Info: \pdf@ifprimitive is available.
Package pdftexcmds Info: \pdfdraftmode found.
))
(/usr/share/texlive/texmf-dist/tex/latex/hycolor/hycolor.sty
Package: hycolor 2020-01-27 v1.10 Color options for hyperref/bookmark (HO)
)
(/usr/share/texlive/texmf-dist/tex/latex/auxhook/auxhook.sty
Package: auxhook 2019-12-17 v1.6 Hooks for auxiliary files (HO)
)
(/usr/share/texlive/texmf-dist/tex/latex/hyperref/nameref.sty
Package: nameref 2023-11-26 v2.56 Cross-referencing by name of section

(/usr/share/texlive/texmf-dist/tex/latex/refcount/refcount.sty
Package: refcount 2019/12/15 v3.6 Data extraction from label references (HO)
)
(/usr/share/texlive/texmf-dist/tex/generic/gettitlestring/gettitlestring.sty
Package: gettitlestring 2019/12/15 v1.6 Cleanup title references (HO)

(/usr/share/texlive/texmf-dist/tex/latex/kvoptions/kvoptions.sty
Package: kvoptions 2022-06-15 v3.15 Key value format for package options (HO)
))
\c@section@level=\count276
)
(/usr/share/texlive/texmf-dist/tex/latex/etoolbox/etoolbox.sty
Package: etoolbox 2020/10/05 v2.5k e-TeX tools for LaTeX (JAW)
\etb@tempcnta=\count277
)
\@linkdim=\dimen160
\Hy@linkcounter=\count278
\Hy@pagecounter=\count279

(/usr/share/texlive/texmf-dist/tex/latex/hyperref/pd1enc.def
File: pd1enc.def 2024-01-20 v7.01h Hyperref: PDFDocEncoding definition (HO)
Now handling font encoding PD1 ...
... no UTF-8 mapping file for font encoding PD1
)
(/usr/share/texlive/texmf-dist/tex/generic/intcalc/intcalc.sty
Package: intcalc 2019/12/15 v1.3 Expandable calculations with integers (HO)
)
\Hy@SavedSpaceFactor=\count280

(/usr/share/texlive/texmf-dist/tex/latex/hyperref/puenc.def
File: puenc.def 2024-01-20 v7.01h Hyperref: PDF Unicode definition (HO)
Now handling font encoding PU ...
... no UTF-8 mapping file for font encoding PU
)
Package hyperref Info: Hyper figures OFF on input line 4179.
Package hyperref Info: Link nesting OFF on input line 4184.
Package hyperref Info: Hyper index ON on input line 4187.
Package hyperref Info: Plain pages OFF on input line 4194.
Package hyperref Info: Backreferencing OFF on input line 4199.
Package hyperref Info: Implicit mode ON; LaTeX internals redefined.
Package hyperref Info: Bookmarks ON on input line 4446.
\c@Hy@tempcnt=\count281

(/usr/share/texlive/texmf-dist/tex/latex/url/url.sty
\Urlmuskip=\muskip17
Package: url 2013/09/16  ver 3.4  Verb mode for urls, etc.
)
LaTeX Info: Redefining \url on input line 4784.
\XeTeXLinkMargin=\dimen161

(/usr/share/texlive/texmf-dist/tex/generic/bitset/bitset.sty
Package: bitset 2019/12/09 v1.3 Handle bit-vector datatype (HO)

(/usr/share/texlive/texmf-dist/tex/generic/bigintcalc/bigintcalc.sty
Package: bigintcalc 2019/12/15 v1.5 Expandable calculations on big integers (HO
)
))
\Fld@menulength=\count282
\Field@Width=\dimen162
\Fld@charsize=\dimen163
Package hyperref Info: Hyper figures OFF on input line 6063.
Package hyperref Info: Link nesting OFF on input line 6068.
Package hyperref Info: Hyper index ON on input line 6071.
Package hyperref Info: backreferencing OFF on input line 6078.
Package hyperref Info: Link coloring OFF on input line 6083.
Package hyperref Info: Link coloring with OCG OFF on input line 6088.
Package hyperref Info: PDF/A mode OFF on input line 6093.

(/usr/share/texlive/texmf-dist/tex/latex/base/atbegshi-ltx.sty
Package: atbegshi-ltx 2021/01/10 v1.0c Emulation of the original atbegshi
package with kernel methods
)
\Hy@abspage=\count283
\c@Item=\count284
\c@Hfootnote=\count285
)
Package hyperref Info: Driver (autodetected): hpdftex.

(/usr/share/texlive/texmf-dist/tex/latex/hyperref/hpdftex.def
File: hpdftex.def 2024-01-20 v7.01h Hyperref driver for pdfTeX

(/usr/share/texlive/texmf-dist/tex/latex/base/atveryend-ltx.sty
Package: atveryend-ltx 2020/08/19 v1.0a Emulation of the original atveryend pac
kage
with kernel methods
)
\Fld@listcount=\count286
\c@bookmark@seq@number=\count287

(/usr/share/texlive/texmf-dist/tex/latex/rerunfilecheck/rerunfilecheck.sty
Package: rerunfilecheck 2022-07-10 v1.10 Rerun checks for auxiliary files (HO)

(/usr/share/texlive/texmf-dist/tex/generic/uniquecounter/uniquecounter.sty
Package: uniquecounter 2019/12/15 v1.4 Provide unlimited unique counter (HO)
)
Package uniquecounter Info: New unique counter `rerunfilecheck' on input line 2
85.
)
\Hy@SectionHShift=\skip56
)
(/usr/share/texlive/texmf-dist/tex/latex/preprint/authblk.sty
Package: authblk 2001/02/27 1.3 (PWD)
\affilsep=\skip57
\@affilsep=\skip58
\c@Maxaffil=\count288
\c@authors=\count289
\c@affil=\count290
)
(/usr/share/texlive/texmf-dist/tex/latex/abstract/abstract.sty
Package: abstract 2009/06/08 v1.2a configurable abstracts
\abstitleskip=\skip59
\absleftindent=\skip60
\absrightindent=\skip61
\absparindent=\skip62
\absparsep=\skip63
)
(/usr/share/texlive/texmf-dist/tex/latex/booktabs/booktabs.sty
Package: booktabs 2020/01/12 v1.61803398 Publication quality tables
\heavyrulewidth=\dimen164
\lightrulewidth=\dimen165
\cmidrulewidth=\dimen166
\belowrulesep=\dimen167
\belowbottomsep=\dimen168
\aboverulesep=\dimen169
\abovetopsep=\dimen170
\cmidrulesep=\dimen171
\cmidrulekern=\dimen172
\defaultaddspace=\dimen173
\@cmidla=\count291
\@cmidlb=\count292
\@aboverulesep=\dimen174
\@belowrulesep=\dimen175
\@thisruleclass=\count293
\@lastruleclass=\count294
\@thisrulewidth=\dimen176
)
(/usr/share/texlive/texmf-dist/tex/latex/tools/longtable.sty
Package: longtable 2023-11-01 v4.19 Multi-page Table package (DPC)
\LTleft=\skip64
\LTright=\skip65
\LTpre=\skip66
\LTpost=\skip67
\LTchunksize=\count295
\LTcapwidth=\dimen177
\LT@head=\box53
\LT@firsthead=\box54
\LT@foot=\box55
\LT@lastfoot=\box56
\LT@gbox=\box57
\LT@cols=\count296
\LT@rows=\count297
\c@LT@tables=\count298
\c@LT@chunks=\count299
\LT@p@ftn=\toks32
)
(/usr/share/texlive/texmf-dist/tex/latex/tools/array.sty
Package: array 2023/10/16 v2.5g Tabular extension package (FMi)
\col@sep=\dimen178
\ar@mcellbox=\box58
\extrarowheight=\dimen179
\NC@list=\toks33
\extratabsurround=\skip68
\backup@length=\skip69
\ar@cellbox=\box59
)
(/usr/share/texlive/texmf-dist/tex/latex/graphics/color.sty
Package: color 2022/01/06 v1.3d Standard LaTeX Color (DPC)

(/usr/share/texlive/texmf-dist/tex/latex/graphics-cfg/color.cfg
File: color.cfg 2016/01/02 v1.6 sample color configuration
)
Package color Info: Driver file: pdftex.def on input line 149.

(/usr/share/texlive/texmf-dist/tex/latex/graphics/mathcolor.ltx))
(/usr/share/texlive/texmf-dist/tex/latex/xcolor/xcolor.sty
Package: xcolor 2023/11/15 v3.01 LaTeX color extensions (UK)

(/usr/share/texlive/texmf-dist/tex/latex/graphics-cfg/color.cfg
File: color.cfg 2016/01/02 v1.6 sample color configuration
)
Package xcolor Info: Driver file: pdftex.def on input line 274.
LaTeX Info: Redefining \color on input line 758.

(/usr/share/texlive/texmf-dist/tex/latex/graphics/mathcolor.ltx)
Package xcolor Info: Model `cmy' substituted by `cmy0' on input line 1350.
Package xcolor Info: Model `hsb' substituted by `rgb' on input line 1354.
Package xcolor Info: Model `RGB' extended on input line 1366.
Package xcolor Info: Model `HTML' substituted by `rgb' on input line 1368.
Package xcolor Info: Model `Hsb' substituted by `hsb' on input line 1369.
Package xcolor Info: Model `tHsb' substituted by `hsb' on input line 1370.
Package xcolor Info: Model `HSB' substituted by `hsb' on input line 1371.
Package xcolor Info: Model `Gray' substituted by `gray' on input line 1372.
Package xcolor Info: Model `wave' substituted by `hsb' on input line 1373.
)
(/usr/share/texlive/texmf-dist/tex/latex/listings/listings.sty
\lst@mode=\count300
\lst@gtempboxa=\box60
\lst@token=\toks34
\lst@length=\count301
\lst@currlwidth=\dimen180
\lst@column=\count302
\lst@pos=\count303
\lst@lostspace=\dimen181
\lst@width=\dimen182
\lst@newlines=\count304
\lst@lineno=\count305
\lst@maxwidth=\dimen183

(/usr/share/texlive/texmf-dist/tex/latex/listings/lstmisc.sty
File: lstmisc.sty 2023/02/27 1.9 (Carsten Heinz)
\c@lstnumber=\count306
\lst@skipnumbers=\count307
\lst@framebox=\box61
)
(/usr/share/texlive/texmf-dist/tex/latex/listings/listings.cfg
File: listings.cfg 2023/02/27 1.9 listings configuration
))
Package: listings 2023/02/27 1.9 (Carsten Heinz)

(/usr/share/texlive/texmf-dist/tex/latex/fancyhdr/fancyhdr.sty
Package: fancyhdr 2022/11/09 v4.1 Extensive control of page headers and footers

\f@nch@headwidth=\skip70
\f@nch@O@elh=\skip71
\f@nch@O@erh=\skip72
\f@nch@O@olh=\skip73
\f@nch@O@orh=\skip74
\f@nch@O@elf=\skip75
\f@nch@O@erf=\skip76
\f@nch@O@olf=\skip77
\f@nch@O@orf=\skip78
)
(/usr/share/texlive/texmf-dist/tex/latex/titling/titling.sty
Package: titling 2009/09/04 v2.1d maketitle typesetting
\thanksmarkwidth=\skip79
\thanksmargin=\skip80
\droptitle=\skip81
)
(/usr/share/texlive/texmf-dist/tex/latex/enumitem/enumitem.sty
Package: enumitem 2019/06/20 v3.9 Customized lists
\labelindent=\skip82
\enit@outerparindent=\dimen184
\enit@toks=\toks35
\enit@inbox=\box62
\enit@count@id=\count308
\enitdp@description=\count309
)
(/usr/share/texlive/texmf-dist/tex/latex/float/float.sty
Package: float 2001/11/08 v1.3d Float enhancements (AL)
\c@float@type=\count310
\float@exts=\toks36
\float@box=\box63
\@float@everytoks=\toks37
\@floatcapt=\box64
)
(/usr/share/texlive/texmf-dist/tex/latex/caption/caption.sty
Package: caption 2023/08/05 v3.6o Customizing captions (AR)

(/usr/share/texlive/texmf-dist/tex/latex/caption/caption3.sty
Package: caption3 2023/07/31 v2.4d caption3 kernel (AR)
\caption@tempdima=\dimen185
\captionmargin=\dimen186
\caption@leftmargin=\dimen187
\caption@rightmargin=\dimen188
\caption@width=\dimen189
\caption@indent=\dimen190
\caption@parindent=\dimen191
\caption@hangindent=\dimen192
Package caption Info: Standard document class detected.
)
\c@caption@flags=\count311
\c@continuedfloat=\count312
Package caption Info: float package is loaded.
Package caption Info: hyperref package is loaded.
Package caption Info: listings package is loaded.
Package caption Info: longtable package is loaded.

(/usr/share/texlive/texmf-dist/tex/latex/caption/ltcaption.sty
Package: ltcaption 2021/01/08 v1.4c longtable captions (AR)
))
(/usr/share/texlive/texmf-dist/tex/latex/caption/subcaption.sty
Package: subcaption 2023/07/28 v1.6b Sub-captions (AR)
Package caption Info: New subtype `subfigure' on input line 238.
\c@subfigure=\count313
Package caption Info: New subtype `subtable' on input line 238.
\c@subtable=\count314
)
\c@theorem=\count315
\c@definition=\count316
\c@hypothesis=\count317
\c@verification=\count318
\c@result=\count319
\c@remark=\count320
\c@example=\count321

(/usr/share/texlive/texmf-dist/tex/latex/l3backend/l3backend-pdftex.def
File: l3backend-pdftex.def 2024-01-04 L3 backend support: PDF output (pdfTeX)
\l__color_backend_stack_int=\count322
\l__pdf_internal_box=\box65
)
(./TOE_FINAL_DOCUMENTATION.aux)
\openout1 = `TOE_FINAL_DOCUMENTATION.aux'.

LaTeX Font Info:    Checking defaults for OML/cmm/m/it on input line 101.
LaTeX Font Info:    ... okay on input line 101.
LaTeX Font Info:    Checking defaults for OMS/cmsy/m/n on input line 101.
LaTeX Font Info:    ... okay on input line 101.
LaTeX Font Info:    Checking defaults for OT1/cmr/m/n on input line 101.
LaTeX Font Info:    ... okay on input line 101.
LaTeX Font Info:    Checking defaults for T1/cmr/m/n on input line 101.
LaTeX Font Info:    ... okay on input line 101.
LaTeX Font Info:    Checking defaults for TS1/cmr/m/n on input line 101.
LaTeX Font Info:    ... okay on input line 101.
LaTeX Font Info:    Checking defaults for OMX/cmex/m/n on input line 101.
LaTeX Font Info:    ... okay on input line 101.
LaTeX Font Info:    Checking defaults for U/cmr/m/n on input line 101.
LaTeX Font Info:    ... okay on input line 101.
LaTeX Font Info:    Checking defaults for PD1/pdf/m/n on input line 101.
LaTeX Font Info:    ... okay on input line 101.
LaTeX Font Info:    Checking defaults for PU/pdf/m/n on input line 101.
LaTeX Font Info:    ... okay on input line 101.

(/usr/share/texlive/texmf-dist/tex/context/base/mkii/supp-pdf.mkii
[Loading MPS to PDF converter (version 2006.09.02).]
\scratchcounter=\count323
\scratchdimen=\dimen193
\scratchbox=\box66
\nofMPsegments=\count324
\nofMParguments=\count325
\everyMPshowfont=\toks38
\MPscratchCnt=\count326
\MPscratchDim=\dimen194
\MPnumerator=\count327
\makeMPintoPDFobject=\count328
\everyMPtoPDFconversion=\toks39
) (/usr/share/texlive/texmf-dist/tex/latex/epstopdf-pkg/epstopdf-base.sty
Package: epstopdf-base 2020-01-24 v2.11 Base part for package epstopdf
Package epstopdf-base Info: Redefining graphics rule for `.eps' on input line 4
85.

(/usr/share/texlive/texmf-dist/tex/latex/latexconfig/epstopdf-sys.cfg
File: epstopdf-sys.cfg 2010/07/13 v1.3 Configuration of (r)epstopdf for TeX Liv
e
))
*geometry* driver: auto-detecting
*geometry* detected driver: pdftex
*geometry* verbose mode - [ preamble ] result:
* driver: pdftex
* paper: a4paper
* layout: <same size as paper>
* layoutoffset:(h,v)=(0.0pt,0.0pt)
* modes: 
* h-part:(L,W,R)=(56.9055pt, 483.69687pt, 56.9055pt)
* v-part:(T,H,B)=(71.13188pt, 702.78308pt, 71.13188pt)
* \paperwidth=597.50787pt
* \paperheight=845.04684pt
* \textwidth=483.69687pt
* \textheight=702.78308pt
* \oddsidemargin=-15.36449pt
* \evensidemargin=-15.36449pt
* \topmargin=-38.1381pt
* \headheight=12.0pt
* \headsep=25.0pt
* \topskip=11.0pt
* \footskip=30.0pt
* \marginparwidth=50.0pt
* \marginparsep=10.0pt
* \columnsep=10.0pt
* \skip\footins=10.0pt plus 4.0pt minus 2.0pt
* \hoffset=0.0pt
* \voffset=0.0pt
* \mag=1000
* \@twocolumnfalse
* \@twosidefalse
* \@mparswitchfalse
* \@reversemarginfalse
* (1in=72.27pt=25.4mm, 1cm=28.453pt)

Package hyperref Info: Link coloring OFF on input line 101.
(./TOE_FINAL_DOCUMENTATION.out) (./TOE_FINAL_DOCUMENTATION.out)
\@outlinefile=\write3
\openout3 = `TOE_FINAL_DOCUMENTATION.out'.

\c@lstlisting=\count329
Package caption Info: Begin \AtBeginDocument code.
Package caption Info: End \AtBeginDocument code.
LaTeX Font Info:    Trying to load font information for U+msa on input line 103
.

(/usr/share/texlive/texmf-dist/tex/latex/amsfonts/umsa.fd
File: umsa.fd 2013/01/14 v3.01 AMS symbols A
)
LaTeX Font Info:    Trying to load font information for U+msb on input line 103
.

(/usr/share/texlive/texmf-dist/tex/latex/amsfonts/umsb.fd
File: umsb.fd 2013/01/14 v3.01 AMS symbols B
)
LaTeX Font Info:    Trying to load font information for U+rsfs on input line 10
3.

(/usr/share/texlive/texmf-dist/tex/latex/jknapltx/ursfs.fd
File: ursfs.fd 1998/03/24 rsfs font definition file (jk)
)
LaTeX Font Info:    Trying to load font information for T1+cmtt on input line 1
03.

(/usr/share/texlive/texmf-dist/tex/latex/base/t1cmtt.fd
File: t1cmtt.fd 2023/04/13 v2.5m Standard LaTeX font definitions
)
(./TOE_FINAL_DOCUMENTATION.toc [1

{/var/lib/texmf/fonts/map/pdftex/updmap/pdftex.map}]

Package fancyhdr Warning: \headheight is too small (12.0pt): 
(fancyhdr)                Make it at least 13.59999pt, for example:
(fancyhdr)                \setlength{\headheight}{13.59999pt}.
(fancyhdr)                You might also make \topmargin smaller to compensate:

(fancyhdr)                \addtolength{\topmargin}{-1.59999pt}.

[2]

Package fancyhdr Warning: \headheight is too small (12.0pt): 
(fancyhdr)                Make it at least 13.59999pt, for example:
(fancyhdr)                \setlength{\headheight}{13.59999pt}.
(fancyhdr)                You might also make \topmargin smaller to compensate:

(fancyhdr)                \addtolength{\topmargin}{-1.59999pt}.

[3]

! LaTeX Error: Unicode character Ï‡ (U+03C7)
               not set up for use with LaTeX.

See the LaTeX manual or LaTeX Companion for explanation.
Type  H <return>  for immediate help.
 ...                                              
                                                  
l.96 ... FALSIFIED (Study 1)}{25}{subsection.23.2}
                                                  %
You may provide a definition with
\DeclareUnicodeCharacter 


Package fancyhdr Warning: \headheight is too small (12.0pt): 
(fancyhdr)                Make it at least 13.59999pt, for example:
(fancyhdr)                \setlength{\headheight}{13.59999pt}.
(fancyhdr)                You might also make \topmargin smaller to compensate:

(fancyhdr)                \addtolength{\topmargin}{-1.59999pt}.

[4]

Package fancyhdr Warning: \headheight is too small (12.0pt): 
(fancyhdr)                Make it at least 13.59999pt, for example:
(fancyhdr)                \setlength{\headheight}{13.59999pt}.
(fancyhdr)                You might also make \topmargin smaller to compensate:

(fancyhdr)                \addtolength{\topmargin}{-1.59999pt}.

[5]

! LaTeX Error: Counter too large.

See the LaTeX manual or LaTeX Companion for explanation.
Type  H <return>  for immediate help.
 ...                                              
                                                  
l.189 ...itational Hierarchy}{48}{appendix.Alph27}
                                                  %
You've lost some text. Try typing <return> to proceed.
If that doesn't work, type X <return> to quit.


! LaTeX Error: Counter too large.

See the LaTeX manual or LaTeX Companion for explanation.
Type  H <return>  for immediate help.
 ...                                              
                                                  
l.190 ...versal Mass Formula}{48}{appendix.Alph28}
                                                  %
You've lost some text. Try typing <return> to proceed.
If that doesn't work, type X <return> to quit.


! LaTeX Error: Counter too large.

See the LaTeX manual or LaTeX Companion for explanation.
Type  H <return>  for immediate help.
 ...                                              
                                                  
l.191 ...erseded by QW-1159+}{49}{appendix.Alph29}
                                                  %
You've lost some text. Try typing <return> to proceed.
If that doesn't work, type X <return> to quit.


! LaTeX Error: Counter too large.

See the LaTeX manual or LaTeX Companion for explanation.
Type  H <return>  for immediate help.
 ...                                              
                                                  
l.192 ...torical Context}{49}{subsection.Alph29.1}
                                                  %
You've lost some text. Try typing <return> to proceed.
If that doesn't work, type X <return> to quit.


! LaTeX Error: Counter too large.

See the LaTeX manual or LaTeX Companion for explanation.
Type  H <return>  for immediate help.
 ...                                              
                                                  
l.193 ...al Mass Genesis}{49}{subsection.Alph29.2}
                                                  %
You've lost some text. Try typing <return> to proceed.
If that doesn't work, type X <return> to quit.


! LaTeX Error: Counter too large.

See the LaTeX manual or LaTeX Companion for explanation.
Type  H <return>  for immediate help.
 ...                                              
                                                  
l.195 ...($\Psi $) from K(d)}{50}{appendix.Alph30}
                                                  %
You've lost some text. Try typing <return> to proceed.
If that doesn't work, type X <return> to quit.


! LaTeX Error: Counter too large.

See the LaTeX manual or LaTeX Companion for explanation.
Type  H <return>  for immediate help.
 ...                                              
                                                  
l.196 ...ure from 12 Octaves}{50}{appendix.Alph31}
                                                  %
You've lost some text. Try typing <return> to proceed.
If that doesn't work, type X <return> to quit.


! LaTeX Error: Counter too large.

See the LaTeX manual or LaTeX Companion for explanation.
Type  H <return>  for immediate help.
 ...                                              
                                                  
l.197 ... from K(d) Integral}{50}{appendix.Alph32}
                                                  %
You've lost some text. Try typing <return> to proceed.
If that doesn't work, type X <return> to quit.


! LaTeX Error: Counter too large.

See the LaTeX manual or LaTeX Companion for explanation.
Type  H <return>  for immediate help.
 ...                                              
                                                  
l.198 ...inberg Verification}{51}{appendix.Alph33}
                                                  %
You've lost some text. Try typing <return> to proceed.
If that doesn't work, type X <return> to quit.


! LaTeX Error: Counter too large.

See the LaTeX manual or LaTeX Companion for explanation.
Type  H <return>  for immediate help.
 ...                                              
                                                  
l.199 ...8: Running Coupling}{51}{appendix.Alph34}
                                                  %
You've lost some text. Try typing <return> to proceed.
If that doesn't work, type X <return> to quit.


Package fancyhdr Warning: \headheight is too small (12.0pt): 
(fancyhdr)                Make it at least 13.59999pt, for example:
(fancyhdr)                \setlength{\headheight}{13.59999pt}.
(fancyhdr)                You might also make \topmargin smaller to compensate:

(fancyhdr)                \addtolength{\topmargin}{-1.59999pt}.

[6]

! LaTeX Error: Counter too large.

See the LaTeX manual or LaTeX Companion for explanation.
Type  H <return>  for immediate help.
 ...                                              
                                                  
l.200 ...2: Proton Stability}{51}{appendix.Alph35}
                                                  %
You've lost some text. Try typing <return> to proceed.
If that doesn't work, type X <return> to quit.


! LaTeX Error: Counter too large.

See the LaTeX manual or LaTeX Companion for explanation.
Type  H <return>  for immediate help.
 ...                                              
                                                  
l.201 ...ry: What Is Derived}{51}{appendix.Alph36}
                                                  %
You've lost some text. Try typing <return> to proceed.
If that doesn't work, type X <return> to quit.


! LaTeX Error: Counter too large.

See the LaTeX manual or LaTeX Companion for explanation.
Type  H <return>  for immediate help.
 ...                                              
                                                  
l.203 ... (QW-480 to QW-484)}{52}{appendix.Alph37}
                                                  %
You've lost some text. Try typing <return> to proceed.
If that doesn't work, type X <return> to quit.


! LaTeX Error: Counter too large.

See the LaTeX manual or LaTeX Companion for explanation.
Type  H <return>  for immediate help.
 ...                                              
                                                  
l.204 ...rarchy Solution}{52}{subsection.Alph37.1}
                                                  %
You've lost some text. Try typing <return> to proceed.
If that doesn't work, type X <return> to quit.


! LaTeX Error: Counter too large.

See the LaTeX manual or LaTeX Companion for explanation.
Type  H <return>  for immediate help.
 ...                                              
                                                  
l.205 ...a \approx 7.1$)}{52}{subsection.Alph37.2}
                                                  %
You've lost some text. Try typing <return> to proceed.
If that doesn't work, type X <return> to quit.


! LaTeX Error: Counter too large.

See the LaTeX manual or LaTeX Companion for explanation.
Type  H <return>  for immediate help.
 ...                                              
                                                  
l.206 ....85\% Accuracy)}{52}{subsection.Alph37.3}
                                                  %
You've lost some text. Try typing <return> to proceed.
If that doesn't work, type X <return> to quit.


! LaTeX Error: Counter too large.

See the LaTeX manual or LaTeX Companion for explanation.
Type  H <return>  for immediate help.
 ...                                              
                                                  
l.207 ...actal Dimension}{53}{subsection.Alph37.4}
                                                  %
You've lost some text. Try typing <return> to proceed.
If that doesn't work, type X <return> to quit.


! LaTeX Error: Counter too large.

See the LaTeX manual or LaTeX Companion for explanation.
Type  H <return>  for immediate help.
 ...                                              
                                                  
l.208 ...Proton Lifetime}{53}{subsection.Alph37.5}
                                                  %
You've lost some text. Try typing <return> to proceed.
If that doesn't work, type X <return> to quit.


! LaTeX Error: Counter too large.

See the LaTeX manual or LaTeX Companion for explanation.
Type  H <return>  for immediate help.
 ...                                              
                                                  
l.209 ... (QW-485 to QW-489)}{53}{appendix.Alph38}
                                                  %
You've lost some text. Try typing <return> to proceed.
If that doesn't work, type X <return> to quit.


! LaTeX Error: Counter too large.

See the LaTeX manual or LaTeX Companion for explanation.
Type  H <return>  for immediate help.
 ...                                              
                                                  
l.210 ... (QW-495 to QW-599)}{53}{appendix.Alph39}
                                                  %
You've lost some text. Try typing <return> to proceed.
If that doesn't work, type X <return> to quit.


! LaTeX Error: Counter too large.

See the LaTeX manual or LaTeX Companion for explanation.
Type  H <return>  for immediate help.
 ...                                              
                                                  
l.211 ...lds Number Test}{53}{subsection.Alph39.1}
                                                  %
You've lost some text. Try typing <return> to proceed.
If that doesn't work, type X <return> to quit.


! LaTeX Error: Counter too large.

See the LaTeX manual or LaTeX Companion for explanation.
Type  H <return>  for immediate help.
 ...                                              
                                                  
l.212 ...ectrum Analysis}{53}{subsection.Alph39.2}
                                                  %
You've lost some text. Try typing <return> to proceed.
If that doesn't work, type X <return> to quit.


! LaTeX Error: Counter too large.

See the LaTeX manual or LaTeX Companion for explanation.
Type  H <return>  for immediate help.
 ...                                              
                                                  
l.213 ...ication Studies}{54}{subsection.Alph39.3}
                                                  %
You've lost some text. Try typing <return> to proceed.
If that doesn't work, type X <return> to quit.


! LaTeX Error: Counter too large.

See the LaTeX manual or LaTeX Companion for explanation.
Type  H <return>  for immediate help.
 ...                                              
                                                  
l.214 ...Model of Vacuum}{54}{subsection.Alph39.4}
                                                  %
You've lost some text. Try typing <return> to proceed.
If that doesn't work, type X <return> to quit.


! LaTeX Error: Counter too large.

See the LaTeX manual or LaTeX Companion for explanation.
Type  H <return>  for immediate help.
 ...                                              
                                                  
l.215 ... (QW-553 to QW-557)}{54}{appendix.Alph40}
                                                  %
You've lost some text. Try typing <return> to proceed.
If that doesn't work, type X <return> to quit.


! LaTeX Error: Counter too large.

See the LaTeX manual or LaTeX Companion for explanation.
Type  H <return>  for immediate help.
 ...                                              
                                                  
l.216 ...iversality Test}{54}{subsection.Alph40.1}
                                                  %
You've lost some text. Try typing <return> to proceed.
If that doesn't work, type X <return> to quit.


! LaTeX Error: Counter too large.

See the LaTeX manual or LaTeX Companion for explanation.
Type  H <return>  for immediate help.
 ...                                              
                                                  
l.217 ...i-Layer Gravity}{55}{subsection.Alph40.2}
                                                  %
You've lost some text. Try typing <return> to proceed.
If that doesn't work, type X <return> to quit.


! LaTeX Error: Counter too large.

See the LaTeX manual or LaTeX Companion for explanation.
Type  H <return>  for immediate help.
 ...                                              
                                                  
l.218 ... Fractal Layers}{55}{subsection.Alph40.3}
                                                  %
You've lost some text. Try typing <return> to proceed.
If that doesn't work, type X <return> to quit.


! LaTeX Error: Counter too large.

See the LaTeX manual or LaTeX Companion for explanation.
Type  H <return>  for immediate help.
 ...                                              
                                                  
l.220 ...QW-1097 to QW-1116)}{55}{appendix.Alph41}
                                                  %
You've lost some text. Try typing <return> to proceed.
If that doesn't work, type X <return> to quit.


! LaTeX Error: Counter too large.

See the LaTeX manual or LaTeX Companion for explanation.
Type  H <return>  for immediate help.
 ...                                              
                                                  
l.221 ...ation from K(d)}{55}{subsection.Alph41.1}
                                                  %
You've lost some text. Try typing <return> to proceed.
If that doesn't work, type X <return> to quit.


! LaTeX Error: Counter too large.

See the LaTeX manual or LaTeX Companion for explanation.
Type  H <return>  for immediate help.
 ...                                              
                                                  
l.222 ...Number Analysis}{56}{subsection.Alph41.2}
                                                  %
You've lost some text. Try typing <return> to proceed.
If that doesn't work, type X <return> to quit.


! LaTeX Error: Counter too large.

See the LaTeX manual or LaTeX Companion for explanation.
Type  H <return>  for immediate help.
 ...                                              
                                                  
l.223 ...ormation States}{56}{subsection.Alph41.3}
                                                  %
You've lost some text. Try typing <return> to proceed.
If that doesn't work, type X <return> to quit.


! LaTeX Error: Counter too large.

See the LaTeX manual or LaTeX Companion for explanation.
Type  H <return>  for immediate help.
 ...                                              
                                                  
l.224 ...QW-1137 to QW-1158)}{56}{appendix.Alph42}
                                                  %
You've lost some text. Try typing <return> to proceed.
If that doesn't work, type X <return> to quit.


! LaTeX Error: Counter too large.

See the LaTeX manual or LaTeX Companion for explanation.
Type  H <return>  for immediate help.
 ...                                              
                                                  
l.225 ...lexity Relation}{56}{subsection.Alph42.1}
                                                  %
You've lost some text. Try typing <return> to proceed.
If that doesn't work, type X <return> to quit.


! LaTeX Error: Counter too large.

See the LaTeX manual or LaTeX Companion for explanation.
Type  H <return>  for immediate help.
 ...                                              
                                                  
l.226 ...ttern Discovery}{56}{subsection.Alph42.2}
                                                  %
You've lost some text. Try typing <return> to proceed.
If that doesn't work, type X <return> to quit.


! LaTeX Error: Counter too large.

See the LaTeX manual or LaTeX Companion for explanation.
Type  H <return>  for immediate help.
 ...                                              
                                                  
l.227 ...-Charm Symmetry}{57}{subsection.Alph42.3}
                                                  %
You've lost some text. Try typing <return> to proceed.
If that doesn't work, type X <return> to quit.


! LaTeX Error: Counter too large.

See the LaTeX manual or LaTeX Companion for explanation.
Type  H <return>  for immediate help.
 ...                                              
                                                  
l.228 ...QW-1159 to QW-1160)}{57}{appendix.Alph43}
                                                  %
You've lost some text. Try typing <return> to proceed.
If that doesn't work, type X <return> to quit.


! LaTeX Error: Counter too large.

See the LaTeX manual or LaTeX Companion for explanation.
Type  H <return>  for immediate help.
 ...                                              
                                                  
l.229 ...eneration Study}{57}{subsection.Alph43.1}
                                                  %
You've lost some text. Try typing <return> to proceed.
If that doesn't work, type X <return> to quit.


! LaTeX Error: Counter too large.

See the LaTeX manual or LaTeX Companion for explanation.
Type  H <return>  for immediate help.
 ...                                              
                                                  
l.230 ...ce Verification}{58}{subsection.Alph43.2}
                                                  %
You've lost some text. Try typing <return> to proceed.
If that doesn't work, type X <return> to quit.


! LaTeX Error: Counter too large.

See the LaTeX manual or LaTeX Companion for explanation.
Type  H <return>  for immediate help.
 ...                                              
                                                  
l.231 ...rus Knot Hypothesis}{58}{appendix.Alph44}
                                                  %
You've lost some text. Try typing <return> to proceed.
If that doesn't work, type X <return> to quit.


! LaTeX Error: Counter too large.

See the LaTeX manual or LaTeX Companion for explanation.
Type  H <return>  for immediate help.
 ...                                              
                                                  
l.233 ...oblem in FIN Theory}{58}{appendix.Alph45}
                                                  %
You've lost some text. Try typing <return> to proceed.
If that doesn't work, type X <return> to quit.


! LaTeX Error: Counter too large.

See the LaTeX manual or LaTeX Companion for explanation.
Type  H <return>  for immediate help.
 ...                                              
                                                  
l.234 ... Entropy Dependence}{59}{appendix.Alph46}
                                                  %
You've lost some text. Try typing <return> to proceed.
If that doesn't work, type X <return> to quit.


! LaTeX Error: Counter too large.

See the LaTeX manual or LaTeX Companion for explanation.
Type  H <return>  for immediate help.
 ...                                              
                                                  
l.235 ...icality Correlation}{59}{appendix.Alph47}
                                                  %
You've lost some text. Try typing <return> to proceed.
If that doesn't work, type X <return> to quit.


Package fancyhdr Warning: \headheight is too small (12.0pt): 
(fancyhdr)                Make it at least 13.59999pt, for example:
(fancyhdr)                \setlength{\headheight}{13.59999pt}.
(fancyhdr)                You might also make \topmargin smaller to compensate:

(fancyhdr)                \addtolength{\topmargin}{-1.59999pt}.

[7]

! LaTeX Error: Counter too large.

See the LaTeX manual or LaTeX Companion for explanation.
Type  H <return>  for immediate help.
 ...                                              
                                                  
l.236 ...Inter-Layer Horizon}{59}{appendix.Alph48}
                                                  %
You've lost some text. Try typing <return> to proceed.
If that doesn't work, type X <return> to quit.


! LaTeX Error: Counter too large.

See the LaTeX manual or LaTeX Companion for explanation.
Type  H <return>  for immediate help.
 ...                                              
                                                  
l.237 ... Laboratory Paradox}{59}{appendix.Alph49}
                                                  %
You've lost some text. Try typing <return> to proceed.
If that doesn't work, type X <return> to quit.


! LaTeX Error: Counter too large.

See the LaTeX manual or LaTeX Companion for explanation.
Type  H <return>  for immediate help.
 ...                                              
                                                  
l.238 ...t Observer Paradigm}{60}{appendix.Alph50}
                                                  %
You've lost some text. Try typing <return> to proceed.
If that doesn't work, type X <return> to quit.


! LaTeX Error: Counter too large.

See the LaTeX manual or LaTeX Companion for explanation.
Type  H <return>  for immediate help.
 ...                                              
                                                  
l.240 ...es (QW-1 to QW-100)}{60}{appendix.Alph51}
                                                  %
You've lost some text. Try typing <return> to proceed.
If that doesn't work, type X <return> to quit.


! LaTeX Error: Counter too large.

See the LaTeX manual or LaTeX Companion for explanation.
Type  H <return>  for immediate help.
 ...                                              
                                                  
l.241 ... (QW-400 to QW-600)}{60}{appendix.Alph52}
                                                  %
You've lost some text. Try typing <return> to proceed.
If that doesn't work, type X <return> to quit.


! LaTeX Error: Counter too large.

See the LaTeX manual or LaTeX Companion for explanation.
Type  H <return>  for immediate help.
 ...                                              
                                                  
l.242 ...(QW-600 to QW-1000)}{61}{appendix.Alph53}
                                                  %
You've lost some text. Try typing <return> to proceed.
If that doesn't work, type X <return> to quit.


! LaTeX Error: Counter too large.

See the LaTeX manual or LaTeX Companion for explanation.
Type  H <return>  for immediate help.
 ...                                              
                                                  
l.243 ...QW-1097 to QW-1160)}{61}{appendix.Alph54}
                                                  %
You've lost some text. Try typing <return> to proceed.
If that doesn't work, type X <return> to quit.


! LaTeX Error: Counter too large.

See the LaTeX manual or LaTeX Companion for explanation.
Type  H <return>  for immediate help.
 ...                                              
                                                  
l.245 ...ments of FIN Theory}{61}{appendix.Alph55}
                                                  %
You've lost some text. Try typing <return> to proceed.
If that doesn't work, type X <return> to quit.


! LaTeX Error: Counter too large.

See the LaTeX manual or LaTeX Companion for explanation.
Type  H <return>  for immediate help.
 ...                                              
                                                  
l.246 ...ied Predictions}{61}{subsection.Alph55.1}
                                                  %
You've lost some text. Try typing <return> to proceed.
If that doesn't work, type X <return> to quit.


! LaTeX Error: Counter too large.

See the LaTeX manual or LaTeX Companion for explanation.
Type  H <return>  for immediate help.
 ...                                              
                                                  
l.247 ....2}Key Insights}{62}{subsection.Alph55.2}
                                                  %
You've lost some text. Try typing <return> to proceed.
If that doesn't work, type X <return> to quit.


! LaTeX Error: Counter too large.

See the LaTeX manual or LaTeX Companion for explanation.
Type  H <return>  for immediate help.
 ...                                              
                                                  
l.248 ...for Future Research}{62}{appendix.Alph56}
                                                  %
You've lost some text. Try typing <return> to proceed.
If that doesn't work, type X <return> to quit.


! LaTeX Error: Counter too large.

See the LaTeX manual or LaTeX Companion for explanation.
Type  H <return>  for immediate help.
 ...                                              
                                                  
l.249 ...heoretical Gaps}{62}{subsection.Alph56.1}
                                                  %
You've lost some text. Try typing <return> to proceed.
If that doesn't work, type X <return> to quit.


! LaTeX Error: Counter too large.

See the LaTeX manual or LaTeX Companion for explanation.
Type  H <return>  for immediate help.
 ...                                              
                                                  
l.250 ...tal Predictions}{62}{subsection.Alph56.2}
                                                  %
You've lost some text. Try typing <return> to proceed.
If that doesn't work, type X <return> to quit.


! LaTeX Error: Counter too large.

See the LaTeX manual or LaTeX Companion for explanation.
Type  H <return>  for immediate help.
 ...                                              
                                                  
l.251 ...sted Future Studies}{63}{appendix.Alph57}
                                                  %
You've lost some text. Try typing <return> to proceed.
If that doesn't work, type X <return> to quit.


! LaTeX Error: Counter too large.

See the LaTeX manual or LaTeX Companion for explanation.
Type  H <return>  for immediate help.
 ...                                              
                                                  
l.252 ...: Knot Dynamics}{63}{subsection.Alph57.1}
                                                  %
You've lost some text. Try typing <return> to proceed.
If that doesn't work, type X <return> to quit.


! LaTeX Error: Counter too large.

See the LaTeX manual or LaTeX Companion for explanation.
Type  H <return>  for immediate help.
 ...                                              
                                                  
l.253 ...m Gravity Tests}{63}{subsection.Alph57.2}
                                                  %
You've lost some text. Try typing <return> to proceed.
If that doesn't work, type X <return> to quit.


! LaTeX Error: Counter too large.

See the LaTeX manual or LaTeX Companion for explanation.
Type  H <return>  for immediate help.
 ...                                              
                                                  
l.254 ...al Implications}{63}{subsection.Alph57.3}
                                                  %
You've lost some text. Try typing <return> to proceed.
If that doesn't work, type X <return> to quit.


! LaTeX Error: Counter too large.

See the LaTeX manual or LaTeX Companion for explanation.
Type  H <return>  for immediate help.
 ...                                              
                                                  
l.255 ...rds for Future Work}{63}{appendix.Alph58}
                                                  %
You've lost some text. Try typing <return> to proceed.
If that doesn't work, type X <return> to quit.


! LaTeX Error: Counter too large.

See the LaTeX manual or LaTeX Companion for explanation.
Type  H <return>  for immediate help.
 ...                                              
                                                  
l.256 ...itting Protocol}{63}{subsection.Alph58.1}
                                                  %
You've lost some text. Try typing <return> to proceed.
If that doesn't work, type X <return> to quit.


! LaTeX Error: Counter too large.

See the LaTeX manual or LaTeX Companion for explanation.
Type  H <return>  for immediate help.
 ...                                              
                                                  
l.257 ...on Requirements}{63}{subsection.Alph58.2}
                                                  %
You've lost some text. Try typing <return> to proceed.
If that doesn't work, type X <return> to quit.


! LaTeX Error: Counter too large.

See the LaTeX manual or LaTeX Companion for explanation.
Type  H <return>  for immediate help.
 ...                                              
                                                  
l.258 ...ation Standards}{64}{subsection.Alph58.3}
                                                  %
You've lost some text. Try typing <return> to proceed.
If that doesn't work, type X <return> to quit.


! LaTeX Error: Counter too large.

See the LaTeX manual or LaTeX Companion for explanation.
Type  H <return>  for immediate help.
 ...                                              
                                                  
l.260 ... from Scalar Fields}{64}{appendix.Alph59}
                                                  %
You've lost some text. Try typing <return> to proceed.
If that doesn't work, type X <return> to quit.


! LaTeX Error: Counter too large.

See the LaTeX manual or LaTeX Companion for explanation.
Type  H <return>  for immediate help.
 ...                                              
                                                  
l.261 ... Solar System Tests}{64}{appendix.Alph60}
                                                  %
You've lost some text. Try typing <return> to proceed.
If that doesn't work, type X <return> to quit.


! LaTeX Error: Counter too large.

See the LaTeX manual or LaTeX Companion for explanation.
Type  H <return>  for immediate help.
 ...                                              
                                                  
l.262 ...on ($0.15\%$ Error)}{65}{appendix.Alph61}
                                                  %
You've lost some text. Try typing <return> to proceed.
If that doesn't work, type X <return> to quit.


! LaTeX Error: Counter too large.

See the LaTeX manual or LaTeX Companion for explanation.
Type  H <return>  for immediate help.
 ...                                              
                                                  
l.263 ...ting vs Derivation)}{66}{appendix.Alph62}
                                                  %
You've lost some text. Try typing <return> to proceed.
If that doesn't work, type X <return> to quit.


! LaTeX Error: Counter too large.

See the LaTeX manual or LaTeX Companion for explanation.
Type  H <return>  for immediate help.
 ...                                              
                                                  
l.264 ...riance on a Lattice}{66}{appendix.Alph63}
                                                  %
You've lost some text. Try typing <return> to proceed.
If that doesn't work, type X <return> to quit.


! LaTeX Error: Counter too large.

See the LaTeX manual or LaTeX Companion for explanation.
Type  H <return>  for immediate help.
 ...                                              
                                                  
l.265 ...MNS Mixing Matrices}{67}{appendix.Alph64}
                                                  %
You've lost some text. Try typing <return> to proceed.
If that doesn't work, type X <return> to quit.


! LaTeX Error: Counter too large.

See the LaTeX manual or LaTeX Companion for explanation.
Type  H <return>  for immediate help.
 ...                                              
                                                  
l.266 ...d Quantum Mechanics}{67}{appendix.Alph65}
                                                  %
You've lost some text. Try typing <return> to proceed.
If that doesn't work, type X <return> to quit.


! LaTeX Error: Counter too large.

See the LaTeX manual or LaTeX Companion for explanation.
Type  H <return>  for immediate help.
 ...                                              
                                                  
l.267 ...f Frozen Parameters}{68}{appendix.Alph66}
                                                  %
You've lost some text. Try typing <return> to proceed.
If that doesn't work, type X <return> to quit.


Package fancyhdr Warning: \headheight is too small (12.0pt): 
(fancyhdr)                Make it at least 13.59999pt, for example:
(fancyhdr)                \setlength{\headheight}{13.59999pt}.
(fancyhdr)                You might also make \topmargin smaller to compensate:

(fancyhdr)                \addtolength{\topmargin}{-1.59999pt}.

[8]

! LaTeX Error: Counter too large.

See the LaTeX manual or LaTeX Companion for explanation.
Type  H <return>  for immediate help.
 ...                                              
                                                  
l.268 ...tatus of FIN Theory}{68}{appendix.Alph67}
                                                  %
You've lost some text. Try typing <return> to proceed.
If that doesn't work, type X <return> to quit.


! LaTeX Error: Counter too large.

See the LaTeX manual or LaTeX Companion for explanation.
Type  H <return>  for immediate help.
 ...                                              
                                                  
l.270 ... Lagrangian Density}{69}{appendix.Alph68}
                                                  %
You've lost some text. Try typing <return> to proceed.
If that doesn't work, type X <return> to quit.


! LaTeX Error: Counter too large.

See the LaTeX manual or LaTeX Companion for explanation.
Type  H <return>  for immediate help.
 ...                                              
                                                  
l.271 ...t.}}The Hamiltonian}{69}{appendix.Alph69}
                                                  %
You've lost some text. Try typing <return> to proceed.
If that doesn't work, type X <return> to quit.


! LaTeX Error: Counter too large.

See the LaTeX manual or LaTeX Companion for explanation.
Type  H <return>  for immediate help.
 ...                                              
                                                  
l.272 ...}}The Kernel Matrix}{69}{appendix.Alph70}
                                                  %
You've lost some text. Try typing <return> to proceed.
If that doesn't work, type X <return> to quit.


! LaTeX Error: Counter too large.

See the LaTeX manual or LaTeX Companion for explanation.
Type  H <return>  for immediate help.
 ...                                              
                                                  
l.273 ...}}The Mass Operator}{70}{appendix.Alph71}
                                                  %
You've lost some text. Try typing <return> to proceed.
If that doesn't work, type X <return> to quit.


! LaTeX Error: Counter too large.

See the LaTeX manual or LaTeX Companion for explanation.
Type  H <return>  for immediate help.
 ...                                              
                                                  
l.274 ...nfo-Geometry Tensor}{70}{appendix.Alph72}
                                                  %
You've lost some text. Try typing <return> to proceed.
If that doesn't work, type X <return> to quit.


! LaTeX Error: Counter too large.

See the LaTeX manual or LaTeX Companion for explanation.
Type  H <return>  for immediate help.
 ...                                              
                                                  
l.275 ...n to Standard Model}{70}{appendix.Alph73}
                                                  %
You've lost some text. Try typing <return> to proceed.
If that doesn't work, type X <return> to quit.


! LaTeX Error: Counter too large.

See the LaTeX manual or LaTeX Companion for explanation.
Type  H <return>  for immediate help.
 ...                                              
                                                  
l.276 ...ences and Resources}{70}{appendix.Alph74}
                                                  %
You've lost some text. Try typing <return> to proceed.
If that doesn't work, type X <return> to quit.


! LaTeX Error: Counter too large.

See the LaTeX manual or LaTeX Companion for explanation.
Type  H <return>  for immediate help.
 ...                                              
                                                  
l.277 ...Primary Sources}{70}{subsection.Alph74.1}
                                                  %
You've lost some text. Try typing <return> to proceed.
If that doesn't work, type X <return> to quit.


! LaTeX Error: Counter too large.

See the LaTeX manual or LaTeX Companion for explanation.
Type  H <return>  for immediate help.
 ...                                              
                                                  
l.278 ...Key Study Files}{71}{subsection.Alph74.2}
                                                  %
You've lost some text. Try typing <return> to proceed.
If that doesn't work, type X <return> to quit.


! LaTeX Error: Counter too large.

See the LaTeX manual or LaTeX Companion for explanation.
Type  H <return>  for immediate help.
 ...                                              
                                                  
l.279 ...Release History}{71}{subsection.Alph74.3}
                                                  %
You've lost some text. Try typing <return> to proceed.
If that doesn't work, type X <return> to quit.

)
\tf@toc=\write4
\openout4 = `TOE_FINAL_DOCUMENTATION.toc'.



Package fancyhdr Warning: \headheight is too small (12.0pt): 
(fancyhdr)                Make it at least 13.59999pt, for example:
(fancyhdr)                \setlength{\headheight}{13.59999pt}.
(fancyhdr)                You might also make \topmargin smaller to compensate:

(fancyhdr)                \addtolength{\topmargin}{-1.59999pt}.

[9]
Overfull \hbox (1.90825pt too wide) in paragraph at lines 155--156
[]\T1/cmr/m/it/10.95 ``The Uni-verse is a sin-gle, self-sustaining, frac-tal in
-for-ma-tion struc-ture^^Va Nad-soli-ton^^Vfrom
 []


Package fancyhdr Warning: \headheight is too small (12.0pt): 
(fancyhdr)                Make it at least 13.59999pt, for example:
(fancyhdr)                \setlength{\headheight}{13.59999pt}.
(fancyhdr)                You might also make \topmargin smaller to compensate:

(fancyhdr)                \addtolength{\topmargin}{-1.59999pt}.

[10]

Package fancyhdr Warning: \headheight is too small (12.0pt): 
(fancyhdr)                Make it at least 13.59999pt, for example:
(fancyhdr)                \setlength{\headheight}{13.59999pt}.
(fancyhdr)                You might also make \topmargin smaller to compensate:

(fancyhdr)                \addtolength{\topmargin}{-1.59999pt}.

[11]

Package fancyhdr Warning: \headheight is too small (12.0pt): 
(fancyhdr)                Make it at least 13.59999pt, for example:
(fancyhdr)                \setlength{\headheight}{13.59999pt}.
(fancyhdr)                You might also make \topmargin smaller to compensate:

(fancyhdr)                \addtolength{\topmargin}{-1.59999pt}.

[12]

Package hyperref Warning: Token not allowed in a PDF string (Unicode):
(hyperref)                removing `math shift' on input line 278.


Package hyperref Warning: Token not allowed in a PDF string (Unicode):
(hyperref)                removing `subscript' on input line 278.


Package hyperref Warning: Token not allowed in a PDF string (Unicode):
(hyperref)                removing `math shift' on input line 278.


Package hyperref Warning: Token not allowed in a PDF string (Unicode):
(hyperref)                removing `math shift' on input line 335.


Package hyperref Warning: Token not allowed in a PDF string (Unicode):
(hyperref)                removing `math shift' on input line 335.


Package hyperref Warning: Token not allowed in a PDF string (Unicode):
(hyperref)                removing `math shift' on input line 339.


Package hyperref Warning: Token not allowed in a PDF string (Unicode):
(hyperref)                removing `subscript' on input line 339.


Package hyperref Warning: Token not allowed in a PDF string (Unicode):
(hyperref)                removing `math shift' on input line 339.


Package hyperref Warning: Token not allowed in a PDF string (Unicode):
(hyperref)                removing `math shift' on input line 339.


Package hyperref Warning: Token not allowed in a PDF string (Unicode):
(hyperref)                removing `math shift' on input line 339.


Package fancyhdr Warning: \headheight is too small (12.0pt): 
(fancyhdr)                Make it at least 13.59999pt, for example:
(fancyhdr)                \setlength{\headheight}{13.59999pt}.
(fancyhdr)                You might also make \topmargin smaller to compensate:

(fancyhdr)                \addtolength{\topmargin}{-1.59999pt}.

[13]
Overfull \hbox (37.15445pt too wide) in paragraph at lines 381--382
[]\T1/cmr/m/n/10.95 For dis-tant oc-taves ($\OML/cmm/m/it/10.95 d \OT1/cmr/m/n/
10.95 = 7\OML/cmm/m/it/10.95 ; \OT1/cmr/m/n/10.95 10\OML/cmm/m/it/10.95 ; \OT1/
cmr/m/n/10.95 12$\T1/cmr/m/n/10.95 ), the ex-po-nen-tial damp-ing $\OML/cmm/m/i
t/10.95 e[]$ \T1/cmr/m/n/10.95 gives cou-pling $\OMS/cmsy/m/n/10.95 ^^X \OT1/cm
r/m/n/10.95 10[]$\T1/cmr/m/n/10.95 ^^Vessentially
 []


Underfull \hbox (badness 1521) in paragraph at lines 428--429
[]|\T1/cmr/m/n/10.95 Universal tor-sion damp-ing; layer
 []


Package fancyhdr Warning: \headheight is too small (12.0pt): 
(fancyhdr)                Make it at least 13.59999pt, for example:
(fancyhdr)                \setlength{\headheight}{13.59999pt}.
(fancyhdr)                You might also make \topmargin smaller to compensate:

(fancyhdr)                \addtolength{\topmargin}{-1.59999pt}.

[14]

Package hyperref Warning: Token not allowed in a PDF string (Unicode):
(hyperref)                removing `math shift' on input line 439.


Package hyperref Warning: Token not allowed in a PDF string (Unicode):
(hyperref)                removing `subscript' on input line 439.


Package hyperref Warning: Token not allowed in a PDF string (Unicode):
(hyperref)                removing `math shift' on input line 439.


Package fancyhdr Warning: \headheight is too small (12.0pt): 
(fancyhdr)                Make it at least 13.59999pt, for example:
(fancyhdr)                \setlength{\headheight}{13.59999pt}.
(fancyhdr)                You might also make \topmargin smaller to compensate:

(fancyhdr)                \addtolength{\topmargin}{-1.59999pt}.

[15]

Package hyperref Warning: Token not allowed in a PDF string (Unicode):
(hyperref)                removing `math shift' on input line 538.


Package hyperref Warning: Token not allowed in a PDF string (Unicode):
(hyperref)                removing `\gamma' on input line 538.


Package hyperref Warning: Token not allowed in a PDF string (Unicode):
(hyperref)                removing `math shift' on input line 538.


Package fancyhdr Warning: \headheight is too small (12.0pt): 
(fancyhdr)                Make it at least 13.59999pt, for example:
(fancyhdr)                \setlength{\headheight}{13.59999pt}.
(fancyhdr)                You might also make \topmargin smaller to compensate:

(fancyhdr)                \addtolength{\topmargin}{-1.59999pt}.

[16]

Package fancyhdr Warning: \headheight is too small (12.0pt): 
(fancyhdr)                Make it at least 13.59999pt, for example:
(fancyhdr)                \setlength{\headheight}{13.59999pt}.
(fancyhdr)                You might also make \topmargin smaller to compensate:

(fancyhdr)                \addtolength{\topmargin}{-1.59999pt}.

[17]

Package fancyhdr Warning: \headheight is too small (12.0pt): 
(fancyhdr)                Make it at least 13.59999pt, for example:
(fancyhdr)                \setlength{\headheight}{13.59999pt}.
(fancyhdr)                You might also make \topmargin smaller to compensate:

(fancyhdr)                \addtolength{\topmargin}{-1.59999pt}.

[18]

Package fancyhdr Warning: \headheight is too small (12.0pt): 
(fancyhdr)                Make it at least 13.59999pt, for example:
(fancyhdr)                \setlength{\headheight}{13.59999pt}.
(fancyhdr)                You might also make \topmargin smaller to compensate:

(fancyhdr)                \addtolength{\topmargin}{-1.59999pt}.

[19]

! LaTeX Error: Unicode character âœ“ (U+2713)
               not set up for use with LaTeX.

See the LaTeX manual or LaTeX Companion for explanation.
Type  H <return>  for immediate help.
 ...                                              
                                                  
l.749 ...:} $m_\tau/m_c = 1776.86/1270 = 1.40$ âœ“
                                                  
You may provide a definition with
\DeclareUnicodeCharacter 


! LaTeX Error: Unicode character âœ“ (U+2713)
               not set up for use with LaTeX.

See the LaTeX manual or LaTeX Companion for explanation.
Type  H <return>  for immediate help.
 ...                                              
                                                  
l.773 ...$Q = 8.69$ gives $M = 1777$ MeV (Tau) âœ“
                                                  
You may provide a definition with
\DeclareUnicodeCharacter 


! LaTeX Error: Unicode character âœ“ (U+2713)
               not set up for use with LaTeX.

See the LaTeX manual or LaTeX Companion for explanation.
Type  H <return>  for immediate help.
 ...                                              
                                                  
l.774 ... = 9.32$ gives $M = 1270$ MeV (Charm) âœ“
                                                  
You may provide a definition with
\DeclareUnicodeCharacter 


Package fancyhdr Warning: \headheight is too small (12.0pt): 
(fancyhdr)                Make it at least 13.59999pt, for example:
(fancyhdr)                \setlength{\headheight}{13.59999pt}.
(fancyhdr)                You might also make \topmargin smaller to compensate:

(fancyhdr)                \addtolength{\topmargin}{-1.59999pt}.

[20]

Package fancyhdr Warning: \headheight is too small (12.0pt): 
(fancyhdr)                Make it at least 13.59999pt, for example:
(fancyhdr)                \setlength{\headheight}{13.59999pt}.
(fancyhdr)                You might also make \topmargin smaller to compensate:

(fancyhdr)                \addtolength{\topmargin}{-1.59999pt}.

[21]

Package fancyhdr Warning: \headheight is too small (12.0pt): 
(fancyhdr)                Make it at least 13.59999pt, for example:
(fancyhdr)                \setlength{\headheight}{13.59999pt}.
(fancyhdr)                You might also make \topmargin smaller to compensate:

(fancyhdr)                \addtolength{\topmargin}{-1.59999pt}.

[22]

Package fancyhdr Warning: \headheight is too small (12.0pt): 
(fancyhdr)                Make it at least 13.59999pt, for example:
(fancyhdr)                \setlength{\headheight}{13.59999pt}.
(fancyhdr)                You might also make \topmargin smaller to compensate:

(fancyhdr)                \addtolength{\topmargin}{-1.59999pt}.

[23]

Package fancyhdr Warning: \headheight is too small (12.0pt): 
(fancyhdr)                Make it at least 13.59999pt, for example:
(fancyhdr)                \setlength{\headheight}{13.59999pt}.
(fancyhdr)                You might also make \topmargin smaller to compensate:

(fancyhdr)                \addtolength{\topmargin}{-1.59999pt}.

[24]

Package hyperref Warning: Token not allowed in a PDF string (Unicode):
(hyperref)                removing `math shift' on input line 1060.


Package hyperref Warning: Token not allowed in a PDF string (Unicode):
(hyperref)                removing `\to' on input line 1060.


Package hyperref Warning: Token not allowed in a PDF string (Unicode):
(hyperref)                removing `math shift' on input line 1060.


Package fancyhdr Warning: \headheight is too small (12.0pt): 
(fancyhdr)                Make it at least 13.59999pt, for example:
(fancyhdr)                \setlength{\headheight}{13.59999pt}.
(fancyhdr)                You might also make \topmargin smaller to compensate:

(fancyhdr)                \addtolength{\topmargin}{-1.59999pt}.

[25]

Package fancyhdr Warning: \headheight is too small (12.0pt): 
(fancyhdr)                Make it at least 13.59999pt, for example:
(fancyhdr)                \setlength{\headheight}{13.59999pt}.
(fancyhdr)                You might also make \topmargin smaller to compensate:

(fancyhdr)                \addtolength{\topmargin}{-1.59999pt}.

[26]

LaTeX Warning: Command \textdegree invalid in math mode on input line 1108.


LaTeX Warning: Command \textdegree invalid in math mode on input line 1108.

Missing character: There is no ° in font cmr10!

LaTeX Warning: Command \textdegree invalid in math mode on input line 1123.


LaTeX Warning: Command \textdegree invalid in math mode on input line 1123.

Missing character: There is no ° in font cmr10!

LaTeX Warning: Command \textdegree invalid in math mode on input line 1123.


LaTeX Warning: Command \textdegree invalid in math mode on input line 1123.

Missing character: There is no ° in font cmr10!

LaTeX Warning: Command \textdegree invalid in math mode on input line 1123.


LaTeX Warning: Command \textdegree invalid in math mode on input line 1123.

Missing character: There is no ° in font cmr10!

LaTeX Warning: Command \textdegree invalid in math mode on input line 1123.


LaTeX Warning: Command \textdegree invalid in math mode on input line 1123.

Missing character: There is no ° in font cmr10!

Package fancyhdr Warning: \headheight is too small (12.0pt): 
(fancyhdr)                Make it at least 13.59999pt, for example:
(fancyhdr)                \setlength{\headheight}{13.59999pt}.
(fancyhdr)                You might also make \topmargin smaller to compensate:

(fancyhdr)                \addtolength{\topmargin}{-1.59999pt}.

[27]

Package fancyhdr Warning: \headheight is too small (12.0pt): 
(fancyhdr)                Make it at least 13.59999pt, for example:
(fancyhdr)                \setlength{\headheight}{13.59999pt}.
(fancyhdr)                You might also make \topmargin smaller to compensate:

(fancyhdr)                \addtolength{\topmargin}{-1.59999pt}.

[28]

Package fancyhdr Warning: \headheight is too small (12.0pt): 
(fancyhdr)                Make it at least 13.59999pt, for example:
(fancyhdr)                \setlength{\headheight}{13.59999pt}.
(fancyhdr)                You might also make \topmargin smaller to compensate:

(fancyhdr)                \addtolength{\topmargin}{-1.59999pt}.

[29]
Underfull \hbox (badness 1924) in paragraph at lines 1345--1346
[]|\T1/cmr/m/n/10.95 From Fi-bonac-ci/-knot struc-
 []


Package fancyhdr Warning: \headheight is too small (12.0pt): 
(fancyhdr)                Make it at least 13.59999pt, for example:
(fancyhdr)                \setlength{\headheight}{13.59999pt}.
(fancyhdr)                You might also make \topmargin smaller to compensate:

(fancyhdr)                \addtolength{\topmargin}{-1.59999pt}.

[30]

Package fancyhdr Warning: \headheight is too small (12.0pt): 
(fancyhdr)                Make it at least 13.59999pt, for example:
(fancyhdr)                \setlength{\headheight}{13.59999pt}.
(fancyhdr)                You might also make \topmargin smaller to compensate:

(fancyhdr)                \addtolength{\topmargin}{-1.59999pt}.

[31]

Package fancyhdr Warning: \headheight is too small (12.0pt): 
(fancyhdr)                Make it at least 13.59999pt, for example:
(fancyhdr)                \setlength{\headheight}{13.59999pt}.
(fancyhdr)                You might also make \topmargin smaller to compensate:

(fancyhdr)                \addtolength{\topmargin}{-1.59999pt}.

[32]

! LaTeX Error: Unicode character Ï‡ (U+03C7)
               not set up for use with LaTeX.

See the LaTeX manual or LaTeX Companion for explanation.
Type  H <return>  for immediate help.
 ...                                              
                                                  
l.1492 ...Mass Generation --- FALSIFIED (Study 1)}
                                                  
You may provide a definition with
\DeclareUnicodeCharacter 


! LaTeX Error: Unicode character Ï‡ (U+03C7)
               not set up for use with LaTeX.

See the LaTeX manual or LaTeX Companion for explanation.
Type  H <return>  for immediate help.
 ...                                              
                                                  
l.1494 ...{Original Hypothesis:} A scalar field Ï‡
                                                   with hierarchical couplin...

You may provide a definition with
\DeclareUnicodeCharacter 


Package hyperref Warning: Token not allowed in a PDF string (Unicode):
(hyperref)                removing `math shift' on input line 1505.


Package hyperref Warning: Token not allowed in a PDF string (Unicode):
(hyperref)                removing `\beta' on input line 1505.


Package hyperref Warning: Token not allowed in a PDF string (Unicode):
(hyperref)                removing `\nabla' on input line 1505.


Package hyperref Warning: Token not allowed in a PDF string (Unicode):
(hyperref)                removing `superscript' on input line 1505.


Package hyperref Warning: Token not allowed in a PDF string (Unicode):
(hyperref)                removing `\Psi' on input line 1505.


Package hyperref Warning: Token not allowed in a PDF string (Unicode):
(hyperref)                removing `math shift' on input line 1505.


Package fancyhdr Warning: \headheight is too small (12.0pt): 
(fancyhdr)                Make it at least 13.59999pt, for example:
(fancyhdr)                \setlength{\headheight}{13.59999pt}.
(fancyhdr)                You might also make \topmargin smaller to compensate:

(fancyhdr)                \addtolength{\topmargin}{-1.59999pt}.

[33]

Package fancyhdr Warning: \headheight is too small (12.0pt): 
(fancyhdr)                Make it at least 13.59999pt, for example:
(fancyhdr)                \setlength{\headheight}{13.59999pt}.
(fancyhdr)                You might also make \topmargin smaller to compensate:

(fancyhdr)                \addtolength{\topmargin}{-1.59999pt}.

[34]

LaTeX Warning: Command \textdegree invalid in math mode on input line 1615.


LaTeX Warning: Command \textdegree invalid in math mode on input line 1615.


LaTeX Warning: Command \textdegree invalid in math mode on input line 1615.


LaTeX Warning: Command \textdegree invalid in math mode on input line 1615.

Missing character: There is no ° in font cmr10!
Missing character: There is no ° in font cmr10!

Package fancyhdr Warning: \headheight is too small (12.0pt): 
(fancyhdr)                Make it at least 13.59999pt, for example:
(fancyhdr)                \setlength{\headheight}{13.59999pt}.
(fancyhdr)                You might also make \topmargin smaller to compensate:

(fancyhdr)                \addtolength{\topmargin}{-1.59999pt}.

[35]

LaTeX Warning: Command \textdegree invalid in math mode on input line 1660.


LaTeX Warning: Command \textdegree invalid in math mode on input line 1660.

Missing character: There is no ° in font cmr10!

LaTeX Warning: Command \textdegree invalid in math mode on input line 1660.


LaTeX Warning: Command \textdegree invalid in math mode on input line 1660.

Missing character: There is no ° in font cmr10!

LaTeX Warning: Command \textdegree invalid in math mode on input line 1680.


LaTeX Warning: Command \textdegree invalid in math mode on input line 1680.

Missing character: There is no ° in font cmr10!

Package fancyhdr Warning: \headheight is too small (12.0pt): 
(fancyhdr)                Make it at least 13.59999pt, for example:
(fancyhdr)                \setlength{\headheight}{13.59999pt}.
(fancyhdr)                You might also make \topmargin smaller to compensate:

(fancyhdr)                \addtolength{\topmargin}{-1.59999pt}.

[36]

Package fancyhdr Warning: \headheight is too small (12.0pt): 
(fancyhdr)                Make it at least 13.59999pt, for example:
(fancyhdr)                \setlength{\headheight}{13.59999pt}.
(fancyhdr)                You might also make \topmargin smaller to compensate:

(fancyhdr)                \addtolength{\topmargin}{-1.59999pt}.

[37]

Package hyperref Warning: Token not allowed in a PDF string (Unicode):
(hyperref)                removing `math shift' on input line 1823.


Package hyperref Warning: Token not allowed in a PDF string (Unicode):
(hyperref)                removing `math shift' on input line 1823.


Package hyperref Warning: Token not allowed in a PDF string (Unicode):
(hyperref)                removing `math shift' on input line 1839.


Package hyperref Warning: Token not allowed in a PDF string (Unicode):
(hyperref)                removing `subscript' on input line 1839.


Package hyperref Warning: Token not allowed in a PDF string (Unicode):
(hyperref)                removing `subscript' on input line 1839.


Package hyperref Warning: Token not allowed in a PDF string (Unicode):
(hyperref)                removing `math shift' on input line 1839.


Package fancyhdr Warning: \headheight is too small (12.0pt): 
(fancyhdr)                Make it at least 13.59999pt, for example:
(fancyhdr)                \setlength{\headheight}{13.59999pt}.
(fancyhdr)                You might also make \topmargin smaller to compensate:

(fancyhdr)                \addtolength{\topmargin}{-1.59999pt}.

[38]

Package hyperref Warning: Token not allowed in a PDF string (Unicode):
(hyperref)                removing `math shift' on input line 1880.


Package hyperref Warning: Token not allowed in a PDF string (Unicode):
(hyperref)                removing `\beta' on input line 1880.


Package hyperref Warning: Token not allowed in a PDF string (Unicode):
(hyperref)                removing `superscript' on input line 1880.


Package hyperref Warning: Token not allowed in a PDF string (Unicode):
(hyperref)                removing `math shift' on input line 1880.


Package hyperref Warning: Token not allowed in a PDF string (Unicode):
(hyperref)                removing `math shift' on input line 1895.


Package hyperref Warning: Token not allowed in a PDF string (Unicode):
(hyperref)                removing `\gamma' on input line 1895.


Package hyperref Warning: Token not allowed in a PDF string (Unicode):
(hyperref)                removing `math shift' on input line 1895.


Package hyperref Warning: Token not allowed in a PDF string (Unicode):
(hyperref)                removing `math shift' on input line 1895.


Package hyperref Warning: Token not allowed in a PDF string (Unicode):
(hyperref)                removing `math shift' on input line 1895.


Package hyperref Warning: Token not allowed in a PDF string (Unicode):
(hyperref)                removing `math shift' on input line 1901.


Package hyperref Warning: Token not allowed in a PDF string (Unicode):
(hyperref)                removing `superscript' on input line 1901.


Package hyperref Warning: Token not allowed in a PDF string (Unicode):
(hyperref)                removing `math shift' on input line 1901.


Package fancyhdr Warning: \headheight is too small (12.0pt): 
(fancyhdr)                Make it at least 13.59999pt, for example:
(fancyhdr)                \setlength{\headheight}{13.59999pt}.
(fancyhdr)                You might also make \topmargin smaller to compensate:

(fancyhdr)                \addtolength{\topmargin}{-1.59999pt}.

[39]

Package fancyhdr Warning: \headheight is too small (12.0pt): 
(fancyhdr)                Make it at least 13.59999pt, for example:
(fancyhdr)                \setlength{\headheight}{13.59999pt}.
(fancyhdr)                You might also make \topmargin smaller to compensate:

(fancyhdr)                \addtolength{\topmargin}{-1.59999pt}.

[40]

Package fancyhdr Warning: \headheight is too small (12.0pt): 
(fancyhdr)                Make it at least 13.59999pt, for example:
(fancyhdr)                \setlength{\headheight}{13.59999pt}.
(fancyhdr)                You might also make \topmargin smaller to compensate:

(fancyhdr)                \addtolength{\topmargin}{-1.59999pt}.

[41]

Package fancyhdr Warning: \headheight is too small (12.0pt): 
(fancyhdr)                Make it at least 13.59999pt, for example:
(fancyhdr)                \setlength{\headheight}{13.59999pt}.
(fancyhdr)                You might also make \topmargin smaller to compensate:

(fancyhdr)                \addtolength{\topmargin}{-1.59999pt}.

[42]

Package fancyhdr Warning: \headheight is too small (12.0pt): 
(fancyhdr)                Make it at least 13.59999pt, for example:
(fancyhdr)                \setlength{\headheight}{13.59999pt}.
(fancyhdr)                You might also make \topmargin smaller to compensate:

(fancyhdr)                \addtolength{\topmargin}{-1.59999pt}.

[43]

Package fancyhdr Warning: \headheight is too small (12.0pt): 
(fancyhdr)                Make it at least 13.59999pt, for example:
(fancyhdr)                \setlength{\headheight}{13.59999pt}.
(fancyhdr)                You might also make \topmargin smaller to compensate:

(fancyhdr)                \addtolength{\topmargin}{-1.59999pt}.

[44]

Package fancyhdr Warning: \headheight is too small (12.0pt): 
(fancyhdr)                Make it at least 13.59999pt, for example:
(fancyhdr)                \setlength{\headheight}{13.59999pt}.
(fancyhdr)                You might also make \topmargin smaller to compensate:

(fancyhdr)                \addtolength{\topmargin}{-1.59999pt}.

[45]

Package fancyhdr Warning: \headheight is too small (12.0pt): 
(fancyhdr)                Make it at least 13.59999pt, for example:
(fancyhdr)                \setlength{\headheight}{13.59999pt}.
(fancyhdr)                You might also make \topmargin smaller to compensate:

(fancyhdr)                \addtolength{\topmargin}{-1.59999pt}.

[46]
Overfull \hbox (3.20583pt too wide) in paragraph at lines 2421--2422
[][]\T1/cmr/bx/n/10.95 Verification Study J.1 \T1/cmr/m/n/10.95 (QW-480: Hi-er-
ar-chy Prob-lem So-lu-tion)\T1/cmr/bx/n/10.95 . []\T1/cmr/bx/it/10.95 The Prob-
lem: \T1/cmr/m/it/10.95 Why is $\OML/cmm/m/it/10.95 G=G[] \OT1/cmr/m/n/10.95 =
 []


Package fancyhdr Warning: \headheight is too small (12.0pt): 
(fancyhdr)                Make it at least 13.59999pt, for example:
(fancyhdr)                \setlength{\headheight}{13.59999pt}.
(fancyhdr)                You might also make \topmargin smaller to compensate:

(fancyhdr)                \addtolength{\topmargin}{-1.59999pt}.

[47]

LaTeX Warning: Command \textdegree invalid in math mode on input line 2489.


LaTeX Warning: Command \textdegree invalid in math mode on input line 2489.

Missing character: There is no ° in font cmr10!

LaTeX Warning: Command \textdegree invalid in math mode on input line 2489.


LaTeX Warning: Command \textdegree invalid in math mode on input line 2489.

Missing character: There is no ° in font cmr10!

Package fancyhdr Warning: \headheight is too small (12.0pt): 
(fancyhdr)                Make it at least 13.59999pt, for example:
(fancyhdr)                \setlength{\headheight}{13.59999pt}.
(fancyhdr)                You might also make \topmargin smaller to compensate:

(fancyhdr)                \addtolength{\topmargin}{-1.59999pt}.

[48]

Package fancyhdr Warning: \headheight is too small (12.0pt): 
(fancyhdr)                Make it at least 13.59999pt, for example:
(fancyhdr)                \setlength{\headheight}{13.59999pt}.
(fancyhdr)                You might also make \topmargin smaller to compensate:

(fancyhdr)                \addtolength{\topmargin}{-1.59999pt}.

[49]

Package fancyhdr Warning: \headheight is too small (12.0pt): 
(fancyhdr)                Make it at least 13.59999pt, for example:
(fancyhdr)                \setlength{\headheight}{13.59999pt}.
(fancyhdr)                You might also make \topmargin smaller to compensate:

(fancyhdr)                \addtolength{\topmargin}{-1.59999pt}.

[50]

Package fancyhdr Warning: \headheight is too small (12.0pt): 
(fancyhdr)                Make it at least 13.59999pt, for example:
(fancyhdr)                \setlength{\headheight}{13.59999pt}.
(fancyhdr)                You might also make \topmargin smaller to compensate:

(fancyhdr)                \addtolength{\topmargin}{-1.59999pt}.

[51]
Overfull \hbox (21.06026pt too wide) in paragraph at lines 2758--2759
[]\T1/cmr/bx/n/10.95 Interpretation: \T1/cmr/m/n/10.95 Mech-a-nism (ra-dia-tive
 SSB) is cor-rect; quan-ti-ta-tive pre-ci-sion re-quires non-perturbative
 []


Package fancyhdr Warning: \headheight is too small (12.0pt): 
(fancyhdr)                Make it at least 13.59999pt, for example:
(fancyhdr)                \setlength{\headheight}{13.59999pt}.
(fancyhdr)                You might also make \topmargin smaller to compensate:

(fancyhdr)                \addtolength{\topmargin}{-1.59999pt}.

[52]

Package fancyhdr Warning: \headheight is too small (12.0pt): 
(fancyhdr)                Make it at least 13.59999pt, for example:
(fancyhdr)                \setlength{\headheight}{13.59999pt}.
(fancyhdr)                You might also make \topmargin smaller to compensate:

(fancyhdr)                \addtolength{\topmargin}{-1.59999pt}.

[53]

LaTeX Warning: Command \textdegree invalid in math mode on input line 2827.


LaTeX Warning: Command \textdegree invalid in math mode on input line 2827.

Missing character: There is no ° in font cmr10!

LaTeX Warning: Command \textdegree invalid in math mode on input line 2839.


LaTeX Warning: Command \textdegree invalid in math mode on input line 2839.


LaTeX Warning: Command \textdegree invalid in math mode on input line 2839.


LaTeX Warning: Command \textdegree invalid in math mode on input line 2839.

Missing character: There is no ° in font cmr10!
Missing character: There is no ° in font cmr10!

LaTeX Warning: Command \textdegree invalid in math mode on input line 2839.


LaTeX Warning: Command \textdegree invalid in math mode on input line 2839.


LaTeX Warning: Command \textdegree invalid in math mode on input line 2839.


LaTeX Warning: Command \textdegree invalid in math mode on input line 2839.

Missing character: There is no ° in font cmr10!
Missing character: There is no ° in font cmr10!

LaTeX Warning: Command \textdegree invalid in math mode on input line 2856.


LaTeX Warning: Command \textdegree invalid in math mode on input line 2856.

Missing character: There is no ° in font cmr10!

LaTeX Warning: Command \textdegree invalid in math mode on input line 2856.


LaTeX Warning: Command \textdegree invalid in math mode on input line 2856.

Missing character: There is no ° in font cmr10!

Package fancyhdr Warning: \headheight is too small (12.0pt): 
(fancyhdr)                Make it at least 13.59999pt, for example:
(fancyhdr)                \setlength{\headheight}{13.59999pt}.
(fancyhdr)                You might also make \topmargin smaller to compensate:

(fancyhdr)                \addtolength{\topmargin}{-1.59999pt}.

[54]

Package hyperref Warning: Token not allowed in a PDF string (Unicode):
(hyperref)                removing `math shift' on input line 2892.


Package hyperref Warning: Token not allowed in a PDF string (Unicode):
(hyperref)                removing `\alpha' on input line 2892.


Package hyperref Warning: Token not allowed in a PDF string (Unicode):
(hyperref)                removing `subscript' on input line 2892.


Package hyperref Warning: Token not allowed in a PDF string (Unicode):
(hyperref)                removing `math shift' on input line 2892.


Package fancyhdr Warning: \headheight is too small (12.0pt): 
(fancyhdr)                Make it at least 13.59999pt, for example:
(fancyhdr)                \setlength{\headheight}{13.59999pt}.
(fancyhdr)                You might also make \topmargin smaller to compensate:

(fancyhdr)                \addtolength{\topmargin}{-1.59999pt}.

[55]

! LaTeX Error: Counter too large.

See the LaTeX manual or LaTeX Companion for explanation.
Type  H <return>  for immediate help.
 ...                                              
                                                  
l.3010 ...n{Derivation of Gravitational Hierarchy}
                                                  
You've lost some text.  Try typing  <return>  to proceed.
If that doesn't work, type  X <return>  to quit.


! LaTeX Error: Counter too large.

See the LaTeX manual or LaTeX Companion for explanation.
Type  H <return>  for immediate help.
 ...                                              
                                                  
l.3012 ...n{theorem}[Hierarchy Problem --- QW-480]
                                                  
You've lost some text.  Try typing  <return>  to proceed.
If that doesn't work, type  X <return>  to quit.


Package fancyhdr Warning: \headheight is too small (12.0pt): 
(fancyhdr)                Make it at least 13.59999pt, for example:
(fancyhdr)                \setlength{\headheight}{13.59999pt}.
(fancyhdr)                You might also make \topmargin smaller to compensate:

(fancyhdr)                \addtolength{\topmargin}{-1.59999pt}.

[56]

! LaTeX Error: Counter too large.

See the LaTeX manual or LaTeX Companion for explanation.
Type  H <return>  for immediate help.
 ...                                              
                                                  
l.3035 ...on{Derivation of Universal Mass Formula}
                                                  
You've lost some text.  Try typing  <return>  to proceed.
If that doesn't work, type  X <return>  to quit.


! LaTeX Error: Counter too large.

See the LaTeX manual or LaTeX Companion for explanation.
Type  H <return>  for immediate help.
 ...                                              
                                                  
l.3037 ...m}[Topological Mass Genesis --- QW-1159]
                                                  
You've lost some text.  Try typing  <return>  to proceed.
If that doesn't work, type  X <return>  to quit.


! LaTeX Error: Counter too large.

See the LaTeX manual or LaTeX Companion for explanation.
Type  H <return>  for immediate help.
 ...                                              
                                                  
l.3076 ... Koide Relation: Superseded by QW-1159+}
                                                  
You've lost some text.  Try typing  <return>  to proceed.
If that doesn't work, type  X <return>  to quit.


! LaTeX Error: Counter too large.

See the LaTeX manual or LaTeX Companion for explanation.
Type  H <return>  for immediate help.
 ...                                              
                                                  
l.3078 ...in{theorem}[Koide --- Historical Status]
                                                  
You've lost some text.  Try typing  <return>  to proceed.
If that doesn't work, type  X <return>  to quit.


! LaTeX Error: Counter too large.

See the LaTeX manual or LaTeX Companion for explanation.
Type  H <return>  for immediate help.
 ...                                              
                                                  
l.3082 \subsection{Historical Context}
                                      
You've lost some text.  Try typing  <return>  to proceed.
If that doesn't work, type  X <return>  to quit.


Package fancyhdr Warning: \headheight is too small (12.0pt): 
(fancyhdr)                Make it at least 13.59999pt, for example:
(fancyhdr)                \setlength{\headheight}{13.59999pt}.
(fancyhdr)                You might also make \topmargin smaller to compensate:

(fancyhdr)                \addtolength{\topmargin}{-1.59999pt}.

[57]

! LaTeX Error: Counter too large.

See the LaTeX manual or LaTeX Companion for explanation.
Type  H <return>  for immediate help.
 ...                                              
                                                  
l.3091 ...upersession by Topological Mass Genesis}
                                                  
You've lost some text.  Try typing  <return>  to proceed.
If that doesn't work, type  X <return>  to quit.


! LaTeX Error: Counter too large.

See the LaTeX manual or LaTeX Companion for explanation.
Type  H <return>  for immediate help.
 ...                                              
                                                  
l.3124 ...n{QW-977: Potential V($\Psi$) from K(d)}
                                                  
You've lost some text.  Try typing  <return>  to proceed.
If that doesn't work, type  X <return>  to quit.


Package hyperref Warning: Token not allowed in a PDF string (Unicode):
(hyperref)                removing `math shift' on input line 3124.


Package hyperref Warning: Token not allowed in a PDF string (Unicode):
(hyperref)                removing `\Psi' on input line 3124.


Package hyperref Warning: Token not allowed in a PDF string (Unicode):
(hyperref)                removing `math shift' on input line 3124.


! LaTeX Error: Counter too large.

See the LaTeX manual or LaTeX Companion for explanation.
Type  H <return>  for immediate help.
 ...                                              
                                                  
l.3142 ...{QW-978: Fine Structure from 12 Octaves}
                                                  
You've lost some text.  Try typing  <return>  to proceed.
If that doesn't work, type  X <return>  to quit.


Package fancyhdr Warning: \headheight is too small (12.0pt): 
(fancyhdr)                Make it at least 13.59999pt, for example:
(fancyhdr)                \setlength{\headheight}{13.59999pt}.
(fancyhdr)                You might also make \topmargin smaller to compensate:

(fancyhdr)                \addtolength{\topmargin}{-1.59999pt}.

[58]

! LaTeX Error: Counter too large.

See the LaTeX manual or LaTeX Companion for explanation.
Type  H <return>  for immediate help.
 ...                                              
                                                  
l.3164 ...{QW-980: Confinement from K(d) Integral}
                                                  
You've lost some text.  Try typing  <return>  to proceed.
If that doesn't work, type  X <return>  to quit.


! LaTeX Error: Counter too large.

See the LaTeX manual or LaTeX Companion for explanation.
Type  H <return>  for immediate help.
 ...                                              
                                                  
l.3180 \section{QW-983: Weinberg Verification}
                                              
You've lost some text.  Try typing  <return>  to proceed.
If that doesn't work, type  X <return>  to quit.


! LaTeX Error: Counter too large.

See the LaTeX manual or LaTeX Companion for explanation.
Type  H <return>  for immediate help.
 ...                                              
                                                  
l.3193 \section{QW-988: Running Coupling}
                                         
You've lost some text.  Try typing  <return>  to proceed.
If that doesn't work, type  X <return>  to quit.


! LaTeX Error: Counter too large.

See the LaTeX manual or LaTeX Companion for explanation.
Type  H <return>  for immediate help.
 ...                                              
                                                  
l.3211 \section{QW-992: Proton Stability}
                                         
You've lost some text.  Try typing  <return>  to proceed.
If that doesn't work, type  X <return>  to quit.


Package fancyhdr Warning: \headheight is too small (12.0pt): 
(fancyhdr)                Make it at least 13.59999pt, for example:
(fancyhdr)                \setlength{\headheight}{13.59999pt}.
(fancyhdr)                You might also make \topmargin smaller to compensate:

(fancyhdr)                \addtolength{\topmargin}{-1.59999pt}.

[59]

! LaTeX Error: Counter too large.

See the LaTeX manual or LaTeX Companion for explanation.
Type  H <return>  for immediate help.
 ...                                              
                                                  
l.3231 \section{Summary: What Is Derived}
                                         
You've lost some text.  Try typing  <return>  to proceed.
If that doesn't work, type  X <return>  to quit.


! LaTeX Error: Counter too large.

See the LaTeX manual or LaTeX Companion for explanation.
Type  H <return>  for immediate help.
 ...                                              
                                                  
l.3258 ...ractal Scaling Suite (QW-480 to QW-484)}
                                                  
You've lost some text.  Try typing  <return>  to proceed.
If that doesn't work, type  X <return>  to quit.


! LaTeX Error: Counter too large.

See the LaTeX manual or LaTeX Companion for explanation.
Type  H <return>  for immediate help.
 ...                                              
                                                  
l.3260 ...tion{QW-480: Gravity Hierarchy Solution}
                                                  
You've lost some text.  Try typing  <return>  to proceed.
If that doesn't work, type  X <return>  to quit.


! LaTeX Error: Counter too large.

See the LaTeX manual or LaTeX Companion for explanation.
Type  H <return>  for immediate help.
 ...                                              
                                                  
l.3280 ...ton Mass Scaling ($\kappa \approx 7.1$)}
                                                  
You've lost some text.  Try typing  <return>  to proceed.
If that doesn't work, type  X <return>  to quit.


Package hyperref Warning: Token not allowed in a PDF string (Unicode):
(hyperref)                removing `math shift' on input line 3280.


Package hyperref Warning: Token not allowed in a PDF string (Unicode):
(hyperref)                removing `\kappa' on input line 3280.


Package hyperref Warning: Token not allowed in a PDF string (Unicode):
(hyperref)                removing `\approx' on input line 3280.


Package hyperref Warning: Token not allowed in a PDF string (Unicode):
(hyperref)                removing `math shift' on input line 3280.


Package fancyhdr Warning: \headheight is too small (12.0pt): 
(fancyhdr)                Make it at least 13.59999pt, for example:
(fancyhdr)                \setlength{\headheight}{13.59999pt}.
(fancyhdr)                You might also make \topmargin smaller to compensate:

(fancyhdr)                \addtolength{\topmargin}{-1.59999pt}.

[60]

! LaTeX Error: Counter too large.

See the LaTeX manual or LaTeX Companion for explanation.
Type  H <return>  for immediate help.
 ...                                              
                                                  
l.3305 ...e Structure Constant (99.85\% Accuracy)}
                                                  
You've lost some text.  Try typing  <return>  to proceed.
If that doesn't work, type  X <return>  to quit.


! LaTeX Error: Counter too large.

See the LaTeX manual or LaTeX Companion for explanation.
Type  H <return>  for immediate help.
 ...                                              
                                                  
l.3325 \subsection{QW-483: Fractal Dimension}
                                             
You've lost some text.  Try typing  <return>  to proceed.
If that doesn't work, type  X <return>  to quit.


! LaTeX Error: Counter too large.

See the LaTeX manual or LaTeX Companion for explanation.
Type  H <return>  for immediate help.
 ...                                              
                                                  
l.3336 \subsection{QW-484: Proton Lifetime}
                                           
You've lost some text.  Try typing  <return>  to proceed.
If that doesn't work, type  X <return>  to quit.


! LaTeX Error: Counter too large.

See the LaTeX manual or LaTeX Companion for explanation.
Type  H <return>  for immediate help.
 ...                                              
                                                  
l.3347 ...ale Assignment Suite (QW-485 to QW-489)}
                                                  
You've lost some text.  Try typing  <return>  to proceed.
If that doesn't work, type  X <return>  to quit.


Package fancyhdr Warning: \headheight is too small (12.0pt): 
(fancyhdr)                Make it at least 13.59999pt, for example:
(fancyhdr)                \setlength{\headheight}{13.59999pt}.
(fancyhdr)                You might also make \topmargin smaller to compensate:

(fancyhdr)                \addtolength{\topmargin}{-1.59999pt}.

[61]

! LaTeX Error: Counter too large.

See the LaTeX manual or LaTeX Companion for explanation.
Type  H <return>  for immediate help.
 ...                                              
                                                  
l.3372 ... Falsification Suite (QW-495 to QW-599)}
                                                  
You've lost some text.  Try typing  <return>  to proceed.
If that doesn't work, type  X <return>  to quit.


! LaTeX Error: Counter too large.

See the LaTeX manual or LaTeX Companion for explanation.
Type  H <return>  for immediate help.
 ...                                              
                                                  
l.3374 \subsection{QW-495: Reynolds Number Test}
                                                
You've lost some text.  Try typing  <return>  to proceed.
If that doesn't work, type  X <return>  to quit.


! LaTeX Error: Counter too large.

See the LaTeX manual or LaTeX Companion for explanation.
Type  H <return>  for immediate help.
 ...                                              
                                                  
l.3380 ...section{QW-599: Power Spectrum Analysis}
                                                  
You've lost some text.  Try typing  <return>  to proceed.
If that doesn't work, type  X <return>  to quit.


! LaTeX Error: Counter too large.

See the LaTeX manual or LaTeX Companion for explanation.
Type  H <return>  for immediate help.
 ...                                              
                                                  
l.3412 \subsection{Post-Falsification Studies}
                                              
You've lost some text.  Try typing  <return>  to proceed.
If that doesn't work, type  X <return>  to quit.


Package fancyhdr Warning: \headheight is too small (12.0pt): 
(fancyhdr)                Make it at least 13.59999pt, for example:
(fancyhdr)                \setlength{\headheight}{13.59999pt}.
(fancyhdr)                You might also make \topmargin smaller to compensate:

(fancyhdr)                \addtolength{\topmargin}{-1.59999pt}.

[62]

! LaTeX Error: Counter too large.

See the LaTeX manual or LaTeX Companion for explanation.
Type  H <return>  for immediate help.
 ...                                              
                                                  
l.3426 \subsection{Revised Model of Vacuum}
                                           
You've lost some text.  Try typing  <return>  to proceed.
If that doesn't work, type  X <return>  to quit.


! LaTeX Error: Counter too large.

See the LaTeX manual or LaTeX Companion for explanation.
Type  H <return>  for immediate help.
 ...                                              
                                                  
l.3443 ...e Octave-Layer Suite (QW-553 to QW-557)}
                                                  
You've lost some text.  Try typing  <return>  to proceed.
If that doesn't work, type  X <return>  to quit.


! LaTeX Error: Counter too large.

See the LaTeX manual or LaTeX Companion for explanation.
Type  H <return>  for immediate help.
 ...                                              
                                                  
l.3445 ...ction{QW-557: Scaling Universality Test}
                                                  
You've lost some text.  Try typing  <return>  to proceed.
If that doesn't work, type  X <return>  to quit.


! LaTeX Error: Counter too large.

See the LaTeX manual or LaTeX Companion for explanation.
Type  H <return>  for immediate help.
 ...                                              
                                                  
l.3477 \subsection{QW-553: Multi-Layer Gravity}
                                               
You've lost some text.  Try typing  <return>  to proceed.
If that doesn't work, type  X <return>  to quit.


! LaTeX Error: Counter too large.

See the LaTeX manual or LaTeX Companion for explanation.
Type  H <return>  for immediate help.
 ...                                              
                                                  
l.3487 ...ction{QW-611: Octaves vs Fractal Layers}
                                                  
You've lost some text.  Try typing  <return>  to proceed.
If that doesn't work, type  X <return>  to quit.


Package fancyhdr Warning: \headheight is too small (12.0pt): 
(fancyhdr)                Make it at least 13.59999pt, for example:
(fancyhdr)                \setlength{\headheight}{13.59999pt}.
(fancyhdr)                You might also make \topmargin smaller to compensate:

(fancyhdr)                \addtolength{\topmargin}{-1.59999pt}.

[63]

! LaTeX Error: Counter too large.

See the LaTeX manual or LaTeX Companion for explanation.
Type  H <return>  for immediate help.
 ...                                              
                                                  
l.3509 ...Particle Positions (QW-1097 to QW-1116)}
                                                  
You've lost some text.  Try typing  <return>  to proceed.
If that doesn't work, type  X <return>  to quit.


! LaTeX Error: Counter too large.

See the LaTeX manual or LaTeX Companion for explanation.
Type  H <return>  for immediate help.
 ...                                              
                                                  
l.3511 ...on{QW-1097: Bohr Quantization from K(d)}
                                                  
You've lost some text.  Try typing  <return>  to proceed.
If that doesn't work, type  X <return>  to quit.


! LaTeX Error: Counter too large.

See the LaTeX manual or LaTeX Companion for explanation.
Type  H <return>  for immediate help.
 ...                                              
                                                  
l.3522 ...098 to QW-1105: Winding Number Analysis}
                                                  
You've lost some text.  Try typing  <return>  to proceed.
If that doesn't work, type  X <return>  to quit.


! LaTeX Error: Counter too large.

See the LaTeX manual or LaTeX Companion for explanation.
Type  H <return>  for immediate help.
 ...                                              
                                                  
l.3544 ...06 to QW-1116: 4-Bit Information States}
                                                  
You've lost some text.  Try typing  <return>  to proceed.
If that doesn't work, type  X <return>  to quit.


Package fancyhdr Warning: \headheight is too small (12.0pt): 
(fancyhdr)                Make it at least 13.59999pt, for example:
(fancyhdr)                \setlength{\headheight}{13.59999pt}.
(fancyhdr)                You might also make \topmargin smaller to compensate:

(fancyhdr)                \addtolength{\topmargin}{-1.59999pt}.

[64]

! LaTeX Error: Counter too large.

See the LaTeX manual or LaTeX Companion for explanation.
Type  H <return>  for immediate help.
 ...                                              
                                                  
l.3560 ...ersal Mass Formula (QW-1137 to QW-1158)}
                                                  
You've lost some text.  Try typing  <return>  to proceed.
If that doesn't work, type  X <return>  to quit.


! LaTeX Error: Counter too large.

See the LaTeX manual or LaTeX Companion for explanation.
Type  H <return>  for immediate help.
 ...                                              
                                                  
l.3562 ...37 to QW-1145: Mass-Complexity Relation}
                                                  
You've lost some text.  Try typing  <return>  to proceed.
If that doesn't work, type  X <return>  to quit.


! LaTeX Error: Counter too large.

See the LaTeX manual or LaTeX Companion for explanation.
Type  H <return>  for immediate help.
 ...                                              
                                                  
l.3575 ...to QW-1152: Fibonacci Pattern Discovery}
                                                  
You've lost some text.  Try typing  <return>  to proceed.
If that doesn't work, type  X <return>  to quit.


! LaTeX Error: Counter too large.

See the LaTeX manual or LaTeX Companion for explanation.
Type  H <return>  for immediate help.
 ...                                              
                                                  
l.3607 ...{QW-1153 to QW-1158: Tau-Charm Symmetry}
                                                  
You've lost some text.  Try typing  <return>  to proceed.
If that doesn't work, type  X <return>  to quit.


! LaTeX Error: Counter too large.

See the LaTeX manual or LaTeX Companion for explanation.
Type  H <return>  for immediate help.
 ...                                              
                                                  
l.3618 ...Final Verification (QW-1159 to QW-1160)}
                                                  
You've lost some text.  Try typing  <return>  to proceed.
If that doesn't work, type  X <return>  to quit.


! LaTeX Error: Counter too large.

See the LaTeX manual or LaTeX Companion for explanation.
Type  H <return>  for immediate help.
 ...                                              
                                                  
l.3620 \subsection{QW-1159: Mass Generation Study}
                                                  
You've lost some text.  Try typing  <return>  to proceed.
If that doesn't work, type  X <return>  to quit.


Package fancyhdr Warning: \headheight is too small (12.0pt): 
(fancyhdr)                Make it at least 13.59999pt, for example:
(fancyhdr)                \setlength{\headheight}{13.59999pt}.
(fancyhdr)                You might also make \topmargin smaller to compensate:

(fancyhdr)                \addtolength{\topmargin}{-1.59999pt}.

[65]

! LaTeX Error: Counter too large.

See the LaTeX manual or LaTeX Companion for explanation.
Type  H <return>  for immediate help.
 ...                                              
                                                  
l.3653 ...{QW-1160: Scale Invariance Verification}
                                                  
You've lost some text.  Try typing  <return>  to proceed.
If that doesn't work, type  X <return>  to quit.


! LaTeX Error: Counter too large.

See the LaTeX manual or LaTeX Companion for explanation.
Type  H <return>  for immediate help.
 ...                                              
                                                  
l.3680 \section{The Torus Knot Hypothesis}
                                          
You've lost some text.  Try typing  <return>  to proceed.
If that doesn't work, type  X <return>  to quit.


! LaTeX Error: Counter too large.

See the LaTeX manual or LaTeX Companion for explanation.
Type  H <return>  for immediate help.
 ...                                              
                                                  
l.3682 ...in{hypothesis}[Torus Knots as Particles]
                                                  
You've lost some text.  Try typing  <return>  to proceed.
If that doesn't work, type  X <return>  to quit.


Package fancyhdr Warning: \headheight is too small (12.0pt): 
(fancyhdr)                Make it at least 13.59999pt, for example:
(fancyhdr)                \setlength{\headheight}{13.59999pt}.
(fancyhdr)                You might also make \topmargin smaller to compensate:

(fancyhdr)                \addtolength{\topmargin}{-1.59999pt}.

[66]

! LaTeX Error: Counter too large.

See the LaTeX manual or LaTeX Companion for explanation.
Type  H <return>  for immediate help.
 ...                                              
                                                  
l.3723 ...tion{The Observer Problem in FIN Theory}
                                                  
You've lost some text.  Try typing  <return>  to proceed.
If that doesn't work, type  X <return>  to quit.


! LaTeX Error: Counter too large.

See the LaTeX manual or LaTeX Companion for explanation.
Type  H <return>  for immediate help.
 ...                                              
                                                  
l.3729 ...ion{QW-684: Observer Entropy Dependence}
                                                  
You've lost some text.  Try typing  <return>  to proceed.
If that doesn't work, type  X <return>  to quit.


! LaTeX Error: Counter too large.

See the LaTeX manual or LaTeX Companion for explanation.
Type  H <return>  for immediate help.
 ...                                              
                                                  
l.3747 ...{QW-687: Scale-Classicality Correlation}
                                                  
You've lost some text.  Try typing  <return>  to proceed.
If that doesn't work, type  X <return>  to quit.


! LaTeX Error: Counter too large.

See the LaTeX manual or LaTeX Companion for explanation.
Type  H <return>  for immediate help.
 ...                                              
                                                  
l.3758 \section{QW-691: Inter-Layer Horizon}
                                            
You've lost some text.  Try typing  <return>  to proceed.
If that doesn't work, type  X <return>  to quit.


Package fancyhdr Warning: \headheight is too small (12.0pt): 
(fancyhdr)                Make it at least 13.59999pt, for example:
(fancyhdr)                \setlength{\headheight}{13.59999pt}.
(fancyhdr)                You might also make \topmargin smaller to compensate:

(fancyhdr)                \addtolength{\topmargin}{-1.59999pt}.

[67]

! LaTeX Error: Counter too large.

See the LaTeX manual or LaTeX Companion for explanation.
Type  H <return>  for immediate help.
 ...                                              
                                                  
l.3783 \section{QW-692: The Laboratory Paradox}
                                               
You've lost some text.  Try typing  <return>  to proceed.
If that doesn't work, type  X <return>  to quit.


! LaTeX Error: Counter too large.

See the LaTeX manual or LaTeX Companion for explanation.
Type  H <return>  for immediate help.
 ...                                              
                                                  
l.3820 ...ion{Summary: Emergent Observer Paradigm}
                                                  
You've lost some text.  Try typing  <return>  to proceed.
If that doesn't work, type  X <return>  to quit.


Package fancyhdr Warning: \headheight is too small (12.0pt): 
(fancyhdr)                Make it at least 13.59999pt, for example:
(fancyhdr)                \setlength{\headheight}{13.59999pt}.
(fancyhdr)                You might also make \topmargin smaller to compensate:

(fancyhdr)                \addtolength{\topmargin}{-1.59999pt}.

[68]

! LaTeX Error: Counter too large.

See the LaTeX manual or LaTeX Companion for explanation.
Type  H <return>  for immediate help.
 ...                                              
                                                  
l.3844 ...n{Foundational Studies (QW-1 to QW-100)}
                                                  
You've lost some text.  Try typing  <return>  to proceed.
If that doesn't work, type  X <return>  to quit.


! LaTeX Error: Counter too large.

See the LaTeX manual or LaTeX Companion for explanation.
Type  H <return>  for immediate help.
 ...                                              
                                                  
l.3859 ...nd Hierarchy Studies (QW-400 to QW-600)}
                                                  
You've lost some text.  Try typing  <return>  to proceed.
If that doesn't work, type  X <return>  to quit.


! LaTeX Error: Counter too large.

See the LaTeX manual or LaTeX Companion for explanation.
Type  H <return>  for immediate help.
 ...                                              
                                                  
l.3881 ...er and Mass Studies (QW-600 to QW-1000)}
                                                  
You've lost some text.  Try typing  <return>  to proceed.
If that doesn't work, type  X <return>  to quit.


! LaTeX Error: Counter too large.

See the LaTeX manual or LaTeX Companion for explanation.
Type  H <return>  for immediate help.
 ...                                              
                                                  
l.3900 ...gical Mass Genesis (QW-1097 to QW-1160)}
                                                  
You've lost some text.  Try typing  <return>  to proceed.
If that doesn't work, type  X <return>  to quit.


Package fancyhdr Warning: \headheight is too small (12.0pt): 
(fancyhdr)                Make it at least 13.59999pt, for example:
(fancyhdr)                \setlength{\headheight}{13.59999pt}.
(fancyhdr)                You might also make \topmargin smaller to compensate:

(fancyhdr)                \addtolength{\topmargin}{-1.59999pt}.

[69]

! LaTeX Error: Counter too large.

See the LaTeX manual or LaTeX Companion for explanation.
Type  H <return>  for immediate help.
 ...                                              
                                                  
l.3923 ...on{Confirmed Achievements of FIN Theory}
                                                  
You've lost some text.  Try typing  <return>  to proceed.
If that doesn't work, type  X <return>  to quit.


! LaTeX Error: Counter too large.

See the LaTeX manual or LaTeX Companion for explanation.
Type  H <return>  for immediate help.
 ...                                              
                                                  
l.3927 \subsection{Verified Predictions}
                                        
You've lost some text.  Try typing  <return>  to proceed.
If that doesn't work, type  X <return>  to quit.


! LaTeX Error: Counter too large.

See the LaTeX manual or LaTeX Companion for explanation.
Type  H <return>  for immediate help.
 ...                                              
                                                  
l.3942 \subsection{Key Insights}
                                
You've lost some text.  Try typing  <return>  to proceed.
If that doesn't work, type  X <return>  to quit.


! LaTeX Error: Counter too large.

See the LaTeX manual or LaTeX Companion for explanation.
Type  H <return>  for immediate help.
 ...                                              
                                                  
l.3952 ...tion{Open Questions for Future Research}
                                                  
You've lost some text.  Try typing  <return>  to proceed.
If that doesn't work, type  X <return>  to quit.


! LaTeX Error: Counter too large.

See the LaTeX manual or LaTeX Companion for explanation.
Type  H <return>  for immediate help.
 ...                                              
                                                  
l.3954 \subsection{Theoretical Gaps}
                                    
You've lost some text.  Try typing  <return>  to proceed.
If that doesn't work, type  X <return>  to quit.


Package fancyhdr Warning: \headheight is too small (12.0pt): 
(fancyhdr)                Make it at least 13.59999pt, for example:
(fancyhdr)                \setlength{\headheight}{13.59999pt}.
(fancyhdr)                You might also make \topmargin smaller to compensate:

(fancyhdr)                \addtolength{\topmargin}{-1.59999pt}.

[70]

LaTeX Warning: Command \textdegree invalid in math mode on input line 3959.


LaTeX Warning: Command \textdegree invalid in math mode on input line 3959.

Missing character: There is no ° in font cmr10!

LaTeX Warning: Command \textdegree invalid in math mode on input line 3959.


LaTeX Warning: Command \textdegree invalid in math mode on input line 3959.

Missing character: There is no ° in font cmr10!

! LaTeX Error: Counter too large.

See the LaTeX manual or LaTeX Companion for explanation.
Type  H <return>  for immediate help.
 ...                                              
                                                  
l.3968 \subsection{Experimental Predictions}
                                            
You've lost some text.  Try typing  <return>  to proceed.
If that doesn't work, type  X <return>  to quit.


! LaTeX Error: Counter too large.

See the LaTeX manual or LaTeX Companion for explanation.
Type  H <return>  for immediate help.
 ...                                              
                                                  
l.3980 \section{Suggested Future Studies}
                                         
You've lost some text.  Try typing  <return>  to proceed.
If that doesn't work, type  X <return>  to quit.


! LaTeX Error: Counter too large.

See the LaTeX manual or LaTeX Companion for explanation.
Type  H <return>  for immediate help.
 ...                                              
                                                  
l.3982 \subsection{QW-1200 Series: Knot Dynamics}
                                                 
You've lost some text.  Try typing  <return>  to proceed.
If that doesn't work, type  X <return>  to quit.


! LaTeX Error: Counter too large.

See the LaTeX manual or LaTeX Companion for explanation.
Type  H <return>  for immediate help.
 ...                                              
                                                  
l.3993 ...n{QW-1300 Series: Quantum Gravity Tests}
                                                  
You've lost some text.  Try typing  <return>  to proceed.
If that doesn't work, type  X <return>  to quit.


! LaTeX Error: Counter too large.

See the LaTeX manual or LaTeX Companion for explanation.
Type  H <return>  for immediate help.
 ...                                              
                                                  
l.4004 ...-1400 Series: Cosmological Implications}
                                                  
You've lost some text.  Try typing  <return>  to proceed.
If that doesn't work, type  X <return>  to quit.


! LaTeX Error: Counter too large.

See the LaTeX manual or LaTeX Companion for explanation.
Type  H <return>  for immediate help.
 ...                                              
                                                  
l.4015 ...ethodological Standards for Future Work}
                                                  
You've lost some text.  Try typing  <return>  to proceed.
If that doesn't work, type  X <return>  to quit.


Package fancyhdr Warning: \headheight is too small (12.0pt): 
(fancyhdr)                Make it at least 13.59999pt, for example:
(fancyhdr)                \setlength{\headheight}{13.59999pt}.
(fancyhdr)                You might also make \topmargin smaller to compensate:

(fancyhdr)                \addtolength{\topmargin}{-1.59999pt}.

[71]

! LaTeX Error: Counter too large.

See the LaTeX manual or LaTeX Companion for explanation.
Type  H <return>  for immediate help.
 ...                                              
                                                  
l.4019 \subsection{The Zero-Fitting Protocol}
                                             
You've lost some text.  Try typing  <return>  to proceed.
If that doesn't work, type  X <return>  to quit.


! LaTeX Error: Counter too large.

See the LaTeX manual or LaTeX Companion for explanation.
Type  H <return>  for immediate help.
 ...                                              
                                                  
l.4028 \subsection{Falsification Requirements}
                                              
You've lost some text.  Try typing  <return>  to proceed.
If that doesn't work, type  X <return>  to quit.


! LaTeX Error: Counter too large.

See the LaTeX manual or LaTeX Companion for explanation.
Type  H <return>  for immediate help.
 ...                                              
                                                  
l.4037 \subsection{Documentation Standards}
                                           
You've lost some text.  Try typing  <return>  to proceed.
If that doesn't work, type  X <return>  to quit.


! LaTeX Error: Counter too large.

See the LaTeX manual or LaTeX Companion for explanation.
Type  H <return>  for immediate help.
 ...                                              
                                                  
l.4056 ...ion{Q1: Fermion Spin from Scalar Fields}
                                                  
You've lost some text.  Try typing  <return>  to proceed.
If that doesn't work, type  X <return>  to quit.


! LaTeX Error: Environment question undefined.

See the LaTeX manual or LaTeX Companion for explanation.
Type  H <return>  for immediate help.
 ...                                              
                                                  
l.4058 \begin{question}
                       [Spin-1/2 Emergence]
Your command was ignored.
Type  I <command> <return>  to replace it with another command,
or  <return>  to continue without it.


! LaTeX Error: \begin{document} ended by \end{question}.

See the LaTeX manual or LaTeX Companion for explanation.
Type  H <return>  for immediate help.
 ...                                              
                                                  
l.4060 \end{question}
                     
Your command was ignored.
Type  I <command> <return>  to replace it with another command,
or  <return>  to continue without it.


Package fancyhdr Warning: \headheight is too small (12.0pt): 
(fancyhdr)                Make it at least 13.59999pt, for example:
(fancyhdr)                \setlength{\headheight}{13.59999pt}.
(fancyhdr)                You might also make \topmargin smaller to compensate:

(fancyhdr)                \addtolength{\topmargin}{-1.59999pt}.

[72]

! LaTeX Error: Counter too large.

See the LaTeX manual or LaTeX Companion for explanation.
Type  H <return>  for immediate help.
 ...                                              
                                                  
l.4084 ...l Exponent $2.26$ vs Solar System Tests}
                                                  
You've lost some text.  Try typing  <return>  to proceed.
If that doesn't work, type  X <return>  to quit.


Package hyperref Warning: Token not allowed in a PDF string (Unicode):
(hyperref)                removing `math shift' on input line 4084.


Package hyperref Warning: Token not allowed in a PDF string (Unicode):
(hyperref)                removing `math shift' on input line 4084.


! LaTeX Error: Environment question undefined.

See the LaTeX manual or LaTeX Companion for explanation.
Type  H <return>  for immediate help.
 ...                                              
                                                  
l.4086 \begin{question}
                       [Gravity Precision]
Your command was ignored.
Type  I <command> <return>  to replace it with another command,
or  <return>  to continue without it.


! LaTeX Error: \begin{document} ended by \end{question}.

See the LaTeX manual or LaTeX Companion for explanation.
Type  H <return>  for immediate help.
 ...                                              
                                                  
l.4088 \end{question}
                     
Your command was ignored.
Type  I <command> <return>  to replace it with another command,
or  <return>  to continue without it.


! LaTeX Error: Counter too large.

See the LaTeX manual or LaTeX Companion for explanation.
Type  H <return>  for immediate help.
 ...                                              
                                                  
l.4116 ...ure Constant Precision ($0.15\%$ Error)}
                                                  
You've lost some text.  Try typing  <return>  to proceed.
If that doesn't work, type  X <return>  to quit.


Package hyperref Warning: Token not allowed in a PDF string (Unicode):
(hyperref)                removing `math shift' on input line 4116.


Package hyperref Warning: Token not allowed in a PDF string (Unicode):
(hyperref)                removing `math shift' on input line 4116.


! LaTeX Error: Environment question undefined.

See the LaTeX manual or LaTeX Companion for explanation.
Type  H <return>  for immediate help.
 ...                                              
                                                  
l.4118 \begin{question}
                       [QED Precision]
Your command was ignored.
Type  I <command> <return>  to replace it with another command,
or  <return>  to continue without it.


! LaTeX Error: \begin{document} ended by \end{question}.

See the LaTeX manual or LaTeX Companion for explanation.
Type  H <return>  for immediate help.
 ...                                              
                                                  
l.4120 \end{question}
                     
Your command was ignored.
Type  I <command> <return>  to replace it with another command,
or  <return>  to continue without it.


Package fancyhdr Warning: \headheight is too small (12.0pt): 
(fancyhdr)                Make it at least 13.59999pt, for example:
(fancyhdr)                \setlength{\headheight}{13.59999pt}.
(fancyhdr)                You might also make \topmargin smaller to compensate:

(fancyhdr)                \addtolength{\topmargin}{-1.59999pt}.

[73]

! LaTeX Error: Counter too large.

See the LaTeX manual or LaTeX Companion for explanation.
Type  H <return>  for immediate help.
 ...                                              
                                                  
l.4151 ...arge Assignment (Fitting vs Derivation)}
                                                  
You've lost some text.  Try typing  <return>  to proceed.
If that doesn't work, type  X <return>  to quit.


! LaTeX Error: Environment question undefined.

See the LaTeX manual or LaTeX Companion for explanation.
Type  H <return>  for immediate help.
 ...                                              
                                                  
l.4153 \begin{question}
                       [First Principles]
Your command was ignored.
Type  I <command> <return>  to replace it with another command,
or  <return>  to continue without it.


! LaTeX Error: \begin{document} ended by \end{question}.

See the LaTeX manual or LaTeX Companion for explanation.
Type  H <return>  for immediate help.
 ...                                              
                                                  
l.4155 \end{question}
                     
Your command was ignored.
Type  I <command> <return>  to replace it with another command,
or  <return>  to continue without it.


! LaTeX Error: Counter too large.

See the LaTeX manual or LaTeX Companion for explanation.
Type  H <return>  for immediate help.
 ...                                              
                                                  
l.4181 ...ion{Q5: Lorentz Invariance on a Lattice}
                                                  
You've lost some text.  Try typing  <return>  to proceed.
If that doesn't work, type  X <return>  to quit.


! LaTeX Error: Environment question undefined.

See the LaTeX manual or LaTeX Companion for explanation.
Type  H <return>  for immediate help.
 ...                                              
                                                  
l.4183 \begin{question}
                       [Relativity]
Your command was ignored.
Type  I <command> <return>  to replace it with another command,
or  <return>  to continue without it.


! LaTeX Error: \begin{document} ended by \end{question}.

See the LaTeX manual or LaTeX Companion for explanation.
Type  H <return>  for immediate help.
 ...                                              
                                                  
l.4185 \end{question}
                     
Your command was ignored.
Type  I <command> <return>  to replace it with another command,
or  <return>  to continue without it.


Package fancyhdr Warning: \headheight is too small (12.0pt): 
(fancyhdr)                Make it at least 13.59999pt, for example:
(fancyhdr)                \setlength{\headheight}{13.59999pt}.
(fancyhdr)                You might also make \topmargin smaller to compensate:

(fancyhdr)                \addtolength{\topmargin}{-1.59999pt}.

[74]

! LaTeX Error: Counter too large.

See the LaTeX manual or LaTeX Companion for explanation.
Type  H <return>  for immediate help.
 ...                                              
                                                  
l.4213 \section{Q6: CKM and PMNS Mixing Matrices}
                                                 
You've lost some text.  Try typing  <return>  to proceed.
If that doesn't work, type  X <return>  to quit.


! LaTeX Error: Environment question undefined.

See the LaTeX manual or LaTeX Companion for explanation.
Type  H <return>  for immediate help.
 ...                                              
                                                  
l.4215 \begin{question}
                       [Flavor Mixing]
Your command was ignored.
Type  I <command> <return>  to replace it with another command,
or  <return>  to continue without it.


! LaTeX Error: \begin{document} ended by \end{question}.

See the LaTeX manual or LaTeX Companion for explanation.
Type  H <return>  for immediate help.
 ...                                              
                                                  
l.4217 \end{question}
                     
Your command was ignored.
Type  I <command> <return>  to replace it with another command,
or  <return>  to continue without it.


! LaTeX Error: Counter too large.

See the LaTeX manual or LaTeX Companion for explanation.
Type  H <return>  for immediate help.
 ...                                              
                                                  
l.4244 ...: Bell Inequality and Quantum Mechanics}
                                                  
You've lost some text.  Try typing  <return>  to proceed.
If that doesn't work, type  X <return>  to quit.


! LaTeX Error: Environment question undefined.

See the LaTeX manual or LaTeX Companion for explanation.
Type  H <return>  for immediate help.
 ...                                              
                                                  
l.4246 \begin{question}
                       [Quantum Foundations]
Your command was ignored.
Type  I <command> <return>  to replace it with another command,
or  <return>  to continue without it.


! LaTeX Error: \begin{document} ended by \end{question}.

See the LaTeX manual or LaTeX Companion for explanation.
Type  H <return>  for immediate help.
 ...                                              
                                                  
l.4248 \end{question}
                     
Your command was ignored.
Type  I <command> <return>  to replace it with another command,
or  <return>  to continue without it.


Package fancyhdr Warning: \headheight is too small (12.0pt): 
(fancyhdr)                Make it at least 13.59999pt, for example:
(fancyhdr)                \setlength{\headheight}{13.59999pt}.
(fancyhdr)                You might also make \topmargin smaller to compensate:

(fancyhdr)                \addtolength{\topmargin}{-1.59999pt}.

[75]

! LaTeX Error: Counter too large.

See the LaTeX manual or LaTeX Companion for explanation.
Type  H <return>  for immediate help.
 ...                                              
                                                  
l.4276 \section{Q8: Origin of Frozen Parameters}
                                                
You've lost some text.  Try typing  <return>  to proceed.
If that doesn't work, type  X <return>  to quit.


! LaTeX Error: Environment question undefined.

See the LaTeX manual or LaTeX Companion for explanation.
Type  H <return>  for immediate help.
 ...                                              
                                                  
l.4278 \begin{question}
                       [Parameter Freedom]
Your command was ignored.
Type  I <command> <return>  to replace it with another command,
or  <return>  to continue without it.


! LaTeX Error: \begin{document} ended by \end{question}.

See the LaTeX manual or LaTeX Companion for explanation.
Type  H <return>  for immediate help.
 ...                                              
                                                  
l.4280 \end{question}
                     
Your command was ignored.
Type  I <command> <return>  to replace it with another command,
or  <return>  to continue without it.


! LaTeX Error: Counter too large.

See the LaTeX manual or LaTeX Companion for explanation.
Type  H <return>  for immediate help.
 ...                                              
                                                  
l.4316 ...n{Summary: Current Status of FIN Theory}
                                                  
You've lost some text.  Try typing  <return>  to proceed.
If that doesn't work, type  X <return>  to quit.


Package fancyhdr Warning: \headheight is too small (12.0pt): 
(fancyhdr)                Make it at least 13.59999pt, for example:
(fancyhdr)                \setlength{\headheight}{13.59999pt}.
(fancyhdr)                You might also make \topmargin smaller to compensate:

(fancyhdr)                \addtolength{\topmargin}{-1.59999pt}.

[76]

! LaTeX Error: Counter too large.

See the LaTeX manual or LaTeX Companion for explanation.
Type  H <return>  for immediate help.
 ...                                              
                                                  
l.4349 \section{The Full Lagrangian Density}
                                            
You've lost some text.  Try typing  <return>  to proceed.
If that doesn't work, type  X <return>  to quit.


! LaTeX Error: Counter too large.

See the LaTeX manual or LaTeX Companion for explanation.
Type  H <return>  for immediate help.
 ...                                              
                                                  
l.4362 \section{The Hamiltonian}
                                
You've lost some text.  Try typing  <return>  to proceed.
If that doesn't work, type  X <return>  to quit.


! LaTeX Error: Counter too large.

See the LaTeX manual or LaTeX Companion for explanation.
Type  H <return>  for immediate help.
 ...                                              
                                                  
l.4375 \section{The Kernel Matrix}
                                  
You've lost some text.  Try typing  <return>  to proceed.
If that doesn't work, type  X <return>  to quit.


Package fancyhdr Warning: \headheight is too small (12.0pt): 
(fancyhdr)                Make it at least 13.59999pt, for example:
(fancyhdr)                \setlength{\headheight}{13.59999pt}.
(fancyhdr)                You might also make \topmargin smaller to compensate:

(fancyhdr)                \addtolength{\topmargin}{-1.59999pt}.

[77]

! LaTeX Error: Counter too large.

See the LaTeX manual or LaTeX Companion for explanation.
Type  H <return>  for immediate help.
 ...                                              
                                                  
l.4389 \section{The Mass Operator}
                                  
You've lost some text.  Try typing  <return>  to proceed.
If that doesn't work, type  X <return>  to quit.


! LaTeX Error: Counter too large.

See the LaTeX manual or LaTeX Companion for explanation.
Type  H <return>  for immediate help.
 ...                                              
                                                  
l.4401 \section{The Info-Geometry Tensor}
                                         
You've lost some text.  Try typing  <return>  to proceed.
If that doesn't work, type  X <return>  to quit.


! LaTeX Error: Counter too large.

See the LaTeX manual or LaTeX Companion for explanation.
Type  H <return>  for immediate help.
 ...                                              
                                                  
l.4417 \section{Connection to Standard Model}
                                             
You've lost some text.  Try typing  <return>  to proceed.
If that doesn't work, type  X <return>  to quit.


! LaTeX Error: Counter too large.

See the LaTeX manual or LaTeX Companion for explanation.
Type  H <return>  for immediate help.
 ...                                              
                                                  
l.4441 \section{References and Resources}
                                         
You've lost some text.  Try typing  <return>  to proceed.
If that doesn't work, type  X <return>  to quit.


! LaTeX Error: Counter too large.

See the LaTeX manual or LaTeX Companion for explanation.
Type  H <return>  for immediate help.
 ...                                              
                                                  
l.4443 \subsection{Primary Sources}
                                   
You've lost some text.  Try typing  <return>  to proceed.
If that doesn't work, type  X <return>  to quit.


Package fancyhdr Warning: \headheight is too small (12.0pt): 
(fancyhdr)                Make it at least 13.59999pt, for example:
(fancyhdr)                \setlength{\headheight}{13.59999pt}.
(fancyhdr)                You might also make \topmargin smaller to compensate:

(fancyhdr)                \addtolength{\topmargin}{-1.59999pt}.

[78]

! LaTeX Error: Counter too large.

See the LaTeX manual or LaTeX Companion for explanation.
Type  H <return>  for immediate help.
 ...                                              
                                                  
l.4455 \subsection{Key Study Files}
                                   
You've lost some text.  Try typing  <return>  to proceed.
If that doesn't work, type  X <return>  to quit.


! LaTeX Error: Counter too large.

See the LaTeX manual or LaTeX Companion for explanation.
Type  H <return>  for immediate help.
 ...                                              
                                                  
l.4467 \subsection{Release History}
                                   
You've lost some text.  Try typing  <return>  to proceed.
If that doesn't work, type  X <return>  to quit.


pdfTeX warning (ext4): destination with the same identifier (name{appendix.A}) 
has been already used, duplicate ignored
<to be read again> 
                   \relax 
l.4484 \section{Appendix A: All Frozen Parameters}
                                                  
pdfTeX warning (ext4): destination with the same identifier (name{appendix.B}) 
has been already used, duplicate ignored
<to be read again> 
                   \relax 
l.4502 ...ppendix B: Executive Summary of Results}
                                                  

Package fancyhdr Warning: \headheight is too small (12.0pt): 
(fancyhdr)                Make it at least 13.59999pt, for example:
(fancyhdr)                \setlength{\headheight}{13.59999pt}.
(fancyhdr)                You might also make \topmargin smaller to compensate:

(fancyhdr)                \addtolength{\topmargin}{-1.59999pt}.

[79]
pdfTeX warning (ext4): destination with the same identifier (name{appendix.C}) 
has been already used, duplicate ignored
<to be read again> 
                   \relax 
l.4521 ...ppendix C: List of Falsified Hypotheses}
                                                  
pdfTeX warning (ext4): destination with the same identifier (name{appendix.D}) 
has been already used, duplicate ignored
<to be read again> 
                   \relax 
l.4534 \section{Appendix D: Derivation Hierarchy}
                                                 
pdfTeX warning (ext4): destination with the same identifier (name{appendix.E}) 
has been already used, duplicate ignored
<to be read again> 
                   \relax 
l.4564 ...ion{Appendix E: Complete QW Study Count}
                                                  
pdfTeX warning (ext4): destination with the same identifier (name{appendix.F}) 
has been already used, duplicate ignored
<to be read again> 
                   \relax 
l.4582 ... Matter \& Dynamics (Phase III Results)}
                                                  

Package fancyhdr Warning: \headheight is too small (12.0pt): 
(fancyhdr)                Make it at least 13.59999pt, for example:
(fancyhdr)                \setlength{\headheight}{13.59999pt}.
(fancyhdr)                You might also make \topmargin smaller to compensate:

(fancyhdr)                \addtolength{\topmargin}{-1.59999pt}.

[80]
pdfTeX warning (ext4): destination with the same identifier (name{subsection.F.
1}) has been already used, duplicate ignored
<to be read again> 
                   \relax 
l.4586 ...ite Structure of the Electron (QW-1206)}
                                                  

Package fancyhdr Warning: \headheight is too small (12.0pt): 
(fancyhdr)                Make it at least 13.59999pt, for example:
(fancyhdr)                \setlength{\headheight}{13.59999pt}.
(fancyhdr)                You might also make \topmargin smaller to compensate:

(fancyhdr)                \addtolength{\topmargin}{-1.59999pt}.

[81]

Package fancyhdr Warning: \headheight is too small (12.0pt): 
(fancyhdr)                Make it at least 13.59999pt, for example:
(fancyhdr)                \setlength{\headheight}{13.59999pt}.
(fancyhdr)                You might also make \topmargin smaller to compensate:

(fancyhdr)                \addtolength{\topmargin}{-1.59999pt}.

[82] (./TOE_FINAL_DOCUMENTATION.aux)
 ***********
LaTeX2e <2023-11-01> patch level 1
L3 programming layer <2024-01-22>
 ***********


LaTeX Warning: Label(s) may have changed. Rerun to get cross-references right.


Package rerunfilecheck Warning: File `TOE_FINAL_DOCUMENTATION.out' has changed.

(rerunfilecheck)                Rerun to get outlines right
(rerunfilecheck)                or use package `bookmark'.

Package rerunfilecheck Info: Checksums for `TOE_FINAL_DOCUMENTATION.out':
(rerunfilecheck)             Before: A05485473170D70520471172FE7880C7;66476
(rerunfilecheck)             After:  2A95AFA50E41B60B143359A3195695E2;68208.
 ) 
Here is how much of TeX's memory you used:
 16047 strings out of 476182
 246185 string characters out of 5795594
 1945975 words of memory out of 5000000
 36978 multiletter control sequences out of 15000+600000
 588782 words of font info for 116 fonts, out of 8000000 for 9000
 14 hyphenation exceptions out of 8191
 75i,15n,79p,641b,696s stack positions out of 10000i,1000n,20000p,200000b,200000s
 </home/krzysiek/.texlive2023/texmf-var/fonts/pk/ljfour/jknappen/ec/ecbx0800.
600pk> </home/krzysiek/.texlive2023/texmf-var/fonts/pk/ljfour/jknappen/ec/tcti1
095.600pk> </home/krzysiek/.texlive2023/texmf-var/fonts/pk/ljfour/jknappen/ec/e
crm0600.600pk> </home/krzysiek/.texlive2023/texmf-var/fonts/pk/ljfour/jknappen/
ec/ectt1095.600pk> </home/krzysiek/.texlive2023/texmf-var/fonts/pk/ljfour/jknap
pen/ec/ecti0800.600pk> </home/krzysiek/.texlive2023/texmf-var/fonts/pk/ljfour/j
knappen/ec/ecbi1095.600pk> </home/krzysiek/.texlive2023/texmf-var/fonts/pk/ljfo
ur/jknappen/ec/ecti1095.600pk> </home/krzysiek/.texlive2023/texmf-var/fonts/pk/
ljfour/jknappen/ec/tcrm1095.600pk> </home/krzysiek/.texlive2023/texmf-var/fonts
/pk/ljfour/jknappen/ec/ecbx2074.600pk> </home/krzysiek/.texlive2023/texmf-var/f
onts/pk/ljfour/jknappen/ec/ecrm0800.600pk> </home/krzysiek/.texlive2023/texmf-v
ar/fonts/pk/ljfour/jknappen/ec/ecrm1095.600pk> </home/krzysiek/.texlive2023/tex
mf-var/fonts/pk/ljfour/jknappen/ec/ecbx1095.600pk> </home/krzysiek/.texlive2023
/texmf-var/fonts/pk/ljfour/jknappen/ec/ecbx1440.600pk> </home/krzysiek/.texlive
2023/texmf-var/fonts/pk/ljfour/jknappen/ec/tcrm1000.600pk> </home/krzysiek/.tex
live2023/texmf-var/fonts/pk/ljfour/jknappen/ec/ecbx1000.600pk> </home/krzysiek/
.texlive2023/texmf-var/fonts/pk/ljfour/jknappen/ec/ectt1000.600pk> </home/krzys
iek/.texlive2023/texmf-var/fonts/pk/ljfour/jknappen/ec/ecrm1000.600pk> </home/k
rzysiek/.texlive2023/texmf-var/fonts/pk/ljfour/jknappen/ec/ecrm1200.600pk> </ho
me/krzysiek/.texlive2023/texmf-var/fonts/pk/ljfour/jknappen/ec/ecti1200.600pk> 
</home/krzysiek/.texlive2023/texmf-var/fonts/pk/ljfour/jknappen/ec/ecbx1200.600
pk> </home/krzysiek/.texlive2023/texmf-var/fonts/pk/ljfour/jknappen/ec/ecbx1728
.600pk></usr/share/texlive/texmf-dist/fonts/type1/public/amsfonts/cm/cmbx10.pfb
></usr/share/texlive/texmf-dist/fonts/type1/public/amsfonts/cm/cmbx8.pfb></usr/
share/texlive/texmf-dist/fonts/type1/public/amsfonts/cm/cmex10.pfb></usr/share/
texlive/texmf-dist/fonts/type1/public/amsfonts/cm/cmmi10.pfb></usr/share/texliv
e/texmf-dist/fonts/type1/public/amsfonts/cm/cmmi12.pfb></usr/share/texlive/texm
f-dist/fonts/type1/public/amsfonts/cm/cmmi6.pfb></usr/share/texlive/texmf-dist/
fonts/type1/public/amsfonts/cm/cmmi7.pfb></usr/share/texlive/texmf-dist/fonts/t
ype1/public/amsfonts/cm/cmmi8.pfb></usr/share/texlive/texmf-dist/fonts/type1/pu
blic/amsfonts/cm/cmr10.pfb></usr/share/texlive/texmf-dist/fonts/type1/public/am
sfonts/cm/cmr12.pfb></usr/share/texlive/texmf-dist/fonts/type1/public/amsfonts/
cm/cmr6.pfb></usr/share/texlive/texmf-dist/fonts/type1/public/amsfonts/cm/cmr7.
pfb></usr/share/texlive/texmf-dist/fonts/type1/public/amsfonts/cm/cmr8.pfb></us
r/share/texlive/texmf-dist/fonts/type1/public/amsfonts/cm/cmsy10.pfb></usr/shar
e/texlive/texmf-dist/fonts/type1/public/amsfonts/cm/cmsy6.pfb></usr/share/texli
ve/texmf-dist/fonts/type1/public/amsfonts/cm/cmsy7.pfb></usr/share/texlive/texm
f-dist/fonts/type1/public/amsfonts/cm/cmsy8.pfb></usr/share/texlive/texmf-dist/
fonts/type1/public/amsfonts/symbols/msam10.pfb></usr/share/texlive/texmf-dist/f
onts/type1/public/amsfonts/symbols/msbm10.pfb>
Output written on TOE_FINAL_DOCUMENTATION.pdf (82 pages, 733694 bytes).
PDF statistics:
 3411 PDF objects out of 3580 (max. 8388607)
 2478 compressed objects within 25 object streams
 838 named destinations out of 1000 (max. 500000)
 2281 words of extra memory for PDF output out of 10000 (max. 10000000)

