pair_id,theta_deg,hxy,f_std,f_autoc1,f_switch,f_slope,intervention_id,regime
NG15|J1918-0642|58243.542769040|915.312|14052,29.450148463884005,0.3053518659493006,0.10754930678741488,0.09388121804084545,1.0,-0.0032566909443685105,INT_02_GW190503_185404_v2,pre
NG15|J1012+5307|54400.612530907|876.000|14431,27.513107443396347,0.5537527218051266,0.11423431805085273,-0.4486800420604374,0.6666666666666666,-0.0037499656139264466,INT_01_GW150914_v4,pre
NG15|J1918-0642|54916.374764997|1428.000|43,54.71209613156251,0.6633066005099387,0.1456029856657224,-1.0,1.0,0.005359266302335314,INT_01_GW150914_v4,pre
NG15|J1910+1256|56557.990219889|1574.795|3287,61.945204001996125,0.4409392316295081,0.06383153034264859,0.20279986037419698,0.6666666666666666,-0.0017660174643860944,INT_01_GW150914_v4,pre
NG15|J1745+1017|57503.309021635|1324.138|1441,49.5944487345873,0.6318116156932394,0.19098150705407,-0.41794072782692027,0.7777777777777778,-0.00945951378089336,INT_01_GW150914_v4,post
NG15|J2124-3358|58270.358676620|809.838|3903,24.253072136174517,0.35029417809866126,0.12790770747238014,-0.483697101301649,0.5,-0.004306865933614188,INT_02_GW190503_185404_v2,pre
NG15|J1744-1134|56066.269287616|1566.338|2430,61.52849775682253,0.6637595879978333,0.04872834044581638,-0.47061860338384526,1.0,-0.001416905929916966,INT_01_GW150914_v4,pre
NG15|J0030+0451|57816.750350394|2386.668|18984,101.94905281219094,0.3297486628853287,0.10358869465014986,0.5826254145848531,0.5555555555555556,-0.000824708425624877,INT_01_GW150914_v4,post
NG15|J0023+0923|57375.949913427|433.125|1299,5.691092741817378,0.3965075275651561,0.09235650939598276,-0.9813909604787291,1.0,-0.003385696349843003,INT_01_GW150914_v4,post
NG15|J1719-1438|58517.509495174|1380.784|1503,52.38559712811967,0.14523048147846568,0.032890390043801704,-0.6896430706485313,0.5,-0.002478769070569604,INT_02_GW190503_185404_v2,pre
NG15|J1713+0747ao|56044.332066128|1224.773|8773,44.69838440306623,0.6759453334880785,0.25221567035774484,-0.9999705936900223,1.0,-0.018506755649225447,INT_01_GW150914_v4,pre
NG15|J1744-1134|57437.647005497|1493.049|2702,57.91728999963592,0.7167187935844063,0.11760555408239001,-0.3908644095170127,0.6666666666666666,0.002886130847800905,INT_01_GW150914_v4,post
NG15|J0023+0923|57096.726466061|426.875|2456,5.38313317786622,0.34761144174181363,0.09140599042025832,-0.5309067787398175,0.75,-0.0030029253843434412,INT_01_GW150914_v4,pre
NG15|J1713+0747|57628.096692686|1866.500|42519,76.31853913837567,0.5845501484363139,0.13013169448227643,0.017293602395278062,0.6666666666666666,0.0025684370990492317,INT_01_GW150914_v4,post
NG15|J0023+0923|57327.057520160|1650.098|12334,65.65564864907036,0.23328177736987693,0.0883361478939536,-0.36583415311962775,1.0,-0.003179287918626203,INT_01_GW150914_v4,post
NG15|J1744-1134|58637.343138890|859.691|11137,26.709505438839642,0.43607413564273556,0.16990391268928268,0.22324251144046264,0.5555555555555556,-0.006479925446932329,INT_02_GW190503_185404_v2,post
NG15|J1453+1902|56738.317117716|1474.201|2437,56.98858250181969,0.25195470870306935,0.09348989427263475,0.029320946921834207,0.5,0.003394209964888426,INT_01_GW150914_v4,pre
NG15|J0023+0923|56662.941265767|1374.222|15805,52.06226422273606,0.4324242283114525,0.11044886697163603,-0.18551503444525963,1.0,0.0007149096709515312,INT_01_GW150914_v4,pre
NG15|J2229+2643|58565.637245325|1412.300|2013,53.93850170691721,0.3234393585295789,0.11510014161893711,0.8544185189607472,0.0,-0.004264192571893218,INT_02_GW190503_185404_v2,pre
NG15|J1713+0747|57704.766156301|1450.365|3428,55.81409863520533,0.1289798260269266,0.26382354042046224,0.12321257323426613,0.7777777777777778,0.0014596883727520159,INT_01_GW150914_v4,post
NG15|B1937+21|55492.755256145|1643.073|14296,65.30950209918926,0.6664445260366354,0.08254851270456968,-0.2192041305108637,0.5,0.0005456580455308222,INT_01_GW150914_v4,pre
NG15|J1012+5307|56729.081984072|1467.723|4408,56.6693885729756,0.647412225681319,0.2006830006198631,-0.04681495983878949,0.6,-0.002189007342908411,INT_01_GW150914_v4,pre
NG15|J1909-3744|57847.554256383|1768.162|16228,71.47307872240306,0.7716438356287917,0.15158515009342635,0.05825713595817499,0.6666666666666666,-0.003274785064384228,INT_01_GW150914_v4,post
NG15|J1909-3744|56886.121072409|900.463|23331,28.718485813466287,0.6771897827688588,0.14829938649911298,-0.33370218085409564,0.7142857142857143,-0.0032517668863161608,INT_01_GW150914_v4,pre
NG15|J0636+5128|58728.389707069|1355.555|10325,51.14247523389187,0.24677696980196248,0.0477335375641673,0.13626224865966377,0.8888888888888888,-0.0012971217778852454,INT_03_GW190728_064510_v2,post
NG15|J1600-3053gbt|55731.094997579|1817.827|1308,73.92024860138453,0.5762016261059811,0.09494873374834778,0.2550912771042728,0.4444444444444444,0.0031843815698473694,INT_01_GW150914_v4,pre
NG15|B1937+21gbt|55641.393830452|875.480|11556,27.48748520767561,0.779599886526876,0.05990495646649067,0.6087468731062761,0.5,0.00017998649281950326,INT_01_GW150914_v4,pre
NG15|J1918-0642|57859.564471615|831.720|12026,25.331275524715192,0.37106387707868016,0.0609620497430194,1.0,0.0,-0.005676300652376896,INT_01_GW150914_v4,post
NG15|J0340+4130|57922.783108339|769.226|8987,22.251975526385014,0.33320974290574884,0.039367619405044185,0.9961671553730376,0.0,-0.004913723113826844,INT_01_GW150914_v4,post
NG15|J0340+4130|58942.930492187|834.627|9602,25.47451367710015,0.27073487077228076,0.028046819418139295,-1.0,1.0,0.00113961843167745,INT_05_GW200219_094415_v1,post
NG15|J1600-3053|55278.301583379|859.858|13847,26.71773411838841,0.508936730272827,0.09032226459799396,-0.9988755621354145,1.0,-4.670023767871349e-05,INT_01_GW150914_v4,pre
NG15|J0636+5128|56706.057501666|791.099|29282,23.329735453153603,0.18679605439430658,0.04668737610955905,0.19321141711806852,0.5714285714285714,-0.0014043620662816116,INT_01_GW150914_v4,pre
NG15|B1937+21ao|57410.652590694|2237.559|6592,94.60192599280005,0.588619993752822,0.27238971465202744,-1.0,1.0,-0.000787669228119101,INT_01_GW150914_v4,post
NG15|J1923+2515|58661.209932477|1162.650|2389,41.63736488445221,0.17228626103906292,0.11809624998588619,-0.5311712089482734,0.5,-0.0019378512514480616,INT_03_GW190728_064510_v2,pre
NG15|B1937+21|53968.119533393|1422.000|285,54.4164549501694,0.8348576034602387,0.060265365503434636,1.0,0.0,-0.001839856595148045,INT_01_GW150914_v4,pre
NG15|J1643-1224|58786.702777771|1605.707|4178,63.46834736853343,0.5379684292954874,0.16815153213661319,0.21597932320898003,0.3333333333333333,-0.003047030456972864,INT_04_GW191126_115259_v1,pre
NG15|J1012+5307|57579.995704987|728.585|18501,20.24944998421878,0.4020235054552693,0.11691988155423665,-0.20972340818104906,0.5555555555555556,-0.0006691595643348151,INT_01_GW150914_v4,post
NG15|J2010-1323|58788.825649964|912.987|11606,29.33558750609417,0.2975355695932581,0.05217226980609571,-0.3245453685534041,0.5,-0.010103206361437175,INT_04_GW191126_115259_v1,pre
NG15|J2145-0750|58220.552909663|1853.554|6223,75.68064401598981,0.2804930257963394,0.17810402243390658,0.18215548507971682,0.6666666666666666,-0.0020388182799193065,INT_02_GW190503_185404_v2,pre
NG15|J1614-2230|55271.476196813|1567.544|6368,61.58792163428255,0.5200524950229947,0.10338228128845747,0.1831409988839095,0.4444444444444444,0.002490017948259863,INT_01_GW150914_v4,pre
NG15|J1713+0747|57836.468195221|2727.881|57189,118.76182188330547,0.20043733227503888,0.20656723474265232,0.5990229280182499,0.4444444444444444,-0.004863055092128951,INT_01_GW150914_v4,post
NG15|J1741+1351|56425.262049609|1313.649|1952,49.07761867598191,0.7086475062593788,0.08989972970766745,1.0,0.0,-0.003175823124333188,INT_01_GW150914_v4,pre
NG15|J1911+1347|57538.310123593|1387.606|1840,52.721741151363624,0.5970120306684382,0.053996868785309134,-1.0,1.0,-0.020732173068020582,INT_01_GW150914_v4,post
NG15|J0636+5128|58487.922988544|1193.104|7190,43.13794097414316,0.290176251917616,0.056077153124318324,-0.0060825716872271495,0.6666666666666666,-0.00012694461629063214,INT_02_GW190503_185404_v2,pre
NG15|J2145-0750|56522.202574092|734.827|16933,20.55701535992808,0.6749656509413966,0.156754620588958,0.1151967839744669,0.42857142857142855,-0.006158696795945289,INT_01_GW150914_v4,pre
NG15|J1713+0747gbt|58866.750113657|1537.500|3217,60.10754769198678,0.7423110902034886,0.22379265156306177,-0.3235647535705716,0.875,0.006948644289615884,INT_05_GW200219_094415_v1,pre
NG15|J1012+5307|57036.202334471|771.562|25101,22.3670784930074,0.46973827991393413,0.10083453053880118,-0.5458726281236237,0.6666666666666666,0.000863398713060718,INT_01_GW150914_v4,pre
NG15|J1713+0747gbt|56214.732073934|1633.725|21356,64.84889313857877,0.6135808497743802,0.16070009342801775,-0.18582060172992754,0.75,0.000153375832290502,INT_01_GW150914_v4,pre
NG15|J1747-4036|57837.490303353|1355.299|4493,51.12986121015243,0.32552284130598463,0.042132099177656306,0.4656324287100742,0.5555555555555556,-0.0017584084123140374,INT_01_GW150914_v4,post
NG15|J0645+5158|57490.054580224|759.846|7292,21.78978981280712,0.372228657869493,0.12417720858504251,-0.6479676533752973,0.3333333333333333,-0.0008341233462252791,INT_01_GW150914_v4,post
NG15|J0645+5158|57914.046581043|1442.491|1585,55.42611885815711,0.36861127825597323,0.10258186870017952,0.8298695746716181,0.0,-0.00559867910331309,INT_01_GW150914_v4,post
NG15|B1937+21gbt|56234.910865881|744.223|12398,21.019989449989687,0.7499850749727739,0.21077991853964315,-0.3081951887756537,0.75,-0.0036183118670872366,INT_01_GW150914_v4,pre
NG15|J1012+5307|57365.548090368|1743.553|1854,70.26050641691921,0.5180679647425781,0.1051674765517585,0.02489013499295112,0.6666666666666666,-0.0023917379490786452,INT_01_GW150914_v4,post
NG15|J1944+0907|57788.665326801|428.436|376,5.46004915855866,0.6663426874594148,0.13009337688081202,-1.0,1.0,-0.003826065663530969,INT_01_GW150914_v4,post
NG15|J0636+5128|58424.211551766|1643.654|2243,65.33813002025416,0.13097532258437347,0.056077153124318324,-0.0060825716872271495,0.6666666666666666,-0.00012694461629063214,INT_02_GW190503_185404_v2,pre
NG15|J2043+1711|57744.827054609|1686.512|3396,67.44989497894514,0.39138602157555535,0.029139786691793616,-0.45855444370669407,1.0,0.0006977869478365835,INT_01_GW150914_v4,post
NG15|J1730-2304|58759.873866051|874.686|4213,27.44836202467126,0.5412676727127537,0.09636020481671567,-0.9407497386824807,0.5,-0.005181040532551088,INT_04_GW191126_115259_v1,pre
NG15|J1909-3744|57370.731260746|1158.452|12093,41.430514604537485,0.5278154434541044,0.08147880716841224,-0.08750405240729821,0.6666666666666666,0.0027793102577429447,INT_01_GW150914_v4,post
NG15|J0645+5158|56209.443896124|879.375|9475,27.679405607929972,0.30950767010265956,0.09166494648699824,-0.5660924990608118,0.3333333333333333,-0.0001251381489654673,INT_01_GW150914_v4,pre
NG15|J1853+1303|57326.817090289|426.875|234,5.38313317786622,0.38973873908936923,0.05979262569133729,-0.6828622382616196,0.5,0.0019124740629903368,INT_01_GW150914_v4,post
NG15|J0023+0923|57264.245222855|1636.333|15520,64.97739850542433,0.19353081421130758,0.08971121874399254,-0.24588590371330146,1.0,-0.002869198464727914,INT_01_GW150914_v4,pre
NG15|J1614-2230|55269.528880466|1242.680|4457,45.58072550893398,0.3601131971364135,0.08016995316469769,-0.18096862824855597,0.5555555555555556,-0.0022097733869972038,INT_01_GW150914_v4,pre
NG15|J1643-1224gbt|56733.478842393|1593.291|6311,62.85656721717061,0.4325301991433802,0.072248281818395,-0.08116191021267707,0.5,-0.0011348958877524947,INT_01_GW150914_v4,pre
NG15|J1909-3744|58306.304487706|1730.512|7745,69.61793030916128,0.5966067175486103,0.13533585650520846,-0.03457331264613003,0.5714285714285714,-0.0028341420166786897,INT_02_GW190503_185404_v2,pre
NG15|B1937+21|57461.606528002|840.964|21924,25.786760038181512,0.8235004354175083,0.25751733293837664,-0.33018689358484143,0.6666666666666666,-0.0011336313722877303,INT_01_GW150914_v4,post
NG15|J1741+1351|55791.028488620|432.000|31,5.635660020306169,0.38236754922998784,0.14361505090774992,0.06948332434442106,0.6666666666666666,-0.0016195198481080417,INT_01_GW150914_v4,pre
NG15|J2043+1711|56738.560399400|1711.601|3553,68.68611857894044,0.3754819149286599,0.10493445796745676,0.1302404083773701,0.5555555555555556,-0.003814568577916501,INT_01_GW150914_v4,pre
NG15|J1909-3744|55337.267536303|1767.310|12755,71.43109767464523,0.46314191055805687,0.13223515103898467,-0.2817489232430784,0.6666666666666666,-0.0027866726315472386,INT_01_GW150914_v4,pre
NG15|J1741+1351|56874.021963510|1461.881|5329,56.381532609359176,0.6255426920264725,0.020637778718521065,1.0,0.0,-0.0008240494757685941,INT_01_GW150914_v4,pre
NG15|J1630+3734|58396.953466443|1229.720|334,44.94214055712486,0.374648713138104,0.1316792601356487,-0.2731154746458424,1.0,-0.005813466254058215,INT_02_GW190503_185404_v2,pre
NG15|J0340+4130|56921.489063882|1342.982|411,50.5229591382826,0.3190163641968978,0.03328794426431278,-0.20602090498203116,1.0,0.0005584565054199253,INT_01_GW150914_v4,pre
NG15|J1713+0747|58466.730746846|1355.466|25005,51.13808988970119,0.5301794513756756,0.1683119766419049,0.09022892975512034,0.7777777777777778,-0.0009418543717368832,INT_02_GW190503_185404_v2,pre
NG15|B1937+21|56948.867527541|900.466|21789,28.71863363405699,0.741135501233885,0.23515725628559347,0.22804194944138909,0.75,-0.012727783352197555,INT_01_GW150914_v4,pre
NG15|B1937+21gbt|55674.303422464|803.542|15301,23.942845989832684,0.6704892065955853,0.05990495646649067,0.6087468731062761,0.5,0.00017998649281950326,INT_01_GW150914_v4,pre
NG15|J2017+0603|57375.783999270|1174.797|1019,42.23589045618255,0.4157653943865864,0.10266238617694065,-0.3210487461973606,0.6666666666666666,0.0013554804045413738,INT_01_GW150914_v4,post
NG15|J1640+2224|57205.082593622|1550.803|4433,60.76303346466554,0.18028032621226553,0.22731039914449813,-0.30707762801899047,0.75,-0.007059980800200217,INT_01_GW150914_v4,pre
NG15|B1855+09|58964.415035802|1600.079|5729,63.19103594038669,0.28934067516852396,0.14812086232635704,0.20002449703224162,0.6666666666666666,0.0011327447696990686,INT_05_GW200219_094415_v1,post
NG15|J1705-1903|58099.649685261|1613.154|4379,63.83528734817251,0.20736951295771772,0.06711822372600153,-0.17299961911398476,0.6666666666666666,0.0012021349968029944,INT_02_GW190503_185404_v2,pre
NG15|J1918-0642|57948.353430168|1217.932|1307,44.36130418274786,0.2241383405254812,0.0835359898369098,0.24030169376321853,0.6666666666666666,0.003227023917972612,INT_02_GW190503_185404_v2,pre
NG15|J1713+0747gbt|56647.787869739|1805.454|11661,73.3105872118217,0.6872914017729365,0.12983154140255873,-0.2609817793503583,0.6666666666666666,0.0003853147310277575,INT_01_GW150914_v4,pre
NG15|J1802-2124|58060.965229111|857.500|6541,26.601547134100922,0.245145790128474,0.04505281948721128,-0.13288965875591763,0.6666666666666666,0.0007949992905286982,INT_02_GW190503_185404_v2,pre
NG15|J0740+6620|58583.422618099|916.105|11497,29.489222373358132,0.3450436085770705,0.11739073062871165,-0.15110246639521085,0.6666666666666666,-0.0025150219212393406,INT_02_GW190503_185404_v2,pre
NG15|J1713+0747|58753.865787618|1586.655|961,62.529588070549835,0.6551271727958011,0.22120915989367806,-0.15112649822820445,1.0,0.0020558959581110712,INT_04_GW191126_115259_v1,pre
NG15|J2043+1711|57110.554754158|1411.728|4243,53.9103172476244,0.4167815891074228,0.054331442655094965,1.0,0.0,-0.001671423850239972,INT_01_GW150914_v4,pre
NG15|J0636+5128|58040.619700399|831.732|23964,25.331866807077976,0.4509491014227198,0.08744433472137125,-0.067532258989488,0.6666666666666666,-0.0020058453716555306,INT_02_GW190503_185404_v2,pre
NG15|J0613-0200|57705.404281425|1282.103|7461,47.52323589127741,0.38649416088937905,0.10885303295510579,-0.8049753935021167,1.0,-0.003375909363102525,INT_01_GW150914_v4,post
NG15|J1024-0719|55949.311719376|1367.150|5264,51.71380181693406,0.3143407705808326,0.0799034135267942,0.9999999999999999,0.0,3.2576198566350795e-05,INT_01_GW150914_v4,pre
NG15|J1744-1134|55365.119430889|1755.426|8486,70.84553104136594,0.6648152057956537,0.11545553052991472,0.4396936006485631,0.8571428571428571,0.002279281884198118,INT_01_GW150914_v4,pre
NG15|J1909-3744|55828.921476147|780.937|29159,22.829017838934135,0.4007201176588124,0.16993239448089606,-0.0020219360109149107,0.5714285714285714,-0.00048249724849597746,INT_01_GW150914_v4,pre
NG15|J0645+5158|57335.478060114|881.719|9441,27.794902762794216,0.2754358584844476,0.08218536532081476,0.5460869313831154,0.5,0.0036776431004774896,INT_01_GW150914_v4,post
NG15|J0023+0923|57627.277858157|1687.610|13724,67.50399731514008,0.31832203587937985,0.1100871163297311,0.6228149770452637,0.6666666666666666,0.0012696527406680736,INT_01_GW150914_v4,post
NG15|J1903+0327ao|57700.847331500|1224.201|3758,44.670199943773426,0.3461780059560442,0.10474296571716522,0.6048540410362733,0.4444444444444444,-0.0002888175978061585,INT_01_GW150914_v4,post
NG15|J1909-3744gbt|57342.804749064|1805.422|15575,73.30901045885427,0.6373836843812237,0.08425894955847703,-0.4640237612613709,0.7777777777777778,-0.0010654981076255122,INT_01_GW150914_v4,post
NG15|J2010-1323|56643.833802403|1842.937|3798,75.15750694551468,0.5713186526345505,0.09196828131008328,-0.5780490554670541,0.6666666666666666,0.00034181239171563317,INT_01_GW150914_v4,pre
NG15|J1909-3744gbt|58495.633105739|1817.949|2993,73.92625997207286,0.3299081597584247,0.09787890142781264,-0.24741227493623894,0.8,-0.0013990584034756094,INT_02_GW190503_185404_v2,pre
NG15|J1909-3744gbt|54944.334599630|848.000|21986,26.133448596895164,0.5193557580628584,0.09844799728192417,-0.23652762244137138,0.7777777777777778,-0.0030418286594667172,INT_01_GW150914_v4,pre
NG15|B1937+21|57775.643256043|2395.928|5354,102.40532570214096,0.463709322993623,0.1509941668584463,0.3112132080779929,0.42857142857142855,-0.004730608223295243,INT_01_GW150914_v4,post
NG15|J1600-3053|56523.035804952|1717.994|3438,69.00112425771479,0.5602186991812885,0.09034434581735362,-0.10516512567599265,0.7777777777777778,0.003426918135584657,INT_01_GW150914_v4,pre
NG15|J1909-3744|56194.984685138|1367.987|1112,51.75504376173839,0.7335259083623852,0.07855344528365064,-0.017150902452429645,0.6,0.001510602061071248,INT_01_GW150914_v4,pre
NG15|J1024-0719|57104.130093185|1866.436|6227,76.31538563244081,0.13880611790217676,0.1929341515210291,-0.007975904126891151,0.5,-0.005324336785591896,INT_01_GW150914_v4,pre
NG15|J1918-0642|57011.744617228|1184.377|4751,42.70793087580688,0.28091928406496364,0.12807970183505155,0.42455404967339444,0.5,0.0006519991119402995,INT_01_GW150914_v4,pre
NG15|J1744-1134|55520.651855381|1567.818|1738,61.60142258156616,0.7468249187334476,0.14256225299036637,0.16372326150072877,0.5,0.00019288404082055117,INT_01_GW150914_v4,pre
NG15|J1811-2405|58461.856905114|859.845|3417,26.717093562495396,0.47454700860075866,0.042442921273228754,1.0,0.0,0.004921492286369557,INT_02_GW190503_185404_v2,pre
NG15|J1643-1224gbt|56948.754679618|812.187|17013,24.368815658689922,0.6393597209685159,0.02182537621933269,-1.0,1.0,-0.0045412935646596325,INT_01_GW150914_v4,pre
NG15|J1903+0327ao|56107.182284093|2299.757|4954,97.66664102618148,0.4814115836301365,0.08331109492822751,0.2802533445235276,0.3333333333333333,-0.0007939151596162643,INT_01_GW150914_v4,pre
NG15|J0613-0200|57614.572317982|1842.931|5097,75.1572113043333,0.3815186030822008,0.10885303295510579,-0.8049753935021167,1.0,-0.003375909363102525,INT_01_GW150914_v4,post
NG15|J1713+0747gbt|55542.521824379|734.836|30958,20.55745882170017,0.39183964241580566,0.06490122793614711,-1.0,1.0,0.004884950377179621,INT_01_GW150914_v4,pre
NG15|J2145-0750|55616.517096199|1643.407|5924,65.3259594582868,0.5721021125707579,0.15344816893498295,-0.7898104794752245,1.0,-0.0007887827779946297,INT_01_GW150914_v4,pre
NG15|J1600-3053|58211.283105198|909.838|13673,29.180425159393025,0.4593660159099101,0.08697541042335206,-0.0047778765687056515,0.8888888888888888,-0.0017914210854418637,INT_02_GW190503_185404_v2,pre
NG15|J1705-1903|58728.901563119|1367.177|1191,51.71513220225032,0.3823585839359799,0.07121885394027606,0.05978635894335024,0.6,0.004179886937744433,INT_03_GW190728_064510_v2,post
NG15|J1614-2230|55269.528880440|1216.397|4455,44.28566931384145,0.43399339761711575,0.08016995316469769,-0.18096862824855597,0.5555555555555556,-0.0022097733869972038,INT_01_GW150914_v4,pre
NG15|J1640+2224|58514.497896989|1649.747|12632,65.63835363995886,0.469109003867423,0.11473119341470357,0.07918937798813243,0.8,-0.002455577014940608,INT_02_GW190503_185404_v2,pre
NG15|B1937+21|57248.122051718|1282.002|11394,47.51825926472395,0.6810494733798317,0.2718984823379355,0.26096636089178654,0.6666666666666666,-0.0020931452942200036,INT_01_GW150914_v4,pre
NG15|J2043+1711|56209.034607517|1162.239|6414,41.61711346352678,0.3794269355895741,0.0428228304826351,-0.50038209969279,0.5,-0.007700316732566474,INT_01_GW150914_v4,pre
NG15|J1640+2224|57564.075309682|1338.441|8878,50.299208037498246,0.5366356816721317,0.15618958573459515,-0.3949869898885093,0.6666666666666666,-0.005451686063770262,INT_01_GW150914_v4,post
NG15|J1024-0719|56229.516141555|734.822|9506,20.556768992276922,0.2826327101981444,0.10018286883717607,-1.0,1.0,0.0036391246649955197,INT_01_GW150914_v4,pre
NG15|J1643-1224gbt|56614.679088394|884.849|16876,27.949128912420953,0.59351566108587,0.072248281818395,-0.08116191021267707,0.5,-0.0011348958877524947,INT_01_GW150914_v4,pre
NG15|J1747-4036|56410.421031951|1792.937|3665,72.69383043390543,0.30869627608896116,0.058423165736765564,0.09784375601063501,0.5,-0.0011026917129017641,INT_01_GW150914_v4,pre
NG15|J0030+0451|58979.577671418|1749.766|8386,70.56664286025178,0.49187186662442667,0.160783840374873,0.22307012210808053,0.6666666666666666,-0.00526809596079943,INT_05_GW200219_094415_v1,post
NG15|J1713+0747|57356.871076756|1613.234|35901,63.83922923059108,0.31978438266128545,0.20799765199845163,0.0014290161185802003,0.5555555555555556,0.004895480633770311,INT_01_GW150914_v4,post
NG15|J1719-1438|58010.034055990|1817.908|1369,73.92423975733334,0.14839526124700267,0.03027656484814063,-0.6017031822264627,0.6666666666666666,-0.0014542815891592628,INT_02_GW190503_185404_v2,pre
NG15|J1713+0747gbt|55030.987599672|1404.000|829,53.52953140599007,0.7554151904923405,0.14186348543281208,-0.7358569143723613,1.0,0.004559859610096582,INT_01_GW150914_v4,pre
NG15|J1643-1224gbt|57192.164838411|745.000|17487,21.0582749829801,0.622698845279298,0.06150979667458514,-0.4816420114008307,1.0,-0.002742466373604513,INT_01_GW150914_v4,pre
NG15|B1937+21|56095.250130663|1692.976|10000,67.76839907836599,0.5905069219370179,0.22507017207305852,0.2991861731016931,0.5,-0.0055845309837792585,INT_01_GW150914_v4,pre
NG15|J0740+6620|58580.753901498|793.437|12827,23.44493696683645,0.45272909763274616,0.11739073062871165,-0.15110246639521085,0.6666666666666666,-0.0025150219212393406,INT_02_GW190503_185404_v2,pre
NG15|J1713+0747gbt|54641.055484204|856.000|23819,26.527636838752645,0.6798341025939808,0.12229006249377836,-0.4095071044003678,0.8888888888888888,0.0027591558961702466,INT_01_GW150914_v4,pre
NG15|J1909-3744gbt|57650.008022814|1744.000|14404,70.282531684933,0.2934428171994735,0.16051050461802333,-0.2134589247465804,0.6666666666666666,0.0015698284835293135,INT_01_GW150914_v4,post
NG15|J2043+1711|56167.116004011|1250.579|6362,45.969937124238,0.2947412407394032,0.05089018209344203,-0.8060524692485931,0.5,0.006288760110919788,INT_01_GW150914_v4,pre
NG15|J2145-0750|57131.489791324|903.603|11417,28.873204698395348,0.6445039668369352,0.1345611735950387,-1.0,1.0,0.009705061767090548,INT_01_GW150914_v4,pre
NG15|J0613-0200|55549.390772549|906.713|14000,29.026445377417446,0.4463633700517886,0.07746799156494376,0.2564427561147134,0.5714285714285714,-0.0033960913863094124,INT_01_GW150914_v4,pre
NG15|J1910+1256|57208.153294485|1224.422|1007,44.681089393954736,0.5808858284419453,0.1703951712780917,0.17697928824582596,0.5,-0.007492441612125149,INT_01_GW150914_v4,pre
NG15|J1600-3053|55463.838924080|1368.236|2117,51.767312870766204,0.5873334680798776,0.09434852428362485,-0.0599425045417547,0.3333333333333333,0.004854442185444447,INT_01_GW150914_v4,pre
NG15|J1705-1903|58396.827615045|1743.880|4810,70.27661886130514,0.29301206354198234,0.07234871438777797,0.6189447662671785,0.5,0.0034058845025622285,INT_02_GW190503_185404_v2,pre
NG15|J1713+0747|58439.779535105|1780.450|23242,72.07855186189614,0.4826730425967901,0.21553387782516165,0.33742318900255075,0.7777777777777778,-0.0024671930871949404,INT_02_GW190503_185404_v2,pre
NG15|J1909-3744gbt|57521.393994666|769.193|31119,22.250349499887353,0.5218475439420686,0.11633603392478398,0.2003026358885935,0.8888888888888888,0.0010930302123052231,INT_01_GW150914_v4,post
NG15|J2017+0603|58642.330330041|1288.083|2502,47.81789160206587,0.29123709221028876,0.0762802263032979,-0.08677837778268867,0.5555555555555556,-0.0009837142582555499,INT_02_GW190503_185404_v2,post
NG15|J1012+5307|57036.202334478|885.625|25071,27.987365171881127,0.4579126504771238,0.10083453053880118,-0.5458726281236237,0.6666666666666666,0.000863398713060718,INT_01_GW150914_v4,pre
NG15|J1909-3744gbt|56905.994223936|1330.507|13796,49.9082718486361,0.6219490529654468,0.16127841036480944,-0.127578683563138,0.8,0.0010793127098552952,INT_01_GW150914_v4,pre
NG15|J1909-3744|58885.693765693|2152.051|32573,90.38864496970635,0.36093288553350317,0.09742358525573869,0.12456311035983406,0.6666666666666666,-0.0005855804960614046,INT_05_GW200219_094415_v1,pre
NG15|J0023+0923|56023.668196540|1536.715|10580,60.06886797075451,0.4559343623796714,0.13541603912830058,0.4919028376245235,0.375,0.0014119798358184627,INT_01_GW150914_v4,pre
NG15|J1713+0747|56138.001824748|1529.687|35237,59.72257360028271,0.46587586424353294,0.14185083517514038,-0.3356563070609903,0.7777777777777778,0.0010848964845120864,INT_01_GW150914_v4,pre
NG15|J0740+6620|58754.069293865|1517.941|4986,59.14380671417547,0.24117045566968565,0.15694738782288617,-0.12032793020441228,0.4444444444444444,-0.004149457738811628,INT_04_GW191126_115259_v1,pre
NG15|J0740+6620|58762.512371752|766.112|11652,22.098537753241988,0.7756017899235185,0.15694738782288617,-0.12032793020441228,0.4444444444444444,-0.004149457738811628,INT_04_GW191126_115259_v1,pre
NG15|J1713+0747gbt|57883.358499093|1830.402|22312,74.53986324405425,0.6787326284551431,0.11660564170661264,-0.34601309948654146,0.6666666666666666,0.0010488404376499498,INT_01_GW150914_v4,post
NG15|J1730-2304|58301.178350917|1367.942|1148,51.75282645287794,0.45150628928258435,0.09246417722335937,0.26401143502797353,0.5,-0.00025587370878696965,INT_02_GW190503_185404_v2,pre
NG15|J0931-1902|58187.118748816|1392.954|699,52.985255991045356,0.3096220100028247,0.13026206269493523,0.22132894512507129,0.6666666666666666,-0.0020877519824910895,INT_02_GW190503_185404_v2,pre
NG15|J1713+0747|55919.461215685|866.092|50036,27.024905305855857,0.4309746723151509,0.15485041060171795,0.38049841766508996,0.42857142857142855,0.001485271198478727,INT_01_GW150914_v4,pre
NG15|J0340+4130|57649.541290922|746.561|7827,21.135190963672542,0.2721132101472808,0.03725815616623204,0.8446044653004694,0.0,0.01152015374952224,INT_01_GW150914_v4,post
NG15|J1640+2224|56341.437842596|436.250|694,5.845072523792956,0.5760888421159622,0.1864001745445738,-0.6327370840104845,0.5555555555555556,-0.004543980952371795,INT_01_GW150914_v4,pre
NG15|J2124-3358|58583.626039351|812.187|4731,24.368815658689922,0.6929164516367102,0.12517788410062702,-0.008196130785269097,0.5,0.0012435787959435476,INT_02_GW190503_185404_v2,pre
NG15|J1643-1224|56407.182720791|906.732|17156,29.027381574491855,0.6031449081546687,0.015517494397375358,-1.0,1.0,0.001468736893122018,INT_01_GW150914_v4,pre
NG15|J1600-3053|58069.715697226|1405.670|3527,53.611818201477824,0.5530783457348111,0.03994691404249004,-0.3153268982421419,0.8571428571428571,0.0001595887802299972,INT_02_GW190503_185404_v2,pre
NG15|J1600-3053|56477.083894356|1218.473|4250,44.38796116260347,0.5822515545656225,0.10564758023521847,0.051587706847234974,0.6666666666666666,0.004126340600986003,INT_01_GW150914_v4,pre
NG15|J1909-3744|55543.737005710|1830.404|3990,74.5399617911147,0.6577445763731061,0.14754547692890477,-0.7682907216264888,1.0,-6.539328711243665e-06,INT_01_GW150914_v4,pre
NG15|J2145-0750|58242.499664468|831.728|13232,25.331669712957048,0.7150634614221116,0.1856015583655105,0.04345874189333879,0.5,-0.0017930403927483417,INT_02_GW190503_185404_v2,pre
NG15|J1843-1113|58016.011724742|1755.491|581,70.84873382083104,0.2440527305421562,0.07103883324017977,-0.2789958410759542,0.625,-0.0003151508546741218,INT_02_GW190503_185404_v2,pre
NG15|J0740+6620|58448.975483725|1606.738|6467,63.51914837820281,0.3617208405531294,0.09871811392072687,-0.21221397052257499,0.5555555555555556,0.000308414261480208,INT_02_GW190503_185404_v2,pre
NG15|J2317+1439|58531.737993924|1722.894|8297,69.24256455585251,0.25243621417284245,0.24232397246355322,0.0775924701473608,0.6,-0.007926523589901827,INT_02_GW190503_185404_v2,pre
NG15|J0614-3329|58425.294613420|750.517|1084,21.33011704927107,0.29484306729578685,0.12183404048222403,0.23389484819939182,0.5,-0.050448057119806586,INT_02_GW190503_185404_v2,pre
NG15|J0509+0856|58464.155219524|2062.573|2032,85.97974803159089,0.25721137008802003,0.08858066044573662,-0.8425509134226715,0.5,-0.004407084116820299,INT_02_GW190503_185404_v2,pre
NG15|J2010-1323|56214.949478962|1792.892|7851,72.691613125045,0.3321278307378009,0.09923286336371707,-0.20678450101632614,0.5,0.0006304491056371018,INT_01_GW150914_v4,pre
NG15|J1012+5307|53446.246015646|832.000|15418,25.3450721131802,0.21708080579162953,0.0378151105658945,1.0,0.0,0.0016774534864586806,INT_01_GW150914_v4,pre
NG15|J0740+6620|58943.035691594|785.013|9690,23.029856748160526,0.3138396237289968,0.10580617730460587,-0.3004227438901198,0.8,0.0003275160994260206,INT_05_GW200219_094415_v1,post
NG15|J1946+3417|57117.474641204|1199.000|1632,43.42845770839213,0.4426846681850758,0.042225148192464076,-0.9999999999999998,1.0,-0.0027975529715449864,INT_01_GW150914_v4,pre
NG15|J2145-0750|57650.063833786|1200.000|5733,43.477731238624315,0.42520974159104313,0.12213988605326256,-0.18162603218271567,0.5,-0.004247761640095205,INT_01_GW150914_v4,post
NG15|J2145-0750|58159.643673728|853.598|13941,26.409281819134932,0.6935827572200169,0.16098493037965406,0.20406523253303852,0.625,-0.0019434574905082915,INT_02_GW190503_185404_v2,pre
NG15|J1713+0747|57836.458227493|3400.310|56435,151.8947725438035,0.2317746912762715,0.20656723474265232,0.5990229280182499,0.4444444444444444,-0.004863055092128951,INT_01_GW150914_v4,post
NG15|J1909-3744|57883.399545759|1613.259|17535,63.840461068846885,0.5867668518991379,0.1467906770426255,0.14086717672632848,0.5555555555555556,-0.0034132686844868506,INT_01_GW150914_v4,post
NG15|J1903+0327|58973.355247059|1387.776|577,52.73011765150311,0.412696393962572,0.06565099468331004,0.045244999418710956,0.6666666666666666,-0.001031690534188314,INT_05_GW200219_094415_v1,post
NG15|J0931-1902|57193.862174105|747.311|5056,21.172146111346684,0.3565224609924928,0.05454266733769149,-1.0,1.0,0.02309144212939474,INT_01_GW150914_v4,pre
NG15|J1012+5307|53890.005435552|852.000|15521,26.330542717823903,0.48125423375256526,0.17549837265171472,1.0,0.0,-0.009774699997422155,INT_01_GW150914_v4,pre
NG15|J1713+0747|57921.163623076|1871.633|15643,76.57146016905747,0.5810514929977364,0.12379228647391365,0.011632330257625759,0.6666666666666666,-0.0007749255244687321,INT_01_GW150914_v4,post
NG15|J1713+0747ao|57348.700981516|1425.087|3150,54.568562337996156,0.5219864102501599,0.1484163393763397,0.08342064504091332,0.5,-0.005248366346754938,INT_01_GW150914_v4,post
NG15|J0931-1902|57949.759939426|809.835|3377,24.252924315583822,0.42367836008501614,0.12867629222134783,0.17267927991409082,0.6666666666666666,-0.001632088343002565,INT_02_GW190503_185404_v2,pre
NG15|J2317+1439|57355.959245034|422.186|3760,5.152089594607504,0.5941182582989314,0.17569333470238527,-0.23383489742791821,0.5714285714285714,-0.004200052295474094,INT_01_GW150914_v4,post
NG15|J0610-2100|58161.116889347|841.096|4042,25.79326414417216,0.14890177569226218,0.13775508011399024,0.05908718442483533,0.3333333333333333,0.0031181354202204263,INT_02_GW190503_185404_v2,pre
NG15|J1903+0327|57334.842742545|1849.137|4935,75.46300283295423,0.5108789382578185,0.04798066688785139,-0.8521994850840388,1.0,0.0042054976827056185,INT_01_GW150914_v4,post
NG15|J0636+5128|57550.905797854|1467.888|12930,56.67751870546391,0.23695381275103813,0.03795961932118277,0.22627368137973167,0.7777777777777778,4.847475026117056e-05,INT_01_GW150914_v4,post
NG15|J2145-0750|56487.152450078|1668.091|2102,66.54222727853805,0.5717748933884472,0.2255502396926101,0.47921402360219567,0.375,-0.0039783955348921185,INT_01_GW150914_v4,pre
NG15|J1643-1224|56172.889676294|1505.514|4793,58.53148455398011,0.5932666800642177,0.02837484190543111,0.25349341370801143,0.5555555555555556,0.0007821947246289449,INT_01_GW150914_v4,pre
NG15|J1713+0747|56934.868487090|1649.744|9645,65.63820581936815,1.5646113979709988e-12,0.22386798578131384,-0.413927563117357,0.7777777777777778,0.0020897417508626017,INT_01_GW150914_v4,pre
NG15|J1843-1113|58059.896806411|1204.065|1494,43.678028139018146,0.2552901339225138,0.07853609495245684,-0.5343284210208336,0.6666666666666666,-0.0003984875338675769,INT_02_GW190503_185404_v2,pre
NG15|B1937+21gbt|55670.314366579|1608.236|8308,63.592960126490624,0.6696753160798118,0.05990495646649067,0.6087468731062761,0.5,0.00017998649281950326,INT_01_GW150914_v4,pre
NG15|J1909-3744gbt|57985.121766556|1185.937|1347,42.784797582969084,0.559008243721108,0.11107186674111179,-0.22319792619379175,0.6666666666666666,-0.0005068461066443002,INT_02_GW190503_185404_v2,pre
NG15|J1600-3053|56003.425689700|759.843|17332,21.78964199221642,0.46654755245396173,0.05386711415324329,0.41008756863263646,0.25,0.003411864939829918,INT_01_GW150914_v4,pre
NG15|J1643-1224gbt|57432.621956343|1553.576|8995,60.89966896399938,0.38366261887425124,0.08929579459832108,0.001891463164784949,0.5555555555555556,-0.002897583506738052,INT_01_GW150914_v4,post
NG15|J1853+1303|57705.821421229|428.437|896,5.460098432088895,0.48243191062635987,0.1453970511762132,-0.0021728557625718434,0.8333333333333334,-0.0017687229936009337,INT_01_GW150914_v4,post
NG15|J2145-0750|57406.765551335|728.558|10613,20.248119598902512,0.7021377566858483,0.16812339399524898,0.14232071171733093,0.4,0.0007849922416244407,INT_01_GW150914_v4,post
NG15|J1643-1224|55976.464600528|831.715|16162,25.331029157064034,0.6637462804935628,0.02008326079280634,-1.0,1.0,0.011662590332961227,INT_01_GW150914_v4,pre
NG15|J1713+0747|56492.080895654|1205.479|39034,43.747700910766454,0.34686276517706993,0.22853357383634584,-0.1306041240468708,0.6666666666666666,0.0031397544151138563,INT_01_GW150914_v4,pre
NG15|J2017+0603|56416.428510800|1312.571|776,49.02450181039161,0.41743201422366927,0.06480050504123223,-1.0,1.0,-0.0032281470311441678,INT_01_GW150914_v4,pre
NG15|J2124-3358|58911.730661916|822.360|3851,24.87007528174194,0.48983172822886234,0.08713946232029704,0.1582605604854495,0.5,-0.005128216889275187,INT_05_GW200219_094415_v1,post
NG15|J1713+0747|56387.286864310|791.088|47275,23.329193444321046,0.7176752003053932,0.2559961653312257,-0.1788215039180637,0.5555555555555556,0.0028717507362669694,INT_01_GW150914_v4,pre
NG15|B1937+21|57012.717406672|784.862|21271,23.02241644509546,0.791676066994275,0.2580191164091223,-0.12108672207151562,0.6666666666666666,-0.0047959390893041395,INT_01_GW150914_v4,pre
NG15|J2010-1323|55361.162316208|875.669|13851,27.496797904889494,0.22484391313713298,0.09933792739368419,0.8980246754797913,0.25,0.003727280674938106,INT_01_GW150914_v4,pre
NG15|J1909-3744gbt|56352.530688399|1180.335|4191,42.5087672666084,0.5151392442497816,0.11379011023234759,0.286257105632828,0.3333333333333333,-0.0006403749589379624,INT_01_GW150914_v4,pre
NG15|J0613-0200|58671.700781940|781.715|15006,22.86735264545478,0.4730322219361153,0.12910423506879842,-0.3409721127292213,0.5,-0.005187249034647927,INT_03_GW190728_064510_v2,pre
NG15|J1738+0333|58776.813841665|1224.048|6442,44.662661093647905,0.5210112890496104,0.12110939424514408,-0.2787613542938581,0.625,0.0014593659933678494,INT_04_GW191126_115259_v1,pre
NG15|J1910+1256|58817.761753525|1362.600|1559,51.4896072543776,0.30128751478456883,0.048054470514810765,-1.0,1.0,-0.0010630231965825588,INT_04_GW191126_115259_v1,post
NG15|J1643-1224|56270.636827755|850.473|17058,26.255302037159353,0.5800824337651915,0.026195975606700308,0.18988144755949032,0.2857142857142857,0.0006956719774971349,INT_01_GW150914_v4,pre
NG15|J0030+0451|57131.638420076|2224.788|17361,93.97265373820481,0.22538205280580167,0.1328722054237603,0.03463251939314366,0.42857142857142855,-0.0023705959352586384,INT_01_GW150914_v4,pre
NG15|J1832-0836|58244.537025945|1165.639|585,41.7846434663162,0.30047010837915183,0.0220213253330002,-1.0,1.0,0.0011403839694063053,INT_02_GW190503_185404_v2,pre
NG15|J1909-3744gbt|58077.788393085|784.838|26059,23.021233880369888,0.5804681893420216,0.13119213349011252,-0.34229344713918525,0.7777777777777778,-0.0010417088619304594,INT_02_GW190503_185404_v2,pre
NG15|J2302+4442|58301.693306827|787.989|4903,23.176494774131505,0.42663602694993275,0.08917270361703127,-0.46511558791003915,0.5,0.0019454981183798638,INT_02_GW190503_185404_v2,pre
NG15|J1713+0747gbt|58355.038865472|1743.543|13400,70.26001368161688,0.6107424562871001,0.07880913670925264,-0.04302215143880647,0.5555555555555556,0.001024761293325548,INT_02_GW190503_185404_v2,pre
NG15|B1953+29|57823.580889352|428.436|645,5.46004915855866,0.5939779043277628,0.08250057557426323,-0.6779503644734657,0.6666666666666666,-0.003096647548481913,INT_01_GW150914_v4,post
NG15|J1640+2224|57302.848614383|1324.723|13027,49.623273749773126,0.5382942955998109,0.2197910030753679,-0.2555158231670067,0.7777777777777778,-0.006186113466853911,INT_01_GW150914_v4,post
NG15|J0437-4715|57906.800598491|2599.958|2632,112.45860407541367,0.7737556311835534,0.24674451143982076,0.23161418560124106,0.6666666666666666,0.0028802414734361193,INT_01_GW150914_v4,post
NG15|J0023+0923|57627.258512479|423.750|4115,5.229153395890642,0.18134209837616438,0.1100871163297311,0.6228149770452637,0.6666666666666666,0.0012696527406680736,INT_01_GW150914_v4,post
NG15|J0023+0923|57893.549194420|431.562|1757,5.614078214064473,0.5457938855900624,0.12889878092492627,-0.10511667438550992,0.8,-0.003948903677411595,INT_01_GW150914_v4,post
NG15|J1909-3744gbt|58553.504859783|1743.064|7027,70.23641166063568,0.47560707529861646,0.0917529005710387,-0.4427717208218498,0.8333333333333334,-0.0007527442721731907,INT_02_GW190503_185404_v2,pre
NG15|J2043+1711|57978.212409034|436.250|2805,5.845072523792956,0.3012799137668163,0.01933054383655111,0.9999999999999999,0.0,0.000712460662284715,INT_02_GW190503_185404_v2,pre
NG15|J2317+1439|56417.510873192|341.062|604,1.1548237280517222,0.28318315023423835,0.14025775934580004,-0.03417657209844057,0.7142857142857143,-0.003736171577418703,INT_01_GW150914_v4,pre
NG15|J1751-2857|57894.380908406|1392.969|1520,52.98599509399884,0.28204287153021196,0.041886443189706184,-0.5033283146112273,0.6666666666666666,-4.646937209402548e-05,INT_01_GW150914_v4,post
NG15|J2234+0944|56458.383463174|1174.299|905,42.21135223812693,0.28036248455245505,0.028744153783970102,-0.4286459627724931,0.5,0.000879330546208969,INT_01_GW150914_v4,pre
NG15|J2317+1439|57144.529875601|1387.277|9997,52.705530159917245,0.36288487789346574,0.07751190501962817,0.013879501958851629,0.5,-0.0013296718610770082,INT_01_GW150914_v4,pre
NG15|J2145-0750|57080.636380251|887.995|12504,28.10414343853141,0.522720222799474,0.1345611735950387,-1.0,1.0,0.009705061767090548,INT_01_GW150914_v4,pre
NG15|J0645+5158|56331.162570949|881.709|7234,27.79441002749189,0.17248886181606074,0.10251383667631812,-0.8913185178644698,0.8,7.758589353321892e-05,INT_01_GW150914_v4,pre
NG15|J1640+2224|57705.741127197|1499.816|6409,58.25072397871712,0.34913204219044225,0.18066975325238704,-0.140465399678208,0.6666666666666666,-0.0070450389334251904,INT_01_GW150914_v4,post
NG15|J2010-1323|55340.231735363|897.318|15289,28.563520560886065,0.17528012957844474,0.10058963878137289,0.9903340180191899,0.0,0.0031510655005268806,INT_01_GW150914_v4,pre
NG15|J1024-0719|57336.462970122|863.118|8811,26.878365826945338,0.2754298828732051,0.06432277147180021,1.0,0.0,0.004887712885759223,INT_01_GW150914_v4,post
NG15|B1855+09|55638.459199797|1398.000|2613,53.23389022459696,0.5876142019789833,0.11648827474738943,0.1408345956735631,0.7777777777777778,0.0012592682131739254,INT_01_GW150914_v4,pre
NG15|J1713+0747gbt|57991.992070169|1269.373|18463,46.89598385142169,0.45466115108699634,0.1658782492721608,-0.05231965682556162,0.625,0.002571371358796171,INT_02_GW190503_185404_v2,pre
NG15|J0509+0856|57837.881935859|1411.717|160,53.90977523879185,0.3570270953629623,0.046293306859860245,-0.7155339328846343,1.0,-6.793924315377885e-06,INT_01_GW150914_v4,post
NG15|J1843-1113|57894.450370036|1380.464|1296,52.36982959844536,0.3175195757352391,0.0593148547264569,0.2240251167700993,0.3333333333333333,0.0022526345609354356,INT_01_GW150914_v4,post
NG15|J0030+0451|58508.855174492|1163.364|14783,41.67254618503799,0.6949121214770067,0.16555598495829593,-0.1877837406812363,0.5555555555555556,-0.003864090270174668,INT_02_GW190503_185404_v2,pre
NG15|B1937+21|58424.904824912|1568.802|14402,61.649907735314635,0.722437397020281,0.1862254646616346,0.2758032586574448,0.3333333333333333,-0.007625084586309096,INT_02_GW190503_185404_v2,pre
NG15|J1713+0747ao|59057.048395661|1386.706|7505,52.67739497415466,0.5620433786444188,0.16989260903790618,0.002657714058519858,0.625,-0.00415935568520121,INT_05_GW200219_094415_v1,post
NG15|J1909-3744gbt|55005.168282116|1404.000|277,53.52953140599007,0.3671509186613928,0.08117649867757329,-0.6230786187748985,0.8888888888888888,-0.003940332005547975,INT_01_GW150914_v4,pre
NG15|J1903+0327|57124.437197523|1323.506|2975,49.56330786348057,0.42096104738595413,0.09167927288654439,0.09736819408083164,0.6666666666666666,-0.001070135815005341,INT_01_GW150914_v4,pre
NG15|J1811-2405|58336.187114271|812.187|3211,24.368815658689922,0.44468833854383083,0.12349103270815341,0.9974910606247818,0.0,0.005619206360859792,INT_02_GW190503_185404_v2,pre
NG15|J2234+0611|56969.977295348|1699.671|2005,68.09828536327046,0.40998887041958837,0.11308828785349588,0.40125459454833146,0.8888888888888888,0.0002994191586781054,INT_01_GW150914_v4,pre
NG15|J1832-0836|58787.005335402|1342.983|4612,50.52300841181283,0.402024308615123,0.057806369693039726,-0.9999999999999997,1.0,0.0020163537868154806,INT_04_GW191126_115259_v1,pre
NG15|J0636+5128|58301.957567479|725.499|20652,20.097391869922262,0.27657917245868957,0.10050045709434084,0.04341840532485872,0.6666666666666666,-0.0018546525693982658,INT_02_GW190503_185404_v2,pre
NG15|J0030+0451|57187.478695192|1361.745|13704,51.44747838602908,0.4920517085292043,0.12882324689764543,0.06475173341273868,0.4444444444444444,-0.0018959955483153856,INT_01_GW150914_v4,pre
NG15|J1713+0747|57969.095165683|1405.448|38882,53.60087947776628,0.6733394158410246,0.1580795938743979,-0.4872474839577271,0.7777777777777778,0.0033605537765575657,INT_02_GW190503_185404_v2,pre
NG15|J1923+2515|58661.209932462|1374.832|2376,52.0923210761777,0.459655351394514,0.11809624998588619,-0.5311712089482734,0.5,-0.0019378512514480616,INT_03_GW190728_064510_v2,pre
NG15|J1024-0719|56978.359288609|1567.212|1746,61.57156282224546,0.4791118547036326,0.09063763077996884,0.9999999999999999,0.0,-0.002486985085560702,INT_01_GW150914_v4,pre
NG15|J1024-0719|58849.241346174|772.335|11890,22.40516693187688,0.32215409212180146,0.08476787932906318,1.0,0.0,0.009380992108315151,INT_04_GW191126_115259_v1,post
NG15|J0023+0923|56399.606104752|433.125|3767,5.691092741817378,0.23702606383380045,0.04779294168727641,-0.9979074753233214,1.0,-0.0004974705110881765,INT_01_GW150914_v4,pre
NG15|J2317+1439|59007.469547294|434.687|2847,5.768057996040051,0.6564304151829864,0.17717837339890088,0.2820451437591435,0.25,-0.00048398820394146986,INT_05_GW200219_094415_v1,post
NG15|B1937+21gbt|57764.702456394|903.793|10870,28.882566669139468,0.768985316369923,0.09272618836830716,0.04971987707569069,0.5,-0.00483522366328034,INT_01_GW150914_v4,post
NG15|J1909-3744|58538.608475284|1642.986|20358,65.30521530205905,0.44045412747976254,0.1478185552837532,0.327175767565167,0.6666666666666666,2.7982679972694772e-05,INT_02_GW190503_185404_v2,pre
NG15|J0030+0451|53891.487128234|424.000|110,5.241471778448688,0.25390603880198304,0.13819861230830938,-0.9999999999999999,1.0,0.0051247803494952554,INT_01_GW150914_v4,pre
NG15|J1713+0747|57928.308986419|1492.940|33104,57.91191918484061,0.5006236485276905,0.15343006832438655,-0.44608135224473355,0.6666666666666666,-3.46929490963401e-05,INT_01_GW150914_v4,post
NG15|J0023+0923|57627.284942533|1312.560|14750,49.023959801559066,0.4791428665206458,0.1100871163297311,0.6228149770452637,0.6666666666666666,0.0012696527406680736,INT_01_GW150914_v4,post
NG15|J1705-1903|58010.007983555|1368.353|2586,51.77307787380337,0.30918941459651234,0.05451397972512405,-0.10316072596064353,0.7777777777777778,0.00036576540143215715,INT_02_GW190503_185404_v2,pre
NG15|J1705-1903|57978.018543986|1417.628|1786,54.20103107599428,0.2679933668025826,0.05599562168461704,-0.36532132398601774,0.8888888888888888,-0.000549527845078566,INT_02_GW190503_185404_v2,pre
NG15|J1918-0642|55774.016363523|1613.268|3211,63.84090453061898,0.506572763828525,0.0892855077400198,-0.049963752803972576,0.5,0.0013412344991692894,INT_01_GW150914_v4,pre
NG15|J1713+0747gbt|56585.724269021|822.348|32499,24.86948399937915,0.7528669165077047,0.15228434959160433,0.27582777201480485,0.6666666666666666,0.0012584039254672492,INT_01_GW150914_v4,pre
NG15|J2145-0750|56410.522408806|1280.468|9512,47.44267366934779,0.3629378170794293,0.22691390912938952,0.042116622502188214,0.42857142857142855,-0.0018557695891715839,INT_01_GW150914_v4,pre
NG15|J0030+0451|57264.285989679|1724.362|14016,69.31489809823334,0.4879875786568807,0.12468663406488101,-0.12354232906189969,0.5555555555555556,-0.0017818144768307655,INT_01_GW150914_v4,pre
NG15|J2010-1323|55864.783363513|766.073|10410,22.096616085562935,0.39581547449153565,0.07019409119023501,-0.03946509992925253,0.5,-0.004544294620048912,INT_01_GW150914_v4,pre
NG15|J1713+0747|56140.057768848|1825.939|20761,74.31995547862802,0.813663711217574,0.14185083517514038,-0.3356563070609903,0.7777777777777778,0.0010848964845120864,INT_01_GW150914_v4,pre
NG15|J1738+0333|58776.820074205|1599.764|6456,63.17551477836355,0.14727421108597868,0.12110939424514408,-0.2787613542938581,0.625,0.0014593659933678494,INT_04_GW191126_115259_v1,pre
NG15|J0030+0451|53532.459968193|424.000|199,5.241471778448688,0.5342399107958947,0.11307659991207958,-0.43210678142928355,0.5555555555555556,0.0011225801842491359,INT_01_GW150914_v4,pre
NG15|J1909-3744|55543.750522990|1317.981|4006,49.29107160894774,0.46156115738524556,0.14754547692890477,-0.7682907216264888,1.0,-6.539328711243665e-06,INT_01_GW150914_v4,pre
NG15|J1911+1347|57894.330009826|1274.470|1284,47.147131035015136,0.5257345580553239,0.11992836613671036,-1.0,1.0,0.006103124563396791,INT_01_GW150914_v4,post
NG15|J1713+0747|58099.614705089|1231.267|26513,45.01836670839404,0.5591548015001889,0.1614627535108282,-0.2531057054011802,0.6666666666666666,0.000786044960185729,INT_02_GW190503_185404_v2,pre
NG15|J1713+0747|57223.069097903|2327.570|16806,99.03708572252926,0.6929053894804089,0.19104767634001646,0.5308642235465185,0.3333333333333333,0.0015406155452149758,INT_01_GW150914_v4,pre
NG15|B1937+21|56066.312158307|1582.165|10661,62.30834991980732,0.7052771095381035,0.09117327951627542,0.5874901829811606,0.5,-0.003710123618163126,INT_01_GW150914_v4,pre
NG15|J1643-1224|57307.868960301|769.219|15175,22.251630611673395,0.6336783144017551,0.003084147778453375,-0.9999999999999998,1.0,0.0114549138573891,INT_01_GW150914_v4,post
NG15|B1937+21ao|56325.657991293|2374.935|5178,101.3709264819767,0.7020995700974576,0.05334026907093283,0.9999999999999999,0.0,-0.002765410068133459,INT_01_GW150914_v4,pre
NG15|J1713+0747gbt|58389.063547804|1830.498|7663,74.54459350295654,0.6388577754333985,0.07880913670925264,-0.04302215143880647,0.5555555555555556,0.001024761293325548,INT_02_GW190503_185404_v2,pre
NG15|J0636+5128|58579.794136468|1866.731|3624,76.32992132385931,0.10706272428492282,0.0674276574222201,-0.4401234200880378,0.6666666666666666,0.00011367177703199832,INT_02_GW190503_185404_v2,pre
NG15|J1455-3330|58583.204141105|803.594|7257,23.945408213404757,0.23187251238152054,0.11707317835138904,-0.1414878819625328,0.6666666666666666,0.001451565971043371,INT_02_GW190503_185404_v2,pre
NG15|B1937+21|58301.261051713|1830.406|14256,74.54006033817518,0.30778332853908813,0.2077044865554547,-0.4235222044066065,1.0,-0.009679281611896002,INT_02_GW190503_185404_v2,pre
NG15|B1937+21|56345.631420694|1337.530|4189,50.25431985145673,0.4811320786327376,0.13730765786188392,-0.9171939567445393,0.5,-0.0066392478506339435,INT_01_GW150914_v4,pre
NG15|J1012+5307|55972.293584556|793.437|18956,23.44493696683645,0.43383842645287357,0.07614854790310067,-0.5709299307262165,0.6,-0.00011375714281473759,INT_01_GW150914_v4,pre
NG15|J0030+0451|57597.345467705|426.875|464,5.38313317786622,0.21938061013302626,0.09443677062435771,0.2057141533629791,0.4444444444444444,0.0006361402672287397,INT_01_GW150914_v4,post
NG15|J0636+5128|57394.308787244|1792.870|9396,72.69052910737987,0.13829520448143395,0.0756468151392075,-0.25375473652408603,0.5714285714285714,1.4881852291229505e-05,INT_01_GW150914_v4,post
NG15|J1747-4036|56828.253826170|1505.425|1492,58.52709920978944,0.29742725741085724,0.08186981964352508,0.2979021638222061,0.6666666666666666,-0.0003695355067207832,INT_01_GW150914_v4,pre
NG15|J1909-3744|57454.575908895|1743.550|10576,70.26035859632852,0.5572323675550825,0.11886534135918891,-0.4197966728052088,0.6666666666666666,0.001698380512482093,INT_01_GW150914_v4,post
NG15|J1832-0836|57733.700766971|1718.006|3300,69.00171554007758,0.3242831112379258,0.04741179255848577,0.03709027440565247,0.75,-0.00021606054404313448,INT_01_GW150914_v4,post
NG15|J1022+1001|57028.337370176|1425.015|2334,54.565014643819445,0.6022928680368796,0.13517754753911138,-0.316405057626261,0.5,-0.003939211325666579,INT_01_GW150914_v4,pre
NG15|J1614-2230|58580.221423534|1342.998|9402,50.52374751476632,0.4862053907582687,0.076312681376545,-0.6331192437420837,0.75,0.0002144553248676718,INT_02_GW190503_185404_v2,pre
NG15|J1024-0719|55641.214035444|891.096|7431,28.256940655781413,0.4352029560109071,0.0666711463001762,-0.9999999999999999,1.0,0.004682900544487607,INT_01_GW150914_v4,pre
NG15|B1937+21|57095.553239648|1450.429|2560,55.8172521411402,0.8181080090014606,0.25629672258070973,-0.3980751508985731,0.75,-0.002210343095991579,INT_01_GW150914_v4,pre
NG15|J0740+6620|57829.964980256|891.115|13225,28.257876852855823,0.5250098123900335,0.13234853009643283,0.9767204011922698,0.0,-0.007650450427864298,INT_01_GW150914_v4,post
NG15|J0636+5128|57856.986375221|1493.024|11511,57.91605816138011,0.2019799506486553,0.09004052462886195,-0.24065885614917845,0.7777777777777778,-0.004872702964627913,INT_01_GW150914_v4,post
NG15|J1713+0747ao|56955.809817777|1362.423|3008,51.480885839526515,0.6264988275456392,0.08145692975402301,-1.0,1.0,-0.0049314944160271474,INT_01_GW150914_v4,pre
NG15|J1909-3744gbt|55430.066508479|1467.475|1714,56.65716873747801,0.4965544449035993,0.06844041034296655,-0.6834835530508069,1.0,-0.001612189114630273,INT_01_GW150914_v4,pre
NG15|J0931-1902|58942.003607744|1355.406|810,51.135133477887265,0.5612019718454045,0.14286292590702196,0.11520726882717641,0.5555555555555556,-0.0007205934396675115,INT_05_GW200219_094415_v1,post
NG15|J1600-3053|56035.340233405|903.845|14721,28.885128892711542,0.49163561905510245,0.05386711415324329,0.41008756863263646,0.25,0.003411864939829918,INT_01_GW150914_v4,pre
NG15|J1643-1224|54768.654224204|1384.000|160,52.54406080134637,0.5275939126036452,0.07197113212528951,0.25889592320715615,0.8888888888888888,-0.0034480856113257605,INT_01_GW150914_v4,pre
NG15|J1125+7819|57038.530384961|915.311|6174,29.450099190353775,0.360614824371155,0.04534740340359544,-0.9999999999999999,1.0,-0.001200669569451629,INT_01_GW150914_v4,pre
NG15|J1802-2124|57921.335924671|1218.411|1313,44.384906203729074,0.34346514024524805,0.03756400185772203,-0.3979906172542759,0.6666666666666666,-2.5363607228906075e-05,INT_01_GW150914_v4,post
NG15|J1909-3744|55337.255327323|1767.607|12728,71.44573191312419,0.42629690276169546,0.13223515103898467,-0.2817489232430784,0.6666666666666666,-0.0027866726315472386,INT_01_GW150914_v4,pre
NG15|J1738+0333|56668.624015131|1299.786|1026,48.39453972637314,0.31324803580921323,0.0712343114260199,1.0,0.0,-0.009237202093904287,INT_01_GW150914_v4,pre
NG15|J1455-3330|55072.792924627|1432.000|116,54.90919025249125,0.33930029712244414,0.08342120930389955,-0.23403973424608246,0.6666666666666666,-0.0017211397566887113,INT_01_GW150914_v4,pre
NG15|B1953+29|55935.751786785|1406.000|1015,53.62807846645444,0.2942114890150917,0.10432799124822995,-0.22270171671187297,0.7777777777777778,-0.004619506601513553,INT_01_GW150914_v4,pre
NG15|J1713+0747|56555.044822360|1767.946|29780,71.4624356398729,0.675709527384142,0.17100898671227618,-0.41481483881666376,0.7777777777777778,0.0012626041067243586,INT_01_GW150914_v4,pre
NG15|J2033+1734|58692.212272672|1649.788|2887,65.64037385469838,0.3793244227187382,0.07422001018056691,-0.39226024593343783,1.0,-0.0003896549816927327,INT_03_GW190728_064510_v2,pre
NG15|J1713+0747|57704.784452821|2201.904|15307,92.84507827237147,0.8095690128116387,0.26382354042046224,0.12321257323426613,0.7777777777777778,0.0014596883727520159,INT_01_GW150914_v4,post
NG15|J1741+1351|57264.943726584|1186.820|2265,42.82830611016411,0.5121343868351894,0.24371222487925684,-0.9999999999999998,1.0,-0.009974063461026453,INT_01_GW150914_v4,pre
NG15|J0030+0451|57144.567281611|437.812|2652,5.922037778015629,0.44495772420868845,0.12882324689764543,0.06475173341273868,0.4444444444444444,-0.0018959955483153856,INT_01_GW150914_v4,pre
NG15|J0613-0200|56734.107235751|1392.940|5838,52.984566161622105,0.23556795880313516,0.14288654069089318,-0.3195134175654768,0.5,-0.0035094682704790332,INT_01_GW150914_v4,pre
NG15|J1713+0747gbt|57054.764640172|1430.526|7582,54.836561068929015,0.5246608855577606,0.15276786269827433,-0.1222220680604559,0.7777777777777778,0.0009796830529657011,INT_01_GW150914_v4,pre
NG15|J1713+0747|57587.047809323|2262.883|21142,95.84972887239988,0.6842934300990973,0.17195463677332593,-0.4198802489327656,0.7777777777777778,0.0016121913953526525,INT_01_GW150914_v4,post
NG15|J1600-3053|58758.761802279|1730.475|5584,69.61610718854268,0.5937149629042514,0.14522657698451552,0.14361184647245848,0.5,-0.003646402926526491,INT_04_GW191126_115259_v1,pre
NG15|J1600-3053gbt|56476.999195918|1582.041|4052,62.302240002058525,0.5437834834764498,0.054640949646934805,-0.03119917354975604,0.6666666666666666,0.001437994801467799,INT_01_GW150914_v4,pre
NG15|B1937+21|57970.113718998|2299.804|7060,97.6689568821024,0.4479189017786561,0.29501835545966715,-0.17300325742943962,0.7777777777777778,-0.004789314164847687,INT_02_GW190503_185404_v2,pre
NG15|J1643-1224|57615.005524497|844.226|12100,25.947490293798896,0.615403612241334,0.12395307610844153,0.9529041507284055,0.0,-0.007320471194272167,INT_01_GW150914_v4,post
NG15|J1713+0747ao|57788.514294818|1461.714|8607,56.3733039298104,0.3901180990589549,0.3377998821170808,0.126824182671261,0.7777777777777778,0.0016290272126770254,INT_01_GW150914_v4,post
NG15|J2145-0750|56310.627155314|1643.056|1994,65.30866444917531,0.6546358077436898,0.1781299520041205,-0.5671391275188602,1.0,0.009394043007416919,INT_01_GW150914_v4,pre
NG15|J1643-1224|56471.062489201|863.139|17894,26.879400571080215,0.6139539451543933,0.03307077225783393,-0.32884325996802083,1.0,0.002193493037307856,INT_01_GW150914_v4,pre
NG15|B1855+09|53686.804792481|428.000|130,5.438565899377428,0.675504723491299,0.06211748815305655,1.0,0.0,-0.0024614864366911374,INT_01_GW150914_v4,pre
NG15|J1012+5307|55389.926558411|1780.271|11751,72.06973189998457,0.031826889491590585,0.18190265594672334,-0.32692923776288385,0.6666666666666666,-0.003986145078910105,INT_01_GW150914_v4,pre
NG15|J1643-1224gbt|57948.040418433|1231.282|6568,45.01910581134752,0.5098892835127676,0.0470097452609733,-0.16759705524219548,1.0,-0.002220322049015096,INT_02_GW190503_185404_v2,pre
NG15|J1909-3744gbt|56703.621387322|769.211|29793,22.251236423431532,0.39197859925231154,0.1316159455850664,-0.07583080298735585,0.7777777777777778,0.0007940208066558596,INT_01_GW150914_v4,pre
NG15|J1713+0747gbt|57132.209023776|1430.855|13485,54.8527720603754,0.86509100881353,0.2079899063108912,-0.35508866794522226,0.6666666666666666,-0.0014709478840880333,INT_01_GW150914_v4,pre
NG15|J1713+0747|55461.756606505|906.737|48380,29.027627942143017,0.4162401463425178,0.07417220767896555,0.5032229965762387,0.6,0.0005093664911391864,INT_01_GW150914_v4,pre
NG15|J1744-1134|56151.006537134|1805.617|3777,73.31861879724954,0.6597042041814374,0.058491950493108666,-0.4634137195452839,0.6666666666666666,-0.0021540378656588594,INT_01_GW150914_v4,pre
NG15|J2010-1323|56614.936952965|803.588|9212,23.94511257222336,0.4157572316741637,0.10424263469046234,-0.2933633794167195,0.75,0.0019337924737673072,INT_01_GW150914_v4,pre
NG15|J0709+0458|57431.105904911|1251.348|564,46.007828468986546,0.3097981025815812,0.04181428776944361,-0.5120543289865707,0.8571428571428571,0.005828138738999028,INT_01_GW150914_v4,post
NG15|J0437-4715|58850.216637432|2917.617|4115,128.11078441543938,0.6781280273187058,0.2742048165150193,-0.36104874944298315,0.6666666666666666,0.002762283930586778,INT_04_GW191126_115259_v1,post
NG15|J2010-1323|55122.824453065|856.000|7884,26.527636838752645,0.37016568780144654,0.09933645863928138,0.23789035124617217,0.4444444444444444,0.002503683248366353,INT_01_GW150914_v4,pre
NG15|J1719-1438|58490.573865487|859.855|6286,26.71758629779772,0.24512096755441393,0.03460868779460223,-0.7342326753430826,0.3333333333333333,-0.0024327110592118444,INT_02_GW190503_185404_v2,pre
NG15|J1911+1347|57978.124759668|1286.723|3171,47.75087960095009,0.5306281723522827,0.11992836613671036,-1.0,1.0,0.006103124563396791,INT_02_GW190503_185404_v2,pre
NG15|J2010-1323|55828.881436191|825.470|9908,25.023315960764034,0.3325080310343331,0.06801961889400952,-0.1056495355352796,0.5714285714285714,-0.0026448784132499796,INT_01_GW150914_v4,pre
NG15|J1630+3734|58396.953466447|1417.456|347,54.19255602879435,0.5204482695978945,0.1316792601356487,-0.2731154746458424,1.0,-0.005813466254058215,INT_02_GW190503_185404_v2,pre
NG15|J0931-1902|58605.880022250|1517.969|929,59.14518637302198,0.2085283542391928,0.0590327322765358,0.27301764823583546,1.0,-0.001865014551467733,INT_02_GW190503_185404_v2,pre
NG15|J0030+0451|58999.507371886|1737.233|10295,69.9490977058518,0.3964012562247821,0.160783840374873,0.22307012210808053,0.6666666666666666,-0.00526809596079943,INT_05_GW200219_094415_v1,post
NG15|J1747-4036|57012.693478583|822.345|8250,24.86933617878846,0.3263601553310986,0.05409868058738837,0.14433117012606025,1.0,-0.0017358407896294874,INT_01_GW150914_v4,pre
NG15|J1909-3744gbt|55521.763086325|753.611|30193,21.482569351809445,0.5379964948309951,0.09603503539572165,-0.6401009267964431,1.0,0.0011916543079971806,INT_01_GW150914_v4,pre
NG15|J1744-1134|56368.405386389|737.982|15904,20.712473347810622,0.6956295492703001,0.12693542073503605,0.5005410477397253,0.42857142857142855,0.00310131492609154,INT_01_GW150914_v4,pre
NG15|J1713+0747|56956.869176887|1705.522|39636,68.38658478865898,0.6825314217916278,0.22193726045334206,-0.5036174760506018,0.7777777777777778,0.0018936600461267963,INT_01_GW150914_v4,pre
NG15|J1713+0747gbt|58939.353128041|1517.965|15829,59.144989278901036,0.7014247340709356,0.09190298703124945,-0.33499100949452915,1.0,0.011155317439811668,INT_05_GW200219_094415_v1,post
NG15|J1744-1134|56068.303461463|897.328|13007,28.56401329618839,0.7528304824229944,0.04872834044581638,-0.47061860338384526,1.0,-0.001416905929916966,INT_01_GW150914_v4,pre
NG15|J1832-0836|57921.400652496|1730.492|3110,69.61694483855665,0.3041411799970341,0.02653147929902976,-0.37651731368504193,0.5,0.0007443142937422094,INT_01_GW150914_v4,post
NG15|J1012+5307|57857.026542317|1480.509|7568,57.29939993052432,0.37863943434207137,0.15893126714999478,0.18953373500545823,0.42857142857142855,-0.002192456575081947,INT_01_GW150914_v4,post
NG15|J1012+5307|56445.974057300|1717.906|10863,68.99678818705436,0.3513594815223129,0.19319651783250172,0.5433883574663497,0.7777777777777778,-0.010606707925687471,INT_01_GW150914_v4,pre
NG15|J1614-2230|57367.775286736|1581.735|9655,62.287162301807484,0.34091232467471067,0.11102717247752927,-1.0,1.0,-0.014443378412960695,INT_01_GW150914_v4,post
NG15|J1024-0719|58136.315004835|1480.475|6871,57.29772463049642,0.5664252955568504,0.1314115405652272,1.0,0.0,0.0009538387898634427,INT_02_GW190503_185404_v2,pre
NG15|J1811-2405|58046.901323830|766.083|2806,22.097108820865255,0.45525693274773815,0.05680068405478322,-0.376100999121918,1.0,-0.0023553121736769895,INT_02_GW190503_185404_v2,pre
NG15|J1600-3053gbt|58461.574875798|891.093|16353,28.256792835190712,0.6038845566403487,0.08924280902470276,0.3203328093795113,0.5,-0.0023535124944911875,INT_02_GW190503_185404_v2,pre
NG15|J1910+1256|57587.140212468|1437.590|1134,55.18462928648916,0.3992139739838646,0.10692671200283162,0.11112414315822533,1.0,-0.0051883832260776865,INT_01_GW150914_v4,post
NG15|J1909-3744|56586.003191228|778.566|28247,22.712190298753626,0.672815221863872,0.14236601713378297,-0.1780046954769362,0.7777777777777778,-0.0015590096418375966,INT_01_GW150914_v4,pre
NG15|J1918-0642|56792.396139186|844.232|17898,25.94778593498029,0.39494683756076426,0.0753628509601307,0.7697913321107264,0.5,-0.0021256846086298207,INT_01_GW150914_v4,pre
NG15|J1909-3744gbt|58184.601864713|831.728|25083,25.331669712957048,0.5047974762934415,0.14338324308617176,-0.4135947909864141,0.7777777777777778,0.00033870056326189496,INT_02_GW190503_185404_v2,pre
NG15|J1843-1113|57922.387398103|775.465|3472,22.55939308150362,0.31279634010504753,0.055868527940573315,0.08529841990532745,0.6,0.0010728189720828508,INT_01_GW150914_v4,post
NG15|J1843-1113|58061.005973288|862.876|2624,26.866441632629147,0.34164419162649756,0.07853609495245684,-0.5343284210208336,0.6666666666666666,-0.0003984875338675769,INT_02_GW190503_185404_v2,pre
NG15|J0023+0923|56023.679083680|1511.941|10776,58.84816553278236,0.43535745724715563,0.13541603912830058,0.4919028376245235,0.375,0.0014119798358184627,INT_01_GW150914_v4,pre
NG15|J1741+1351|58586.342675730|1197.392|4151,43.34922587177877,0.5551822146706943,0.07294784621382251,-0.47441932367423156,0.5,0.0026465912671253043,INT_02_GW190503_185404_v2,pre
NG15|J1125+7819|58459.106599191|1742.983|1122,70.23242050468687,0.25446552781028725,0.08209834614946712,-0.7998766598995499,0.75,-0.0034399104998562497,INT_02_GW190503_185404_v2,pre
NG15|J0030+0451|57344.061195164|2298.564|18161,97.60785770461447,0.308448461141576,0.13405166986316358,-0.3863912303836631,0.625,-0.002776851673557077,INT_01_GW150914_v4,post
NG15|J0030+0451|57775.841239193|1224.384|11725,44.67921699980592,0.47285741075817234,0.10573069491198628,0.2254440790173712,0.6666666666666666,-0.0010115559287664723,INT_01_GW150914_v4,post
NG15|J0613-0200|55918.374570287|1306.654|3417,48.73295033200778,0.5629212887896983,0.06700426563868568,-0.9134284001739036,1.0,-0.0028558890187392657,INT_01_GW150914_v4,pre
NG15|J1643-1224gbt|56150.941978952|1606.567|3329,63.51072260453311,0.5112448291785666,0.03409652573461314,-0.05847236657567693,0.3333333333333333,-0.00120456497752396,INT_01_GW150914_v4,pre
NG15|B1937+21|57734.870405294|862.958|21528,26.870482062108184,0.8404482096738342,0.2337158088608785,0.08075142350146919,0.5714285714285714,-0.001318405443528708,INT_01_GW150914_v4,post
NG15|J1643-1224|53979.821255251|1376.000|459,52.14987255948889,0.47159550693717484,0.08483560778999423,-0.9999999999999998,1.0,-0.006630335234275238,INT_01_GW150914_v4,pre
NG15|J1713+0747gbt|58583.287874577|866.206|27504,27.030522488302324,0.5421925482313529,0.16707388784408858,-0.22500236042562272,0.5,-0.0015784353595991302,INT_02_GW190503_185404_v2,pre
NG15|J0636+5128|58210.086401252|775.472|29820,22.55973799621524,0.47347385919320395,0.1275838447883178,0.08766979043922106,0.4444444444444444,-0.0027655395220802653,INT_02_GW190503_185404_v2,pre
NG15|J1811-2405|57922.362290252|869.199|3971,27.177998164287253,0.28050067951161817,0.04411989892527991,-1.0,1.0,-0.0004234101405574853,INT_01_GW150914_v4,post
NG15|J1713+0747ao|55843.862609485|2350.000|13701,100.14229100563716,0.7901800084484001,0.20085880671515038,-0.7962102939768887,1.0,0.0026571470264913025,INT_01_GW150914_v4,pre
NG15|J1713+0747|55616.288556381|1480.336|32266,57.290875609794156,0.702335969177952,0.1300761399840902,-0.10577185280685637,0.5,0.003218969367401012,INT_01_GW150914_v4,pre
NG15|J1713+0747ao|57623.017101030|2053.859|18346,85.55037848914763,0.2859133944325074,0.3362671156502554,-0.8217398270397421,0.8888888888888888,0.006075225948173948,INT_01_GW150914_v4,post
NG15|J0636+5128|57035.224564505|1330.463|11981,49.906103813305876,0.17445858517183074,0.054938973678291106,-0.2270472220306037,0.5555555555555556,-0.0004920568532102124,INT_01_GW150914_v4,pre
NG15|J0023+0923|58728.276082112|1387.334|12659,52.70833875114048,0.24977160468858137,0.07046545146711902,0.33840226867326617,0.6666666666666666,-0.0018620545424904177,INT_03_GW190728_064510_v2,post
NG15|J1455-3330|58786.638002717|1531.118|3008,59.79308402204497,0.3320211648218166,0.11081622373955702,-0.8860669870036862,0.5,-0.004339668381843283,INT_04_GW191126_115259_v1,pre
NG15|J0636+5128|57272.387597963|1442.383|8730,55.42079731689203,0.13785016266250102,0.1276367212746193,0.10111330208078041,0.5555555555555556,0.00052088611156519,INT_01_GW150914_v4,pre
NG15|J0636+5128|57886.806132714|778.605|18828,22.714111966432682,0.24927703536967644,0.07130137949453934,-0.0846995938200913,0.7777777777777778,-0.002303625211766869,INT_01_GW150914_v4,post
NG15|J2010-1323|58268.364329780|897.332|12948,28.564210390309317,0.32122948193822026,0.05541188301247826,-0.9637182877487445,1.0,0.003720510228921718,INT_02_GW190503_185404_v2,pre
NG15|J0636+5128|56943.418083002|916.074|25583,29.487694893920928,0.17803055510238963,0.10954607300422328,-0.16035154985490113,0.7777777777777778,-0.0031411574766715532,INT_01_GW150914_v4,pre
NG15|J1643-1224|58271.330427045|3175.990|18386,140.8417342421197,0.24284186099655147,0.16832980305168552,-0.4668441657658581,1.0,-0.002699773547431841,INT_02_GW190503_185404_v2,pre
NG15|J1643-1224gbt|56172.889676302|1417.576|4786,54.19846885242222,0.5937492580414413,0.03493079866547085,-0.026201279454242696,0.25,-0.0013689505563529148,INT_01_GW150914_v4,pre
NG15|J1909-3744gbt|55542.778157668|853.578|26477,26.40829634853029,0.47183417951649814,0.09603503539572165,-0.6401009267964431,1.0,0.0011916543079971806,INT_01_GW150914_v4,pre
NG15|J2010-1323|56948.957344194|812.186|9434,24.36876638515969,0.3923748349130348,0.08591062591244426,-0.5125214689531359,0.8333333333333334,0.0011964417368820293,INT_01_GW150914_v4,pre
NG15|J1713+0747|56380.374534602|2349.480|20086,100.11666876991643,0.8156124091565606,0.2656932571854217,-0.22060859996040932,0.4444444444444444,0.002882753849869599,INT_01_GW150914_v4,pre
NG15|J1713+0747ao|58468.649471918|2262.674|14099,95.83943070458136,0.5517009216259863,0.24234287574119096,0.21931117628657454,0.5555555555555556,0.0037097416086054897,INT_02_GW190503_185404_v2,pre
NG15|J1614-2230|57397.617389071|1218.828|8921,44.405453265835895,0.5858451938860685,0.09746626816947487,-0.8836133057910397,1.0,-0.01383598723842562,INT_01_GW150914_v4,post
NG15|J1918-0642|55216.530442343|852.000|10449,26.330542717823903,0.25487933054662903,0.15698596384029898,0.2518774379781122,0.6666666666666666,0.000287543270359452,INT_01_GW150914_v4,pre
NG15|J1944+0907|56168.059624111|1412.300|1343,53.93850170691721,0.43550904868063733,0.024285264894366037,-1.0,1.0,0.006685161621241556,INT_01_GW150914_v4,pre
NG15|J0931-1902|57131.035111377|725.452|5155,20.095076014001346,0.24868997564733306,0.05454266733769149,-1.0,1.0,0.02309144212939474,INT_01_GW150914_v4,pre
NG15|J0023+0923|57706.053301215|1424.794|12028,54.55412519363813,0.20599761728419594,0.09855700758911132,0.6452274539798912,0.5555555555555556,-0.0019386424653381452,INT_01_GW150914_v4,post
NG15|J1909-3744|55641.469190970|847.345|26874,26.101174434593084,0.6430416642284136,0.1537652652828821,-0.051725750943573214,0.6666666666666666,0.004794023878359372,INT_01_GW150914_v4,pre
NG15|B1937+21|53355.956841587|1420.000|7222,54.31790788970503,0.5901441232207348,0.23561400190279558,-0.016531376960942718,0.5555555555555556,-0.0019194440101311524,INT_01_GW150914_v4,pre
NG15|J1713+0747gbt|57304.036600144|1655.416|20036,65.91768528284511,0.47280660432124216,0.16371183873380055,-0.42474180046886567,0.8888888888888888,-0.0001295497003500794,INT_01_GW150914_v4,post
NG15|J0613-0200|55360.927172025|881.678|10871,27.792882548054692,0.24280318189879954,0.13221205680458847,-0.5924343069106683,0.5,-0.000964687765397736,INT_01_GW150914_v4,pre
NG15|J1918-0642|57614.116391600|1492.971|1621,57.91344666427781,0.5057675456082174,0.10683740668799944,0.46811077290404,0.5555555555555556,0.0012799788408456177,INT_01_GW150914_v4,post
NG15|J0613-0200|55493.538279371|860.266|9248,26.737837718723142,0.4967415822569571,0.07389086404871499,0.475628781068657,0.5,-0.003061900799427448,INT_01_GW150914_v4,pre
NG15|J2145-0750|57468.578021731|1330.598|4648,49.91275573988722,0.4742301020041133,0.14907263490017375,0.14283876520171135,0.42857142857142855,0.0006723180364203998,INT_01_GW150914_v4,post
NG15|J0030+0451|58628.517176044|440.937|1187,6.076017559991208,0.44307491154862816,0.05567425746089002,-0.08699659987426028,0.8888888888888888,-0.000509876152059054,INT_02_GW190503_185404_v2,post
NG15|J1909-3744|55670.404792478|1606.689|3303,63.516733975221435,0.695562846744226,0.1640610536444395,0.23344899598606011,0.42857142857142855,0.0010972641410547039,INT_01_GW150914_v4,pre
NG15|J1832-0836|56407.304961633|866.084|5718,27.024511117613997,0.3324434627824456,0.041410017385741245,0.26120777639240406,0.3333333333333333,-0.00221506261502949,INT_01_GW150914_v4,pre
NG15|J1738+0333|57124.360240003|1251.353|3193,46.00807483663772,0.17948259597858657,0.16563377771949617,0.557006783580282,0.5,-0.007476621569682579,INT_01_GW150914_v4,pre
NG15|J0636+5128|57130.965034231|753.593|16137,21.481682428265263,0.2567653455063526,0.0474597663221423,0.11065320057261736,0.4444444444444444,0.0001660753038213356,INT_01_GW150914_v4,pre
NG15|J1713+0747|59067.992112838|1338.400|3388,50.29718782275874,0.8439518267093261,0.15750656412126884,0.358638340769876,0.5714285714285714,-0.0009480509516589373,INT_05_GW200219_094415_v1,post
NG15|J1802-2124|57948.262831575|1593.297|952,62.85686285835201,0.25192451439187935,0.04119125378236745,-0.25887010379484143,0.5555555555555556,-0.00023998225311669424,INT_02_GW190503_185404_v2,pre
NG15|B1937+21ao|57873.369021441|1461.737|3063,56.37443722100574,0.8003551446588106,0.19572297797528518,-0.15762856632965308,0.5,-0.011119216059364464,INT_01_GW150914_v4,post
NG15|B1937+21|56354.456294678|781.335|17201,22.848628703966547,0.856471162930345,0.13730765786188392,-0.9171939567445393,0.5,-0.0066392478506339435,INT_01_GW150914_v4,pre
NG15|J1713+0747|59045.079137002|1387.316|5036,52.707451827596294,0.8656797178340068,0.17149328085742302,0.40912530974271616,0.6666666666666666,-0.001503333551071045,INT_05_GW200219_094415_v1,post
NG15|J1125+7819|58787.231236488|1165.920|2968,41.79848932831145,0.2654165944417025,0.15265077038656524,0.026821486375459298,0.5,-0.0010862087518303779,INT_04_GW191126_115259_v1,pre
NG15|J1909-3744|58385.940507897|1755.457|15712,70.84705852080315,0.6578493896547347,0.1005580542763711,-0.6832622353352504,0.8,0.0016816756464057652,INT_02_GW190503_185404_v2,pre
NG15|J2145-0750|55700.368871462|1817.905|8707,73.92409193674264,0.4326440425369549,0.14061078804876803,-0.8053742884778485,1.0,-1.0290883176015293e-05,INT_01_GW150914_v4,pre
NG15|J1012+5307|55275.178743245|1181.104|11125,42.546658611356946,0.31129955855427927,0.17832423545770468,-0.7845909239101818,0.3333333333333333,-0.007456709168533017,INT_01_GW150914_v4,pre
NG15|J1643-1224|56249.701550109|791.047|11819,23.32717322958153,0.6168085586179481,0.031313717860335225,0.3303137316086578,0.4444444444444444,0.0010436206728240646,INT_01_GW150914_v4,pre
NG15|J1946+3417|57970.145217432|1599.779|2809,63.17625388131703,0.4833801021960244,0.06250429247013409,-0.22581673868527558,0.5555555555555556,-0.0018045207663700941,INT_02_GW190503_185404_v2,pre
NG15|J1713+0747|58576.397644993|2287.275|17791,97.05160882182335,0.6890118444848753,0.18101904821767217,-0.18626303732792918,0.5555555555555556,0.0018838694840110019,INT_02_GW190503_185404_v2,pre
NG15|J1909-3744gbt|58570.576071963|1767.944|5891,71.46233709281243,0.29978329555272565,0.0917529005710387,-0.4427717208218498,0.8333333333333334,-0.0007527442721731907,INT_02_GW190503_185404_v2,pre
NG15|J0645+5158|57431.458357009|1668.000|3936,66.53774338728694,0.4458115961345258,0.11777598659952707,-0.15172219251356728,0.42857142857142855,0.002176216713317626,INT_01_GW150914_v4,post
NG15|J0636+5128|57431.437903539|1767.958|8481,71.46302692223568,0.15471513606222384,0.04186978108485105,-0.22499480856159773,0.6666666666666666,-0.00037395235722389276,INT_01_GW150914_v4,post
NG15|J1455-3330|57518.315052279|775.473|10391,22.55978726974547,0.3014146788904435,0.06432721710592361,0.1833994796229312,0.6666666666666666,0.000555976980010864,INT_01_GW150914_v4,post
NG15|J1312+0051|57739.497343014|1661.680|1142,66.22633467621952,0.2039431832580378,0.04822623166244253,-0.0404058569464734,0.75,0.0006150526551884523,INT_01_GW150914_v4,post
NG15|J1614-2230|56550.879998011|825.454|17165,25.022527584280315,0.44022866209834727,0.10970697245392186,-0.3152443369876725,0.5,-0.014104282761431473,INT_01_GW150914_v4,pre
NG15|J1747-4036|58394.932355344|909.813|7301,29.17919332113722,0.33770027214095316,0.02141189496513358,1.0,0.0,-0.0012972431096238601,INT_02_GW190503_185404_v2,pre
NG15|J2317+1439|57530.526201664|1600.116|10358,63.19285906100528,0.5101670160823271,0.15961151473898774,-0.5385369818771635,0.8888888888888888,-0.0015862003464823743,INT_01_GW150914_v4,post
NG15|J1713+0747gbt|56502.180001474|1355.495|5746,51.139518822077925,0.8262471682914753,0.16265660106060179,0.2206913325618189,0.5555555555555556,0.0003208710513092631,INT_01_GW150914_v4,pre
NG15|J1600-3053gbt|56763.396560628|809.821|18314,24.252234486160567,0.2497016167816375,0.10575938034772335,-0.08565980200297102,0.4444444444444444,0.0024746280439938754,INT_01_GW150914_v4,pre
NG15|J1802-2124|58094.701081608|1755.464|3063,70.84740343551476,0.34108028417632585,0.04505281948721128,-0.13288965875591763,0.6666666666666666,0.0007949992905286982,INT_02_GW190503_185404_v2,pre
NG15|J1811-2405|58142.572314771|747.331|3282,21.173131581951324,0.42710990174860886,0.04884402625524689,-0.5136647812928402,1.0,-0.00259585692768008,INT_02_GW190503_185404_v2,pre
NG15|J1911+1347|57705.871861582|1523.913|2551,59.43806823672208,0.7318553982439063,0.12535819298566703,-0.0006770148597736325,0.3333333333333333,0.0043352388135166125,INT_01_GW150914_v4,post
NG15|J0023+0923|56023.676708886|1412.469|10736,53.94682893352645,0.5871668918824129,0.13541603912830058,0.4919028376245235,0.375,0.0014119798358184627,INT_01_GW150914_v4,pre
NG15|J1012+5307|54101.424802738|1424.000|1392,54.51500201063377,0.4622891015598802,0.05191896779774064,-1.0,1.0,-0.04258978845662868,INT_01_GW150914_v4,pre
NG15|J1903+0327ao|57334.861097290|1674.791|3489,66.8723599310937,0.534902686445793,0.09968411682632658,0.2822922824433774,0.3333333333333333,0.0020218397641926303,INT_01_GW150914_v4,post
NG15|J1640+2224|58660.098396036|425.312|817,5.306118650113316,0.4989552551554068,0.144023470251702,0.5905154152211968,0.6,0.0008707194644346055,INT_03_GW190728_064510_v2,pre
NG15|J1747-4036|58077.774408491|844.199|9205,25.946159908482628,0.34290229216669366,0.03331313104267994,0.22166143255913776,0.4444444444444444,-0.0009225591992578816,INT_02_GW190503_185404_v2,pre
NG15|J1909-3744|58220.400828248|859.062|22525,26.678512388323597,0.7067912288877942,0.1585942404781416,0.19505953729065048,0.3333333333333333,-0.002609888687249287,INT_02_GW190503_185404_v2,pre
NG15|J0030+0451|57727.006239517|1324.719|14966,49.623076655652206,0.5464251278785528,0.10733350753385303,-0.010152733041056036,0.5555555555555556,-0.0013627239487830425,INT_01_GW150914_v4,post
NG15|J1910+1256|56737.462959100|2249.491|5901,95.18985775553047,0.3357061046151025,0.09371280397292416,0.2819596211728655,0.5,-0.00412346539431379,INT_01_GW150914_v4,pre
NG15|J1713+0747gbt|53918.018526531|1408.000|29,53.72662552691881,0.4757066708159361,0.07419446661748527,-1.0,1.0,0.005714749435974629,INT_01_GW150914_v4,pre
NG15|J2317+1439|58748.137866401|1351.859|6049,50.96036026615371,0.23232711378459947,0.1795798996379895,-0.2809856607246133,0.8333333333333334,-0.003959457719341069,INT_03_GW190728_064510_v2,post
NG15|B1937+21|58489.763180810|1655.521|12808,65.92285900351949,0.2738029292414072,0.200768481614961,0.17279768979534307,0.5,-0.005092839914901651,INT_02_GW190503_185404_v2,pre
NG15|J0636+5128|58880.971507608|1416.637|6238,54.152201007534195,0.14465131581722537,0.0440399580718461,0.10556421569858708,0.6666666666666666,-0.001974239747228085,INT_05_GW200219_094415_v1,pre
NG15|J2043+1711|57911.373075188|1499.976|4719,58.25860774355427,0.3482663008116677,0.01933054383655111,0.9999999999999999,0.0,0.000712460662284715,INT_01_GW150914_v4,post
NG15|B1855+09|57186.252757472|426.875|1478,5.38313317786622,0.5786679124724092,0.07073870215750593,0.7704266282927644,0.3333333333333333,0.0016361094173646868,INT_01_GW150914_v4,pre
NG15|J2302+4442|56920.446276467|787.959|9684,23.17501656822454,0.2998112208134192,0.08789537323275784,0.2341735282393429,0.4444444444444444,0.00017677189612111443,INT_01_GW150914_v4,pre
NG15|B1937+21|54819.806651965|2354.000|4861,100.3393851265659,0.6274584669218569,0.16758856047381185,-0.37779837558887813,0.4444444444444444,-0.0020404140520999666,INT_01_GW150914_v4,pre
NG15|J0030+0451|56641.010112184|2287.321|18307,97.05387540421403,0.2426892811761286,0.13072014511132177,-0.4935460482902332,0.7777777777777778,-0.003736595246316201,INT_01_GW150914_v4,pre
NG15|B1953+29|58957.470877832|1163.445|3484,41.67653734098678,0.376024047281519,0.028119315945237332,0.9614797537750391,0.0,-0.0009980622738268794,INT_05_GW200219_094415_v1,post
NG15|J1012+5307|56266.263196732|1442.427|12437,55.42296535222224,0.336055051176873,0.12568169951815525,0.017666189847171148,0.7777777777777778,-0.0037402589565591025,INT_01_GW150914_v4,pre
NG15|J0931-1902|58787.418684756|1418.064|1574,54.222514335175525,0.29169051371504623,0.14286292590702196,0.11520726882717641,0.5555555555555556,-0.0007205934396675115,INT_04_GW191126_115259_v1,pre
NG15|J0740+6620|58502.787551114|1593.529|6112,62.86829431736588,0.21172292879594357,0.08724176201552808,-0.24101057146296564,0.5555555555555556,-0.00026454824118218797,INT_02_GW190503_185404_v2,pre
NG15|J1713+0747gbt|57836.414453548|1667.883|13339,66.53197838424977,0.7860091664235326,0.11018002973330562,-0.4101352749301355,0.75,0.0013785409802454282,INT_01_GW150914_v4,post
NG15|J2234+0944|56479.328959730|1262.499|1142,46.55727760460565,0.24266718495133718,0.028744153783970102,-0.4286459627724931,0.5,0.000879330546208969,INT_01_GW150914_v4,pre
NG15|J1909-3744|55893.744007964|885.053|24538,27.959180712588317,0.3927596479911629,0.15138360558691513,-0.08856201084468747,0.75,0.0005917080246498599,INT_01_GW150914_v4,pre
NG15|J0406+3039|58778.273339200|1174.581|900,42.225247373652394,0.47483591707014006,0.10430601616555009,-1.0,1.0,-0.006859111243182261,INT_04_GW191126_115259_v1,pre
NG15|B1937+21|58015.908819514|1717.963|11036,68.99959677827759,0.08164914395261959,0.30503486536418584,-0.17044528849815016,0.8571428571428571,-0.0043072057157412,INT_02_GW190503_185404_v2,pre
NG15|B1937+21|57648.014523460|1606.915|14901,63.5278697930539,0.6676275569288695,0.26873973604010715,-0.2427921119527403,0.875,0.0013507420305610672,INT_01_GW150914_v4,post
NG15|J1643-1224|57892.252666957|3623.981|20300,162.91583232436656,0.3047975423145621,0.13057705802145897,-0.08852312346841622,0.7777777777777778,-0.0025101103751071826,INT_01_GW150914_v4,post
NG15|J1600-3053gbt|57733.561269882|1842.929|7836,75.15711275727284,0.5386861909230601,0.060761989631416886,0.06532119036059754,0.8,0.0024906785248950463,INT_01_GW150914_v4,post
NG15|J1125+7819|57645.407526461|1430.508|1910,54.835674145384836,0.3605676302293312,0.05566516358841095,-0.016369386835613193,0.5,-0.0038031823588895778,INT_01_GW150914_v4,post
NG15|J1643-1224gbt|57080.400523635|787.946|12562,23.17437601233152,0.6527937534551487,0.06150979667458514,-0.4816420114008307,1.0,-0.002742466373604513,INT_01_GW150914_v4,pre
NG15|J1903+0327|56426.313084391|1848.853|4235,75.44900915036831,0.44849547227513414,0.06697917297387672,0.0638487415967547,0.5555555555555556,-0.0010053328733876734,INT_01_GW150914_v4,pre
NG15|J1012+5307|58938.855446552|1527.404|9306,59.61008213076264,0.4446527889148231,0.16057025450980297,-0.12870246548518186,0.6666666666666666,-0.0024541522586653953,INT_05_GW200219_094415_v1,post
NG15|J1713+0747ao|57265.988841216|1872.852|16272,76.63152460241052,0.8134159827569286,0.16311030309593447,0.10538202895082324,0.4,-0.005178802475674989,INT_01_GW150914_v4,pre
NG15|J1012+5307|56849.738202038|1193.023|3260,43.13394981819435,0.2269792690157086,0.09769569440104765,-0.08232209412809854,0.6666666666666666,-0.0005516196755649591,INT_01_GW150914_v4,pre
NG15|J1713+0747|58489.627896238|1842.867|29098,75.15405779839844,0.3537275438375412,0.1733950029047295,0.0894041623453457,0.6666666666666666,0.0007837178997315616,INT_02_GW190503_185404_v2,pre
NG15|J1909-3744|58907.590469624|841.077|29707,25.792327947097746,0.43101204191019155,0.09742358525573869,0.12456311035983406,0.6666666666666666,-0.0005855804960614046,INT_05_GW200219_094415_v1,post
NG15|J1643-1224|58489.565732694|1633.716|2652,64.8484496768067,0.5036096695906704,0.06150128891488973,-0.3951951017496164,0.75,-0.003070689617469428,INT_02_GW190503_185404_v2,pre
NG15|J1713+0747gbt|58656.348415069|1310.937|4156,48.943988861992224,0.15552543495774315,0.23301719590015618,-0.4698835308140631,0.5555555555555556,0.002553358281349766,INT_03_GW190728_064510_v2,pre
NG15|J2010-1323|56130.222585468|750.492|8086,21.32888521101526,0.3693835063874293,0.08304535732230972,-0.8909330301371371,1.0,0.0006299433467878952,INT_01_GW150914_v4,pre
NG15|J1713+0747|57859.277164629|1643.160|43153,65.31378889631947,0.6228932550701899,0.2505533007243098,-0.0629517502116154,0.4444444444444444,-0.0024872606179290315,INT_01_GW150914_v4,post
NG15|J1024-0719|56671.304227756|1842.927|3382,75.15701421021237,0.21466678402473793,0.13819107332895716,-0.007339036430118497,0.75,-0.006045018152295545,INT_01_GW150914_v4,pre
NG15|J2145-0750|57586.192739770|1655.445|3883,65.91911421522184,0.4671619156113546,0.08703245395669318,0.5829592955593718,0.25,-0.000816663046445452,INT_01_GW150914_v4,post
NG15|J1455-3330|57132.232468787|1480.491|2017,57.298513006980144,0.6331068762252873,0.1454990177983398,-0.6986189578254453,0.6666666666666666,0.0009348263222452369,INT_01_GW150914_v4,pre
NG15|J1909-3744|58633.273852950|1755.490|12841,70.8486845473008,0.749801439031745,0.17127397940240113,0.45564799823730656,0.4444444444444444,-0.0006880521863899892,INT_02_GW190503_185404_v2,post
NG15|B1953+29|58528.628916548|1236.384|1512,45.27049936259213,0.38231548901737183,0.0603146120742583,0.2341913857553577,0.5555555555555556,-0.0015275485197551522,INT_02_GW190503_185404_v2,pre
NG15|J0340+4130|56192.517136625|766.125|10812,22.09917830913501,0.31606891765329365,0.0283495262480674,-0.7636713336706692,0.5,-0.0010142646435892344,INT_01_GW150914_v4,pre
NG15|J2017+0603|56220.944629275|1287.546|2114,47.79143171633119,0.35921292150967554,0.1990479236929179,-0.6796587934498859,0.8,0.002528630325243868,INT_01_GW150914_v4,pre
NG15|J1946+3417|58777.924903124|1437.306|3131,55.17063560390323,0.4656977081304871,0.03809006848737485,-0.3507403070824135,1.0,-0.007379479185994483,INT_04_GW191126_115259_v1,pre
NG15|J1744-1134|57335.910838212|1184.263|7763,42.702313693360416,0.5351107728482497,0.09925637226914771,-0.6268699360634016,0.6666666666666666,-0.0015753230345756871,INT_01_GW150914_v4,post
NG15|J1600-3053gbt|55275.298485403|1160.213|5272,41.517285291276366,0.2336376825427798,0.09580311622210845,0.36652410620425074,0.3333333333333333,0.00195838066850595,INT_01_GW150914_v4,pre
NG15|J2010-1323|57803.572930811|731.706|16269,20.403232672073432,0.42384804326804054,0.10813269271690977,-0.5817108642267865,0.7777777777777778,-0.0009588560310237143,INT_01_GW150914_v4,post
NG15|J2317+1439|57530.526201631|1163.247|10393,41.66678118200082,0.41147299744294685,0.15961151473898774,-0.5385369818771635,0.8888888888888888,-0.0015862003464823743,INT_01_GW150914_v4,post
NG15|J1640+2224|58515.474591028|436.250|3306,5.845072523792956,0.6472576823679753,0.11473119341470357,0.07918937798813243,0.8,-0.002455577014940608,INT_02_GW190503_185404_v2,pre
NG15|J1713+0747ao|58753.883545853|2237.181|14433,94.58330059837228,0.6418272730277935,0.2714483397434638,-0.40669427768795513,0.8888888888888888,0.001153053591518239,INT_04_GW191126_115259_v1,pre
NG15|J1600-3053gbt|56978.749021444|1330.361|1835,49.901077913222196,0.6411166811848289,0.06694515993837243,-0.9892236631529128,1.0,-0.0011695109782636165,INT_01_GW150914_v4,pre
NG15|J0740+6620|58545.655773424|1480.564|1326,57.30210997468709,0.2903892503126952,0.1121929214053594,0.016374410697731562,0.5555555555555556,-0.001373361213230259,INT_02_GW190503_185404_v2,pre
NG15|J1643-1224|56675.524793500|791.073|13366,23.328454341367564,0.67325593832094,0.06430494482557171,0.10534461445720998,0.7142857142857143,-0.002418028598360511,INT_01_GW150914_v4,pre
NG15|J1923+2515|57536.299500539|1387.696|2287,52.72617576908451,0.4339668075721784,0.1101275750385042,-0.5017075694401284,0.6666666666666666,0.0013297349103748015,INT_01_GW150914_v4,post
NG15|J1713+0747gbt|56775.466551020|1269.228|1124,46.888839189538025,0.633934934687551,0.1441954784456913,-0.20069642039853955,0.5,-0.0012801735152523682,INT_01_GW150914_v4,pre
NG15|J1643-1224|57078.420248600|1342.914|2741,50.51960853822681,0.5865807527461561,0.07107668518552603,-0.11429902612256444,0.6666666666666666,-0.005846085248760041,INT_01_GW150914_v4,pre
NG15|J2033+1734|57788.723348112|1188.189|1649,42.89576157305198,0.18643567818138154,0.08207415181802258,-1.0,1.0,0.0002645927984210382,INT_01_GW150914_v4,post
NG15|B1937+21ao|57622.067327412|1673.767|2998,66.82190383613595,0.24491905554898427,0.1569457319148807,-0.5078988509183018,0.75,-0.002574754893745127,INT_01_GW150914_v4,post
NG15|J1744-1134|57979.077767527|863.750|12612,26.90950669805208,0.20982904346933465,0.201458057438073,-0.7668854569934448,0.75,0.004466104544508908,INT_02_GW190503_185404_v2,pre
NG15|J1744-1134|58211.428371716|837.975|14121,25.639481456317508,0.6332305337936708,0.1514832995605257,0.287025454255917,0.4,-0.006236822780827742,INT_02_GW190503_185404_v2,pre
NG15|J1909-3744gbt|57773.618377110|1217.407|13843,44.335435579375954,0.44836850021355956,0.1717992938292191,-0.4660918221479056,0.75,0.001518363311348651,INT_01_GW150914_v4,post
NG15|J1910+1256|56057.374448135|1686.950|523,67.47147678518684,0.45373222064601904,0.10748396574821148,-1.0,1.0,-0.006522038078976635,INT_01_GW150914_v4,pre
NG15|J0740+6620|57856.935562344|1505.493|6253,58.53044980984523,0.393690907728642,0.13234853009643283,0.9767204011922698,0.0,-0.007650450427864298,INT_01_GW150914_v4,post
NG15|J1910+1256|57417.591162459|2263.160|6197,95.86337764027421,0.3067424726199275,0.20421273558884576,0.7835914538640458,0.0,-0.00935884331508446,INT_01_GW150914_v4,post
NG15|J0509+0856|58690.550607526|1196.674|1335,43.313847477072066,0.38626879520772567,0.09176775430692939,-0.5863607466486781,0.6666666666666666,-0.0036713155548778968,INT_03_GW190728_064510_v2,pre
NG15|J0931-1902|56585.434982431|793.437|2468,23.44493696683645,0.3005500957246934,0.10006438762193695,-1.0,1.0,0.007264767111376003,INT_01_GW150914_v4,pre
NG15|J0613-0200|55617.201972796|847.343|15103,26.101075887532616,0.5997650859055089,0.07015854993025383,-0.29100689905230703,0.8333333333333334,-0.0018646959278409544,INT_01_GW150914_v4,pre
NG15|J1600-3053gbt|57078.473183467|1505.447|8879,58.52818322745455,0.5195817143086052,0.08170712518966905,-0.4363705612243789,1.0,0.002913075976743106,INT_01_GW150914_v4,pre
NG15|J0023+0923|56479.391437225|1599.935|9060,63.18394055203325,0.14264098726541558,0.09047959870588834,-0.1710932927473378,0.8333333333333334,-0.0004697002365500098,INT_01_GW150914_v4,pre
NG15|J1705-1903|58267.326428925|1854.169|2568,75.7109472370826,0.28072837868713524,0.04314034597243443,-0.5043308672779458,0.8,-0.000779925321060104,INT_02_GW190503_185404_v2,pre
NG15|J1455-3330|56172.867574467|1817.948|1598,73.92621069854262,0.2857124198863034,0.17587654091489313,1.0,0.0,-0.008664082498690684,INT_01_GW150914_v4,pre
NG15|J2302+4442|56671.136119102|1342.987|1653,50.52320550593376,0.4060661119560737,0.021320983275958355,-1.0,1.0,0.0016889404204995136,INT_01_GW150914_v4,pre
NG15|B1937+21gbt|58188.573567377|828.618|11113,25.178429033934954,0.8347357610696521,0.10173718309146582,-0.1483168479993911,0.5714285714285714,-0.002663010490764638,INT_02_GW190503_185404_v2,pre
NG15|B1937+21ao|57138.439511205|1712.279|3580,68.71952603243786,0.001042932589902902,0.2505873477182308,0.14164211246944458,0.6666666666666666,-4.87833526968834e-05,INT_01_GW150914_v4,pre
NG15|J2317+1439|53360.891306151|436.000|743,5.8327541412349095,0.6017369887246043,0.05004281563959209,-0.586279357822386,0.5,0.03800692444534418,INT_01_GW150914_v4,pre
NG15|J1614-2230|57102.413512898|825.483|13336,25.023956516657048,0.36624440302410494,0.09399380445795116,-0.18630985259611674,0.6,0.0002087928904353059,INT_01_GW150914_v4,pre
NG15|J1024-0719|55972.323033864|894.204|12268,28.41008278774304,0.4619960651464574,0.0799034135267942,0.9999999999999999,0.0,3.2576198566350795e-05,INT_01_GW150914_v4,pre
NG15|J1713+0747|57028.627784070|2336.834|21271,99.4935557066002,0.674048574242946,0.1745790661612702,-0.3806612785446189,0.7777777777777778,0.0006742044340545688,INT_01_GW150914_v4,pre
NG15|J1022+1001|57126.032166324|439.375|153,5.999052305768534,0.6722312792197497,0.13517754753911138,-0.316405057626261,0.5,-0.003939211325666579,INT_01_GW150914_v4,pre
NG15|J1909-3744|57789.721433146|1792.952|4644,72.69456953685892,0.7217411819722052,0.16189038691620655,-0.09217285766784565,0.6666666666666666,-0.004159010540461565,INT_01_GW150914_v4,post
NG15|J1918-0642|58849.866538006|891.079|13891,28.25610300576746,0.5066792975132779,0.08891194487626916,0.07861334634533321,0.3333333333333333,0.011061314278125896,INT_04_GW191126_115259_v1,post
NG15|J0613-0200|53681.538692490|1404.000|556,53.52953140599007,0.3827975067503779,0.11193668444182517,0.19155390208644776,0.5555555555555556,-0.0074992334589401724,INT_01_GW150914_v4,pre
NG15|J1744-1134|54429.661929482|1392.000|107,52.93824904320385,0.5105592727671305,0.13790066487840108,0.08557426897269102,0.7777777777777778,0.0016950175608287637,INT_01_GW150914_v4,pre
NG15|J0340+4130|58012.529826536|1157.413|1726,41.379319406626244,0.2451022444551774,0.03701507607621506,1.0,0.0,-0.004492697125059531,INT_02_GW190503_185404_v2,pre
NG15|J1909-3744|56235.863975363|1380.807|5638,52.38673041931501,0.48411349842232587,0.1129782670773961,-0.1569164353112899,0.625,-0.0007733121534828241,INT_01_GW150914_v4,pre
NG15|J1923+2515|56549.983207789|1187.677|1990,42.870533525573094,0.33172903968121054,0.06044348709832122,1.0,0.0,-0.0074326615758878115,INT_01_GW150914_v4,pre
NG15|J2033+1734|57872.484335057|1749.705|3725,70.56363717490761,0.2977907973106522,0.10331817739788898,0.2991170674681994,1.0,0.006704026698042249,INT_01_GW150914_v4,post
NG15|B1937+21gbt|58516.618354064|909.798|15611,29.178454218183738,0.4506981436212991,0.20046393740382498,0.10438783764785292,0.5,-0.0047565482738505796,INT_02_GW190503_185404_v2,pre
NG15|J0030+0451|57563.483625155|1823.734|17010,74.21130734446604,0.393325069456325,0.09099823897108966,0.1304425838663293,0.5555555555555556,0.00011391677764285087,INT_01_GW150914_v4,post
NG15|J0740+6620|58782.913197659|1218.010|6067,44.365147518105964,0.1847907440132777,0.160249166030988,-0.136854884214343,0.5555555555555556,-0.004258476027352946,INT_04_GW191126_115259_v1,pre
NG15|J1918-0642|58059.947476401|1492.966|5515,57.91320029662664,0.43721747828539487,0.07934770331620528,0.12375881397999705,0.8888888888888888,0.0014494351425450385,INT_02_GW190503_185404_v2,pre
NG15|J2234+0611|57649.107877633|1487.278|1283,57.63293245666598,0.7090034084581797,0.16434494321550794,-0.6037205267587719,0.5,0.002085676903570141,INT_01_GW150914_v4,post
NG15|J0030+0451|58838.975355246|430.000|2929,5.5371129598417985,0.5935628768136202,0.076612643958973,-0.38600777479433124,0.5,-0.0022302146721467427,INT_04_GW191126_115259_v1,post
NG15|J1909-3744gbt|57909.265710320|1879.340|21212,76.95121126655692,0.3040202019195948,0.16162441852140136,-0.331868675526642,0.5555555555555556,-0.0037878381851114674,INT_01_GW150914_v4,post
NG15|J1600-3053|56477.147890988|1442.005|4437,55.40217192246427,0.6152073022930198,0.10564758023521847,0.051587706847234974,0.6666666666666666,0.004126340600986003,INT_01_GW150914_v4,pre
NG15|J0030+0451|56140.377928357|1564.608|13737,61.44325454952085,0.4502673608659573,0.12484064271193794,-0.5019549862446513,0.6666666666666666,-0.0037733010968201246,INT_01_GW150914_v4,pre
NG15|J0023+0923|56738.690104180|1537.286|13142,60.0970031565171,0.38139762090761903,0.10708722714628914,-0.9992003931922061,1.0,0.0021614247313495203,INT_01_GW150914_v4,pre
NG15|J1643-1224|55893.575260088|763.006|11519,21.945494168340826,0.6217725354586765,0.09533336010768219,1.0,0.0,-0.003681481255720009,INT_01_GW150914_v4,pre
NG15|J1600-3053|58137.586313071|1592.954|6359,62.83996203748237,0.44623027653361225,0.06241509141374657,0.20157408135703506,0.7777777777777778,0.0005152154714347355,INT_02_GW190503_185404_v2,pre
NG15|J2010-1323|57192.337129434|803.629|11526,23.94713278696288,0.4479857443157933,0.06368454630401381,-0.6242824521501135,0.5,0.001267850214878602,INT_01_GW150914_v4,pre
NG15|J2145-0750|56709.533356184|881.721|16294,27.795001309854676,0.7205536564171995,0.13971964329766332,-0.5212878289014333,0.5,0.0003310604424645708,INT_01_GW150914_v4,pre
NG15|J1024-0719|57768.213268701|769.212|10826,22.251285696961766,0.3888879537221405,0.08648057011139296,-0.10047558570546006,0.5,-0.000971460623962799,INT_01_GW150914_v4,post
NG15|J1012+5307|55800.747885402|900.465|20046,28.71858436052676,0.6586042820827307,0.12802673054074007,-0.3149944285603442,0.8,-0.002608087073492726,INT_01_GW150914_v4,pre
NG15|J1713+0747gbt|55278.200553311|791.119|25158,23.330720923758243,0.529298077636549,0.1632139595347828,-0.5259153628535149,0.6666666666666666,-0.005246945014472059,INT_01_GW150914_v4,pre
NG15|J1909-3744gbt|58578.505131312|1613.164|5173,63.83578008347483,0.43124455406787143,0.11086729501993539,-0.23747220139789424,0.7142857142857143,0.0008275739508571816,INT_02_GW190503_185404_v2,pre
NG15|B1937+21|58270.181472960|862.745|16679,26.859986800168734,0.833978440501775,0.2040826157453715,-0.6379011030729734,0.5,-0.007455582163439657,INT_02_GW190503_185404_v2,pre
NG15|J1713+0747|57885.246926421|2324.206|16034,98.87132956682818,0.5108011825083538,0.24104180396385752,-0.01868206931591516,0.5555555555555556,-0.0004748897211869525,INT_01_GW150914_v4,post
NG15|J1713+0747|58261.399774960|1418.062|30229,54.22241578811505,0.4671972064929787,0.1459413408036628,-0.03756889254249595,0.5555555555555556,-0.004305605508951928,INT_02_GW190503_185404_v2,pre
NG15|J1713+0747gbt|56541.815532519|1442.409|2372,55.42207842867808,0.40072036283531265,0.16265660106060179,0.2206913325618189,0.5555555555555556,0.0003208710513092631,INT_01_GW150914_v4,pre
NG15|J1909-3744gbt|57285.014960964|1232.704|10957,45.089172771337694,0.7280515993342246,0.08734392006893119,-0.5791351967598044,1.0,-0.0022196590212964305,INT_01_GW150914_v4,post
NG15|J1909-3744gbt|56585.946043862|844.206|23509,25.946504823194253,0.6189738092303301,0.1669698855294357,0.019889881417453188,0.5555555555555556,-0.004763810470253677,INT_01_GW150914_v4,pre
NG15|J1713+0747ao|58803.759439074|1574.916|9560,61.95116609915421,0.6752515863775634,0.2534104192691103,-0.3742363300566371,1.0,-0.005059120822725578,INT_04_GW191126_115259_v1,pre
NG15|J1832-0836|56387.444364458|741.084|5405,20.865319838590864,0.24237259521435212,0.041410017385741245,0.26120777639240406,0.3333333333333333,-0.00221506261502949,INT_01_GW150914_v4,pre
NG15|J1853+1303|57538.259363916|425.312|1090,5.306118650113316,0.5399491519433386,0.14232072470223295,-0.5107086530241759,0.75,-0.0007123274820825587,INT_01_GW150914_v4,post
NG15|J1713+0747|58509.532326107|1338.416|10589,50.297976199242434,0.29013078171484047,0.19422714610788494,0.3033119975531926,0.6666666666666666,0.0024849993209974013,INT_02_GW190503_185404_v2,pre
NG15|J1909-3744gbt|57521.393994669|881.622|31091,27.79012323036169,0.6685931864770516,0.11633603392478398,0.2003026358885935,0.8888888888888888,0.0010930302123052231,INT_01_GW150914_v4,post
NG15|J0645+5158|57522.075340907|1730.484|3850,69.61655065031478,0.2050305803182189,0.12417720858504251,-0.6479676533752973,0.3333333333333333,-0.0008341233462252791,INT_01_GW150914_v4,post
NG15|J0645+5158|57161.843349159|895.000|9884,28.449304517807864,0.24552052823160042,0.13229404478315865,-0.7583326074631263,0.5,-0.0032113181911965633,INT_01_GW150914_v4,pre
NG15|J1909-3744gbt|57564.257298534|800.976|28454,23.81641011125689,0.27493547465519247,0.12071678792911927,0.18692295270303716,0.8888888888888888,0.003353315318155276,INT_01_GW150914_v4,post
NG15|J1600-3053|58544.346929646|909.787|18504,29.177912209351184,0.5480467423080704,0.12148442016900249,-0.2792962620875666,0.5,-0.002446614969348757,INT_02_GW190503_185404_v2,pre
NG15|J1744-1134|57488.464644778|1593.088|5697,62.846564690533484,0.504920588585398,0.1375596601366761,1.0,0.0,0.005687690153697654,INT_01_GW150914_v4,post
NG15|J1643-1224gbt|55492.665909074|1867.488|1743,76.36722138624508,0.4358325981970367,0.06778564352595383,-1.0,1.0,-0.00663501389074791,INT_01_GW150914_v4,pre
NG15|J0030+0451|58450.035820310|1374.785|15346,52.090005220256785,0.5753277630475738,0.17896401241682403,-0.27863332822827114,0.42857142857142855,-0.006355699565751492,INT_02_GW190503_185404_v2,pre
NG15|J1713+0747ao|56044.332066097|1686.625|8737,67.45546288786137,0.43938790166152836,0.25221567035774484,-0.9999705936900223,1.0,-0.018506755649225447,INT_01_GW150914_v4,pre
NG15|B1937+21gbt|56138.153742859|1505.465|6751,58.52907015099873,0.8084877631842694,0.056724324038699085,-0.42396484184639105,1.0,-0.0011696915160593821,INT_01_GW150914_v4,pre
NG15|J1600-3053gbt|56850.085533457|1879.531|9359,76.96062251083129,0.49898132644124005,0.10804726582465644,-0.12397609455380607,0.5714285714285714,0.0027941063345485115,INT_01_GW150914_v4,pre
NG15|J1713+0747gbt|58009.022155455|737.187|25814,20.67330089127604,0.5096000493746432,0.16989618018305938,-0.0002695752543824683,0.5714285714285714,0.0017639035202614403,INT_02_GW190503_185404_v2,pre
NG15|J1600-3053gbt|57078.462523889|1792.948|8845,72.694372442738,0.5029158442421209,0.08170712518966905,-0.4363705612243789,1.0,0.002913075976743106,INT_01_GW150914_v4,pre
NG15|J0636+5128|56851.647321444|775.453|28450,22.55880179914083,0.18424468331597615,0.08368721762847744,-0.2818249929892404,0.6666666666666666,-0.0011048086298028144,INT_01_GW150914_v4,pre
NG15|J1600-3053|57906.178129469|3368.137|20238,150.30949525564338,0.5213259744899347,0.10008693488781166,-0.4238903243891424,0.6666666666666666,-0.0008065845890883813,INT_01_GW150914_v4,post
NG15|J1600-3053gbt|57977.941061328|1467.964|7203,56.681263493761556,0.6305842912476824,0.08464146314980146,0.21044678353568444,0.5,0.0059676931280924685,INT_02_GW190503_185404_v2,pre
NG15|J2317+1439|56339.731042285|1274.704|10747,47.158661041089466,0.2603029310204534,0.1491983132155498,0.3040122029492566,0.6,-0.003300548825888188,INT_01_GW150914_v4,pre
NG15|J1713+0747gbt|58161.514813183|737.982|30247,20.712473347810622,0.575270925003077,0.14966377654426608,-0.1402029855396889,0.5555555555555556,0.004744072227644442,INT_02_GW190503_185404_v2,pre
NG15|J0709+0458|57755.211149621|1324.747|273,49.62445631449871,0.2548892617827636,0.04181428776944361,-0.5120543289865707,0.8571428571428571,0.005828138738999028,INT_01_GW150914_v4,post
NG15|J1918-0642|55918.619737065|1518.019|9307,59.14765004953358,0.6015219864606263,0.12360528151988637,0.4910867649177067,0.3333333333333333,0.003039653908092524,INT_01_GW150914_v4,pre
NG15|J1744-1134|55773.958271942|1693.194|7890,67.7791407079566,0.526944051315329,0.07750040254085204,-0.1371442306048488,0.6,-0.00100707245200058,INT_01_GW150914_v4,pre
NG15|J1713+0747ao|57958.035181692|1174.879|7823,42.239930885661586,0.5331762564270957,0.28013539496957607,0.20482724993437584,0.6,0.0014212361773946476,INT_02_GW190503_185404_v2,pre
NG15|J1903+0327|57292.975960388|1587.337|1381,62.56319261816819,0.43929060120198166,0.05001064925068631,-1.0,1.0,0.00407894769162004,INT_01_GW150914_v4,post
NG15|J0740+6620|57131.164494044|775.510|11110,22.561610390364066,0.2514732686163289,0.08448562575989364,0.7787108714604761,0.5,0.0024407437007983716,INT_01_GW150914_v4,pre
NG15|J1125+7819|58011.829169019|1217.637|665,44.346768491329364,0.3735529202774778,0.09008781135963008,-0.5183823249211753,1.0,0.0003032757942027366,INT_02_GW190503_185404_v2,pre
NG15|J2124-3358|57893.515076053|784.840|3048,23.02133242743036,0.2815236000490036,0.09151638726920662,-0.5819915175344523,0.5,0.004299781423077244,INT_01_GW150914_v4,post
NG15|J2234+0944|57053.744386040|1462.333|2136,56.403804245024126,0.4595927760995405,0.20425899288976246,-0.49238460010994745,0.75,-0.004766360429174355,INT_01_GW150914_v4,pre
NG15|J1713+0747ao|57739.649730561|1575.035|1258,61.95702964925185,2.4326057726158567e-05,0.3377998821170808,0.126824182671261,0.7777777777777778,0.0016290272126770254,INT_01_GW150914_v4,post
NG15|J1614-2230|56431.226287867|806.700|14596,24.098451798305923,0.5174663844245155,0.11315737455270178,0.3799130837220576,0.8333333333333334,0.0014908608631344093,INT_01_GW150914_v4,pre
NG15|J2317+1439|58454.940382247|1739.113|6434,70.04173194268832,0.11434050579313441,0.239585598975583,0.18126411000364226,0.5,-0.008069949387753158,INT_02_GW190503_185404_v2,pre
NG15|J0931-1902|58544.066254630|895.000|2542,28.449304517807864,0.34133024786893473,0.05651038450839061,-1.0,1.0,-0.00306869904331266,INT_02_GW190503_185404_v2,pre
NG15|J0740+6620|58368.353828146|806.722|8766,24.099535815971027,0.24483191924816256,0.08830441297352315,-0.901431238325972,1.0,0.0003429111042874231,INT_02_GW190503_185404_v2,pre
NG15|J1643-1224|58069.735898605|1693.398|3450,67.78919250812396,0.529908717268457,0.041458487271968145,-0.11471824771813618,0.75,-0.0014927375153107512,INT_02_GW190503_185404_v2,pre
NG15|J1918-0642|58270.332605900|879.375|16791,27.679405607929972,0.5924490599291575,0.12343258397215345,-0.16455259726485036,0.8333333333333334,-0.0033421125674208073,INT_02_GW190503_185404_v2,pre
NG15|J1640+2224|57076.436694313|1759.690|9399,71.05563337427598,0.46003880939974034,0.09578053248558585,0.17922049125319625,0.5,-0.008363360403169656,INT_01_GW150914_v4,pre
NG15|J1751-2857|58881.703270145|1467.400|23,56.65347322271061,0.24900409164173312,0.041886443189706184,-0.5033283146112273,0.6666666666666666,-4.646937209402548e-05,INT_05_GW200219_094415_v1,pre
NG15|J1600-3053gbt|56269.605976897|1492.915|8203,57.9106873465848,0.5679569502224228,0.07020600558780991,-0.6334667001653133,0.75,0.0030013839427017893,INT_01_GW150914_v4,pre
NG15|J1918-0642|58460.949106163|1567.974|8672,61.60910925228238,0.16109347309025396,0.174453040055162,-0.21648957230283078,0.75,-0.002494278840129558,INT_02_GW190503_185404_v2,pre
NG15|J0645+5158|57857.127218875|869.207|9022,27.178392352529112,0.43550529452884684,0.09530990871304483,-0.5014024282684242,0.5,-0.004798186855084211,INT_01_GW150914_v4,post
NG15|J1802-2124|58910.610871567|1382.391|826,52.464779691202786,0.4191806383841076,0.09680143327180622,0.48873335361569975,0.4,0.007113418389110665,INT_05_GW200219_094415_v1,post
NG15|J1713+0747|57355.680833563|1650.069|3477,65.65421971669362,0.5212763250673242,0.20799765199845163,0.0014290161185802003,0.5555555555555556,0.004895480633770311,INT_01_GW150914_v4,post
NG15|J2010-1323|58011.094628426|854.126|15552,26.435298243097527,0.2948148511650054,0.12724367776062045,-0.837086540173797,1.0,-0.005481702538018476,INT_02_GW190503_185404_v2,pre
NG15|J1944+0907|56107.222765604|1523.116|2245,59.39879723312703,0.48127611230487327,0.024285264894366037,-1.0,1.0,0.006685161621241556,INT_01_GW150914_v4,pre
NG15|J0437-4715|57934.735073064|2116.195|2260,88.62189326970113,0.01680890714795581,0.25414637765919135,0.037011840599508,0.6,0.0036970922690329434,INT_01_GW150914_v4,post
NG15|J1312+0051|58524.341200516|1550.157|632,60.73120276413554,0.19615838953430464,0.05433644303103933,-0.13874551923841222,0.7777777777777778,-0.000516779755252612,INT_02_GW190503_185404_v2,pre
NG15|J1614-2230|56354.396496143|868.663|11638,27.151587552082802,0.43442637293498443,0.09818823630090455,0.4257629869074449,1.0,0.0027383392388402104,INT_01_GW150914_v4,pre
NG15|J1600-3053gbt|57733.561269868|1717.970|7826,68.99994169298922,0.6230119956608409,0.060761989631416886,0.06532119036059754,0.8,0.0024906785248950463,INT_01_GW150914_v4,post
NG15|J1713+0747|57258.001945079|2175.708|17320,91.55430887440916,0.6265766625284115,0.22707773009491278,0.25756303041647555,0.3333333333333333,0.003069982441519418,INT_01_GW150914_v4,pre
NG15|B1937+21gbt|56614.782376988|787.878|13003,23.171025412275736,0.8230073898535364,0.298298699440173,-0.326179458397653,1.0,-0.009354360401421593,INT_01_GW150914_v4,pre
NG15|J0030+0451|57719.038010697|1787.308|17574,72.41646973222848,0.2783817717843572,0.10733350753385303,-0.010152733041056036,0.5555555555555556,-0.0013627239487830425,INT_01_GW150914_v4,post
NG15|J2145-0750|57803.690840776|1492.994|514,57.914579955473144,0.2837479925248334,0.18219458516873877,-0.05383116039598231,0.6666666666666666,-0.004471603671146717,INT_01_GW150914_v4,post
NG15|J1713+0747gbt|58599.333286131|1243.519|4576,45.62206600079878,0.527295229325077,0.17315865303893566,-0.08794886723861232,0.4444444444444444,-0.002151108299776843,INT_02_GW190503_185404_v2,pre
NG15|B1937+21|57508.395852127|2346.426|6800,99.96618740858733,0.6135564899997127,0.3036927527296665,-0.3459176329136031,0.8,0.0005869118076117007,INT_01_GW150914_v4,post
NG15|J0740+6620|58848.700058361|1405.473|1765,53.602111316022075,0.4243366455693147,0.16034270852237292,-0.38293009696107483,0.7777777777777778,-0.0026899640499757614,INT_04_GW191126_115259_v1,post
NG15|J1747-4036|56094.225344269|809.833|8194,24.25282576852335,0.33125496948208744,0.05649828247260802,0.16901009326876454,0.4444444444444444,-0.0013174158094317915,INT_01_GW150914_v4,pre
NG15|J2124-3358|58881.839817479|1605.628|2670,63.46445475964508,0.24978006139289627,0.08713946232029704,0.1582605604854495,0.5,-0.005128216889275187,INT_05_GW200219_094415_v1,pre
NG15|J1719-1438|58364.960359076|1592.765|2188,62.830649340268494,0.13967364017377798,0.029232391019287554,-0.5830833825431655,0.6666666666666666,-0.0013542210121386788,INT_02_GW190503_185404_v2,pre
NG15|J1918-0642|55800.942799383|857.500|16747,26.601547134100922,0.22681591713766258,0.1347602779499777,0.43599328519377256,0.2857142857142857,0.003081995016876463,INT_01_GW150914_v4,pre
NG15|J1713+0747ao|57748.607506603|1271.450|11453,46.998324973713935,0.7466520457484219,0.3377998821170808,0.126824182671261,0.7777777777777778,0.0016290272126770254,INT_01_GW150914_v4,post
NG15|J2302+4442|58135.150758665|828.597|5607,25.177394289800073,0.3442210139041484,0.09070997262502978,0.5234505856614301,0.4444444444444444,0.001559369582165713,INT_02_GW190503_185404_v2,pre
NG15|J1705-1903|57921.147649007|1866.750|5991,76.33085752093372,0.2130141018677685,0.056808660070678314,-0.3198968073002104,0.875,-0.0009202349977953765,INT_01_GW150914_v4,post
NG15|J1832-0836|57647.033829099|909.836|7097,29.18032661233256,0.37870024103125666,0.05732469233685982,-0.0017768920447263465,0.8,0.0008186628542230673,INT_01_GW150914_v4,post
NG15|J1600-3053|57703.785959900|1755.430|8049,70.84572813548688,0.582826502358189,0.14079376656636247,0.65198287253317,0.6666666666666666,-0.002561400977665156,INT_01_GW150914_v4,post
NG15|J1741+1351|57873.284996827|1449.580|2108,55.77541891397306,0.5004236031213956,0.07276855188742722,-1.0,1.0,-0.0030810980031463456,INT_01_GW150914_v4,post
NG15|J0610-2100|58942.903393191|844.201|2637,25.946258455543095,0.2504445956784101,0.06754755492648981,0.05898659421520026,1.0,0.0005298779891376272,INT_05_GW200219_094415_v1,post
NG15|J2010-1323|58544.573290651|772.327|8699,22.40477274363502,0.3963251819001519,0.0659157201097398,-0.3723819492035379,0.6666666666666666,0.0011665868715739363,INT_02_GW190503_185404_v2,pre
NG15|J1719-1438|58161.553876597|891.078|5898,28.25605373223723,0.19669712969996483,0.03027656484814063,-0.6017031822264627,0.6666666666666666,-0.0014542815891592628,INT_02_GW190503_185404_v2,pre
NG15|J1811-2405|58849.804403107|855.937|5078,26.524532606348018,0.3418948123060255,0.018284657019392303,-0.8298406540306078,1.0,0.0005154315809500094,INT_04_GW191126_115259_v1,post
NG15|J1713+0747gbt|58233.379751508|1166.998|4255,41.851606193901745,0.46445227010894485,0.13596851082361908,0.028392108851551717,0.4444444444444444,0.004745074971446282,INT_02_GW190503_185404_v2,pre
NG15|J1713+0747ao|57974.046886860|1686.865|7192,67.4672885351171,0.04598333406344565,0.28013539496957607,0.20482724993437584,0.6,0.0014212361773946476,INT_02_GW190503_185404_v2,pre
NG15|J1918-0642|58160.791279392|1755.421|1696,70.84528467371479,0.22600356257766493,0.09647546426664594,0.03949629795268886,1.0,-7.887279778990116e-05,INT_02_GW190503_185404_v2,pre
NG15|J1600-3053|57906.168915058|3240.592|21926,144.02490284217936,0.18360775768735005,0.10008693488781166,-0.4238903243891424,0.6666666666666666,-0.0008065845890883813,INT_01_GW150914_v4,post
NG15|J0023+0923|57375.930223459|1512.264|11668,58.86408088304735,0.15345451776996405,0.09235650939598276,-0.9813909604787291,1.0,-0.003385696349843003,INT_01_GW150914_v4,post
NG15|J2302+4442|56513.310944832|871.793|6683,27.305813701709546,0.5499469559515424,0.14163705306540458,1.0,0.0,-0.0034500043134348905,INT_01_GW150914_v4,pre
NG15|B1937+21|58397.973645973|866.158|16226,27.028157358851182,0.7299775900484083,0.20427503364728117,-0.06429059844982012,0.6666666666666666,-0.008360387906857902,INT_02_GW190503_185404_v2,pre
NG15|J1012+5307|56387.058836482|912.187|20100,29.29616868190843,0.7335178985087356,0.19448749151718064,0.5601933426620749,0.6666666666666666,-0.0076660922703427345,INT_01_GW150914_v4,pre
NG15|J0340+4130|58272.838199375|912.992|9330,29.335833873745337,0.26734335045959573,0.03688616554654743,0.46120810090248593,0.42857142857142855,0.0003912605244613938,INT_02_GW190503_185404_v2,pre
NG15|J1713+0747|58753.865787620|1737.132|950,69.94412107929836,0.6874628296950306,0.22120915989367806,-0.15112649822820445,1.0,0.0020558959581110712,INT_04_GW191126_115259_v1,pre
NG15|J1643-1224gbt|57978.966658253|847.901|10616,26.128570517402174,0.48210198071369204,0.04869592309604387,-0.6923112879744,1.0,-0.0018724582146818192,INT_02_GW190503_185404_v2,pre
NG15|B1937+21gbt|57012.717406668|887.978|14264,28.103305788517456,0.7978465534434114,0.2813619638615418,0.40407690034178534,0.2,-0.00875796467505444,INT_01_GW150914_v4,pre
NG15|B1937+21gbt|56790.374683063|1380.669|5811,52.37993067214296,0.8074962909472283,0.02427167066956813,-1.0,1.0,0.0005509872109176943,INT_01_GW150914_v4,pre
NG15|B1937+21|56465.303503572|1436.772|1452,55.14432353875924,0.7300267825062995,0.11964708964387645,-0.8027241793645049,0.5,-0.0022058274243170833,INT_01_GW150914_v4,pre
NG15|J1012+5307|54101.424802755|1372.000|1405,51.952778438560145,0.5798224588816727,0.05191896779774064,-1.0,1.0,-0.04258978845662868,INT_01_GW150914_v4,pre
NG15|J2145-0750|56249.886633482|812.187|12468,24.368815658689922,0.31971556677021956,0.19511104219672132,-0.9257072112853749,1.0,0.009414583205876832,INT_01_GW150914_v4,pre
NG15|J1713+0747|55616.288556368|1642.992|32279,65.30551094324045,0.6791391815058376,0.1300761399840902,-0.10577185280685637,0.5,0.003218969367401012,INT_01_GW150914_v4,pre
NG15|J1946+3417|59026.257331756|1224.060|1679,44.66325237601068,0.4699136703448188,0.10710911259279214,-1.0,1.0,-0.004839190904471494,INT_05_GW200219_094415_v1,post
NG15|J1713+0747|57581.111557923|1487.301|10479,57.63406574786132,0.7324133137738205,0.17064160814520166,-0.2695384512094837,0.8888888888888888,0.0004790410405246127,INT_01_GW150914_v4,post
NG15|J1909-3744gbt|57330.856493787|1318.466|3061,49.31496927111034,0.46153819840508553,0.08425894955847703,-0.4640237612613709,0.7777777777777778,-0.0010654981076255122,INT_01_GW150914_v4,post
NG15|J1614-2230|55826.778933100|1167.232|7545,41.863136199976076,0.4148684189748171,0.0935768711944991,1.0,0.0,-0.005713602614913625,INT_01_GW150914_v4,pre
NG15|J1909-3744|56066.354417444|1592.834|10268,62.83404921385451,0.3054975858191752,0.17603733364092763,-0.5825303984459992,1.0,-0.0017767617740058676,INT_01_GW150914_v4,pre
NG15|J1832-0836|56707.627209049|1280.534|64,47.44592572234311,0.3718385950281363,0.056316357307473836,-0.9443306545749167,1.0,-0.0003196758675625798,INT_01_GW150914_v4,pre
NG15|J2033+1734|57019.797658987|437.812|577,5.922037778015629,0.5789914646014118,0.1264139796816862,-1.0,1.0,-0.00418320893236604,INT_01_GW150914_v4,pre
NG15|J2234+0944|57978.236728690|1777.916|6972,71.95369273628779,0.2356951693166906,0.13978093892353538,-0.15636532985662252,0.6,-0.005335020386816099,INT_02_GW190503_185404_v2,pre
NG15|J1741+1351|56949.830677218|436.250|681,5.845072523792956,0.6594697054179319,0.020637778718521065,1.0,0.0,-0.0008240494757685941,INT_01_GW150914_v4,pre
NG15|J0406+3039|57957.531296543|1777.376|2176,71.92708502996241,0.3044220312843836,0.07539122926082677,0.27503182479753874,0.6666666666666666,-0.003084754605585061,INT_02_GW190503_185404_v2,pre
NG15|J0740+6620|57334.503682161|1318.224|1809,49.303045076794156,0.2758574701109921,0.16243703667338064,-0.40715865083970193,1.0,-0.005197347150803564,INT_01_GW150914_v4,post
NG15|J1713+0747|55305.139823227|1643.014|28949,65.30659496090556,0.2914799750530723,0.15543586965347606,0.30106974485020704,0.5,-0.006050452825841517,INT_01_GW150914_v4,pre
NG15|J1730-2304|57922.208546318|862.187|2649,26.832492170299176,0.5360054884246447,0.14841605076906703,-0.05839583736622286,0.5555555555555556,-0.010569697979088181,INT_01_GW150914_v4,post
NG15|J1713+0747ao|57265.988841210|2187.486|16264,92.13465251348383,0.5395012264654095,0.16311030309593447,0.10538202895082324,0.4,-0.005178802475674989,INT_01_GW150914_v4,pre
NG15|J2043+1711|56058.450053196|1362.393|4869,51.479407633619545,0.4375554928532314,0.06700129822019442,-0.0591715398317549,0.6666666666666666,0.0028163015189425237,INT_01_GW150914_v4,pre
NG15|J2124-3358|58517.803602542|1655.519|397,65.92276045645903,0.6608871805604154,0.12517788410062702,-0.008196130785269097,0.5,0.0012435787959435476,INT_02_GW190503_185404_v2,pre
NG15|J1713+0747gbt|56550.802011940|762.969|25915,21.943671047722237,0.5538466642200217,0.17423078564188937,0.34549548570553257,0.5555555555555556,0.00020700177921464892,INT_01_GW150914_v4,pre
NG15|J2033+1734|57250.177946951|1712.269|2786,68.71903329713554,0.19676117290895997,0.1799891050376895,-1.0,1.0,-0.006207198754554459,INT_01_GW150914_v4,pre
NG15|J1643-1224|58517.439832549|1281.875|5945,47.512001526384466,0.5249145232396343,0.12454680624703872,-0.5391826973731924,0.8,-0.002710096794499609,INT_02_GW190503_185404_v2,pre
NG15|J1719-1438|58826.678156554|787.962|2898,23.175164388815237,0.20676248335737546,0.02608801283775704,-0.9913301388310088,1.0,-0.0006911710007086192,INT_04_GW191126_115259_v1,post
NG15|B1855+09|59030.249777439|1549.795|4235,60.7133657461915,0.5104458299035322,0.14812086232635704,0.20002449703224162,0.6666666666666666,0.0011327447696990686,INT_05_GW200219_094415_v1,post
NG15|J1713+0747|58567.417186771|2086.814|19649,87.17418767794929,0.6076376854037924,0.1809646675315721,-0.1723768122886409,0.5555555555555556,0.003260093635935747,INT_02_GW190503_185404_v2,pre
NG15|J2033+1734|56843.278440420|1374.176|853,52.05999764034538,0.4232561602511902,0.14100936868164196,0.08031329910382129,0.6666666666666666,-0.004886984936783108,INT_01_GW150914_v4,pre
NG15|J1909-3744gbt|57288.015638457|1317.530|15375,49.268849246813026,0.6190334905199844,0.08674920748896596,-0.420446163318086,0.875,-0.00207276985260186,INT_01_GW150914_v4,post
NG15|J1946+3417|58508.661556594|1387.519|1070,52.71745435423343,0.47974424279739886,0.0804656588488192,0.00505853764340002,0.6666666666666666,-0.0035807775378743634,INT_02_GW190503_185404_v2,pre
NG15|J0740+6620|58636.255440724|1854.161|5599,75.71055304884074,0.2581253147651656,0.11688892017453814,0.1256508284715434,0.6666666666666666,-0.0031933927526029307,INT_02_GW190503_185404_v2,post
NG15|B1937+21|56354.456294693|903.601|17165,28.873106151334884,0.7466538230144303,0.13730765786188392,-0.9171939567445393,0.5,-0.0066392478506339435,INT_01_GW150914_v4,pre
NG15|J2043+1711|56549.097699015|440.937|173,6.076017559991208,0.5435584011949739,0.08002141107603754,-0.2535715095718855,0.6666666666666666,-0.00209907468969283,INT_01_GW150914_v4,pre
NG15|J0645+5158|55919.432878118|791.075|7096,23.32855288842803,0.38460229362089043,0.14942248930960936,-0.9724443977460048,1.0,-0.003873580133685068,INT_01_GW150914_v4,pre
NG15|J1909-3744gbt|57201.272719750|1430.560|15212,54.838236368956906,0.548675404480234,0.0744544876219577,-0.47243234887302465,0.8571428571428571,-0.003929480250372233,INT_01_GW150914_v4,pre
NG15|J1600-3053|56235.755427852|1705.128|6479,68.3671710177475,0.5743922419933726,0.06559943862499514,0.0029406944985473503,0.5,0.0025494106625263916,INT_01_GW150914_v4,pre
NG15|J1125+7819|56922.862986794|1755.485|566,70.84843817964965,0.28274468804338104,0.04534740340359544,-0.9999999999999999,1.0,-0.001200669569451629,INT_01_GW150914_v4,pre
NG15|J2234+0611|56668.805319010|1461.714|2527,56.3733039298104,0.7183864197253051,0.07540944871540015,-0.9999999999999999,1.0,0.0033944152643614893,INT_01_GW150914_v4,pre
NG15|J1713+0747gbt|57813.506920288|1867.092|5449,76.34770906827312,0.5027575339099917,0.11018002973330562,-0.4101352749301355,0.75,0.0013785409802454282,INT_01_GW150914_v4,post
NG15|J1713+0747gbt|58340.044409129|1693.901|10255,67.81397709383076,0.490761775273997,0.07459777237649988,-0.21935228288928035,0.5555555555555556,0.0016175279825257028,INT_02_GW190503_185404_v2,pre
NG15|J1713+0747gbt|56877.209804827|1767.976|10317,71.46391384577987,0.6847318332276107,0.16998445292210718,-0.5673327105413951,0.6666666666666666,0.005796354882176624,INT_01_GW150914_v4,pre
NG15|B1937+21gbt|56606.828609015|1405.483|3882,53.6026040513244,0.8401864573096727,0.298298699440173,-0.326179458397653,1.0,-0.009354360401421593,INT_01_GW150914_v4,pre
NG15|J1024-0719|58396.492851788|1755.456|1347,70.84700924727291,0.4710956624545373,0.1345313788136106,-0.7658199643415808,0.6666666666666666,0.0074562931058518135,INT_02_GW190503_185404_v2,pre
NG15|J0636+5128|58728.389707077|1518.619|10338,59.177214167672886,0.13757535923390757,0.0477335375641673,0.13626224865966377,0.8888888888888888,-0.0012971217778852454,INT_03_GW190728_064510_v2,post
NG15|J1713+0747|55800.770161742|791.074|49043,23.328503614897794,0.7587729044286734,0.10530480222617125,0.14832218046565526,0.7142857142857143,0.003185452733038909,INT_01_GW150914_v4,pre
NG15|J1747-4036|57011.661825937|1667.974|2979,66.5364622755009,0.20332382115577158,0.056939224069662356,-1.0,1.0,-0.0029195731595362292,INT_01_GW150914_v4,pre
NG15|J1802-2124|58243.447239499|831.725|3824,25.33152189236635,0.2969026593187179,0.03907113997665752,-0.5068962157153101,0.8,0.0009180741957983465,INT_02_GW190503_185404_v2,pre
NG15|J1910+1256|57523.316334887|1338.570|2583,50.30556432289819,0.6607569627628562,0.14867674378622162,-0.4677810396298741,0.5,-0.006301621214789872,INT_01_GW150914_v4,post
NG15|J2317+1439|56399.594183231|1374.179|11907,52.060145460936084,0.316259038952699,0.14025775934580004,-0.03417657209844057,0.7142857142857143,-0.003736171577418703,INT_01_GW150914_v4,pre
NG15|B1937+21|57752.708980034|2186.810|5570,92.10134360704687,0.6938742875698933,0.14606497290197226,0.41110441657146135,0.6666666666666666,-0.004965636701273693,INT_01_GW150914_v4,post
NG15|J1909-3744|55365.242872986|1605.200|15497,63.44336568870571,0.5276254539896627,0.13928213554433239,-0.37586758372249107,0.7142857142857143,-0.0034275078838359938,INT_01_GW150914_v4,pre
NG15|J1600-3053gbt|55800.859994020|897.351|18127,28.56514658738373,0.46349239027531935,0.09826061482429996,0.2947862964348011,0.5,0.0032644692217336903,INT_01_GW150914_v4,pre
NG15|J1744-1134|56387.384844123|853.612|17102,26.409971648558184,0.7565571460570992,0.12317643143452958,0.4468349229253931,0.5,0.0037194792358437637,INT_01_GW150914_v4,pre
NG15|J1640+2224|53448.355152404|436.000|41,5.8327541412349095,0.6638588995785941,0.16116620151667188,-0.6898731759631157,0.6666666666666666,-0.003637355931139253,INT_01_GW150914_v4,pre
NG15|J1713+0747gbt|55828.709242574|866.875|32428,27.063486480027656,0.7615592408761342,0.13062232175397095,-0.174410909989122,0.625,0.0014726341728590246,INT_01_GW150914_v4,pre
NG15|J1832-0836|57579.264327123|1730.533|4538,69.61896505329615,0.4479843153476575,0.042857898924349526,-0.5841600877398774,0.5,0.0016693074619716713,INT_01_GW150914_v4,post
NG15|J1944+0907|54505.660089634|432.000|38,5.635660020306169,0.7133862013745714,0.1633745330514473,-0.4222843700525115,0.6666666666666666,-0.004774896999702846,INT_01_GW150914_v4,pre
NG15|J1713+0747|56828.110131522|1591.669|45009,62.77664555113402,0.667292374421881,0.21318058215084104,-0.21527958758455107,0.6666666666666666,0.002419238197955018,INT_01_GW150914_v4,pre
NG15|J1909-3744|57563.255114049|1532.812|14947,59.87655338225829,0.3879202031823433,0.17366177469484204,-0.5919834747028162,0.8888888888888888,-0.00011221137500338255,INT_01_GW150914_v4,post
NG15|J1012+5307|58605.748865771|872.349|20809,27.33320978451864,0.3258125779263348,0.20405896676291604,-0.2737663795430148,0.5,-0.0028986274012723326,INT_02_GW190503_185404_v2,pre
NG15|J2124-3358|58516.782684951|838.044|3186,25.642881329903528,0.3736412996901449,0.12517788410062702,-0.008196130785269097,0.5,0.0012435787959435476,INT_02_GW190503_185404_v2,pre
NG15|J0030+0451|57913.478299007|1662.326|16119,66.25816537674952,0.3836477745626718,0.14662571359135365,-0.032462798411898114,0.7777777777777778,-0.002728124455148156,INT_01_GW150914_v4,post
NG15|J1705-1903|58137.657593045|1613.263|2005,63.84065816296781,0.2898844455656022,0.06468081368439008,-0.23907587230751565,0.7777777777777778,0.00247829467032331,INT_02_GW190503_185404_v2,pre
NG15|J1125+7819|58541.896511467|1330.582|213,49.911967363403505,0.42646159092710134,0.09548522130769015,-0.6591199876027161,0.75,-0.004362117148294689,INT_02_GW190503_185404_v2,pre
NG15|J1909-3744gbt|54796.757875832|1416.000|156,54.120813768776294,0.3948586326161959,0.08138173218992509,1.0,0.0,-0.0053345576911874104,INT_01_GW150914_v4,pre
NG15|J1012+5307|57886.777753053|725.475|21578,20.096209305196687,0.28856045864666446,0.1513734384159893,0.21283902825002568,0.5,-0.00212908054662696,INT_01_GW150914_v4,post
NG15|J1910+1256|56417.392281947|1387.682|730,52.725485939661276,0.5665656550523934,0.05942424583253029,0.10879122398833382,0.5,-0.0015048838516189273,INT_01_GW150914_v4,pre
NG15|J1713+0747|54973.146331090|840.000|45893,25.739260355037683,0.24832032366131143,0.12288210541438614,-0.19825923151272715,0.5,-0.0069506935607735985,INT_01_GW150914_v4,pre
NG15|J1713+0747|58746.902261738|2388.444|19501,102.03656260188328,0.6970903546651291,0.25012298409359995,0.04861220329960531,0.8888888888888888,0.0025720068824471947,INT_03_GW190728_064510_v2,post
NG15|J1909-3744|57818.554220876|1607.126|15117,63.538266507932896,0.6561206839279062,0.1606407940235681,-0.03600917999003591,0.6666666666666666,-0.0031277696234604697,INT_01_GW150914_v4,post
NG15|J1012+5307|56765.914504777|866.076|19480,27.024116929372145,0.49452248237942553,0.1391987735032724,0.7615405011324488,0.75,0.0008088766240650757,INT_01_GW150914_v4,pre
NG15|J1909-3744gbt|55976.635867842|844.213|30563,25.94684973790588,0.5833403654968102,0.1099366293793147,-0.19167050170842076,0.4444444444444444,-0.0032051743444171128,INT_01_GW150914_v4,pre
NG15|J0645+5158|58699.494295575|831.716|10294,25.331078430594264,0.24073483627850825,0.1294915049179181,-1.0,1.0,0.003378435573015019,INT_03_GW190728_064510_v2,post
NG15|B1855+09|57375.716524495|1598.990|3064,63.13737706596384,0.43630066211557017,0.11166003410998177,0.5694583246018057,0.5555555555555556,0.0016085503874668542,INT_01_GW150914_v4,post
NG15|J1312+0051|57871.136950347|1311.681|83,48.98064836848498,0.33930116349732903,0.04687882360731584,-0.4452488326789835,0.6666666666666666,-0.0005748734242702637,INT_01_GW150914_v4,post
NG15|J1600-3053|56333.602447530|750.493|11354,21.328934484545496,0.4354660349821373,0.08348039184721191,0.03299035221867212,0.5714285714285714,0.0035806562158264346,INT_01_GW150914_v4,pre
NG15|J1713+0747|56669.743034385|1530.073|37798,59.74159318295234,0.7778298439686757,0.1389328376544005,-0.033322004873967984,0.5555555555555556,0.006200011206796173,INT_01_GW150914_v4,pre
NG15|J1713+0747gbt|55731.019136901|1355.448|11123,51.13720296615703,0.7612224816085915,0.13956223382188704,-0.42628234404885684,0.8,0.00029600813980848,INT_01_GW150914_v4,pre
NG15|J1600-3053gbt|56763.410036942|825.464|13489,25.023020319582642,0.4874225022736669,0.10575938034772335,-0.08565980200297102,0.4444444444444444,0.0024746280439938754,INT_01_GW150914_v4,pre
NG15|J0406+3039|57774.016217310|1750.015|1495,70.5789119692796,0.4296042537463918,0.023039228882413682,-0.7849537525334316,1.0,0.001909239130230563,INT_01_GW150914_v4,post
NG15|J1909-3744|57717.908987046|1817.759|1956,73.91689800132873,0.6653654067617408,0.14420677058414436,-0.5872669881594921,0.6666666666666666,-0.0001297113732485691,INT_01_GW150914_v4,post
NG15|B1937+21|58528.576795202|1550.059|1541,60.72637395817279,0.4848381986751188,0.19721530658434439,0.16654540144834945,0.6666666666666666,-0.004851553050219061,INT_02_GW190503_185404_v2,pre
NG15|J1918-0642|55617.445359087|800.593|15372,23.797538349177962,0.3155727622964813,0.13136929459037247,0.36368578536419466,0.8,-0.0009745939901006448,INT_01_GW150914_v4,pre
NG15|J1012+5307|56823.791117326|872.301|23305,27.330844655067494,0.3989677663619711,0.1391987735032724,0.7615405011324488,0.75,0.0008088766240650757,INT_01_GW150914_v4,pre
NG15|J1713+0747|58188.420986733|793.437|46312,23.44493696683645,0.8159299398848984,0.18400084908744024,0.26313459766009184,0.4444444444444444,0.001257359439548546,INT_02_GW190503_185404_v2,pre
NG15|J1911+1347|57705.871861539|1236.788|2574,45.290405868805934,0.6248894502906144,0.12535819298566703,-0.0006770148597736325,0.3333333333333333,0.0043352388135166125,INT_01_GW150914_v4,post
NG15|J2214+3000|56640.854206762|1849.792|7036,75.49527699525632,0.27608475916475694,0.04919826637349055,-0.14383814871924389,1.0,-0.0006292430889929069,INT_01_GW150914_v4,pre
NG15|J1713+0747gbt|58187.428178039|1605.267|3109,63.44666701523126,0.8093137660726026,0.14966377654426608,-0.1402029855396889,0.5555555555555556,0.004744072227644442,INT_02_GW190503_185404_v2,pre
NG15|J1832-0836|57306.957673720|1582.180|1720,62.309089022760816,0.3898316796004707,0.07304198084076823,-0.27575162420982846,0.7777777777777778,0.0026630511874547167,INT_01_GW150914_v4,post
NG15|J0636+5128|57130.959341823|831.718|15996,25.331176977654724,0.2328198319307918,0.0474597663221423,0.11065320057261736,0.4444444444444444,0.0001660753038213356,INT_01_GW150914_v4,pre
NG15|J1738+0333|57292.895214845|1211.916|2847,44.064874624871024,0.3949318094224157,0.06953298730070434,-0.740399620130572,1.0,-0.0025903896903091794,INT_01_GW150914_v4,post
NG15|J1909-3744gbt|55492.838756078|1168.088|4546,41.90531434185482,0.48548551646961025,0.0803688452316789,-0.026463092312302747,1.0,-0.001971600792642479,INT_01_GW150914_v4,pre
NG15|J2145-0750|55893.761670665|753.581|10813,21.481091145902482,0.608931434067811,0.16824154313884118,-0.9868319071345723,1.0,-0.0002602049994389452,INT_01_GW150914_v4,pre
NG15|J1918-0642|56828.324464947|1217.962|4807,44.36278238865482,0.3761622083717346,0.0753628509601307,0.7697913321107264,0.5,-0.0021256846086298207,INT_01_GW150914_v4,pre
NG15|J1909-3744gbt|57730.734096683|1166.339|1744,41.81913493747873,0.42208411539526786,0.16624406390245663,-0.18041277605161707,0.7777777777777778,-0.0013412407277053515,INT_01_GW150914_v4,post
NG15|J1600-3053gbt|57646.891735721|809.826|14085,24.252480853811733,0.4788606764871674,0.05954637323211752,0.20265514428236336,0.8333333333333334,0.0016438117643225365,INT_01_GW150914_v4,post
NG15|J1909-3744|57920.278390484|2028.977|33137,84.32435450991042,0.48030563799484877,0.14423223077037825,-0.129173335613426,0.5555555555555556,-0.0031447315428181633,INT_01_GW150914_v4,post
NG15|J1747-4036|56332.570859902|1668.093|3162,66.54232582559852,0.2802085633840858,0.04980937787882925,-0.2020351793319943,0.6666666666666666,-0.0014397237249465214,INT_01_GW150914_v4,pre
NG15|J2317+1439|57344.015870685|437.812|2753,5.922037778015629,0.6388407453064885,0.1677969292576819,-0.21419657514750484,0.625,-0.004243258311769432,INT_01_GW150914_v4,post
NG15|J0437-4715|57258.555502319|2006.748|247,83.22905320637916,0.5454945825740957,0.2719960960067322,-0.4904012937019226,0.5,-0.013451231851679318,INT_01_GW150914_v4,pre
NG15|J1923+2515|57185.245436913|1699.701|3856,68.09976356917743,0.437585520037942,0.08865401937128803,0.8679781011816714,0.0,0.0005054911713401406,INT_01_GW150914_v4,pre
NG15|J1744-1134|58461.707911317|787.980|14934,23.176051312359416,0.7712194570275039,0.12062237540290728,1.0,0.0,-0.0043268990517960045,INT_02_GW190503_185404_v2,pre
NG15|J1713+0747gbt|55004.049613470|880.000|24328,27.710201564325086,0.7761220359961049,0.14186348543281208,-0.7358569143723613,1.0,0.004559859610096582,INT_01_GW150914_v4,pre
NG15|J0645+5158|56726.919324634|1755.356|2293,70.84208189424969,0.30489207026924336,0.09531602709428401,0.9053796528427205,0.3333333333333333,-0.005159442968973924,INT_01_GW150914_v4,pre
NG15|J1713+0747ao|58762.865869357|1550.365|10903,60.74145165842384,0.6013271489530516,0.2557592878393835,-0.07098544414129855,0.8888888888888888,-0.004365377834449955,INT_04_GW191126_115259_v1,pre
NG15|J1909-3744|57563.244186508|1705.496|14904,68.38530367687295,0.7583548696325578,0.17366177469484204,-0.5919834747028162,0.8888888888888888,-0.00011221137500338255,INT_01_GW150914_v4,post
NG15|J1713+0747ao|56165.992133130|1251.376|1186,46.009208127833055,0.7541060317661743,0.1701455039473475,-0.7514064931247859,1.0,0.007952817714982317,INT_01_GW150914_v4,pre
NG15|J1713+0747ao|58545.435213302|1388.462|4951,52.76391929324238,0.4445855815953448,0.25003728903572064,-0.04531544814755983,0.5555555555555556,0.004679916630955219,INT_02_GW190503_185404_v2,pre
NG15|J0636+5128|56851.644337632|728.599|28409,20.250139813642033,0.31310802999242066,0.08368721762847744,-0.2818249929892404,0.6666666666666666,-0.0011048086298028144,INT_01_GW150914_v4,pre
NG15|J0636+5128|57977.836807035|1493.011|12865,57.91541760548709,0.27812541011820324,0.0904167536938626,0.11053567237473295,0.7777777777777778,-0.0020886437947225376,INT_02_GW190503_185404_v2,pre
NG15|J1738+0333|57564.164589787|2174.646|8596,91.50198038530259,0.2146583390845483,0.17259911590533966,0.9381950592610167,0.5,-0.003281799569763903,INT_01_GW150914_v4,post
NG15|J0613-0200|58135.234397747|809.836|10834,24.252973589114053,0.5558276783753018,0.025338618882035174,1.0,0.0,-0.00033366002926224535,INT_02_GW190503_185404_v2,pre
NG15|J2124-3358|57743.955015384|1780.470|1346,72.07953733250078,0.2777913318320438,0.10106982358804718,-0.1448213149236739,0.5555555555555556,-0.000901697163893299,INT_01_GW150914_v4,post
NG15|J0636+5128|57794.948028887|900.463|29407,28.718485813466287,0.23967700328706557,0.10204807385413203,-0.03061401724085834,0.6666666666666666,-0.0034521070585903937,INT_01_GW150914_v4,post
NG15|J1713+0747gbt|57978.106717064|1244.012|13086,45.64635785120324,0.6941062270590473,0.15813651950993823,-0.0372860111412699,0.75,0.000873678364948535,INT_02_GW190503_185404_v2,pre
NG15|J0645+5158|58210.119552312|784.837|9410,23.021184606839658,0.6270334364130333,0.09624806029813512,-1.0,1.0,-0.004027412434222406,INT_02_GW190503_185404_v2,pre
NG15|J2145-0750|53859.352041630|808.000|9640,24.16250738760776,0.7942318646463656,0.1622620825004994,-0.6729162138687537,0.8888888888888888,-0.0009948874647007597,INT_01_GW150914_v4,pre
NG15|J1022+1001|57956.822226369|1154.318|994,41.22681783055763,0.24098752135030052,0.1356888132269987,0.11323917875388953,1.0,0.0044216060662576875,INT_02_GW190503_185404_v2,pre
NG15|J2214+3000|56669.758329450|1323.557|3353,49.56582081352241,0.21584156458706913,0.05297132613369384,-1.0,1.0,-0.0013373142762112922,INT_01_GW150914_v4,pre
NG15|J1909-3744gbt|53839.359079525|852.000|21707,26.330542717823903,0.5267076016569371,0.1305509257848965,1.0,0.0,-0.08680137598319064,INT_01_GW150914_v4,pre
NG15|J0740+6620|57948.882920439|1594.180|7997,62.90037138554703,0.2745893959410674,0.09334503834779538,-0.2359172114735027,0.3333333333333333,-0.00507592049051688,INT_02_GW190503_185404_v2,pre
NG15|J1918-0642|56850.203394798|1168.480|8843,41.924629565705835,0.5570662591815008,0.0753628509601307,0.7697913321107264,0.5,-0.0021256846086298207,INT_01_GW150914_v4,pre
NG15|J1832-0836|56643.758572574|1367.302|4464,51.72129139352934,0.2152292518764784,0.06440992100423648,-0.683733389291854,1.0,-0.0009055873667027889,INT_01_GW150914_v4,pre
NG15|J0030+0451|57115.662925444|1486.699|9585,57.60440308266155,0.4340878029432138,0.15192586073488165,-0.17481236902586644,0.5,-0.0027080718155633697,INT_01_GW150914_v4,pre
NG15|J1744-1134|57012.669743267|831.726|11554,25.33157116589658,0.7540488616610223,0.17856645392015055,-0.687884487542965,0.75,-0.0004464232762712653,INT_01_GW150914_v4,pre
NG15|J1713+0747gbt|55463.739423712|1217.928|3466,44.36110708862693,0.4655592178698661,0.08516167676009752,-0.4760535485680263,1.0,-0.0014365766952103127,INT_01_GW150914_v4,pre
NG15|J1643-1224|58649.377685588|2249.050|21209,95.16812812869809,0.2977493021384321,0.1666736028883201,-0.27006085922933926,0.5555555555555556,-0.0027050743876970754,INT_02_GW190503_185404_v2,post
NG15|J1713+0747ao|57347.709330871|1610.921|7885,63.72525955516404,0.5513609050278953,0.1484163393763397,0.08342064504091332,0.5,-0.005248366346754938,INT_01_GW150914_v4,post
NG15|J0645+5158|58300.979331171|1730.538|5016,69.61921142094732,0.462984330389808,0.12887217418672048,0.12460360693259118,0.4444444444444444,-0.0007155540041551217,INT_02_GW190503_185404_v2,pre
NG15|J1125+7819|58040.566623627|769.132|8197,22.24734381454319,0.3850925279993769,0.08086356572667036,-0.420069695574823,1.0,0.002511712239032216,INT_02_GW190503_185404_v2,pre
NG15|J1713+0747|56537.947275557|2336.182|17821,99.46142936488882,0.723904794620996,0.17857313269418357,-0.18223768249029884,0.6666666666666666,0.0005849440193364944,INT_01_GW150914_v4,pre
NG15|J1909-3744gbt|54373.911256084|836.000|21703,25.542166234108944,0.2748646778746488,0.14599962274220576,-0.012835526847436213,0.5555555555555556,-0.0026144135388814264,INT_01_GW150914_v4,pre
NG15|J1713+0747|57800.465044348|1323.477|6195,49.561878931103834,0.8571917269866434,0.18626603478459197,0.3799647597078231,0.5555555555555556,-0.004105511631825589,INT_01_GW150914_v4,post
NG15|J1713+0747ao|57375.646391362|1338.410|6158,50.29768055806105,0.8483843468669583,0.11880797681424894,-0.23210502698493227,0.5714285714285714,-0.002359781470140066,INT_01_GW150914_v4,post
NG15|J1713+0747|57922.126252500|881.694|47096,27.793670924538407,0.42941670278220906,0.15343006832438655,-0.44608135224473355,0.6666666666666666,-3.46929490963401e-05,INT_01_GW150914_v4,post
NG15|J1738+0333|56467.178312245|1812.310|7477,73.64840653509356,0.3891505738817838,0.10075774015572075,-0.1509482598308225,0.5555555555555556,-4.0742416604316004e-05,INT_01_GW150914_v4,pre
NG15|J0613-0200|57371.275691805|1355.458|4199,51.13769570145934,0.6138082600927605,0.04537672329953166,-0.6658900603806926,0.6666666666666666,-0.0021064070914886823,INT_01_GW150914_v4,post
NG15|B1855+09|58642.262412208|1649.781|7160,65.64002893998675,0.5714288619817114,0.09058843747372071,-1.0,1.0,-0.00019040424600538702,INT_02_GW190503_185404_v2,post
NG15|J1903+0327ao|56367.471414135|1871.826|6068,76.58096996039228,0.23356927397127145,0.08331109492822751,0.2802533445235276,0.3333333333333333,-0.0007939151596162643,INT_01_GW150914_v4,pre
NG15|J0636+5128|58671.564384223|728.590|21744,20.249696351869947,0.15276637884067626,0.06534076385555099,-0.15483487012986552,0.6666666666666666,-0.0013340405932505178,INT_03_GW190728_064510_v2,pre
NG15|B1937+21|58691.166607097|1712.278|2965,68.71947675890763,2.2102703948738696e-05,0.24000229315364205,0.16851280662126986,0.75,-0.0029443308194094567,INT_03_GW190728_064510_v2,pre
NG15|B1937+21|56792.317226518|831.704|22896,25.330487148231473,0.8250881830924771,0.023782729609747134,0.21136095901589863,0.75,-0.0009688303662553282,INT_01_GW150914_v4,pre
NG15|J1713+0747|57330.838008164|1755.436|26967,70.84602377666826,0.5834573820765384,0.21043480538810158,-0.11636855359021127,0.6666666666666666,0.005436226091273908,INT_01_GW150914_v4,post
NG15|J2124-3358|58160.816629056|1767.965|1178,71.4633718369473,0.2563212489626298,0.11496472777030783,-0.31332030953247436,0.6666666666666666,-0.004201764178641461,INT_02_GW190503_185404_v2,pre
NG15|J1600-3053|54707.841266018|860.000|10766,26.724730959681384,0.5411946391940218,0.04705815941593627,-0.9685857003887492,1.0,-0.0033388896941408284,INT_01_GW150914_v4,pre
NG15|J2010-1323|57011.794144835|1271.000|1460,46.97615188510945,0.3622645118657677,0.07155140122838144,-0.5661135329296763,0.8,0.00130751800906375,INT_01_GW150914_v4,pre
NG15|J2317+1439|58822.951371781|1212.985|7658,44.117548028689235,0.2359065557128649,0.14542912861730248,-0.47747003170141344,0.6,-0.0009960630145229013,INT_04_GW191126_115259_v1,post
NG15|J1713+0747ao|53628.914392823|1398.000|53,53.23389022459696,0.7147970288213019,0.14392536802584235,-1.0,1.0,0.004470734676864859,INT_01_GW150914_v4,pre
NG15|J1909-3744gbt|55542.778157642|775.476|26496,22.55993509033617,0.43443885194557996,0.09603503539572165,-0.6401009267964431,1.0,0.0011916543079971806,INT_01_GW150914_v4,pre
NG15|J2145-0750|56487.265407974|1679.519|2431,67.10532518203148,0.4759106531572574,0.2255502396926101,0.47921402360219567,0.375,-0.0039783955348921185,INT_01_GW150914_v4,pre
NG15|J2229+2643|58978.507676125|1287.346|2082,47.78157701028475,0.4840217480759063,0.08648673391815694,0.9926296945663207,0.0,0.003364210829971235,INT_05_GW200219_094415_v1,post
NG15|J1614-2230|55268.433887744|1405.327|10433,53.59491738060817,0.5045106290265311,0.07880427639444344,-0.12338928513165966,0.5555555555555556,0.00032258117141366577,INT_01_GW150914_v4,pre
NG15|J0406+3039|58566.859831456|1674.790|1312,66.87231065756346,0.3503151842430573,0.07539122926082677,0.27503182479753874,0.6666666666666666,-0.003084754605585061,INT_02_GW190503_185404_v2,pre
NG15|J1909-3744|58002.127420056|1493.002|6518,57.914974143715,0.5014264482139715,0.1198831745430324,-0.24389961920204611,0.6666666666666666,-0.0036704174726266106,INT_02_GW190503_185404_v2,pre
NG15|J1012+5307|57458.152078634|906.708|22319,29.026199009766284,0.5674094155502821,0.11915983368168248,-0.1941681619264138,0.7777777777777778,-0.0012915276507650686,INT_01_GW150914_v4,post
NG15|J1909-3744|55766.081543538|812.187|31192,24.368815658689922,0.7760227675096998,0.18379933718539535,0.06308779678880315,0.4,0.002876213874538203,INT_01_GW150914_v4,pre
NG15|J1012+5307|55799.742313161|1716.464|5155,68.92573575645955,0.4838247843707018,0.12802673054074007,-0.3149944285603442,0.8,-0.002608087073492726,INT_01_GW150914_v4,pre
NG15|J1713+0747|57901.203421911|1799.799|17156,73.0319453983587,0.7691888806303593,0.188090510342744,-0.14506246375418422,0.7777777777777778,-0.0015677772982741931,INT_01_GW150914_v4,post
NG15|J2322+2057|58565.691577113|1637.996|2605,65.05934038620046,0.2726954384613128,0.1860431884420508,-1.0,1.0,-0.006121577765986856,INT_02_GW190503_185404_v2,pre
NG15|J1751-2857|58160.670279097|1530.349|259,59.75519267729642,0.2670998787852265,0.041886443189706184,-0.5033283146112273,0.6666666666666666,-4.646937209402548e-05,INT_02_GW190503_185404_v2,pre
NG15|J1713+0747ao|57548.187331444|1400.141|2911,53.33938485282407,0.23332917308826054,0.27972882706129626,-0.6305508028535464,0.7142857142857143,-0.00031574712042626175,INT_01_GW150914_v4,post
NG15|B1937+21|56584.830378661|1442.398|13178,55.42153641984551,0.8060717067858554,0.06532591897890502,-0.7052749610266839,0.5,0.007415606685692808,INT_01_GW150914_v4,pre
NG15|J1705-1903|58070.872311863|766.070|9247,22.09646826497224,0.22470228036718415,0.06338120230616899,-0.08065789044172485,0.6666666666666666,0.001020903058508942,INT_02_GW190503_185404_v2,pre
NG15|J1944+0907|58776.924422811|1499.096|5032,58.21524703694994,0.44446698306983823,0.16686790774878754,0.6038357114328771,0.5,-0.02729676534927069,INT_04_GW191126_115259_v1,pre
NG15|B1937+21gbt|58141.520385203|1817.998|4864,73.92867437505423,0.6128095170011787,0.10076723946726482,-0.20500686880680732,0.7142857142857143,-0.0026325042442166442,INT_02_GW190503_185404_v2,pre
NG15|J0636+5128|57551.941445214|734.062|21149,20.51932110930046,0.20780178491936047,0.03795961932118277,0.22627368137973167,0.7777777777777778,4.847475026117056e-05,INT_01_GW150914_v4,post
NG15|J2234+0944|57978.246794268|1223.451|3774,44.633244796099284,0.45646604773338784,0.13978093892353538,-0.15636532985662252,0.6,-0.005335020386816099,INT_02_GW190503_185404_v2,pre
NG15|J0509+0856|57774.073294209|1462.240|795,56.39922180671253,0.3301668903998606,0.04776273625966452,-0.9979662069137677,1.0,0.0022225008594926924,INT_01_GW150914_v4,post
NG15|J1643-1224|57011.574714700|1817.969|1682,73.92724544267749,0.3954861719264665,0.0801635909468622,-1.0,1.0,-0.006583960104724068,INT_01_GW150914_v4,pre
NG15|J1713+0747|56380.355340968|1337.477|13250,50.25170835435443,0.7079574058102791,0.2656932571854217,-0.22060859996040932,0.4444444444444444,0.002882753849869599,INT_01_GW150914_v4,pre
NG15|J1614-2230|57704.719766286|825.468|18424,25.023217413703566,0.47454419059944986,0.05099259367208921,-0.48794684210192435,0.5,-0.004340791987541256,INT_01_GW150914_v4,post
NG15|J1923+2515|57201.183320694|440.937|668,6.076017559991208,0.3700469977675349,0.08865401937128803,0.8679781011816714,0.0,0.0005054911713401406,INT_01_GW150914_v4,pre
NG15|J1600-3053|58212.293974946|1318.537|4711,49.31846769175684,0.6441790933629057,0.08697541042335206,-0.0047778765687056515,0.8888888888888888,-0.0017914210854418637,INT_02_GW190503_185404_v2,pre
NG15|J1738+0333|56467.151998553|1311.523|5386,48.972863150708285,0.3972118840556546,0.10075774015572075,-0.1509482598308225,0.5555555555555556,-4.0742416604316004e-05,INT_01_GW150914_v4,pre
NG15|J2010-1323|56829.379566696|734.062|12092,20.51932110930046,0.3939295710724001,0.08413451595666625,-0.41546650042806915,1.0,0.0009695084842945501,INT_01_GW150914_v4,pre
NG15|J1600-3053|54581.207546117|1412.000|383,53.92371964784755,0.4196148630126739,0.0386563786633575,-0.20802705121367568,0.6,-0.000700507561172738,INT_01_GW150914_v4,pre
NG15|J1918-0642|58096.906234574|793.436|16297,23.44488769330622,0.3159672008504644,0.07430520753582566,0.02455455337325672,1.0,0.001293905768037712,INT_02_GW190503_185404_v2,pre
NG15|J1747-4036|57468.496976652|1342.919|1865,50.51985490587798,0.36763963880145567,0.028041447164973678,0.5884565442013234,0.3333333333333333,-0.0005308485927796053,INT_01_GW150914_v4,post
NG15|J1713+0747gbt|55579.434684127|1217.975|1880,44.363422944547835,0.5506782413784089,0.06490122793614711,-1.0,1.0,0.004884950377179621,INT_01_GW150914_v4,pre
NG15|J1910+1256|57788.588159711|1274.098|1663,47.12880128176876,0.4686436702265457,0.05234722365628994,0.9999999999999999,0.0,-0.00241214107333553,INT_01_GW150914_v4,post
NG15|J1713+0747|58419.836811382|1240.504|41042,45.47350630714873,0.6459097018067008,0.21959950146906995,0.3823112857284332,0.7777777777777778,-0.002467352398858878,INT_02_GW190503_185404_v2,pre
NG15|J1738+0333|57502.338258319|1499.054|2156,58.2131775486802,0.22851934997694795,0.043838539920012035,-1.0,1.0,-0.0017571721487307014,INT_01_GW150914_v4,post
NG15|J2234+0944|57915.414415342|1399.768|1384,53.32100582604746,0.6379548043713916,0.1308495997153604,-0.15692973855955847,0.6666666666666666,-0.0042583705279246615,INT_01_GW150914_v4,post
NG15|J1713+0747ao|56417.295199471|1687.645|10942,67.5057218886982,0.4824439443849062,0.23077224278945282,-0.020183175746171924,0.75,-0.0050129025989497375,INT_01_GW150914_v4,pre
NG15|J1909-3744gbt|58303.182801370|1680.325|6825,67.14503964739862,0.46092192280883876,0.07846001460769654,-0.03255345336733585,0.5,-0.002156371495500569,INT_02_GW190503_185404_v2,pre
NG15|B1855+09|57522.314358237|440.937|715,6.076017559991208,0.5486004537532257,0.09047330991058297,1.0,0.0,0.003756566810847264,INT_01_GW150914_v4,post
NG15|J1918-0642|56270.755303487|822.348|12957,24.86948399937915,0.7202743649960838,0.1388761678776046,-0.26572549227940606,1.0,0.0005422996311757102,INT_01_GW150914_v4,pre
NG15|J2317+1439|56100.412721418|1312.148|10094,49.0036591071034,0.3976930530254647,0.17761421666400423,0.8906913158865437,0.0,-0.004899584045077315,INT_01_GW150914_v4,pre
NG15|J1643-1224|57822.434842926|3336.386|21191,148.74501139724126,0.2477066311663051,0.14668045130328553,-0.1169638595050617,0.6666666666666666,-0.0025616955855185886,INT_01_GW150914_v4,post
NG15|B1937+21ao|57117.506717750|2326.261|5245,98.97258667145532,0.38855721592287296,0.2505873477182308,0.14164211246944458,0.6666666666666666,-4.87833526968834e-05,INT_01_GW150914_v4,pre
NG15|J1640+2224|58584.295367313|1251.430|9620,46.0118688984656,0.372818546193372,0.12798905711061714,0.22856482444372941,0.75,-0.0007282516648965719,INT_02_GW190503_185404_v2,pre
NG15|J1918-0642|58365.193580789|1355.467|5750,51.138139163231436,0.5573141006610908,0.14287436561171188,0.007106017408149031,0.6,-0.004768829049888069,INT_02_GW190503_185404_v2,pre
NG15|B1855+09|56955.887270087|430.000|1084,5.5371129598417985,0.6847824590335057,0.11637178670902536,-0.0636648151036361,0.6666666666666666,0.0006377244960327561,INT_01_GW150914_v4,pre
NG15|J1125+7819|58341.906709223|759.851|7713,21.79003618045828,0.4278958908617488,0.08521364383477838,-0.2867836070094903,0.6,-0.0030158561947040783,INT_02_GW190503_185404_v2,pre
NG15|J1125+7819|58605.694937154|897.357|4137,28.56544222856512,0.4488579541756839,0.08797764561648394,-0.42134818983534483,0.5,-0.003913562470763564,INT_02_GW190503_185404_v2,pre
NG15|J1909-3744gbt|57860.444235982|912.943|27405,29.333419470763957,0.2587739069346775,0.15148557014210262,-0.35392538599611884,0.5555555555555556,-0.0034056030786331092,INT_01_GW150914_v4,post
NG15|J0636+5128|57701.260581019|1392.908|2950,52.98298940865467,0.41336682855667106,0.10390215531123909,0.24394589843162398,0.7777777777777778,-6.396206747484022e-05,INT_01_GW150914_v4,post
NG15|J1643-1224|53219.038515860|1388.000|366,52.74115492227511,0.46158074708368146,0.07477501521449358,0.3107115672951411,0.8888888888888888,-0.0046510787083031925,INT_01_GW150914_v4,pre
NG15|J1713+0747ao|57712.761181764|2054.270|19805,85.57062991007305,0.7866114675864428,0.35990449318663476,-0.023871200004573625,0.8888888888888888,0.0038065027161135385,INT_01_GW150914_v4,post
NG15|B1937+21|55492.755256148|1554.983|14289,60.96899682103607,0.7774392633348771,0.08254851270456968,-0.2192041305108637,0.5,0.0005456580455308222,INT_01_GW150914_v4,pre
NG15|J1713+0747|57893.209545131|1871.505|20817,76.56515315718777,0.836493325620417,0.1886352383887831,-0.07745811961317234,0.7777777777777778,-0.0035854329274231057,INT_01_GW150914_v4,post
NG15|J1600-3053|58956.453053412|2280.193|19871,96.70265368071902,0.4635983300137688,0.13287929327585735,0.2584632256104178,0.6,-0.0028392650855284885,INT_05_GW200219_094415_v1,post
NG15|J1643-1224|58899.488763544|2116.482|19529,88.63603477287776,0.2727014752325929,0.14711625433412484,-0.40528551535778196,0.75,-0.003474847756739503,INT_05_GW200219_094415_v1,post
NG15|J1923+2515|58675.152775102|426.875|567,5.38313317786622,0.42240766116214107,0.11809624998588619,-0.5311712089482734,0.5,-0.0019378512514480616,INT_03_GW190728_064510_v2,pre
NG15|B1953+29|57686.937832130|1264.427|4184,46.6522769708933,0.41064156738908975,0.08009435756701135,-0.33554653032556486,0.6666666666666666,-0.0026149623147475407,INT_01_GW150914_v4,post
NG15|J2145-0750|56733.578747441|1192.968|6771,43.13123977403159,0.3974688415068616,0.13971964329766332,-0.5212878289014333,0.5,0.0003310604424645708,INT_01_GW150914_v4,pre
NG15|J1713+0747|58789.798081811|1097.995|55361,38.451584787290265,0.3553952024449288,0.24913130317733714,-0.024479444875060617,0.8888888888888888,0.007052928555857078,INT_04_GW191126_115259_v1,pre
NG15|B1937+21gbt|56945.933607743|1805.473|5283,73.31152340889612,0.5769922466793496,0.27395491749980555,0.2499943682161902,0.25,-0.007471562158843053,INT_01_GW150914_v4,pre
NG15|J1713+0747|55305.139823211|1692.971|28953,67.76815271071483,0.18014978843314752,0.15543586965347606,0.30106974485020704,0.5,-0.006050452825841517,INT_01_GW150914_v4,pre
NG15|J1600-3053|58621.239266211|2695.131|20025,117.14811376820141,0.22887165394221728,0.14685471586561652,0.09272449707630967,0.625,-0.0028628957916138177,INT_02_GW190503_185404_v2,post
NG15|J1600-3053|56945.855934929|1158.117|9808,41.414007971909705,0.4220762408798591,0.06136519533528319,-8.69231857734736e-05,0.8571428571428571,0.0009538618537216723,INT_01_GW150914_v4,pre
NG15|J0613-0200|56586.373105417|1405.427|7192,53.59984473363139,0.567355539998156,0.05957396126438086,-0.1328624527288592,0.8333333333333334,-0.0030924876288468627,INT_01_GW150914_v4,pre
NG15|J0931-1902|58334.651125002|1308.547|1605,48.826225124737306,0.5302750911897178,0.14286292590702196,0.11520726882717641,0.5555555555555556,-0.0007205934396675115,INT_02_GW190503_185404_v2,pre
NG15|J0740+6620|57550.850015242|1269.607|982,46.90751385749602,0.6565565445558906,0.1600233147933639,-0.6051411054707864,0.5,0.006728612787277644,INT_01_GW150914_v4,post
NG15|B1937+21|55578.566053247|900.492|16386,28.719914745843024,0.5872334910111819,0.22484580597344953,-0.38675486711669765,0.6666666666666666,0.005634985220513408,INT_01_GW150914_v4,pre
NG15|J1713+0747ao|58605.299645398|1610.184|10480,63.688944963382916,0.5265840157127429,0.25883203042821146,0.09987681277784125,0.5555555555555556,0.005713785336159707,INT_02_GW190503_185404_v2,pre
NG15|J1713+0747ao|58567.391639215|1662.487|7743,66.2660984151169,3.931558140180208e-05,0.25544479350479066,0.10706394257118733,0.6666666666666666,0.007753315536911234,INT_02_GW190503_185404_v2,pre
NG15|J1713+0747gbt|55243.297379126|872.000|23894,27.316013322467604,0.7120049360417476,0.08750661854368294,-0.38681469270427293,0.5,0.0029693693475594026,INT_01_GW150914_v4,pre
NG15|J1713+0747ao|56417.290010429|1549.949|6273,60.72095386984725,0.6232604810747491,0.23077224278945282,-0.020183175746171924,0.75,-0.0050129025989497375,INT_01_GW150914_v4,pre
NG15|B1937+21|55361.116419282|728.594|20730,20.249893445990875,0.7807981837191262,0.19596763850562882,-0.14874569890131475,0.6666666666666666,0.003765808478370348,INT_01_GW150914_v4,pre
NG15|J1643-1224gbt|58334.947034572|1264.062|4662,46.634292132358546,0.4507055813636672,0.08290906595912693,-0.4814111793624791,0.5,-0.0031374250359446337,INT_02_GW190503_185404_v2,pre
NG15|J1012+5307|55065.789624160|880.000|14673,27.710201564325086,0.39629925674988536,0.17552814768554642,0.21446385617718988,0.4444444444444444,-0.0048508515357917345,INT_01_GW150914_v4,pre
NG15|J0340+4130|58879.098930693|1330.484|1038,49.90713855744075,0.3242956697254832,0.028046819418139295,-1.0,1.0,0.00113961843167745,INT_05_GW200219_094415_v1,pre
NG15|J2229+2643|58978.507676092|1400.087|2073,53.33672408219153,0.546946224456438,0.08648673391815694,0.9926296945663207,0.0,0.003364210829971235,INT_05_GW200219_094415_v1,post
NG15|J0610-2100|58941.943714926|1517.937|956,59.143609620054534,0.15305060626331463,0.06754755492648981,0.05898659421520026,1.0,0.0005298779891376272,INT_05_GW200219_094415_v1,post
NG15|J1713+0747gbt|58212.346815117|1480.188|13759,57.283583127319794,0.6500168828290622,0.14008265740003467,-0.017551579458663143,0.4444444444444444,0.004714516828058451,INT_02_GW190503_185404_v2,pre
NG15|J1012+5307|58265.863182736|793.437|17280,23.44493696683645,0.2868700238448774,0.12261664743227538,-0.5877006578244452,1.0,-0.0036594445954536846,INT_02_GW190503_185404_v2,pre
NG15|J1909-3744gbt|57054.743770882|1280.560|11335,47.44720683412914,0.5516064082595394,0.10000861996664555,-0.32874941735323093,0.75,-0.00030421045148915424,INT_01_GW150914_v4,pre
NG15|B1855+09|55989.537442785|1537.216|5446,60.09355400940083,0.5232061270962111,0.11648827474738943,0.1408345956735631,0.7777777777777778,0.0012592682131739254,INT_01_GW150914_v4,pre
NG15|J1909-3744|57458.487061549|1805.469|13125,73.31132631477517,0.6684199431203748,0.12200385046380727,-0.6275518910426311,0.7777777777777778,0.0022018394615480087,INT_01_GW150914_v4,post
NG15|J1918-0642|55463.909924352|1159.164|2514,41.4655973580628,0.717044840298245,0.09846309789460989,-0.34484638839396886,0.6666666666666666,-0.0026617531269414055,INT_01_GW150914_v4,pre
NG15|J1832-0836|57432.708939707|1442.139|1806,55.40877457551537,0.367290914032773,0.07538875704857245,0.009165371284963444,0.7777777777777778,0.0022233932597422136,INT_01_GW150914_v4,post
NG15|B1937+21ao|55820.034276370|1394.000|198,53.036796103668216,0.8025762813958641,0.2802655120730153,0.5613199404291298,0.5555555555555556,-0.0001687747043849119,INT_01_GW150914_v4,pre
NG15|J1643-1224gbt|53219.038515898|1420.000|358,54.31790788970503,0.4356142515600245,0.08092820306771593,0.04433159723809155,0.5555555555555556,-0.0036148973383155238,INT_01_GW150914_v4,pre
NG15|J1738+0333|57019.645994445|1300.153|687,48.41262311196835,0.43602127659354983,0.15090697248388907,-0.10805860811073804,0.5,-0.002105253395247016,INT_01_GW150914_v4,pre
NG15|J2010-1323|57102.612357816|759.825|8962,21.78875506867225,0.2847047606745239,0.08604964514446518,-0.8278281605253687,1.0,0.0016941598073706868,INT_01_GW150914_v4,pre
NG15|J1012+5307|58265.852690771|915.311|17193,29.450099190353775,0.4390582839687461,0.12261664743227538,-0.5877006578244452,1.0,-0.0036594445954536846,INT_02_GW190503_185404_v2,pre
NG15|B1937+21|55731.147692640|1643.520|9827,65.33152736720304,0.7475069789031719,0.2823836209990163,-0.5563921734851464,0.5,0.007291888321395035,INT_01_GW150914_v4,pre
NG15|J1600-3053|57580.041482047|731.710|13372,20.40342976619436,0.4621965710534668,0.12503664058323052,0.5497870287898209,0.5555555555555556,-0.0015001990718411186,INT_01_GW150914_v4,post
NG15|J1909-3744gbt|55365.222991237|1543.240|15444,60.39037775551952,0.41891151399505266,0.09403196970316498,-0.9570048544559854,1.0,-0.0032998284248517227,INT_01_GW150914_v4,pre
NG15|B1937+21gbt|58047.776280489|1417.629|2005,54.20108034952451,0.7415043375662883,0.14548527374134598,0.1411550963234833,0.375,-0.001187787535180578,INT_02_GW190503_185404_v2,pre
NG15|J0023+0923|57240.323020516|439.375|590,5.999052305768534,0.36829802991047084,0.07259729184212949,-0.03685835387204357,1.0,-0.002354165265147964,INT_01_GW150914_v4,pre
NG15|J1643-1224|58335.951134247|903.609|12862,28.873500339576747,0.29969965482002053,0.16661119569302388,-0.16236500540635737,0.875,-0.0029931001557496053,INT_02_GW190503_185404_v2,pre
NG15|J1600-3053|56828.212112149|1805.428|7601,73.30930610003567,0.5894248444368565,0.07044267852272834,0.1336187497883711,0.6666666666666666,0.00015593954457085657,INT_01_GW150914_v4,pre
NG15|J1744-1134|58302.202624904|784.601|13091,23.00955605370486,0.6307395467746304,0.15621436392358728,-0.13927066399984697,0.5,-0.006659942221864117,INT_02_GW190503_185404_v2,pre
NG15|J1012+5307|57949.882309999|734.944|20635,20.562780362965245,0.7541799322737127,0.17131537122586862,0.26188105539796436,0.625,-0.0013242603430248477,INT_02_GW190503_185404_v2,pre
NG15|J1643-1224|58425.692059624|831.714|11066,25.3309798835338,0.6711957606240292,0.11775466665250359,-0.6283943638847268,0.6666666666666666,0.0003966977663929318,INT_02_GW190503_185404_v2,pre
NG15|J1909-3744gbt|56591.982396653|1705.686|9409,68.39466564761706,0.4873065516889901,0.1669698855294357,0.019889881417453188,0.5555555555555556,-0.004763810470253677,INT_01_GW150914_v4,pre
NG15|J0740+6620|58698.430590593|1613.096|764,63.83242948341904,0.23912064417565193,0.17756843779632453,-0.041387087200106185,0.5555555555555556,-0.00590007883652888,INT_03_GW190728_064510_v2,post
NG15|J0605+3757|57713.300004888|828.601|474,25.177591383921005,0.2618886598028159,0.01777406796049807,0.9999999999999998,0.0,0.0009752672464062826,INT_01_GW150914_v4,post
NG15|J2234+0944|58964.568999611|1586.067|676,62.50061523477331,0.5767576237679876,0.12035592928282851,1.0,0.0,0.018149038666820005,INT_05_GW200219_094415_v1,post
NG15|J1909-3744gbt|58111.794431793|1184.518|3082,42.714878443569624,0.2970197725620911,0.1488519845285519,-0.2506003122328122,0.7777777777777778,-0.0003802192740887768,INT_02_GW190503_185404_v2,pre
NG15|J1713+0747|57841.473357789|1705.593|25341,68.39008320930547,0.5836693485324667,0.20656723474265232,0.5990229280182499,0.4444444444444444,-0.004863055092128951,INT_01_GW150914_v4,post
NG15|J1909-3744gbt|58754.056123963|1381.542|19691,52.422946464035654,0.30200427594379453,0.16083584085979769,-0.04404457272711839,0.5714285714285714,-0.005218796476457978,INT_04_GW191126_115259_v1,pre
NG15|B1953+29|57117.521148723|1351.890|2412,50.96188774559091,0.2501641048209991,0.0977165281468024,0.014902120978491421,0.6666666666666666,-0.003113904268679092,INT_01_GW150914_v4,pre
NG15|J1643-1224|55700.142662120|1867.362|8848,76.36101292143583,0.46348187010683695,0.07132802517282098,0.4451971182462637,0.6666666666666666,-0.003029266672555033,INT_01_GW150914_v4,pre
NG15|J1713+0747|56432.225538686|1380.465|35495,52.36987887197559,0.6735261350879084,0.29637252151890164,-0.19448451751988713,0.6666666666666666,0.0022450818290365867,INT_01_GW150914_v4,pre
NG15|J1719-1438|58245.316903319|825.479|4146,25.023759422536124,0.18461932552649718,0.02453493279030129,0.9999999999999998,0.0,-0.0013781747342301938,INT_02_GW190503_185404_v2,pre
NG15|J1600-3053|55828.794322523|772.362|12581,22.406497317193146,0.49680324451672103,0.05511456323244871,0.050040885178611036,0.5714285714285714,0.004130458516218862,INT_01_GW150914_v4,pre
NG15|J0645+5158|55893.503830386|897.735|9844,28.58406762299289,0.20926224472392874,0.14942248930960936,-0.9724443977460048,1.0,-0.003873580133685068,INT_01_GW150914_v4,pre
NG15|J2145-0750|56828.400290382|1241.264|3965,45.5109541901252,0.6603386074057924,0.13481015354603473,-0.09416641801115125,0.3333333333333333,-0.0012856244839329536,INT_01_GW150914_v4,pre
NG15|J1802-2124|57745.736447382|906.695|6029,29.02555845387327,0.2530515573712506,0.026692528964797863,-1.0,1.0,0.0009646018809520143,INT_01_GW150914_v4,post
NG15|J1909-3744|56641.768577252|828.581|25729,25.17660591331636,0.6578038404444235,0.1365777373300025,-0.35929539173373143,0.875,-0.001590917150827586,INT_01_GW150914_v4,pre
NG15|J1643-1224|54552.245016014|848.000|9971,26.133448596895164,0.5204110341135,0.07197113212528951,0.25889592320715615,0.8888888888888888,-0.0034480856113257605,INT_01_GW150914_v4,pre
NG15|J2017+0603|57978.177241617|1212.316|2305,44.0845840369639,0.18518636342534817,0.0762802263032979,-0.08677837778268867,0.5555555555555556,-0.0009837142582555499,INT_02_GW190503_185404_v2,pre
NG15|J1713+0747|58137.636644568|1308.257|27936,48.81193580096998,0.6992721635192302,0.19080527998338848,0.31324050615198334,0.4444444444444444,0.004168207478466643,INT_02_GW190503_185404_v2,pre
NG15|J1910+1256|58482.711128365|1649.125|4110,65.60770550415444,0.3993089708880265,0.10020690606360272,-0.1577998045024035,0.8888888888888888,-0.002779693311724643,INT_02_GW190503_185404_v2,pre
NG15|J1909-3744gbt|56034.444826750|1467.982|18570,56.68215041730574,0.36931341754972824,0.09665980182113874,-0.1034849616756076,0.42857142857142855,-0.002550996478963133,INT_01_GW150914_v4,pre
NG15|J0636+5128|57335.554817226|728.606|17586,20.25048472835366,0.1509982487971797,0.12610663150155305,0.012900220701284446,0.6666666666666666,-0.00048085558167640136,INT_01_GW150914_v4,post
NG15|J1802-2124|58133.772169067|1493.047|2556,57.91719145257545,0.35881030728844643,0.04505281948721128,-0.13288965875591763,0.6666666666666666,0.0007949992905286982,INT_02_GW190503_185404_v2,pre
NG15|J1643-1224|56249.701550079|831.723|11809,25.331423345305883,0.6111716050606304,0.031313717860335225,0.3303137316086578,0.4444444444444444,0.0010436206728240646,INT_01_GW150914_v4,pre
NG15|J1600-3053gbt|56762.321178180|1493.062|10170,57.91793055552893,0.572516123804616,0.10575938034772335,-0.08565980200297102,0.4444444444444444,0.0024746280439938754,INT_01_GW150914_v4,pre
NG15|J1843-1113|58517.724160224|1755.158|281,70.83232573526371,0.3784239619599633,0.08929240834549677,0.2528382005386413,0.5555555555555556,0.0028793672391811596,INT_02_GW190503_185404_v2,pre
NG15|J1738+0333|57871.310693868|1637.457|3710,65.0327819534053,0.34416768508088363,0.06755538322654107,-0.007417547743978899,0.6666666666666666,0.004940307929365813,INT_01_GW150914_v4,post
NG15|J0740+6620|58448.994577543|1743.649|6527,70.2652366758215,0.3957503510735984,0.09871811392072687,-0.21221397052257499,0.5555555555555556,0.000308414261480208,INT_02_GW190503_185404_v2,pre
NG15|J2010-1323|55579.620867983|1306.258|6577,48.71343801403584,0.5020843080669682,0.08458753131378985,-0.29482146591275615,0.6666666666666666,0.004334637970013286,INT_01_GW150914_v4,pre
NG15|J2145-0750|58159.656132733|766.096|14022,22.097749376758276,0.23934453821063606,0.16098493037965406,0.20406523253303852,0.625,-0.0019434574905082915,INT_02_GW190503_185404_v2,pre
NG15|J1713+0747gbt|57412.588250094|1430.529|6865,54.836708889519706,0.7268257811083813,0.18123676478614412,-0.30962559490665237,0.6666666666666666,-0.001787843113928641,INT_01_GW150914_v4,post
NG15|J1713+0747|58211.346484607|837.972|50440,25.63933363572681,0.5247496699141462,0.18385224495981897,0.3604186445904926,0.5555555555555556,-0.0053360606922681075,INT_02_GW190503_185404_v2,pre
NG15|J1909-3744|58035.059122217|1705.513|9296,68.38614132688689,0.4981461675076761,0.12281706814800124,-0.061129358640357685,0.6666666666666666,-0.003614689829897055,INT_02_GW190503_185404_v2,pre
NG15|J1747-4036|57162.275616462|1380.877|3581,52.39017956643125,0.36604385594884525,0.018170833539123615,-0.028446599539109687,0.3333333333333333,-4.0259849969582444e-05,INT_01_GW150914_v4,pre
NG15|J0023+0923|57627.284942516|1187.637|14760,42.86856258436381,0.4375703104723911,0.1100871163297311,0.6228149770452637,0.6666666666666666,0.0012696527406680736,INT_01_GW150914_v4,post
NG15|J2317+1439|57390.854669447|428.437|2196,5.460098432088895,0.7349782560235876,0.18532948081818396,-0.3400436891781185,0.5,-0.00421349328313163,INT_01_GW150914_v4,post
NG15|J1713+0747ao|55989.441078167|1586.629|2044,62.52830695876379,0.17054626196551947,0.25221567035774484,-0.9999705936900223,1.0,-0.018506755649225447,INT_01_GW150914_v4,pre
NG15|B1937+21|57775.643256036|2374.767|5356,101.36264852889767,0.452793512223344,0.1509941668584463,0.3112132080779929,0.42857142857142855,-0.004730608223295243,INT_01_GW150914_v4,post
NG15|J1853+1303|57588.117899172|1362.667|2117,51.49290858090316,0.6235550594900686,0.13702990501938167,-0.12739364531050779,0.75,-0.002121671022222388,INT_01_GW150914_v4,post
NG15|J2124-3358|58141.666888003|1206.157|2803,43.78110836426387,0.32685648294414854,0.1323480281395215,-1.0,1.0,-0.006679304831956011,INT_02_GW190503_185404_v2,pre
NG15|B1937+21gbt|58699.142177956|1342.988|5135,50.52325477946399,0.7682846712745272,0.04947173625605625,-0.13060749083959386,0.5,-0.0021043896342256597,INT_03_GW190728_064510_v2,post
NG15|J1643-1224|58699.950507120|731.752|11037,20.405499254464107,0.6135697338633603,0.17263020648293526,0.09964612381972805,0.3333333333333333,-0.002845583459647034,INT_03_GW190728_064510_v2,post
NG15|B1855+09|57522.331169628|1351.956|3893,50.96513979858623,0.7691635232336526,0.09047330991058297,1.0,0.0,0.003756566810847264,INT_01_GW150914_v4,post
NG15|J1012+5307|58210.072126269|869.217|16178,27.178885087831436,0.3090816098849315,0.0764087371741823,-0.6025190522427453,1.0,-0.0013950341842788004,INT_02_GW190503_185404_v2,pre
NG15|J2302+4442|58762.347255962|787.955|4299,23.174819474103614,0.35113949855380583,0.09070997262502978,0.5234505856614301,0.4444444444444444,0.001559369582165713,INT_04_GW191126_115259_v1,pre
NG15|J1012+5307|58238.915387921|881.723|15555,27.795099856915137,0.2789622854178181,0.0764087371741823,-0.6025190522427453,1.0,-0.0013950341842788004,INT_02_GW190503_185404_v2,pre
NG15|J1923+2515|57410.633575624|1424.786|3558,54.55373100539627,0.5219891699482375,0.11635109796301396,-1.0,1.0,0.03631977702624833,INT_01_GW150914_v4,post
NG15|J1909-3744gbt|58697.137907494|1755.465|8170,70.847452709045,0.661147546475165,0.16535797937859598,0.13499442975033646,0.5555555555555556,-0.0054983129501174136,INT_03_GW190728_064510_v2,post
NG15|J2234+0944|57893.488964265|1749.642|4298,70.56053294250299,0.4231295217348107,0.1308495997153604,-0.15692973855955847,0.6666666666666666,-0.0042583705279246615,INT_01_GW150914_v4,post
NG15|J1713+0747gbt|56193.787445708|806.703|28090,24.098599618896614,0.7802216243755207,0.18008476874691268,0.2607997328819269,0.6,-0.001634219077401194,INT_01_GW150914_v4,pre
NG15|J1918-0642|58141.636806092|1306.738|8993,48.73708930854728,0.35242818388176633,0.06654790098753602,-0.11624560776421122,1.0,0.0009971133679941547,INT_02_GW190503_185404_v2,pre
NG15|J1643-1224gbt|56672.471161114|1780.433|3229,72.0777142118822,0.5595221252471032,0.072248281818395,-0.08116191021267707,0.5,-0.0011348958877524947,INT_01_GW150914_v4,pre
NG15|J1455-3330|57977.887211696|1166.530|5004,41.828546181753076,0.27594462388030533,0.11734852605460068,-0.07653368041618128,0.6666666666666666,0.0008792522336817242,INT_02_GW190503_185404_v2,pre
NG15|J1024-0719|57767.218784398|1230.037|6348,44.95776026620846,0.3841961094026236,0.08648057011139296,-0.10047558570546006,0.5,-0.000971460623962799,INT_01_GW150914_v4,post
NG15|J1643-1224|57792.488884801|2439.897|18417,104.5718335529199,0.3331817553580266,0.14668045130328553,-0.1169638595050617,0.6666666666666666,-0.0025616955855185886,INT_01_GW150914_v4,post
NG15|J1909-3744|58140.705864965|903.596|28318,28.872859783683726,0.6967449238227171,0.14104806051599175,-0.1633446961603141,0.4444444444444444,-0.003274428014443136,INT_02_GW190503_185404_v2,pre
NG15|J1713+0747ao|57118.344162187|1299.246|9825,48.36793202004776,0.7135604132512365,0.15463799065906814,0.04528062343684093,0.6,-0.005502767597556865,INT_01_GW150914_v4,pre
NG15|J1643-1224|58637.233676817|756.737|14771,21.636598407315255,0.6333920132722781,0.1666736028883201,-0.27006085922933926,0.5555555555555556,-0.0027050743876970754,INT_02_GW190503_185404_v2,post
NG15|J0610-2100|58136.234213403|1613.267|2027,63.84085525708875,0.3077489023362619,0.15520056189179357,0.04854108492743548,0.5,0.004363713525700891,INT_02_GW190503_185404_v2,pre
NG15|J0340+4130|58517.120196107|1405.917|2900,53.62398876344517,0.3070798902184826,0.04514032409205169,-0.08488249198138476,0.4444444444444444,0.0005856595028600686,INT_02_GW190503_185404_v2,pre
NG15|J1713+0747|55732.015969460|759.823|53805,21.78865652161178,0.6212471373196808,0.1247394919867834,-0.03426569761616275,0.7142857142857143,-1.2733512010709443e-05,INT_01_GW150914_v4,pre
NG15|J1909-3744gbt|57622.151418638|1505.408|15062,58.526261559775484,0.7013648952144697,0.17421803112285225,-0.13753377328786137,0.7777777777777778,0.002574290195838696,INT_01_GW150914_v4,post
NG15|J1125+7819|58063.172191895|841.093|4601,25.793116323581458,0.21841088277838416,0.07411446121466929,-0.2837503412924895,1.0,0.002463151408291517,INT_02_GW190503_185404_v2,pre
NG15|J1713+0747|57581.111557908|1412.346|10485,53.94076828930789,0.7042833591154574,0.17064160814520166,-0.2695384512094837,0.8888888888888888,0.0004790410405246127,INT_01_GW150914_v4,post
NG15|J1713+0747|54009.766354793|1416.000|22781,54.120813768776294,0.5622420363550866,0.13647691259735978,-0.12002512311318217,0.4444444444444444,0.007710273423922417,INT_01_GW150914_v4,pre
NG15|J1713+0747|56201.883849782|2349.988|20864,100.14169972327437,0.441499999383955,0.12862077063672633,-0.4453460747202283,0.6666666666666666,0.0006555337816625383,INT_01_GW150914_v4,pre
NG15|J2145-0750|55774.086809478|1817.954|9385,73.926506339724,0.5800012353827648,0.15292563642236598,-0.7146763618110149,1.0,-0.0033247389965885554,INT_01_GW150914_v4,pre
NG15|J1802-2124|58911.608197039|850.498|4484,26.256533875415165,0.3782803273973996,0.09680143327180622,0.48873335361569975,0.4,0.007113418389110665,INT_05_GW200219_094415_v1,post
NG15|J1832-0836|58133.831918992|1693.133|44,67.77613502261244,0.32967035327156613,0.01950808303912759,-0.6374177591273705,1.0,0.0009913016594330088,INT_02_GW190503_185404_v2,pre
NG15|J1923+2515|57348.797384932|1387.424|3962,52.71277336886137,0.6193726894126473,0.11635109796301396,-1.0,1.0,0.03631977702624833,INT_01_GW150914_v4,post
NG15|J1713+0747gbt|57131.212103066|847.350|26218,26.10142080224424,0.7440950538134763,0.2079899063108912,-0.35508866794522226,0.6666666666666666,-0.0014709478840880333,INT_01_GW150914_v4,pre
NG15|J1643-1224|58396.782343471|1609.502|8884,63.65534041576456,0.5713945954622834,0.12053480852118988,-0.45333637434535945,0.8,0.002013462537749864,INT_02_GW190503_185404_v2,pre
NG15|J2017+0603|56252.840789862|1437.193|403,55.16506769498699,0.5282848432783359,0.1990479236929179,-0.6796587934498859,0.8,0.002528630325243868,INT_01_GW150914_v4,pre
NG15|J1853+1303|57937.154635745|1235.748|2978,45.23916139736447,0.5741331124164777,0.13663591645909923,-0.08250422824077151,0.7777777777777778,-0.0019808071966610098,INT_01_GW150914_v4,post
NG15|J1640+2224|53715.609556389|436.000|153,5.8327541412349095,0.7227100442961356,0.16116620151667188,-0.6898731759631157,0.6666666666666666,-0.003637355931139253,INT_01_GW150914_v4,pre
NG15|J1640+2224|57302.848614351|1562.251|13011,61.32711683876359,0.37366668765618083,0.2197910030753679,-0.2555158231670067,0.7777777777777778,-0.006186113466853911,INT_01_GW150914_v4,post
NG15|J1713+0747gbt|57996.986120885|1417.903|12242,54.21458129680814,0.7268170945967277,0.1658782492721608,-0.05231965682556162,0.625,0.002571371358796171,INT_02_GW190503_185404_v2,pre
NG15|J1741+1351|58818.717006063|1362.351|3233,51.4773381453498,0.2304553883153321,0.11439985537188384,0.354730307848328,0.5555555555555556,-0.000724287221507603,INT_04_GW191126_115259_v1,post
NG15|B1937+21gbt|56410.400535685|1542.482|4230,60.353028419603525,0.7968580210623728,0.062127440519459703,-0.04462316648943991,0.5,-0.0024713862645261812,INT_01_GW150914_v4,pre
NG15|J1713+0747|58798.757929380|1187.365|2599,42.85516018414066,0.6379751066280657,0.23051318845631283,-0.19360748810147702,0.6666666666666666,0.008498922101566548,INT_04_GW191126_115259_v1,pre
NG15|J2229+2643|56869.252791310|431.562|884,5.614078214064473,0.4026912199766765,0.10423693166409706,-0.0657781412178899,0.6666666666666666,-0.0014566214134597642,INT_01_GW150914_v4,pre
NG15|J1909-3744|56584.934694314|1368.358|4941,51.77332424145453,0.4007737202059795,0.14236601713378297,-0.1780046954769362,0.7777777777777778,-0.0015590096418375966,INT_01_GW150914_v4,pre
NG15|B1937+21|57703.901958099|1655.461|14352,65.91990259170556,0.6057771876375095,0.2267834664612076,-0.1139994779275972,0.625,-0.001510294192044729,INT_01_GW150914_v4,post
NG15|J1614-2230|55304.226380664|1792.453|2991,72.66998204527306,0.3319542614801778,0.10629761792845874,-0.5770798295487912,0.7777777777777778,-0.0004464099251672754,INT_01_GW150914_v4,pre
NG15|J1600-3053gbt|56614.730100482|725.447|19674,20.09482964635019,0.3385237247879608,0.10188501245169732,-0.14230124098403918,0.7777777777777778,0.002771734544589297,INT_01_GW150914_v4,pre
NG15|J2317+1439|57558.461052357|1511.583|8111,58.83052560895924,0.15737825444312184,0.15961151473898774,-0.5385369818771635,0.8888888888888888,-0.0015862003464823743,INT_01_GW150914_v4,post
NG15|J1713+0747ao|58974.273684025|2223.033|14553,93.88617869264732,0.4968172568970401,0.14648559677617184,-0.016260193668054868,0.6666666666666666,-0.002568400782516991,INT_05_GW200219_094415_v1,post
NG15|J1453+1902|57978.860128501|1300.987|535,48.45371723618199,0.2782293631205656,0.09348989427263475,0.029320946921834207,0.5,0.003394209964888426,INT_02_GW190503_185404_v2,pre
NG15|J1909-3744|56270.774637914|906.727|25649,29.027135206840697,0.631274848323749,0.11589016015590811,-0.30167478037234075,0.6666666666666666,-0.003502614769916833,INT_01_GW150914_v4,pre
NG15|J1643-1224|58907.405829945|731.078|15563,20.372288895087618,0.6173825175979617,0.14144883031575173,-0.1914566439613301,1.0,-0.003225135380912555,INT_05_GW200219_094415_v1,post
NG15|J1640+2224|57597.027597671|1162.822|11356,41.645839931652134,0.6577894761676382,0.17528527400373586,0.1066345765666043,0.6666666666666666,-0.006866320011570222,INT_01_GW150914_v4,post
NG15|B1937+21|57579.184491791|2201.908|6058,92.8452753664924,0.5876349631310821,0.27784170425942695,-0.35250781842985024,0.7142857142857143,0.0007328141590828434,INT_01_GW150914_v4,post
NG15|J1741+1351|57865.349485197|434.687|1035,5.768057996040051,0.6498465048982486,0.07276855188742722,-1.0,1.0,-0.0030810980031463456,INT_01_GW150914_v4,post
NG15|J1643-1224gbt|55670.224583228|1780.282|7836,72.07027390881714,0.6337648951624426,0.03126433509713126,-0.3978366366856534,0.6666666666666666,-0.0009220757857229443,INT_01_GW150914_v4,pre
NG15|J1909-3744gbt|58643.252994798|1284.832|19192,47.65770335528104,0.47261265630140215,0.1193339367721326,-0.3962599787385405,0.6666666666666666,0.005256794382412345,INT_02_GW190503_185404_v2,post
NG15|J1713+0747ao|57597.050429725|1736.655|5598,69.9206176053776,3.1387590947165446e-21,0.3093010502353846,-0.719836462213694,0.7777777777777778,0.0028158751683418277,INT_01_GW150914_v4,post
NG15|J1713+0747|54885.374811096|876.000|45984,27.513107443396347,0.4865549444229236,0.1971118656538147,1.0,0.0,0.0141771096603581,INT_01_GW150914_v4,pre
NG15|J0023+0923|56662.941265769|1749.121|15776,70.53486143325203,0.22671460643203267,0.11044886697163603,-0.18551503444525963,1.0,0.0007149096709515312,INT_01_GW150914_v4,pre
NG15|J1918-0642|55774.016363502|1317.981|3188,49.29107160894774,0.2552243664335247,0.0892855077400198,-0.049963752803972576,0.5,0.0013412344991692894,INT_01_GW150914_v4,pre
NG15|J1713+0747|58517.462307179|1531.424|25230,59.80816172229603,0.42263159414687745,0.19422714610788494,0.3033119975531926,0.6666666666666666,0.0024849993209974013,INT_02_GW190503_185404_v2,pre
NG15|B1937+21ao|58936.467075529|1263.494|2694,46.60630476718667,0.05991483699506647,0.2646768674384902,0.028920465501820175,0.75,0.0027928286410450363,INT_05_GW200219_094415_v1,post
NG15|J1713+0747|56934.886512945|2386.425|19834,101.93707934434451,0.7777444672321681,0.22386798578131384,-0.413927563117357,0.7777777777777778,0.0020897417508626017,INT_01_GW150914_v4,pre
NG15|J1643-1224gbt|58907.405829945|822.388|15540,24.871454940588443,0.6716752027562883,0.09282197743607444,0.05844588540676918,0.5555555555555556,-0.003105898115678269,INT_05_GW200219_094415_v1,post
NG15|J1643-1224|56672.414343758|1430.326|3030,54.826706362882575,0.6003676025116844,0.06430494482557171,0.10534461445720998,0.7142857142857143,-0.002418028598360511,INT_01_GW150914_v4,pre
NG15|B1937+21gbt|58142.479617683|750.466|14798,21.327604099229227,0.6261887267790347,0.10076723946726482,-0.20500686880680732,0.7142857142857143,-0.0026325042442166442,INT_02_GW190503_185404_v2,pre
NG15|J1643-1224gbt|56948.754679656|731.712|17038,20.403528313254824,0.6927824027804922,0.02182537621933269,-1.0,1.0,-0.0045412935646596325,INT_01_GW150914_v4,pre
NG15|J0340+4130|58942.930492193|884.804|9589,27.946911603560505,0.3347743492666555,0.028046819418139295,-1.0,1.0,0.00113961843167745,INT_05_GW200219_094415_v1,post
NG15|J1944+0907|58482.763551760|1285.882|2580,47.70944056202484,0.6161495733450231,0.11232573153899533,-1.0,1.0,0.005182907237805921,INT_02_GW190503_185404_v2,pre
NG15|J1713+0747|57977.989996533|1566.870|40004,61.55471127490605,0.641913633883644,0.15771659263269322,-0.4562849130275242,0.7777777777777778,0.0033240631311746895,INT_02_GW190503_185404_v2,pre
NG15|B1937+21|58691.166607106|1154.236|3004,41.222777401078595,0.33230246613161757,0.24000229315364205,0.16851280662126986,0.75,-0.0029443308194094567,INT_03_GW190728_064510_v2,pre
NG15|J1125+7819|58729.370101440|847.334|6672,26.100632425760526,0.6274519326459831,0.1507236373016703,-0.6058878045878376,0.5,-0.005392525678429051,INT_03_GW190728_064510_v2,post
NG15|J0645+5158|58698.491630717|1693.255|2499,67.78214639330078,0.5388730204285989,0.1294915049179181,-1.0,1.0,0.003378435573015019,INT_03_GW190728_064510_v2,post
NG15|J0636+5128|57977.831118944|1552.286|12812,60.83610610999987,0.16083316857771285,0.0904167536938626,0.11053567237473295,0.7777777777777778,-0.0020886437947225376,INT_02_GW190503_185404_v2,pre
NG15|J1713+0747|58949.321837498|1236.277|11309,45.265227094857295,0.6599554435913976,0.15163847604136652,0.06554300194668504,0.7777777777777778,-0.0010165529087073045,INT_05_GW200219_094415_v1,post
NG15|J1614-2230|55270.325320048|1368.036|1472,51.75745816471977,0.29134861910435705,0.08728125950098968,-0.3432291080519297,0.5555555555555556,-0.002308220711658972,INT_01_GW150914_v4,pre
NG15|J1744-1134|56450.123079900|850.436|10140,26.253478916540768,0.37784370611752427,0.17199126343964788,0.33583177786770446,0.625,-0.0037443193209168372,INT_01_GW150914_v4,pre
NG15|J1643-1224gbt|53535.035018353|1412.000|52,53.92371964784755,0.5656397983755103,0.08092820306771593,0.04433159723809155,0.5555555555555556,-0.0036148973383155238,INT_01_GW150914_v4,pre
NG15|B1937+21gbt|55429.972506092|1633.812|2987,64.85317993570898,0.11091179518512022,0.24648770678983523,1.0,0.0,-0.011477101082035519,INT_01_GW150914_v4,pre
NG15|J1909-3744gbt|57958.116483929|1667.856|7129,66.53064799893349,0.44597428690714475,0.1164042661338707,-0.2977939663943393,0.6666666666666666,-0.0009368177588989279,INT_02_GW190503_185404_v2,pre
NG15|J1909-3744gbt|56352.530688397|1505.995|4215,58.55518512202178,0.6799084045341475,0.11379011023234759,0.286257105632828,0.3333333333333333,-0.0006403749589379624,INT_01_GW150914_v4,pre
NG15|J1744-1134|53838.266296735|1432.000|208,54.90919025249125,0.49198872691581774,0.13790066487840108,0.08557426897269102,0.7777777777777778,0.0016950175608287637,INT_01_GW150914_v4,pre
NG15|J0709+0458|58901.059332084|1461.608|309,56.36808093560579,0.3680278069946601,0.04333397009250952,-1.0,1.0,0.005689982381782676,INT_05_GW200219_094415_v1,post
NG15|J1713+0747gbt|56641.501760586|737.957|26136,20.71124150955482,0.6803017206107702,0.12983154140255873,-0.2609817793503583,0.6666666666666666,0.0003853147310277575,INT_01_GW150914_v4,pre
NG15|J1909-3744gbt|56522.152081308|766.083|22415,22.097108820865255,0.4705793274920818,0.15945318177490853,0.17912428233715594,0.5555555555555556,-0.004231885781954694,INT_01_GW150914_v4,pre
NG15|J1600-3053gbt|58302.055380858|759.838|13197,21.789395624565262,0.4155678293335677,0.07411312009340025,0.7934546084346716,0.4,0.003034694563108853,INT_02_GW190503_185404_v2,pre
NG15|J1600-3053|54529.332251758|1404.000|120,53.52953140599007,0.5427025865778887,0.03933672361983797,-0.13181252176383854,0.5,-0.0004315987266445272,INT_01_GW150914_v4,pre
NG15|J2317+1439|57232.325604920|1174.806|6857,42.236333917954646,0.45812626422877845,0.10754961133460428,0.03468403867376923,0.5714285714285714,-0.002755280189400597,INT_01_GW150914_v4,pre
NG15|J0030+0451|57971.337752839|1352.097|4885,50.972087366348966,0.368317348072522,0.17062755485293118,-0.2111386937247733,0.8,-0.008008490637331658,INT_02_GW190503_185404_v2,pre
NG15|J1614-2230|58334.898636345|1567.901|9324,61.60551228457545,0.358365801145086,0.020625079882515697,0.6851639309595615,0.25,0.00037867068997870005,INT_02_GW190503_185404_v2,pre
NG15|J1713+0747gbt|55949.379475172|1755.473|2954,70.84784689728686,0.5422148698889696,0.11277175244780675,0.33421647861813825,0.6,0.0025994679887408976,INT_01_GW150914_v4,pre
NG15|J2145-0750|56487.191698149|1612.760|2207,63.81587357726102,0.40583319017289016,0.2255502396926101,0.47921402360219567,0.375,-0.0039783955348921185,INT_01_GW150914_v4,pre
NG15|J2317+1439|56578.065184693|350.437|647,1.6167630739784575,0.7158170277741931,0.23535354903279096,0.7173880116314746,0.0,-0.006138291555008796,INT_01_GW150914_v4,pre
NG15|J2302+4442|56266.171732900|1330.464|2471,49.906153086836106,0.3110091774590397,0.03576030890058849,0.3014205348332844,0.75,0.0017457371020577967,INT_01_GW150914_v4,pre
NG15|J1909-3744gbt|56535.012892063|1855.535|15957,75.77825487937976,0.11020154211379646,0.15945318177490853,0.17912428233715594,0.5555555555555556,-0.004231885781954694,INT_01_GW150914_v4,pre
NG15|J1909-3744|55639.474222899|1217.873|6161,44.35839704446416,0.4200379276310937,0.1537652652828821,-0.051725750943573214,0.6666666666666666,0.004794023878359372,INT_01_GW150914_v4,pre
NG15|J1738+0333|58817.725436196|2200.055|8033,92.75397151497216,0.4124925553745702,0.12544733136493272,-0.38319612866747704,0.5,0.0019055526605973503,INT_04_GW191126_115259_v1,post
NG15|J2010-1323|55864.783363531|834.483|10392,25.467418288746714,0.3319314066492351,0.07019409119023501,-0.03946509992925253,0.5,-0.004544294620048912,INT_01_GW150914_v4,pre
NG15|J0340+4130|58728.515139607|1158.326|1128,41.42430613972823,0.18856858833364448,0.04723185917280102,-0.17831500214520316,0.6666666666666666,0.0005595746692970307,INT_03_GW190728_064510_v2,post
NG15|J1643-1224gbt|55828.752634284|847.092|14291,26.08870823144434,0.6303448358488696,0.013168765239589653,-0.8527456039395636,0.5,0.0009683427196279724,INT_01_GW150914_v4,pre
NG15|J1713+0747ao|58762.865869342|1586.659|10900,62.52978516467077,0.6397672396643102,0.2557592878393835,-0.07098544414129855,0.8888888888888888,-0.004365377834449955,INT_04_GW191126_115259_v1,pre
NG15|J1713+0747ao|56738.403695104|1235.007|10647,45.20264971146242,0.6368445032830434,0.18915060022237695,-0.3328016729810941,0.6666666666666666,-0.00942238881174203,INT_01_GW150914_v4,pre
NG15|J1909-3744|56584.946636980|1717.602|5010,68.98180903386378,0.2755330684326338,0.14236601713378297,-0.1780046954769362,0.7777777777777778,-0.0015590096418375966,INT_01_GW150914_v4,pre
NG15|J0636+5128|58905.973160562|1582.914|6463,62.34525579395123,0.13698052227531987,0.0440399580718461,0.10556421569858708,0.6666666666666666,-0.001974239747228085,INT_05_GW200219_094415_v1,post
NG15|J2124-3358|57948.379462726|1695.019|456,67.86906490063035,0.45106247862144355,0.08230121661180778,-0.36274836021551277,0.6666666666666666,0.003751621426013217,INT_02_GW190503_185404_v2,pre
NG15|J1640+2224|58468.595771327|439.375|2438,5.999052305768534,0.4494524194632267,0.11473119341470357,0.07918937798813243,0.8,-0.002455577014940608,INT_02_GW190503_185404_v2,pre
NG15|J1713+0747|55948.381641730|863.296|51725,26.88713651532667,0.28498968791712737,0.16429005538078026,0.32166521192978603,0.2,0.0022239778556835017,INT_01_GW150914_v4,pre
NG15|J1640+2224|57671.830423137|1674.769|12523,66.87127591342859,0.36364954530672955,0.16650849227730047,-0.12075466210200445,0.6666666666666666,-0.007075135447948357,INT_01_GW150914_v4,post
NG15|J1643-1224|57764.623365139|803.619|11871,23.946640051660555,0.6234995554757464,0.14991860871281984,-0.10362786629317627,0.5,-0.0030668082961204475,INT_01_GW150914_v4,post
NG15|J1811-2405|57949.287358368|847.868|4927,26.126944490904517,0.38616367542072705,0.06748868196533905,-0.6808422632060678,1.0,-0.0013651994890407084,INT_02_GW190503_185404_v2,pre
NG15|J0030+0451|53851.643994096|1402.000|3443,53.4309843455257,0.40935509489161237,0.13819861230830938,-0.9999999999999999,1.0,0.0051247803494952554,INT_01_GW150914_v4,pre
NG15|J1705-1903|58138.589515496|872.352|7252,27.333357605109335,0.2163481245929458,0.06468081368439008,-0.23907587230751565,0.7777777777777778,0.00247829467032331,INT_02_GW190503_185404_v2,pre
NG15|J1909-3744gbt|55977.638253657|1492.941|9660,57.91196845837084,0.6402557684174576,0.1099366293793147,-0.19167050170842076,0.4444444444444444,-0.0032051743444171128,INT_01_GW150914_v4,pre
NG15|J1903+0327|57936.203581511|1338.336|3022,50.29403431682387,0.40506183359804937,0.09020060233077073,0.9999999999999998,0.0,0.021209414512914526,INT_01_GW150914_v4,post
NG15|B1937+21|57948.207339534|1167.513|8648,41.87698206197132,0.2184017549074615,0.29501835545966715,-0.17300325742943962,0.7777777777777778,-0.004789314164847687,INT_02_GW190503_185404_v2,pre
NG15|J1909-3744|58606.430624635|1355.449|8394,51.13725223968726,0.7479121362601653,0.1381692416611681,0.18500448010503628,0.6666666666666666,-0.0010559297097048692,INT_02_GW190503_185404_v2,pre
NG15|J1909-3744|57495.401273076|1842.922|18036,75.15676784256122,0.6242182906319567,0.13035523864767043,-0.68839721698474,0.8888888888888888,0.0025493369314006638,INT_01_GW150914_v4,post
NG15|J1713+0747ao|59067.992112861|1387.645|3299,52.72366281904269,0.7851527173064745,0.16989260903790618,0.002657714058519858,0.625,-0.00415935568520121,INT_05_GW200219_094415_v1,post
NG15|J1744-1134|57132.329801321|1318.241|2466,49.30388272680811,0.5466908460590912,0.08174411844097076,0.491590586820899,0.5,-0.0007830754411625887,INT_01_GW150914_v4,pre
NG15|J1713+0747ao|58693.028795566|1662.291|9010,66.25644080319138,6.263551515764523e-10,0.31217152048897395,-0.3824986562342899,0.6666666666666666,0.001149415092096665,INT_03_GW190728_064510_v2,post
NG15|J1640+2224|57263.901794305|430.000|625,5.5371129598417985,0.7990448851205366,0.22731039914449813,-0.30707762801899047,0.75,-0.007059980800200217,INT_01_GW150914_v4,pre
NG15|B1937+21|53926.251715619|2350.000|4658,100.14229100563716,0.7080959623007815,0.060265365503434636,1.0,0.0,-0.001839856595148045,INT_01_GW150914_v4,pre
NG15|J0437-4715|58743.472909623|3240.027|3326,143.99706329759815,0.5691152623985763,0.2641808605674652,-0.5817264822847069,0.6,0.003005271042492012,INT_03_GW190728_064510_v2,post
NG15|J1713+0747gbt|57336.905523011|784.849|31273,23.021775889202445,0.7696560116417437,0.16245415519031084,-0.2388779106443593,0.7777777777777778,-8.755967766023433e-05,INT_01_GW150914_v4,post
NG15|J1012+5307|56004.028773050|853.596|24125,26.409183272074472,0.29465495556559335,0.07020232539346714,0.026197821262755033,0.5,0.001869911954949615,INT_01_GW150914_v4,pre
NG15|J1643-1224|56451.206711902|1306.027|3985,48.702055828552204,0.6401079498302205,0.03307077225783393,-0.32884325996802083,1.0,0.002193493037307856,INT_01_GW150914_v4,pre
NG15|J1909-3744|57564.246694060|897.364|28372,28.56578714327675,0.7495028356298837,0.17366177469484204,-0.5919834747028162,0.8888888888888888,-0.00011221137500338255,INT_01_GW150914_v4,post
NG15|J1853+1303|57375.683820266|428.437|388,5.460098432088895,0.34451823803415466,0.05979262569133729,-0.6828622382616196,0.5,0.0019124740629903368,INT_01_GW150914_v4,post
NG15|J1024-0719|56763.974246910|1230.734|6292,44.99210391678029,0.430024567754498,0.14296317763096203,-0.5538707041276857,0.6,-0.0037302783095792967,INT_01_GW150914_v4,pre
NG15|B1937+21|55543.661893765|1367.944|9367,51.7529249999384,0.767757611813338,0.07950658553476894,-0.405406221706304,0.6,-9.529592118514294e-05,INT_01_GW150914_v4,pre
NG15|J2145-0750|55617.515436976|850.320|18430,26.247763187033836,0.2993024762037028,0.15344816893498295,-0.7898104794752245,1.0,-0.0007887827779946297,INT_01_GW150914_v4,pre
NG15|J1643-1224|56548.804713637|1392.532|8697,52.96446256128737,0.6398421551987095,0.04880467882902128,0.4087723636841679,0.6666666666666666,0.00108547061757361,INT_01_GW150914_v4,pre
NG15|J1455-3330|56763.329428028|879.375|9273,27.679405607929972,0.5498496838758578,0.11223472718402171,0.6080950214483357,0.3333333333333333,-0.004142103677196017,INT_01_GW150914_v4,pre
NG15|J1643-1224gbt|56643.574018605|1633.714|3897,64.84835112974623,0.4746496315302482,0.072248281818395,-0.08116191021267707,0.5,-0.0011348958877524947,INT_01_GW150914_v4,pre
NG15|J0645+5158|56351.018094459|1380.824|3182,52.38756806932895,0.20226460335694937,0.11448873337159039,-0.6249411040807847,0.6,0.001950370111156425,INT_01_GW150914_v4,pre
NG15|J1600-3053gbt|58137.586313084|1330.620|6345,49.913839757552324,0.44656852809841246,0.09240741715712468,-0.18005731063749827,0.7142857142857143,-0.0013158596259659492,INT_02_GW190503_185404_v2,pre
NG15|J1909-3744|58824.838598517|812.187|30935,24.368815658689922,0.5914442754572095,0.166847980786634,0.14280277316019616,0.6666666666666666,-0.001815090579532008,INT_04_GW191126_115259_v1,post
NG15|J1024-0719|58397.490999362|915.311|7269,29.450099190353775,0.22156634070738707,0.13782660460306048,-0.8185373227546077,0.75,0.007017519802046325,INT_02_GW190503_185404_v2,pre
NG15|J1730-2304|57682.879924516|884.823|3416,27.947847800634914,0.718574954373281,0.14841605076906703,-0.05839583736622286,0.5555555555555556,-0.010569697979088181,INT_01_GW150914_v4,post
NG15|J2317+1439|57682.081764269|431.561|2397,5.614028940534238,0.6975887734550512,0.15404376313837118,-0.5839626115298624,0.6666666666666666,-0.0018924173440812901,INT_01_GW150914_v4,post
NG15|J1747-4036|58698.162992956|725.426|6329,20.09379490221531,0.3140086052224084,0.027125409736937025,1.0,0.0,-0.0011386585288060576,INT_03_GW190728_064510_v2,post
NG15|J2145-0750|58880.728551962|752.812|11251,21.44319980115393,0.38326074625526013,0.1591065622921296,0.05447784346753146,0.6666666666666666,-0.0006510114111689178,INT_05_GW200219_094415_v1,pre
NG15|B1937+21|58609.396326262|881.697|20743,27.793818745129105,0.8055043254768833,0.2468433158025727,0.2664527737992711,0.6666666666666666,-0.0027987427404444092,INT_02_GW190503_185404_v2,post
NG15|J0613-0200|56192.540376934|900.473|12754,28.718978548768607,0.5121072272565012,0.04649585917875212,0.5000623051282522,0.6666666666666666,-0.004758560764219496,INT_01_GW150914_v4,pre
NG15|J1600-3053|56193.873097573|737.951|15229,20.71094586837343,0.5108344226056828,0.05708730218830923,-0.3441843355344914,0.6666666666666666,0.001976552399177351,INT_01_GW150914_v4,pre
NG15|J1643-1224|58649.395320907|3496.073|18304,156.6133536194282,0.2815269029716716,0.1666736028883201,-0.27006085922933926,0.5555555555555556,-0.0027050743876970754,INT_02_GW190503_185404_v2,post
NG15|B1937+21gbt|57614.075731228|1693.063|4407,67.7726858754962,0.5540124402143517,0.13712318466096596,-0.9574499101852235,1.0,-0.00570053472661915,INT_01_GW150914_v4,post
NG15|J2033+1734|58651.318775524|1536.930|1981,60.07946177975444,0.31560019867801115,0.03341612982257444,-1.0,1.0,-0.0006968707311054535,INT_03_GW190728_064510_v2,pre
NG15|J1614-2230|58070.764307538|862.186|16491,26.832442896768946,0.29364137064694157,0.11098799010190606,-0.13279217974974541,0.5,-0.006077405557299,INT_02_GW190503_185404_v2,pre
NG15|J1614-2230|58490.467352088|769.254|18161,22.253355185231516,0.3745908691969006,0.061060440024244204,-0.3843682031350906,0.6666666666666666,0.0008081971137934621,INT_02_GW190503_185404_v2,pre
NG15|J1909-3744|56451.367281091|1280.240|5487,47.43143930445485,0.5403672871293003,0.1456558164459372,-0.17151907952601184,0.8,-0.003304634089465902,INT_01_GW150914_v4,pre
NG15|J1600-3053gbt|58672.004635249|787.974|12531,23.175755671178024,0.4172564206142738,0.09392861400138612,0.7180854923386849,0.2,0.00332420691848535,INT_03_GW190728_064510_v2,pre
NG15|J0030+0451|57226.378487639|1361.804|15730,51.4503855243128,0.0983332537169413,0.126957611720138,-0.13447642620282244,0.5555555555555556,-0.0018714855459751269,INT_01_GW150914_v4,pre
NG15|J2124-3358|58944.637246256|1505.490|666,58.53030198925454,0.3853668314446834,0.08713946232029704,0.1582605604854495,0.5,-0.005128216889275187,INT_05_GW200219_094415_v1,post
NG15|J2214+3000|58691.281538694|1223.955|1460,44.658078655336304,0.28769850160669946,0.06468264172254064,0.18708335518267646,0.6666666666666666,-0.0015814345398681433,INT_03_GW190728_064510_v2,pre
NG15|J1918-0642|58461.918796132|809.837|12799,24.253022862644286,0.48864875840685706,0.174453040055162,-0.21648957230283078,0.75,-0.002494278840129558,INT_02_GW190503_185404_v2,pre
NG15|J1713+0747|56417.295199523|1200.012|11165,43.4783225209871,0.00021851737758460198,0.29637252151890164,-0.19448451751988713,0.6666666666666666,0.0022450818290365867,INT_01_GW150914_v4,pre
NG15|J1909-3744|57496.381837019|912.973|31327,29.33489767667092,0.6616128025074577,0.13035523864767043,-0.68839721698474,0.8888888888888888,0.0025493369314006638,INT_01_GW150914_v4,post
NG15|J1909-3744|57666.065408484|1229.740|10593,44.9431260277295,0.388322041954132,0.157189400109272,-0.4938697586118755,0.6666666666666666,-0.00048529375756827805,INT_01_GW150914_v4,post
NG15|J1903+0327|57537.328697434|2397.654|5588,102.4903718153217,0.2180946587940214,0.11402107195471688,-1.0,1.0,-0.0024123015809933194,INT_01_GW150914_v4,post
NG15|J0636+5128|56829.702418950|1805.465|3313,73.31112922065425,0.2621376736735866,0.058984366179916085,-0.05098515869925292,0.5555555555555556,-0.000651956835527786,INT_01_GW150914_v4,pre
NG15|J1600-3053gbt|58460.578743246|1367.511|5230,51.73158956134786,0.6329405053389885,0.08924280902470276,0.3203328093795113,0.5,-0.0023535124944911875,INT_02_GW190503_185404_v2,pre
NG15|J1843-1113|58047.865755493|1193.481|2139,43.1565170950407,0.470274219286911,0.07853609495245684,-0.5343284210208336,0.6666666666666666,-0.0003984875338675769,INT_02_GW190503_185404_v2,pre
NG15|J1802-2124|57922.337190201|906.727|3409,29.027135206840697,0.2829179003704705,0.03756400185772203,-0.3979906172542759,0.6666666666666666,-2.5363607228906075e-05,INT_01_GW150914_v4,post
NG15|J1643-1224|54710.812593784|1388.000|246,52.74115492227511,0.5024104681697668,0.07197113212528951,0.25889592320715615,0.8888888888888888,-0.0034480856113257605,INT_01_GW150914_v4,pre
NG15|J1918-0642|56440.205646731|1205.425|1903,43.745040140133916,0.47767937424244017,0.09186623800045407,-0.29067894241466075,0.7142857142857143,0.000806149381681967,INT_01_GW150914_v4,pre
NG15|B1855+09|57649.984650520|1610.280|5874,63.69367522228521,0.7204369903629403,0.20196301997975863,-0.06769543811643462,0.5555555555555556,-0.0009023346710051841,INT_01_GW150914_v4,post
NG15|J1713+0747gbt|57869.452659662|1730.540|9809,69.61930996800778,0.37979035628797886,0.11660564170661264,-0.34601309948654146,0.6666666666666666,0.0010488404376499498,INT_01_GW150914_v4,post
NG15|J1744-1134|55639.383021214|1716.988|1581,68.95155508630121,0.5096841846635372,0.14876881452504387,0.10189955461694529,0.4,-0.003503329632937953,INT_01_GW150914_v4,pre
NG15|J1713+0747|57415.516492385|1575.242|11331,61.96722927000991,0.12311139616884488,0.2530305813500331,-0.38520350335626613,0.5555555555555556,0.0020451933268088467,INT_01_GW150914_v4,post
NG15|J2145-0750|57078.656027500|1455.477|4814,56.06598492175227,0.8488605297672109,0.1345611735950387,-1.0,1.0,0.009705061767090548,INT_01_GW150914_v4,pre
NG15|J1600-3053gbt|54428.613548765|856.000|10687,26.527636838752645,0.4960353005548627,0.08030829027192161,0.3358335531404104,0.4444444444444444,0.0007279926379562369,INT_01_GW150914_v4,pre
NG15|J1600-3053gbt|56564.793073271|1540.294|4960,60.24521793545551,0.444366895382545,0.10851620170376908,-0.0185422114858658,0.7777777777777778,0.0036920087278849217,INT_01_GW150914_v4,pre
NG15|J1713+0747|57047.721126715|1818.018|34401,73.92965984565888,0.794003050246702,0.1745790661612702,-0.3806612785446189,0.7777777777777778,0.0006742044340545688,INT_01_GW150914_v4,pre
NG15|J1909-3744|56792.414026654|906.454|24368,29.013683533087306,0.6595293269461325,0.15598225055566375,-0.20037423592474465,0.5714285714285714,-0.00336614762587019,INT_01_GW150914_v4,pre
NG15|J1614-2230|58364.832889973|1780.355|245,72.0738708765241,0.29938471097867336,0.020625079882515697,0.6851639309595615,0.25,0.00037867068997870005,INT_02_GW190503_185404_v2,pre
NG15|J1713+0747|58292.228409433|1633.805|23871,64.85283502099738,0.2540716143247514,0.14799693941558167,-0.04707373545727746,0.5555555555555556,-0.004254192364307509,INT_02_GW190503_185404_v2,pre
NG15|J1909-3744|55919.661527743|840.899|26523,25.78355725871642,0.2238147999017495,0.15138360558691513,-0.08856201084468747,0.75,0.0005917080246498599,INT_01_GW150914_v4,pre
NG15|J1600-3053gbt|57078.462523899|1830.413|8848,74.54040525288681,0.6479472932089194,0.08170712518966905,-0.4363705612243789,1.0,0.002913075976743106,INT_01_GW150914_v4,pre
NG15|J1012+5307|56151.622022186|728.572|21338,20.248809428325764,0.6751269511454216,0.17164727036748334,0.20231011774051397,0.5555555555555556,-0.006578598830997042,INT_01_GW150914_v4,pre
NG15|J2302+4442|58788.314755972|809.846|5109,24.253466324416372,0.30512338320297205,0.09070997262502978,0.5234505856614301,0.4444444444444444,0.001559369582165713,INT_04_GW191126_115259_v1,pre
NG15|J2322+2057|57844.635976569|1352.017|775,50.96814548393039,0.2671295752447554,0.14700274902417806,-0.44431807349089697,1.0,0.0011003752145004623,INT_01_GW150914_v4,post
NG15|J1713+0747|58268.202171415|781.723|52784,22.86774683369663,0.8033437752384798,0.1459413408036628,-0.03756889254249595,0.5555555555555556,-0.004305605508951928,INT_02_GW190503_185404_v2,pre
NG15|J1640+2224|57581.069545816|428.437|2129,5.460098432088895,0.761479157956686,0.14362083221540767,-0.26082192420379785,0.6666666666666666,-0.004545197044518838,INT_01_GW150914_v4,post
NG15|J1713+0747|56676.478923786|1743.067|42287,70.23655948122637,0.7560419964857911,0.1389328376544005,-0.033322004873967984,0.5555555555555556,0.006200011206796173,INT_01_GW150914_v4,pre
NG15|J1713+0747|56352.339066996|1755.445|29399,70.84646723844035,0.6448099735484664,0.26233189662342044,-0.40922220293796185,0.5555555555555556,0.002126114493686057,INT_01_GW150914_v4,pre
NG15|J1614-2230|55521.607216017|800.531|14657,23.794483390303565,0.4294932123308188,0.0756180060669226,-0.5812344638563605,1.0,-0.0018753639681876031,INT_01_GW150914_v4,pre
NG15|J0636+5128|56706.043334300|828.595|29050,25.177295742739613,0.17177954829955086,0.04668737610955905,0.19321141711806852,0.5714285714285714,-0.0014043620662816116,INT_01_GW150914_v4,pre
NG15|J1705-1903|58039.823288069|1830.460|891,74.54272110880771,0.21335407895919908,0.05224546718791721,-0.1646901597291325,0.7777777777777778,0.0006082082235923505,INT_02_GW190503_185404_v2,pre
NG15|J2145-0750|57439.609840719|759.823|14625,21.78865652161178,0.2896320509658878,0.16812339399524898,0.14232071171733093,0.4,0.0007849922416244407,INT_01_GW150914_v4,post
NG15|J1614-2230|57012.623334189|731.735|11847,20.404661604450165,0.3526387952754265,0.06201374874106203,-0.30132714470529404,0.75,-0.0002552628848383553,INT_01_GW150914_v4,pre
NG15|B1937+21|57102.508501073|750.457|18803,21.327160637457133,0.23014238316219635,0.25629672258070973,-0.3980751508985731,0.75,-0.002210343095991579,INT_01_GW150914_v4,pre
NG15|J1713+0747|58544.390962780|750.480|47441,21.328293928652478,0.5428593732746575,0.17520273821173446,-0.05845668064381405,0.5555555555555556,0.0036838973567332447,INT_02_GW190503_185404_v2,pre
NG15|J0613-0200|56432.824760195|897.216|12083,28.558494660802385,0.5560247759068456,0.05132192708779555,-0.12101591151470642,0.6,-0.011769443628678877,INT_01_GW150914_v4,pre
NG15|J1600-3053gbt|58070.787936361|909.864|11148,29.181706271179063,0.4285499182391673,0.13167140214994227,0.46752400297117463,0.7142857142857143,-0.0023770800044161924,INT_02_GW190503_185404_v2,pre
NG15|J1918-0642|57161.350184768|900.462|15834,28.718436539936057,0.3041253028904136,0.10860644052083067,0.6832654824831585,0.0,0.003663273582741476,INT_01_GW150914_v4,pre
NG15|J0509+0856|57977.505484346|1351.883|590,50.96154283087928,0.5070729323144255,0.06957173719540947,0.39136967110547094,0.5,-0.0037468917670845474,INT_02_GW190503_185404_v2,pre
NG15|J0023+0923|56399.614926494|431.562|3798,5.614078214064473,0.20968268212419855,0.04779294168727641,-0.9979074753233214,1.0,-0.0004974705110881765,INT_01_GW150914_v4,pre
NG15|J1643-1224gbt|55278.252508088|809.651|12442,24.243857986021094,0.6687444988755277,0.03567237321726786,0.9804283735967105,0.0,-0.0017840152653899666,INT_01_GW150914_v4,pre
NG15|B1937+21gbt|57922.281860532|803.598|13114,23.94560530752568,0.8186944699252826,0.1955825332810057,0.9446408664488497,0.3333333333333333,-0.014387895767356438,INT_01_GW150914_v4,post
NG15|J2145-0750|55674.423820212|753.591|18508,21.481583881204802,0.7102896165652125,0.14061078804876803,-0.8053742884778485,1.0,-1.0290883176015293e-05,INT_01_GW150914_v4,pre
NG15|J1455-3330|57488.353913167|1693.505|4302,67.79446477585881,0.4587924808593639,0.06432721710592361,0.1833994796229312,0.6666666666666666,0.000555976980010864,INT_01_GW150914_v4,post
NG15|J1713+0747ao|58567.406515187|1777.805|19297,71.94822337443202,0.7570200759403959,0.25544479350479066,0.10706394257118733,0.6666666666666666,0.007753315536911234,INT_02_GW190503_185404_v2,pre
NG15|J1713+0747|55677.270697824|1386.000|782,52.64260786181074,0.33774163787654987,0.12975584993946937,-0.1702114012128261,0.6666666666666666,0.0026670349566228066,INT_01_GW150914_v4,pre
NG15|J1024-0719|56943.525966858|837.986|12144,25.640023465150062,0.5133880172456482,0.08128757926724692,-0.5009318406526041,0.6666666666666666,-0.0027722783393828217,INT_01_GW150914_v4,pre
NG15|J1811-2405|58096.829362995|828.588|4829,25.176950828027987,0.4497504416266891,0.06087513336467788,-0.5706762997663074,1.0,-0.0025584026074605797,INT_02_GW190503_185404_v2,pre
NG15|J1741+1351|57138.318861183|1399.826|5454,53.32386369080093,0.2661552534278204,0.24066657669413605,-0.9999999999999999,1.0,-0.01024204835129912,INT_01_GW150914_v4,pre
NG15|J2214+3000|57873.479931465|1462.289|3515,56.401636209693905,0.3655044691512893,0.07160119731056455,0.11914574211586453,0.75,-0.0004601258970221385,INT_01_GW150914_v4,post
NG15|J0030+0451|57970.308933512|1572.717|9889,61.84281360617365,0.2577352547885469,0.17062755485293118,-0.2111386937247733,0.8,-0.008008490637331658,INT_02_GW190503_185404_v2,pre
NG15|J1713+0747gbt|58803.938053710|1467.374|1413,56.65219211092457,0.49926194956082,0.2327564241653175,-0.3016634470339485,0.7777777777777778,0.0051334919759375795,INT_04_GW191126_115259_v1,pre
NG15|J1125+7819|57579.919434001|881.708|8032,27.794360753961655,0.48042475190954526,0.07380413784147247,-0.5222177693185481,0.5,-0.0028911604732569296,INT_01_GW150914_v4,post
NG15|J2234+0611|58629.429117368|423.750|526,5.229153395890642,0.3888917507435702,0.12231769366986113,-0.33597058637203636,1.0,-0.00016217562771037895,INT_02_GW190503_185404_v2,post
NG15|J0636+5128|58300.962890332|1554.687|13486,60.95441185608734,0.20397033689372288,0.10050045709434084,0.04341840532485872,0.6666666666666666,-0.0018546525693982658,INT_02_GW190503_185404_v2,pre
NG15|J1022+1001|57808.203508636|2287.257|3396,97.05072189827918,0.059771744534424937,0.18704753355359946,-0.08673504725600187,0.6666666666666666,0.0004662587619790999,INT_01_GW150914_v4,post
NG15|J1713+0747|55340.031514064|763.205|48522,21.955299600857032,0.43952308000178403,0.15508272867409548,0.4306360796069792,0.6,-0.006431282066040293,INT_01_GW150914_v4,pre
NG15|J2302+4442|58579.857120905|1805.474|602,73.31157268242634,0.35045735042254095,0.09070997262502978,0.5234505856614301,0.4444444444444444,0.001559369582165713,INT_02_GW190503_185404_v2,pre
NG15|J1946+3417|57844.480535365|2201.884|4099,92.84409280176683,0.3841960024236164,0.06480049222363986,-0.9999999999999998,1.0,-0.0030388547216412326,INT_01_GW150914_v4,post
NG15|J1012+5307|57948.912500345|1805.444|11697,73.31009447651938,0.3719759383071344,0.17131537122586862,0.26188105539796436,0.625,-0.0013242603430248477,INT_02_GW190503_185404_v2,pre
NG15|J1802-2124|58160.699585447|1456.162|1656,56.09973728996131,0.371326229215736,0.042592416560620676,-0.12782094123616058,0.6666666666666666,0.0013363716679722986,INT_02_GW190503_185404_v2,pre
NG15|B1937+21gbt|57080.525682737|837.978|10718,25.639629276908202,0.8991511238164629,0.3164787453297735,0.6479831824544475,0.3333333333333333,-0.01256903527958209,INT_01_GW150914_v4,pre
NG15|J0636+5128|57193.778801256|885.625|21943,27.987365171881127,0.2114339948509999,0.04723122331533033,0.4528733460053741,0.5555555555555556,-0.0027336905291378325,INT_01_GW150914_v4,pre
NG15|J1909-3744gbt|57375.738960612|1668.233|17599,66.54922411983104,0.48690292366696747,0.12850610994022932,-0.31320858869207047,0.5555555555555556,0.0016485863733604552,INT_01_GW150914_v4,post
NG15|J1713+0747|58161.501155443|750.445|47701,21.32656935509435,0.22755599589017314,0.19183986463659983,0.328676829141277,0.4444444444444444,0.0034296820998496835,INT_02_GW190503_185404_v2,pre
NG15|J0613-0200|54035.582561336|884.000|9001,27.90729568525383,0.6045765365884784,0.16641107938566496,1.0,0.0,-0.013788664145760786,INT_01_GW150914_v4,pre
NG15|J1713+0747ao|57362.701877495|1686.718|4789,67.46004532617297,0.6322436118437461,0.11880797681424894,-0.23210502698493227,0.5714285714285714,-0.002359781470140066,INT_01_GW150914_v4,post
NG15|J1012+5307|56331.203717652|825.456|25244,25.022626131340783,0.5117512552179866,0.17064097132369166,0.707522023647262,0.5555555555555556,-0.007245916665941548,INT_01_GW150914_v4,pre
NG15|J1705-1903|58160.516714992|1307.737|961,48.78631356524924,0.2796772234359889,0.06673754888871893,-0.24495358717484506,0.8888888888888888,0.0019386403517267952,INT_02_GW190503_185404_v2,pre
NG15|J1713+0747ao|58623.256102660|1712.263|7529,68.71873765595414,0.33021781880548234,0.3069490991987363,0.014394706077845805,0.3333333333333333,0.0043697812265627994,INT_02_GW190503_185404_v2,post
NG15|J1012+5307|55543.497021624|1693.297|11387,67.78421588157052,0.18200501423243273,0.20519259342596932,-1.0,1.0,-0.004884465841262289,INT_01_GW150914_v4,pre
NG15|J2214+3000|58528.707140320|1487.315|213,57.63475557728457,0.22064241309494767,0.06468264172254064,0.18708335518267646,0.6666666666666666,-0.0015814345398681433,INT_02_GW190503_185404_v2,pre
NG15|J1713+0747|56948.696996548|822.432|53671,24.873622975918657,0.38761565113435814,0.22386798578131384,-0.413927563117357,0.7777777777777778,0.0020897417508626017,INT_01_GW150914_v4,pre
NG15|J1012+5307|54710.751664071|1376.000|825,52.14987255948889,0.5921890246795319,0.11216026299286563,0.7241778283514708,0.4444444444444444,-0.002964407530166701,INT_01_GW150914_v4,pre
NG15|J1713+0747gbt|57041.539798798|1241.586|18348,45.526820266859964,0.4067735282558966,0.15104900871284374,-0.2519606491961738,0.6666666666666666,0.004742424499149392,INT_01_GW150914_v4,pre
NG15|J0740+6620|56640.386452974|1157.688|7555,41.392869627440106,0.1514190407246078,0.19920344385305006,-0.9999999999999999,1.0,0.03732954771027591,INT_01_GW150914_v4,pre
NG15|J1600-3053|55579.521982539|1430.385|5673,54.82961350116627,0.4413218864673423,0.08753586844704575,0.2198400242479945,0.4,0.004402015987471106,INT_01_GW150914_v4,pre
NG15|J2043+1711|57772.704738672|1662.284|3666,66.25609588847976,0.33370567066323104,0.08726745396165682,0.5243585913109655,0.5555555555555556,-0.0013305984748975216,INT_01_GW150914_v4,post
NG15|J0636+5128|57702.258415817|828.590|32151,25.177049375088455,0.1375287950573645,0.10390215531123909,0.24394589843162398,0.7777777777777778,-6.396206747484022e-05,INT_01_GW150914_v4,post
NG15|J0645+5158|57672.292523135|1743.520|113,70.25888039042155,0.5417325221520148,0.14093125259411327,1.0,0.0,0.0014903875006847932,INT_01_GW150914_v4,post
NG15|J0740+6620|58368.521240106|775.474|9002,22.55983654327571,0.5012219056744702,0.08830441297352315,-0.901431238325972,1.0,0.0003429111042874231,INT_02_GW190503_185404_v2,pre
NG15|J1640+2224|58542.423085386|1224.170|11267,44.668672464336225,0.33762082987689307,0.12798905711061714,0.22856482444372941,0.75,-0.0007282516648965719,INT_02_GW190503_185404_v2,pre
NG15|J1643-1224gbt|56194.841325918|1492.939|3662,57.91186991131038,0.5889779597670919,0.03493079866547085,-0.026201279454242696,0.25,-0.0013689505563529148,INT_01_GW150914_v4,pre
NG15|J2214+3000|57844.546002134|2062.923|7106,85.99699376717216,0.25377238025474363,0.1097166783275377,0.24943700042130068,0.6666666666666666,-0.0022260297916230467,INT_01_GW150914_v4,post
NG15|J0636+5128|57978.826370016|784.841|27592,23.02138170096059,0.21407701829742143,0.0904167536938626,0.11053567237473295,0.7777777777777778,-0.0020886437947225376,INT_02_GW190503_185404_v2,pre
NG15|J1738+0333|56326.533938657|1523.026|4580,59.39436261540614,0.20772715482442472,0.09519354095864449,-0.3592186065201021,0.6666666666666666,-0.003250685377136066,INT_01_GW150914_v4,pre
NG15|B1937+21|55493.753209327|769.244|18969,22.252862449929196,0.8136791290125022,0.08254851270456968,-0.2192041305108637,0.5,0.0005456580455308222,INT_01_GW150914_v4,pre
NG15|B1855+09|58683.153157465|1462.314|5838,56.40286804794972,0.7710125868271908,0.09628713460864324,-0.7232168050966696,1.0,0.002313013777748296,INT_03_GW190728_064510_v2,pre
NG15|J1944+0907|57033.723134423|1400.092|5198,53.336970449842696,0.5176282225978168,0.0882697184548951,-0.8931321650878964,0.6666666666666666,-0.0026603230525339273,INT_01_GW150914_v4,pre
NG15|J0030+0451|58462.959327952|431.561|922,5.614028940534238,0.8564116106994821,0.17896401241682403,-0.27863332822827114,0.42857142857142855,-0.006355699565751492,INT_02_GW190503_185404_v2,pre
NG15|J1640+2224|58986.198188961|1362.564|10819,51.48783340728925,0.5012633036519264,0.12549313950488727,0.32065014487553367,0.5555555555555556,-0.0010605203014963374,INT_05_GW200219_094415_v1,post
NG15|J1713+0747ao|54008.903025344|1398.000|429,53.23389022459696,0.6370959167666332,0.18882504515276727,-0.5642920152143474,0.7777777777777778,0.0029677630008044034,INT_01_GW150914_v4,pre
NG15|J0636+5128|58266.000102174|1480.522|194,57.30004048641734,0.15821259780999838,0.10050045709434084,0.04341840532485872,0.6666666666666666,-0.0018546525693982658,INT_02_GW190503_185404_v2,pre
NG15|J1713+0747|57859.277164654|1730.522|43160,69.61842304446361,0.7683969000977681,0.2505533007243098,-0.0629517502116154,0.4444444444444444,-0.0024872606179290315,INT_01_GW150914_v4,post
NG15|J1012+5307|53534.950452305|1432.000|342,54.90919025249125,0.30155279066164914,0.0378151105658945,1.0,0.0,0.0016774534864586806,INT_01_GW150914_v4,pre
NG15|J0030+0451|59043.415010344|1154.554|10064,41.23844638369244,0.40720881723841934,0.160783840374873,0.22307012210808053,0.6666666666666666,-0.00526809596079943,INT_05_GW200219_094415_v1,post
NG15|J2234+0944|57958.277084880|1863.390|6245,76.16529845935358,0.18553834568781205,0.13978093892353538,-0.15636532985662252,0.6,-0.005335020386816099,INT_02_GW190503_185404_v2,pre
NG15|J1600-3053gbt|56172.932081272|1817.992|7345,73.92837873387283,0.6034909560048644,0.08064094770642403,-0.11731414602849394,0.5,0.0027967231666310094,INT_01_GW150914_v4,pre
NG15|J2234+0944|58558.616654857|1849.819|5388,75.49660738057258,0.3097241956134155,0.10760766280828087,0.2347798993947814,0.5,-0.006776815214615481,INT_02_GW190503_185404_v2,pre
NG15|J1600-3053gbt|56477.147890967|1568.873|4450,61.65340615596113,0.6072283083891066,0.054640949646934805,-0.03119917354975604,0.6666666666666666,0.001437994801467799,INT_01_GW150914_v4,pre
NG15|J2043+1711|58986.451576315|426.875|2566,5.38313317786622,0.43113252896104626,0.018324905224427097,-1.0,1.0,-0.0008566644699865474,INT_05_GW200219_094415_v1,post
NG15|J2145-0750|54641.203543819|844.000|9691,25.936354475966425,0.5140797681329585,0.15659688521933035,-0.6483368259374908,0.8888888888888888,-0.0012056488576326543,INT_01_GW150914_v4,pre
NG15|J1713+0747ao|53628.933521998|2338.000|13585,99.55100864285095,0.7929325992151164,0.14392536802584235,-1.0,1.0,0.004470734676864859,INT_01_GW150914_v4,pre
NG15|J1909-3744|58894.728147766|2695.971|32980,117.18950353359648,0.5044113153116253,0.09742358525573869,0.12456311035983406,0.6666666666666666,-0.0005855804960614046,INT_05_GW200219_094415_v1,pre
NG15|J1600-3053|58302.055380860|834.859|13170,25.485945136114022,0.47267858939994367,0.08962232049575257,0.08792601314140239,0.7777777777777778,-0.0009080136276089021,INT_02_GW190503_185404_v2,pre
NG15|J2317+1439|53385.869461151|428.000|1145,5.438565899377428,0.6861868023351344,0.05004281563959209,-0.586279357822386,0.5,0.03800692444534418,INT_01_GW150914_v4,pre
NG15|J1909-3744gbt|58880.566999830|1219.460|11761,44.43659413694264,0.3732503685363691,0.16085094103588124,0.12398675067990172,0.5714285714285714,-0.003998828892010307,INT_05_GW200219_094415_v1,pre
NG15|J1744-1134|55639.383021210|1793.807|1587,72.73669840520745,0.2644060869164001,0.14876881452504387,0.10189955461694529,0.4,-0.003503329632937953,INT_01_GW150914_v4,pre
NG15|J0613-0200|56492.600153788|900.474|16291,28.719027822298845,0.5799204338445134,0.056118106656592386,-0.271798018104715,0.6,-0.003440009935849329,INT_01_GW150914_v4,pre
NG15|B1937+21|55492.755256143|1442.349|14282,55.41912201686413,0.8078296651095841,0.08254851270456968,-0.2192041305108637,0.5,0.0005456580455308222,INT_01_GW150914_v4,pre
NG15|J1600-3053|56431.244140424|762.966|14036,21.94352322713154,0.48038020548421456,0.0966905080547778,0.21598826333747112,0.6666666666666666,0.0037526764614222263,INT_01_GW150914_v4,pre
NG15|J0023+0923|55989.764115427|1412.527|6507,53.94968679827991,0.358784433518828,0.13541603912830058,0.4919028376245235,0.375,0.0014119798358184627,INT_01_GW150914_v4,pre
NG15|J1600-3053|58396.761228140|1158.378|7437,41.4268683633003,0.4316339053481779,0.060363299110522274,-0.2584312961249201,0.6666666666666666,-0.0005054859916419015,INT_02_GW190503_185404_v2,pre
NG15|J1713+0747ao|58613.281637460|1708.127|10803,68.51494233491383,0.10584634348443848,0.3069490991987363,0.014394706077845805,0.3333333333333333,0.0043697812265627994,INT_02_GW190503_185404_v2,post
NG15|J1614-2230|57646.911013168|872.364|12237,27.333948887472122,0.3923098777599593,0.050845139182659746,-0.5837283394310674,0.6666666666666666,-0.004744422226406694,INT_01_GW150914_v4,post
NG15|J2043+1711|56018.551012691|1536.896|5326,60.07778647972654,0.4924047708115224,0.05160038619022313,-1.0,1.0,-0.004159864780942672,INT_01_GW150914_v4,pre
NG15|J1455-3330|58759.723148965|847.557|8975,26.111620423002307,0.6432419117279771,0.11707317835138904,-0.1414878819625328,0.6666666666666666,0.001451565971043371,INT_04_GW191126_115259_v1,pre
NG15|J1600-3053gbt|54553.265156442|1404.000|313,53.52953140599007,0.4808935947163013,0.022735119186443577,1.0,0.0,-0.01233455206543472,INT_01_GW150914_v4,pre
NG15|J1600-3053|58365.850781926|759.849|13983,21.78993763339782,0.41134653725109493,0.08702793208074819,-0.0768440033825218,0.5,-0.0022975643958847614,INT_02_GW190503_185404_v2,pre
NG15|J2033+1734|57317.980821248|1650.078|3774,65.65466317846571,0.2008252830853451,0.028329212944505883,1.0,0.0,0.010480399726327036,INT_01_GW150914_v4,post
NG15|J1909-3744|56961.971595057|1505.437|16929,58.527690492152225,0.37231119086797626,0.14565247611420754,-0.29605812417054916,0.8571428571428571,-0.002039082188583286,INT_01_GW150914_v4,pre
NG15|J1713+0747gbt|56591.964854230|1553.164|11195,60.879368269543725,0.8287015575477525,0.15228434959160433,0.27582777201480485,0.6666666666666666,0.0012584039254672492,INT_01_GW150914_v4,pre
NG15|J1713+0747|57597.067877456|1837.733|14780,74.9010874941864,0.7049719342305033,0.17195463677332593,-0.4198802489327656,0.7777777777777778,0.0016121913953526525,INT_01_GW150914_v4,post
NG15|J2010-1323|55731.206697018|1855.515|4504,75.77726940877513,0.20902054851596355,0.0434746050476167,-0.5683625645610417,1.0,-0.0007280593005971908,INT_01_GW150914_v4,pre
NG15|J0030+0451|57260.283228707|2212.349|17884,93.35974029564665,0.30489271548378055,0.12468663406488101,-0.12354232906189969,0.5555555555555556,-0.0017818144768307655,INT_01_GW150914_v4,pre
NG15|J1705-1903|57921.164488966|1767.876|6177,71.45898649275665,0.18840245280097673,0.056808660070678314,-0.3198968073002104,0.875,-0.0009202349977953765,INT_01_GW150914_v4,post
NG15|J1909-3744gbt|58896.701208484|1865.884|11475,76.28818664375264,0.4072020215481888,0.16085094103588124,0.12398675067990172,0.5714285714285714,-0.003998828892010307,INT_05_GW200219_094415_v1,pre
NG15|J2317+1439|57851.574849405|1599.276|8149,63.15146929561025,0.4579363588109834,0.15104189086879555,-0.5178718821323082,0.75,-0.0033702485648259123,INT_01_GW150914_v4,post
NG15|J1944+0907|57587.197715517|1675.082|2052,66.88669852839126,0.43539587353363024,0.08920084359380834,-0.6650263860093706,1.0,-0.0003829862525612957,INT_01_GW150914_v4,post
NG15|B1937+21|58635.357117772|1607.451|11587,63.55428040525835,0.6739776855834688,0.23950719313566535,0.12782258049862025,0.6666666666666666,-0.002816433334072834,INT_02_GW190503_185404_v2,post
NG15|J1802-2124|58882.717396549|846.830|4263,26.07579856652351,0.21714819848324537,0.09680143327180622,0.48873335361569975,0.4,0.007113418389110665,INT_05_GW200219_094415_v1,pre
NG15|J1738+0333|56933.866969296|1838.501|7422,74.93892956540472,0.4720711252572863,0.13382813772665514,-0.08300232321315827,0.6666666666666666,-0.006465065111422489,INT_01_GW150914_v4,pre
NG15|J1012+5307|56445.928477106|1367.906|10697,51.75105260578958,0.41224334232555965,0.19319651783250172,0.5433883574663497,0.7777777777777778,-0.010606707925687471,INT_01_GW150914_v4,pre
NG15|J2010-1323|58011.104927099|912.959|15587,29.334207847247672,0.43606089941053716,0.12724367776062045,-0.837086540173797,1.0,-0.005481702538018476,INT_02_GW190503_185404_v2,pre
NG15|J0709+0458|58607.851418756|1235.703|1253,45.23694408850402,0.283723314006673,0.04181428776944361,-0.5120543289865707,0.8571428571428571,0.005828138738999028,INT_02_GW190503_185404_v2,post
NG15|J1853+1303|56934.926083288|434.687|541,5.768057996040051,0.35293206580279757,0.1110251835232905,0.3332128982732855,0.6666666666666666,0.0006089539398346996,INT_01_GW150914_v4,pre
NG15|J1600-3053|54526.340683224|872.000|10662,27.316013322467604,0.4701296514527341,0.03933672361983797,-0.13181252176383854,0.5,-0.0004315987266445272,INT_01_GW150914_v4,pre
NG15|J1640+2224|57076.436694302|1338.567|9432,50.3054165023075,0.5864728197778573,0.09578053248558585,0.17922049125319625,0.5,-0.008363360403169656,INT_01_GW150914_v4,pre
NG15|J1713+0747gbt|58889.638577035|1185.167|6683,42.74685696469031,0.5578785364320289,0.1156344155899912,-0.40685128766667084,0.6666666666666666,0.009529451234526044,INT_05_GW200219_094415_v1,pre
NG15|J1713+0747gbt|57419.720269426|1467.899|10066,56.67806071429646,0.712368067203704,0.18123676478614412,-0.30962559490665237,0.6666666666666666,-0.001787843113928641,INT_01_GW150914_v4,post
NG15|J2033+1734|57187.333477836|434.687|301,5.768057996040051,0.5805915555885179,0.14100936868164196,0.08031329910382129,0.6666666666666666,-0.004886984936783108,INT_01_GW150914_v4,pre
NG15|J2302+4442|56034.948563079|856.762|5913,26.565183268789568,0.3066163600431321,0.03500549106318328,0.20635015196483167,0.7777777777777778,-0.00041238667044810013,INT_01_GW150914_v4,pre
NG15|J1600-3053|56851.096874490|747.339|17882,21.173525770193184,0.48121561463941637,0.07044267852272834,0.1336187497883711,0.6666666666666666,0.00015593954457085657,INT_01_GW150914_v4,pre
NG15|J1713+0747ao|57893.209545152|2386.513|20463,101.94141541500493,0.7634425256655483,0.25295167706357974,0.3853776649167237,0.5714285714285714,0.002097295613094399,INT_01_GW150914_v4,post
NG15|J2010-1323|56250.864465376|1642.890|4220,65.30048504315677,0.28909127030230164,0.1061283909069861,-0.44508845837415373,0.5,-0.001891021479574468,INT_01_GW150914_v4,pre
NG15|J1022+1001|57892.987319885|2286.668|2918,97.02169978897243,0.6266957749845871,0.19476008065155714,0.3311490605994211,0.6,0.001284406896072755,INT_01_GW150914_v4,post
NG15|J1747-4036|58303.154026154|1157.398|1955,41.37858030367276,0.2856367339506721,0.02297486131747488,0.43062369350355884,0.25,0.00010296702021889326,INT_02_GW190503_185404_v2,pre
NG15|J1713+0747|58841.648151926|1450.220|5705,55.80695397332167,0.4211122670861016,0.1852821958473165,0.34691051472008705,0.5555555555555556,0.003921841823796939,INT_04_GW191126_115259_v1,post
NG15|J0636+5128|57432.472237130|862.960|24819,26.870580609168652,0.22810188192854403,0.04186978108485105,-0.22499480856159773,0.6666666666666666,-0.00037395235722389276,INT_01_GW150914_v4,post
NG15|B1855+09|57032.695918563|1199.840|4832,43.46984747378716,0.5698872219815905,0.06750506737781917,-0.2845548291238279,0.6666666666666666,0.000301999855624571,INT_01_GW150914_v4,pre
NG15|J2145-0750|58423.924356733|844.210|11379,25.946701917315185,0.7094715733426405,0.15453369255654842,0.024376039360144767,0.6666666666666666,-0.000767289648319195,INT_02_GW190503_185404_v2,pre
NG15|J1022+1001|58901.191406814|1264.450|1409,46.65341026208864,0.4951474889981877,0.12598563975676247,1.0,0.0,-0.002064244990771361,INT_05_GW200219_094415_v1,post
NG15|J1643-1224|58713.036717197|3655.406|18545,164.46425301191294,0.20337389401986458,0.16248727928360218,0.31841550216081294,0.4444444444444444,-0.002827452632026853,INT_03_GW190728_064510_v2,post
NG15|J2234+0944|58454.926477779|1311.681|4460,48.98064836848498,0.4324047370035922,0.09144056961220975,-1.0,1.0,-0.006225188257567353,INT_02_GW190503_185404_v2,pre
NG15|J1909-3744gbt|56886.121072393|887.973|23344,28.103059420866295,0.7705834116496817,0.15602374982469486,0.14939233586068534,0.8,0.001752066930535374,INT_01_GW150914_v4,pre
NG15|J1909-3744gbt|57439.560903009|806.723|24298,24.099585089501257,0.6869639380550462,0.12613529658397055,-0.02440356247164793,0.4444444444444444,0.0005114836363331411,INT_01_GW150914_v4,post
NG15|J1713+0747gbt|57336.905523006|822.361|31264,24.87012455527217,0.5298279970088923,0.16245415519031084,-0.2388779106443593,0.7777777777777778,-8.755967766023433e-05,INT_01_GW150914_v4,post
NG15|J0340+4130|57922.783108346|853.566|8963,26.40770506616751,0.30768496811951024,0.039367619405044185,0.9961671553730376,0.0,-0.004913723113826844,INT_01_GW150914_v4,post
NG15|J1600-3053|55732.093347405|850.463|11556,26.254809301857033,0.49560874899275126,0.06530445790647735,0.11395761040457751,0.42857142857142855,0.0036014479188133585,INT_01_GW150914_v4,pre
NG15|J1738+0333|57936.133043923|1265.380|6555,46.699234645204584,0.19614934888080124,0.06225409607412921,1.0,0.0,0.00656905026244661,INT_01_GW150914_v4,post
NG15|J1909-3744|56606.943791261|1554.265|14592,60.93361842632937,0.4884735353964215,0.13171511120750423,-0.21194995678494563,0.8888888888888888,-0.003873418781986677,INT_01_GW150914_v4,pre
NG15|J1909-3744gbt|57005.772869129|1343.572|19379,50.55203052111959,0.5426598914374133,0.10802624011717103,-0.21223400533965886,0.7777777777777778,-0.001528553282439176,INT_01_GW150914_v4,pre
NG15|J1713+0747|58063.912190635|1204.084|29848,43.67896433609256,0.7107914396273687,0.15870855716786073,-0.18925445002736296,0.7777777777777778,0.000375978281153326,INT_02_GW190503_185404_v2,pre
NG15|J1643-1224|58160.476362388|1780.431|4589,72.07761566482174,0.4856799391602401,0.13618468460092512,0.17073644054169468,0.875,-0.0032555983443436297,INT_02_GW190503_185404_v2,pre
NG15|J1713+0747|58671.091269082|1162.549|8483,41.632388257898754,0.6928035365202503,0.17173284056086868,-0.3078673077731504,0.7777777777777778,0.0009997300990629205,INT_03_GW190728_064510_v2,pre
NG15|J2033+1734|58973.439920096|1474.969|1210,57.026424573038014,0.2796980959955692,0.07422001018056691,-0.39226024593343783,1.0,-0.0003896549816927327,INT_05_GW200219_094415_v1,post
NG15|J2302+4442|57161.747792922|844.236|5969,25.947983029101216,0.3308536466655417,0.09975381857037605,-0.1671421170994166,0.5555555555555556,0.002803574788742842,INT_01_GW150914_v4,pre
NG15|J0030+0451|57223.391561272|1266.150|6637,46.737175263483365,0.2897174443923929,0.126957611720138,-0.13447642620282244,0.5555555555555556,-0.0018714855459751269,INT_01_GW150914_v4,pre
NG15|B1937+21gbt|58015.908819507|1231.465|3814,45.02812286738001,0.3236463057723785,0.1615839163861056,0.2863565045466994,0.5,-0.0039000607403627823,INT_02_GW190503_185404_v2,pre
NG15|J1832-0836|56921.968226394|759.829|7735,21.78895216279317,0.30357412848854903,0.042342517047041305,-1.0,1.0,0.0028426930960213205,INT_01_GW150914_v4,pre
NG15|J1745+1017|57958.085119216|1537.608|1336,60.11286923325186,0.3474851666256283,0.19098150705407,-0.41794072782692027,0.7777777777777778,-0.00945951378089336,INT_02_GW190503_185404_v2,pre
NG15|J1600-3053|58940.321504914|781.705|18878,22.866859910152456,0.6229329631929006,0.14112093375079934,0.5229541189081169,0.6666666666666666,-0.0030607145294287083,INT_05_GW200219_094415_v1,post
NG15|J2302+4442|56192.494042993|887.314|7159,28.070588164443286,0.31996814860694733,0.029487112634551556,-0.6411984297239659,0.6666666666666666,-0.0016338440985460099,INT_01_GW150914_v4,pre
NG15|J1909-3744|56585.946043886|872.351|23491,27.3333083315791,0.321521760333523,0.14236601713378297,-0.1780046954769362,0.7777777777777778,-0.0015590096418375966,INT_01_GW150914_v4,pre
NG15|J1713+0747|57126.348481962|1574.014|5154,61.90672137488478,0.04970275137107962,0.23561708793660427,0.16352637129467304,0.4444444444444444,0.0028368912183322345,INT_01_GW150914_v4,pre
NG15|J1713+0747|58713.973092640|1512.133|13089,58.85762605058694,0.07908845923245642,0.1854061559985448,0.005476830486798019,0.7777777777777778,0.002031254350420186,INT_03_GW190728_064510_v2,post
NG15|J1600-3053|56945.855934910|1480.451|9832,57.29654206577085,0.579762638701801,0.06136519533528319,-8.69231857734736e-05,0.8571428571428571,0.0009538618537216723,INT_01_GW150914_v4,pre
NG15|J1923+2515|56634.753339449|1424.750|3412,54.551957158307914,0.21425224375677468,0.06044348709832122,1.0,0.0,-0.0074326615758878115,INT_01_GW150914_v4,pre
NG15|J1730-2304|58301.189271498|1167.274|1187,41.865205688245815,0.34243886838329063,0.09246417722335937,0.26401143502797353,0.5,-0.00025587370878696965,INT_02_GW190503_185404_v2,pre
NG15|J1713+0747gbt|57486.432482544|1330.481|10787,49.90699073685005,0.7103604522439382,0.13067144111337145,-0.10654479140674054,0.7777777777777778,-0.001426458448755566,INT_01_GW150914_v4,post
NG15|J1903+0327ao|57334.861097297|1724.900|3485,69.34140725749828,0.45461512156283057,0.09968411682632658,0.2822922824433774,0.3333333333333333,0.0020218397641926303,INT_01_GW150914_v4,post
NG15|J1713+0747|57870.271205982|1186.750|12316,42.824856963047864,1.726460483075033e-10,0.22709830046940147,-0.36070480340080585,0.6666666666666666,-0.0012177378671416575,INT_01_GW150914_v4,post
NG15|J1312+0051|58734.779352979|1473.164|922,56.93748585096892,0.22751439165361428,0.05433644303103933,-0.13874551923841222,0.7777777777777778,-0.000516779755252612,INT_03_GW190728_064510_v2,post
NG15|J0023+0923|58831.966686229|1737.454|14361,69.95998715603312,0.14777254259457442,0.07046545146711902,0.33840226867326617,0.6666666666666666,-0.0018620545424904177,INT_04_GW191126_115259_v1,post
NG15|J1012+5307|57672.326637346|1242.556|9456,45.574615591185186,0.49631547969352213,0.14829761439677874,-0.1959389462301948,0.4,-0.003111947250769665,INT_01_GW150914_v4,post
NG15|J0636+5128|56920.523692177|887.187|30898,28.0643304261038,0.2612114464731501,0.11194649252836684,-0.3197267211355185,0.8888888888888888,-0.002450868228563434,INT_01_GW150914_v4,pre
NG15|J1713+0747|58940.349529125|1737.270|7961,69.9509208264704,0.38421628462996227,0.12869577411349759,0.04543314710185988,0.8888888888888888,-0.0002614369322814893,INT_05_GW200219_094415_v1,post
NG15|B1855+09|57116.445962677|1351.906|4391,50.96267612207462,0.7629532228876834,0.07901885636793868,-0.15546216498605211,0.3333333333333333,0.0020146794766809127,INT_01_GW150914_v4,pre
NG15|J1909-3744|56844.179306244|1343.047|16819,50.52616191774769,0.7772029454326568,0.1351525185441734,-0.3372745987176165,0.7777777777777778,-0.0026389926094248393,INT_01_GW150914_v4,pre
NG15|J2010-1323|57651.053451003|837.967|10553,25.63908726807565,0.41512317649946856,0.061633928049569596,-0.6603927814447685,0.5,0.0015250538895517517,INT_01_GW150914_v4,post
NG15|J0636+5128|58580.788503661|825.468|18959,25.023217413703566,0.20751815046169045,0.0674276574222201,-0.4401234200880378,0.6666666666666666,0.00011367177703199832,INT_02_GW190503_185404_v2,pre
NG15|J1713+0747gbt|55800.783597062|778.577|27417,22.71273230758618,0.6985687208805336,0.13062232175397095,-0.174410909989122,0.625,0.0014726341728590246,INT_01_GW150914_v4,pre
NG15|J1643-1224gbt|56893.954803444|865.847|15267,27.01283329094897,0.6678244908099364,0.02182537621933269,-1.0,1.0,-0.0045412935646596325,INT_01_GW150914_v4,pre
NG15|J0030+0451|58708.326939700|1512.317|8939,58.86669238014966,0.4710269955722842,0.05788534554407286,0.060965210826988976,0.7777777777777778,-0.0014674620025310347,INT_03_GW190728_064510_v2,post
NG15|J1713+0747|56738.403695134|1264.414|10830,46.65163641500028,0.6949849058834805,0.08194994920575698,0.11368590474757855,0.625,0.0022502038031217463,INT_01_GW150914_v4,pre
NG15|J1614-2230|55304.172399064|1830.307|2829,74.5351822586822,0.515285769222781,0.10629761792845874,-0.5770798295487912,0.7777777777777778,-0.0004464099251672754,INT_01_GW150914_v4,pre
NG15|B1855+09|56662.683041950|422.187|1106,5.152138868137738,0.5333412881888985,0.15044601611980174,-0.9999999999999998,1.0,0.0025919799510599646,INT_01_GW150914_v4,pre
NG15|J1909-3744|57293.944517677|1879.729|11989,76.97037866981725,0.5810427972401668,0.07237030924460072,-0.2845685811524288,0.875,0.0013269363091216169,INT_01_GW150914_v4,post
NG15|J1713+0747gbt|57173.368990022|1241.999|18019,45.54717023484586,0.01709708030101082,0.22027494331043856,-0.3296040329035652,0.6666666666666666,0.0006182012101585819,INT_01_GW150914_v4,pre
NG15|J2145-0750|57985.182041395|1493.058|7772,57.91773346140801,0.5738566242360513,0.06873433157774896,-0.4513735966112982,0.5714285714285714,-0.00274053754186444,INT_02_GW190503_185404_v2,pre
NG15|J0740+6620|58210.145106482|1743.058|1293,70.23611601945429,0.4700058753159669,0.07832308117057721,-0.638393702090014,1.0,-0.05650933808938967,INT_02_GW190503_185404_v2,pre
NG15|J1909-3744|56872.202135289|1202.112|20382,43.58179693447469,0.3426169599373876,0.14105316525344364,-0.33060623814532,0.75,-0.002939869328977251,INT_01_GW150914_v4,pre
NG15|J1903+0327|57739.742788503|1522.779|3546,59.382192053438786,0.3786515018930146,0.10185936435085277,0.11293754779141789,0.8888888888888888,0.0007282618829922211,INT_01_GW150914_v4,post
NG15|J1643-1224|53979.832765549|1424.000|463,54.51500201063377,0.3939674718615745,0.08483560778999423,-0.9999999999999998,1.0,-0.006630335234275238,INT_01_GW150914_v4,pre
NG15|J1012+5307|56410.948599612|850.454|18241,26.254365840084944,0.8525494032700924,0.20037540768461415,0.6540269061123358,0.6666666666666666,-0.011078996957977406,INT_01_GW150914_v4,pre
NG15|J1744-1134|58010.074120552|1431.129|1070,54.86627300765901,0.7461569288636573,0.18810763708314954,-0.7479404337303847,0.8,0.00454624931607794,INT_02_GW190503_185404_v2,pre
NG15|J2010-1323|55390.137883540|1455.485|3951,56.06637910999412,0.3846176347391476,0.09933792739368419,0.8980246754797913,0.25,0.003727280674938106,INT_01_GW150914_v4,pre
NG15|J1614-2230|54724.891307372|852.000|10624,26.330542717823903,0.3072360941712395,0.0771958613965875,-0.29706587379253935,0.5555555555555556,0.0018373511104299853,INT_01_GW150914_v4,pre
NG15|J1744-1134|55919.565980706|872.344|16927,27.332963416867482,0.634120805874052,0.23382445816551142,-1.0,1.0,0.00869257919068465,INT_01_GW150914_v4,pre
NG15|J1843-1113|58397.054889418|1743.556|479,70.26065423750991,0.4726748784302695,0.06449263611570494,-0.9159873160548088,1.0,0.002332712324931137,INT_02_GW190503_185404_v2,pre
NG15|J0613-0200|58489.194121088|1805.466|4342,73.31117849418449,0.5610459744475769,0.12326125620527098,0.025454241647963855,0.5555555555555556,-0.003304700660816882,INT_02_GW190503_185404_v2,pre
NG15|J0023+0923|57937.431502528|1236.658|9650,45.28400030987574,0.12011949997443899,0.12889878092492627,-0.10511667438550992,0.8,-0.003948903677411595,INT_01_GW150914_v4,post
NG15|J1811-2405|58301.341751986|1184.501|1956,42.714040793555675,0.3260807346729134,0.12349103270815341,0.9974910606247818,0.0,0.005619206360859792,INT_02_GW190503_185404_v2,pre
NG15|J1713+0747|58537.479171551|1301.110|8276,48.459777880400544,0.6021573321698663,0.17520273821173446,-0.05845668064381405,0.5555555555555556,0.0036838973567332447,INT_02_GW190503_185404_v2,pre
NG15|J1614-2230|58335.904213844|828.591|14919,25.177098648618685,0.3120928696321853,0.020625079882515697,0.6851639309595615,0.25,0.00037867068997870005,INT_02_GW190503_185404_v2,pre
NG15|J1910+1256|57106.431867524|1211.735|4423,44.055956115899,0.44047610540864873,0.16171552192288008,0.32750946061217234,0.3333333333333333,-0.006327949667869486,INT_01_GW150914_v4,pre
NG15|J1713+0747gbt|58376.051778226|1392.937|5919,52.9844183410314,0.6476390200972058,0.07880913670925264,-0.04302215143880647,0.5555555555555556,0.001024761293325548,INT_02_GW190503_185404_v2,pre
NG15|J1843-1113|58160.740207703|1633.756|718,64.85042061801599,0.21955174704270314,0.08041933239627466,-0.4480099283757689,0.625,-0.00014624089822202425,INT_02_GW190503_185404_v2,pre
NG15|J1600-3053|54727.889961300|1348.000|341,50.770213712987704,0.4229171774339676,0.04705815941593627,-0.9685857003887492,1.0,-0.0033388896941408284,INT_01_GW150914_v4,pre
NG15|J1713+0747|58621.322803592|3431.923|58985,153.45245665503356,0.5324872352571817,0.16632434930973616,-0.5236820746737124,0.7777777777777778,0.0009608159196529401,INT_02_GW190503_185404_v2,post
NG15|J0613-0200|58300.774551141|1465.121|6375,56.541178847311464,0.28264236958541034,0.1467714951621701,-1.0,1.0,-0.007107632340981498,INT_02_GW190503_185404_v2,pre
NG15|J1312+0051|57852.188636738|1712.245|502,68.71785073240996,0.317220275390041,0.053152125094170485,0.09325966651183099,0.5,-0.0002893996554542665,INT_01_GW150914_v4,post
NG15|B1855+09|55731.255731706|432.000|218,5.635660020306169,0.49540784807596616,0.11648827474738943,0.1408345956735631,0.7777777777777778,0.0012592682131739254,INT_01_GW150914_v4,pre
NG15|J1643-1224|56643.574018597|1306.215|3871,48.711319252235846,0.5643886893935538,0.06750322863061776,0.1755031215231182,0.6666666666666666,-0.0016679111050500292,INT_01_GW150914_v4,pre
NG15|J0030+0451|57612.322000673|1338.560|15690,50.305071587595876,0.37167675957406426,0.09443677062435771,0.2057141533629791,0.4444444444444444,0.0006361402672287397,INT_01_GW150914_v4,post
NG15|J1600-3053|58161.453118382|737.978|13312,20.712276253689694,0.5165472929450543,0.06306356827393639,0.032826331133137085,0.7777777777777778,0.0004020653235201722,INT_02_GW190503_185404_v2,pre
NG15|J1600-3053gbt|58758.761802257|1381.419|5560,52.416885819817104,0.568365156170086,0.08956379015830296,0.42154068217245005,0.3333333333333333,0.0032145845467166883,INT_04_GW191126_115259_v1,pre
NG15|J1713+0747gbt|58278.219043778|1804.801|22900,73.27841159658009,0.5768646414450542,0.08570679979634764,-0.30459691293472924,0.5555555555555556,0.0023805272572733596,INT_02_GW190503_185404_v2,pre
NG15|J1909-3744gbt|58782.899261694|1218.120|5575,44.3705676064315,0.6817857977243621,0.17775572865916175,0.10467995035659754,0.625,-0.0055181106287441285,INT_04_GW191126_115259_v1,pre
NG15|J1909-3744|56956.888305245|1780.443|18533,72.07820694718451,0.6088940409545592,0.14565247611420754,-0.29605812417054916,0.8571428571428571,-0.002039082188583286,INT_01_GW150914_v4,pre
NG15|J1903+0327|58587.414474263|1188.538|3948,42.91295803510301,0.24280902174579427,0.032448144233374554,-0.985768764598414,1.0,0.0022306370431641673,INT_02_GW190503_185404_v2,pre
NG15|J1802-2124|58047.826065095|1308.756|767,48.83652329255584,0.287635796766227,0.04177561520555708,0.14242781853505265,0.5555555555555556,0.0006779004360959835,INT_02_GW190503_185404_v2,pre
NG15|J1909-3744|58487.755994024|1465.230|2090,56.54654966210676,0.33162953251078986,0.13135220988779567,-0.1918022593661746,0.6666666666666666,-0.0007723555163492609,INT_02_GW190503_185404_v2,pre
NG15|J2010-1323|56472.190544471|1613.229|4688,63.83898286293992,0.3468067799777816,0.09358453157435523,0.3177152896603138,0.6666666666666666,-0.0014081430571224176,INT_01_GW150914_v4,pre
NG15|J1738+0333|56737.428530338|1224.314|3455,44.67576785268967,0.34200322917402937,0.0712343114260199,1.0,0.0,-0.009237202093904287,INT_01_GW150914_v4,pre
NG15|J1747-4036|58242.428363259|738.750|10063,20.750315419028944,0.2681181759575532,0.016990215366624716,0.26218506528459906,0.5,0.0004971647068320639,INT_02_GW190503_185404_v2,pre
NG15|B1937+21gbt|56066.312158292|1530.747|3471,59.77480354232884,0.6955503911926518,0.0578240815768965,-1.0,1.0,-0.002213363891030276,INT_01_GW150914_v4,pre
NG15|J1643-1224|58680.110821143|3464.117|22138,155.0387686873285,0.27735650030357706,0.1600962258973105,-0.2250865744944204,0.4444444444444444,-0.002684175650346696,INT_03_GW190728_064510_v2,pre
NG15|B1953+29|58978.404975156|1712.277|4966,68.7194274853774,0.3852513862575364,0.028119315945237332,0.9614797537750391,0.0,-0.0009980622738268794,INT_05_GW200219_094415_v1,post
NG15|J0931-1902|56492.659663850|756.723|2246,21.635908577892003,0.3952976058094042,0.08827331277441153,-0.7221191957210178,0.5,0.0037583830419068535,INT_01_GW150914_v4,pre
NG15|J1643-1224gbt|58759.787357193|853.593|14462,26.40903545148377,0.6454395112502391,0.06006541023035529,-0.9999999999999999,1.0,-0.018978355135180126,INT_04_GW191126_115259_v1,pre
NG15|J0406+3039|57755.053453780|1249.394|1745,45.911547990912865,0.3837077396715816,0.023039228882413682,-0.7849537525334316,1.0,0.001909239130230563,INT_01_GW150914_v4,post
NG15|J0636+5128|57730.438545035|806.732|17767,24.100028551273347,0.1492546721639836,0.1226996819967674,0.11880990005578214,0.5555555555555556,-0.001456802225925598,INT_01_GW150914_v4,post
NG15|J1713+0747|58680.156619556|1479.978|55285,57.27323568597103,0.4094918294450146,0.1682633710687805,0.03708683619300025,0.7777777777777778,0.000988394738830294,INT_03_GW190728_064510_v2,pre
NG15|J1600-3053|56094.181723492|841.097|16612,25.79331341770239,0.5465013349644539,0.0530991412521508,-0.1774760541382892,0.6,0.004656285817313346,INT_01_GW150914_v4,pre
NG15|J1600-3053|54641.027347778|860.000|10794,26.724730959681384,0.5019164023404633,0.04415899956459751,-0.4885591495184651,0.7142857142857143,-0.001594847032507675,INT_01_GW150914_v4,pre
NG15|J1744-1134|55773.969059148|1193.370|7909,43.15104773318492,0.5212606318047178,0.07750040254085204,-0.1371442306048488,0.6,-0.00100707245200058,INT_01_GW150914_v4,pre
NG15|J1802-2124|58398.009441028|850.462|3482,26.254760028326803,0.2985055099618375,0.014030211113269372,-0.9999999999999999,1.0,7.961146473919681e-05,INT_02_GW190503_185404_v2,pre
NG15|J1640+2224|57648.843004584|1324.060|5159,49.59060539922919,0.22103521163698261,0.16650849227730047,-0.12075466210200445,0.6666666666666666,-0.007075135447948357,INT_01_GW150914_v4,post
NG15|J2043+1711|57627.154241525|1263.246|6715,46.594084931689096,0.3302504206121014,0.09765977513731454,0.7916776034041751,0.25,-0.0032649140422435713,INT_01_GW150914_v4,post
NG15|J1643-1224|58758.783931445|1219.102|2113,44.41895421311952,0.6078416127570017,0.16815153213661319,0.21597932320898003,0.3333333333333333,-0.003047030456972864,INT_04_GW191126_115259_v1,pre
NG15|J1024-0719|58187.141417789|1218.830|4303,44.405551812896356,0.26413114990951475,0.11690706906455137,0.31344138426872353,0.5,0.0016087186156927703,INT_02_GW190503_185404_v2,pre
NG15|J1640+2224|57775.522291507|1312.601|7787,49.02598001629859,0.14492986049319664,0.17173699715630814,-0.7009828307618492,0.8333333333333334,-0.006901511242039006,INT_01_GW150914_v4,post
NG15|J1909-3744gbt|58788.805081231|728.624|23061,20.251371651897838,0.7682516577299521,0.17646860051664556,-0.01217439509065567,0.5555555555555556,-0.003684912554799503,INT_04_GW191126_115259_v1,pre
NG15|J2145-0750|56735.593740889|778.595|12679,22.71361923113036,0.4334149601799474,0.13971964329766332,-0.5212878289014333,0.5,0.0003310604424645708,INT_01_GW150914_v4,pre
NG15|J1946+3417|58713.113638084|1649.745|2507,65.63825509289839,0.4029258151760896,0.03809006848737485,-0.3507403070824135,1.0,-0.007379479185994483,INT_03_GW190728_064510_v2,post
NG15|J0437-4715|58927.993606365|2727.092|4906,118.7229450679523,0.740802140375006,0.3060340220965433,-0.432371636822399,0.5,0.0037843246091042518,INT_05_GW200219_094415_v1,post
NG15|J1944+0907|58525.645875871|423.750|916,5.229153395890642,0.34351231423580475,0.10403369481854179,-0.9654749764145149,1.0,0.0019684521754118264,INT_02_GW190503_185404_v2,pre
NG15|J1713+0747|57755.609710530|2224.822|16256,93.9743290382327,0.49127332918598504,0.19993903104610974,0.054990942412848784,0.6666666666666666,-0.0030195222234088545,INT_01_GW150914_v4,post
NG15|J1713+0747ao|56662.587904377|1699.689|9647,68.09917228681465,0.07228537853736525,0.2846756934326249,-1.0,1.0,-0.027318478592881616,INT_01_GW150914_v4,pre
NG15|B1937+21|55357.303892656|1394.000|195,53.036796103668216,0.7578313421807253,0.19596763850562882,-0.14874569890131475,0.6666666666666666,0.003765808478370348,INT_01_GW150914_v4,pre
NG15|J0030+0451|57865.601787617|1262.865|5137,46.57531171667063,0.33506097559309594,0.1436658449171949,-0.00382045011904918,0.5555555555555556,-0.0024124275958271424,INT_01_GW150914_v4,post
NG15|J0023+0923|57096.706393841|1300.185|8770,48.414199864935775,0.2319995353852571,0.09140599042025832,-0.5309067787398175,0.75,-0.0030029253843434412,INT_01_GW150914_v4,pre
NG15|J1946+3417|57594.178338061|2323.720|3835,98.84738263113533,0.3476962473559894,0.06225491399842454,-1.0,1.0,-0.0029100541742096116,INT_01_GW150914_v4,post
NG15|J1713+0747ao|57519.281973782|1524.906|11627,59.48699685224263,0.6991522000148026,0.2606461100895948,-0.41826898728147005,0.625,-0.009022068966933243,INT_01_GW150914_v4,post
NG15|J0023+0923|59051.397783401|1737.228|5484,69.94885133820064,0.30332415412869207,0.04152552475812568,-0.9871450757443634,1.0,-0.0006853791744395727,INT_05_GW200219_094415_v1,post
NG15|J0636+5128|58698.476704237|1792.968|10074,72.69535791334263,0.11771167047360315,0.06534076385555099,-0.15483487012986552,0.6666666666666666,-0.0013340405932505178,INT_03_GW190728_064510_v2,post
NG15|J0614-3329|58543.985562920|791.090|771,23.329291991381513,0.3031872697925621,0.018766669678543995,-1.0,1.0,-0.009262129963832754,INT_02_GW190503_185404_v2,pre
NG15|J1946+3417|57138.417840624|1824.715|3951,74.25964467762383,0.3723811055147354,0.042225148192464076,-0.9999999999999998,1.0,-0.0027975529715449864,INT_01_GW150914_v4,pre
NG15|J1640+2224|57931.077140281|440.937|2982,6.076017559991208,0.7079525795413019,0.186445734935241,-0.5898186131565349,0.75,-0.006095366106389608,INT_01_GW150914_v4,post
NG15|J0636+5128|58487.921098983|1405.456|7162,53.601273666008126,0.2462153100827624,0.056077153124318324,-0.0060825716872271495,0.6666666666666666,-0.00012694461629063214,INT_02_GW190503_185404_v2,pre
NG15|J2145-0750|56586.057025562|787.903|13583,23.17225725053154,0.6306162901182867,0.13827677750135867,0.4559870778859101,0.3333333333333333,-0.005677974708162979,INT_01_GW150914_v4,pre
NG15|J1024-0719|56432.878513218|734.876|10340,20.559429762909456,0.5715996283975758,0.1412929266813838,0.2746536026660689,0.3333333333333333,-0.0005470283770735669,INT_01_GW150914_v4,pre
NG15|J1903+0327ao|56548.987298080|1375.133|1446,52.10715240877759,0.44155940548672484,0.08331109492822751,0.2802533445235276,0.3333333333333333,-0.0007939151596162643,INT_01_GW150914_v4,pre
NG15|J1713+0747|56235.670053112|1380.666|33817,52.37978285155226,0.6800521166173144,0.12142079162862993,-0.42951832998418465,0.5555555555555556,-0.001653576515512519,INT_01_GW150914_v4,pre
NG15|J1909-3744|57564.257298519|745.000|28459,21.0582749829801,0.4570680174580671,0.17366177469484204,-0.5919834747028162,0.8888888888888888,-0.00011221137500338255,INT_01_GW150914_v4,post
NG15|J1713+0747|56150.898743170|1792.889|41533,72.69146530445428,0.6527110128831599,0.14185083517514038,-0.3356563070609903,0.7777777777777778,0.0010848964845120864,INT_01_GW150914_v4,pre
NG15|J0023+0923|57772.851271032|1450.386|15712,55.8151333793402,0.1871831099145581,0.027278409450855853,-0.2884895747942591,0.6,-0.002098506970528821,INT_01_GW150914_v4,post
NG15|J1909-3744gbt|57825.492237412|1417.884|17312,54.213645099733725,0.5091903352548969,0.14919089670377084,-0.37592230532702825,0.7777777777777778,-0.003218296069554018,INT_01_GW150914_v4,post
NG15|J2214+3000|57095.628738090|1737.331|3587,69.95392651181456,0.2520482760448386,0.1184441974397107,-0.2683292210141777,0.6666666666666666,-0.0035214798681014953,INT_01_GW150914_v4,pre
NG15|J1643-1224|56672.434197235|1543.750|3096,60.41550725593794,0.4513884201992252,0.06430494482557171,0.10534461445720998,0.7142857142857143,-0.002418028598360511,INT_01_GW150914_v4,pre
NG15|J1705-1903|58490.549550355|869.185|8445,27.177308334864,0.16140153656230877,0.061325094206326085,0.529412522288536,0.25,0.003203299860795579,INT_02_GW190503_185404_v2,pre
NG15|J1600-3053|57161.219841855|837.976|11782,25.63953072984774,0.3429857403869523,0.08094253190037133,0.13007942758459837,0.7777777777777778,0.0017405012841782538,INT_01_GW150914_v4,pre
NG15|J0613-0200|57921.803013276|1767.925|2253,71.46140089573802,0.3729714552993492,0.1167032893911625,-0.13877767508857106,0.6666666666666666,-0.0037977383544790006,INT_01_GW150914_v4,post
NG15|J0030+0451|57669.158275343|1850.044|19455,75.50769392487484,0.44331751482031884,0.11810410847272725,0.2274322395784805,0.4444444444444444,-0.0001974805296540742,INT_01_GW150914_v4,post
NG15|J1909-3744|58502.773191543|1355.464|7368,51.13799134264073,0.540399673549605,0.13953479499000776,-0.2009757025591091,0.7142857142857143,0.000649067607312301,INT_02_GW190503_185404_v2,pre
NG15|J1741+1351|58957.321571666|1362.347|4778,51.47714105122886,0.366915721123737,0.11439985537188384,0.354730307848328,0.5555555555555556,-0.000724287221507603,INT_05_GW200219_094415_v1,post
NG15|J1738+0333|58713.993282648|1155.000|2614,41.26042237817598,0.1781643365227688,0.1232219837410082,-0.17616215056553283,0.5714285714285714,0.0011017176708454598,INT_03_GW190728_064510_v2,post
NG15|J1713+0747|55912.641236422|1410.000|269,53.82517258738318,0.7253511023087862,0.15485041060171795,0.38049841766508996,0.42857142857142855,0.001485271198478727,INT_01_GW150914_v4,pre
NG15|J0340+4130|56551.469669052|863.011|7961,26.873093559210492,0.3520692834255469,0.054335930857668364,-0.48020149064786,1.0,-0.0011777465698263785,INT_01_GW150914_v4,pre
NG15|J1910+1256|56479.232434693|2374.412|6116,101.34515642566525,0.4026007780335855,0.05529503051759593,0.2521762373527779,0.6666666666666666,-0.0012462332667484114,INT_01_GW150914_v4,pre
NG15|J1643-1224gbt|58187.403598582|1528.163|1488,59.64748074020886,0.3676562365853273,0.09754808078434501,0.1230701546902283,0.3333333333333333,-0.0035438870620040836,INT_02_GW190503_185404_v2,pre
NG15|J1713+0747|58748.033837736|1730.481|38393,69.61640282972408,0.7156648322427073,0.25012298409359995,0.04861220329960531,0.8888888888888888,0.0025720068824471947,INT_03_GW190728_064510_v2,post
NG15|J1811-2405|58142.572314790|887.972|3243,28.103010147336065,0.46225517862018667,0.04884402625524689,-0.5136647812928402,1.0,-0.00259585692768008,INT_02_GW190503_185404_v2,pre
NG15|J1455-3330|55893.554147769|844.640|9451,25.96788953531502,0.2827720549257599,0.08567975039891493,-0.12012278876377201,0.5,-0.0007438483169312509,INT_01_GW150914_v4,pre
NG15|J1024-0719|57193.879669518|787.968|9017,23.175460029996625,0.6556036637680988,0.221759080844124,1.0,0.0,-0.005439326093391343,INT_01_GW150914_v4,pre
NG15|J1909-3744|57508.378377795|1318.123|13408,49.29806845024071,0.47972988259683963,0.13035523864767043,-0.68839721698474,0.8888888888888888,0.0025493369314006638,INT_01_GW150914_v4,post
NG15|J1832-0836|57648.034362159|1343.003|1373,50.52399388241747,0.4269342655481011,0.05732469233685982,-0.0017768920447263465,0.8,0.0008186628542230673,INT_01_GW150914_v4,post
NG15|J1719-1438|58580.331018940|1165.683|2605,41.78681150164642,0.16869744169874462,0.031245520456598928,-0.6270201847439142,0.6,-0.0017799823666280062,INT_02_GW190503_185404_v2,pre
NG15|J2214+3000|57907.387200289|1537.595|3851,60.112228677358836,0.26354073870276307,0.07160119731056455,0.11914574211586453,0.75,-0.0004601258970221385,INT_01_GW150914_v4,post
NG15|J2043+1711|56290.798979919|1399.923|5906,53.328643223233456,0.2916694350804007,0.08002141107603754,-0.2535715095718855,0.6666666666666666,-0.00209907468969283,INT_01_GW150914_v4,pre
NG15|J1713+0747|56977.761983292|2352.698|20770,100.27523099020358,0.46850808162174634,0.16114316353183195,-0.36487950059641183,0.6666666666666666,0.0004635336750745368,INT_01_GW150914_v4,pre
NG15|J0406+3039|57797.001189099|1386.952|358,52.68951626259177,0.3681614971095416,0.023039228882413682,-0.7849537525334316,1.0,0.001909239130230563,INT_01_GW150914_v4,post
NG15|J0740+6620|58460.731930259|1633.642|8106,64.84480343556952,0.39222875290771037,0.09871811392072687,-0.21221397052257499,0.5555555555555556,0.000308414261480208,INT_02_GW190503_185404_v2,pre
NG15|J1719-1438|57893.252087957|802.811|4069,23.906827039232954,0.20777289178758004,0.03027656484814063,-0.6017031822264627,0.6666666666666666,-0.0014542815891592628,INT_01_GW150914_v4,post
NG15|J1918-0642|58730.178564117|787.951|15185,23.174622379982683,0.35418150154427974,0.09837929676805127,0.1771162315472656,0.5,0.016914637788832607,INT_03_GW190728_064510_v2,post
NG15|J0030+0451|57089.758693490|2311.953|19168,98.2675810008932,0.20731980459506114,0.1340669366516912,-0.4144280923261937,0.5,-0.0031885297117351438,INT_01_GW150914_v4,pre
NG15|J1012+5307|55337.009033135|1878.703|5505,76.91982402779902,0.3124776470833826,0.18190265594672334,-0.32692923776288385,0.6666666666666666,-0.003986145078910105,INT_01_GW150914_v4,pre
NG15|J1640+2224|57931.095506368|1163.083|13166,41.65870032304274,0.5315178205090696,0.186445734935241,-0.5898186131565349,0.75,-0.006095366106389608,INT_01_GW150914_v4,post
NG15|J1853+1303|57627.024141957|1249.421|3186,45.91287837622913,0.2267140800571028,0.13702990501938167,-0.12739364531050779,0.75,-0.002121671022222388,INT_01_GW150914_v4,post
NG15|J1713+0747ao|58817.688563096|1736.694|7925,69.92253927305666,0.013025154149043818,0.292145165534112,0.10580178673994813,0.8888888888888888,-0.005448919155843942,INT_04_GW191126_115259_v1,post
NG15|J1713+0747|57188.346864857|1679.529|32950,67.1058179173338,0.7309713944664192,0.19500614235229735,0.5302502273612508,0.2222222222222222,0.0016558784120521794,INT_01_GW150914_v4,pre
NG15|J1713+0747ao|57809.479821731|1300.943|10310,48.45154920085177,0.32174640397701415,0.3028318486952962,0.37346271864627595,0.5555555555555556,0.0015339602009392635,INT_01_GW150914_v4,post
NG15|J1909-3744gbt|58788.805081235|803.452|23039,23.938411372111783,0.8494450342524189,0.17646860051664556,-0.01217439509065567,0.5555555555555556,-0.003684912554799503,INT_04_GW191126_115259_v1,pre
NG15|J1312+0051|57563.977816373|1399.230|704,53.29449666678254,0.2275286840319871,0.04947219514059358,-0.04181062706189553,0.5555555555555556,-4.056362012933507e-05,INT_01_GW150914_v4,post
NG15|J1741+1351|56634.690467199|1474.861|2999,57.02110303177294,0.4790504637624177,0.11490640835394017,-0.48353240301169165,0.6666666666666666,-0.003525702749788688,INT_01_GW150914_v4,pre
NG15|J2229+2643|57095.643636227|1174.853|3378,42.23864977387556,0.2690782196520259,0.10423693166409706,-0.0657781412178899,0.6666666666666666,-0.0014566214134597642,INT_01_GW150914_v4,pre
NG15|J1600-3053gbt|58160.441132749|1456.173|2514,56.100279298793865,0.48747383493422264,0.08798145807870095,-0.18216290949707808,0.75,-0.0008502891329980477,INT_02_GW190503_185404_v2,pre
NG15|J0610-2100|58239.918774897|1343.118|2389,50.52966033839417,0.18846199071159495,0.1450569630687808,0.32495717072059205,0.25,0.005467091085105907,INT_02_GW190503_185404_v2,pre
NG15|J1738+0333|57250.030654426|1300.977|3615,48.45322450087967,0.21588930950589427,0.0623318121733156,-0.5832667104151911,1.0,-0.002136521774220436,INT_01_GW150914_v4,pre
NG15|B1937+21ao|57376.797689724|1387.315|378,52.707402554066064,0.7755498182884986,0.27238971465202744,-1.0,1.0,-0.000787669228119101,INT_01_GW150914_v4,post
NG15|J1909-3744|55361.193343640|897.320|26121,28.563619107946533,0.28981324197546815,0.13928213554433239,-0.37586758372249107,0.7142857142857143,-0.0034275078838359938,INT_01_GW150914_v4,pre
NG15|J1747-4036|56643.709634306|1556.929|2184,61.06488311086791,0.1947253775110258,0.10000778195840224,0.02321653509155246,0.3333333333333333,-0.0011061374385732206,INT_01_GW150914_v4,pre
NG15|J1918-0642|55731.178226546|1405.495|3055,53.60319533368718,0.20338757565863383,0.08695825033129179,-0.07308381464016168,0.5,0.002374979010637314,INT_01_GW150914_v4,pre
NG15|J1614-2230|55330.127483103|1830.993|5336,74.56898390042147,0.3924455429269332,0.10629761792845874,-0.5770798295487912,0.7777777777777778,-0.0004464099251672754,INT_01_GW150914_v4,pre
NG15|J1713+0747gbt|56368.307036889|887.186|24939,28.06428115257357,0.45869746905422276,0.11040585231020324,0.06942049406127385,0.5,0.0014023465835569324,INT_01_GW150914_v4,pre
NG15|J1705-1903|57734.806649968|741.126|7346,20.867389326860614,0.20727249508240503,0.05508745823635552,-0.013879604113697899,0.7777777777777778,-5.470258307094072e-05,INT_01_GW150914_v4,post
NG15|J1600-3053|58461.574875796|897.349|16345,28.565048040323266,0.5857983938015142,0.07456663411987172,0.02469110829955256,0.5,0.002104208045384189,INT_02_GW190503_185404_v2,pre
NG15|J1911+1347|57223.186553534|1199.826|3225,43.46915764436391,0.5151136881970335,0.13180233472871167,0.9992266850053169,0.0,0.006142420759203116,INT_01_GW150914_v4,pre
NG15|J1012+5307|57644.484981698|869.245|20170,27.18026474667794,0.33593905253761114,0.15290929458385272,-0.19290980750547468,0.3333333333333333,-0.003771190711801275,INT_01_GW150914_v4,post
NG15|B1855+09|57894.296748121|442.500|495,6.153032087744112,0.6003755615777409,0.25078853181449245,0.4950608753203622,0.3333333333333333,-0.00350531129656277,INT_01_GW150914_v4,post
NG15|J1600-3053gbt|56641.594821340|834.835|17920,25.484762571388448,0.39809693003464747,0.09550600445644318,-0.15008299275237955,0.6666666666666666,0.002788914563126237,INT_01_GW150914_v4,pre
NG15|J2234+0611|57389.847822796|1351.904|3146,50.96257757501416,0.32478658497916607,0.07328921782920414,-0.4123829855954969,0.75,0.0005498661804449209,INT_01_GW150914_v4,post
NG15|J1643-1224|57781.528149632|3144.736|21961,139.301739328243,0.26302766238560726,0.14668045130328553,-0.1169638595050617,0.6666666666666666,-0.0025616955855185886,INT_01_GW150914_v4,post
NG15|J2017+0603|56220.963005669|1449.169|2146,55.755167493047644,0.7172999780618196,0.1990479236929179,-0.6796587934498859,0.8,0.002528630325243868,INT_01_GW150914_v4,pre
NG15|J1012-4235|58161.242738933|828.578|567,25.176458092725664,0.23506458924070844,0.0423107026216303,-1.0,1.0,-0.028015274081177557,INT_02_GW190503_185404_v2,pre
NG15|J1713+0747|55170.662738539|1394.000|38,53.036796103668216,0.7415381103216147,0.1575206680986414,-0.6851982000131267,0.5,0.010377649409216663,INT_01_GW150914_v4,pre
NG15|J0636+5128|57794.953988048|725.454|29549,20.095174561061807,0.37037695947101,0.10204807385413203,-0.03061401724085834,0.6666666666666666,-0.0034521070585903937,INT_01_GW150914_v4,post
NG15|J1741+1351|56571.842963599|1698.914|1759,68.0609853008847,0.34074880821603026,0.10624420402176349,-0.34318504757543994,0.75,-0.0034672005301523423,INT_01_GW150914_v4,pre
NG15|J0613-0200|57194.682677099|1185.937|3574,42.784797582969084,0.2723467560605193,0.14711003718695168,0.3285824594187961,0.5555555555555556,-0.004834585798502088,INT_01_GW150914_v4,pre
NG15|J2322+2057|57349.003307962|1675.089|1529,66.88704344310288,0.23688610449555886,0.12110918790741929,-0.117431941966014,0.6666666666666666,-0.0012308370591795033,INT_01_GW150914_v4,post
NG15|J1713+0747ao|57090.406427722|1266.414|8574,46.75018347546465,0.7786889441175353,0.14688546355930338,0.021018599328454204,0.5,-0.0048168249757206,INT_01_GW150914_v4,pre
NG15|J1744-1134|56332.526984719|1218.018|6744,44.36554170634782,0.6925608562997573,0.13360608280352573,0.635703911635117,0.5,0.0032583843465047086,INT_01_GW150914_v4,pre
NG15|J1744-1134|55396.049005774|769.232|16575,22.25227116756641,0.5957295842860326,0.11659961666216546,0.14822986079125755,0.8571428571428571,0.0030189009417703216,INT_01_GW150914_v4,pre
NG15|J0340+4130|56613.332952468|1342.968|1890,50.52226930885936,0.26988707199030704,0.055015606662870364,-0.5753891957255362,0.75,-0.001748895437133187,INT_01_GW150914_v4,pre
NG15|J2234+0944|56662.831021460|2335.370|5613,99.42141925834028,0.3277298898178596,0.173813327673523,-0.20212400093689242,0.5555555555555556,-0.0011955567034225084,INT_01_GW150914_v4,pre
NG15|J2010-1323|57405.719017784|1517.772|6008,59.13547948756623,0.2520757831649365,0.06004866132984457,-0.2563453286392219,0.3333333333333333,-0.0026727254546104677,INT_01_GW150914_v4,post
NG15|J1713+0747|56502.180001425|1205.680|27426,43.75760489034313,0.5793571407679927,0.2389238477944595,0.19457843281731518,0.6666666666666666,0.0028496893944817405,INT_01_GW150914_v4,pre
NG15|B1937+21|57949.182955823|2324.131|5459,98.86763405206075,0.6686024968829262,0.29501835545966715,-0.17300325742943962,0.7777777777777778,-0.004789314164847687,INT_02_GW190503_185404_v2,pre
NG15|J0613-0200|57336.410962583|759.861|16842,21.7905289157606,0.6174123728726415,0.15130594746186746,0.2656604251128111,0.6666666666666666,-0.004728656516061658,INT_01_GW150914_v4,post
NG15|J1719-1438|58580.338957886|1479.635|2695,57.25633486510139,0.17646049909981049,0.031245520456598928,-0.6270201847439142,0.6,-0.0017799823666280062,INT_02_GW190503_185404_v2,pre
NG15|J1012+5307|57702.296923587|725.101|24069,20.077781004889847,0.7004912260107798,0.15286017715528477,-0.331899021994624,0.4,-0.0041571520813146814,INT_01_GW150914_v4,post
NG15|J2145-0750|57438.698620748|1240.644|4695,45.480404601381245,0.7403301182364131,0.16812339399524898,0.14232071171733093,0.4,0.0007849922416244407,INT_01_GW150914_v4,post
NG15|J1643-1224|58899.462255370|2088.172|18659,87.24110113200462,0.36529578985694594,0.14711625433412484,-0.40528551535778196,0.75,-0.003474847756739503,INT_05_GW200219_094415_v1,post
NG15|J1730-2304|58397.877224579|859.847|2975,26.717192109555857,0.5152980388176231,0.08680348142995375,0.26355274911247983,0.6,-0.0001389125402834975,INT_02_GW190503_185404_v2,pre
NG15|J1741+1351|57775.566491434|1450.604|5046,55.82587500893082,0.49097284773225325,0.0957045497348746,0.41128507770910516,0.75,-0.00019889370190731597,INT_01_GW150914_v4,post
NG15|J1012+5307|57458.152078624|865.776|22331,27.009334870302485,0.7153707820585552,0.11915983368168248,-0.1941681619264138,0.7777777777777778,-0.0012915276507650686,INT_01_GW150914_v4,post
NG15|J2145-0750|58077.848312805|791.043|11782,23.3269761354606,0.6149109913699655,0.14161236375703914,-0.5261632865205447,0.8571428571428571,-0.00027264280944269497,INT_02_GW190503_185404_v2,pre
NG15|J1918-0642|55616.435538148|1430.507|5442,54.835624871854606,0.27059043798766097,0.13136929459037247,0.36368578536419466,0.8,-0.0009745939901006448,INT_01_GW150914_v4,pre
NG15|J1713+0747|58211.346484604|752.812|50463,21.44319980115393,0.604321461524345,0.18385224495981897,0.3604186445904926,0.5555555555555556,-0.0053360606922681075,INT_02_GW190503_185404_v2,pre
NG15|J1012+5307|55892.485900038|1167.150|3633,41.85909577049704,0.4825375100081596,0.11569224830752016,-0.3410816549514702,0.625,-0.0007390714891877636,INT_01_GW150914_v4,pre
NG15|B1855+09|53715.741068145|436.000|360,5.8327541412349095,0.6049097274073799,0.06211748815305655,1.0,0.0,-0.0024614864366911374,INT_01_GW150914_v4,pre
NG15|J1713+0747gbt|57600.234157519|1205.140|1450,43.730997184017745,0.5945636584529101,0.08120458186985531,-0.6259380594426381,1.0,0.003958262039178417,INT_01_GW150914_v4,post
NG15|J1911+1347|57565.234090433|1449.232|1737,55.75827172545227,0.5634418350540267,0.10391188830354103,-0.05511225154175197,1.0,0.003738525320149564,INT_01_GW150914_v4,post
NG15|J1944+0907|58796.862898353|1324.099|2860,49.59252706690825,0.6888283476260935,0.16686790774878754,0.6038357114328771,0.5,-0.02729676534927069,INT_04_GW191126_115259_v1,pre
NG15|J1643-1224gbt|55278.252508098|753.622|12459,21.483111360642,0.6582511400095945,0.03567237321726786,0.9804283735967105,0.0,-0.0017840152653899666,INT_01_GW150914_v4,pre
NG15|J1024-0719|58819.360418181|1193.407|5500,43.15287085380351,0.5167165738678922,0.07777429866960514,-0.13916489585461653,0.5,-0.0006580115441678793,INT_04_GW191126_115259_v1,post
NG15|J1909-3744|55670.417900664|1879.422|3382,76.95525169603597,0.6543516174096317,0.1640610536444395,0.23344899598606011,0.42857142857142855,0.0010972641410547039,INT_01_GW150914_v4,pre
NG15|J0613-0200|58728.536028361|1192.736|6935,43.11980831501772,0.5630526483781664,0.12910423506879842,-0.3409721127292213,0.5,-0.005187249034647927,INT_03_GW190728_064510_v2,post
NG15|J0740+6620|57228.894110127|1680.444|1690,67.15090319749623,0.25835489128852773,0.1703614889259161,-0.20052480608131076,0.6666666666666666,-0.0035663914011107877,INT_01_GW150914_v4,pre
NG15|J0636+5128|56921.536115963|1181.705|7573,42.57627200302649,0.36429826257971454,0.11194649252836684,-0.3197267211355185,0.8888888888888888,-0.002450868228563434,INT_01_GW150914_v4,pre
NG15|J2124-3358|58489.928746294|1780.426|2204,72.07736929717058,0.5420751947646697,0.12517788410062702,-0.008196130785269097,0.5,0.0012435787959435476,INT_02_GW190503_185404_v2,pre
NG15|J1012+5307|57161.873375583|844.229|19113,25.947638114389594,0.3692026548656456,0.10992788331201357,-0.19041997190835153,0.5,0.0011685436461987208,INT_01_GW150914_v4,pre
NG15|J0645+5158|57431.469547846|1705.459|3994,68.38348055625436,0.40775287815150935,0.11777598659952707,-0.15172219251356728,0.42857142857142855,0.002176216713317626,INT_01_GW150914_v4,post
NG15|J1909-3744|57636.096586238|1755.471|6430,70.8477483502264,0.48590447447047025,0.16056062321761413,-0.4549803845135721,0.7777777777777778,-0.0010605826546187438,INT_01_GW150914_v4,post
NG15|J1713+0747|57885.237063159|1387.242|4701,52.70380558635911,0.6280508226282433,0.24104180396385752,-0.01868206931591516,0.5555555555555556,-0.0004748897211869525,INT_01_GW150914_v4,post
NG15|J1600-3053|56792.219152217|756.735|18432,21.636499860254794,0.5088270038047995,0.06432204389080497,0.3178630305175818,0.5,0.0008146320313492416,INT_01_GW150914_v4,pre
NG15|B1937+21ao|57579.177311937|1540.173|4387,60.23925583829741,0.6439509649658766,0.17185102584071293,-0.8927611996407111,0.6666666666666666,-0.005820270474972543,INT_01_GW150914_v4,post
NG15|J0613-0200|56331.145755166|747.333|12515,21.173230129011785,0.6281188611636425,0.07350137823186123,-0.17456849551974332,1.0,-0.006582690304633955,INT_01_GW150914_v4,pre
NG15|J1012+5307|57794.995017695|812.186|24664,24.36876638515969,0.5242139274257998,0.16832145084048517,-0.3627161982271333,0.5,-0.003345483710903832,INT_01_GW150914_v4,post
NG15|J0340+4130|58161.142809404|909.850|8558,29.181016441755812,0.33333858172040537,0.036033070792687555,0.4028416533640164,0.6666666666666666,0.00042399894959581157,INT_02_GW190503_185404_v2,pre
NG15|J0636+5128|57272.389504174|1467.993|8772,56.68269242613829,0.4489383214658817,0.1276367212746193,0.10111330208078041,0.5555555555555556,0.00052088611156519,INT_01_GW150914_v4,pre
NG15|J1614-2230|58008.948660491|791.099|12424,23.329735453153603,0.47385801425127955,0.08502693653082535,-0.6747622018709183,0.6666666666666666,-0.004322135161295511,INT_02_GW190503_185404_v2,pre
NG15|J1713+0747gbt|55732.015969468|825.481|32104,25.023857969596587,0.3781274596558608,0.13956223382188704,-0.42628234404885684,0.8,0.00029600813980848,INT_01_GW150914_v4,pre
NG15|J1730-2304|58335.058862448|1642.874|2101,65.29969666667306,0.615664461224154,0.08680348142995375,0.26355274911247983,0.6,-0.0001389125402834975,INT_02_GW190503_185404_v2,pre
NG15|J1946+3417|57410.684485877|1687.315|2415,67.4894616237216,0.4349628657506193,0.031814682045410034,1.0,0.0,-0.002547180664737162,INT_01_GW150914_v4,post
NG15|J2302+4442|57071.963605042|753.604|8541,21.48222443709782,0.2623644976395633,0.028455832588437893,-1.0,1.0,0.005268354651734626,INT_01_GW150914_v4,pre
NG15|J1744-1134|57647.993333958|1854.656|3070,75.73494344630568,0.6242169833108187,0.07259233174895896,-0.9666441819884241,1.0,0.0021086672656886922,INT_01_GW150914_v4,post
NG15|J1713+0747gbt|55826.710183478|1830.462|15416,74.54281965586817,0.5309251390384024,0.13062232175397095,-0.174410909989122,0.625,0.0014726341728590246,INT_01_GW150914_v4,pre
NG15|J1012+5307|55430.804434412|778.688|19535,22.71820166944195,0.21868058311642205,0.18670208096588067,-0.2717917661583327,1.0,-0.004199927614542284,INT_01_GW150914_v4,pre
NG15|J1600-3053gbt|56790.303949566|1480.487|3367,57.29831591285921,0.6558710718010621,0.10701662027836191,-0.16964450003231923,0.5,0.002835554324789811,INT_01_GW150914_v4,pre
NG15|J0610-2100|58671.653354738|847.195|4491,26.093783405058257,0.16734477050600458,0.058858932415891026,-0.3764763440660094,0.6666666666666666,0.0008657067990164094,INT_03_GW190728_064510_v2,pre
NG15|J1713+0747gbt|56956.869176915|1792.913|17956,72.69264786917988,0.47016196496306983,0.17112988968265713,-0.03048564285439646,0.6666666666666666,0.006738052307630048,INT_01_GW150914_v4,pre
NG15|B1937+21|57327.926098796|2286.754|5970,97.02593731257237,0.6499115915471169,0.2926689142662319,0.17096829499549193,0.5,-0.0029534124327471965,INT_01_GW150914_v4,post
NG15|J1614-2230|57977.905595584|1467.976|1933,56.68185477612435,0.24864827118709934,0.0793888961967259,-0.702748502003739,0.75,-0.0026303482254188657,INT_02_GW190503_185404_v2,pre
NG15|J0023+0923|55989.764115452|1249.593|6520,45.921353423429075,0.31918872487080835,0.13541603912830058,0.4919028376245235,0.375,0.0014119798358184627,INT_01_GW150914_v4,pre
NG15|J1909-3744|57767.672461020|1805.959|13075,73.33547034458896,0.38239541588931714,0.16421563028758343,-0.11889289047616938,0.7777777777777778,-0.004169443989494764,INT_01_GW150914_v4,post
NG15|J1747-4036|57131.350497937|834.842|6184,25.485107486100073,0.3217268185936385,0.04838982760738418,0.2301623305037296,0.6,-0.000760847305922249,INT_01_GW150914_v4,pre
NG15|J1614-2230|55330.206400629|1218.138|5514,44.371454529975686,0.6167565065514505,0.10629761792845874,-0.5770798295487912,0.7777777777777778,-0.0004464099251672754,INT_01_GW150914_v4,pre
NG15|J2145-0750|57928.283807431|759.837|15569,21.789346351035032,0.688135660746245,0.07582192075868192,0.28753356753801373,0.3333333333333333,-0.00038894040721381383,INT_01_GW150914_v4,post
NG15|J2322+2057|57201.408276802|1712.251|2341,68.71814637359135,0.40078563558420244,0.0902033036537405,0.802488942285866,0.0,-0.002182606770559638,INT_01_GW150914_v4,pre
NG15|B1937+21gbt|56249.805064599|831.724|11168,25.33147261883612,0.8733363881378005,0.17568192299775717,-0.3050431605692067,0.7142857142857143,-0.0031228893999407843,INT_01_GW150914_v4,pre
NG15|J1012+5307|56445.756985867|1430.502|10154,54.83537850420343,0.27704847043664266,0.19319651783250172,0.5433883574663497,0.7777777777777778,-0.010606707925687471,INT_01_GW150914_v4,pre
NG15|J1600-3053|57580.041482041|738.750|13370,20.750315419028944,0.4072578980122403,0.12503664058323052,0.5497870287898209,0.5555555555555556,-0.0015001990718411186,INT_01_GW150914_v4,post
NG15|J0740+6620|58848.679352587|1405.482|3129,53.60255477779417,0.39311646252182797,0.16034270852237292,-0.38293009696107483,0.7777777777777778,-0.0026899640499757614,INT_04_GW191126_115259_v1,post
NG15|J1909-3744gbt|58184.501984784|1367.163|13743,51.714442372827065,0.3930691579225192,0.14338324308617176,-0.4135947909864141,0.7777777777777778,0.00033870056326189496,INT_02_GW190503_185404_v2,pre
NG15|J2317+1439|56498.348760237|1276.765|5976,47.26021378689801,0.2206251793893321,0.20054815208206203,0.0927062706542083,0.6,-0.0033488039905749654,INT_01_GW150914_v4,pre
NG15|J1455-3330|56563.823829790|1717.959|1032,68.99939968415667,0.3759326423213677,0.09550590066486084,-0.7354087153402138,0.6,-0.002530919043091603,INT_01_GW150914_v4,pre
NG15|J0636+5128|58541.916103076|1442.527|1510,55.42789270524547,0.14175089244566919,0.06588990956884183,-0.3786339465618296,0.7777777777777778,-0.0002894108720784789,INT_02_GW190503_185404_v2,pre
NG15|J0740+6620|57913.956809560|1559.375|3197,61.18540616581583,0.34437675527013323,0.09153915565392406,0.9375550447752545,0.0,-0.005997023687635306,INT_01_GW150914_v4,post
NG15|J1713+0747|57726.841377855|1342.968|42856,50.52226930885936,0.6759308441154463,0.2569140257944578,-0.061566966077936304,0.7777777777777778,0.0003422987540272539,INT_01_GW150914_v4,post
NG15|J1918-0642|57080.569179133|850.445|12242,26.253922378312858,0.5061159290176676,0.11257332614809001,0.19272228534850322,0.25,0.0018430773833683263,INT_01_GW150914_v4,pre
NG15|J1713+0747|58956.536719666|3207.981|59230,142.41804374777755,0.6833308456025735,0.15163847604136652,0.06554300194668504,0.7777777777777778,-0.0010165529087073045,INT_05_GW200219_094415_v1,post
NG15|J1730-2304|58636.210055880|1343.010|1252,50.5243387971291,0.5197835834138037,0.12919752452305863,-0.9644487617119382,1.0,-0.004250153056962804,INT_02_GW190503_185404_v2,post
NG15|J1909-3744|57822.713254090|3239.794|34424,143.98558256505405,0.2616323290361966,0.1606407940235681,-0.03600917999003591,0.6666666666666666,-0.0031277696234604697,INT_01_GW150914_v4,post
NG15|J1022+1001|57808.203508644|2201.911|3403,92.8454231870831,0.336584656406397,0.18704753355359946,-0.08673504725600187,0.6666666666666666,0.0004662587619790999,INT_01_GW150914_v4,post
NG15|J0340+4130|56100.710102378|897.332|6747,28.564210390309317,0.36948872100696734,0.0739480497424636,-0.15321990919506204,0.75,0.001656461470389962,INT_01_GW150914_v4,pre
NG15|J1643-1224|55578.475963227|900.485|12371,28.7195698311314,0.6555211938591602,0.07132802517282098,0.4451971182462637,0.6666666666666666,-0.003029266672555033,INT_01_GW150914_v4,pre
NG15|J1312+0051|57700.592824748|2074.555|1451,86.57014347083293,0.2118260323208354,0.04740593038168021,0.8712510852495748,0.5,0.0020459859782912056,INT_01_GW150914_v4,post
NG15|J0636+5128|58040.627653081|872.338|24116,27.332667775686083,0.23413148618059892,0.08744433472137125,-0.067532258989488,0.6666666666666666,-0.0020058453716555306,INT_02_GW190503_185404_v2,pre
NG15|J0931-1902|58671.721233816|778.619|4548,22.71480179585593,0.2099613855702111,0.03886965216492144,0.9999999999999999,0.0,0.0009016144687091091,INT_03_GW190728_064510_v2,pre
NG15|J1843-1113|58059.896806414|1768.171|1527,71.47352218417514,0.2669900796891987,0.07853609495245684,-0.5343284210208336,0.6666666666666666,-0.0003984875338675769,INT_02_GW190503_185404_v2,pre
NG15|J1713+0747|57419.720269397|1193.878|31735,43.17607868654287,0.5069694934809128,0.2530305813500331,-0.38520350335626613,0.5555555555555556,0.0020451933268088467,INT_01_GW150914_v4,post
NG15|J1910+1256|56399.453076920|2224.772|4975,93.97186536172107,0.4902884437684766,0.05942424583253029,0.10879122398833382,0.5,-0.0015048838516189273,INT_01_GW150914_v4,pre
NG15|J1802-2124|58366.098366661|866.630|3307,27.05141446512077,0.2644409860876112,0.022283628497485358,-0.20785362135449123,0.5,0.0004160294384225178,INT_02_GW190503_185404_v2,pre
NG15|J1705-1903|58396.827615040|1367.181|4781,51.71532929637125,0.31748676787341246,0.07234871438777797,0.6189447662671785,0.5,0.0034058845025622285,INT_02_GW190503_185404_v2,pre
NG15|J2145-0750|57651.067122873|885.625|15700,27.987365171881127,0.6041286210480038,0.12213988605326256,-0.18162603218271567,0.5,-0.004247761640095205,INT_01_GW150914_v4,post
NG15|J1843-1113|58217.594456662|909.834|3164,29.180228065272097,0.2741798895283227,0.09535178312993277,0.07312095263423092,0.6,0.0014491488205933757,INT_02_GW190503_185404_v2,pre
NG15|J1909-3744|58894.728147770|3592.308|33006,161.35519180132252,0.3645158783746615,0.09742358525573869,0.12456311035983406,0.6666666666666666,-0.0005855804960614046,INT_05_GW200219_094415_v1,pre
NG15|B1937+21gbt|56894.066899535|825.474|12829,25.023513054884965,0.8143316531282724,0.2580129085344703,0.42462435339598104,0.5,-0.007283055549272251,INT_01_GW150914_v4,pre
NG15|J1738+0333|57587.088610000|1154.632|5099,41.24228971905054,0.31380643180787104,0.15882839959337391,0.34460592548734176,0.6666666666666666,-0.003170470182652384,INT_01_GW150914_v4,post
NG15|J0645+5158|56346.999965426|766.083|9630,22.097108820865255,0.39920005224110244,0.11883999068651806,-0.6986432509922083,0.6666666666666666,0.0008320351715415564,INT_01_GW150914_v4,pre
NG15|J1744-1134|55278.325711390|900.458|16312,28.718239445815126,0.41102418876032637,0.12422548271645159,0.2291723410648344,0.5714285714285714,0.0009325575349817911,INT_01_GW150914_v4,pre
NG15|J1713+0747gbt|54035.697327859|852.000|24277,26.330542717823903,0.3284562728768615,0.07319061474813068,-0.660754684805973,1.0,0.002235825132015351,INT_01_GW150914_v4,pre
NG15|B1937+21gbt|56354.456294687|737.963|10234,20.711537150736213,0.845383102251245,0.16762894801933492,-0.25850827606586596,0.625,-0.003136630504620755,INT_01_GW150914_v4,pre
NG15|J2234+0611|57334.965406344|1387.329|2464,52.708092383489316,0.5043376933978335,0.08028368366325761,-0.6641340013985659,0.6666666666666666,0.0025121401478237168,INT_01_GW150914_v4,post
NG15|J1909-3744|58786.995561997|3496.235|31868,156.62133593132583,0.4551150561352535,0.18187184540701906,-0.06832403076462724,0.5555555555555556,-0.0016120296670614279,INT_04_GW191126_115259_v1,pre
NG15|J1744-1134|55674.286501589|837.955|14446,25.63849598571287,0.7299740366834441,0.1093870609810084,-0.00604681765603013,0.625,-0.00359723502609469,INT_01_GW150914_v4,pre
NG15|J1747-4036|58039.911620498|1830.422|4057,74.5408487146589,0.25943966683553377,0.03331313104267994,0.22166143255913776,0.4444444444444444,-0.0009225591992578816,INT_02_GW190503_185404_v2,pre
NG15|J1713+0747|58734.915202811|1722.125|12780,69.20467321110395,0.3012686764560208,0.25012298409359995,0.04861220329960531,0.8888888888888888,0.0025720068824471947,INT_03_GW190728_064510_v2,post
NG15|J0636+5128|57794.953988072|831.721|29533,25.331324798245422,0.21658675580575226,0.10204807385413203,-0.03061401724085834,0.6666666666666666,-0.0034521070585903937,INT_01_GW150914_v4,post
NG15|J2317+1439|57647.196988448|422.187|3932,5.152138868137738,0.6845224858514039,0.18232722248847616,-0.740942989852967,0.8888888888888888,-0.0029201704386713216,INT_01_GW150914_v4,post
NG15|J2145-0750|54428.774161328|848.000|9809,26.133448596895164,0.3144561316695102,0.1622620825004994,-0.6729162138687537,0.8888888888888888,-0.0009948874647007597,INT_01_GW150914_v4,pre
NG15|J1713+0747|56955.809817783|1351.930|3094,50.9638586868002,0.7043200286865126,0.22193726045334206,-0.5036174760506018,0.7777777777777778,0.0018936600461267963,INT_01_GW150914_v4,pre
NG15|J1125+7819|58819.150014357|1392.047|3374,52.94056489912476,0.3066545142357208,0.15265077038656524,0.026821486375459298,0.5,-0.0010862087518303779,INT_04_GW191126_115259_v1,post
NG15|J1455-3330|56003.362423144|750.476|8087,21.328096834531543,0.3768508758265023,0.08567975039891493,-0.12012278876377201,0.5,-0.0007438483169312509,INT_01_GW150914_v4,pre
NG15|B1937+21ao|55968.637323965|1402.000|297,53.4309843455257,0.7476029308364188,0.2802655120730153,0.5613199404291298,0.5555555555555556,-0.0001687747043849119,INT_01_GW150914_v4,pre
NG15|J1713+0747|57948.054060954|1182.314|40702,42.606279582937894,0.6788717928438023,0.15760628668288867,-0.5815178202154617,0.6666666666666666,-0.0002504031657484744,INT_02_GW190503_185404_v2,pre
NG15|J1643-1224|56643.583913132|1380.520|3934,52.37258891613837,0.5397343765673002,0.06750322863061776,0.1755031215231182,0.6666666666666666,-0.0016679111050500292,INT_01_GW150914_v4,pre
NG15|J1614-2230|56614.715765348|744.166|18282,21.01718085876646,0.4784546540367347,0.10380350106118597,-0.4690322619420789,0.6666666666666666,-0.002916602117168605,INT_01_GW150914_v4,pre
NG15|J1744-1134|56138.110140711|1166.398|5722,41.822042075762425,0.619462502214618,0.058491950493108666,-0.4634137195452839,0.6666666666666666,-0.0021540378656588594,INT_01_GW150914_v4,pre
NG15|J2302+4442|58335.548169979|775.468|9215,22.559540902094312,0.5411106172291066,0.08917270361703127,-0.46511558791003915,0.5,0.0019454981183798638,INT_02_GW190503_185404_v2,pre
NG15|J2214+3000|57622.163347529|2313.526|7355,98.34508826394844,0.2207001557213085,0.15464417598420768,-0.505744764752806,0.5,-0.006172411536836282,INT_01_GW150914_v4,post
NG15|J2145-0750|58103.796895520|1455.550|8319,56.06958188945921,0.5947738689935274,0.15603147050550079,0.20569956447842794,0.7777777777777778,-0.0018749596634219793,INT_02_GW190503_185404_v2,pre
NG15|J2214+3000|57907.387200275|1187.501|3874,42.86186138425223,0.3422649242774378,0.07160119731056455,0.11914574211586453,0.75,-0.0004601258970221385,INT_01_GW150914_v4,post
NG15|J2302+4442|56765.788884919|891.104|7629,28.25733484402327,0.3789159208805587,0.021320983275958355,-1.0,1.0,0.0016889404204995136,INT_01_GW150914_v4,pre
NG15|J1713+0747gbt|55072.861010198|1384.000|848,52.54406080134637,0.7764840470834679,0.08763322744494954,-0.7595931164501184,1.0,-0.0035300220406153187,INT_01_GW150914_v4,pre
NG15|J1909-3744|56138.196694576|1842.892|4434,75.15528963665425,0.718621316764002,0.14125945267241474,-0.38332751571561585,0.6,1.2120019880235881e-05,INT_01_GW150914_v4,pre
NG15|J1614-2230|56643.608862078|1182.843|4748,42.63234528043072,0.1953465072965603,0.11032147792821599,-0.4228014149653885,1.0,-0.003902902481682088,INT_01_GW150914_v4,pre
NG15|J1643-1224|58820.822847540|2918.564|19185,128.15744644856923,0.24292379316071114,0.1599329848099863,0.3395300024726074,0.4444444444444444,-0.0033963148252967677,INT_04_GW191126_115259_v1,post
NG15|J1125+7819|56922.862986794|1553.196|555,60.88094502251115,0.39027948565817994,0.04534740340359544,-0.9999999999999999,1.0,-0.001200669569451629,INT_01_GW150914_v4,pre
NG15|J1012+5307|56172.596770379|828.581|24564,25.17660591331636,0.49640202046522464,0.17164727036748334,0.20231011774051397,0.5555555555555556,-0.006578598830997042,INT_01_GW150914_v4,pre
NG15|J0613-0200|56851.619093642|834.819|14197,25.483974194904732,0.6230429963682464,0.1439514027486783,0.5105776464618016,0.5,-0.004406838291387405,INT_01_GW150914_v4,pre
NG15|B1937+21ao|57710.820959717|2364.390|6515,100.85133710567828,0.5229120479097606,0.16785124962539832,-0.5264449044530563,0.75,-0.0034281021034448913,INT_01_GW150914_v4,post
NG15|J1744-1134|58335.076009080|1792.983|6326,72.69609701629612,0.34684447750569003,0.14187819362608714,0.14466298884079945,0.6666666666666666,-0.006526215583811923,INT_02_GW190503_185404_v2,pre
NG15|J1713+0747|56502.180001468|1217.815|27427,44.355539179710696,0.681419726229561,0.2389238477944595,0.19457843281731518,0.6666666666666666,0.0028496893944817405,INT_01_GW150914_v4,pre
NG15|J1713+0747|55919.461215673|731.732|50073,20.404513783859468,0.5650170325145895,0.15485041060171795,0.38049841766508996,0.42857142857142855,0.001485271198478727,INT_01_GW150914_v4,pre
NG15|J0023+0923|56599.102450436|1351.889|7083,50.96183847206067,0.20623778223453,0.11332026759984062,-0.27035786905702225,0.8333333333333334,-0.0003086792282998485,INT_01_GW150914_v4,pre
NG15|J0613-0200|57487.902181745|759.851|11897,21.79003618045828,0.6872489233727664,0.05070345320284876,-0.778812602791015,0.5,-0.0034377260827293684,INT_01_GW150914_v4,post
NG15|J2302+4442|56386.983052692|909.848|3788,29.18091789469534,0.2436726493542129,0.03451034336322207,0.2187711073676216,1.0,-0.000448772424204144,INT_01_GW150914_v4,pre
NG15|J0605+3757|58012.623882075|1318.363|93,49.30989409749643,0.30037072977220586,0.01777406796049807,0.9999999999999998,0.0,0.0009752672464062826,INT_02_GW190503_185404_v2,pre
NG15|J1125+7819|58580.773159743|856.555|7982,26.554983648031506,0.40162784999462137,0.08797764561648394,-0.42134818983534483,0.5,-0.003913562470763564,INT_02_GW190503_185404_v2,pre
NG15|J2234+0611|57700.980487253|436.250|600,5.845072523792956,0.3515170843871754,0.16434494321550794,-0.6037205267587719,0.5,0.002085676903570141,INT_01_GW150914_v4,post
NG15|J1909-3744|57221.270168599|2632.595|33963,114.0667442816015,0.5504267898640437,0.07519843953807917,-0.10285444460688062,0.8333333333333334,0.0017388884186904578,INT_01_GW150914_v4,pre
NG15|J1903+0327|56107.182284079|2224.817|4956,93.97408267058154,0.46622765986012726,0.06697917297387672,0.0638487415967547,0.5555555555555556,-0.0010053328733876734,INT_01_GW150914_v4,pre
NG15|J1713+0747|56352.339067007|1717.974|29396,69.00013878711015,0.6843244791026127,0.26233189662342044,-0.40922220293796185,0.5555555555555556,0.002126114493686057,INT_01_GW150914_v4,pre
NG15|B1937+21gbt|56387.405086648|775.463|9211,22.559294534443154,0.7993553041242527,0.18804051980970288,-0.5144450814195007,0.6,-0.0037619501721976823,INT_01_GW150914_v4,pre
NG15|J2229+2643|58628.433044262|1338.454|3231,50.29984859339127,0.37066172698089034,0.07330830270307556,0.082333361565994,0.5,-0.003627570636043559,INT_02_GW190503_185404_v2,post
NG15|J0340+4130|58365.501010754|869.234|10894,27.179722737845385,0.3392865674310533,0.04127502721568025,0.09630837115005783,0.2,0.0005575223186391552,INT_02_GW190503_185404_v2,pre
NG15|J2043+1711|59025.340708638|425.312|1436,5.306118650113316,0.441003327919036,0.018324905224427097,-1.0,1.0,-0.0008566644699865474,INT_05_GW200219_094415_v1,post
NG15|J1600-3053gbt|54551.272478490|1416.000|41,54.120813768776294,0.5218266653494894,0.022735119186443577,1.0,0.0,-0.01233455206543472,INT_01_GW150914_v4,pre
NG15|J1944+0907|57124.456184347|1649.083|3524,65.60563601588468,0.39781480120904333,0.09417725216537437,-0.9250898867612807,1.0,-0.002569631723573596,INT_01_GW150914_v4,pre
NG15|J0610-2100|58271.809463634|1242.372|1838,45.565549261622465,0.2767723067082583,0.08070268002892779,-0.09210440800612199,0.3333333333333333,-0.0021560614473706058,INT_02_GW190503_185404_v2,pre
NG15|J1713+0747|55278.200553340|857.500|46824,26.601547134100922,0.5237574158978185,0.1761649819716748,0.5342811301638312,0.3333333333333333,-0.003849757061924209,INT_01_GW150914_v4,pre
NG15|J1944+0907|57019.774907923|439.375|670,5.999052305768534,0.5071639306154532,0.0476256257712339,-0.5665559018379998,0.5,-0.0012856722668129878,INT_01_GW150914_v4,pre
NG15|J0023+0923|58793.053316408|1462.347|10860,56.40449407444737,0.23589552077133033,0.07046545146711902,0.33840226867326617,0.6666666666666666,-0.0018620545424904177,INT_04_GW191126_115259_v1,pre
NG15|J1713+0747|58845.604584606|1373.788|7161,52.04087951061529,0.5998361442713569,0.1852821958473165,0.34691051472008705,0.5555555555555556,0.003921841823796939,INT_04_GW191126_115259_v1,post
NG15|J1012+5307|58396.341659074|1792.968|2424,72.69535791334263,0.41927538388591634,0.1422022564007455,0.5392266166914415,0.3333333333333333,-0.005690927743832519,INT_02_GW190503_185404_v2,pre
NG15|J1600-3053|57307.912593543|884.849|14671,27.949128912420953,0.5668114756701984,0.08579419536626864,0.186427266340294,0.7777777777777778,0.0022632248967276586,INT_01_GW150914_v4,post
NG15|J2302+4442|57036.069167184|887.956|7533,28.102221770852353,0.28539603569366173,0.015421868973180968,1.0,0.0,0.002040823637008323,INT_01_GW150914_v4,pre
NG15|J1909-3744gbt|56762.448332317|1568.042|17434,61.612459852338176,0.4575200847807775,0.13262307716609062,-0.8126547649096664,1.0,0.0023376728997755516,INT_01_GW150914_v4,pre
NG15|J2033+1734|58509.705971542|1586.626|1885,62.5281591381731,0.2729691135286495,0.07422001018056691,-0.39226024593343783,1.0,-0.0003896549816927327,INT_02_GW190503_185404_v2,pre
NG15|J1012+5307|56151.622022218|806.696|21314,24.098254704184992,0.7851242241558631,0.17164727036748334,0.20231011774051397,0.5555555555555556,-0.006578598830997042,INT_01_GW150914_v4,pre
NG15|J1643-1224|57892.252666961|3592.351|20299,161.35731056312255,0.24975125984004448,0.13057705802145897,-0.08852312346841622,0.7777777777777778,-0.0025101103751071826,INT_01_GW150914_v4,post
NG15|J0636+5128|57702.246513954|766.100|31949,22.097946470879204,0.42172405591774753,0.10390215531123909,0.24394589843162398,0.7777777777777778,-6.396206747484022e-05,INT_01_GW150914_v4,post
NG15|J1125+7819|57764.464801922|803.515|5037,23.94151560451641,0.4410597703994541,0.0854491121003428,-0.20500449127235665,0.7777777777777778,-0.0011904111715347364,INT_01_GW150914_v4,post
NG15|J1741+1351|58675.115015189|1250.253|4688,45.953873953382306,0.4667328589973361,0.07294784621382251,-0.47441932367423156,0.5,0.0026465912671253043,INT_03_GW190728_064510_v2,pre
NG15|J2214+3000|57622.156760187|2212.599|7337,93.3720586782047,0.31049297893258054,0.15464417598420768,-0.505744764752806,0.5,-0.006172411536836282,INT_01_GW150914_v4,post
NG15|J0645+5158|56726.919324586|1269.914|2269,46.9226408312773,0.4006862139334999,0.09531602709428401,0.9053796528427205,0.3333333333333333,-0.005159442968973924,INT_01_GW150914_v4,pre
NG15|J1125+7819|58161.294927215|869.202|5362,27.17814598487795,0.3611509895021571,0.07733761030889405,0.07967191467444085,0.5555555555555556,0.0010623509138145634,INT_02_GW190503_185404_v2,pre
NG15|J1911+1347|57375.765632192|1687.275|3091,67.4874906825123,0.40498162462052767,0.12085570575557203,-1.0,1.0,0.00399303943475844,INT_01_GW150914_v4,post
NG15|B1937+21gbt|57489.529069445|800.083|12886,23.772408848759547,0.8569392386101079,0.11025681965313043,-0.7334539141463141,1.0,-0.004767137557755603,INT_01_GW150914_v4,post
NG15|J1125+7819|57579.919433998|759.860|8063,21.79047964223037,0.5084240978048786,0.07380413784147247,-0.5222177693185481,0.5,-0.0028911604732569296,INT_01_GW150914_v4,post
NG15|J1713+0747gbt|54913.310010150|880.000|24071,27.710201564325086,0.3631198209286533,0.15095434547372188,-0.9306396399646926,1.0,0.0029503062257673776,INT_01_GW150914_v4,pre
NG15|J2145-0750|58075.858421884|1767.941|7341,71.46218927222175,0.5218465874726189,0.14161236375703914,-0.5261632865205447,0.8571428571428571,-0.00027264280944269497,INT_02_GW190503_185404_v2,pre
NG15|J1713+0747|56165.992133156|1287.839|1268,47.805868860689216,0.7417974110638411,0.14185083517514038,-0.3356563070609903,0.7777777777777778,0.0010848964845120864,INT_01_GW150914_v4,pre
NG15|J1643-1224gbt|55948.424951198|891.093|15201,28.256792835190712,0.6501710258433363,0.08417495417522007,-0.9222756695723482,0.6666666666666666,-0.0063451967266902505,INT_01_GW150914_v4,pre
NG15|J1713+0747|57326.768607839|1662.245|4151,66.2541742208007,0.3314777676716309,0.21043480538810158,-0.11636855359021127,0.6666666666666666,0.005436226091273908,INT_01_GW150914_v4,post
NG15|J1024-0719|56763.974246891|1567.973|6317,61.60905997875215,0.4254162497802891,0.14296317763096203,-0.5538707041276857,0.6,-0.0037302783095792967,INT_01_GW150914_v4,pre
NG15|J1713+0747|57387.642040294|2287.062|17879,97.04111355988388,0.6986719918799673,0.247755675293531,-0.3747721939687412,0.5555555555555556,0.0035979274421063176,INT_01_GW150914_v4,post
NG15|J1614-2230|55521.607216008|903.623|14626,28.874190169,0.36614586553421796,0.0756180060669226,-0.5812344638563605,1.0,-0.0018753639681876031,INT_01_GW150914_v4,pre
NG15|J1802-2124|58141.466023444|1705.578|2242,68.38934410635198,0.29773558103086434,0.04505281948721128,-0.13288965875591763,0.6666666666666666,0.0007949992905286982,INT_02_GW190503_185404_v2,pre
NG15|B1937+21gbt|58301.261051702|1342.966|7239,50.52217076179888,0.7685827949600291,0.1230672080870604,-0.528210226533072,0.5,-0.006554162500720462,INT_02_GW190503_185404_v2,pre
NG15|J2010-1323|55122.824453047|844.000|7887,25.936354475966425,0.48975888488087,0.09933645863928138,0.23789035124617217,0.4444444444444444,0.002503683248366353,INT_01_GW150914_v4,pre
NG15|J1713+0747|57136.472000655|1480.462|39278,57.297084074603404,0.37913946485806943,0.21709863535473223,0.2322525120011756,0.3333333333333333,0.001219537815945972,INT_01_GW150914_v4,pre
NG15|J1853+1303|57186.219334229|1574.024|2319,61.9072141101871,0.31709199256892967,0.12096866367234722,-0.1256396728395034,0.6666666666666666,0.000573549763146187,INT_01_GW150914_v4,pre
NG15|J1713+0747|57822.445705661|2665.642|59017,115.69508663518451,0.5564088446635121,0.22904983107458698,0.716955319675593,0.5555555555555556,-0.005383413364881946,INT_01_GW150914_v4,post
NG15|J1024-0719|55307.071408638|744.786|8490,21.04773044751041,0.2788073616110041,0.10973396729515,-0.40484473525333614,0.6666666666666666,0.0023298450353714984,INT_01_GW150914_v4,pre
NG15|J1909-3744|58782.899261669|1691.260|5606,67.68384570048755,0.24425224471766324,0.18187184540701906,-0.06832403076462724,0.5555555555555556,-0.0016120296670614279,INT_04_GW191126_115259_v1,pre
NG15|J1600-3053gbt|56270.675659466|781.728|15163,22.867993201347794,0.44838921647861,0.07020600558780991,-0.6334667001653133,0.75,0.0030013839427017893,INT_01_GW150914_v4,pre
NG15|J2010-1323|57496.407349876|891.875|10223,28.295324735832285,0.3447378616339789,0.060795006743011984,0.4840868804939651,0.3333333333333333,-0.0031800368060190634,INT_01_GW150914_v4,post
NG15|J0023+0923|57915.476685575|428.437|1976,5.460098432088895,0.2741509139966796,0.12889878092492627,-0.10511667438550992,0.8,-0.003948903677411595,INT_01_GW150914_v4,post
NG15|J1643-1224|58070.817563579|738.750|16072,20.750315419028944,0.6140813842590626,0.041458487271968145,-0.11471824771813618,0.75,-0.0014927375153107512,INT_02_GW190503_185404_v2,pre
NG15|J2145-0750|57439.619942769|838.029|14660,25.642142226950046,0.3015567089491823,0.16812339399524898,0.14232071171733093,0.4,0.0007849922416244407,INT_01_GW150914_v4,post
NG15|J1909-3744gbt|57412.607392910|1717.350|10810,68.96939210424526,0.6123136150197073,0.12590716866974364,-0.1287256700387089,0.4444444444444444,0.001829930234436329,INT_01_GW150914_v4,post
NG15|J1909-3744|58250.489346837|3970.702|33893,179.99999999999997,0.27675968781980703,0.1493472221021464,0.031210411489286362,0.4444444444444444,-0.0026614505614182497,INT_02_GW190503_185404_v2,pre
NG15|J1614-2230|57195.077842658|747.338|11405,21.173476496662946,0.24075061820096083,0.11146851629922641,-0.5920350509082549,0.5,0.00442152522855331,INT_01_GW150914_v4,pre
NG15|J1643-1224gbt|58545.397746302|1284.375|2343,47.63518535196493,0.41035712751147674,0.1083809506763376,0.2984707268043487,0.4444444444444444,-0.004868934090402588,INT_02_GW190503_185404_v2,pre
NG15|J2234+0611|57738.859869025|1186.909|1997,42.83269145435479,0.5247409085542314,0.16434494321550794,-0.6037205267587719,0.5,0.002085676903570141,INT_01_GW150914_v4,post
NG15|J0610-2100|58907.998310915|1817.891|1641,73.92340210731939,0.17438261142839048,0.06333453269927738,0.0799065956803777,1.0,0.0006426598255934632,INT_05_GW200219_094415_v1,post
NG15|J1946+3417|57579.216123962|1737.221|1247,69.94850642348902,0.4256567365827352,0.06225491399842454,-1.0,1.0,-0.0029100541742096116,INT_01_GW150914_v4,post
NG15|J1600-3053gbt|54551.272478473|1380.000|50,52.34696668041763,0.5340610198724991,0.022735119186443577,1.0,0.0,-0.01233455206543472,INT_01_GW150914_v4,pre
NG15|J2010-1323|55892.707793550|1230.015|1900,44.95667624854335,0.1791832327991347,0.07019409119023501,-0.03946509992925253,0.5,-0.004544294620048912,INT_01_GW150914_v4,pre
NG15|B1937+21ao|57873.369021442|1338.472|3073,50.30073551693545,0.3885355673685419,0.19572297797528518,-0.15762856632965308,0.5,-0.011119216059364464,INT_01_GW150914_v4,post
NG15|J1453+1902|57788.388437936|1197.158|996,43.33769586570443,0.19865392240863436,0.09348989427263475,0.029320946921834207,0.5,0.003394209964888426,INT_01_GW150914_v4,post
NG15|J1600-3053|57883.406657461|2116.567|20839,88.6402230229475,0.36005327267655,0.10456776613221411,-0.43558602062137086,0.7777777777777778,-0.0010485254436093819,INT_01_GW150914_v4,post
NG15|J1012+5307|57887.147327795|1730.488|10961,69.61674774443571,0.35522276523359836,0.1513734384159893,0.21283902825002568,0.5,-0.00212908054662696,INT_01_GW150914_v4,post
NG15|J1909-3744|58634.262614667|793.437|29422,23.44493696683645,0.7562188509874481,0.17127397940240113,0.45564799823730656,0.4444444444444444,-0.0006880521863899892,INT_02_GW190503_185404_v2,post
NG15|J2302+4442|57458.946111992|766.090|8357,22.097453735576888,0.5486962880941412,0.07643012047672824,-0.028592925656825283,0.5555555555555556,0.0019416335220277968,INT_01_GW150914_v4,post
NG15|J1713+0747|57417.513964966|1776.606|19561,71.88914441168363,0.7983362039208529,0.2530305813500331,-0.38520350335626613,0.5555555555555556,0.0020451933268088467,INT_01_GW150914_v4,post
NG15|J1738+0333|57700.776871357|1610.799|3807,63.71924818447572,0.4428816032227325,0.17299160828637244,0.20480938071082758,0.3333333333333333,0.006429980828108321,INT_01_GW150914_v4,post
NG15|J0614-3329|58240.911085198|881.645|1171,27.791256521557028,0.3298983406663305,0.09272687457383218,-0.06521822832988192,0.6666666666666666,-0.0007666546204539262,INT_02_GW190503_185404_v2,pre
NG15|J0437-4715|58711.584717353|1208.542|1700,43.89862573386764,0.04080292866850931,0.20268327125132662,-0.633048470887658,0.5,0.0032648916784359773,INT_03_GW190728_064510_v2,post
NG15|J1713+0747ao|58530.482049522|1611.041|11944,63.7311723787919,0.19945178744330336,0.25318539606024043,-0.06609423716315799,0.5555555555555556,0.005215877745289247,INT_02_GW190503_185404_v2,pre
NG15|J1713+0747|57949.062537348|1213.349|9132,44.13548359369375,0.2072616212540028,0.15760628668288867,-0.5815178202154617,0.6666666666666666,-0.0002504031657484744,INT_02_GW190503_185404_v2,pre
NG15|J0614-3329|58819.256311082|1780.432|16,72.07766493835197,0.2654818361851012,0.09272687457383218,-0.06521822832988192,0.6666666666666666,-0.0007666546204539262,INT_04_GW191126_115259_v1,post
NG15|J1600-3053|58187.379303048|1755.435|2819,70.84597450313804,0.49130916565761534,0.0868511254313918,-0.06438921833961658,0.8888888888888888,-0.0021477825112981015,INT_02_GW190503_185404_v2,pre
NG15|J2043+1711|57257.133021258|436.250|2123,5.845072523792956,0.6271494631659642,0.10021860025669334,0.27888351391332433,0.4444444444444444,-0.0033870611170022965,INT_01_GW150914_v4,pre
NG15|J2017+0603|56220.963005643|1724.019|2129,69.2979972773637,0.2435014338224509,0.1990479236929179,-0.6796587934498859,0.8,0.002528630325243868,INT_01_GW150914_v4,pre
NG15|J1843-1113|58301.366557361|1204.928|1819,43.72055119560852,0.32094365719167633,0.08060792454458088,0.22229242288811396,0.6666666666666666,0.00320907303230361,INT_02_GW190503_185404_v2,pre
NG15|J1713+0747gbt|58425.713856838|899.841|32917,28.68783767766187,0.6811223812891299,0.11759008931553121,-0.020694588002030504,0.4444444444444444,-0.00012419584155291106,INT_02_GW190503_185404_v2,pre
NG15|J1909-3744|57192.318428648|909.833|23763,29.18017879174186,0.37349319527617214,0.07519843953807917,-0.10285444460688062,0.8333333333333334,0.0017388884186904578,INT_01_GW150914_v4,pre
NG15|J1643-1224|56978.709457772|1730.506|9176,69.6176346679799,0.5301493388667136,0.0801635909468622,-1.0,1.0,-0.006583960104724068,INT_01_GW150914_v4,pre
NG15|J2234+0944|58578.576543374|1512.147|1841,58.85831588001019,0.2569016776530475,0.11553294059892547,0.99779823242538,0.0,-0.006536135598451226,INT_02_GW190503_185404_v2,pre
NG15|J1713+0747|57822.455221042|2056.990|58762,85.7046539123046,0.5765510322977283,0.22904983107458698,0.716955319675593,0.5555555555555556,-0.005383413364881946,INT_01_GW150914_v4,post
NG15|J1909-3744gbt|58152.636915548|1455.282|13531,56.05637658335698,0.5687113956935227,0.14338324308617176,-0.4135947909864141,0.7777777777777778,0.00033870056326189496,INT_02_GW190503_185404_v2,pre
NG15|J2317+1439|58475.900905361|428.437|3294,5.460098432088895,0.581709729540114,0.239585598975583,0.18126411000364226,0.5,-0.008069949387753158,INT_02_GW190503_185404_v2,pre
NG15|J1713+0747|58746.914239999|2212.406|15208,93.36254888686989,0.6761284455650951,0.25012298409359995,0.04861220329960531,0.8888888888888888,0.0025720068824471947,INT_03_GW190728_064510_v2,post
NG15|J1853+1303|57588.117899166|1512.305|2105,58.86610109778688,0.6033878390663283,0.13702990501938167,-0.12739364531050779,0.75,-0.002121671022222388,INT_01_GW150914_v4,post
NG15|J1713+0747gbt|58134.629860710|1318.218|5151,49.302749435612775,0.43418310235244434,0.18437319385225007,-0.060376847226302245,0.5555555555555556,0.004806931833708963,INT_02_GW190503_185404_v2,pre
NG15|J1903+0327|58848.956202299|3143.918|6683,139.26143358051308,0.20830102116785554,0.04079130672852229,0.8905532505918243,0.5,-0.0007758910803164047,INT_04_GW191126_115259_v1,post
NG15|J1713+0747|57996.986120899|1392.984|33929,52.98673419695232,0.6941430546190442,0.1556944968303617,-0.40610226754815193,0.8888888888888888,0.0025069006572395855,INT_02_GW190503_185404_v2,pre
NG15|J1713+0747|58881.562937798|1862.286|18801,76.11090048197724,0.5579310129620833,0.18624454981619307,0.5755043416220853,0.6666666666666666,0.0002575179069604413,INT_05_GW200219_094415_v1,pre
NG15|J1614-2230|55271.290427259|1368.450|8061,51.77785740623589,0.34923036985352146,0.10338228128845747,0.1831409988839095,0.4444444444444444,0.002490017948259863,INT_01_GW150914_v4,pre
NG15|J1741+1351|56549.921849424|1174.471|4962,42.21982728532686,0.6347450800608764,0.10624420402176349,-0.34318504757543994,0.75,-0.0034672005301523423,INT_01_GW150914_v4,pre
NG15|J1643-1224|58364.893590631|1492.971|6018,57.91344666427781,0.6929329796235667,0.16661119569302388,-0.16236500540635737,0.875,-0.0029931001557496053,INT_02_GW190503_185404_v2,pre
NG15|J1730-2304|58336.052158506|747.322|2902,21.172688120179235,0.5761937306597833,0.08680348142995375,0.26355274911247983,0.6,-0.0001389125402834975,INT_02_GW190503_185404_v2,pre
NG15|J1918-0642|58160.801707070|1431.310|1725,54.87519151663104,0.35007838215541753,0.09647546426664594,0.03949629795268886,1.0,-7.887279778990116e-05,INT_02_GW190503_185404_v2,pre
NG15|J0740+6620|56706.366657741|1381.479|1937,52.41984223163103,0.5626491361562994,0.19920344385305006,-0.9999999999999999,1.0,0.03732954771027591,INT_01_GW150914_v4,pre
NG15|J1643-1224|54978.080941197|1416.000|37,54.120813768776294,0.4952804138997278,0.06653909822273187,0.24596717206081614,0.7777777777777778,-0.0028012649042317038,INT_01_GW150914_v4,pre
NG15|J0030+0451|57773.883749019|1312.562|13659,49.024058348619526,0.609136119189802,0.10573069491198628,0.2254440790173712,0.6666666666666666,-0.0010115559287664723,INT_01_GW150914_v4,post
NG15|J0613-0200|58699.619405652|900.481|11007,28.71937273701047,0.5971659690775438,0.12910423506879842,-0.3409721127292213,0.5,-0.005187249034647927,INT_03_GW190728_064510_v2,post
NG15|J0931-1902|58365.546268650|787.919|2723,23.173045627015252,0.2665273492545059,0.14286292590702196,0.11520726882717641,0.5555555555555556,-0.0007205934396675115,INT_02_GW190503_185404_v2,pre
NG15|J1713+0747|56934.886512952|2329.150|19839,99.1149379002961,0.7430044741793416,0.22386798578131384,-0.413927563117357,0.7777777777777778,0.0020897417508626017,INT_01_GW150914_v4,pre
NG15|J0030+0451|56417.611651835|1162.439|15867,41.62696816957322,0.21381319402280474,0.12484064271193794,-0.5019549862446513,0.6666666666666666,-0.0037733010968201246,INT_01_GW150914_v4,pre
NG15|J1909-3744gbt|56354.540125480|881.713|26241,27.794607121612817,0.5007717586582372,0.11379011023234759,0.286257105632828,0.3333333333333333,-0.0006403749589379624,INT_01_GW150914_v4,pre
NG15|J1705-1903|58699.990617707|881.683|8856,27.793128915705854,0.21806109496319254,0.07329225557797811,0.041293838266527876,0.8,0.0037611746641027584,INT_03_GW190728_064510_v2,post
NG15|J0740+6620|58786.857429489|1592.374|1138,62.81138338994771,0.3481743685076798,0.160249166030988,-0.136854884214343,0.5555555555555556,-0.004258476027352946,INT_04_GW191126_115259_v1,pre
NG15|J1713+0747|56913.044444717|1805.499|35745,73.31280452068215,0.70633837159867,0.22560124083396335,-0.3145870527123254,0.7777777777777778,0.0031096355799460386,INT_01_GW150914_v4,pre
NG15|J1909-3744gbt|55766.081543522|909.060|31184,29.142090352872383,0.6587217421389919,0.12713442692861762,-0.2491719848353373,0.8,-0.007807188079373077,INT_01_GW150914_v4,pre
NG15|J2302+4442|56431.806899523|1442.156|546,55.40961222552932,0.2476851971511758,0.09902672743900305,-0.10597774098628916,0.6666666666666666,-0.0011967692945602285,INT_01_GW150914_v4,pre
NG15|J1909-3744gbt|57958.116483945|1168.252|7091,41.9133952008129,0.6051915605325823,0.1164042661338707,-0.2977939663943393,0.6666666666666666,-0.0009368177588989279,INT_02_GW190503_185404_v2,pre
NG15|J2317+1439|57647.180609576|1412.400|10876,53.943429059940435,0.22933718912869336,0.18232722248847616,-0.740942989852967,0.8888888888888888,-0.0029201704386713216,INT_01_GW150914_v4,post
NG15|J1022+1001|57417.285023737|442.500|89,6.153032087744112,0.5536076622918615,0.19534937646381456,1.0,0.0,-0.004162858346328306,INT_01_GW150914_v4,post
NG15|J1600-3053|58849.574759952|3495.533|21974,156.58674591310282,0.21876528568417225,0.14264085634335508,0.336562941490121,0.625,-0.003256107978535303,INT_04_GW191126_115259_v1,post
NG15|J0610-2100|58544.010490582|806.721|3936,24.099486542440797,0.18366280161170276,0.051374361619889584,-0.6133001301381303,0.5,-0.00530221107846819,INT_02_GW190503_185404_v2,pre
NG15|J0613-0200|55730.926863072|1792.946|4056,72.69427389567753,0.3762110638243351,0.10118953181471495,-1.0,1.0,-0.0021972448170340733,INT_01_GW150914_v4,pre
NG15|J1713+0747ao|57561.156995613|1824.344|19166,74.24136419790767,0.7867632989070112,0.27972882706129626,-0.6305508028535464,0.7142857142857143,-0.00031574712042626175,INT_01_GW150914_v4,post
NG15|J1312+0051|57852.171473530|2338.566|1301,99.57889746096234,0.23436773445027093,0.053152125094170485,0.09325966651183099,0.5,-0.0002893996554542665,INT_01_GW150914_v4,post
NG15|J1643-1224gbt|53979.821255224|1388.000|456,52.74115492227511,0.5166414317173742,0.08092820306771593,0.04433159723809155,0.5555555555555556,-0.0036148973383155238,INT_01_GW150914_v4,pre
NG15|J1643-1224|58301.080704115|1642.994|2483,65.30560949030091,0.586080228910385,0.1722594874222469,-0.3449553098848063,1.0,-0.0027662674301409487,INT_02_GW190503_185404_v2,pre
NG15|J1713+0747gbt|58553.493253522|1830.421|17452,74.54079944112867,0.6178905309381788,0.16858172924208134,-0.1693542283935757,0.42857142857142855,-0.0008273206308811962,INT_02_GW190503_185404_v2,pre
NG15|J0509+0856|57977.505484345|1174.266|604,42.20972621162927,0.44015670519480915,0.06957173719540947,0.39136967110547094,0.5,-0.0037468917670845474,INT_02_GW190503_185404_v2,pre
NG15|J1705-1903|58069.770375830|1643.759|3580,65.34330374092853,0.3311209748825937,0.06338120230616899,-0.08065789044172485,0.6666666666666666,0.001020903058508942,INT_02_GW190503_185404_v2,pre
NG15|B1937+21ao|57823.507954546|1511.468|610,58.82485915298254,0.45849965966493467,0.1790027427179418,-0.22551252076839315,0.75,-0.0021606206310313407,INT_01_GW150914_v4,post
NG15|J1747-4036|57564.229446917|834.845|6453,25.48525530669077,0.407230751839112,0.02408506444318554,-0.4141412897930745,0.5,-0.0004218691455902107,INT_01_GW150914_v4,post
NG15|J0610-2100|57976.593703994|1705.620|65,68.39141359462172,0.38316037447310186,0.13328059914617318,2.1013776007882495e-05,0.4444444444444444,0.003519400957052814,INT_02_GW190503_185404_v2,pre
NG15|J1640+2224|58818.694341648|1251.295|8103,46.00521697188425,0.5150409643636507,0.052824054728200225,1.0,0.0,-0.016359227564663487,INT_04_GW191126_115259_v1,post
NG15|J0340+4130|56003.946929202|734.847|9210,20.558000830532723,0.347501049385378,0.0785580532548875,-0.39905799665755187,1.0,0.003716060782251525,INT_01_GW150914_v4,pre
NG15|J1713+0747|58482.644473578|1610.277|7429,63.69352740169452,8.339100809068076e-71,0.1733950029047295,0.0894041623453457,0.6666666666666666,0.0007837178997315616,INT_02_GW190503_185404_v2,pre
NG15|J0740+6620|58489.720049599|1467.974|7010,56.68175622906387,0.36398936923666964,0.08724176201552808,-0.24101057146296564,0.5555555555555556,-0.00026454824118218797,INT_02_GW190503_185404_v2,pre
NG15|J0023+0923|55989.744054289|436.250|2673,5.845072523792956,0.30581913219351964,0.13541603912830058,0.4919028376245235,0.375,0.0014119798358184627,INT_01_GW150914_v4,pre
NG15|B1937+21ao|59043.175150943|1586.751|3852,62.53431832945213,0.6867149649813146,0.25509395603157703,0.035649438124552804,0.3333333333333333,0.010596297391772926,INT_05_GW200219_094415_v1,post
NG15|B1937+21gbt|53275.257388194|824.000|8661,24.950883871322723,0.7617793303897211,0.2802585782694984,0.5161275468149347,0.4444444444444444,-0.006178844613562184,INT_01_GW150914_v4,pre
NG15|J1600-3053gbt|58245.216953464|825.472|16036,25.023414507824494,0.442399567412482,0.0984774924832897,0.18802805682477344,0.5555555555555556,0.0012969868857549349,INT_02_GW190503_185404_v2,pre
NG15|B1937+21ao|57594.156301820|1737.235|2135,69.94919625291226,0.48302189745703134,0.1569457319148807,-0.5078988509183018,0.75,-0.002574754893745127,INT_01_GW150914_v4,post
NG15|B1937+21gbt|58014.892675470|784.808|13512,23.019755674462925,0.8428777750344685,0.1615839163861056,0.2863565045466994,0.5,-0.0039000607403627823,INT_02_GW190503_185404_v2,pre
NG15|J1738+0333|57809.494552807|1154.328|5954,41.22731056585996,0.18131270812935008,0.11032783876902262,-0.4894873997715184,0.5,0.007305523965772984,INT_01_GW150914_v4,post
NG15|J1600-3053|58956.461801510|2568.032|20115,110.88549734922094,0.3431596190825201,0.13287929327585735,0.2584632256104178,0.6,-0.0028392650855284885,INT_05_GW200219_094415_v1,post
NG15|J2010-1323|56522.177594118|906.721|12211,29.026839565659305,0.24232110064554466,0.07714373344781106,-0.06114998630261364,0.75,-0.0006629926005700127,INT_01_GW150914_v4,pre
NG15|J1747-4036|56311.625117989|787.969|6696,23.175509303526866,0.3644329439622048,0.04980937787882925,-0.2020351793319943,0.6666666666666666,-0.0014397237249465214,INT_01_GW150914_v4,pre
NG15|B1937+21|58826.806819951|784.654|19139,23.012167550807167,0.8340717630360895,0.12039651977588567,-0.1711073671774295,0.8333333333333334,-0.002381982320993629,INT_04_GW191126_115259_v1,post
NG15|J1832-0836|56886.074400750|869.232|5915,27.179624190784917,0.37471535738147943,0.03592958407566769,-0.2630121639915587,0.5,0.013760079941352412,INT_01_GW150914_v4,pre
NG15|B1953+29|57095.565303733|1338.571|4803,50.30561359642842,0.47104520445902803,0.0977165281468024,0.014902120978491421,0.6666666666666666,-0.003113904268679092,INT_01_GW150914_v4,pre
NG15|J0636+5128|58881.952119576|884.842|19506,27.948783997709327,0.22422395000325862,0.0440399580718461,0.10556421569858708,0.6666666666666666,-0.001974239747228085,INT_05_GW200219_094415_v1,pre
NG15|J1832-0836|57764.721990627|787.980|4957,23.176051312359416,0.2947451188435468,0.05188045107812279,0.09691642670535708,1.0,-0.0002059098336304616,INT_01_GW150914_v4,post
NG15|B1937+21ao|56209.952630135|1473.714|1150,56.96458629259662,0.832362070986798,0.04619932136383561,0.014979658792510063,0.5,-0.002376336060426162,INT_01_GW150914_v4,pre
NG15|J1614-2230|56151.964213838|800.472|16942,23.79157625201987,0.5294909592139847,0.12902652430016406,0.4846392625272939,0.5555555555555556,-0.004227353241082502,INT_01_GW150914_v4,pre
NG15|J2317+1439|53477.593688863|424.000|780,5.241471778448688,0.6285808025903264,0.05004281563959209,-0.586279357822386,0.5,0.03800692444534418,INT_01_GW150914_v4,pre
NG15|J0645+5158|56452.837452370|1455.455|2895,56.06490090408715,0.4920180976249478,0.10216702059514193,-0.28852629987375833,0.3333333333333333,-0.0013479538149161012,INT_01_GW150914_v4,pre
NG15|J1024-0719|57337.452986585|1330.478|6640,49.90684291625936,0.3908476270321147,0.06432277147180021,1.0,0.0,0.004887712885759223,INT_01_GW150914_v4,post
NG15|J1918-0642|57922.427199710|778.611|14581,22.71440760761407,0.32069519508694205,0.0797653739785791,-0.03675163759451412,0.3333333333333333,0.0013571125216015902,INT_01_GW150914_v4,post
NG15|J1614-2230|55270.309878672|1679.920|1445,67.12508386765458,0.3206541433576512,0.08728125950098968,-0.3432291080519297,0.5555555555555556,-0.002308220711658972,INT_01_GW150914_v4,pre
NG15|J1744-1134|55216.489096198|844.000|9050,25.936354475966425,0.5574756724490019,0.15476959652551045,0.9987961462985324,0.0,-0.004821827356927533,INT_01_GW150914_v4,pre
NG15|B1937+21gbt|56250.799030839|1530.827|5375,59.778745424747406,0.8061785755936405,0.17568192299775717,-0.3050431605692067,0.7142857142857143,-0.0031228893999407843,INT_01_GW150914_v4,pre
NG15|J1730-2304|58137.709361003|1192.899|2282,43.12783990044556,0.3173108733985108,0.18519693840959742,0.00889540764699107,1.0,-0.017763395354909263,INT_02_GW190503_185404_v2,pre
NG15|J1713+0747|56299.596145136|2328.456|15230,99.08074207031497,0.5375631224108406,0.13329024384927343,-0.08409850229373626,0.4444444444444444,-0.00018441581928214687,INT_01_GW150914_v4,pre
NG15|J1012+5307|56252.336217935|1455.483|8622,56.066280562933656,0.5309572749363289,0.12945729754348212,0.15788428328057713,0.7777777777777778,-0.005692801725091994,INT_01_GW150914_v4,pre
NG15|J1811-2405|58944.540003049|1281.985|274,47.51742161471,0.37697939740614744,0.02026425716390599,-1.0,1.0,0.0013622907417287734,INT_05_GW200219_094415_v1,post
NG15|J1455-3330|56921.803966840|744.230|7193,21.02033436470132,0.6049647193855625,0.14608023755563723,-1.0,1.0,-0.05285751807977475,INT_01_GW150914_v4,pre
NG15|J0613-0200|58188.086264148|806.730|12895,24.099930004212887,0.6159343606201539,0.13121972373002688,-0.9242139197363715,0.5,-0.0033492902423170176,INT_02_GW190503_185404_v2,pre
NG15|J2234+0944|57096.641624071|1265.213|2626,46.6910059656558,0.21046224599132626,0.20950775122978094,-0.5204063420430227,1.0,-0.00590534305557366,INT_01_GW150914_v4,pre
NG15|J1600-3053|58636.094794825|1200.000|9586,43.477731238624315,0.5284451296689698,0.14685471586561652,0.09272449707630967,0.625,-0.0028628957916138177,INT_02_GW190503_185404_v2,post
NG15|J1903+0327|58735.005198397|1262.296|2932,46.547275077968514,0.30852230378011203,0.03698330729262698,0.261924260104344,0.6666666666666666,-0.0006699728523634623,INT_03_GW190728_064510_v2,post
NG15|J1600-3053|56367.390992647|1355.489|3071,51.13922318089654,0.623611187454958,0.10103940563952346,0.14400434786581554,0.6666666666666666,0.0038696597597805238,INT_01_GW150914_v4,pre
NG15|B1937+21gbt|55430.969736301|734.822|15263,20.556768992276922,0.5703738281833898,0.24648770678983523,1.0,0.0,-0.011477101082035519,INT_01_GW150914_v4,pre
NG15|J1909-3744gbt|57412.607392878|1705.807|10809,68.40062774477515,0.5933182574432784,0.12590716866974364,-0.1287256700387089,0.4444444444444444,0.001829930234436329,INT_01_GW150914_v4,post
NG15|J1614-2230|57488.397815196|1330.489|1147,49.90738492509192,0.46609343459602687,0.09259602027396222,-0.2966660856296255,0.6666666666666666,-0.0012053460620060584,INT_01_GW150914_v4,post
NG15|J1705-1903|58212.370931351|1667.970|5870,66.53626518137997,0.3266013940819123,0.05544733720275944,-0.6394156016999832,0.8888888888888888,0.001228406531814895,INT_02_GW190503_185404_v2,pre
NG15|J1903+0327ao|58908.545302367|1374.842|1611,52.09281381148003,0.12767839570962108,0.1139491794872041,0.5222122489375095,0.4444444444444444,-0.00011825418588229915,INT_05_GW200219_094415_v1,post
NG15|J0023+0923|56578.112463800|1750.076|9653,70.58191765462375,0.12957446325930494,0.11332026759984062,-0.27035786905702225,0.8333333333333334,-0.0003086792282998485,INT_01_GW150914_v4,pre
NG15|J1713+0747ao|58762.865869331|1387.299|10916,52.70661417758235,0.6367913208706879,0.2557592878393835,-0.07098544414129855,0.8888888888888888,-0.004365377834449955,INT_04_GW191126_115259_v1,pre
NG15|J1713+0747|56438.231444811|2350.643|18210,100.17397388557646,0.6413838403830039,0.2887269078029452,-0.31975927885060373,0.6666666666666666,0.0025189078565169823,INT_01_GW150914_v4,pre
NG15|J1909-3744gbt|56782.366408487|1842.868|4491,75.15410707192868,0.5031180304138092,0.14867517247894593,-0.048295831183369456,0.8333333333333334,0.0017141116278416638,INT_01_GW150914_v4,pre
NG15|J1713+0747ao|58798.757929406|1462.256|2491,56.40001018319625,0.7156101262832725,0.2534104192691103,-0.3742363300566371,1.0,-0.005059120822725578,INT_04_GW191126_115259_v1,pre
NG15|J1744-1134|55773.958271953|1532.558|7877,59.86403790557932,0.5824000010423583,0.07750040254085204,-0.1371442306048488,0.6,-0.00100707245200058,INT_01_GW150914_v4,pre
NG15|J1713+0747|57906.236338047|2056.387|56197,85.6749419735746,0.4251726558811011,0.15215926159845622,0.12117501288291999,0.7777777777777778,-0.0005885472968590609,INT_01_GW150914_v4,post
NG15|J0613-0200|56266.220138576|1305.978|5963,48.699641425570825,0.42929063547720553,0.06420082682013338,-0.820809755899904,0.6666666666666666,-0.005927925296991004,INT_01_GW150914_v4,pre
NG15|B1937+21ao|58661.221015575|1275.981|3660,47.221583339195966,0.5832133904248593,0.06939464510931354,-0.9999999999999999,1.0,-0.003928208445059982,INT_03_GW190728_064510_v2,pre
NG15|J1713+0747gbt|57228.940666518|1780.392|8676,72.07569399714268,0.7350354939489769,0.21908145995468706,-0.292362186431587,0.7777777777777778,0.0018535914031595105,INT_01_GW150914_v4,pre
NG15|J1312+0051|57523.089732010|1687.833|321,67.51498531238185,0.2957504132955246,0.04947219514059358,-0.04181062706189553,0.5555555555555556,-4.056362012933507e-05,INT_01_GW150914_v4,post
NG15|J1640+2224|58835.669514226|1362.326|7105,51.476106307093985,0.4601154488110449,0.052824054728200225,1.0,0.0,-0.016359227564663487,INT_04_GW191126_115259_v1,post
NG15|J0610-2100|58396.417670652|1705.523|290,68.3866340621892,0.19143587019376548,0.01670724921950082,-0.9999999999999999,1.0,0.0009227163838071298,INT_02_GW190503_185404_v2,pre
NG15|J1944+0907|57292.994986522|1486.830|1470,57.61085791512196,0.47287515255746193,0.154604324572304,0.7376377368756535,0.5,-0.0054428974576000355,INT_01_GW150914_v4,post
NG15|J0613-0200|55461.688509079|809.846|13231,24.253466324416372,0.5699917875285994,0.11767681690966776,0.38855769380373123,0.5,-0.0009807129212555405,INT_01_GW150914_v4,pre
NG15|J1012+5307|58182.357608992|728.602|22259,20.25028763423273,0.4772667255576668,0.0764087371741823,-0.6025190522427453,1.0,-0.0013950341842788004,INT_02_GW190503_185404_v2,pre
NG15|J1705-1903|58212.370931361|1855.640|5885,75.78342860005415,0.2437799491206191,0.05544733720275944,-0.6394156016999832,0.8888888888888888,0.001228406531814895,INT_02_GW190503_185404_v2,pre
NG15|J1643-1224gbt|58939.331800377|1743.548|1224,70.26026004926806,0.5724242916203806,0.09282197743607444,0.05844588540676918,0.5555555555555556,-0.003105898115678269,INT_05_GW200219_094415_v1,post
NG15|J2317+1439|59056.312676574|426.875|2706,5.38313317786622,0.3459577932383546,0.16276071039284565,-0.10997699686465223,0.3333333333333333,0.0017718945498669215,INT_05_GW200219_094415_v1,post
NG15|J1012+5307|57614.904994175|1878.726|2865,76.92095731899437,0.29496000851196597,0.11996346466172812,0.26917098197530187,0.3333333333333333,-0.0014324835333310408,INT_01_GW150914_v4,post
NG15|J1909-3744gbt|54768.836643246|1432.000|510,54.90919025249125,0.486314356624672,0.08138173218992509,1.0,0.0,-0.0053345576911874104,INT_01_GW150914_v4,pre
NG15|J0030+0451|57335.090245615|2200.318|17945,92.76693045342324,0.3040447248894906,0.12823030197947471,-0.2396267284163705,0.6666666666666666,-0.0020562246320220794,INT_01_GW150914_v4,post
NG15|B1937+21gbt|56584.830378660|1192.971|6228,43.13138759462228,0.008636610043067646,0.298298699440173,-0.326179458397653,1.0,-0.009354360401421593,INT_01_GW150914_v4,pre
NG15|J1832-0836|56387.444364450|900.463|5362,28.718485813466287,0.2883451727191655,0.041410017385741245,0.26120777639240406,0.3333333333333333,-0.00221506261502949,INT_01_GW150914_v4,pre
NG15|J1600-3053gbt|56564.756081301|1318.392|4828,49.31132302987317,0.592025521265049,0.10851620170376908,-0.0185422114858658,0.7777777777777778,0.0036920087278849217,INT_01_GW150914_v4,pre
NG15|J1024-0719|57105.054903023|725.466|9933,20.095765843424598,0.25233554571354744,0.1929341515210291,-0.007975904126891151,0.5,-0.005324336785591896,INT_01_GW150914_v4,pre
NG15|J1614-2230|55430.900414211|747.341|16856,21.173624317253648,0.3756766749934442,0.09307661721842729,-0.3814963723199549,0.75,-0.0010860161608867895,INT_01_GW150914_v4,pre
NG15|J1705-1903|58759.829214558|756.701|9006,21.6348245602269,0.17710555980165496,0.07602373022974336,0.10315624360956371,0.5,0.006040034074379818,INT_04_GW191126_115259_v1,pre
NG15|J0610-2100|58544.004680508|822.338|3917,24.86899126407683,0.28516593725728984,0.051374361619889584,-0.6133001301381303,0.5,-0.00530221107846819,INT_02_GW190503_185404_v2,pre
NG15|J1741+1351|56654.663036681|1749.366|4697,70.54693344815891,0.6419879050845111,0.11490640835394017,-0.48353240301169165,0.6666666666666666,-0.003525702749788688,INT_01_GW150914_v4,pre
NG15|J0636+5128|56703.018777021|1817.953|9804,73.92645706619378,0.16027102000874566,0.04444806661866907,-0.2199273670068579,0.5,-0.0013242164326535684,INT_01_GW150914_v4,pre
NG15|J0636+5128|58011.746563122|856.739|15049,26.56404997759423,0.14555386367296835,0.08817682856574563,0.05062345322099228,0.7777777777777778,-0.0022539031962556513,INT_02_GW190503_185404_v2,pre
NG15|J1918-0642|56762.427000757|1330.478|1823,49.90684291625936,0.38927328631700914,0.07285923057870933,0.7836716236228383,0.6,-0.0020254852679012646,INT_01_GW150914_v4,pre
NG15|J1614-2230|58211.258175440|791.094|11932,23.32948908550244,0.36751460137557884,0.09612622255989263,0.9999999999999998,0.0,-0.002775514952669835,INT_02_GW190503_185404_v2,pre
NG15|J1713+0747gbt|57794.598399726|1392.958|7738,52.985453085166284,0.5851796721307053,0.1122376897669356,-0.4050404007496606,0.6666666666666666,0.0015919565100939313,INT_01_GW150914_v4,post
NG15|J1012+5307|57942.013308824|1755.505|7233,70.8494236502543,0.4177228212581408,0.17131537122586862,0.26188105539796436,0.625,-0.0013242603430248477,INT_01_GW150914_v4,post
NG15|J0030+0451|57683.140222534|1212.597|11824,44.09842989895915,0.5853496326573515,0.10940553223890606,0.22356553905476534,0.5555555555555556,-0.002645275235849042,INT_01_GW150914_v4,post
NG15|J1455-3330|57488.353913124|1878.706|4317,76.91997184838971,0.4222872007632942,0.06432721710592361,0.1833994796229312,0.6666666666666666,0.000555976980010864,INT_01_GW150914_v4,post
NG15|J1614-2230|58608.149494961|1343.074|9822,50.527492303063966,0.3107428585488784,0.076312681376545,-0.6331192437420837,0.75,0.0002144553248676718,INT_02_GW190503_185404_v2,post
NG15|J2010-1323|56173.062473687|1742.892|1800,70.22793661343573,0.5497751643174819,0.09168466231955681,-0.21623213166107408,0.6666666666666666,-0.00016909569385975843,INT_01_GW150914_v4,pre
NG15|J1713+0747gbt|58679.148868684|1755.444|20994,70.84641796491012,0.30042215597743616,0.22638473379945176,-0.5275984800882154,0.7777777777777778,0.0015530539543851993,INT_03_GW190728_064510_v2,pre
NG15|J1744-1134|55616.400600543|1730.510|3244,69.61783176210082,0.5922017322687914,0.14876881452504387,0.10189955461694529,0.4,-0.003503329632937953,INT_01_GW150914_v4,pre
NG15|J1909-3744gbt|54429.745316689|1388.000|457,52.74115492227511,0.682631613168727,0.14599962274220576,-0.012835526847436213,0.5555555555555556,-0.0026144135388814264,INT_01_GW150914_v4,pre
NG15|J0636+5128|57765.268645941|1805.464|4911,73.31107994712403,0.17544043403698342,0.10323120200827354,-0.010107622259743989,0.6666666666666666,-0.0034540845752237715,INT_01_GW150914_v4,post
NG15|J1909-3744|58698.181960653|781.721|28024,22.867648286636168,0.4091205542951189,0.18042022737385718,0.2927303584558231,0.4444444444444444,-0.0010835763948119032,INT_03_GW190728_064510_v2,post
NG15|J2317+1439|59030.391931188|1574.705|10216,61.94076938427522,0.40345811134674137,0.16276071039284565,-0.10997699686465223,0.3333333333333333,0.0017718945498669215,INT_05_GW200219_094415_v1,post
NG15|J1640+2224|53628.884216901|1406.000|3926,53.62807846645444,0.3727208235091497,0.1492259185436215,-1.0,1.0,-0.006447266350085657,INT_01_GW150914_v4,pre
NG15|J1713+0747|56584.678640388|1480.477|39335,57.29782317755689,0.8509464756731793,0.17583721548260828,-0.2577436233613415,0.8888888888888888,0.0018488615197554236,INT_01_GW150914_v4,pre
NG15|J0030+0451|59013.465659032|1286.634|14244,47.74649425675943,0.692175475200386,0.160783840374873,0.22307012210808053,0.6666666666666666,-0.00526809596079943,INT_05_GW200219_094415_v1,post
NG15|J1713+0747ao|58775.792171622|1387.300|2741,52.70666345111258,0.7063386943583768,0.2557592878393835,-0.07098544414129855,0.8888888888888888,-0.004365377834449955,INT_04_GW191126_115259_v1,pre
NG15|B1937+21|54644.206716904|1406.000|325,53.62807846645444,0.2074492600299376,0.27476194576491064,-1.0,1.0,3.108932106419141,INT_01_GW150914_v4,pre
NG15|J0340+4130|57768.145724486|893.579|9445,28.379286831347923,0.33941103505675546,0.029534226856818876,0.9768076363935274,0.0,0.005729330475108212,INT_01_GW150914_v4,post
NG15|J2317+1439|56326.747424172|1374.747|8721,52.088132826107966,0.15133451386979024,0.1491983132155498,0.3040122029492566,0.6,-0.003300548825888188,INT_01_GW150914_v4,pre
NG15|J1600-3053|55616.375624699|1306.257|7397,48.71338874050561,0.5728680048067096,0.08152885046242982,0.40060131579591735,0.4444444444444444,0.0037821070943112526,INT_01_GW150914_v4,pre
NG15|J1614-2230|58490.467352098|762.974|18163,21.943917415373395,0.3399689210030477,0.061060440024244204,-0.3843682031350906,0.6666666666666666,0.0008081971137934621,INT_02_GW190503_185404_v2,pre
NG15|J0030+0451|58470.981706937|1449.531|15771,55.77300451099168,0.4880349408955565,0.17092950846988245,-0.2118870917631213,0.5,-0.006344685976550531,INT_02_GW190503_185404_v2,pre
NG15|J1643-1224|56234.842586563|728.604|15508,20.250386181293194,0.5494777954393705,0.031313717860335225,0.3303137316086578,0.4444444444444444,0.0010436206728240646,INT_01_GW150914_v4,pre
NG15|J1744-1134|55429.955627093|1693.126|2661,67.77579010790082,0.489802627624996,0.11909773225756964,0.3917455633285738,0.7142857142857143,0.003201407903168306,INT_01_GW150914_v4,pre
NG15|J1909-3744gbt|56492.271665113|1633.747|13328,64.84997715624391,0.6463472807966036,0.16850797304697723,0.2783745614582565,0.4444444444444444,-0.004543926702689577,INT_01_GW150914_v4,pre
NG15|J1012+5307|58459.164609607|1492.997|9027,57.91472777606385,0.36580862037428796,0.1422022564007455,0.5392266166914415,0.3333333333333333,-0.005690927743832519,INT_02_GW190503_185404_v2,pre
NG15|J1923+2515|56931.964521742|1324.032|2911,49.58922574038269,0.26416834778509735,0.14332689281496402,0.37697600808678877,0.5555555555555556,-0.0019236391208694093,INT_01_GW150914_v4,pre
NG15|J1744-1134|55216.489096190|860.000|9047,26.724730959681384,0.8116562914879714,0.15476959652551045,0.9987961462985324,0.0,-0.004821827356927533,INT_01_GW150914_v4,pre
NG15|J1843-1113|57893.450771499|784.827|2491,23.020691871537334,0.2915786603741418,0.0593148547264569,0.2240251167700993,0.3333333333333333,0.0022526345609354356,INT_01_GW150914_v4,post
NG15|J1730-2304|58138.636105917|837.976|3849,25.63953072984774,0.6614318605802979,0.18519693840959742,0.00889540764699107,1.0,-0.017763395354909263,INT_02_GW190503_185404_v2,pre
NG15|J0636+5128|58939.939773794|766.090|17139,22.097453735576888,0.2472203351576344,0.0440399580718461,0.10556421569858708,0.6666666666666666,-0.001974239747228085,INT_05_GW200219_094415_v1,post
NG15|J1600-3053|57192.202709031|747.343|11034,21.173722864314108,0.508850937878611,0.09484996775910116,1.0,0.0,0.0023731742416664672,INT_01_GW150914_v4,pre
NG15|J1802-2124|58826.842645725|897.337|6581,28.564456757960482,0.3091714759860631,0.09061457068065547,0.4872358123160697,0.3333333333333333,0.005258023651269852,INT_04_GW191126_115259_v1,post
NG15|J0740+6620|58210.145106493|1705.494|1290,68.38520512981248,0.47776431565762584,0.07832308117057721,-0.638393702090014,1.0,-0.05650933808938967,INT_02_GW190503_185404_v2,pre
NG15|J2234+0944|56935.064276968|2386.582|7131,101.94481528859095,0.22935602825345422,0.16222699894004672,-1.0,1.0,-0.006879677154366905,INT_01_GW150914_v4,pre
NG15|J1640+2224|57533.190642645|440.937|2577,6.076017559991208,0.7342083528386069,0.15269296742874558,-0.38011400993809835,0.6666666666666666,-0.004418756319226436,INT_01_GW150914_v4,post
NG15|J1909-3744|57622.151418634|1517.538|15056,59.1239494814919,0.7558983630845783,0.16056062321761413,-0.4549803845135721,0.7777777777777778,-0.0010605826546187438,INT_01_GW150914_v4,post
NG15|J2317+1439|58845.876510786|1262.494|12902,46.55703123695449,0.38166867073921007,0.14542912861730248,-0.47747003170141344,0.6,-0.0009960630145229013,INT_04_GW191126_115259_v1,post
NG15|J1909-3744|57613.221318302|1467.821|9890,56.674217378938344,0.5757161841905317,0.16746932025928826,-0.48466056413731917,0.7777777777777778,-0.0007080075556464442,INT_01_GW150914_v4,post
NG15|B1937+21|55674.303422468|724.687|22302,20.057381763373726,0.10407801658179393,0.25257405983370707,-0.4668841240635242,0.6666666666666666,0.007147361912046288,INT_01_GW150914_v4,pre
NG15|B1937+21|54644.218202428|1410.000|7576,53.82517258738318,0.8202015005717198,0.27476194576491064,-1.0,1.0,3.108932106419141,INT_01_GW150914_v4,pre
NG15|J1713+0747ao|58974.273684005|2380.000|14551,101.62049691260272,0.3251537252989255,0.14648559677617184,-0.016260193668054868,0.6666666666666666,-0.002568400782516991,INT_05_GW200219_094415_v1,post
NG15|J1713+0747gbt|57893.201003944|731.731|30739,20.404464510329237,0.46802809453447447,0.11790858110048666,-0.42266384490259234,0.6666666666666666,0.001075575858251749,INT_01_GW150914_v4,post
NG15|J1024-0719|57035.323150232|1381.938|6113,52.44245878200761,0.3062837047087341,0.14049628877223452,0.6455892748016371,0.3333333333333333,-0.0023660206456602552,INT_01_GW150914_v4,pre
NG15|J1012+5307|55893.490573520|887.959|18402,28.102369591443047,0.34140767616974677,0.11569224830752016,-0.3410816549514702,0.625,-0.0007390714891877636,INT_01_GW150914_v4,pre
NG15|J1713+0747gbt|58759.808993643|812.187|31876,24.368815658689922,0.524713296148946,0.2254662864046048,-0.5005217833087054,0.7777777777777778,0.0017846838721529005,INT_04_GW191126_115259_v1,pre
NG15|J1909-3744gbt|55774.071147031|1767.107|11746,71.4210951480081,0.2885220899045193,0.13928311821237116,0.31519691501737573,0.7142857142857143,-0.005625147833680916,INT_01_GW150914_v4,pre
NG15|J0613-0200|56151.589947295|874.687|14068,27.44841129820149,0.5060963313239536,0.05043985331430825,0.7255659705568818,0.5,-0.0051185667745838916,INT_01_GW150914_v4,pre
NG15|J1600-3053gbt|58826.585831000|841.108|18985,25.79385542653494,0.5036421103818386,0.08765622657906741,0.37887935452571375,0.2,0.005017587550755648,INT_04_GW191126_115259_v1,post
NG15|J0636+5128|56794.841431780|737.953|26394,20.71104441543389,0.2744953321786936,0.058984366179916085,-0.05098515869925292,0.5555555555555556,-0.000651956835527786,INT_01_GW150914_v4,pre
NG15|J1909-3744|57847.554256377|1805.408|16231,73.30832062943102,0.7551028426331686,0.15158515009342635,0.05825713595817499,0.6666666666666666,-0.003274785064384228,INT_01_GW150914_v4,post
NG15|J2033+1734|58566.535537069|442.500|762,6.153032087744112,0.39195149194777046,0.04922029366841804,-1.0,1.0,-0.001793994031888707,INT_02_GW190503_185404_v2,pre
NG15|J1012+5307|57431.495142309|1693.090|13167,67.77401626081245,0.42301635439666596,0.11915983368168248,-0.1941681619264138,0.7777777777777778,-0.0012915276507650686,INT_01_GW150914_v4,post
NG15|J1024-0719|57458.025510643|1230.773|3516,44.994025584459344,0.2781318032552613,0.11048938952721743,-0.23929348603475267,0.4444444444444444,-0.0025396354647804044,INT_01_GW150914_v4,post
NG15|J0023+0923|56978.034678998|1758.887|14071,71.01606672949954,0.12140860779482937,0.09369272978512606,-0.00893320436278823,0.3333333333333333,-0.003280001057771704,INT_01_GW150914_v4,pre
NG15|J1012+5307|55918.414516687|1342.193|4293,50.4840823229294,0.3491803201373678,0.11107222066379922,-0.29113297237530966,0.7142857142857143,-0.0006541661958690111,INT_01_GW150914_v4,pre
NG15|J0023+0923|56057.578372285|1250.151|8533,45.94884805329863,0.20925735402468995,0.13541603912830058,0.4919028376245235,0.375,0.0014119798358184627,INT_01_GW150914_v4,pre
NG15|J0437-4715|57934.735073111|3880.195|2312,175.5404005992756,0.46375546932760475,0.25414637765919135,0.037011840599508,0.6,0.0036970922690329434,INT_01_GW150914_v4,post
NG15|J1909-3744gbt|53839.359079552|836.000|21711,25.542166234108944,0.5951397652361864,0.1305509257848965,1.0,0.0,-0.08680137598319064,INT_01_GW150914_v4,pre
NG15|J1713+0747gbt|55976.422543019|800.571|24525,23.79645433151286,0.5152751086266589,0.13507201487607104,0.4537015707166538,0.5,0.001300064317810407,INT_01_GW150914_v4,pre
NG15|J0740+6620|57041.496437307|1392.926|6859,52.983876332198854,0.3714795428953789,0.0834902614682554,1.0,0.0,0.004323603737133156,INT_01_GW150914_v4,pre
NG15|J1024-0719|58582.981868683|759.873|8033,21.791120198123394,0.47041365759112413,0.10715561999895729,-0.5892094883144043,0.5,-0.004639214788911694,INT_02_GW190503_185404_v2,pre
NG15|J1911+1347|58765.943332390|1274.880|1800,47.16733318241034,0.5588053262451719,0.133375721430219,-0.025673810670604272,0.6666666666666666,0.005311193079489947,INT_04_GW191126_115259_v1,pre
NG15|J1643-1224gbt|57859.448643632|881.719|16379,27.794902762794216,0.6082326823520776,0.04548309558863195,-0.343681468726756,0.75,-0.001104391190708001,INT_01_GW150914_v4,post
NG15|J1713+0747ao|57126.361460464|2175.202|17092,91.52937646811168,0.3691354029825665,0.15463799065906814,0.04528062343684093,0.6,-0.005502767597556865,INT_01_GW150914_v4,pre
NG15|J0636+5128|57794.957969644|903.597|29584,28.872909057213956,0.3410836128071284,0.10204807385413203,-0.03061401724085834,0.6666666666666666,-0.0034521070585903937,INT_01_GW150914_v4,post
NG15|J1713+0747ao|57748.607506587|1374.785|11445,52.090005220256785,0.8341492585437901,0.3377998821170808,0.126824182671261,0.7777777777777778,0.0016290272126770254,INT_01_GW150914_v4,post
NG15|J1923+2515|56139.130211172|1498.948|3370,58.207954554475585,0.22719917164861414,0.13278972668119973,0.4517316248082984,0.5555555555555556,-0.002585341305289664,INT_01_GW150914_v4,pre
NG15|J0437-4715|58248.857682563|1383.735|2066,52.53100331583484,0.7011235483071641,0.24633850916277908,0.38062684771449484,0.5555555555555556,-0.0009841557547493793,INT_02_GW190503_185404_v2,pre
NG15|J1713+0747ao|57607.012086163|1249.273|12937,45.90558589375476,0.6884281264171893,0.3093010502353846,-0.719836462213694,0.7777777777777778,0.0028158751683418277,INT_01_GW150914_v4,post
NG15|B1937+21gbt|57796.498989987|1830.306|4084,74.53513298515198,0.5781059456790538,0.09704111610907296,-0.19491831845251392,0.3333333333333333,-0.004959491197879772,INT_01_GW150914_v4,post
NG15|J1911+1347|57667.968964517|431.562|140,5.614078214064473,0.3625470377786726,0.11455088780912673,0.024163263604193925,0.5,0.004149173644636787,INT_01_GW150914_v4,post
NG15|J1713+0747|58817.688563082|1487.315|8078,57.63475557728457,0.04362576655237815,0.23015814956352085,0.11222878497342052,0.6666666666666666,0.006807839575308405,INT_04_GW191126_115259_v1,post
NG15|J0340+4130|57733.311285738|812.187|7245,24.368815658689922,0.3261147167237013,0.029534226856818876,0.9768076363935274,0.0,0.005729330475108212,INT_01_GW150914_v4,post
NG15|J1012+5307|57432.526359460|850.469|17979,26.255104943038432,0.44059561206732206,0.11915983368168248,-0.1941681619264138,0.7777777777777778,-0.0012915276507650686,INT_01_GW150914_v4,post
NG15|J1747-4036|58940.477527012|859.869|6731,26.718276127220967,0.32668606947617546,0.04385834532111759,-1.0,1.0,-0.0018544961998926874,INT_05_GW200219_094415_v1,post
NG15|J2234+0611|57355.921209215|1154.781|2356,41.24963147505513,0.41985636533099324,0.08028368366325761,-0.6641340013985659,0.6666666666666666,0.0025121401478237168,INT_01_GW150914_v4,post
NG15|J2234+0611|57293.074422641|1175.021|2159,42.24692772695456,0.5281173153424399,0.08028368366325761,-0.6641340013985659,0.6666666666666666,0.0025121401478237168,INT_01_GW150914_v4,post
NG15|J0613-0200|56034.996995718|887.958|11633,28.102320317912813,0.576773393781933,0.06220765740129586,-0.3155041800080239,0.8,-0.0028966316867259393,INT_01_GW150914_v4,pre
NG15|J1744-1134|58301.202987786|1817.950|1916,73.92630924560308,0.26090154150276207,0.15621436392358728,-0.13927066399984697,0.5,-0.006659942221864117,INT_02_GW190503_185404_v2,pre
NG15|J1713+0747|54072.604890480|860.000|45455,26.724730959681384,0.37732042465441556,0.13647691259735978,-0.12002512311318217,0.4444444444444444,0.007710273423922417,INT_01_GW150914_v4,pre
NG15|J0636+5128|58063.359635320|1355.515|13804,51.14050429268258,0.13818566411301703,0.09019574949292597,0.1312005319012813,0.6666666666666666,-0.0023191672059533733,INT_02_GW190503_185404_v2,pre
NG15|J1600-3053|56310.493859780|1241.651|10525,45.53002304632506,0.46241621477293726,0.0886047907712576,-0.02284363519400138,0.625,0.00372229298369716,INT_01_GW150914_v4,pre
NG15|B1937+21ao|59065.129048874|1854.289|6025,75.71686006071046,0.5704408477559706,0.07338733665352014,-0.07127823980396662,0.5,-0.008056111302245117,INT_05_GW200219_094415_v1,post
NG15|J1713+0747gbt|55365.017818365|1680.677|14800,67.16238393004033,0.3216045682295967,0.16158236549496538,0.04304331298125106,0.6666666666666666,-0.0049744484112366275,INT_01_GW150914_v4,pre
NG15|J1713+0747ao|57704.766156271|1512.246|3338,58.863193959503185,0.0011373781977552088,0.3625993574371753,-0.06596069567204856,1.0,0.0032430761813614156,INT_01_GW150914_v4,post
NG15|J2322+2057|57117.622143256|423.750|305,5.229153395890642,0.46282099055479087,0.0258833424907627,1.0,0.0,-0.0008530644544573065,INT_01_GW150914_v4,pre
NG15|J0023+0923|57650.211929854|1223.781|7409,44.64950506107591,0.32042604398216284,0.10162865178196465,0.5905203662489149,0.6666666666666666,0.001814681221538697,INT_01_GW150914_v4,post
NG15|J1747-4036|57229.079797465|1817.926|2347,73.92512668087751,0.3134635703280082,0.031677805074783974,0.5245038486415936,0.25,-0.000507665328563889,INT_01_GW150914_v4,pre
NG15|J1455-3330|57080.377174274|900.109|6031,28.7010429837641,0.5012672422891479,0.1454990177983398,-0.6986189578254453,0.6666666666666666,0.0009348263222452369,INT_01_GW150914_v4,pre
NG15|J1909-3744|58269.266347087|1829.519|1331,74.49635471685923,0.45127073332975304,0.13135678182776186,-0.04450325536734989,0.4444444444444444,-0.002261315270157438,INT_02_GW190503_185404_v2,pre
NG15|J1713+0747|56235.670053103|1805.419|33851,73.30886263826359,0.7175701988084714,0.12142079162862993,-0.42951832998418465,0.5555555555555556,-0.001653576515512519,INT_01_GW150914_v4,pre
NG15|J1643-1224|58759.787357197|784.791|14478,23.01891802444898,0.6151272732679729,0.16815153213661319,0.21597932320898003,0.3333333333333333,-0.003047030456972864,INT_04_GW191126_115259_v1,pre
NG15|J1909-3744gbt|56471.222767511|756.719|27118,21.63571148377108,0.6028051099011256,0.1654732128068872,0.6491610411958898,0.3333333333333333,-0.004392234579679152,INT_01_GW150914_v4,pre
NG15|B1953+29|58777.940624921|1236.326|3187,45.26764149783867,0.41723821313339443,0.005560079101485678,-1.0,1.0,0.0002574588908096029,INT_04_GW191126_115259_v1,pre
NG15|J0613-0200|54977.996581774|1424.000|23,54.51500201063377,0.456571708815636,0.1207003020596449,0.4090969470242429,0.3333333333333333,-0.0018885955784222874,INT_01_GW150914_v4,pre
NG15|J1909-3744|56956.888305256|1568.865|18516,61.653011967719266,0.6406749300643638,0.14565247611420754,-0.29605812417054916,0.8571428571428571,-0.002039082188583286,INT_01_GW150914_v4,pre
NG15|J1312+0051|57809.289289430|2249.840|1642,95.2070542175815,0.32243727284034085,0.05386583548824982,0.29683378566257834,0.6,-0.0006004707498774418,INT_01_GW150914_v4,post
NG15|J0509+0856|58524.995281175|1574.866|1496,61.94870242264261,0.5034988893339158,0.08858066044573662,-0.8425509134226715,0.5,-0.004407084116820299,INT_02_GW190503_185404_v2,pre
NG15|J2145-0750|56894.177383798|891.875|14868,28.295324735832285,0.6793489836583201,0.15772584576553267,0.008006662976532289,0.6666666666666666,-0.0015513985170805221,INT_01_GW150914_v4,pre
NG15|J1713+0747|58979.237733582|1524.565|13039,59.47019457843347,0.5476380168711028,0.17404773147779035,0.3983841262222627,0.7777777777777778,-0.001561071834927301,INT_05_GW200219_094415_v1,post
NG15|J1713+0747ao|57408.533054836|1450.314|7161,55.81158568516349,0.79479052573005,0.09626151479672092,0.18189396769820387,0.5,-0.007627151608824959,INT_01_GW150914_v4,post
NG15|J0636+5128|57886.790243033|872.349|18435,27.33320978451864,0.2887369351852138,0.07130137949453934,-0.0846995938200913,0.7777777777777778,-0.002303625211766869,INT_01_GW150914_v4,post
NG15|J0636+5128|56794.832489819|862.949|26243,26.8700386003361,0.1934393408628892,0.058984366179916085,-0.05098515869925292,0.5555555555555556,-0.000651956835527786,INT_01_GW150914_v4,pre
NG15|J0614-3329|58698.557667645|1417.896|530,54.214236382096516,0.3245649954212918,0.09272687457383218,-0.06521822832988192,0.6666666666666666,-0.0007666546204539262,INT_03_GW190728_064510_v2,post
NG15|J0636+5128|58266.007695756|1518.086|317,59.15095137605914,0.13323785089432366,0.10050045709434084,0.04341840532485872,0.6666666666666666,-0.0018546525693982658,INT_02_GW190503_185404_v2,pre
NG15|J0636+5128|57886.807621944|772.332|18879,22.405019111286183,0.25112617803815385,0.07130137949453934,-0.0846995938200913,0.7777777777777778,-0.002303625211766869,INT_01_GW150914_v4,post
NG15|J1705-1903|58160.516714974|1642.958|988,65.30383564321255,0.3873660306955681,0.06673754888871893,-0.24495358717484506,0.8888888888888888,0.0019386403517267952,INT_02_GW190503_185404_v2,pre
NG15|J0636+5128|58094.554916337|1492.945|5111,57.912165552491764,0.2234121158149825,0.11705117695233754,0.19880337759791109,0.4444444444444444,-0.003944121269483741,INT_02_GW190503_185404_v2,pre
NG15|J0340+4130|57521.853216970|841.073|8855,25.79213085297682,0.30501687938459765,0.02501800002618794,-1.0,1.0,0.0007396976145937538,INT_01_GW150914_v4,post
NG15|J0636+5128|57523.061247187|784.864|31261,23.022514992155926,0.1433470058052746,0.04310125447781616,0.09470650041094969,0.625,-0.00028098180440327573,INT_01_GW150914_v4,post
NG15|J1012+5307|56410.956111097|856.687|18296,26.561487754022156,0.8611586658434137,0.20037540768461415,0.6540269061123358,0.6666666666666666,-0.011078996957977406,INT_01_GW150914_v4,pre
NG15|J0340+4130|58460.256474375|902.812|8780,28.834229335981693,0.22820248939134705,0.046664984269972315,-1.0,1.0,0.0006986953750717336,INT_02_GW190503_185404_v2,pre
NG15|J1911+1347|56498.160053069|433.125|167,5.691092741817378,0.2967992034838591,0.15310738923618616,-0.02974964511824431,0.4444444444444444,0.005248141576659892,INT_01_GW150914_v4,pre
NG15|J1909-3744|56627.844977641|1166.376|9579,41.82095805809732,0.46894212500746413,0.1365777373300025,-0.35929539173373143,0.875,-0.001590917150827586,INT_01_GW150914_v4,pre
NG15|J1640+2224|57663.839264733|437.812|2965,5.922037778015629,0.6899511770409864,0.16650849227730047,-0.12075466210200445,0.6666666666666666,-0.007075135447948357,INT_01_GW150914_v4,post
NG15|J1918-0642|55521.695194901|806.728|12142,24.09983145715242,0.5433054276460249,0.15337409265284133,0.3460567389888495,0.75,7.451703347373202e-05,INT_01_GW150914_v4,pre
NG15|J1643-1224|57733.600629768|1613.262|8602,63.84060888943758,0.377222032861296,0.17152891441313725,0.14764842363915356,0.5,-0.0033457274055996534,INT_01_GW150914_v4,post
NG15|J0636+5128|57702.258415833|787.974|32157,23.175755671178024,0.16699509099811102,0.10390215531123909,0.24394589843162398,0.7777777777777778,-6.396206747484022e-05,INT_01_GW150914_v4,post
NG15|J2302+4442|56374.813929210|893.957|7377,28.39791222577569,0.2573312172388155,0.035441344241302665,0.38672520833564017,1.0,0.0003743300566335837,INT_01_GW150914_v4,pre
NG15|J1600-3053gbt|58786.680992090|1455.551|9552,56.06963116298944,0.6997445414681659,0.08888274527079948,0.45368017729663956,0.2857142857142857,0.0033803078875421525,INT_04_GW191126_115259_v1,pre
NG15|J1713+0747gbt|58713.053265113|1613.138|5316,63.834498971688795,0.20928975296400795,0.2254662864046048,-0.5005217833087054,0.7777777777777778,0.0017846838721529005,INT_03_GW190728_064510_v2,post
NG15|J0931-1902|56550.570908909|1306.357|1260,48.71831609352883,0.5436919521402049,0.10006438762193695,-1.0,1.0,0.007264767111376003,INT_01_GW150914_v4,pre
NG15|J1614-2230|57011.599544730|1455.443|5804,56.06430962172436,0.29292016279067173,0.049144907764257464,-0.421421830281968,0.6666666666666666,-0.002638822365601319,INT_01_GW150914_v4,pre
NG15|J1012+5307|56312.117430597|1218.053|4561,44.367266279905955,0.5451160690982824,0.17064097132369166,0.707522023647262,0.5555555555555556,-0.007245916665941548,INT_01_GW150914_v4,pre
NG15|J0406+3039|58713.457802442|1837.491|2139,74.88916329987022,0.2701379775371082,0.10430601616555009,-1.0,1.0,-0.006859111243182261,INT_03_GW190728_064510_v2,post
NG15|J1713+0747ao|57755.609710485|2166.247|15937,91.08813200488244,0.4919240752128164,0.3377998821170808,0.126824182671261,0.7777777777777778,0.0016290272126770254,INT_01_GW150914_v4,post
NG15|J1640+2224|57311.817083131|1236.807|7387,45.29134206588035,0.7030701487591843,0.2197910030753679,-0.2555158231670067,0.7777777777777778,-0.006186113466853911,INT_01_GW150914_v4,post
NG15|J1944+0907|58714.096717708|1499.771|4543,58.24850666985667,0.24382394128931859,0.15025684508923898,0.4663016177166062,0.3333333333333333,-0.022880914861571254,INT_03_GW190728_064510_v2,post
NG15|J1747-4036|56332.570859899|1430.524|3145,54.83646252186854,0.39787480532640007,0.04980937787882925,-0.2020351793319943,0.6666666666666666,-0.0014397237249465214,INT_01_GW150914_v4,pre
NG15|B1855+09|53798.539085938|1398.000|2190,53.23389022459696,0.5234772789877025,0.07558913691699658,0.9786387845323716,0.0,-0.0029123524792930237,INT_01_GW150914_v4,pre
NG15|J1643-1224|56150.941978988|1380.639|3311,52.37845246623599,0.6305044026514577,0.02837484190543111,0.25349341370801143,0.5555555555555556,0.0007821947246289449,INT_01_GW150914_v4,pre
NG15|J2317+1439|55989.693481989|317.625|570,0.0,0.7745103150076709,0.1643315683880369,1.0,0.0,-0.004694272256157464,INT_01_GW150914_v4,pre
NG15|J0613-0200|58728.536028387|1830.386|6979,74.53907486757053,0.26526086973180635,0.12910423506879842,-0.3409721127292213,0.5,-0.005187249034647927,INT_03_GW190728_064510_v2,post
NG15|J1713+0747gbt|56565.003294401|1330.661|8428,49.91585997229185,0.4802277186414514,0.17423078564188937,0.34549548570553257,0.5555555555555556,0.00020700177921464892,INT_01_GW150914_v4,pre
NG15|J1600-3053|58099.564598372|1792.956|1194,72.69476663097984,0.5731452698086577,0.06241509141374657,0.20157408135703506,0.7777777777777778,0.0005152154714347355,INT_02_GW190503_185404_v2,pre
NG15|J1643-1224gbt|58699.950507109|778.589|11025,22.713323589948967,0.6438831141261142,0.057436911537486895,-0.4262560611496458,0.5,-0.020189465805186314,INT_03_GW190728_064510_v2,post
NG15|J1903+0327ao|57124.437197521|1311.668|2979,48.98000781259196,0.5223336017148565,0.09968411682632658,0.2822922824433774,0.3333333333333333,0.0020218397641926303,INT_01_GW150914_v4,pre
NG15|J1909-3744|55461.961332779|840.312|23557,25.754633696470126,0.7106239376827611,0.1625927277863777,-0.7663545885649994,1.0,0.00012089609717328585,INT_01_GW150914_v4,pre
NG15|J1903+0327|58922.699833817|2856.449|6772,125.09682111819707,0.20983568782293008,0.09599322297671012,1.0,0.0,-0.0025058480494032755,INT_05_GW200219_094415_v1,post
NG15|J1944+0907|57587.197715534|1213.425|2088,44.1392283819914,0.6798366687450994,0.08920084359380834,-0.6650263860093706,1.0,-0.0003829862525612957,INT_01_GW150914_v4,post
NG15|J1705-1903|58490.557288085|809.835|8477,24.252924315583822,0.16178026716578295,0.061325094206326085,0.529412522288536,0.25,0.003203299860795579,INT_02_GW190503_185404_v2,pre
NG15|J1600-3053|55579.521982561|1467.936|5676,56.67988383491505,0.5834450925194246,0.08753586844704575,0.2198400242479945,0.4,0.004402015987471106,INT_01_GW150914_v4,pre
NG15|J1802-2124|58094.701081670|1231.666|3023,45.03802684695668,0.3830601432273919,0.04505281948721128,-0.13288965875591763,0.6666666666666666,0.0007949992905286982,INT_02_GW190503_185404_v2,pre
NG15|J0023+0923|58454.981896621|444.062|1000,6.2299973419667865,0.263605128795605,0.03950733109978981,-0.6225966564551102,0.6666666666666666,-0.001029129726101928,INT_02_GW190503_185404_v2,pre
NG15|J0030+0451|58979.595945420|2088.470|17469,87.25578464401379,0.2423144722728725,0.160783840374873,0.22307012210808053,0.6666666666666666,-0.00526809596079943,INT_05_GW200219_094415_v1,post
NG15|J0023+0923|56023.676708899|1322.992|10743,49.53798126894122,0.6616788606744161,0.13541603912830058,0.4919028376245235,0.375,0.0014119798358184627,INT_01_GW150914_v4,pre
NG15|J1012+5307|56431.893073122|1505.449|13765,58.528281774515015,0.4386370638758546,0.20037540768461415,0.6540269061123358,0.6666666666666666,-0.011078996957977406,INT_01_GW150914_v4,pre
NG15|J1741+1351|56949.830677220|433.125|679,5.691092741817378,0.6749615360137431,0.020637778718521065,1.0,0.0,-0.0008240494757685941,INT_01_GW150914_v4,pre
NG15|B1855+09|53449.528117156|424.000|173,5.241471778448688,0.740433830794155,0.16155246129919018,1.0,0.0,-0.00690138110342816,INT_01_GW150914_v4,pre
NG15|J1640+2224|57936.054532277|1474.122|5967,56.98468989293136,0.7090529253347534,0.186445734935241,-0.5898186131565349,0.75,-0.006095366106389608,INT_01_GW150914_v4,post
NG15|J1455-3330|56290.474798855|900.462|7610,28.718436539936057,0.6891971635470654,0.17587654091489313,1.0,0.0,-0.008664082498690684,INT_01_GW150914_v4,pre
NG15|J1713+0747|55949.379475146|1417.844|24619,54.211674158524445,0.6342165104544368,0.16429005538078026,0.32166521192978603,0.2,0.0022239778556835017,INT_01_GW150914_v4,pre
NG15|J1012+5307|56100.774860057|847.341|16595,26.100977340472156,0.3093105548142335,0.17511631449858614,0.2860116288039732,0.4444444444444444,-0.006427649301974961,INT_01_GW150914_v4,pre
NG15|J1802-2124|57948.251564436|1416.822|884,54.161316610627146,0.3598171408269517,0.04119125378236745,-0.25887010379484143,0.5555555555555556,-0.00023998225311669424,INT_02_GW190503_185404_v2,pre
NG15|B1937+21gbt|56367.430383874|1593.147|6201,62.84947182881718,0.6634522481046992,0.17658546992878454,-0.28528594623851833,0.5714285714285714,-0.003483363238523788,INT_01_GW150914_v4,pre
NG15|J2214+3000|57536.402102005|1862.159|6652,76.10464274363775,0.2175824469916859,0.15464417598420768,-0.505744764752806,0.5,-0.006172411536836282,INT_01_GW150914_v4,post
NG15|J1909-3744|55340.259170383|766.075|27865,22.096714632623407,0.6359177707644963,0.13223515103898467,-0.2817489232430784,0.6666666666666666,-0.0027866726315472386,INT_01_GW150914_v4,pre
NG15|B1937+21gbt|58609.396326271|745.000|13805,21.0582749829801,0.7633563731541266,0.1983206993028146,0.21154046672713897,0.6,-0.003439522925851233,INT_02_GW190503_185404_v2,post
NG15|B1937+21gbt|55892.660654619|1417.668|6358,54.20300201720357,0.7967488830441145,0.11901337091229154,0.04486631109771451,0.7777777777777778,0.000983045666579609,INT_01_GW150914_v4,pre
NG15|J1909-3744gbt|57997.011193596|1158.336|14819,41.424798875030554,0.31194737250457233,0.10429014364373264,-0.28611412182586377,0.6666666666666666,0.0002690752122799398,INT_02_GW190503_185404_v2,pre
NG15|J2145-0750|56003.574224447|863.421|14932,26.893295706605695,0.6629533871021831,0.21482494196264015,-0.21902718971567423,0.6,0.0023529459987832696,INT_01_GW150914_v4,pre
NG15|J0030+0451|57306.173271816|1424.774|4295,54.553139723033475,0.4135800026920069,0.12823030197947471,-0.2396267284163705,0.6666666666666666,-0.0020562246320220794,INT_01_GW150914_v4,post
NG15|J1713+0747|57712.739504496|1424.771|2092,54.552991902442784,0.39665930738369065,0.2574521642086945,0.06781119018002646,0.7777777777777778,0.0015179398776698917,INT_01_GW150914_v4,post
NG15|J1738+0333|58886.523215219|1155.000|5277,41.26042237817598,0.17455046081202655,0.15795411296034098,-0.9815332943915852,1.0,0.0012796972251409668,INT_05_GW200219_094415_v1,pre
NG15|J1738+0333|57648.914436159|1461.643|5762,56.36980550916391,0.6411662525722481,0.15948488508839023,0.10233561163942997,0.5,-0.003742656736377363,INT_01_GW150914_v4,post
NG15|J2234+0944|57390.815288199|1498.468|3140,58.18430325996414,0.5536525379055679,0.16525946079892018,-0.304037088526698,0.7777777777777778,-0.004062587157377807,INT_01_GW150914_v4,post
NG15|J1614-2230|55269.411004142|1270.340|4155,46.94363135515621,0.4755146945631917,0.08016995316469769,-0.18096862824855597,0.5555555555555556,-0.0022097733869972038,INT_01_GW150914_v4,pre
NG15|J0636+5128|58040.623678706|773.125|24061,22.444093020760306,0.30554954179662847,0.08744433472137125,-0.067532258989488,0.6666666666666666,-0.0020058453716555306,INT_02_GW190503_185404_v2,pre
NG15|J1744-1134|56352.445585174|1318.193|6694,49.30151759735696,0.6717881835412636,0.12693542073503605,0.5005410477397253,0.42857142857142855,0.00310131492609154,INT_01_GW150914_v4,pre
NG15|J2234+0611|58587.573144977|1236.902|1598,45.29602305125241,0.34801193224829996,0.07138915791809071,-1.0,1.0,0.0015298325661450471,INT_02_GW190503_185404_v2,pre
NG15|J1643-1224|58271.330427061|2088.256|18358,87.2452401085441,0.37478791558102725,0.16832980305168552,-0.4668441657658581,1.0,-0.002699773547431841,INT_02_GW190503_185404_v2,pre
NG15|J1741+1351|55791.011022672|1418.000|1308,54.219360829240664,0.35570166770012945,0.14361505090774992,0.06948332434442106,0.6666666666666666,-0.0016195198481080417,INT_01_GW150914_v4,pre
NG15|J1125+7819|58396.283981089|1380.656|2610,52.37929011624994,0.26879868187727146,0.08521364383477838,-0.2867836070094903,0.6,-0.0030158561947040783,INT_02_GW190503_185404_v2,pre
NG15|J1640+2224|57288.901937019|1263.954|11478,46.62897059109348,0.7069076864877706,0.22731039914449813,-0.30707762801899047,0.75,-0.007059980800200217,INT_01_GW150914_v4,post
NG15|J1600-3053|56477.190333881|1580.172|4561,62.210147774054576,0.5435546745434126,0.10564758023521847,0.051587706847234974,0.6666666666666666,0.004126340600986003,INT_01_GW150914_v4,pre
NG15|J2234+0944|58831.894846379|1236.514|2487,45.276904921522316,0.2812574646018961,0.11220535809681396,0.12419158222833825,0.6666666666666666,-0.0014053073146651604,INT_04_GW191126_115259_v1,post
NG15|J0340+4130|58300.754087058|1567.306|4770,61.57619453408729,0.2796307256282185,0.03732348659256568,0.769658288634632,0.2,0.0004643352668519255,INT_02_GW190503_185404_v2,pre
NG15|J0613-0200|57858.902274977|1405.506|4458,53.60373734251974,0.46988030290794636,0.10484223758977422,-0.21270935741028643,0.5555555555555556,-0.0037359107282350485,INT_01_GW150914_v4,post
NG15|J1600-3053|58907.384285853|879.375|16237,27.679405607929972,0.5781140514866007,0.14112093375079934,0.5229541189081169,0.6666666666666666,-0.0030607145294287083,INT_05_GW200219_094415_v1,post
NG15|B1937+21|58047.776280497|1308.015|9192,48.80001160665379,0.7085468893095749,0.3020608825910143,-0.19553751729790284,0.8571428571428571,-0.003754621052596097,INT_02_GW190503_185404_v2,pre
NG15|J2043+1711|57387.763919685|1286.376|6384,47.73378168595953,0.37543782536780357,0.10021860025669334,0.27888351391332433,0.4444444444444444,-0.0033870611170022965,INT_01_GW150914_v4,post
NG15|B1937+21gbt|56792.317226522|903.587|15898,28.872416321911636,0.7597674046572863,0.02427167066956813,-1.0,1.0,0.0005509872109176943,INT_01_GW150914_v4,pre
NG15|J2043+1711|58744.068395695|1411.699|3608,53.908888315247665,0.42298049723707504,0.04209232968637823,-0.19283848895230077,0.5,-0.0016546478951075863,INT_03_GW190728_064510_v2,post
NG15|J1705-1903|57921.161630716|1231.348|6103,45.022357864342844,0.3361943485531372,0.056808660070678314,-0.3198968073002104,0.875,-0.0009202349977953765,INT_01_GW150914_v4,post
NG15|J2010-1323|55892.707793568|1268.979|1902,46.876570080510206,0.33711753962392516,0.07019409119023501,-0.03946509992925253,0.5,-0.004544294620048912,INT_01_GW150914_v4,pre
NG15|J0709+0458|57627.561689117|1187.751|711,42.87417976681028,0.26835113518030407,0.04181428776944361,-0.5120543289865707,0.8571428571428571,0.005828138738999028,INT_01_GW150914_v4,post
NG15|J0437-4715|57809.040632018|2306.654|3618,98.00648056419286,0.5395796498206097,0.23255995464708956,0.10056464404820122,0.8,0.0028521682634970046,INT_01_GW150914_v4,post
NG15|J1614-2230|57519.369131303|1393.001|3388,52.98757184696626,0.6233579265895497,0.09350509433878852,0.06228698109110564,0.5,-0.001047802289202563,INT_01_GW150914_v4,post
NG15|J1909-3744|58369.981563353|1842.957|12038,75.15849241611934,0.4467389056331344,0.12410860001795691,-0.027463682251673727,0.5,-0.001915754909624196,INT_02_GW190503_185404_v2,pre
NG15|J1738+0333|56969.791958625|1737.279|629,69.95136428824249,0.20614256868784786,0.13382813772665514,-0.08300232321315827,0.6666666666666666,-0.006465065111422489,INT_01_GW150914_v4,pre
NG15|J1713+0747gbt|57011.520384718|1817.964|17845,73.92699907502634,0.6513149156442023,0.1487130973792777,-0.2024986342151422,0.7777777777777778,0.0042464381316620345,INT_01_GW150914_v4,pre
NG15|J1643-1224gbt|56368.346238167|812.187|14189,24.368815658689922,0.5784150439569893,0.023102627450779917,-0.46451231383925384,1.0,-0.0011569627001452411,INT_01_GW150914_v4,pre
NG15|J1012+5307|57522.109743564|1780.392|11338,72.07569399714268,0.4434739009574889,0.12511487216005215,-0.232767197770848,0.7777777777777778,-0.001174618942154505,INT_01_GW150914_v4,post
NG15|J0030+0451|57640.212568588|1154.397|8286,41.23071043944597,0.26155600112997984,0.11824295132504001,0.32730072863209536,0.3333333333333333,4.433048962626992e-05,INT_01_GW150914_v4,post
NG15|J1024-0719|58517.199039135|1554.687|4279,60.95441185608734,0.24491229923845162,0.15558531568631934,-0.8846653453282254,1.0,0.0006620575325019035,INT_02_GW190503_185404_v2,pre
NG15|B1937+21|53629.011199231|2382.000|4729,101.71904397306709,0.2607870612591234,0.23561400190279558,-0.016531376960942718,0.5555555555555556,-0.0019194440101311524,INT_01_GW150914_v4,pre
NG15|J1643-1224|56547.096648242|1367.099|5177,51.711288866892204,0.6986123990003935,0.04880467882902128,0.4087723636841679,0.6666666666666666,0.00108547061757361,INT_01_GW150914_v4,pre
NG15|J2234+0944|57772.769193175|1324.800|3342,49.62706781160101,0.386831393209327,0.0027315058197866274,0.9999999999999999,0.0,-0.0001110027605250595,INT_01_GW150914_v4,post
NG15|J0023+0923|56236.081071391|1637.614|14927,65.04051789765177,0.11639920409552688,0.17184733855133738,0.6971206064491756,0.5555555555555556,0.0016332635992499724,INT_01_GW150914_v4,pre
NG15|J1024-0719|57832.094103952|1693.651|1039,67.80165871127272,0.5041858645030104,0.08648057011139296,-0.10047558570546006,0.5,-0.000971460623962799,INT_01_GW150914_v4,post
NG15|J2317+1439|58909.704803845|1599.515|10510,63.16324566933574,0.21635302000575643,0.16984036792654394,0.01745083804375887,0.7142857142857143,-0.0002437851266063471,INT_05_GW200219_094415_v1,post
NG15|B1937+21|57775.643256033|2312.272|5361,98.28329925703727,0.3798980901031965,0.1509941668584463,0.3112132080779929,0.42857142857142855,-0.004730608223295243,INT_01_GW150914_v4,post
NG15|J2010-1323|58396.033755678|1367.161|4069,51.714343825766605,0.7511597599440025,0.15922619215550482,0.26856995850399545,0.4,0.0026191016856944686,INT_02_GW190503_185404_v2,pre
NG15|J1455-3330|56645.629852169|1613.210|4818,63.83804666586552,0.22975206552943983,0.10356502974139922,0.2629830339127274,0.25,-0.003302990125640221,INT_01_GW150914_v4,pre
NG15|J1705-1903|58544.405951795|887.984|9448,28.103601429698855,0.19015674305309785,0.04749317230748719,0.9471388994528241,0.0,0.0031682364132696295,INT_02_GW190503_185404_v2,pre
NG15|J0437-4715|57228.637552494|1523.664|939,59.42579912769426,0.6554546257254698,0.2719960960067322,-0.4904012937019226,0.5,-0.013451231851679318,INT_01_GW150914_v4,pre
NG15|J1747-4036|58578.485889593|1158.697|526,41.44258661944437,0.2498260201234098,0.026218365431243222,-0.4974169605513658,0.5,-0.0012926532826154824,INT_02_GW190503_185404_v2,pre
NG15|B1855+09|56557.970852489|1264.815|6739,46.67139510062339,0.4331445792353088,0.12025462120113617,-0.1220959907310597,0.6666666666666666,0.0006423452536733005,INT_01_GW150914_v4,pre
NG15|J1012+5307|55340.009092600|897.345|19601,28.564850946202338,0.5946570348342995,0.18190265594672334,-0.32692923776288385,0.6666666666666666,-0.003986145078910105,INT_01_GW150914_v4,pre
NG15|J0613-0200|57488.920680774|1342.940|3966,50.520889650012855,0.5463880383176964,0.05070345320284876,-0.778812602791015,0.5,-0.0034377260827293684,INT_01_GW150914_v4,post
NG15|J2302+4442|58397.367469788|897.329|4542,28.56406256971862,0.32143551345573274,0.11262535558140059,0.4572704631053837,0.3333333333333333,0.0028099930936564435,INT_02_GW190503_185404_v2,pre
NG15|J1713+0747|57646.972583938|872.341|52988,27.33281559627678,0.3025531133202672,0.12167569282884483,-0.03423798978221161,0.6666666666666666,0.0031724904746904354,INT_01_GW150914_v4,post
NG15|J0636+5128|56851.647321443|903.578|28415,28.871972860139543,0.18512051638607968,0.08368721762847744,-0.2818249929892404,0.6666666666666666,-0.0011048086298028144,INT_01_GW150914_v4,pre
NG15|J1600-3053|56921.874007059|747.329|11299,21.173033034890857,0.5805101544421593,0.06136519533528319,-8.69231857734736e-05,0.8571428571428571,0.0009538618537216723,INT_01_GW150914_v4,pre
NG15|J1713+0747gbt|57474.514885410|1767.973|18002,71.46376602518917,0.3379499867248305,0.12946127754898465,-0.13256941722584165,0.7777777777777778,-0.00030628598981756363,INT_01_GW150914_v4,post
NG15|J0509+0856|57816.958054638|1286.465|77,47.738167030150194,0.42101953745249576,0.046293306859860245,-0.7155339328846343,1.0,-6.793924315377885e-06,INT_01_GW150914_v4,post
NG15|J1012+5307|56585.418612591|881.704|20394,27.794163659840727,0.7774090889117313,0.22496853105197911,-0.013252599286877135,0.4,-0.004331819617354311,INT_01_GW150914_v4,pre
NG15|J1600-3053|58244.223452581|1184.607|10483,42.71926378776029,0.5437072861784416,0.08697541042335206,-0.0047778765687056515,0.8888888888888888,-0.0017914210854418637,INT_02_GW190503_185404_v2,pre
NG15|J1903+0327|58651.234504900|1251.431|3314,46.01191817199583,0.268645447510804,0.027024799046043844,-0.901506327622034,1.0,0.0015041267187875932,INT_03_GW190728_064510_v2,pre
NG15|J1923+2515|57949.163771419|1599.749|1478,63.17477567541007,0.5158831314456931,0.11510587030894859,-0.550788291066188,0.7777777777777778,0.004171828975658528,INT_02_GW190503_185404_v2,pre
NG15|J0340+4130|58216.984244828|855.937|6034,26.524532606348018,0.24969166385904762,0.036235734887511827,0.2758505110748945,0.3333333333333333,0.0007093020289571598,INT_02_GW190503_185404_v2,pre
NG15|J1745+1017|59051.099265902|1399.226|908,53.29429957266162,0.5695664570645915,0.19098150705407,-0.41794072782692027,0.7777777777777778,-0.00945951378089336,INT_05_GW200219_094415_v1,post
NG15|J1911+1347|57014.686619696|1199.832|1986,43.469453285545306,0.634328488058964,0.1528630051243486,-1.0,1.0,0.007139634614474165,INT_01_GW150914_v4,pre
NG15|J1600-3053|54581.207546120|1388.000|389,52.74115492227511,0.4935512479826465,0.0386563786633575,-0.20802705121367568,0.6,-0.000700507561172738,INT_01_GW150914_v4,pre
NG15|B1953+29|56168.121065058|1537.473|3597,60.10621730667051,0.35630854461211997,0.10432799124822995,-0.22270171671187297,0.7777777777777778,-0.004619506601513553,INT_01_GW150914_v4,pre
NG15|J1012+5307|57887.147327785|1167.862|10918,41.89417852402235,0.14223531372903817,0.1513734384159893,0.21283902825002568,0.5,-0.00212908054662696,INT_01_GW150914_v4,post
NG15|B1937+21gbt|57675.029403541|775.479|11642,22.56008291092687,0.8155259664432436,0.11446204345692672,-0.6226276752101007,0.6,-0.005568580513127692,INT_01_GW150914_v4,post
NG15|J0340+4130|58729.513413182|769.245|6400,22.25291172345943,0.29016141410312224,0.04723185917280102,-0.17831500214520316,0.6666666666666666,0.0005595746692970307,INT_03_GW190728_064510_v2,post
NG15|J1640+2224|56598.757901141|1587.582|9639,62.57526463307507,0.22405934534865607,0.21803250233378021,-0.9999999999999999,1.0,-0.02561322372809922,INT_01_GW150914_v4,pre
NG15|J1909-3744|55521.751370304|772.375|30137,22.407137873086167,0.2799124681343191,0.14754547692890477,-0.7682907216264888,1.0,-6.539328711243665e-06,INT_01_GW150914_v4,pre
NG15|J1455-3330|55520.569580385|1668.048|2177,66.54010851673809,0.27628492286133993,0.08342120930389955,-0.23403973424608246,0.6666666666666666,-0.0017211397566887113,INT_01_GW150914_v4,pre
NG15|J0614-3329|58215.957011752|1655.478|496,65.92074024171951,0.3905718240469733,0.09272687457383218,-0.06521822832988192,0.6666666666666666,-0.0007666546204539262,INT_02_GW190503_185404_v2,pre
NG15|J1600-3053|56521.999385424|784.862|13608,23.02241644509546,0.3355791388216423,0.09034434581735362,-0.10516512567599265,0.7777777777777778,0.003426918135584657,INT_01_GW150914_v4,pre
NG15|J1802-2124|57922.337190200|884.838|3416,27.948586903588396,0.2844077341799406,0.03756400185772203,-0.3979906172542759,0.6666666666666666,-2.5363607228906075e-05,INT_01_GW150914_v4,post
NG15|J1713+0747gbt|55892.534617576|1355.550|6913,51.1422288662407,0.6585982500242588,0.11235176252182917,0.3215473401677408,0.5555555555555556,-0.00017340685661508987,INT_01_GW150914_v4,pre
NG15|B1937+21ao|58650.243855995|1674.726|1569,66.86915715162861,0.5672753290811919,0.06939464510931354,-0.9999999999999999,1.0,-0.003928208445059982,INT_03_GW190728_064510_v2,pre
NG15|B1937+21gbt|56367.430383867|1608.052|6202,63.583893796927896,0.7160702752841576,0.17658546992878454,-0.28528594623851833,0.5714285714285714,-0.003483363238523788,INT_01_GW150914_v4,pre
NG15|J1713+0747|58138.553306981|762.990|48681,21.94470579185711,0.5668534924743476,0.19080527998338848,0.31324050615198334,0.4444444444444444,0.004168207478466643,INT_02_GW190503_185404_v2,pre
NG15|J1738+0333|57809.494552796|1562.237|5922,61.32642700934034,0.18716970619032136,0.11032783876902262,-0.4894873997715184,0.5,0.007305523965772984,INT_01_GW150914_v4,post
NG15|J0509+0856|57755.109669096|1662.287|479,66.25624370907046,0.44913918155217264,0.04776273625966452,-0.9979662069137677,1.0,0.0022225008594926924,INT_01_GW150914_v4,post
NG15|B1953+29|57733.823657425|434.687|399,5.768057996040051,0.6063390540570155,0.08000519154981316,-0.384612760656614,0.6,-0.002686932278464451,INT_01_GW150914_v4,post
NG15|J0437-4715|57920.766537129|2028.389|4206,84.29538167413388,5.25273914655123e-08,0.24674451143982076,0.23161418560124106,0.6666666666666666,0.0028802414734361193,INT_01_GW150914_v4,post
NG15|J1643-1224|57893.176520313|859.548|17565,26.702459324016438,0.5653794637452115,0.13057705802145897,-0.08852312346841622,0.7777777777777778,-0.0025101103751071826,INT_01_GW150914_v4,post
NG15|J1713+0747ao|58776.799837434|1674.788|13242,66.872212110503,1.692404854329622e-06,0.2534104192691103,-0.3742363300566371,1.0,-0.005059120822725578,INT_04_GW191126_115259_v1,pre
NG15|B1937+21gbt|56550.959849875|841.097|15059,25.79331341770239,0.7751612820319048,0.298298699440173,-0.326179458397653,1.0,-0.009354360401421593,INT_01_GW150914_v4,pre
NG15|J1600-3053gbt|55094.792366021|1404.000|268,53.52953140599007,0.4600801446434181,0.08101841667632716,0.27316411670183166,0.4444444444444444,0.001270441359810525,INT_01_GW150914_v4,pre
NG15|J1643-1224gbt|55949.422035601|1543.750|3723,60.41550725593794,0.42194035586872713,0.10002841060094002,-0.9999999999999998,1.0,-0.006483169219938008,INT_01_GW150914_v4,pre
NG15|J2145-0750|56471.262025391|825.466|16530,25.023118866643106,0.7917946881427422,0.2255502396926101,0.47921402360219567,0.375,-0.0039783955348921185,INT_01_GW150914_v4,pre
NG15|J0636+5128|57193.784883582|787.972|22100,23.175657124117556,0.19823478733972744,0.04723122331533033,0.4528733460053741,0.5555555555555556,-0.0027336905291378325,INT_01_GW150914_v4,pre
NG15|J1713+0747|54819.652641857|1394.000|148,53.036796103668216,0.7311299397344456,0.11784338446509991,0.9999999999999999,0.0,0.009545644038967443,INT_01_GW150914_v4,pre
NG15|B1937+21gbt|58187.571501521|1680.427|5609,67.1500655474823,0.5340413609665227,0.10173718309146582,-0.1483168479993911,0.5714285714285714,-0.002663010490764638,INT_02_GW190503_185404_v2,pre
NG15|J1713+0747gbt|57054.764640177|1330.455|7574,49.90570962506402,0.4400784200938717,0.15276786269827433,-0.1222220680604559,0.7777777777777778,0.0009796830529657011,INT_01_GW150914_v4,pre
NG15|J1640+2224|57205.065767731|436.250|2120,5.845072523792956,0.7907527726320783,0.22731039914449813,-0.30707762801899047,0.75,-0.007059980800200217,INT_01_GW150914_v4,pre
NG15|J1713+0747|58753.865787623|1212.347|991,44.0861115164011,1.012531099084768e-52,0.22120915989367806,-0.15112649822820445,1.0,0.0020558959581110712,INT_04_GW191126_115259_v1,pre
NG15|J1832-0836|57131.397282579|769.212|6873,22.251285696961766,0.3115351466900723,0.0756022568826089,0.04583670711845543,0.7777777777777778,0.0033362827046796656,INT_01_GW150914_v4,pre
NG15|J1600-3053|55800.859994014|766.124|18158,22.09912903560478,0.41138253674078684,0.06541075123316896,0.1890979787660931,0.5555555555555556,0.003405710187775865,INT_01_GW150914_v4,pre
NG15|J1909-3744|58024.074946699|1864.967|3048,76.24300281652972,0.5501585714880957,0.1198831745430324,-0.24389961920204611,0.6666666666666666,-0.0036704174726266106,INT_02_GW190503_185404_v2,pre
NG15|B1953+29|57508.445868668|1574.689|3886,61.939981007791516,0.4137351233806643,0.10005866064659925,0.014964962361857417,0.5555555555555556,-0.0029749382668844792,INT_01_GW150914_v4,post
NG15|J1600-3053gbt|54973.115053151|864.000|10657,26.921825080610127,0.5322392127882875,0.08030829027192161,0.3358335531404104,0.4444444444444444,0.0007279926379562369,INT_01_GW150914_v4,pre
NG15|J0030+0451|59067.371160772|1197.128|6495,43.33621765979747,0.3979224530041053,0.160783840374873,0.22307012210808053,0.6666666666666666,-0.00526809596079943,INT_05_GW200219_094415_v1,post
NG15|J1909-3744gbt|56792.414026641|916.074|24375,29.487694893920928,0.24972712799647442,0.14433680497876816,0.1377516730554648,0.8571428571428571,0.0017414340235421388,INT_01_GW150914_v4,pre
NG15|J1713+0747gbt|56849.138582636|1607.876|20074,63.57522165560704,0.29154046533603245,0.14331024086481606,-0.3657052227433522,0.5,-0.00016377633890662935,INT_01_GW150914_v4,pre
NG15|J1909-3744gbt|55731.243060744|1467.996|9186,56.68284024672899,0.5913355758743772,0.13999658397344986,-0.3739704514519348,0.8571428571428571,-0.0004965631987059177,INT_01_GW150914_v4,pre
NG15|J1909-3744gbt|58147.700340764|1279.749|8190,47.40724600111084,0.7591114126747182,0.14242226517531512,-0.3970112129483032,0.8888888888888888,-6.143583839783312e-05,INT_02_GW190503_185404_v2,pre
NG15|J1909-3744gbt|56035.448089636|837.984|23847,25.6399249180896,0.5540765522328135,0.09665980182113874,-0.1034849616756076,0.42857142857142855,-0.002550996478963133,INT_01_GW150914_v4,pre
NG15|B1937+21|55704.221600682|825.459|20991,25.02277395193148,0.7091476643517992,0.2823836209990163,-0.5563921734851464,0.5,0.007291888321395035,INT_01_GW150914_v4,pre
NG15|J2317+1439|57355.974153321|1524.752|12328,59.47940872858688,0.2309546484030379,0.17569333470238527,-0.23383489742791821,0.5714285714285714,-0.004200052295474094,INT_01_GW150914_v4,post
NG15|J1802-2124|58094.701081659|1792.826|3066,72.68836107204966,0.31767575914237783,0.04505281948721128,-0.13288965875591763,0.6666666666666666,0.0007949992905286982,INT_02_GW190503_185404_v2,pre
NG15|B1937+21|55918.589956204|1567.069|14955,61.56451670742226,0.797688447850248,0.05993482587833993,-0.4209103286918607,0.6666666666666666,-0.00027449419695708656,INT_01_GW150914_v4,pre
NG15|B1937+21|56643.673000937|1157.361|12388,41.376757183054174,0.6326373022835274,0.07199784274056778,-0.6498692074567084,1.0,0.00797972295543244,INT_01_GW150914_v4,pre
NG15|J1719-1438|58826.672195358|728.599|2839,20.250139813642033,0.1546346960589777,0.02608801283775704,-0.9913301388310088,1.0,-0.0006911710007086192,INT_04_GW191126_115259_v1,post
NG15|J1713+0747gbt|58720.002638512|1568.228|15617,61.621624728961365,0.6096593270904667,0.2254662864046048,-0.5005217833087054,0.7777777777777778,0.0017846838721529005,INT_03_GW190728_064510_v2,post
NG15|J1802-2124|58910.610871499|1342.947|823,50.52123456472447,0.5004208607211229,0.09680143327180622,0.48873335361569975,0.4,0.007113418389110665,INT_05_GW200219_094415_v1,post
NG15|J1909-3744gbt|57034.701032042|1367.914|16664,51.75144679403144,0.4095469682966547,0.10000861996664555,-0.32874941735323093,0.75,-0.00030421045148915424,INT_01_GW150914_v4,pre
NG15|J2317+1439|57768.868968280|1537.120|6403,60.08882375049854,0.40012224417226677,0.1688167969980251,-0.4333385620867969,0.6666666666666666,-0.004662666741154496,INT_01_GW150914_v4,post
NG15|J1719-1438|58826.672195345|787.963|2825,23.175213662345467,0.21916211410757389,0.02608801283775704,-0.9913301388310088,1.0,-0.0006911710007086192,INT_04_GW191126_115259_v1,post
NG15|J2033+1734|56991.873630798|434.687|319,5.768057996040051,0.5778279296425413,0.1264139796816862,-1.0,1.0,-0.00418320893236604,INT_01_GW150914_v4,pre
NG15|J2214+3000|59043.320010911|1565.404|4481,61.48247627958567,0.21108164807751584,0.06468264172254064,0.18708335518267646,0.6666666666666666,-0.0015814345398681433,INT_05_GW200219_094415_v1,post
NG15|J1600-3053gbt|58160.451763919|1559.375|2579,61.18540616581583,0.20276207064288396,0.08798145807870095,-0.18216290949707808,0.75,-0.0008502891329980477,INT_02_GW190503_185404_v2,pre
NG15|J1738+0333|57936.125817862|1662.286|6482,66.25619443554022,0.3019076155893168,0.06225409607412921,1.0,0.0,0.00656905026244661,INT_01_GW150914_v4,post
NG15|J2229+2643|58999.443025746|423.750|809,5.229153395890642,0.4184529592809818,0.08648673391815694,0.9926296945663207,0.0,0.003364210829971235,INT_05_GW200219_094415_v1,post
NG15|J1600-3053|55918.548422235|1480.448|2854,57.29639424518016,0.6153538775372276,0.05515917723864921,0.10830917791445109,0.5714285714285714,0.004136748806033772,INT_01_GW150914_v4,pre
NG15|B1855+09|58765.909900939|440.937|570,6.076017559991208,0.5143027562703191,0.14812086232635704,0.20002449703224162,0.6666666666666666,0.0011327447696990686,INT_04_GW191126_115259_v1,pre
NG15|J1909-3744|56502.199130389|1692.939|11496,67.7665759577474,0.3554831067821384,0.13599896231173025,-0.11141635878660958,0.75,-0.0002482248786277954,INT_01_GW150914_v4,pre
NG15|B1937+21|58818.788372581|2238.254|6419,94.6361710963114,0.640897778767184,0.12116948606518185,-0.6482273822881832,0.8,-0.0033534532359353157,INT_04_GW191126_115259_v1,post
NG15|J0030+0451|57594.351744821|1539.453|4677,60.20377889653024,0.286038528128787,0.09443677062435771,0.2057141533629791,0.4444444444444444,0.0006361402672287397,INT_01_GW150914_v4,post
NG15|J1744-1134|57489.506091036|822.337|12359,24.8689419905466,0.3838657074108348,0.1375596601366761,1.0,0.0,0.005687690153697654,INT_01_GW150914_v4,post
NG15|J1012+5307|57672.326637331|1730.674|9493,69.6259126210589,0.46632701265377957,0.14829761439677874,-0.1959389462301948,0.4,-0.003111947250769665,INT_01_GW150914_v4,post
NG15|J1713+0747gbt|56706.413833658|1318.079|16257,49.2959004149105,0.7131211015252278,0.11492560360907887,-0.33345498812651764,0.6666666666666666,0.0010923386547828484,INT_01_GW150914_v4,pre
NG15|J1744-1134|56450.123079933|879.375|10131,27.679405607929972,0.4836836195405628,0.17199126343964788,0.33583177786770446,0.625,-0.0037443193209168372,INT_01_GW150914_v4,pre
NG15|J1918-0642|56354.515248432|831.728|13683,25.331669712957048,0.3429505599657944,0.13241992662821392,-0.2435343426164385,0.6666666666666666,-0.0004389794268090732,INT_01_GW150914_v4,pre
NG15|J0636+5128|57072.043223315|837.969|24502,25.63918581513612,0.20192978845308823,0.04959744309651817,-0.0633042940681639,0.5555555555555556,0.00040499322723016023,INT_01_GW150914_v4,pre
NG15|J1744-1134|56548.882777116|1767.927|8873,71.46149944279848,0.20984236581989868,0.14155845882913537,-0.2193021619090663,0.75,-0.00454044947740488,INT_01_GW150914_v4,pre
NG15|J2145-0750|57928.283807469|741.141|15575,20.868128429814096,0.6802969746016172,0.07582192075868192,0.28753356753801373,0.3333333333333333,-0.00038894040721381383,INT_01_GW150914_v4,post
NG15|J1713+0747|57548.187331470|1569.062|2982,61.662718853175,0.15325377787058053,0.1729439249850347,-0.2518274553423217,0.8888888888888888,-0.00018877343063013603,INT_01_GW150914_v4,post
NG15|J1909-3744gbt|57405.693460192|1343.778|13257,50.562180868347426,0.48309622710286326,0.12509424241044526,-0.16941804142177297,0.5555555555555556,0.0018426376810489807,INT_01_GW150914_v4,post
NG15|J1843-1113|58336.219450229|763.000|4486,21.94519852715943,0.38942125263733735,0.08060792454458088,0.22229242288811396,0.6666666666666666,0.00320907303230361,INT_02_GW190503_185404_v2,pre
NG15|J1012+5307|54673.849965954|868.000|15441,27.118919201538866,0.5942558184049015,0.11216026299286563,0.7241778283514708,0.4444444444444444,-0.002964407530166701,INT_01_GW150914_v4,pre
NG15|J0645+5158|57550.927689721|1430.540|340,54.83725089835226,0.5903857462439887,0.12417720858504251,-0.6479676533752973,0.3333333333333333,-0.0008341233462252791,INT_01_GW150914_v4,post
NG15|J1713+0747|57043.512156338|1613.231|30465,63.83908141000038,0.29940074305231806,0.1745790661612702,-0.3806612785446189,0.7777777777777778,0.0006742044340545688,INT_01_GW150914_v4,pre
NG15|J2010-1323|55731.206696997|1505.457|4483,58.52867596275687,0.319977257808335,0.0434746050476167,-0.5683625645610417,1.0,-0.0007280593005971908,INT_01_GW150914_v4,pre
NG15|J1713+0747ao|56438.201336873|1300.180|13309,48.41395349728462,0.7334649151095889,0.23937422459882213,0.06835219679825248,0.75,-0.006022271013790418,INT_01_GW150914_v4,pre
NG15|J2010-1323|58039.960807129|1158.286|1284,41.42233519851895,0.2345352673981393,0.1183903082553059,-0.804704697874055,1.0,-0.0047087922408591805,INT_02_GW190503_185404_v2,pre
NG15|B1937+21|56762.384517153|1442.350|8725,55.41917129039436,0.8078630119418296,0.07259481855495482,0.3737971967325676,0.3333333333333333,-0.0018967381912711162,INT_01_GW150914_v4,pre
NG15|J1909-3744|55520.765384745|1455.328|20176,56.05864316574767,0.5432040049912337,0.14751071747678735,-0.7886980399822574,1.0,0.001275348999192582,INT_01_GW150914_v4,pre
NG15|J0437-4715|58649.740419187|1286.251|1357,47.72762249468051,0.4764159873567111,0.20268327125132662,-0.633048470887658,0.5,0.0032648916784359773,INT_03_GW190728_064510_v2,pre
NG15|J1614-2230|55267.356335381|1606.737|2543,63.51909910467258,0.42127383318674266,0.07880427639444344,-0.12338928513165966,0.5555555555555556,0.00032258117141366577,INT_01_GW150914_v4,pre
NG15|J0023+0923|57915.481839197|1212.741|13416,44.10552528731259,0.29602514463922047,0.12889878092492627,-0.10511667438550992,0.8,-0.003948903677411595,INT_01_GW150914_v4,post
NG15|J1909-3744gbt|56828.349168755|1842.916|16338,75.15647220137981,0.6442556692877343,0.1535874766512456,0.19049172430662495,0.8,0.0007249255115528056,INT_01_GW150914_v4,pre
NG15|J1910+1256|57292.939039769|1862.132|6346,76.10331235832149,0.1880931000366491,0.18677997596222057,0.9999999999999998,0.0,-0.008849830306470388,INT_01_GW150914_v4,post
NG15|J1909-3744gbt|57012.787185853|781.738|23752,22.868485936650117,0.7298633693272942,0.09985968188357253,-0.29650856824710015,0.75,-0.0002347476771274958,INT_01_GW150914_v4,pre
NG15|J1643-1224|58544.369118219|803.637|12666,23.947526975204735,0.6525164846414769,0.1534613410229733,-0.15098729235150282,0.7142857142857143,-0.0028419491441743407,INT_02_GW190503_185404_v2,pre
NG15|J1944+0907|58714.096717699|1610.169|4534,63.68820586042944,0.33230336375566,0.15025684508923898,0.4663016177166062,0.3333333333333333,-0.022880914861571254,INT_03_GW190728_064510_v2,post
NG15|J1643-1224|54035.680422887|876.000|9938,27.513107443396347,0.5997164399000586,0.08483560778999423,-0.9999999999999998,1.0,-0.006630335234275238,INT_01_GW150914_v4,pre
NG15|J0636+5128|58819.165118987|1655.417|719,65.91773455637535,0.17490091251708365,0.04466157684248645,0.33858392450718516,0.7777777777777778,-0.001836182466395747,INT_04_GW191126_115259_v1,post
NG15|J2145-0750|56095.334576567|1355.480|3274,51.13877971912445,0.8294817669308688,0.20360140559125925,0.2811404103029807,0.6666666666666666,0.001087720034889881,INT_01_GW150914_v4,pre
NG15|J2317+1439|56417.525554302|434.686|1890,5.768008722509817,0.5927296147200926,0.14025775934580004,-0.03417657209844057,0.7142857142857143,-0.003736171577418703,INT_01_GW150914_v4,pre
NG15|J0636+5128|58905.961773911|1505.452|6316,58.528429595105706,0.23461656008748957,0.0440399580718461,0.10556421569858708,0.6666666666666666,-0.001974239747228085,INT_05_GW200219_094415_v1,post
NG15|B1953+29|58661.273845528|1412.609|4123,53.953727227758954,0.4165487967240723,0.005560079101485678,-1.0,1.0,0.0002574588908096029,INT_03_GW190728_064510_v2,pre
NG15|J1614-2230|57132.278277110|1343.410|6772,50.544048209221984,0.48671506651657853,0.09339087173842851,-0.4345874853765445,0.75,0.004381006569864188,INT_01_GW150914_v4,pre
NG15|J1600-3053gbt|58334.922600683|1780.449|9237,72.07850258836592,0.554324125227304,0.06727767927407004,0.3189615825122626,0.5,0.0018881242247925142,INT_02_GW190503_185404_v2,pre
NG15|J0557+1551|58504.091202742|1249.686|19,45.925935861740655,0.23705214689435303,0.0,0.0,0.0,0.0,INT_02_GW190503_185404_v2,pre
NG15|J2145-0750|58220.552909666|1830.401|6221,74.53981397052402,0.5827823433670498,0.17810402243390658,0.18215548507971682,0.6666666666666666,-0.0020388182799193065,INT_02_GW190503_185404_v2,pre
NG15|J1909-3744gbt|56530.116684183|1679.920|9747,67.12508386765458,0.4374214693786093,0.15945318177490853,0.17912428233715594,0.5555555555555556,-0.004231885781954694,INT_01_GW150914_v4,pre
NG15|J1744-1134|58039.025985239|799.687|11722,23.752896530787606,0.32442843321716486,0.18228463393539443,-0.6939462492498126,0.6666666666666666,0.002412406137377369,INT_02_GW190503_185404_v2,pre
NG15|J1713+0747|58917.441300657|1759.817|12038,71.06189111261547,0.39089930500622316,0.12869577411349759,0.04543314710185988,0.8888888888888888,-0.0002614369322814893,INT_05_GW200219_094415_v1,post
NG15|J1643-1224gbt|56270.636827734|881.710|17052,27.794459301022123,0.5760933806274915,0.031612841275778236,-0.1480551122174887,0.5,-0.0011179669300056213,INT_01_GW150914_v4,pre
NG15|J1024-0719|56586.494261701|1157.914|3890,41.40400544527257,0.25542867119289936,0.13840448855223006,-0.3403967255357078,0.4,-0.0011026576228331717,INT_01_GW150914_v4,pre
NG15|J1909-3744|58748.046916753|1308.472|16345,48.82252960996989,0.44253717700109657,0.16827128160469018,-0.020290840301151573,0.6666666666666666,-0.0009570185211240427,INT_03_GW190728_064510_v2,post
NG15|B1937+21gbt|58243.394770113|872.356|9913,27.333554699230262,0.8316048078015262,0.11196248755405448,-0.1514603055721354,0.6,-0.0030343482999428515,INT_02_GW190503_185404_v2,pre
NG15|J1022+1001|57913.923505458|2237.264|3703,94.58739030138155,0.5595206302389064,0.19476008065155714,0.3311490605994211,0.6,0.001284406896072755,INT_01_GW150914_v4,post
NG15|J1909-3744|56586.003191228|831.736|28233,25.332063901198904,0.3194300785857159,0.14236601713378297,-0.1780046954769362,0.7777777777777778,-0.0015590096418375966,INT_01_GW150914_v4,pre
NG15|J1012+5307|57523.109399580|872.286|24436,27.33010555211401,0.3493141791203687,0.12511487216005215,-0.232767197770848,0.7777777777777778,-0.001174618942154505,INT_01_GW150914_v4,post
NG15|J0610-2100|58941.943714947|1730.257|968,69.60536555895209,0.3509876953960202,0.06754755492648981,0.05898659421520026,1.0,0.0005298779891376272,INT_05_GW200219_094415_v1,post
NG15|J1918-0642|55892.679146447|1680.124|9487,67.13513566782194,0.27595492994107484,0.12428149992336071,0.2085075601066436,0.375,0.0032923923014988718,INT_01_GW150914_v4,pre
NG15|J2010-1323|58459.862775811|856.946|11401,26.574249598352292,0.3393312333377892,0.16638763575337426,0.779311683307567,0.3333333333333333,0.003318659061798871,INT_02_GW190503_185404_v2,pre
NG15|J1600-3053gbt|58334.922600657|1605.499|9223,63.45809847424513,0.48019065802685185,0.06727767927407004,0.3189615825122626,0.5,0.0018881242247925142,INT_02_GW190503_185404_v2,pre
NG15|J1012+5307|56451.791656761|912.185|19743,29.29607013484796,0.5616894651029705,0.19319651783250172,0.5433883574663497,0.7777777777777778,-0.010606707925687471,INT_01_GW150914_v4,pre
NG15|J1600-3053gbt|58069.715697226|1405.670|3530,53.611818201477824,0.5530783457348111,0.13167140214994227,0.46752400297117463,0.7142857142857143,-0.0023770800044161924,INT_02_GW190503_185404_v2,pre
NG15|J1643-1224gbt|57835.382867490|895.000|17332,28.449304517807864,0.585272230693841,0.04429013086272055,-0.4990673628630906,0.5,-0.001927523307549899,INT_01_GW150914_v4,post
NG15|J1455-3330|57012.577032057|869.226|9975,27.17932854960352,0.2845365671627457,0.1478233204470131,-0.7470189969641383,0.8,0.0007202451250058406,INT_01_GW150914_v4,pre
NG15|J1911+1347|57668.991115254|1688.206|2403,67.53336433915847,0.5275835225971056,0.11455088780912673,0.024163263604193925,0.5,0.004149173644636787,INT_01_GW150914_v4,post
NG15|J1643-1224gbt|57978.956228370|853.594|10570,26.40908472501401,0.5639803220967762,0.04869592309604387,-0.6923112879744,1.0,-0.0018724582146818192,INT_02_GW190503_185404_v2,pre
NG15|J1614-2230|57432.600196186|1480.567|333,57.30225779527778,0.36101877778118957,0.11432085505095528,-0.566461059323706,0.6666666666666666,-0.014206935260455028,INT_01_GW150914_v4,post
NG15|J1713+0747gbt|57543.221371120|1755.494|15792,70.84888164142173,0.5966160757765812,0.12356391671309414,-0.1068675588021286,1.0,-0.001326698556536909,INT_01_GW150914_v4,post
NG15|J1614-2230|58334.909140211|1705.501|9379,68.38555004452411,0.3445265917296653,0.020625079882515697,0.6851639309595615,0.25,0.00037867068997870005,INT_02_GW190503_185404_v2,pre
NG15|J1713+0747|57883.493634068|2186.596|56838,92.0907990715772,0.1989873892252486,0.24104180396385752,-0.01868206931591516,0.5555555555555556,-0.0004748897211869525,INT_01_GW150914_v4,post
NG15|J0406+3039|58504.015596219|1170.069|562,42.00292520524478,0.3131381348467195,0.07539122926082677,0.27503182479753874,0.6666666666666666,-0.003084754605585061,INT_02_GW190503_185404_v2,pre
NG15|J0636+5128|58579.801685621|1367.138|3765,51.71321053457126,0.3253488091027726,0.0674276574222201,-0.4401234200880378,0.6666666666666666,0.00011367177703199832,INT_02_GW190503_185404_v2,pre
NG15|J0931-1902|56386.929653082|1343.245|1407,50.53591807673366,0.37436294697982897,0.08380593161168894,0.15456380213949686,0.6666666666666666,0.005020055771343394,INT_01_GW150914_v4,pre
NG15|J1713+0747|55773.856406592|1367.189|31861,51.71572348461311,0.7568943012645617,0.13950807022645423,0.19189149844142758,0.6,-0.0006199279432278284,INT_01_GW150914_v4,pre
NG15|J2145-0750|55278.443687807|890.312|14423,28.21831020807938,0.7153962620106367,0.15323161448448355,-0.5697632075855716,1.0,-0.0006504437355892333,INT_01_GW150914_v4,pre
NG15|J1614-2230|55892.598437646|1568.341|6670,61.62719263787759,0.3972239921616407,0.0935768711944991,1.0,0.0,-0.005713602614913625,INT_01_GW150914_v4,pre
NG15|J2010-1323|56922.038978543|906.703|14748,29.025952642115122,0.4305845237780578,0.08591062591244426,-0.5125214689531359,0.8333333333333334,0.0011964417368820293,INT_01_GW150914_v4,pre
NG15|J1738+0333|56647.664042267|1587.374|6199,62.56501573878678,0.17858092040682313,0.0712343114260199,1.0,0.0,-0.009237202093904287,INT_01_GW150914_v4,pre
NG15|J2043+1711|56167.116004011|1224.006|6363,44.66059160537815,0.3782113362099527,0.05089018209344203,-0.8060524692485931,0.5,0.006288760110919788,INT_01_GW150914_v4,pre
NG15|J0636+5128|58063.220685368|853.592|16208,26.40898617795354,0.2036813493327951,0.09019574949292597,0.1312005319012813,0.6666666666666666,-0.0023191672059533733,INT_02_GW190503_185404_v2,pre
NG15|B1937+21|56194.946361683|1567.118|10913,61.56693111040364,0.7892387485744181,0.27738014159072333,0.3330764505036861,0.3333333333333333,-0.0077493682634368535,INT_01_GW150914_v4,pre
NG15|J1614-2230|55267.392484797|1342.903|2628,50.51906652939426,0.4441663609324392,0.07880427639444344,-0.12338928513165966,0.5555555555555556,0.00032258117141366577,INT_01_GW150914_v4,pre
NG15|J2317+1439|57558.461052382|1609.754|8103,63.66775734538307,0.4658108816510912,0.15961151473898774,-0.5385369818771635,0.8888888888888888,-0.0015862003464823743,INT_01_GW150914_v4,post
NG15|J1918-0642|56585.923232054|856.505|11210,26.552519971519896,0.3417024856165341,0.08959495554623868,-0.4048855800370795,0.6666666666666666,-4.69209070407938e-05,INT_01_GW150914_v4,pre
NG15|J1918-0642|55030.079080460|832.000|10063,25.3450721131802,0.36564323224058964,0.14643581731591376,0.20167549991365089,1.0,0.003115876920392275,INT_01_GW150914_v4,pre
NG15|J2234+0944|58810.956742012|1338.452|2230,50.2997500463308,0.390750781095099,0.11220535809681396,0.12419158222833825,0.6666666666666666,-0.0014053073146651604,INT_04_GW191126_115259_v1,pre
NG15|J1643-1224gbt|55492.665909054|1506.284|1714,58.569425172258896,0.5914008628940735,0.06778564352595383,-1.0,1.0,-0.00663501389074791,INT_01_GW150914_v4,pre
NG15|J1909-3744gbt|56193.979400940|841.112|30314,25.79405252065587,0.6930221564393634,0.12481300148843086,0.13077160783942463,0.3333333333333333,-0.0011317050107892907,INT_01_GW150914_v4,pre
NG15|J1713+0747ao|58671.091269074|1610.240|8312,63.69170428107593,0.7103832307156166,0.3213913659652188,-0.39469012786021235,0.5555555555555556,-0.0021363339922669694,INT_03_GW190728_064510_v2,pre
NG15|J1903+0327ao|56058.318218306|2374.177|4247,101.3335771460607,0.3999638221785542,0.08331109492822751,0.2802533445235276,0.3333333333333333,-0.0007939151596162643,INT_01_GW150914_v4,pre
NG15|J1600-3053|57920.169234874|2056.834|20349,85.69696724158838,0.33763441836387376,0.10008693488781166,-0.4238903243891424,0.6666666666666666,-0.0008065845890883813,INT_01_GW150914_v4,post
NG15|J1713+0747|57663.882273384|1375.911|4466,52.145487215298225,0.6763617641227259,0.24903825747859515,0.31249778646409276,0.7777777777777778,-0.0004264844980103066,INT_01_GW150914_v4,post
NG15|J1713+0747|57698.826638772|1830.400|40977,74.53976469699379,0.7084181527286141,0.26382354042046224,0.12321257323426613,0.7777777777777778,0.0014596883727520159,INT_01_GW150914_v4,post
NG15|J2145-0750|53858.350291026|1424.000|152,54.51500201063377,0.39067404487155827,0.1622620825004994,-0.6729162138687537,0.8888888888888888,-0.0009948874647007597,INT_01_GW150914_v4,pre
NG15|J2010-1323|56946.028096157|1582.061|5481,62.30322547266317,0.39193922047094026,0.08591062591244426,-0.5125214689531359,0.8333333333333334,0.0011964417368820293,INT_01_GW150914_v4,pre
NG15|J1918-0642|56068.366147137|900.474|15039,28.719027822298845,0.4915789400967892,0.11294274082671094,0.025482236623833403,0.5,0.003650607091689704,INT_01_GW150914_v4,pre
NG15|J1713+0747gbt|56971.932741207|1693.078|14551,67.77342497844967,0.7339467782878727,0.17112988968265713,-0.03048564285439646,0.6666666666666666,0.006738052307630048,INT_01_GW150914_v4,pre
NG15|J0636+5128|57490.032480339|894.191|21420,28.409442231850026,0.11345958171098999,0.04085269209354117,0.04623235062737059,0.625,-0.00036923234800534046,INT_01_GW150914_v4,post
NG15|J1741+1351|56284.642805094|1499.014|3780,58.2112066074709,0.3824625569240747,0.1575204822572771,-0.9999999999999998,1.0,-0.005746652222372422,INT_01_GW150914_v4,pre
NG15|J1713+0747gbt|58759.808993599|870.000|31861,27.217466262003235,0.4243297050225681,0.2254662864046048,-0.5005217833087054,0.7777777777777778,0.0017846838721529005,INT_04_GW191126_115259_v1,pre
NG15|J1918-0642|58580.587227040|1655.599|6152,65.9267023388776,0.6764253041451042,0.1880338561355652,-0.30316857667989205,1.0,-0.0014762294218326213,INT_02_GW190503_185404_v2,pre
NG15|J1713+0747gbt|58748.033837709|1830.414|16714,74.54045452641705,0.7351992213908355,0.2254662864046048,-0.5005217833087054,0.7777777777777778,0.0017846838721529005,INT_03_GW190728_064510_v2,post
NG15|J2145-0750|56368.543472674|863.750|13882,26.90950669805208,0.04385160689691467,0.21376783918719233,-0.19463154951268954,0.6666666666666666,0.0033800810290970144,INT_01_GW150914_v4,pre
NG15|J1713+0747|57822.464554704|2696.272|56701,117.20433486619635,0.605282456398986,0.22904983107458698,0.716955319675593,0.5555555555555556,-0.005383413364881946,INT_01_GW150914_v4,post
NG15|J1747-4036|56606.852691398|1718.073|2441,69.00501686660314,0.4537197264916995,0.09108625093793353,0.23201407427991153,0.4,0.00024978647995023103,INT_01_GW150914_v4,pre
NG15|J0636+5128|58301.957567504|728.615|20651,20.250928190125748,0.19371829246710337,0.10050045709434084,0.04341840532485872,0.6666666666666666,-0.0018546525693982658,INT_02_GW190503_185404_v2,pre
NG15|J0636+5128|58129.515723299|759.854|16932,21.790184001048978,0.1315981717503111,0.11335229697769637,0.28825181839922365,0.4444444444444444,-0.0031626210074928896,INT_02_GW190503_185404_v2,pre
NG15|J1713+0747ao|58881.542332930|1599.863|12344,63.18039285785654,1.0660107896367301e-10,0.24156374612381878,0.2377827595238205,0.7777777777777778,-0.002961358837139927,INT_05_GW200219_094415_v1,pre
NG15|J2145-0750|57861.494563903|1442.397|8093,55.42148714631528,0.7913130363259692,0.17458238798522704,0.059381791325893024,0.42857142857142855,-0.0046282527838964575,INT_01_GW150914_v4,post
NG15|J1600-3053gbt|58211.283105176|855.937|13687,26.524532606348018,0.37636430479801375,0.07803122607939247,-0.3480543484891329,0.8571428571428571,-0.0013596075978793193,INT_02_GW190503_185404_v2,pre
NG15|J1909-3744gbt|56407.346185949|841.097|25850,25.79331341770239,0.7385258066927206,0.10555312796065223,0.4865262627554529,0.3333333333333333,0.0007833954993220397,INT_01_GW150914_v4,pre
NG15|J1918-0642|55340.203813297|906.715|14870,29.026543924477913,0.699054462967635,0.13122061556694012,-1.0,1.0,-0.0010944440777868002,INT_01_GW150914_v4,pre
NG15|J1640+2224|53532.130276146|436.000|302,5.8327541412349095,0.6390299751490008,0.13178198286601384,1.0,0.0,-0.005831608379892867,INT_01_GW150914_v4,pre
NG15|B1855+09|57116.445962714|1562.359|4374,61.33243838002867,0.7366430452429301,0.07901885636793868,-0.15546216498605211,0.3333333333333333,0.0020146794766809127,INT_01_GW150914_v4,pre
NG15|J1944+0907|57144.421737253|430.000|592,5.5371129598417985,0.6627762275550676,0.1541644809685373,-0.14624587912136008,0.6666666666666666,-0.005741186794622251,INT_01_GW150914_v4,pre
NG15|J1643-1224gbt|58583.267820336|825.487|17297,25.02415361077798,0.6584337745058142,0.10114434953755563,-0.5355369597060416,0.5,-0.009101968030572158,INT_02_GW190503_185404_v2,pre
NG15|J1853+1303|57668.925012956|1726.064|4400,69.39876164668853,0.25533728464739675,0.13965843314493512,-0.07989674315954831,0.7142857142857143,-0.0019136008162792273,INT_01_GW150914_v4,post
NG15|J2145-0750|57709.955522639|781.718|14725,22.86750046604547,0.6392685110793341,0.15063503566584452,-0.409011604608182,0.5,-0.010151064618600561,INT_01_GW150914_v4,post
NG15|J1012+5307|56312.108008026|1530.178|4527,59.74676690362672,0.4205431014725453,0.17064097132369166,0.707522023647262,0.5555555555555556,-0.007245916665941548,INT_01_GW150914_v4,pre
NG15|J1909-3744|58713.066072271|1548.437|11144,60.64645229213618,0.27892741255765374,0.1928119564685602,0.003181843370051121,0.6666666666666666,-0.0015948388245341175,INT_03_GW190728_064510_v2,post
NG15|J1713+0747gbt|56471.023161362|809.838|28031,24.253072136174517,0.48907708994507143,0.14242173384676698,-0.19708301960557784,0.625,-0.002882851558974926,INT_01_GW150914_v4,pre
NG15|J2317+1439|57745.898367543|1610.291|9794,63.694217231117754,0.6159156948429674,0.17997961910300936,-0.646107417432071,0.6666666666666666,-0.0036059203006157973,INT_01_GW150914_v4,post
NG15|J1614-2230|57580.061266371|787.966|14047,23.175361482936164,0.495486324697695,0.07473629208076829,-0.16770510512053202,0.6666666666666666,0.0026451899559563046,INT_01_GW150914_v4,post
NG15|J1747-4036|57439.542697146|759.831|8373,21.789050709853637,0.36762360348138473,0.019255736225429657,1.0,0.0,0.0005015491542114232,INT_01_GW150914_v4,post
NG15|J1909-3744gbt|57886.366169788|753.588|23329,21.481436060614104,0.6279358598632733,0.16162441852140136,-0.331868675526642,0.5555555555555556,-0.0037878381851114674,INT_01_GW150914_v4,post
NG15|J0340+4130|58334.606173076|1567.083|2824,61.56520653684551,0.35383283070973937,0.03732348659256568,0.769658288634632,0.2,0.0004643352668519255,INT_02_GW190503_185404_v2,pre
NG15|J2214+3000|57348.922851878|1474.416|997,56.99917631081961,0.19172414443041721,0.08927032807561616,1.0,0.0,0.005514593526765782,INT_01_GW150914_v4,post
NG15|J1713+0747|57367.822198278|1842.902|32069,75.15578237195656,0.7910595863271721,0.20079253518769932,-0.2669856236234811,0.4444444444444444,0.004406276617360656,INT_01_GW150914_v4,post
NG15|J1923+2515|57054.621408352|1759.530|2422,71.04774960943884,0.3254966176717657,0.10859948903205421,-0.9999999999999999,1.0,-0.0015845862924817819,INT_01_GW150914_v4,pre
NG15|J1853+1303|58986.345457441|1312.637|3924,49.02775386338695,0.2719617969859908,0.14044358956801625,0.05199443669849596,0.7777777777777778,-0.0017761333073217553,INT_05_GW200219_094415_v1,post
NG15|J1909-3744|58669.232501126|1230.627|7507,44.98683164904544,0.7597947684978704,0.16550355172771197,0.3734655616715842,0.5555555555555556,-0.0010349543301051126,INT_03_GW190728_064510_v2,pre
NG15|J1719-1438|58580.325408568|1505.491|2570,58.53035126278477,0.15992411376856763,0.031245520456598928,-0.6270201847439142,0.6,-0.0017799823666280062,INT_02_GW190503_185404_v2,pre
NG15|J1853+1303|57565.167130868|1610.184|1799,63.688944963382916,0.3478398942819797,0.14766376476963083,-0.05808705548530181,0.6666666666666666,-0.0020977222167078485,INT_01_GW150914_v4,post
NG15|J1909-3744|55361.193343627|725.470|26168,20.095962937545526,0.7128980128754142,0.13928213554433239,-0.37586758372249107,0.7142857142857143,-0.0034275078838359938,INT_01_GW150914_v4,pre
NG15|J1911+1347|57014.705812205|425.312|710,5.306118650113316,0.2678544159510773,0.1528630051243486,-1.0,1.0,0.007139634614474165,INT_01_GW150914_v4,pre
NG15|J1910+1256|58714.045825965|1286.647|787,47.747134812652455,0.4181280969505754,0.048054470514810765,-1.0,1.0,-0.0010630231965825588,INT_03_GW190728_064510_v2,post
NG15|J1713+0747gbt|57780.752966541|1242.499|18858,45.57180699996195,0.4696060280611117,0.1122376897669356,-0.4050404007496606,0.6666666666666666,0.0015919565100939313,INT_01_GW150914_v4,post
NG15|J1600-3053|54672.936876061|1424.000|248,54.51500201063377,0.4424859873537326,0.04231427410658954,-0.5007457255114653,0.8,-0.002829297236506963,INT_01_GW150914_v4,pre
NG15|J1713+0747gbt|58365.888862033|912.995|29805,29.335981694336034,0.6406324917111323,0.07880913670925264,-0.04302215143880647,0.5555555555555556,0.001024761293325548,INT_02_GW190503_185404_v2,pre
NG15|J1024-0719|56791.947948462|1606.984|4443,63.53126966663993,0.6578717495299803,0.11122289454363674,-0.23912144005015323,0.5,-0.0007887543434382944,INT_01_GW150914_v4,pre
NG15|J2322+2057|58661.409410100|442.500|262,6.153032087744112,0.5415062833240369,0.1860431884420508,-1.0,1.0,-0.006121577765986856,INT_03_GW190728_064510_v2,pre
NG15|J1747-4036|56269.671795616|1442.466|1093,55.4248870199013,0.2677783800815035,0.05504494919240006,-0.47441538153849055,0.5,-0.0016793464333476134,INT_01_GW150914_v4,pre
NG15|J1600-3053|55732.093347404|900.468|11541,28.71873218111745,0.5198802955110853,0.06530445790647735,0.11395761040457751,0.42857142857142855,0.0036014479188133585,INT_01_GW150914_v4,pre
NG15|J1713+0747ao|58630.241429125|1286.614|9777,47.745508786154794,0.6357441474787943,0.3040581559941094,-0.1510017175564869,0.4444444444444444,0.0006939692613400966,INT_02_GW190503_185404_v2,post
NG15|J1713+0747|57879.350539081|1517.749|31043,59.13434619637089,0.5403711586988967,0.24104180396385752,-0.01868206931591516,0.5555555555555556,-0.0004748897211869525,INT_01_GW150914_v4,post
NG15|J1918-0642|58016.051023542|1202.027|1012,43.57760868440496,0.29748333575762737,0.07908174271091035,0.2145360267864428,0.8571428571428571,0.0033057259764004802,INT_02_GW190503_185404_v2,pre
NG15|J0645+5158|58160.368484860|1855.369|1531,75.77007547336122,0.3983715105733248,0.12324271587396084,0.36598216398909444,0.4444444444444444,-0.003364537179314568,INT_02_GW190503_185404_v2,pre
NG15|J1600-3053gbt|57733.561269891|1467.943|7806,56.68022874962668,0.5723487980583127,0.060761989631416886,0.06532119036059754,0.8,0.0024906785248950463,INT_01_GW150914_v4,post
NG15|J1012+5307|56614.321992279|772.360|19879,22.406398770132686,0.565801177155293,0.21051005137660822,0.07585158264969917,0.2857142857142857,-0.003435404182975659,INT_01_GW150914_v4,pre
NG15|J2145-0750|55461.998514007|725.484|12018,20.096652766968777,0.5288432410999458,0.16014971840741582,-0.6839896761924811,1.0,-0.0010227928234853765,INT_01_GW150914_v4,pre
NG15|J1909-3744|58075.808036933|1609.886|14175,63.674261451373724,0.4345658744807515,0.1407939329247526,-0.2414887989059838,0.6666666666666666,-0.0032953618801867977,INT_02_GW190503_185404_v2,pre
NG15|J1640+2224|57302.848614363|1351.794|13025,50.95715748668862,0.20744324291242386,0.2197910030753679,-0.2555158231670067,0.7777777777777778,-0.006186113466853911,INT_01_GW150914_v4,post
NG15|J2322+2057|57873.552927073|1523.431|2933,59.41431839515017,0.21569235144683768,0.14700274902417806,-0.44431807349089697,1.0,0.0011003752145004623,INT_01_GW150914_v4,post
NG15|J2124-3358|58016.088179434|1680.355|1840,67.14651785330558,0.37503765297692726,0.06813043334485298,0.5351743307179831,0.5,0.010441518609641789,INT_02_GW190503_185404_v2,pre
NG15|B1953+29|57949.247588594|422.187|918,5.152138868137738,0.4193699191541125,0.08052814232192868,-0.23660911310480617,0.5555555555555556,-0.0019229175234867014,INT_02_GW190503_185404_v2,pre
NG15|J2145-0750|57375.791380072|1568.542|9040,61.63709661745427,0.3752390560560015,0.15741919241227298,0.209328370982262,0.5714285714285714,-0.0009239045077645881,INT_01_GW150914_v4,post
NG15|J1024-0719|58396.492851795|1693.197|1342,67.7792885285473,0.4323733076228429,0.1345313788136106,-0.7658199643415808,0.6666666666666666,0.0074562931058518135,INT_02_GW190503_185404_v2,pre
NG15|J1643-1224gbt|58301.090470397|1405.667|2521,53.61167038088712,0.5886284665669151,0.09587350292262224,0.22636426768966098,0.3333333333333333,-0.0037655072224828706,INT_02_GW190503_185404_v2,pre
NG15|J1923+2515|57185.225849694|430.000|473,5.5371129598417985,0.5600920405220837,0.08865401937128803,0.8679781011816714,0.0,0.0005054911713401406,INT_01_GW150914_v4,pre
NG15|J1747-4036|57621.095261470|762.957|9501,21.943079765359446,0.34616328880398434,0.026671448870327002,1.0,0.0,0.009419843135786877,INT_01_GW150914_v4,post
NG15|J1713+0747ao|57748.627233303|2237.345|21002,94.59138145733034,0.7917405369299806,0.3377998821170808,0.126824182671261,0.7777777777777778,0.0016290272126770254,INT_01_GW150914_v4,post
NG15|J1713+0747|58278.219043762|1678.572|44575,67.05866314890159,0.4060743045488414,0.14799693941558167,-0.04707373545727746,0.5555555555555556,-0.004254192364307509,INT_02_GW190503_185404_v2,pre
NG15|J2010-1323|57679.918765997|1717.769|5345,68.99003771341256,0.5182348098105944,0.061633928049569596,-0.6603927814447685,0.5,0.0015250538895517517,INT_01_GW150914_v4,post
NG15|J1744-1134|57131.327311397|759.857|16184,21.790331821639672,0.4935288963808876,0.14950496836428392,-0.6870834655511331,0.6,-0.0037369631681340096,INT_01_GW150914_v4,pre
NG15|J1909-3744gbt|58002.127420046|1854.165|6548,75.71075014296167,0.6145262466670666,0.10429014364373264,-0.28611412182586377,0.6666666666666666,0.0002690752122799398,INT_02_GW190503_185404_v2,pre
NG15|J1811-2405|58848.803558549|1582.143|2205,62.30726590214221,0.38984572944001566,0.018666018751864688,-0.8207332678675546,1.0,0.0006308155611813573,INT_04_GW191126_115259_v1,post
NG15|B1937+21gbt|57796.706888950|806.726|8987,24.099732910091955,0.8285651415962499,0.09704111610907296,-0.19491831845251392,0.3333333333333333,-0.004959491197879772,INT_01_GW150914_v4,post
NG15|J1909-3744gbt|55641.469190993|900.453|26875,28.717993078163968,0.3239787358772066,0.13823060084867042,-0.24674982961109562,0.8571428571428571,0.0030471400529792393,INT_01_GW150914_v4,pre
NG15|J1012+5307|56102.772788738|1480.474|8321,57.29767535696619,0.35158232106205567,0.17511631449858614,0.2860116288039732,0.4444444444444444,-0.006427649301974961,INT_01_GW150914_v4,pre
NG15|J1713+0747|56269.509986110|1468.033|28502,56.68466336734757,0.5978843215223256,0.1554331938983662,-0.3744868082855184,0.5555555555555556,-0.0009272242465795044,INT_01_GW150914_v4,pre
NG15|J2033+1734|56991.892515256|1737.227|3544,69.94880206467042,0.3102470434859276,0.1264139796816862,-1.0,1.0,-0.00418320893236604,INT_01_GW150914_v4,pre
NG15|J0030+0451|58708.326939735|1724.803|8923,69.33662772506574,0.4144156457055886,0.05788534554407286,0.060965210826988976,0.7777777777777778,-0.0014674620025310347,INT_03_GW190728_064510_v2,post
NG15|J1909-3744gbt|55918.675614490|1467.994|12215,56.68274169966852,0.4474406574581288,0.1099366293793147,-0.19167050170842076,0.4444444444444444,-0.0032051743444171128,INT_01_GW150914_v4,pre
NG15|J1713+0747gbt|57306.803525653|1229.802|3250,44.94618098660389,0.42578645771658047,0.16371183873380055,-0.42474180046886567,0.8888888888888888,-0.0001295497003500794,INT_01_GW150914_v4,post
NG15|J1738+0333|56991.730628688|1749.723|4213,70.56452409845178,0.3589512868309566,0.13382813772665514,-0.08300232321315827,0.6666666666666666,-0.006465065111422489,INT_01_GW150914_v4,pre
NG15|J1012+5307|57551.985541668|747.351|17747,21.174117052555964,0.6095423715457976,0.12234603166820245,-0.06015576774426685,0.6666666666666666,-0.0011968667524988404,INT_01_GW150914_v4,post
NG15|J1713+0747gbt|57432.644275541|1854.773|19733,75.74070844934282,0.42510537127492143,0.18409616677269128,-0.31971453296336877,0.6666666666666666,-0.0020225085841057,INT_01_GW150914_v4,post
NG15|J1640+2224|57671.830423136|1586.681|12529,62.53086918233588,0.20913086357996677,0.16650849227730047,-0.12075466210200445,0.6666666666666666,-0.007075135447948357,INT_01_GW150914_v4,post
NG15|J0030+0451|58719.289541312|1172.242|8382,42.109996586439316,0.46615420944129804,0.05691213992585626,0.13594980176801572,0.6666666666666666,-0.0017427876501165352,INT_03_GW190728_064510_v2,post
NG15|J0030+0451|57752.910697108|1574.008|15239,61.906425733703394,0.4282343200004681,0.10719593694400899,0.08507810744970587,0.5555555555555556,-0.0012827997637934198,INT_01_GW150914_v4,post
NG15|J1744-1134|55396.049005784|831.737|16558,25.332113174729134,0.45492181561273665,0.11659961666216546,0.14822986079125755,0.8571428571428571,0.0030189009417703216,INT_01_GW150914_v4,pre
NG15|J1802-2124|57949.273632611|869.221|6428,27.179082181952364,0.2979543758293448,0.04119125378236745,-0.25887010379484143,0.5555555555555556,-0.00023998225311669424,INT_02_GW190503_185404_v2,pre
NG15|J1012+5307|57490.318455089|1480.355|6382,57.29181180686856,0.5756489436140818,0.1237808718153653,-0.13821603521915662,0.6666666666666666,-0.002047581994972912,INT_01_GW150914_v4,post
NG15|J0645+5158|58011.900570166|1417.950|3669,54.216897152729054,0.1890164612061159,0.07873739176991054,1.0,0.0,-0.004402109709646498,INT_02_GW190503_185404_v2,pre
NG15|J0740+6620|58832.871538259|1220.226|3519,44.47433766110049,0.24417580844574394,0.16399011505045138,-0.3346741572706001,0.6666666666666666,-0.0037473451912019614,INT_04_GW191126_115259_v1,post
NG15|J1125+7819|57523.024737511|834.842|4452,25.485107486100073,0.3375490781881716,0.07482995080767604,-1.0,1.0,-0.008531571496902042,INT_01_GW150914_v4,post
NG15|J1713+0747|57958.048062873|2187.207|14738,92.12090519854904,0.7919463029776496,0.15407784451598383,-0.5494189275138237,0.7777777777777778,0.0009112598792606689,INT_02_GW190503_185404_v2,pre
NG15|J1944+0907|57700.903610786|426.875|247,5.38313317786622,0.504306825585683,0.12948464016120792,-0.5329541562225577,0.6666666666666666,-0.0027920721534257734,INT_01_GW150914_v4,post
NG15|J0030+0451|57594.351744854|1312.492|4695,49.02060920150328,0.26499721643024665,0.09443677062435771,0.2057141533629791,0.4444444444444444,0.0006361402672287397,INT_01_GW150914_v4,post
NG15|J1640+2224|57053.497629233|1462.582|10375,56.41607335405194,0.7290344497221162,0.09578053248558585,0.17922049125319625,0.5,-0.008363360403169656,INT_01_GW150914_v4,pre
NG15|J1713+0747gbt|57796.463564792|1556.561|16475,61.046750451742454,0.5851249201962183,0.1122376897669356,-0.4050404007496606,0.6666666666666666,0.0015919565100939313,INT_01_GW150914_v4,post
NG15|J1909-3744|58056.981264535|1342.883|9030,50.51808105878961,0.7907802977011292,0.12488704074812992,-0.1308393405521654,0.75,-0.003980378039203388,INT_02_GW190503_185404_v2,pre
NG15|J0613-0200|53858.079712688|1408.000|864,53.72662552691881,0.2829185866884906,0.020806238423397724,1.0,0.0,0.030859080726098633,INT_01_GW150914_v4,pre
NG15|J2010-1323|57985.157673817|1613.173|6701,63.83622354524692,0.21190398792705623,0.12724367776062045,-0.837086540173797,1.0,-0.005481702538018476,INT_02_GW190503_185404_v2,pre
NG15|J1909-3744gbt|57709.912862232|769.223|25443,22.251827705794316,0.4795934630886852,0.1580450216052823,-0.23916443195102974,0.7777777777777778,0.001097614516111094,INT_01_GW150914_v4,post
NG15|J2010-1323|57288.030257169|1355.191|4296,51.12453966888735,0.38333004143981736,0.07065119557897394,0.4110082225536657,0.3333333333333333,-0.00047190431356999765,INT_01_GW150914_v4,post
NG15|J0636+5128|57161.826583532|885.625|28158,27.987365171881127,0.18457138712770205,0.03620433914329023,0.012271811972208686,0.5555555555555556,-0.0020658811671528366,INT_01_GW150914_v4,pre
NG15|J1909-3744gbt|58051.868278399|1553.088|6135,60.87562348124608,0.4724519374597301,0.11724246265887252,-0.5006466773909343,0.7777777777777778,0.0004532862814430487,INT_02_GW190503_185404_v2,pre
NG15|J0636+5128|57729.485412649|1581.219|4679,62.26173716020768,0.1842855152472128,0.1226996819967674,0.11880990005578214,0.5555555555555556,-0.001456802225925598,INT_01_GW150914_v4,post
NG15|B1937+21|53275.302952717|828.000|15624,25.147977992251462,0.28606228123377875,0.23561400190279558,-0.016531376960942718,0.5555555555555556,-0.0019194440101311524,INT_01_GW150914_v4,pre
NG15|J0636+5128|56851.635393789|834.813|28223,25.483678553723337,0.3406688209518939,0.08368721762847744,-0.2818249929892404,0.6666666666666666,-0.0011048086298028144,INT_01_GW150914_v4,pre
NG15|J1125+7819|58788.233667293|803.445|5773,23.938066457400158,0.2717260613970028,0.15265077038656524,0.026821486375459298,0.5,-0.0010862087518303779,INT_04_GW191126_115259_v1,pre
NG15|J0340+4130|58301.754229880|728.614|5749,20.250878916595518,0.2894640215058799,0.03732348659256568,0.769658288634632,0.2,0.0004643352668519255,INT_02_GW190503_185404_v2,pre
NG15|J1713+0747|57804.528722454|1680.219|41348,67.139816653194,0.8311791450738154,0.2227540538059526,0.42851268504320705,0.5555555555555556,-0.00527476248060844,INT_01_GW150914_v4,post
NG15|J2043+1711|57645.088654559|1712.194|7127,68.71533778236811,0.3145845116357465,0.07517926460232836,0.5216643438216269,0.3333333333333333,-0.002624452838574315,INT_01_GW150914_v4,post
NG15|J1738+0333|56346.493201606|1387.843|2728,52.73341897802866,0.24100149592650505,0.09519354095864449,-0.3592186065201021,0.6666666666666666,-0.003250685377136066,INT_01_GW150914_v4,pre
NG15|J2317+1439|56498.348760219|1500.061|5963,58.262795993623996,0.18119453755725956,0.20054815208206203,0.0927062706542083,0.6,-0.0033488039905749654,INT_01_GW150914_v4,pre
NG15|J1923+2515|57775.624477986|1474.863|1356,57.0212015788334,0.5468854005424457,0.1274283534587937,-0.4990573283345363,0.5,0.0038663991151831343,INT_01_GW150914_v4,post
NG15|J1600-3053|57781.489717519|2474.922|21749,106.2976389493022,0.27755927002750047,0.13700746501850647,0.6591987463305973,0.7142857142857143,-0.002488919916469258,INT_01_GW150914_v4,post
NG15|B1937+21|55948.508252049|803.621|18212,23.946738598721023,0.8462408703417114,0.06383694418510182,0.34236361918165403,0.6,-0.0016751272524899673,INT_01_GW150914_v4,pre
NG15|J0613-0200|55336.968225016|1705.535|1501,68.38722534455201,0.31922029528848733,0.03361727455585265,1.0,0.0,0.001582852496950517,INT_01_GW150914_v4,pre
NG15|J0023+0923|56935.152283902|440.936|3097,6.075968286460974,0.37465048164059694,0.11105998066241311,1.0,0.0,-0.0037598914498750014,INT_01_GW150914_v4,pre
NG15|J1640+2224|57622.965046876|1437.593|11118,55.18477710707987,0.5677819111949872,0.19823823979434474,0.0175206931995721,0.6666666666666666,-0.0076928715580588045,INT_01_GW150914_v4,post
NG15|J1909-3744|55731.243060732|1643.311|9196,65.3212291993845,0.5979869802487248,0.1616616607574662,0.06085010912223343,0.5,0.0017353036023967496,INT_01_GW150914_v4,pre
NG15|J1832-0836|58516.720133325|766.070|4826,22.09646826497224,0.28357744251309436,0.08121542979947519,0.1350552926121056,0.5,0.004386036116232702,INT_02_GW190503_185404_v2,pre
NG15|J1713+0747|55041.031283187|1410.000|234,53.82517258738318,0.1499508981694977,0.06988559134686627,-1.0,1.0,-0.004792474675946676,INT_01_GW150914_v4,pre
NG15|J1614-2230|55461.815731912|897.318|14184,28.563520560886065,0.5367717582767425,0.07127890910383358,-0.5470275853724972,0.8,-0.0014944103920700926,INT_01_GW150914_v4,pre
NG15|J1643-1224|56614.679088374|893.437|16870,28.37228999005496,0.5622009194879547,0.06750322863061776,0.1755031215231182,0.6666666666666666,-0.0016679111050500292,INT_01_GW150914_v4,pre
NG15|J1713+0747|57518.402576978|825.477|51079,25.02366087547566,0.7849861358375811,0.18764082771179943,-0.332573026056024,0.8888888888888888,-0.000557404996333446,INT_01_GW150914_v4,post
NG15|J1643-1224gbt|58267.274281835|1854.321|4084,75.71843681367788,0.424652369729533,0.09587350292262224,0.22636426768966098,0.3333333333333333,-0.0037655072224828706,INT_02_GW190503_185404_v2,pre
NG15|J1600-3053|58517.417245079|1755.454|10300,70.84691070021245,0.5585671093235883,0.12148442016900249,-0.2792962620875666,0.5,-0.002446614969348757,INT_02_GW190503_185404_v2,pre
NG15|J1713+0747|54526.357217095|844.000|45686,25.936354475966425,0.6460588887248336,0.1347597483956307,0.8730628386413971,0.0,0.008072213662072848,INT_01_GW150914_v4,pre
NG15|J1643-1224|57398.651363195|766.092|12510,22.09755228263735,0.633681554034305,0.003084147778453375,-0.9999999999999998,1.0,0.0114549138573891,INT_01_GW150914_v4,post
NG15|J1024-0719|56208.544161350|1730.484|1669,69.61655065031478,0.3987157938581994,0.10018286883717607,-1.0,1.0,0.0036391246649955197,INT_01_GW150914_v4,pre
NG15|J1713+0747gbt|56367.301754407|1217.957|23024,44.36253602100366,0.5108721784759096,0.11040585231020324,0.06942049406127385,0.5,0.0014023465835569324,INT_01_GW150914_v4,pre
NG15|J0613-0200|54768.574566770|1432.000|818,54.90919025249125,0.31266084183268605,0.1311523765417261,0.2605526540120303,0.4444444444444444,-0.002449700502864153,INT_01_GW150914_v4,pre
NG15|J1455-3330|57132.232468778|1307.580|2003,48.77857762100278,0.3991593853565834,0.1454990177983398,-0.6986189578254453,0.6666666666666666,0.0009348263222452369,INT_01_GW150914_v4,pre
NG15|J1600-3053gbt|55826.799945284|1158.938|8513,41.454461540230334,0.4745594283581257,0.1015915111173935,0.23454598656177325,0.5714285714285714,0.003269475536105764,INT_01_GW150914_v4,pre
NG15|J1600-3053|56477.041809581|1780.418|4179,72.0769751089287,0.5070437661931364,0.10564758023521847,0.051587706847234974,0.6666666666666666,0.004126340600986003,INT_01_GW150914_v4,pre
NG15|J1614-2230|57646.911013173|731.712|12277,20.403528313254824,0.5038392323012193,0.050845139182659746,-0.5837283394310674,0.6666666666666666,-0.004744422226406694,INT_01_GW150914_v4,post
NG15|J1713+0747gbt|56641.501760573|887.981|26093,28.103453609108158,0.4776949748039687,0.12983154140255873,-0.2609817793503583,0.6666666666666666,0.0003853147310277575,INT_01_GW150914_v4,pre
NG15|J0636+5128|56677.093004988|847.349|31373,26.10137152871401,0.18043752035338967,0.04444806661866907,-0.2199273670068579,0.5,-0.0013242164326535684,INT_01_GW150914_v4,pre
NG15|J0613-0200|56100.732945465|766.075|17059,22.096714632623407,0.5753106912131153,0.06095789598677221,-0.38301994915654575,0.6666666666666666,-0.004166535799731865,INT_01_GW150914_v4,pre
NG15|J2043+1711|57956.261704522|422.187|2863,5.152138868137738,0.31970120065275187,0.01933054383655111,0.9999999999999999,0.0,0.000712460662284715,INT_02_GW190503_185404_v2,pre
NG15|J1125+7819|57978.775738514|740.311|5498,20.827231399721388,0.2892472633921866,0.09008781135963008,-0.5183823249211753,1.0,0.0003032757942027366,INT_02_GW190503_185404_v2,pre
NG15|J1918-0642|58365.193580791|1567.034|5764,61.56279213386414,0.2705659188116467,0.14287436561171188,0.007106017408149031,0.6,-0.004768829049888069,INT_02_GW190503_185404_v2,pre
NG15|J1024-0719|58728.575167369|1218.899|7085,44.408951686482375,0.27844793131207835,0.08389891166287454,-0.32756950198675977,0.6666666666666666,-0.0028536446519526787,INT_03_GW190728_064510_v2,post
NG15|B1937+21gbt|57579.244115283|1792.922|2092,72.69309133095196,0.5960655586500899,0.12566425410694423,-0.7596481222484441,1.0,-0.00514909194350759,INT_01_GW150914_v4,post
NG15|J0636+5128|56893.522058728|828.584|24248,25.176753733907056,0.4574102649031613,0.10577267561869041,-0.4660753669701195,0.8888888888888888,-0.002321833816907692,INT_01_GW150914_v4,pre
NG15|J0509+0856|58566.915876886|1499.739|27,58.24692991688924,0.39415870447731577,0.08858066044573662,-0.8425509134226715,0.5,-0.004407084116820299,INT_02_GW190503_185404_v2,pre
NG15|J2317+1439|57131.577736002|1512.194|5287,58.8606317359311,0.5884710725704058,0.07751190501962817,0.013879501958851629,0.5,-0.0013296718610770082,INT_01_GW150914_v4,pre
NG15|J1741+1351|57622.017309641|444.061|118,6.229948068436552,0.28250388763090833,0.05300681492236516,0.7923791281047939,0.5,0.0009856264161939596,INT_01_GW150914_v4,post
NG15|J1125+7819|58425.193386282|887.971|5196,28.102960873805834,0.4713698228590858,0.08309799296023211,-0.5361908506086897,0.6,-0.003266670801652774,INT_02_GW190503_185404_v2,pre
NG15|J2302+4442|57487.855306581|730.937|7867,20.36534132732488,0.2977346069896026,0.0781261520247364,-0.03650189290264923,0.4444444444444444,-0.0046403371004501105,INT_01_GW150914_v4,post
NG15|J1713+0747|57883.370493259|1355.510|44016,51.14025792503141,0.7739752909899648,0.24104180396385752,-0.01868206931591516,0.5555555555555556,-0.0004748897211869525,INT_01_GW150914_v4,post
NG15|J1903+0327ao|57936.203581520|1235.868|3033,45.24507422099232,0.2876502767916282,0.07365248714817346,1.0,0.0,0.006570260622030383,INT_01_GW150914_v4,post
NG15|J1713+0747|57288.928647908|2822.163|57941,123.40742886065637,0.6149354805437443,0.19940988532783896,0.07392632184017822,0.5555555555555556,0.005798071714157455,INT_01_GW150914_v4,post
NG15|J1910+1256|56668.639147952|1550.303|3099,60.73839669954945,0.5870200327234936,0.08434516675283701,0.05307770030723283,0.6666666666666666,-0.0037083263941781186,INT_01_GW150914_v4,pre
NG15|J0610-2100|58101.341392274|1679.644|1777,67.1114843733105,0.15349344402876572,0.1608949661003498,0.09336336012005707,0.25,0.004675305543866293,INT_02_GW190503_185404_v2,pre
NG15|J2234+0944|57608.249381668|1462.315|3978,56.40291732147995,0.23939494064768882,0.12837944720483646,-0.23349641894973858,0.7777777777777778,-0.003089276387024953,INT_01_GW150914_v4,post
NG15|J1911+1347|58475.754623887|440.937|522,6.076017559991208,0.32803335086871815,0.133375721430219,-0.025673810670604272,0.6666666666666666,0.005311193079489947,INT_02_GW190503_185404_v2,pre
NG15|J1909-3744gbt|57860.444236005|872.318|27413,27.331682305081436,0.6765822367274374,0.15148557014210262,-0.35392538599611884,0.5555555555555556,-0.0034056030786331092,INT_01_GW150914_v4,post
NG15|J2317+1439|57641.207395660|1674.791|9704,66.8723599310937,0.6288961517337633,0.18232722248847616,-0.740942989852967,0.8888888888888888,-0.0029201704386713216,INT_01_GW150914_v4,post
NG15|J2302+4442|56312.166343102|912.957|4024,29.334109300187208,0.3084903063124388,0.03654966978381315,0.4926932867447558,0.8333333333333334,9.833023776286245e-05,INT_01_GW150914_v4,pre
NG15|B1937+21|57272.098309342|1405.435|14558,53.600238921873256,0.8454708638849591,0.2926689142662319,0.17096829499549193,0.5,-0.0029534124327471965,INT_01_GW150914_v4,pre
NG15|J2017+0603|58514.696553383|1323.487|481,49.56237166640615,0.25241194767941705,0.0762802263032979,-0.08677837778268867,0.5555555555555556,-0.0009837142582555499,INT_02_GW190503_185404_v2,pre
NG15|J1918-0642|55340.203813294|800.444|14901,23.79019659317337,0.3891157170813945,0.13122061556694012,-1.0,1.0,-0.0010944440777868002,INT_01_GW150914_v4,pre
NG15|J1713+0747ao|57717.708179748|1524.574|1951,59.47063804020556,9.564567325119492e-05,0.35990449318663476,-0.023871200004573625,0.8888888888888888,0.0038065027161135385,INT_01_GW150914_v4,post
NG15|J1640+2224|57305.820207199|1174.717|5576,42.23194857376399,0.3049212716124534,0.2197910030753679,-0.2555158231670067,0.7777777777777778,-0.006186113466853911,INT_01_GW150914_v4,post
NG15|J0023+0923|56417.558037104|1413.550|4865,54.000093619707435,0.2732156188403912,0.04779294168727641,-0.9979074753233214,1.0,-0.0004974705110881765,INT_01_GW150914_v4,pre
NG15|J1909-3744|58075.808036932|1613.136|14176,63.83440042462833,0.43380049693751993,0.1407939329247526,-0.2414887989059838,0.6666666666666666,-0.0032953618801867977,INT_02_GW190503_185404_v2,pre
NG15|J0645+5158|56641.235516807|791.080|7526,23.32879925607919,0.550664167684843,0.09531602709428401,0.9053796528427205,0.3333333333333333,-0.005159442968973924,INT_01_GW150914_v4,pre
NG15|J1600-3053gbt|56477.020123382|1830.386|4129,74.53907486757053,0.5229947207043301,0.054640949646934805,-0.03119917354975604,0.6666666666666666,0.001437994801467799,INT_01_GW150914_v4,pre
NG15|J1614-2230|56311.538424244|894.200|11475,28.40988569362212,0.5041087719713626,0.09818823630090455,0.4257629869074449,1.0,0.0027383392388402104,INT_01_GW150914_v4,pre
NG15|J1024-0719|56586.481410957|1607.610|3867,63.56211489656527,0.32937285417237877,0.13840448855223006,-0.3403967255357078,0.4,-0.0011026576228331717,INT_01_GW150914_v4,pre
NG15|J1600-3053|57978.932266173|781.706|19322,22.866909183682687,0.47892953377259073,0.11760131854572198,-0.1348268454553386,0.6,-0.001098341929454976,INT_02_GW190503_185404_v2,pre
NG15|J1923+2515|58738.969602175|436.250|516,5.845072523792956,0.44767078076991995,0.11809624998588619,-0.5311712089482734,0.5,-0.0019378512514480616,INT_03_GW190728_064510_v2,post
NG15|J2010-1323|58728.129416678|859.836|10988,26.716650100723307,0.2246332197702755,0.044363969460680455,-1.0,1.0,-0.0064837745248077375,INT_03_GW190728_064510_v2,post
NG15|J1713+0747|57305.839837358|1450.288|7246,55.81030457337745,0.004397284041943544,0.21472870934564733,-0.19374642684208138,0.5555555555555556,0.005661560369809749,INT_01_GW150914_v4,post
NG15|J1713+0747|57201.255715676|1542.804|34052,60.3688944963383,0.3382342054641473,0.19104767634001646,0.5308642235465185,0.3333333333333333,0.0015406155452149758,INT_01_GW150914_v4,pre
NG15|J1747-4036|56614.808980720|881.720|9306,27.794952036324446,0.3671359625026221,0.09820798647499895,0.22525389728189685,0.25,0.0005299282697801193,INT_01_GW150914_v4,pre
NG15|J1909-3744gbt|58077.799416442|766.075|26115,22.096714632623407,0.580419740854427,0.13119213349011252,-0.34229344713918525,0.7777777777777778,-0.0010417088619304594,INT_02_GW190503_185404_v2,pre
NG15|J1909-3744gbt|55340.259170383|781.727|27871,22.867943927817564,0.6634103324546713,0.09403196970316498,-0.9570048544559854,1.0,-0.0032998284248517227,INT_01_GW150914_v4,pre
NG15|J1713+0747ao|58584.333660982|2262.423|15586,95.82706304849307,0.8002511630965388,0.2618661512220805,0.18535177367022904,0.5555555555555556,0.009161305341937973,INT_02_GW190503_185404_v2,pre
NG15|J1640+2224|57533.224861484|1462.581|8002,56.4160240805217,0.5644682388609581,0.15269296742874558,-0.38011400993809835,0.6666666666666666,-0.004418756319226436,INT_01_GW150914_v4,post
NG15|J1910+1256|57648.955229150|1850.146|6246,75.51271982495851,0.4731656711252294,0.15120845624434498,0.4190238318837433,0.6666666666666666,-0.006010451455358512,INT_01_GW150914_v4,post
NG15|J0636+5128|57977.836807033|1767.964|12881,71.46332256341708,0.12636928406800768,0.0904167536938626,0.11053567237473295,0.7777777777777778,-0.0020886437947225376,INT_02_GW190503_185404_v2,pre
NG15|J1455-3330|58268.094114395|885.066|8403,27.95982126848134,0.23916322617195257,0.11707317835138904,-0.1414878819625328,0.6666666666666666,0.001451565971043371,INT_02_GW190503_185404_v2,pre
NG15|J1640+2224|56498.019081476|1225.270|13452,44.72287334759163,0.6062867567554587,0.21803250233378021,-0.9999999999999999,1.0,-0.02561322372809922,INT_01_GW150914_v4,pre
NG15|B1937+21|56894.066899538|856.700|19798,26.562128309915177,0.8533503683178447,0.03883674295948161,0.03524632901366059,0.8,-0.006507274825030766,INT_01_GW150914_v4,pre
NG15|J1944+0907|56137.139428994|1587.179|3464,62.55540740039151,0.49130177867296365,0.024285264894366037,-1.0,1.0,0.006685161621241556,INT_01_GW150914_v4,pre
NG15|J2010-1323|55700.278676100|1518.000|1532,59.14671385245917,0.3499421484344635,0.044183112323915696,-0.5250580153276961,1.0,-0.0004194153470425523,INT_01_GW150914_v4,pre
NG15|J0340+4130|56586.357320752|1180.456|3386,42.514729363766484,0.22791116195045324,0.055015606662870364,-0.5753891957255362,0.75,-0.001748895437133187,INT_01_GW150914_v4,pre
NG15|J0636+5128|58787.259670988|1643.011|2171,65.30644714031486,0.11584851502670246,0.04732249511005737,0.4287168360842674,0.8888888888888888,-0.001774242104386853,INT_04_GW191126_115259_v1,pre
NG15|J1745+1017|57668.905860166|1586.564|1968,62.525104179298715,0.20232009555380914,0.19098150705407,-0.41794072782692027,0.7777777777777778,-0.00945951378089336,INT_01_GW150914_v4,post
NG15|J1022+1001|57536.929822865|2095.337|3907,87.5941459761182,0.35258081598062446,0.08457236135457576,-0.9999999999999998,1.0,-0.002333260221589575,INT_01_GW150914_v4,post
NG15|J1909-3744gbt|57836.516993262|872.285|28639,27.330056278583776,0.7759002206139449,0.15641053104935543,-0.38939837425235097,0.75,-0.003648423432666511,INT_01_GW150914_v4,post
NG15|J1614-2230|58882.445377036|879.375|15931,27.679405607929972,0.40540900901503424,0.07493508108774134,0.1449274488333151,0.6666666666666666,-0.0009463451523367581,INT_05_GW200219_094415_v1,pre
NG15|J2322+2057|58818.985053592|1199.958|1942,43.47566175035456,0.28652633080066786,0.1664498152654601,-0.04141995852501313,0.8888888888888888,-0.004078301389320498,INT_04_GW191126_115259_v1,post
NG15|J1713+0747gbt|57489.484218855|825.456|27459,25.022626131340783,0.43372403248610686,0.13067144111337145,-0.10654479140674054,0.7777777777777778,-0.001426458448755566,INT_01_GW150914_v4,post
NG15|J1643-1224gbt|53890.076854674|804.000|10039,23.965413266679022,0.666778516585786,0.08092820306771593,0.04433159723809155,0.5555555555555556,-0.0036148973383155238,INT_01_GW150914_v4,pre
NG15|J1713+0747gbt|56269.509986114|1158.592|6789,41.43741289877,0.5114218266896348,0.14236151784167528,-0.16407054224146228,0.6666666666666666,0.0005340257790703,INT_01_GW150914_v4,pre
NG15|J1713+0747|57748.627233281|1799.827|21350,73.03332505720519,0.7852482124662771,0.27053168090507423,0.03573882026652664,0.6666666666666666,-0.0008594583945478763,INT_01_GW150914_v4,post
NG15|J1730-2304|57893.272805214|809.784|4398,24.25041136554198,0.5543041946653777,0.14841605076906703,-0.05839583736622286,0.5555555555555556,-0.010569697979088181,INT_01_GW150914_v4,post
NG15|J1811-2405|58547.652342646|744.207|4445,21.019201073505975,0.45493175920636797,0.08189311351471548,0.5540532989882252,0.4444444444444444,-0.0006262462690401603,INT_02_GW190503_185404_v2,pre
NG15|J1643-1224|55493.662661851|894.216|14962,28.41067407010583,0.6033893317022125,0.022681224898968566,-1.0,1.0,-0.0011301687029364018,INT_01_GW150914_v4,pre
NG15|J1713+0747|58691.052523700|2074.644|16647,86.5745288150236,0.6569062208265976,0.16968718716831319,-0.1053242157761024,0.7777777777777778,0.000757921318658051,INT_03_GW190728_064510_v2,pre
NG15|B1953+29|58978.404975161|1224.050|5004,44.662759640708366,0.4154523348487428,0.028119315945237332,0.9614797537750391,0.0,-0.0009980622738268794,INT_05_GW200219_094415_v1,post
NG15|J1909-3744|55918.675614477|1818.120|12239,73.93468574574256,0.5008699789395148,0.15138360558691513,-0.08856201084468747,0.75,0.0005917080246498599,INT_01_GW150914_v4,pre
NG15|J0613-0200|56485.481430491|778.605|10162,22.714111966432682,0.6724018269723318,0.056118106656592386,-0.271798018104715,0.6,-0.003440009935849329,INT_01_GW150914_v4,pre
NG15|J1713+0747gbt|57201.255715686|1655.398|12370,65.91679835930093,0.38241988666911453,0.2224849228100848,-0.31679277286878454,0.7777777777777778,0.0014814944523674867,INT_01_GW150914_v4,pre
NG15|J1713+0747gbt|55072.872835482|1400.000|858,53.33243728506133,0.7070689642948628,0.08763322744494954,-0.7595931164501184,1.0,-0.0035300220406153187,INT_01_GW150914_v4,pre
NG15|J0030+0451|57502.620503355|1777.497|18658,71.9330471271205,0.22864952047879672,0.10145711014987686,0.21515397283696747,0.5,-0.0004269941477971019,INT_01_GW150914_v4,post
NG15|J1909-3744gbt|56352.530688396|1643.010|4226,65.30639786678462,0.7779130460259945,0.11379011023234759,0.286257105632828,0.3333333333333333,-0.0006403749589379624,INT_01_GW150914_v4,pre
NG15|J2010-1323|56068.407614434|791.114|13497,23.330474556107085,0.44255901721692686,0.07408036764592513,-1.0,1.0,0.003046169782795645,INT_01_GW150914_v4,pre
NG15|J2317+1439|57650.148448433|1512.158|5477,58.858857888842735,0.2708162260906338,0.18232722248847616,-0.740942989852967,0.8888888888888888,-0.0029201704386713216,INT_01_GW150914_v4,post
NG15|J1713+0747ao|57527.265386817|1412.662|5281,53.95633872486126,0.6989833994149536,0.27538970198975676,-0.520143066380785,0.625,-0.0011489704426990521,INT_01_GW150914_v4,post
NG15|J1713+0747|56945.767538747|1530.807|42605,59.777759954142766,0.8111527752145602,0.22386798578131384,-0.413927563117357,0.7777777777777778,0.0020897417508626017,INT_01_GW150914_v4,pre
NG15|J1744-1134|56709.477281734|769.215|15841,22.251433517552464,0.2182867083267468,0.13360801663803965,-1.0,1.0,0.005161458700391703,INT_01_GW150914_v4,pre
NG15|J1909-3744|58184.501984765|1417.751|13742,54.207091720212844,0.34027278878090456,0.15989657485434888,0.13548518433861317,0.4444444444444444,-0.0025990881630083467,INT_02_GW190503_185404_v2,pre
NG15|J1713+0747gbt|56999.870964410|1284.356|17074,47.63424915489051,0.15964953818211042,0.1487130973792777,-0.2024986342151422,0.7777777777777778,0.0042464381316620345,INT_01_GW150914_v4,pre
NG15|J1713+0747|57040.526179087|825.470|51021,25.023315960764034,0.283158711355053,0.1745790661612702,-0.3806612785446189,0.7777777777777778,0.0006742044340545688,INT_01_GW150914_v4,pre
NG15|J1600-3053|58365.850781922|850.481|13957,26.255696225401216,0.47283554285074914,0.08702793208074819,-0.0768440033825218,0.5,-0.0022975643958847614,INT_02_GW190503_185404_v2,pre
NG15|J1643-1224gbt|57613.992698337|1417.608|2296,54.20004560538965,0.6224864832989587,0.08330452071947138,-0.1975515428097671,0.6666666666666666,-0.0016233286282185133,INT_01_GW150914_v4,post
NG15|J2033+1734|57914.357410741|1637.359|2444,65.02795314744255,0.28097587841051697,0.08664358832011007,-1.0,1.0,0.013857165185816017,INT_01_GW150914_v4,post
NG15|J1909-3744|58369.981563358|1817.945|12036,73.92606287795192,0.4630643127883237,0.12410860001795691,-0.027463682251673727,0.5,-0.001915754909624196,INT_02_GW190503_185404_v2,pre
NG15|J0636+5128|57672.269905225|1158.946|9235,41.454855728472175,0.12203724403067352,0.10681980138603066,0.26025361867649716,0.7777777777777778,2.248206813325788e-05,INT_01_GW150914_v4,post
NG15|J0610-2100|58136.234213401|1805.444|2042,73.31009447651938,0.5959619838092065,0.15520056189179357,0.04854108492743548,0.5,0.004363713525700891,INT_02_GW190503_185404_v2,pre
NG15|J1600-3053|58212.293974942|1633.786|4736,64.85189882392295,0.6020899148331504,0.08697541042335206,-0.0047778765687056515,0.8888888888888888,-0.0017914210854418637,INT_02_GW190503_185404_v2,pre
NG15|J1643-1224|58713.063252725|2279.425|20987,96.66481160950072,0.28659592989120125,0.16248727928360218,0.31841550216081294,0.4444444444444444,-0.002827452632026853,INT_03_GW190728_064510_v2,post
NG15|J1909-3744|56333.694819005|766.079|27593,22.096911726744327,0.5805920843280864,0.10939027229012753,-0.6002123730066002,0.8,-0.004580374616549392,INT_01_GW150914_v4,pre
NG15|J2145-0750|58670.302931597|775.481|13857,22.560181457987333,0.5174950976011626,0.07093379417390269,0.9999999999999998,0.0,0.0029242046282108316,INT_03_GW190728_064510_v2,pre
NG15|J1614-2230|58267.229855353|1717.813|6477,68.99220574874278,0.33867608558570567,0.07660849682861598,0.7006719521056112,0.3333333333333333,-0.001385219334860335,INT_02_GW190503_185404_v2,pre
NG15|B1855+09|53457.464491800|1438.000|1832,55.204831433884365,0.42906462598413053,0.16155246129919018,1.0,0.0,-0.00690138110342816,INT_01_GW150914_v4,pre
NG15|B1937+21gbt|57734.870405294|862.958|14551,26.870482062108184,0.8404482096738342,0.09272618836830716,0.04971987707569069,0.5,-0.00483522366328034,INT_01_GW150914_v4,post
NG15|J1944+0907|55041.175266944|2322.000|5249,98.76263215913598,0.02570548919015255,0.1633745330514473,-0.4222843700525115,0.6666666666666666,-0.004774896999702846,INT_01_GW150914_v4,pre
NG15|J1741+1351|57666.885347335|431.562|124,5.614078214064473,0.3509115135351161,0.0695562301140623,0.745498721905554,0.6666666666666666,0.0017742545925062889,INT_01_GW150914_v4,post
NG15|J1012+5307|55617.242707739|873.125|20258,27.371446043978814,0.6344616519522077,0.1948893730767197,-0.21482476969869196,0.8888888888888888,-0.005525233355138536,INT_01_GW150914_v4,pre
NG15|J1713+0747ao|57024.630831202|1799.791|14036,73.03155121011683,0.43281549387301277,0.13839356893326205,-0.044894913098165116,0.6,-0.004802504060859731,INT_01_GW150914_v4,pre
NG15|J1640+2224|58482.591636725|1749.014|9052,70.52958916551717,0.43924237233340657,0.11473119341470357,0.07918937798813243,0.8,-0.002455577014940608,INT_02_GW190503_185404_v2,pre
NG15|J1741+1351|57686.831795447|430.000|378,5.5371129598417985,0.4158917785672545,0.0695562301140623,0.745498721905554,0.6666666666666666,0.0017742545925062889,INT_01_GW150914_v4,post
NG15|J2010-1323|56676.736858220|1767.936|4901,71.46194290457058,0.2887615438325478,0.09196828131008328,-0.5780490554670541,0.6666666666666666,0.00034181239171563317,INT_01_GW150914_v4,pre
NG15|J1909-3744|56682.669133751|1306.251|18456,48.71309309932421,0.3289777212343277,0.14034924046758854,-0.22995594973197947,0.7777777777777778,-0.002303369743964711,INT_01_GW150914_v4,pre
NG15|J0030+0451|53968.324602188|1438.000|3538,55.204831433884365,0.5920562706826005,0.12345292079464314,-0.6639396541953944,1.0,0.00407308522796745,INT_01_GW150914_v4,pre
NG15|J1713+0747gbt|58160.490806114|1830.367|16021,74.53813867049612,0.6205611036784003,0.14966377654426608,-0.1402029855396889,0.5555555555555556,0.004744072227644442,INT_02_GW190503_185404_v2,pre
NG15|J0931-1902|57439.045432341|757.500|4161,21.674194110882414,0.34716523300395913,0.11231500085598767,0.30670147838221945,0.6666666666666666,-0.002113845672208361,INT_01_GW150914_v4,post
NG15|J0023+0923|55989.753701257|1162.389|6380,41.6245044930616,0.3725307423313562,0.13541603912830058,0.4919028376245235,0.375,0.0014119798358184627,INT_01_GW150914_v4,pre
NG15|J0030+0451|56853.408496260|1749.968|10587,70.57659611335869,0.3760626884451725,0.12543369904394197,-0.3618671353917034,0.5555555555555556,-0.0033911182308398267,INT_01_GW150914_v4,pre
NG15|J1713+0747|57043.512156316|1866.757|30485,76.33120243564535,0.5134714331641956,0.1745790661612702,-0.3806612785446189,0.7777777777777778,0.0006742044340545688,INT_01_GW150914_v4,pre
NG15|J1713+0747|58161.491255101|895.000|48754,28.449304517807864,0.34202113628642805,0.19183986463659983,0.328676829141277,0.4444444444444444,0.0034296820998496835,INT_02_GW190503_185404_v2,pre
NG15|J2043+1711|57522.437706189|440.937|648,6.076017559991208,0.5836004288430504,0.096548475149039,0.9883159971804221,0.0,-0.0037191430846105315,INT_01_GW150914_v4,post
NG15|J1909-3744|58250.489346847|2568.386|33852,110.90294017892313,0.32918240712499913,0.1493472221021464,0.031210411489286362,0.4444444444444444,-0.0026614505614182497,INT_02_GW190503_185404_v2,pre
NG15|J1713+0747|58740.912240417|2095.922|19056,87.62297099130404,0.29294064940782294,0.25012298409359995,0.04861220329960531,0.8888888888888888,0.0025720068824471947,INT_03_GW190728_064510_v2,post
NG15|J0645+5158|55828.681330557|778.594|8861,22.71356995760013,0.6009419742812101,0.16019432668601213,-1.0,1.0,-0.053695615652122344,INT_01_GW150914_v4,pre
NG15|J0636+5128|57794.944058855|750.491|29362,21.328835937485028,0.4792141453550785,0.10204807385413203,-0.03061401724085834,0.6666666666666666,-0.0034521070585903937,INT_01_GW150914_v4,post
NG15|J2234+0944|56479.328959709|1287.366|1140,47.782562480889396,0.22828435593794463,0.028744153783970102,-0.4286459627724931,0.5,0.000879330546208969,INT_01_GW150914_v4,pre
NG15|J1744-1134|58267.386618192|1632.010|5363,64.76438903423059,0.26778618890184,0.15621436392358728,-0.13927066399984697,0.5,-0.006659942221864117,INT_02_GW190503_185404_v2,pre
NG15|J1600-3053gbt|56476.978216743|1218.530|3968,44.3907697538267,0.5104637638422902,0.054640949646934805,-0.03119917354975604,0.6666666666666666,0.001437994801467799,INT_01_GW150914_v4,pre
NG15|J1713+0747gbt|58411.896765437|1879.045|14997,76.93667557513844,0.6639668238317179,0.11759008931553121,-0.020694588002030504,0.4444444444444444,-0.00012419584155291106,INT_02_GW190503_185404_v2,pre
NG15|J0023+0923|57627.269063852|1662.575|13582,66.27043448577733,0.3238774739156964,0.1100871163297311,0.6228149770452637,0.6666666666666666,0.0012696527406680736,INT_01_GW150914_v4,post
NG15|J1640+2224|56537.905299169|1263.495|10745,46.6063540407169,0.7382031252086684,0.21803250233378021,-0.9999999999999999,1.0,-0.02561322372809922,INT_01_GW150914_v4,pre
NG15|J1012+5307|58046.592164933|1455.459|5302,56.06509799820809,0.6972835889670812,0.15541178438833714,-0.4352609253092324,1.0,-0.006818789722902875,INT_02_GW190503_185404_v2,pre
NG15|J0613-0200|57457.982060874|1241.236|1731,45.5095745312787,0.6376149285105183,0.05070345320284876,-0.778812602791015,0.5,-0.0034377260827293684,INT_01_GW150914_v4,post
NG15|J0645+5158|57105.001760634|775.440|7434,22.558161243247817,0.22660943181664542,0.13229404478315865,-0.7583326074631263,0.5,-0.0032113181911965633,INT_01_GW150914_v4,pre
NG15|J1747-4036|58578.485889597|1307.960|535,48.79730156249102,0.29679992560856594,0.026218365431243222,-0.4974169605513658,0.5,-0.0012926532826154824,INT_02_GW190503_185404_v2,pre
NG15|J1713+0747|54429.618928450|1420.000|21702,54.31790788970503,0.7357198422188568,0.11538526445740817,1.0,0.0,0.006470284435383352,INT_01_GW150914_v4,pre
NG15|J1022+1001|57748.338462054|2212.284|2990,93.35653751618156,0.6539807137195844,0.20793347477671362,-0.4412301615511296,0.75,-0.00046889417122995304,INT_01_GW150914_v4,post
NG15|J2010-1323|56606.966733481|1678.620|6120,67.06102827835274,0.37865456476739573,0.10424263469046234,-0.2933633794167195,0.75,0.0019337924737673072,INT_01_GW150914_v4,pre
NG15|J1453+1902|56977.624520071|1362.309|1874,51.47526865708004,0.27925892149258313,0.09348989427263475,0.029320946921834207,0.5,0.003394209964888426,INT_01_GW150914_v4,pre
NG15|J1640+2224|54629.153930327|1434.000|4062,55.00773731295562,0.7421102273615239,0.16116620151667188,-0.6898731759631157,0.6666666666666666,-0.003637355931139253,INT_01_GW150914_v4,pre
NG15|J2145-0750|58880.728552103|775.488|11244,22.560526372698963,0.6950915023743319,0.1591065622921296,0.05447784346753146,0.6666666666666666,-0.0006510114111689178,INT_05_GW200219_094415_v1,pre
NG15|J1012+5307|58459.164609584|1367.317|9017,51.72203049648282,0.24123873314791683,0.1422022564007455,0.5392266166914415,0.3333333333333333,-0.005690927743832519,INT_02_GW190503_185404_v2,pre
NG15|J1744-1134|56550.933038014|728.576|16749,20.249006522446695,0.37197084688344645,0.14155845882913537,-0.2193021619090663,0.75,-0.00454044947740488,INT_01_GW150914_v4,pre
NG15|J1600-3053gbt|58786.680992086|1680.452|9569,67.1512973857381,0.6752123968215729,0.08888274527079948,0.45368017729663956,0.2857142857142857,0.0033803078875421525,INT_04_GW191126_115259_v1,pre
NG15|J1713+0747|58278.207549955|1805.127|24036,73.29447476743577,0.47913389948206503,0.14799693941558167,-0.04707373545727746,0.5555555555555556,-0.004254192364307509,INT_02_GW190503_185404_v2,pre
NG15|J2229+2643|57865.543637923|430.000|954,5.5371129598417985,0.506777307148359,0.10423693166409706,-0.0657781412178899,0.6666666666666666,-0.0014566214134597642,INT_01_GW150914_v4,post
NG15|J0030+0451|57852.679640126|1674.767|4138,66.87117736636813,0.32605401383247873,0.1436658449171949,-0.00382045011904918,0.5555555555555556,-0.0024124275958271424,INT_01_GW150914_v4,post
NG15|J1600-3053|55275.309524779|1878.976|5376,76.9332757015524,0.503994303104359,0.09032226459799396,-0.9988755621354145,1.0,-4.670023767871349e-05,INT_01_GW150914_v4,pre
NG15|J1600-3053gbt|56477.083894347|1192.314|4251,43.09901488525974,0.5572521216149328,0.054640949646934805,-0.03119917354975604,0.6666666666666666,0.001437994801467799,INT_01_GW150914_v4,pre
NG15|J1853+1303|57668.925012940|1674.847|4402,66.8751192487867,0.2985570451455897,0.13965843314493512,-0.07989674315954831,0.7142857142857143,-0.0019136008162792273,INT_01_GW150914_v4,post
NG15|J0023+0923|57565.432799784|1473.989|10051,56.978136513410476,0.11404738721801322,0.11613796703204066,0.6195327707954342,0.75,0.0017192167960772915,INT_01_GW150914_v4,post
NG15|J1600-3053gbt|56094.181723523|801.120|16629,23.823505499610327,0.45159543959430043,0.07942448704140684,0.2448344877058715,0.4,0.002285216789027256,INT_01_GW150914_v4,pre
NG15|J1909-3744|55390.187902589|1240.422|11902,45.4694658776697,0.4134924998968992,0.15220810521400466,-0.5111015862760214,0.75,-0.004271147746267223,INT_01_GW150914_v4,pre
NG15|J1012+5307|56000.123027634|1442.357|6491,55.419516205106,0.4824201955678501,0.07020232539346714,0.026197821262755033,0.5,0.001869911954949615,INT_01_GW150914_v4,pre
NG15|J1741+1351|58661.126838092|1637.695|2733,65.04450905360056,0.6365684044651939,0.07294784621382251,-0.47441932367423156,0.5,0.0026465912671253043,INT_03_GW190728_064510_v2,pre
NG15|J1713+0747|56849.138582625|1505.469|41751,58.52926724511966,0.7291728142799438,0.22668900158387714,-0.2800425452739968,0.6666666666666666,0.0033358921305323133,INT_01_GW150914_v4,pre
NG15|J0636+5128|58265.891368385|781.707|27026,22.866958457212917,0.4059556905683,0.10050045709434084,0.04341840532485872,0.6666666666666666,-0.0018546525693982658,INT_02_GW190503_185404_v2,pre
NG15|J1012+5307|58365.410827682|781.713|23111,22.86725409839431,0.6402328665768198,0.12733674998861358,-0.06862499713609804,0.6,-0.0026816260244579924,INT_02_GW190503_185404_v2,pre
NG15|J1909-3744|57622.140263043|1865.007|15027,76.24497375773902,0.2928113055017892,0.16056062321761413,-0.4549803845135721,0.7777777777777778,-0.0010605826546187438,INT_01_GW150914_v4,post
NG15|J1705-1903|58038.961261884|872.318|9654,27.331682305081436,0.28891179036643005,0.05224546718791721,-0.1646901597291325,0.7777777777777778,0.0006082082235923505,INT_02_GW190503_185404_v2,pre
NG15|J1713+0747|58538.596865236|1537.500|37631,60.10754769198678,0.3829849074442365,0.17520273821173446,-0.05845668064381405,0.5555555555555556,0.0036838973567332447,INT_02_GW190503_185404_v2,pre
NG15|J0645+5158|57914.046581053|1633.887|1599,64.85687545047641,0.21792567589267478,0.10258186870017952,0.8298695746716181,0.0,-0.00559867910331309,INT_01_GW150914_v4,post
NG15|J1713+0747ao|57233.089464053|2075.194|15906,86.60162925665131,0.3427188132561938,0.14700533708712896,-0.15446071446732149,0.6666666666666666,-0.003908019008128739,INT_01_GW150914_v4,pre
NG15|J2145-0750|58727.097025180|1692.417|5343,67.7408551749662,0.6081573695123786,0.07093379417390269,0.9999999999999998,0.0,0.0029242046282108316,INT_03_GW190728_064510_v2,post
NG15|J1713+0747ao|58803.759439044|1250.427|9585,45.962447547642704,0.6352765603910872,0.2534104192691103,-0.3742363300566371,1.0,-0.005059120822725578,INT_04_GW191126_115259_v1,pre
NG15|J1453+1902|59055.984170584|1286.689|1660,47.74920430092221,0.22645737840705107,0.09348989427263475,0.029320946921834207,0.5,0.003394209964888426,INT_05_GW200219_094415_v1,post
NG15|J1022+1001|57606.778735198|1849.977|3751,75.50439259834928,0.4097660188921697,0.11821804587574425,1.0,0.0,0.009410560561703547,INT_01_GW150914_v4,post
NG15|B1937+21ao|58999.298850950|1499.047|2962,58.21283263396857,0.6702904150488672,0.25509395603157703,0.035649438124552804,0.3333333333333333,0.010596297391772926,INT_05_GW200219_094415_v1,post
NG15|J1713+0747gbt|57193.984103613|1381.003|3942,52.396388031240505,0.44133558477112245,0.2224849228100848,-0.31679277286878454,0.7777777777777778,0.0014814944523674867,INT_01_GW150914_v4,pre
NG15|J1600-3053gbt|55641.352593301|800.475|14987,23.791724072610567,0.40441922417828746,0.08321851811374416,-0.1407507141005192,0.5,0.0028826926472518277,INT_01_GW150914_v4,pre
NG15|J0340+4130|58271.836677368|1392.705|2113,52.97298688201754,0.2582259513331375,0.03688616554654743,0.46120810090248593,0.42857142857142855,0.0003912605244613938,INT_02_GW190503_185404_v2,pre
NG15|J1643-1224|58069.735898639|1805.478|3459,73.31176977654728,0.5633159021710415,0.041458487271968145,-0.11471824771813618,0.75,-0.0014927375153107512,INT_02_GW190503_185404_v2,pre
NG15|J1909-3744|58788.805081235|803.452|23030,23.938411372111783,0.8494450342524189,0.18187184540701906,-0.06832403076462724,0.5555555555555556,-0.0016120296670614279,INT_04_GW191126_115259_v1,pre
NG15|J1744-1134|55031.015134635|1412.000|290,53.92371964784755,0.6036219248023594,0.14059084512423012,0.053089060937686415,0.7777777777777778,0.0019447434770615492,INT_01_GW150914_v4,pre
NG15|J0437-4715|57249.569931466|1864.054|1797,76.19801608342776,0.0029031671831220517,0.2719960960067322,-0.4904012937019226,0.5,-0.013451231851679318,INT_01_GW150914_v4,pre
NG15|J0709+0458|57688.394073680|1512.195|2220,58.86068100946133,0.3769040595607029,0.0546225129651984,-1.0,1.0,0.007171746379156568,INT_01_GW150914_v4,post
NG15|B1937+21gbt|58160.644826751|1430.517|1130,54.83611760715692,0.7916325470433999,0.10076723946726482,-0.20500686880680732,0.7142857142857143,-0.0026325042442166442,INT_02_GW190503_185404_v2,pre
NG15|J1713+0747|58636.140049812|1200.000|36955,43.477731238624315,0.4353533788451594,0.13567583858131474,-0.16144464057121297,0.8888888888888888,0.0006008138626462006,INT_02_GW190503_185404_v2,post
NG15|J0030+0451|58790.089063504|426.875|2636,5.38313317786622,0.5838740695168814,0.07390985863915378,-0.051782498535611246,0.5555555555555556,-0.0021706897569086637,INT_04_GW191126_115259_v1,pre
NG15|J1918-0642|56471.201913440|809.845|18069,24.253417050886142,0.3312419646568599,0.08936749052125917,-0.25064264580522827,0.625,0.0010266398313590048,INT_01_GW150914_v4,pre
NG15|B1937+21|58893.602364915|1638.421|948,65.08028163654913,0.46987920836759306,0.12739616350827204,-0.16153660110040566,0.8,-0.0023652909431235553,INT_05_GW200219_094415_v1,pre
NG15|J1744-1134|55919.565980700|884.833|16923,27.948340535937234,0.17463426641201737,0.23382445816551142,-1.0,1.0,0.00869257919068465,INT_01_GW150914_v4,pre
NG15|J0740+6620|58265.935385461|1767.701|7090,71.45036362496602,0.3061305024028892,0.10276173040700258,-0.7634748526331716,1.0,0.0012582991824723175,INT_02_GW190503_185404_v2,pre
NG15|J1713+0747ao|58542.441943126|1565.370|9163,61.48080097955777,0.6860268329524921,0.25003728903572064,-0.04531544814755983,0.5555555555555556,0.004679916630955219,INT_02_GW190503_185404_v2,pre
NG15|J2214+3000|56057.455861623|1425.135|38,54.5709274674473,0.44210442450785103,0.09569927310138127,0.9999999999999998,0.0,-3.762168614967599e-05,INT_01_GW150914_v4,pre
NG15|J1909-3744|57679.893354228|1792.857|2538,72.68988855148687,0.4935433102288281,0.157189400109272,-0.4938697586118755,0.6666666666666666,-0.00048529375756827805,INT_01_GW150914_v4,post
NG15|J1600-3053gbt|56391.279687993|1717.995|2703,69.00117353124502,0.6147235370852702,0.0501244158021573,0.10567620230810705,0.7142857142857143,0.0021650836999562687,INT_01_GW150914_v4,pre
NG15|J1643-1224gbt|55365.056952998|1592.866|1156,62.83562596682194,0.5772713360597134,0.03567237321726786,0.9804283735967105,0.0,-0.0017840152653899666,INT_01_GW150914_v4,pre
NG15|J2145-0750|56586.045573245|860.101|13507,26.729707586234834,0.7662540200486554,0.13827677750135867,0.4559870778859101,0.3333333333333333,-0.005677974708162979,INT_01_GW150914_v4,pre
NG15|J1802-2124|57682.924933272|869.244|5719,27.180215473147705,0.2952726685546025,0.026692528964797863,-1.0,1.0,0.0009646018809520143,INT_01_GW150914_v4,post
NG15|J1640+2224|58754.867177560|1224.153|4577,44.66783481432228,0.5890380716406577,0.0711702709595774,0.002453054240117519,0.25,0.001775854162821501,INT_04_GW191126_115259_v1,pre
NG15|J1643-1224gbt|58138.539410625|831.738|16507,25.33216244825937,0.5646779293231485,0.07866681261551742,0.03886587242526437,0.7777777777777778,-0.0032811566095041463,INT_02_GW190503_185404_v2,pre
NG15|B1937+21gbt|53890.152000433|836.000|8676,25.542166234108944,0.8442367308945202,0.2802585782694984,0.5161275468149347,0.4444444444444444,-0.006178844613562184,INT_01_GW150914_v4,pre
NG15|J0340+4130|56346.956267874|903.606|7555,28.87335251898605,0.3215520218595252,0.055714513570573304,-0.8834857580677783,0.6666666666666666,0.0020334584163347624,INT_01_GW150914_v4,pre
NG15|J1643-1224|56138.043628062|1242.990|6906,45.596000303305956,0.6636439819305607,0.02840466192834962,0.28105739318054357,0.625,0.0007038377429724737,INT_01_GW150914_v4,pre
NG15|J1832-0836|57977.246592175|1166.663|3168,41.83509956127396,0.31866104903234876,0.02653147929902976,-0.37651731368504193,0.5,0.0007443142937422094,INT_02_GW190503_185404_v2,pre
NG15|J1909-3744|56138.196694598|1717.994|4424,69.00112425771479,0.6831967940533832,0.14125945267241474,-0.38332751571561585,0.6,1.2120019880235881e-05,INT_01_GW150914_v4,pre
NG15|J1909-3744|57808.603136520|3048.059|32027,134.53812224598607,0.4878790635213626,0.1606407940235681,-0.03600917999003591,0.6666666666666666,-0.0031277696234604697,INT_01_GW150914_v4,post
NG15|J2317+1439|56339.759136946|1349.257|10836,50.832150540489565,0.45685636916343497,0.1491983132155498,0.3040122029492566,0.6,-0.003300548825888188,INT_01_GW150914_v4,pre
NG15|J1918-0642|56428.368627582|1830.551|6656,74.54720500005885,0.4991926702006273,0.09680657756152432,-0.25638342806443304,0.6666666666666666,0.0006787234659905872,INT_01_GW150914_v4,pre
NG15|J1843-1113|58827.887801755|1667.909|318,66.53325949603581,0.426062324315905,0.08241571992850993,-1.0,1.0,0.002672255908336079,INT_04_GW191126_115259_v1,post
NG15|J1918-0642|55094.863058202|1384.000|527,52.54406080134637,0.28581853528666745,0.03374745750459656,-1.0,1.0,-0.0018224680802417185,INT_01_GW150914_v4,pre
NG15|J1600-3053|58758.761802266|1355.499|5554,51.13971591619887,0.5827170661851288,0.14522657698451552,0.14361184647245848,0.5,-0.003646402926526491,INT_04_GW191126_115259_v1,pre
NG15|J1747-4036|56522.076634015|880.937|5424,27.756370862152643,0.2548923192133327,0.06896520711168906,0.24159476301343766,0.42857142857142855,-0.00010150414382245072,INT_01_GW150914_v4,pre
NG15|J1909-3744|58680.249457717|3464.010|34535,155.0334964195937,0.4611897953118865,0.16550355172771197,0.3734655616715842,0.5555555555555556,-0.0010349543301051126,INT_03_GW190728_064510_v2,pre
NG15|J1713+0747gbt|58489.579845801|1667.966|4798,66.53606808725903,0.6215890516545697,0.13810527586305985,0.4237944405415347,0.4444444444444444,-0.00020913241795186897,INT_02_GW190503_185404_v2,pre
NG15|B1855+09|56023.425941794|425.312|1206,5.306118650113316,0.40163950652154506,0.11648827474738943,0.1408345956735631,0.7777777777777778,0.0012592682131739254,INT_01_GW150914_v4,pre
NG15|J1909-3744gbt|57102.582808275|906.703|30020,29.025952642115122,0.6293412424239109,0.09529728169655462,-0.3145748451962582,0.625,-0.0018191387437848266,INT_01_GW150914_v4,pre
NG15|J1843-1113|58059.908420221|1817.927|1568,73.92517595440773,0.3082678965413073,0.07853609495245684,-0.5343284210208336,0.6666666666666666,-0.0003984875338675769,INT_02_GW190503_185404_v2,pre
NG15|J2145-0750|57439.619942878|772.343|14676,22.405561120118733,0.436607696215987,0.16812339399524898,0.14232071171733093,0.4,0.0007849922416244407,INT_01_GW150914_v4,post
NG15|J1744-1134|55492.739663264|1192.699|8184,43.11798519439913,0.6393085344067813,0.1279357367845173,0.23194079807631215,0.6,0.003207275001498628,INT_01_GW150914_v4,pre
NG15|J2145-0750|57285.066521539|1270.052|1881,46.92944057844934,0.39999136958858184,0.03628847280307292,-1.0,1.0,-0.002183745250158646,INT_01_GW150914_v4,post
NG15|J1744-1134|57948.161498214|1866.646|8347,76.32573307378956,0.27944114135938986,0.201458057438073,-0.7668854569934448,0.75,0.004466104544508908,INT_02_GW190503_185404_v2,pre
NG15|J1744-1134|57367.845148862|1613.202|1628,63.83765247762365,0.41071849549876405,0.09925637226914771,-0.6268699360634016,0.6666666666666666,-0.0015753230345756871,INT_01_GW150914_v4,post
NG15|J1909-3744|57040.756462054|840.312|29057,25.754633696470126,0.5616197138772859,0.09312520549994788,-0.32071312775335287,1.0,0.00047729202623716195,INT_01_GW150914_v4,pre
NG15|J1903+0327ao|56991.808697130|1711.859|150,68.69883114974034,0.4831283720715571,0.09470307149018146,0.26339275492551634,0.3333333333333333,0.0005709235218861396,INT_01_GW150914_v4,pre
NG15|J1713+0747|55430.827949083|853.613|52052,26.41002092208842,0.6028725374000415,0.0786007047054714,0.33636458191424656,0.8,0.0010742071133255265,INT_01_GW150914_v4,pre
NG15|J1909-3744|55731.224825301|1543.750|9133,60.41550725593794,0.34581240922263157,0.1616616607574662,0.06085010912223343,0.5,0.0017353036023967496,INT_01_GW150914_v4,pre
NG15|J2214+3000|57376.875653201|1686.680|915,67.45817293202415,0.4059658770461806,0.08927032807561616,1.0,0.0,0.005514593526765782,INT_01_GW150914_v4,post
NG15|J1713+0747ao|58707.018995911|2086.634|18411,87.1653184425075,0.8291439388956227,0.3122271679048858,-0.4020556462871955,0.7777777777777778,0.0015083368621182237,INT_03_GW190728_064510_v2,post
NG15|J1455-3330|56450.043954388|740.311|6953,20.827231399721388,0.5094571995336675,0.1252511683860742,-1.0,1.0,-0.002854431927400498,INT_01_GW150914_v4,pre
NG15|J1713+0747ao|56277.665962338|1811.346|18057,73.60090685194974,0.767266037915316,0.2562520824905505,-0.6069961690944908,1.0,0.004328235088125339,INT_01_GW150914_v4,pre
NG15|J1713+0747gbt|57677.890237031|1606.908|11977,63.52752487834228,0.6866290849309382,0.06887337565935858,0.09126013852236714,0.8,0.002516885233011475,INT_01_GW150914_v4,post
NG15|J1713+0747gbt|57841.473357813|1805.396|3658,73.30772934706823,0.5068108962436506,0.11018002973330562,-0.4101352749301355,0.75,0.0013785409802454282,INT_01_GW150914_v4,post
NG15|J2234+0611|57384.830130270|1699.767|2085,68.10301562217276,0.5359023873312437,0.07328921782920414,-0.4123829855954969,0.75,0.0005498661804449209,INT_01_GW150914_v4,post
NG15|J1713+0747|57311.841484345|1499.721|12177,58.24604299334506,0.5305788849530608,0.21216686338569538,-0.1210768596080073,0.6666666666666666,0.006110768809309142,INT_01_GW150914_v4,post
NG15|J2234+0944|57069.718733892|1462.579|4197,56.41592553346124,0.7510170864909079,0.20950775122978094,-0.5204063420430227,1.0,-0.00590534305557366,INT_01_GW150914_v4,pre
NG15|J1600-3053|55864.695133499|791.078|15810,23.328700709018722,0.46303166948293567,0.061802284649781394,0.045357340603920764,0.6,0.004147409752619577,INT_01_GW150914_v4,pre
NG15|J0509+0856|59026.653234188|1449.915|1087,55.791925546600844,0.2238269814856236,0.09176775430692939,-0.5863607466486781,0.6666666666666666,-0.0036713155548778968,INT_05_GW200219_094415_v1,post
NG15|J2317+1439|58840.880418311|1610.622|9507,63.71052676962462,0.6191368669716975,0.14542912861730248,-0.47747003170141344,0.6,-0.0009960630145229013,INT_04_GW191126_115259_v1,post
NG15|J0740+6620|56706.366657735|1392.947|1938,52.984911076333724,0.5844904812975243,0.19920344385305006,-0.9999999999999999,1.0,0.03732954771027591,INT_01_GW150914_v4,pre
NG15|J1012+5307|54855.364259146|1384.000|739,52.54406080134637,0.4245537534019708,0.1740783659035947,0.23335022835040076,0.4444444444444444,-0.004777338646172858,INT_01_GW150914_v4,pre
NG15|J1713+0747|59071.004688916|2263.224|20997,95.86653114620907,0.764230627516883,0.16703642581119285,0.36847386295365214,0.5,-0.001050405911161464,INT_05_GW200219_094415_v1,post
NG15|J1024-0719|56677.187649208|862.957|10391,26.870432788577954,0.6341911677539658,0.1603756485333657,0.08649745197763081,0.6,-0.004045560196559892,INT_01_GW150914_v4,pre
NG15|J1600-3053gbt|57614.968229979|812.186|16318,24.36876638515969,0.43377125987654613,0.05954637323211752,0.20265514428236336,0.8333333333333334,0.0016438117643225365,INT_01_GW150914_v4,post
NG15|J1455-3330|58881.419246464|1594.478|5074,62.915054897556224,0.4570758445113916,0.061643096685567327,1.0,0.0,0.006290114999080697,INT_05_GW200219_094415_v1,pre
NG15|J1744-1134|57248.103522596|1492.966|7240,57.91320029662664,0.5593640190846912,0.057627917810520846,0.17219771546788876,0.6,-0.001805455406599757,INT_01_GW150914_v4,pre
NG15|J1741+1351|56403.341788140|423.750|332,5.229153395890642,0.7682792095395609,0.14952371393138708,-0.6081762155014532,0.5,-0.004964532705636363,INT_01_GW150914_v4,pre
NG15|J0613-0200|56893.507831997|872.321|13894,27.331830125672138,0.5284812043241547,0.08239912482806852,-1.0,1.0,-0.003219287017704002,INT_01_GW150914_v4,pre
NG15|J1745+1017|57768.585996455|1274.573|166,47.15220620862905,0.46819401696020424,0.11771990157455761,-1.0,1.0,-0.0052890862831102585,INT_01_GW150914_v4,post
NG15|J1832-0836|56792.362852693|728.573|5702,20.248858701855994,0.2776030204083594,0.04187245558167316,-0.4913024710748472,0.5,0.0028245019651251925,INT_01_GW150914_v4,pre
NG15|B1937+21ao|58818.788372584|2074.715|6439,86.57802723567009,0.5346931828497606,0.18543234935262262,-0.9998997008441054,1.0,0.01083975445397378,INT_04_GW191126_115259_v1,post
NG15|J1600-3053gbt|57977.941061338|1368.041|7195,51.75770453237092,0.6592434066755912,0.08464146314980146,0.21044678353568444,0.5,0.0059676931280924685,INT_02_GW190503_185404_v2,pre
NG15|J1453+1902|57586.940411330|1474.226|1914,56.989814340075505,0.4006832669795621,0.09348989427263475,0.029320946921834207,0.5,0.003394209964888426,INT_01_GW150914_v4,post
NG15|J1745+1017|58578.371851822|1662.551|451,66.26925192105175,0.6165745621325825,0.19098150705407,-0.41794072782692027,0.7777777777777778,-0.00945951378089336,INT_02_GW190503_185404_v2,pre
NG15|J0636+5128|56849.693093694|1192.945|2019,43.13010648283624,0.13372761825777518,0.08368721762847744,-0.2818249929892404,0.6666666666666666,-0.0011048086298028144,INT_01_GW150914_v4,pre
NG15|J0636+5128|58541.916103075|1680.428|1524,67.15011482101254,0.2311708959535927,0.06588990956884183,-0.3786339465618296,0.7777777777777778,-0.0002894108720784789,INT_02_GW190503_185404_v2,pre
NG15|J1944+0907|56933.996526981|1337.774|4213,50.266342592833375,0.45538845436719894,0.027211088623791936,1.0,0.0,-0.00038135988556590533,INT_01_GW150914_v4,pre
NG15|J0645+5158|56252.308008138|1606.581|5469,63.51141243395635,0.4519500092625189,0.09554863088599527,-0.7085485508654124,0.7142857142857143,-0.0003510077804271622,INT_01_GW150914_v4,pre
NG15|J1730-2304|58137.720110539|1268.782|2335,46.866863195054464,0.1878440700677849,0.18519693840959742,0.00889540764699107,1.0,-0.017763395354909263,INT_02_GW190503_185404_v2,pre
NG15|J0636+5128|58265.881407630|809.833|26768,24.25282576852335,0.44937652393411553,0.10050045709434084,0.04341840532485872,0.6666666666666666,-0.0018546525693982658,INT_02_GW190503_185404_v2,pre
NG15|J1713+0747gbt|57977.979451829|1542.390|18262,60.34849525482217,0.6717586117528518,0.15813651950993823,-0.0372860111412699,0.75,0.000873678364948535,INT_02_GW190503_185404_v2,pre
NG15|J1903+0327|58755.962258151|1163.111|3226,41.66007998188924,0.2512001335738367,0.03597431632929763,0.2167665565995999,0.5,-0.0006972545116649419,INT_04_GW191126_115259_v1,pre
NG15|J1738+0333|58755.911544700|1162.718|4339,41.64071548450799,0.34842459791032715,0.1232219837410082,-0.17616215056553283,0.5714285714285714,0.0011017176708454598,INT_04_GW191126_115259_v1,pre
NG15|J1909-3744|58808.907575547|2248.198|34611,95.12614708094024,0.6093486620953273,0.16893306665518262,0.08570630615684753,0.5555555555555556,-0.0016429736470316295,INT_04_GW191126_115259_v1,pre
NG15|B1937+21|56066.312158292|1530.747|10657,59.77480354232884,0.6955503911926518,0.09117327951627542,0.5874901829811606,0.5,-0.003710123618163126,INT_01_GW150914_v4,pre
NG15|J1713+0747gbt|57298.018897283|1655.425|21971,65.9181287446172,0.6387521259383849,0.16371183873380055,-0.42474180046886567,0.8888888888888888,-0.0001295497003500794,INT_01_GW150914_v4,post
NG15|J1643-1224|55390.002102890|1180.389|7071,42.511428037240925,0.6128217861697695,0.0737402102106719,0.34697490110939333,0.6666666666666666,-0.0035886479463547137,INT_01_GW150914_v4,pre
NG15|J0030+0451|55954.871858516|1394.000|4128,53.036796103668216,0.49994383357450806,0.12484064271193794,-0.5019549862446513,0.6666666666666666,-0.0037733010968201246,INT_01_GW150914_v4,pre
NG15|J1614-2230|55918.527048374|1866.746|7008,76.3306604268128,0.20812868650205504,0.09697324163674725,-0.6426435001784343,0.5,-0.0040410737508598275,INT_01_GW150914_v4,pre
NG15|J1747-4036|58220.484972664|1330.165|1765,49.89142030129668,0.31542191674627257,0.016990215366624716,0.26218506528459906,0.5,0.0004971647068320639,INT_02_GW190503_185404_v2,pre
NG15|J1744-1134|58461.707911291|834.859|14922,25.485945136114022,0.5032443511886561,0.12062237540290728,1.0,0.0,-0.0043268990517960045,INT_02_GW190503_185404_v2,pre
NG15|J1643-1224|57398.651363162|756.737|12513,21.636598407315255,0.627137469394616,0.003084147778453375,-0.9999999999999998,1.0,0.0114549138573891,INT_01_GW150914_v4,post
NG15|J0636+5128|58788.260563429|750.457|27499,21.327160637457133,0.1794384570298628,0.04732249511005737,0.4287168360842674,0.8888888888888888,-0.001774242104386853,INT_04_GW191126_115259_v1,pre
NG15|J1640+2224|57502.259472993|1662.561|8033,66.26974465635408,0.5950453779672482,0.15251755603222047,-0.34154710711616165,0.6666666666666666,-0.004177883380966371,INT_01_GW150914_v4,post
NG15|J0740+6620|58543.691146373|1505.468|8242,58.52921797158943,0.4096029349834477,0.1121929214053594,0.016374410697731562,0.5555555555555556,-0.001373361213230259,INT_02_GW190503_185404_v2,pre
NG15|J0023+0923|59030.437867751|423.750|362,5.229153395890642,0.2974642369571928,0.04152552475812568,-0.9871450757443634,1.0,-0.0006853791744395727,INT_05_GW200219_094415_v1,post
NG15|J0023+0923|58728.256041926|1324.075|8702,49.59134450218268,0.254156785323971,0.07046545146711902,0.33840226867326617,0.6666666666666666,-0.0018620545424904177,INT_03_GW190728_064510_v2,post
NG15|B1953+29|56627.859973174|1276.815|4569,47.26267746340962,0.4018114540033398,0.10432799124822995,-0.22270171671187297,0.7777777777777778,-0.004619506601513553,INT_01_GW150914_v4,pre
NG15|J0636+5128|58238.929848643|791.073|31814,23.328454341367564,0.20147025825054268,0.11371578916921479,-0.056940397710643936,0.5555555555555556,-0.0036889625434269723,INT_02_GW190503_185404_v2,pre
NG15|B1937+21gbt|53771.421163877|1424.000|318,54.51500201063377,0.8133422718694473,0.2802585782694984,0.5161275468149347,0.4444444444444444,-0.006178844613562184,INT_01_GW150914_v4,pre
NG15|J1909-3744|58184.601864705|879.375|25060,27.679405607929972,0.536647049520515,0.15989657485434888,0.13548518433861317,0.4444444444444444,-0.0025990881630083467,INT_02_GW190503_185404_v2,pre
NG15|J1909-3744|57346.901596015|1780.381|19302,72.07515198831013,0.4146835209225284,0.08665472995386574,-0.2106721145721964,0.6,0.002833507991118988,INT_01_GW150914_v4,post
NG15|J0613-0200|53858.066234204|1392.000|854,52.93824904320385,0.28495389750055883,0.020806238423397724,1.0,0.0,0.030859080726098633,INT_01_GW150914_v4,pre
NG15|B1937+21gbt|56550.959849877|793.436|15070,23.44488769330622,0.8225851218394249,0.298298699440173,-0.326179458397653,1.0,-0.009354360401421593,INT_01_GW150914_v4,pre
NG15|J2145-0750|53355.993606809|1412.000|32,53.92371964784755,0.6900230634794399,0.1622620825004994,-0.6729162138687537,0.8888888888888888,-0.0009948874647007597,INT_01_GW150914_v4,pre
NG15|J1747-4036|56584.867656113|1667.946|4882,66.53508261665439,0.2889580056151145,0.0869004678590397,0.29185003669805554,0.2857142857142857,-0.0006204256940544475,INT_01_GW150914_v4,pre
NG15|J2317+1439|57608.279884154|440.937|3485,6.076017559991208,0.5898341192284502,0.18232722248847616,-0.740942989852967,0.8888888888888888,-0.0029201704386713216,INT_01_GW150914_v4,post
NG15|J1713+0747|58138.553306960|909.875|48640,29.182248280011617,0.2686812581838752,0.19080527998338848,0.31324050615198334,0.4444444444444444,0.004168207478466643,INT_02_GW190503_185404_v2,pre
NG15|J2145-0750|57985.182041354|1679.992|7787,67.1286315618313,0.6173039843357091,0.06873433157774896,-0.4513735966112982,0.5714285714285714,-0.00274053754186444,INT_02_GW190503_185404_v2,pre
NG15|J0636+5128|57645.441264665|1318.001|6107,49.292057079552386,0.17701037360833075,0.10701302309546033,0.284635962393569,0.7777777777777778,-0.0005873260121802766,INT_01_GW150914_v4,post
NG15|J2234+0944|57768.854320899|1338.562|604,50.305170134656336,0.3914455529599761,0.0027315058197866274,0.9999999999999999,0.0,-0.0001110027605250595,INT_01_GW150914_v4,post
NG15|J1923+2515|57823.496252492|1486.693|2212,57.604107441480146,0.5488682963839691,0.10986672016239923,-1.0,1.0,0.004528104799750829,INT_01_GW150914_v4,post
NG15|J2317+1439|56326.747424183|1274.791|8726,47.16294783821966,0.14834398543936134,0.1491983132155498,0.3040122029492566,0.6,-0.003300548825888188,INT_01_GW150914_v4,pre
NG15|J1643-1224gbt|58699.950507123|866.101|11000,27.025348767627943,0.5172504654316423,0.057436911537486895,-0.4262560611496458,0.5,-0.020189465805186314,INT_03_GW190728_064510_v2,post
NG15|J1713+0747|57622.988947638|1301.115|8568,48.46002424805171,0.6671079214332372,0.12878713872397374,0.017395237215582306,0.6666666666666666,0.0028442733892059227,INT_01_GW150914_v4,post
NG15|J1600-3053|57822.387760156|2824.022|20638,123.49902835335799,0.41958306711373744,0.14356974285476465,0.28004061319217516,0.6666666666666666,-0.0020787662558605343,INT_01_GW150914_v4,post
NG15|J2302+4442|56368.924097071|769.224|7467,22.251876979324553,0.22633877640016448,0.035441344241302665,0.38672520833564017,1.0,0.0003743300566335837,INT_01_GW150914_v4,pre
NG15|J1909-3744gbt|56333.694819009|900.462|27565,28.718436539936057,0.7004457262907733,0.11932401119214059,0.2912769266851994,0.375,-0.000705590580102834,INT_01_GW150914_v4,pre
NG15|J1640+2224|53851.279730345|1386.000|3772,52.64260786181074,0.39391168374731006,0.16116620151667188,-0.6898731759631157,0.6666666666666666,-0.003637355931139253,INT_01_GW150914_v4,pre
NG15|J0636+5128|58880.969641805|1442.902|6218,55.44637027908254,0.13956771263255083,0.0440399580718461,0.10556421569858708,0.6666666666666666,-0.001974239747228085,INT_05_GW200219_094415_v1,pre
NG15|J1909-3744|57496.381837015|891.053|31334,28.254821893981426,0.3135851179994298,0.13035523864767043,-0.68839721698474,0.8888888888888888,0.0025493369314006638,INT_01_GW150914_v4,post
NG15|J1012+5307|54218.108110546|1392.000|885,52.93824904320385,0.4789898924395396,0.05191896779774064,-1.0,1.0,-0.04258978845662868,INT_01_GW150914_v4,pre
NG15|J1911+1347|57894.346591684|434.686|311,5.768008722509817,0.27381018381068967,0.11992836613671036,-1.0,1.0,0.006103124563396791,INT_01_GW150914_v4,post
NG15|J1944+0907|57788.647823107|1687.328|1955,67.49010217961461,0.34769568677882806,0.13009337688081202,-1.0,1.0,-0.003826065663530969,INT_01_GW150914_v4,post
NG15|J2010-1323|58269.292075073|1200.000|6421,43.477731238624315,0.3589263727474883,0.05541188301247826,-0.9637182877487445,1.0,0.003720510228921718,INT_02_GW190503_185404_v2,pre
NG15|J1024-0719|56823.832872185|766.099|11287,22.097897197348974,0.48453176474549714,0.09442628128513494,-0.18901838343199126,0.5,0.0006156869398036987,INT_01_GW150914_v4,pre
NG15|J1909-3744gbt|56956.888305238|1642.820|18529,65.29703589604051,0.6896144233635881,0.11557961472613323,-0.06520716316240391,0.8333333333333334,-0.0025758645650452755,INT_01_GW150914_v4,pre
NG15|J1713+0747|56682.650248119|1210.645|23672,44.00224796794593,0.7057876000745121,0.1389328376544005,-0.033322004873967984,0.5555555555555556,0.006200011206796173,INT_01_GW150914_v4,pre
NG15|J1713+0747|56522.960557206|1842.921|26199,75.15671856903099,0.7358559102738244,0.1749046180804928,-0.028486480696618795,0.6666666666666666,0.0011166352221943067,INT_01_GW150914_v4,pre
NG15|J0613-0200|58908.033890281|1367.320|5418,51.722178317073514,0.5219657114715037,0.12555316131838892,-0.006079453308221239,0.5555555555555556,-0.003755056463201025,INT_05_GW200219_094415_v1,post
NG15|J0023+0923|56620.035909530|439.375|4273,5.999052305768534,0.17202482479245015,0.11029513304385083,-0.149091477380266,0.8333333333333334,0.0005621371610987315,INT_01_GW150914_v4,pre
NG15|J1705-1903|58267.321594287|1280.012|2474,47.420204939561906,0.3089030785612774,0.04314034597243443,-0.5043308672779458,0.8,-0.000779925321060104,INT_02_GW190503_185404_v2,pre
NG15|J1600-3053gbt|56068.282681274|822.330|13748,24.868597075834977,0.5143371392636806,0.07942448704140684,0.2448344877058715,0.4,0.002285216789027256,INT_01_GW150914_v4,pre
NG15|B1855+09|53851.393758410|1414.000|1626,54.02226670831192,0.478664330496922,0.10625695569414174,-0.13094829896927773,0.4444444444444444,-0.0032793796216157123,INT_01_GW150914_v4,pre
NG15|J1713+0747gbt|55865.609086257|1417.928|15878,54.21581313506395,0.7665567169539466,0.1152446902675115,0.39754262633758103,0.625,0.00015633480121755522,INT_01_GW150914_v4,pre
NG15|J1713+0747gbt|58268.202171402|841.090|31085,25.792968502990767,0.47538423127787266,0.10969321982722331,-0.03451038791970574,0.5555555555555556,0.004245992321815693,INT_02_GW190503_185404_v2,pre
NG15|J0030+0451|58586.615365198|1674.820|11169,66.87378886347042,0.4850026889785142,0.09196521780908602,0.34619034804793064,0.6666666666666666,2.680182836377056e-05,INT_02_GW190503_185404_v2,pre
NG15|J1614-2230|55271.436448003|1830.420|6280,74.54075016759845,0.5834287523863044,0.10338228128845747,0.1831409988839095,0.4444444444444444,0.002490017948259863,INT_01_GW150914_v4,pre
NG15|J2229+2643|58713.227454977|1163.263|1946,41.66756955848453,0.42605646135173825,0.057469199846630716,-0.5911363640356495,0.5,-0.0015131887834462661,INT_03_GW190728_064510_v2,post
NG15|J1705-1903|58069.770375827|1805.417|3593,73.30876409120312,0.31155813442373265,0.06338120230616899,-0.08065789044172485,0.6666666666666666,0.001020903058508942,INT_02_GW190503_185404_v2,pre
NG15|J1910+1256|58714.030221327|1812.283|6096,73.64707614977729,0.3473484618964635,0.048054470514810765,-1.0,1.0,-0.0010630231965825588,INT_03_GW190728_064510_v2,post
NG15|J0636+5128|57949.918954846|853.601|18064,26.40942963972563,0.1561238375812204,0.05522273435062261,0.1897930022174836,0.8888888888888888,-0.0012610734718765798,INT_02_GW190503_185404_v2,pre
NG15|J1911+1347|57264.077283298|1512.174|1033,58.85964626532646,0.49455036762526516,0.1224551137923891,-0.1561723538012854,0.5,0.00396999933225794,INT_01_GW150914_v4,pre
NG15|J1719-1438|58636.185351758|1318.612|1100,49.32216320652425,0.1545462804527137,0.016099966139768055,-0.24702502861117842,0.5,-0.000930160264472748,INT_02_GW190503_185404_v2,post
NG15|J1802-2124|57949.262629229|734.933|6411,20.562238354132692,0.2584216599240843,0.04119125378236745,-0.25887010379484143,0.5555555555555556,-0.00023998225311669424,INT_02_GW190503_185404_v2,pre
NG15|J1643-1224|58713.045519029|3655.415|19500,164.46469647368502,0.1961109301006166,0.16248727928360218,0.31841550216081294,0.4444444444444444,-0.002827452632026853,INT_03_GW190728_064510_v2,post
NG15|J1909-3744|58866.762964906|1693.206|12924,67.77973199031939,0.26361942464257304,0.09742358525573869,0.12456311035983406,0.6666666666666666,-0.0005855804960614046,INT_05_GW200219_094415_v1,pre
NG15|J1713+0747|58302.104508575|812.187|54460,24.368815658689922,0.487340930025407,0.14799693941558167,-0.04707373545727746,0.5555555555555556,-0.004254192364307509,INT_02_GW190503_185404_v2,pre
NG15|J2043+1711|58468.857350096|1636.869|5368,65.00380911762878,0.4330158350297734,0.05199128706130846,0.4100989608390122,0.6666666666666666,4.727431566468137e-05,INT_02_GW190503_185404_v2,pre
NG15|J1643-1224gbt|55616.327192874|1716.216|7000,68.91351592096196,0.5857040347780901,0.0406437731110832,0.4964071103762447,0.5,-0.0010358728482284126,INT_01_GW150914_v4,pre
NG15|J1909-3744gbt|58171.648604561|1392.678|8347,52.97165649670127,0.7670911396744985,0.14338324308617176,-0.4135947909864141,0.7777777777777778,0.00033870056326189496,INT_02_GW190503_185404_v2,pre
NG15|J1713+0747gbt|58545.428148581|1581.088|14485,62.25528232774726,0.5719172717088948,0.17911756560941808,0.19697699133354446,0.2857142857142857,-0.0016429572278482906,INT_02_GW190503_185404_v2,pre
NG15|J1643-1224gbt|56672.414343752|1705.452|3052,68.38313564154272,0.5805743575177152,0.072248281818395,-0.08116191021267707,0.5,-0.0011348958877524947,INT_01_GW150914_v4,pre
NG15|J1614-2230|57040.594389127|822.349|12705,24.869533272909386,0.41766140346947245,0.06201374874106203,-0.30132714470529404,0.75,-0.0002552628848383553,INT_01_GW150914_v4,pre
NG15|J1713+0747|55700.085061392|1355.471|43904,51.13833625735236,0.6190969526913249,0.13220412010134647,-0.026422662715765214,0.6666666666666666,3.1952637023800356e-05,INT_01_GW150914_v4,pre
NG15|J1747-4036|56471.162211298|841.122|9261,25.79454525595819,0.4208490098030705,0.061987433193197106,0.35478164397307255,0.5,-0.0013990181273143246,INT_01_GW150914_v4,pre
NG15|J0740+6620|57300.499470071|1780.436|611,72.0778620324729,0.35976846177319954,0.16243703667338064,-0.40715865083970193,1.0,-0.005197347150803564,INT_01_GW150914_v4,post
NG15|J2214+3000|56933.058941601|1838.455|7148,74.93666298301403,0.332927257193826,0.08338598988042936,-0.038895339697488505,0.5555555555555556,0.0009913046644511024,INT_01_GW150914_v4,pre
NG15|J1713+0747gbt|55731.004806693|1705.300|11094,68.37564606494743,0.7351166392905986,0.13956223382188704,-0.42628234404885684,0.8,0.00029600813980848,INT_01_GW150914_v4,pre
NG15|J1713+0747|55989.463235063|2346.000|13596,99.94519688470842,0.6645239529742826,0.1520697729134244,0.07829834106895171,0.42857142857142855,0.0017683882477181948,INT_01_GW150914_v4,pre
NG15|B1855+09|58642.262412205|1236.277|7192,45.265227094857295,0.5872389102999146,0.09058843747372071,-1.0,1.0,-0.00019040424600538702,INT_02_GW190503_185404_v2,post
NG15|J0437-4715|57920.747580847|3080.289|5182,136.12620812536937,0.48900432450330517,0.24674451143982076,0.23161418560124106,0.6666666666666666,0.0028802414734361193,INT_01_GW150914_v4,post
NG15|J1713+0747ao|56557.877574880|1375.145|4283,52.10774369114037,0.7090164509095997,0.2447152662209034,-0.34377384537917594,0.5,-0.016440477789651804,INT_01_GW150914_v4,pre
NG15|J1918-0642|56643.783229191|1655.490|3976,65.9213315240823,0.38954722953269766,0.019576749165641394,-0.2923984338585013,1.0,0.0007513312607275015,INT_01_GW150914_v4,pre
NG15|J1918-0642|56354.515248433|812.187|13687,24.368815658689922,0.4408336466218186,0.13241992662821392,-0.2435343426164385,0.6666666666666666,-0.0004389794268090732,INT_01_GW150914_v4,pre
NG15|J1730-2304|58940.413446026|769.218|3335,22.251581338143154,0.6288497183977247,0.08568158923577114,-0.6030768133099749,0.6666666666666666,-0.0026866563004313755,INT_05_GW200219_094415_v1,post
NG15|J1918-0642|58061.050647454|894.099|11313,28.404909067068665,0.25629853162237454,0.07934770331620528,0.12375881397999705,0.8888888888888888,0.0014494351425450385,INT_02_GW190503_185404_v2,pre
NG15|J0636+5128|57978.828460165|891.096|27611,28.256940655781413,0.23364328027823747,0.0904167536938626,0.11053567237473295,0.7777777777777778,-0.0020886437947225376,INT_02_GW190503_185404_v2,pre
NG15|J1911+1347|57667.952053996|1387.621|1178,52.72248025431712,0.6391928929872105,0.11455088780912673,0.024163263604193925,0.5,0.004149173644636787,INT_01_GW150914_v4,post
NG15|J1012+5307|56494.600789155|1613.251|8870,63.84006688060503,0.33328899588105704,0.15268763773131913,-0.0643135092662695,0.7777777777777778,-0.007419281237754946,INT_01_GW150914_v4,pre
NG15|J0740+6620|58553.518248031|1228.338|4051,44.87404453834397,0.187610096702388,0.11739073062871165,-0.15110246639521085,0.6666666666666666,-0.0025150219212393406,INT_02_GW190503_185404_v2,pre
NG15|J1713+0747|57459.454076177|1538.328|28779,60.14834617501903,0.428019989416302,0.25109130053499673,-0.355287583745483,0.6666666666666666,-0.0022510811069162027,INT_01_GW150914_v4,post
NG15|J2317+1439|58642.433713272|428.437|3450,5.460098432088895,0.6551802665693304,0.21934797559399374,-0.10536273476969735,0.6666666666666666,-0.007804370782840711,INT_02_GW190503_185404_v2,post
NG15|J2317+1439|59000.461974013|1400.094|6277,53.337068996903156,0.6823564001089142,0.17717837339890088,0.2820451437591435,0.25,-0.00048398820394146986,INT_05_GW200219_094415_v1,post
NG15|B1937+21gbt|57011.690675360|1355.474|1729,51.13848407794305,0.758133699142009,0.2813619638615418,0.40407690034178534,0.2,-0.00875796467505444,INT_01_GW150914_v4,pre
NG15|J0030+0451|57628.307637815|2166.285|19481,91.09000439903127,0.20991979074190703,0.11824295132504001,0.32730072863209536,0.3333333333333333,4.433048962626992e-05,INT_01_GW150914_v4,post
NG15|J1744-1134|56471.122290623|894.055|10294,28.402741031738447,0.6708312321871851,0.17371277213899086,0.2801179889252741,0.5714285714285714,-0.004703004543007063,INT_01_GW150914_v4,pre
NG15|J1713+0747|56585.724269045|762.975|54198,21.943966688903625,0.4054900535653619,0.17583721548260828,-0.2577436233613415,0.8888888888888888,0.0018488615197554236,INT_01_GW150914_v4,pre
NG15|J0636+5128|58541.910457462|1792.926|1410,72.69328842507288,0.19770022482110802,0.06588990956884183,-0.3786339465618296,0.7777777777777778,-0.0002894108720784789,INT_02_GW190503_185404_v2,pre
NG15|J0509+0856|57901.716498640|1186.902|680,42.832346539643154,0.3765532296345264,0.06064153193169156,0.21963211799121213,0.75,-0.004240286976272924,INT_01_GW150914_v4,post
NG15|J2033+1734|57700.941457345|1174.500|2529,42.22125621770359,0.38707108288623215,0.11373274935977744,0.18266881594085915,1.0,-0.00534659526819676,INT_01_GW150914_v4,post
NG15|J2214+3000|57348.930889228|1200.006|1041,43.47802687980571,0.260940899607401,0.08927032807561616,1.0,0.0,0.005514593526765782,INT_01_GW150914_v4,post
NG15|J1738+0333|57334.777633231|1462.295|2761,56.4019318508753,0.2704260280350092,0.06953298730070434,-0.740399620130572,1.0,-0.0025903896903091794,INT_01_GW150914_v4,post
NG15|J2017+0603|56319.715573173|1362.836|193,51.50123580751241,0.26755275527593797,0.1862912820699938,-0.6566690147033986,0.8333333333333334,0.0025119299533651706,INT_01_GW150914_v4,pre
NG15|B1855+09|53457.464491822|1390.000|1844,52.83970198273948,0.37324673761137844,0.16155246129919018,1.0,0.0,-0.00690138110342816,INT_01_GW150914_v4,pre
NG15|J1802-2124|58335.170468428|1743.520|688,70.25888039042155,0.28541239353990683,0.019975588753747643,-0.03145199351180835,0.6666666666666666,0.0003124974158301686,INT_02_GW190503_185404_v2,pre
NG15|J1713+0747|56431.168144900|809.825|50708,24.252431580281502,0.7899655501370856,0.29637252151890164,-0.19448451751988713,0.6666666666666666,0.0022450818290365867,INT_01_GW150914_v4,pre
NG15|J0709+0458|58943.934733178|1264.472|2383,46.65449427975375,0.2645491053309168,0.04181428776944361,-0.5120543289865707,0.8571428571428571,0.005828138738999028,INT_05_GW200219_094415_v1,post
NG15|J1022+1001|58818.382203666|1424.616|1785,54.545354505256796,0.19560426525060204,0.12598563975676247,1.0,0.0,-0.002064244990771361,INT_04_GW191126_115259_v1,post
NG15|B1937+21ao|58754.964339196|2074.659|6502,86.57526791797709,0.428684613864981,0.13911155903080846,-0.03122262143872983,0.6666666666666666,-0.0016760281779052326,INT_04_GW191126_115259_v1,pre
NG15|J1909-3744|58894.728147779|2472.159|32973,106.16149618527065,0.433658309041808,0.09742358525573869,0.12456311035983406,0.6666666666666666,-0.0005855804960614046,INT_05_GW200219_094415_v1,pre
NG15|J1012+5307|56944.437018995|1743.499|2082,70.25784564628668,0.46217365191652887,0.11874309647265092,-0.5847779811747609,1.0,0.0010558954956673317,INT_01_GW150914_v4,pre
NG15|J1911+1347|57326.882455653|428.437|279,5.460098432088895,0.20540859912218806,0.1224551137923891,-0.1561723538012854,0.5,0.00396999933225794,INT_01_GW150914_v4,post
NG15|J0613-0200|55100.609656002|864.000|8915,26.921825080610127,0.4562591530138317,0.1207003020596449,0.4090969470242429,0.3333333333333333,-0.0018885955784222874,INT_01_GW150914_v4,pre
NG15|J1744-1134|56945.885028281|1705.513|6925,68.38614132688689,0.7344417357737054,0.21213029241684234,-0.38792510226904275,0.6666666666666666,-0.004797250312029792,INT_01_GW150914_v4,pre
NG15|J1600-3053|58099.575201564|1231.102|1208,45.010236575905736,0.4814755852154203,0.06241509141374657,0.20157408135703506,0.7777777777777778,0.0005152154714347355,INT_02_GW190503_185404_v2,pre
NG15|B1937+21gbt|57459.535032014|1492.879|6083,57.90891349949644,0.790814854183989,0.11073230945872473,-0.9999999999999999,1.0,-0.004738702556220858,INT_01_GW150914_v4,post
NG15|J2010-1323|58514.717187645|1842.981|766,75.15967498084491,0.4032594886914673,0.16638763575337426,0.779311683307567,0.3333333333333333,0.003318659061798871,INT_02_GW190503_185404_v2,pre
NG15|J1811-2405|58729.118187382|1866.631|484,76.32499397083609,0.38910379332895184,0.02063655052376905,-0.38395090973919904,0.6666666666666666,-0.0008018270731999337,INT_03_GW190728_064510_v2,post
NG15|J0030+0451|57824.702888828|440.937|2007,6.076017559991208,0.3281942254093615,0.1536753213522676,0.19912673695248537,0.4444444444444444,-0.002362544726337341,INT_01_GW150914_v4,post
NG15|J0030+0451|58524.816790922|1187.149|5524,42.8445171016105,0.5622440188368173,0.16555598495829593,-0.1877837406812363,0.5555555555555556,-0.003864090270174668,INT_02_GW190503_185404_v2,pre
NG15|J1713+0747|58301.115698796|1192.969|38301,43.13128904756182,0.6096147886678318,0.14799693941558167,-0.04707373545727746,0.5555555555555556,-0.004254192364307509,INT_02_GW190503_185404_v2,pre
NG15|J0030+0451|57775.855977661|431.562|1784,5.614078214064473,0.46550483840548357,0.10573069491198628,0.2254440790173712,0.6666666666666666,-0.0010115559287664723,INT_01_GW150914_v4,post
NG15|J2214+3000|56933.039908795|1562.163|1226,61.32278076810316,0.33402125536745875,0.08338598988042936,-0.038895339697488505,0.5555555555555556,0.0009913046644511024,INT_01_GW150914_v4,pre
NG15|J1600-3053gbt|57949.029078430|897.338|19453,28.564506031490712,0.4657759152455721,0.08453011013376313,0.5002442951704457,0.5,0.006346363457911467,INT_02_GW190503_185404_v2,pre
NG15|J1600-3053gbt|58364.868119885|1767.963|5536,71.46327328988684,0.582733207404981,0.08607931129011452,0.5207656589110737,0.4444444444444444,0.0013403956508521815,INT_02_GW190503_185404_v2,pre
NG15|J0613-0200|55520.465487922|1555.453|2130,60.9921553802452,0.3788123651446235,0.07746799156494376,0.2564427561147134,0.5714285714285714,-0.0033960913863094124,INT_01_GW150914_v4,pre
NG15|J2017+0603|57018.775771490|1362.431|220,51.48128002776837,0.3067133666932529,0.16663099638010032,-0.5770584139281418,0.7777777777777778,0.001098660027359204,INT_01_GW150914_v4,pre
NG15|J1600-3053gbt|58424.668011484|1655.475|2362,65.9205924211288,0.3995883600562805,0.07990128563335402,0.3165081582264044,0.5,-0.0020859470843466615,INT_02_GW190503_185404_v2,pre
NG15|J1918-0642|55976.593052191|762.977|14322,21.944065235964093,0.382714928707502,0.12117230359774546,0.077143457982262,0.4,0.0015551819384431885,INT_01_GW150914_v4,pre
NG15|J2010-1323|57040.779175945|903.601|11330,28.873106151334884,0.4684103864760408,0.07155140122838144,-0.5661135329296763,0.8,0.00130751800906375,INT_01_GW150914_v4,pre
NG15|J1909-3744gbt|56591.982396654|1206.025|9376,43.774604258273236,0.6029689495495275,0.1669698855294357,0.019889881417453188,0.5555555555555556,-0.004763810470253677,INT_01_GW150914_v4,pre
NG15|J1909-3744gbt|57153.451405271|1240.573|13144,45.476906180734765,0.6267444236731387,0.09029498602555792,0.07529444266517626,0.5,0.0007732071446463863,INT_01_GW150914_v4,pre
NG15|J0613-0200|56229.452757353|909.864|13488,29.181706271179063,0.49544965727614154,0.06420082682013338,-0.820809755899904,0.6666666666666666,-0.005927925296991004,INT_01_GW150914_v4,pre
NG15|J1741+1351|57242.016442311|1351.907|1448,50.96272539560485,0.08775440675971939,0.2214742371734004,-0.8451867387220683,1.0,-0.00949315479259288,INT_01_GW150914_v4,pre
NG15|J1744-1134|55031.003274928|1392.000|281,52.93824904320385,0.6463715368542948,0.14059084512423012,0.053089060937686415,0.7777777777777778,0.0019447434770615492,INT_01_GW150914_v4,pre
NG15|J2322+2057|57789.782213393|1311.581|2845,48.97572101546175,0.29207255904372265,0.14700274902417806,-0.44431807349089697,1.0,0.0011003752145004623,INT_01_GW150914_v4,post
NG15|J1713+0747gbt|56249.642438152|856.747|28910,26.564444165836086,0.24617241675117343,0.14236151784167528,-0.16407054224146228,0.6666666666666666,0.0005340257790703,INT_01_GW150914_v4,pre
NG15|J0931-1902|57706.386404851|897.344|3107,28.564801672672107,0.3857216615449897,0.1141954533863443,-0.03116187952345725,0.7777777777777778,0.001124550745117035,INT_01_GW150914_v4,post
NG15|J1843-1113|58016.000263423|1694.351|526,67.83615018243525,0.32673242379921275,0.07103883324017977,-0.2789958410759542,0.625,-0.0003151508546741218,INT_02_GW190503_185404_v2,pre
NG15|J1713+0747gbt|58031.955523576|1467.157|10909,56.64149975486418,0.42386017494629785,0.1688072182469313,-0.12475060305769932,0.75,0.0020461198975047752,INT_02_GW190503_185404_v2,pre
NG15|J0340+4130|57551.754617796|766.097|10368,22.097798650288507,0.24917408564401566,0.022307953166515546,0.003541261761356914,1.0,0.0007563133793565373,INT_01_GW150914_v4,post
NG15|J1643-1224|57132.255321671|1579.841|1549,62.19383823554772,0.5803041612546894,0.007644983508566389,1.0,0.0,-0.0009262631592113553,INT_01_GW150914_v4,pre
NG15|J0023+0923|57538.524263232|439.375|2841,5.999052305768534,0.18438107192895759,0.1171297817005571,0.7001820903671037,0.8571428571428571,0.0021580773463470942,INT_01_GW150914_v4,post
NG15|J1713+0747|57391.639702542|1554.687|33276,60.95441185608734,0.5807674417721398,0.247755675293531,-0.3747721939687412,0.5555555555555556,0.0035979274421063176,INT_01_GW150914_v4,post
NG15|J1713+0747|59045.079136978|1687.296|5013,67.48852542664717,0.5889846864153288,0.17149328085742302,0.40912530974271616,0.6666666666666666,-0.001503333551071045,INT_05_GW200219_094415_v1,post
NG15|J1843-1113|58849.825474207|756.730|3153,21.636253492603633,0.23709871541580863,0.08241571992850993,-1.0,1.0,0.002672255908336079,INT_04_GW191126_115259_v1,post
NG15|B1953+29|58528.628916573|1450.321|1495,55.811930599875105,0.3555324475607535,0.0603146120742583,0.2341913857553577,0.5555555555555556,-0.0015275485197551522,INT_02_GW190503_185404_v2,pre
NG15|J1909-3744|57047.741375856|1268.754|8531,46.86548353620796,0.5520799446164232,0.09312520549994788,-0.32071312775335287,1.0,0.00047729202623716195,INT_01_GW150914_v4,pre
NG15|J0636+5128|57794.961379682|734.798|29674,20.555586427551347,0.36298351945636004,0.10204807385413203,-0.03061401724085834,0.6666666666666666,-0.0034521070585903937,INT_01_GW150914_v4,post
NG15|J0636+5128|58129.378433418|1330.480|9648,49.90694146331982,0.13005630307488028,0.11335229697769637,0.28825181839922365,0.4444444444444444,-0.0031626210074928896,INT_02_GW190503_185404_v2,pre
NG15|J1802-2124|58094.690243570|1308.584|2970,48.8280482453559,0.3268796109145526,0.04505281948721128,-0.13288965875591763,0.6666666666666666,0.0007949992905286982,INT_02_GW190503_185404_v2,pre
NG15|J2010-1323|55893.716440787|769.229|15841,22.25212334697571,0.38015577199174067,0.07019409119023501,-0.03946509992925253,0.5,-0.004544294620048912,INT_01_GW150914_v4,pre
NG15|J2017+0603|58514.696553398|1462.548|474,56.41439805402405,0.4338806033817947,0.0762802263032979,-0.08677837778268867,0.5555555555555556,-0.0009837142582555499,INT_02_GW190503_185404_v2,pre
NG15|J1909-3744gbt|58010.965569918|1219.039|12605,44.41584998071488,0.4588076490300528,0.10143600044549649,-0.27301598980801656,0.7777777777777778,-0.001035696889290169,INT_02_GW190503_185404_v2,pre
NG15|J1024-0719|57612.698265542|800.335|9633,23.784825778378064,0.3314332266688499,0.08239447498079343,-0.040556009676705376,0.4444444444444444,0.0007173397152505714,INT_01_GW150914_v4,post
NG15|J1024-0719|57796.110144674|1692.987|5028,67.76894108719854,0.3159712455699786,0.08648057011139296,-0.10047558570546006,0.5,-0.000971460623962799,INT_01_GW150914_v4,post
NG15|J0636+5128|58541.925623947|1743.049|1714,70.2356725576822,0.2473461383880168,0.06588990956884183,-0.3786339465618296,0.7777777777777778,-0.0002894108720784789,INT_02_GW190503_185404_v2,pre
NG15|J2234+0944|57978.253645175|1236.714|3815,45.286759627568756,0.4584971691581558,0.13978093892353538,-0.15636532985662252,0.6,-0.005335020386816099,INT_02_GW190503_185404_v2,pre
NG15|J0636+5128|58820.127476461|778.591|28704,22.71342213700943,0.26641665978984974,0.04466157684248645,0.33858392450718516,0.7777777777777778,-0.001836182466395747,INT_04_GW191126_115259_v1,post
NG15|B1953+29|57752.767188397|1474.300|1980,56.99346058131268,0.4753951714986927,0.08000519154981316,-0.384612760656614,0.6,-0.002686932278464451,INT_01_GW150914_v4,post
NG15|J1312+0051|58610.111503678|1687.326|216,67.49000363255414,0.2645467697103408,0.05433644303103933,-0.13874551923841222,0.7777777777777778,-0.000516779755252612,INT_02_GW190503_185404_v2,post
NG15|J1909-3744|56763.526009452|828.588|29923,25.176950828027987,0.630916670959468,0.15247359329862306,-0.3019450739607906,0.6,-0.001516512846428122,INT_01_GW150914_v4,pre
NG15|J1853+1303|57263.995979084|431.562|37,5.614078214064473,0.43824113031794587,0.04602188236743173,-0.6118299350092214,0.5,-0.0013038545771387263,INT_01_GW150914_v4,pre
NG15|J1713+0747gbt|56543.097971217|1229.810|13418,44.94657517484575,0.40829524838782055,0.16265660106060179,0.2206913325618189,0.5555555555555556,0.0003208710513092631,INT_01_GW150914_v4,pre
NG15|J0636+5128|57645.436059514|1242.807|6015,45.586983247273466,0.11526852570802108,0.10701302309546033,0.284635962393569,0.7777777777777778,-0.0005873260121802766,INT_01_GW150914_v4,post
NG15|J1713+0747ao|56360.450418300|1812.221|16133,73.6440211909029,0.695743045404444,0.2343851885809342,0.06089354418785918,0.75,-0.0029423960461099526,INT_01_GW150914_v4,pre
NG15|J1909-3744|56886.121072412|874.686|23339,27.44836202467126,0.7758224494005567,0.14829938649911298,-0.33370218085409564,0.7142857142857143,-0.0032517668863161608,INT_01_GW150914_v4,pre
NG15|J0636+5128|57222.661770794|1718.005|14085,69.00166626654736,0.12419976522476747,0.11326951014889998,0.540329004698338,0.4444444444444444,-0.0006591797329758245,INT_01_GW150914_v4,pre
NG15|J0023+0923|58964.643457792|1675.122|6061,66.88866946960056,0.2286287029010724,0.04152552475812568,-0.9871450757443634,1.0,-0.0006853791744395727,INT_05_GW200219_094415_v1,post
NG15|J1713+0747ao|58542.467550222|1788.018|14661,72.45145393869332,0.6532794445941426,0.25003728903572064,-0.04531544814755983,0.5555555555555556,0.004679916630955219,INT_02_GW190503_185404_v2,pre
NG15|J2322+2057|58999.482962997|1187.400|2128,42.856884757698786,0.33377514587437673,0.1664498152654601,-0.04141995852501313,0.8888888888888888,-0.004078301389320498,INT_05_GW200219_094415_v1,post
NG15|J2214+3000|57594.254136219|1187.344|3173,42.85412544000578,0.5961771175514426,0.15464417598420768,-0.505744764752806,0.5,-0.006172411536836282,INT_01_GW150914_v4,post
NG15|J2234+0944|57538.416845427|1871.825|7267,76.58092068686206,0.2424322165644368,0.12837944720483646,-0.23349641894973858,0.7777777777777778,-0.003089276387024953,INT_01_GW150914_v4,post
NG15|J1600-3053|58680.100359908|3431.976|22218,153.45506815213585,0.23268609393550393,0.16193795366961383,0.21556242009812862,0.3333333333333333,-0.004017397982862122,INT_03_GW190728_064510_v2,pre
NG15|B1937+21|54013.813056554|848.000|15598,26.133448596895164,0.8369918880441464,0.060265365503434636,1.0,0.0,-0.001839856595148045,INT_01_GW150914_v4,pre
NG15|J1713+0747gbt|56270.577413449|762.972|27701,21.943818868312928,0.6084325880393854,0.14236151784167528,-0.16407054224146228,0.6666666666666666,0.0005340257790703,INT_01_GW150914_v4,pre
NG15|J1600-3053gbt|58729.842449144|866.057|18025,27.02318073229773,0.48357807799232816,0.08956379015830296,0.42154068217245005,0.3333333333333333,0.0032145845467166883,INT_03_GW190728_064510_v2,post
NG15|J1946+3417|57433.622136408|1475.087|2270,57.03223884960541,0.45982811978507,0.031814682045410034,1.0,0.0,-0.002547180664737162,INT_01_GW150914_v4,post
NG15|J0613-0200|58334.628771677|1718.020|1875,69.00240536950083,0.33255893608551396,0.12326125620527098,0.025454241647963855,0.5555555555555556,-0.003304700660816882,INT_02_GW190503_185404_v2,pre
NG15|J1713+0747|56332.418957132|1542.898|33773,60.37352620818011,0.29169940486710455,0.22672343522144434,-0.20624640537192185,0.4444444444444444,0.001881311609874117,INT_01_GW150914_v4,pre
NG15|J1125+7819|58334.465327255|1355.474|3517,51.13848407794305,0.4668647875788662,0.07073683966934714,-0.062037358767250514,0.5,-0.0017477705565628718,INT_02_GW190503_185404_v2,pre
NG15|J1713+0747ao|58537.479171545|1499.581|8126,58.23914469911255,0.7297741814324227,0.25003728903572064,-0.04531544814755983,0.5555555555555556,0.004679916630955219,INT_02_GW190503_185404_v2,pre
NG15|J0030+0451|57824.731407321|2073.985|18851,86.5420575586006,0.33145200968607386,0.1536753213522676,0.19912673695248537,0.4444444444444444,-0.002362544726337341,INT_01_GW150914_v4,post
NG15|J0610-2100|58103.258947570|784.847|4185,23.021677342141977,0.22572696092332697,0.1608949661003498,0.09336336012005707,0.25,0.004675305543866293,INT_02_GW190503_185404_v2,pre
NG15|J1744-1134|58138.660921013|793.437|15115,23.44493696683645,0.6183737690759433,0.12320815996435575,0.9899675028733373,0.0,0.0004388200505019199,INT_02_GW190503_185404_v2,pre
NG15|J1012-4235|58788.502796602|891.093|802,28.256792835190712,0.16479241490992083,0.0423107026216303,-1.0,1.0,-0.028015274081177557,INT_04_GW191126_115259_v1,pre
NG15|J0030+0451|54044.114541131|1422.000|3574,54.4164549501694,0.34852561412463384,0.11307659991207958,-0.43210678142928355,0.5555555555555556,0.0011225801842491359,INT_01_GW150914_v4,pre
NG15|J1741+1351|58565.439057531|437.811|803,5.9219885044853955,0.4572232090146557,0.07294784621382251,-0.47441932367423156,0.5,0.0026465912671253043,INT_02_GW190503_185404_v2,pre
NG15|J0636+5128|56978.259015118|1830.431|5605,74.54129217643099,0.19759514641790005,0.10168750928236527,0.15928366214516756,0.6666666666666666,-0.0022494287167076224,INT_01_GW150914_v4,pre
NG15|J1640+2224|57906.225293940|1387.756|6602,52.72913218089846,0.36823311864387037,0.186445734935241,-0.5898186131565349,0.75,-0.006095366106389608,INT_01_GW150914_v4,post
NG15|J2322+2057|57185.451891279|1649.185|2444,65.61066191596836,0.42046865676776585,0.0902033036537405,0.802488942285866,0.0,-0.002182606770559638,INT_01_GW150914_v4,pre
NG15|J0023+0923|58793.113369303|434.687|2388,5.768057996040051,0.3391709528020032,0.07046545146711902,0.33840226867326617,0.6666666666666666,-0.0018620545424904177,INT_04_GW191126_115259_v1,pre
NG15|J1713+0747gbt|55340.031514045|784.828|26832,23.020741145067564,0.7408614818891504,0.1632139595347828,-0.5259153628535149,0.6666666666666666,-0.005246945014472059,INT_01_GW150914_v4,pre
NG15|B1937+21ao|57752.701884275|1338.429|333,50.29861675513547,0.7015958519209657,0.102833531207102,-0.9999999999999999,1.0,-0.0019111674055435348,INT_01_GW150914_v4,post
NG15|J1024-0719|56829.796705232|1343.058|451,50.52670392658025,0.35641693702031185,0.09442628128513494,-0.18901838343199126,0.5,0.0006156869398036987,INT_01_GW150914_v4,pre
NG15|B1937+21|56548.909841977|1582.115|15109,62.30588624329572,0.7739573319001662,0.06532591897890502,-0.7052749610266839,0.5,0.007415606685692808,INT_01_GW150914_v4,pre
NG15|J1903+0327|56304.656804214|1300.190|1702,48.41444623258694,0.3789393219928041,0.07487340470983889,0.9999999999999998,0.0,-0.00227635878056099,INT_01_GW150914_v4,pre
NG15|J1643-1224|58789.787936608|3111.681|19630,137.67300278641812,0.2457009141466901,0.16528118696857905,0.3401017649111732,0.3333333333333333,-0.0031985995192103153,INT_04_GW191126_115259_v1,pre
NG15|J1713+0747|58364.916708027|1468.019|33548,56.68397353792433,0.8959620076157184,0.1523903692780799,-0.02290379568169003,0.5555555555555556,-0.0017804876752103157,INT_02_GW190503_185404_v2,pre
NG15|J2145-0750|57836.582150085|787.968|17666,23.175460029996625,0.6641481620511432,0.17458238798522704,0.059381791325893024,0.42857142857142855,-0.0046282527838964575,INT_01_GW150914_v4,post
NG15|B1937+21|58729.058486364|1282.032|12680,47.519737470630915,0.7201730550359358,0.2274191848401102,0.2243267047897242,0.6666666666666666,-0.0021837310710586364,INT_03_GW190728_064510_v2,post
NG15|J0636+5128|57104.025298482|1493.015|1149,57.91561469960803,0.18814426585777588,0.04958556241717144,-0.0484773362847209,0.5555555555555556,0.0004166137595410005,INT_01_GW150914_v4,pre
NG15|J1640+2224|57705.741127211|1224.178|6425,44.66906665257809,0.3689901593406916,0.18066975325238704,-0.140465399678208,0.6666666666666666,-0.0070450389334251904,INT_01_GW150914_v4,post
NG15|J1713+0747gbt|57529.345946762|1543.750|23264,60.41550725593794,0.7034958637572428,0.12429616970042036,-0.22252460442433844,0.8888888888888888,-0.0012621482339535486,INT_01_GW150914_v4,post
NG15|J0645+5158|56726.938390454|1680.173|2323,67.13755007080333,0.3040121164096313,0.09531602709428401,0.9053796528427205,0.3333333333333333,-0.005159442968973924,INT_01_GW150914_v4,pre
NG15|J0023+0923|56538.257435263|1338.449|9933,50.29960222574011,0.4122239351998387,0.10651932096708237,-0.07750828329198865,0.75,-0.0003559577963728191,INT_01_GW150914_v4,pre
NG15|B1937+21|56209.952630126|1637.306|1294,65.02534165034025,0.08257637699923441,0.27738014159072333,0.3330764505036861,0.3333333333333333,-0.0077493682634368535,INT_01_GW150914_v4,pre
NG15|J1713+0747|57700.736548032|1787.363|15951,72.41917977639125,0.005682183280365566,0.26382354042046224,0.12321257323426613,0.7777777777777778,0.0014596883727520159,INT_01_GW150914_v4,post
NG15|B1855+09|58475.704174100|430.000|910,5.5371129598417985,0.4397582062900736,0.14812086232635704,0.20002449703224162,0.6666666666666666,0.0011327447696990686,INT_02_GW190503_185404_v2,pre
NG15|J0610-2100|58907.021617953|772.340|3522,22.405413299528043,0.18805022762609683,0.06333453269927738,0.0799065956803777,1.0,0.0006426598255934632,INT_05_GW200219_094415_v1,post
NG15|J1730-2304|58424.800153175|1209.648|1032,43.95312225830443,0.553816467416734,0.03635693554270529,0.24654726044603323,0.5,0.0014247586782276823,INT_02_GW190503_185404_v2,pre
NG15|J1744-1134|55799.898102797|1554.918|8744,60.96579404157097,0.7004966635287553,0.14645909233470442,-0.5454704469143985,0.8333333333333334,0.003718711531695242,INT_01_GW150914_v4,pre
NG15|J1918-0642|56416.262684706|1217.019|8095,44.31631744964587,0.27184863151864624,0.09680657756152432,-0.25638342806443304,0.6666666666666666,0.0006787234659905872,INT_01_GW150914_v4,pre
NG15|J1713+0747|55170.662738543|1386.000|40,52.64260786181074,0.647270129577171,0.1575206680986414,-0.6851982000131267,0.5,0.010377649409216663,INT_01_GW150914_v4,pre
NG15|J1713+0747gbt|56003.341349427|806.725|27192,24.099683636561725,0.6723916334759884,0.13055530184370318,0.4324132240485547,0.6,0.00011806426751165951,INT_01_GW150914_v4,pre
NG15|J2302+4442|56705.975033864|778.579|7944,22.71283085464664,0.35385450753405107,0.021320983275958355,-1.0,1.0,0.0016889404204995136,INT_01_GW150914_v4,pre
NG15|J1909-3744|57563.255114050|1668.216|14958,66.54838646981707,0.7207607047104203,0.17366177469484204,-0.5919834747028162,0.8888888888888888,-0.00011221137500338255,INT_01_GW150914_v4,post
NG15|J1918-0642|58336.261092594|781.733|17021,22.868239568998952,0.4347228699440653,0.11804105329687331,-0.7719416541836235,0.75,-0.0016991047375609892,INT_02_GW190503_185404_v2,pre
NG15|J1713+0747|58691.041705188|1637.383|2759,65.02913571216813,0.28590599328234534,0.16968718716831319,-0.1053242157761024,0.7777777777777778,0.000757921318658051,INT_03_GW190728_064510_v2,pre
NG15|J1745+1017|57834.394262323|2063.362|2314,86.0186248469441,0.23859174729228333,0.19051922210337827,-1.0,1.0,-0.008214819950685405,INT_01_GW150914_v4,post
NG15|J1600-3053|55948.465492915|834.869|18083,25.486437871416342,0.461219046602818,0.05043634522529781,0.11028625779838032,0.5,0.0037696978390282434,INT_01_GW150914_v4,pre
NG15|J1643-1224|57132.255321685|1730.529|1561,69.61876795917523,0.5681630827578344,0.007644983508566389,1.0,0.0,-0.0009262631592113553,INT_01_GW150914_v4,pre
NG15|J0636+5128|57614.863057428|1241.825|7870,45.53859664058545,0.1134121759060709,0.10705538404930702,0.26478795632507623,0.6666666666666666,-0.00047100743197406536,INT_01_GW150914_v4,post
NG15|J1909-3744gbt|57040.756462052|909.861|29052,29.181558450588366,0.49746528921686844,0.10000861996664555,-0.32874941735323093,0.75,-0.00030421045148915424,INT_01_GW150914_v4,pre
NG15|J1012+5307|56431.893073119|1517.919|13766,59.14272269651037,0.4221493410823449,0.20037540768461415,0.6540269061123358,0.6666666666666666,-0.011078996957977406,INT_01_GW150914_v4,pre
NG15|J1600-3053|55919.544951574|784.809|17498,23.019804947993155,0.5423742865319788,0.05515917723864921,0.10830917791445109,0.5714285714285714,0.004136748806033772,INT_01_GW150914_v4,pre
NG15|J1713+0747|57948.054060975|1218.599|40705,44.394169627412715,0.6831053592000675,0.15760628668288867,-0.5815178202154617,0.6666666666666666,-0.0002504031657484744,INT_02_GW190503_185404_v2,pre
NG15|J0437-4715|58248.857682571|1304.994|2061,48.65115627182235,0.6966074734082139,0.24633850916277908,0.38062684771449484,0.5555555555555556,-0.0009841557547493793,INT_02_GW190503_185404_v2,pre
NG15|J1600-3053gbt|58882.466579256|916.073|15465,29.487645620390698,0.46133058725271325,0.10394447430195182,0.5443632456086862,0.5,0.005522535262994494,INT_05_GW200219_094415_v1,pre
NG15|J1744-1134|58301.202987799|1606.552|1899,63.50998350157962,0.48808158193213114,0.15621436392358728,-0.13927066399984697,0.5,-0.006659942221864117,INT_02_GW190503_185404_v2,pre
NG15|J2010-1323|56886.143542152|844.231|13597,25.947736661450058,0.19509237902336032,0.08413451595666625,-0.41546650042806915,1.0,0.0009695084842945501,INT_01_GW150914_v4,pre
NG15|J1730-2304|58759.873866029|891.112|4208,28.257729032265125,0.6082246672295242,0.09636020481671567,-0.9407497386824807,0.5,-0.005181040532551088,INT_04_GW191126_115259_v1,pre
NG15|J1713+0747|57920.264492197|3144.098|56143,139.27030281595486,0.5213206114936523,0.13958192469954195,0.16319969963848524,0.8888888888888888,-0.00039965183709873863,INT_01_GW150914_v4,post
NG15|J1944+0907|57250.121792611|1574.691|4097,61.94007955485198,0.24874410295819066,0.1720640909854648,-0.08242080767029118,0.3333333333333333,-0.005654710491950976,INT_01_GW150914_v4,pre
NG15|J0613-0200|53448.838265864|1424.000|599,54.51500201063377,0.36747725655320473,0.11193668444182517,0.19155390208644776,0.5555555555555556,-0.0074992334589401724,INT_01_GW150914_v4,pre
NG15|J1730-2304|58786.790059873|1405.375|24,53.59728251005932,0.5334954473704404,0.09440799089801001,-0.698240382496431,0.6666666666666666,-0.005319595333813248,INT_04_GW191126_115259_v1,pre
NG15|J0740+6620|58697.224669686|1705.485|5438,68.38476166804038,0.3196278567723842,0.17756843779632453,-0.041387087200106185,0.5555555555555556,-0.00590007883652888,INT_03_GW190728_064510_v2,post
NG15|J0340+4130|56346.956267876|897.339|7557,28.564555305020946,0.39186250626247693,0.055714513570573304,-0.8834857580677783,0.6666666666666666,0.0020334584163347624,INT_01_GW150914_v4,pre
NG15|J1453+1902|57096.339490299|1287.627|1834,47.79542287227999,0.4991782399462904,0.09348989427263475,0.029320946921834207,0.5,0.003394209964888426,INT_01_GW150914_v4,pre
NG15|J1713+0747|58245.269449365|781.689|46704,22.866071533668737,0.6920118910518025,0.14536967687800098,-0.015302835045079937,0.5555555555555556,-0.004727012412854938,INT_02_GW190503_185404_v2,pre
NG15|J1713+0747|55826.710183459|1442.266|37078,55.415032313854866,0.6398138296859388,0.11092715258938415,0.30488258276543023,0.6666666666666666,0.003489249831269905,INT_01_GW150914_v4,pre
NG15|J1744-1134|55275.333637886|1492.989|3440,57.91433358782199,0.4585906757995159,0.1300305440093018,0.22377174120255372,0.6,-2.9262038677203627e-05,INT_01_GW150914_v4,pre
NG15|J2322+2057|58586.579998457|433.125|592,5.691092741817378,0.7257854276804646,0.1860431884420508,-1.0,1.0,-0.006121577765986856,INT_02_GW190503_185404_v2,pre
NG15|J1713+0747ao|58881.562937828|2299.083|18466,97.633430666805,0.5932049435536817,0.24156374612381878,0.2377827595238205,0.7777777777777778,-0.002961358837139927,INT_05_GW200219_094415_v1,pre
NG15|J1453+1902|58610.204204561|1674.789|1009,66.87226138403324,0.3447870516887815,0.09348989427263475,0.029320946921834207,0.5,0.003394209964888426,INT_02_GW190503_185404_v2,post
NG15|B1855+09|57834.482005511|1699.776|5385,68.10345908394486,0.10818202854583789,0.2678115243391822,0.508639463920822,0.0,-0.0037128611515582187,INT_01_GW150914_v4,post
NG15|J1713+0747|58017.932515033|1455.580|31533,56.07106009536618,0.7000195868719048,0.13325103325253132,-0.26218974411882195,0.7777777777777778,-0.00234627404119078,INT_02_GW190503_185404_v2,pre
NG15|J1713+0747gbt|58748.033837722|1230.789|16671,44.994813960943056,1.1816657226186835e-05,0.2254662864046048,-0.5005217833087054,0.7777777777777778,0.0017846838721529005,INT_03_GW190728_064510_v2,post
NG15|J2214+3000|57752.816191745|1338.366|3949,50.29551252273084,0.51816294407117,0.13429839593124593,0.5119622952573994,0.6666666666666666,-0.0021267390834531687,INT_01_GW150914_v4,post
NG15|J2010-1323|57406.730234312|897.372|12270,28.566181331518603,0.3391557974715148,0.06004866132984457,-0.2563453286392219,0.3333333333333333,-0.0026727254546104677,INT_01_GW150914_v4,post
NG15|J1909-3744|55704.324391934|759.841|26007,21.78954344515596,0.2510161132874848,0.1640610536444395,0.23344899598606011,0.42857142857142855,0.0010972641410547039,INT_01_GW150914_v4,pre
NG15|J1713+0747|56447.217722767|1449.643|2237,55.778523146377694,1.7429952127151837e-06,0.26480157836682966,-0.3505134595966825,0.6666666666666666,0.001138628526389494,INT_01_GW150914_v4,pre
NG15|J1713+0747gbt|56647.787869735|1643.165|11648,65.31403526397061,0.4467475067289456,0.12983154140255873,-0.2609817793503583,0.6666666666666666,0.0003853147310277575,INT_01_GW150914_v4,pre
NG15|J1640+2224|57589.061806615|1200.023|4392,43.47886452981965,0.5618952947952681,0.16274991618266146,-0.37605919948577965,0.6666666666666666,-0.005396056714054511,INT_01_GW150914_v4,post
NG15|J1012+5307|56613.404961666|1167.924|9165,41.897233482896745,0.004687963420884677,0.21051005137660822,0.07585158264969917,0.2857142857142857,-0.003435404182975659,INT_01_GW150914_v4,pre
NG15|J0030+0451|58682.353911552|426.875|1953,5.38313317786622,0.5504616498353522,0.05599021682541267,-0.0385323369310979,0.8888888888888888,-0.0005072847291318906,INT_03_GW190728_064510_v2,pre
NG15|J1024-0719|56064.928640563|1607.111|5640,63.537527404979414,0.4994290812160014,0.0799034135267942,0.9999999999999999,0.0,3.2576198566350795e-05,INT_01_GW150914_v4,pre
NG15|J1909-3744gbt|56387.483026277|869.170|26691,27.17656923191052,0.5367457214255986,0.10555312796065223,0.4865262627554529,0.3333333333333333,0.0007833954993220397,INT_01_GW150914_v4,pre
NG15|J1832-0836|57397.728707016|1817.910|306,73.9243383043938,0.5569563109462063,0.08459819495129522,-1.0,1.0,0.010675638721655068,INT_01_GW150914_v4,post
NG15|J0030+0451|57927.446440228|1351.858|8806,50.96031099262348,0.4654417117900899,0.14662571359135365,-0.032462798411898114,0.7777777777777778,-0.002728124455148156,INT_01_GW150914_v4,post
NG15|J1909-3744|58633.273852939|1817.713|12846,73.91463141893804,0.6316732873221542,0.17127397940240113,0.45564799823730656,0.4444444444444444,-0.0006880521863899892,INT_02_GW190503_185404_v2,post
NG15|B1855+09|56557.970852477|1399.831|6728,53.324110058452085,0.7903642152680886,0.12025462120113617,-0.1220959907310597,0.6666666666666666,0.0006423452536733005,INT_01_GW150914_v4,pre
NG15|B1953+29|57710.870419624|1524.857|1816,59.48458244926127,0.3999731719614055,0.08000519154981316,-0.384612760656614,0.6,-0.002686932278464451,INT_01_GW150914_v4,post
NG15|J1713+0747|57781.584989698|3751.757|58502,169.21180692331424,0.3424067584698107,0.19416730083011008,0.2597120681310051,0.6666666666666666,-0.004431200980724639,INT_01_GW150914_v4,post
NG15|J1903+0327ao|58735.021850534|2274.939|6120,96.4437705528791,0.26168967015028255,0.03431838805439161,-1.0,1.0,-0.0024388893961713905,INT_03_GW190728_064510_v2,post
NG15|J1909-3744gbt|55670.417900669|1330.499|3340,49.907877660394234,0.614520414473944,0.16123536353959525,-0.3433505094060257,0.875,-0.0009105930080093678,INT_01_GW150914_v4,pre
NG15|J0613-0200|58545.050698949|1405.482|1579,53.60255477779417,0.5011801343395726,0.12555316131838892,-0.006079453308221239,0.5555555555555556,-0.003755056463201025,INT_02_GW190503_185404_v2,pre
NG15|J1744-1134|56706.531023160|1854.638|3611,75.73405652276148,0.5429601445432504,0.13360801663803965,-1.0,1.0,0.005161458700391703,INT_01_GW150914_v4,pre
NG15|J2145-0750|57679.953637448|1185.213|3622,42.74912354708099,0.6480555673119188,0.12213988605326256,-0.18162603218271567,0.5,-0.004247761640095205,INT_01_GW150914_v4,post
NG15|J1832-0836|57977.246592146|1606.310|3197,63.49805930726343,0.36250935522959826,0.02653147929902976,-0.37651731368504193,0.5,0.0007443142937422094,INT_02_GW190503_185404_v2,pre
NG15|J1909-3744|54944.354016122|872.000|21984,27.316013322467604,0.28177522977524394,0.09250822388205754,-1.0,1.0,0.0011815515152978275,INT_01_GW150914_v4,pre
NG15|J1910+1256|57809.548871550|1436.733|1183,55.14240187108018,0.47262028549068724,0.08205833098632337,-0.511521036685818,0.5,-0.0031363223994004927,INT_01_GW150914_v4,post
NG15|J1600-3053|58849.583347687|2053.201|21536,85.51795650625486,0.37469307116207473,0.14264085634335508,0.336562941490121,0.625,-0.003256107978535303,INT_04_GW191126_115259_v1,post
NG15|J1024-0719|58728.575167384|1717.969|7122,68.99989241945899,0.2986526544838507,0.08389891166287454,-0.32756950198675977,0.6666666666666666,-0.0028536446519526787,INT_03_GW190728_064510_v2,post
NG15|J1944+0907|58566.516498796|422.187|673,5.152138868137738,0.44776057498949834,0.10403369481854179,-0.9654749764145149,1.0,0.0019684521754118264,INT_02_GW190503_185404_v2,pre
NG15|J1012+5307|57523.109399590|822.354|24452,24.869779640560544,0.5410021226427646,0.12511487216005215,-0.232767197770848,0.7777777777777778,-0.001174618942154505,INT_01_GW150914_v4,post
NG15|J1713+0747gbt|55919.461215697|784.810|28374,23.019854221523385,0.5086565712352826,0.11235176252182917,0.3215473401677408,0.5555555555555556,-0.00017340685661508987,INT_01_GW150914_v4,pre
NG15|J1012+5307|56445.820034519|1441.943|10341,55.39911696358987,0.41317626068483343,0.19319651783250172,0.5433883574663497,0.7777777777777778,-0.010606707925687471,INT_01_GW150914_v4,pre
NG15|J1643-1224gbt|56288.544793316|1717.671|3395,68.9852089074498,0.5334137257684805,0.022573465531037094,0.007705732881604938,0.6,-0.0007178000101381238,INT_01_GW150914_v4,pre
NG15|J0636+5128|57071.094654310|1166.259|3317,41.815193055060156,0.34154183510113234,0.04959744309651817,-0.0633042940681639,0.5555555555555556,0.00040499322723016023,INT_01_GW150914_v4,pre
NG15|J1600-3053|56709.457927168|806.707|11453,24.098796713017542,0.4212468690924135,0.06487057580039138,0.5372065906081329,0.25,0.0007790214888135897,INT_01_GW150914_v4,pre
NG15|J1012+5307|57887.156981897|1517.730|11001,59.133409999296475,0.47260092961104666,0.1513734384159893,0.21283902825002568,0.5,-0.00212908054662696,INT_01_GW150914_v4,post
NG15|J1125+7819|58300.912587075|1430.771|3244,54.8486330838359,0.45037646797759534,0.07147373830866025,0.9362766725408717,0.3333333333333333,-0.0011092266040416071,INT_02_GW190503_185404_v2,pre
NG15|J2234+0944|56538.161118877|2287.362|5515,97.05589561895356,0.3002143243955121,0.028744153783970102,-0.4286459627724931,0.5,0.000879330546208969,INT_01_GW150914_v4,pre
NG15|J1909-3744gbt|55774.071147031|1380.402|11715,52.36677463957097,0.6506254379964832,0.13928311821237116,0.31519691501737573,0.7142857142857143,-0.005625147833680916,INT_01_GW150914_v4,pre
NG15|J1614-2230|55272.364700422|1754.992|6756,70.82414632924518,0.4484633121102208,0.10338228128845747,0.1831409988839095,0.4444444444444444,0.002490017948259863,INT_01_GW150914_v4,pre
NG15|J2234+0944|57240.231174072|1749.710|1945,70.56388354255878,0.4641230242521226,0.1857547772800579,-0.4060126975194665,0.6666666666666666,-0.0052969535849669465,INT_01_GW150914_v4,pre
NG15|J1713+0747|53477.326994365|1386.000|425,52.64260786181074,0.7605518814649984,0.13647691259735978,-0.12002512311318217,0.4444444444444444,0.007710273423922417,INT_01_GW150914_v4,pre
NG15|J1024-0719|58300.814834146|1343.017|6594,50.52468371184073,0.32157639179284114,0.09572655045130214,-0.0813827298614445,0.3333333333333333,0.006146478942340112,INT_02_GW190503_185404_v2,pre
NG15|J1909-3744|57853.471393832|1355.566|18755,51.14301724272442,0.7359001331094446,0.15158515009342635,0.05825713595817499,0.6666666666666666,-0.003274785064384228,INT_01_GW150914_v4,post
NG15|J0636+5128|58819.168900239|1219.732|774,44.449996537165795,0.2365102928774632,0.04466157684248645,0.33858392450718516,0.7777777777777778,-0.001836182466395747,INT_04_GW191126_115259_v1,post
NG15|J1903+0327ao|58651.251043321|1787.081|4309,72.40528464086576,0.3027361384721096,0.03431838805439161,-1.0,1.0,-0.0024388893961713905,INT_03_GW190728_064510_v2,pre
NG15|J1910+1256|56140.170040576|2387.372|4854,101.98374137747437,0.20203805006032138,0.0979669161341891,-0.9827818049318787,1.0,-0.00584801089018669,INT_01_GW150914_v4,pre
NG15|J1744-1134|55773.969059163|1430.514|7926,54.835969786566224,0.5785431786589761,0.07750040254085204,-0.1371442306048488,0.6,-0.00100707245200058,INT_01_GW150914_v4,pre
NG15|J1909-3744gbt|55918.675614477|1818.120|12243,73.93468574574256,0.5008699789395148,0.1099366293793147,-0.19167050170842076,0.4444444444444444,-0.0032051743444171128,INT_01_GW150914_v4,pre
NG15|J1713+0747|57657.971007849|1343.014|43464,50.524535891250025,0.7690263494685551,0.24903825747859515,0.31249778646409276,0.7777777777777778,-0.0004264844980103066,INT_01_GW150914_v4,post
NG15|J0636+5128|56943.421061140|806.691|25645,24.09800833653383,0.30532206957174823,0.10954607300422328,-0.16035154985490113,0.7777777777777778,-0.0031411574766715532,INT_01_GW150914_v4,pre
NG15|J1909-3744|58553.504859769|1185.178|6986,42.74739897352287,0.3679105605829262,0.1478185552837532,0.327175767565167,0.6666666666666666,2.7982679972694772e-05,INT_02_GW190503_185404_v2,pre
NG15|J1713+0747|57646.972583918|799.687|53009,23.752896530787606,0.5653151876624937,0.12167569282884483,-0.03423798978221161,0.6666666666666666,0.0031724904746904354,INT_01_GW150914_v4,post
NG15|J1713+0747|58845.604584598|1387.291|7160,52.70621998934048,0.6321748484245232,0.1852821958473165,0.34691051472008705,0.5555555555555556,0.003921841823796939,INT_04_GW191126_115259_v1,post
NG15|J1643-1224gbt|57579.164924715|1367.953|9603,51.753368461710494,0.698021650088407,0.08330452071947138,-0.1975515428097671,0.6666666666666666,-0.0016233286282185133,INT_01_GW150914_v4,post
NG15|J1643-1224|58740.148355147|2215.970|18853,93.53815974861739,0.3224867493841015,0.16815153213661319,0.21597932320898003,0.3333333333333333,-0.003047030456972864,INT_03_GW190728_064510_v2,post
NG15|J1909-3744|56234.936509985|766.082|29216,22.097059547335025,0.6316587506315042,0.1129782670773961,-0.1569164353112899,0.625,-0.0007733121534828241,INT_01_GW150914_v4,pre
NG15|J1643-1224|58271.330427070|2822.710|18377,123.43438148169336,0.3118104531489328,0.16832980305168552,-0.4668441657658581,1.0,-0.002699773547431841,INT_02_GW190503_185404_v2,pre
NG15|J2010-1323|56584.962606219|1568.956|6306,61.65749585897039,0.3861190136952863,0.09722695450494812,-0.11402824618902213,0.8,0.0017781044998939055,INT_01_GW150914_v4,pre
NG15|J1944+0907|57502.439144535|1524.760|1870,59.47980291682874,0.548557584425129,0.09988386209070593,-1.0,1.0,-0.0104160948406605,INT_01_GW150914_v4,post
NG15|J2145-0750|57741.827632733|1505.438|5183,58.52773976568247,0.33813878991309226,0.16484892570075807,-0.0359115247759523,0.5555555555555556,-0.004332547101766616,INT_01_GW150914_v4,post
NG15|J0613-0200|54013.639505806|876.000|9032,27.513107443396347,0.5408572318326318,0.16641107938566496,1.0,0.0,-0.013788664145760786,INT_01_GW150914_v4,pre
NG15|B1855+09|56166.056706170|1174.592|5573,42.22578938248496,0.4473737034087021,0.11648827474738943,0.1408345956735631,0.7777777777777778,0.0012592682131739254,INT_01_GW150914_v4,pre
NG15|J1918-0642|56978.848121644|1456.270|5615,56.10505883122639,0.2630997242216288,0.12807970183505155,0.42455404967339444,0.5,0.0006519991119402995,INT_01_GW150914_v4,pre
NG15|J1713+0747|57920.254609221|3717.134|58662,167.50580948608527,0.40564879688620176,0.13958192469954195,0.16319969963848524,0.8888888888888888,-0.00039965183709873863,INT_01_GW150914_v4,post
NG15|J1744-1134|54850.497685395|876.000|9432,27.513107443396347,0.2826927650391927,0.14187108410373914,0.1271516462608147,0.7777777777777778,0.0021006130895244945,INT_01_GW150914_v4,pre
NG15|B1937+21|57666.934764837|1487.624|1497,57.64998109812632,0.7037459663806745,0.21649859039614996,-0.1035571095272373,0.6666666666666666,-0.0013031315570589072,INT_01_GW150914_v4,post
NG15|J1909-3744|55307.349764204|900.471|22893,28.718880001708147,0.6350240195684361,0.13223515103898467,-0.2817489232430784,0.6666666666666666,-0.0027866726315472386,INT_01_GW150914_v4,pre
NG15|J1802-2124|58849.779756349|915.312|6140,29.450148463884005,0.22401069692926534,0.09680143327180622,0.48873335361569975,0.4,0.007113418389110665,INT_04_GW191126_115259_v1,post
NG15|J1909-3744|56739.474961593|1855.356|16554,75.7694349174682,0.5540046240008959,0.1290509790952941,-0.12488733069162043,0.6666666666666666,-0.002172568598532658,INT_01_GW150914_v4,pre
NG15|J1918-0642|58730.178564151|750.495|15197,21.32903303160596,0.4140599735112571,0.09837929676805127,0.1771162315472656,0.5,0.016914637788832607,INT_03_GW190728_064510_v2,post
NG15|B1855+09|57667.935024826|1400.090|4566,53.33687190278222,0.8443735715317422,0.20196301997975863,-0.06769543811643462,0.5555555555555556,-0.0009023346710051841,INT_01_GW150914_v4,post
NG15|J0509+0856|58525.010833520|1251.369|1569,46.00886321312142,0.4201763301515893,0.08858066044573662,-0.8425509134226715,0.5,-0.004407084116820299,INT_02_GW190503_185404_v2,pre
NG15|J0340+4130|56332.050802827|1158.566|4998,41.43613178698396,0.3167126134669165,0.055714513570573304,-0.8834857580677783,0.6666666666666666,0.0020334584163347624,INT_01_GW150914_v4,pre
NG15|J1909-3744|57600.252400329|1205.191|6553,43.733510134059586,0.46479336577621405,0.17331866434766263,-0.5898892512448554,0.8888888888888888,-0.0008434173912580754,INT_01_GW150914_v4,post
NG15|J1600-3053|57765.581912621|1194.098|2608,43.18691886319395,0.5485615742339444,0.13700746501850647,0.6591987463305973,0.7142857142857143,-0.002488919916469258,INT_01_GW150914_v4,post
NG15|J1918-0642|55365.165027243|1506.432|4562,58.57671765473326,0.4703402249639667,0.14223527610648415,-0.9489451669841854,1.0,-0.0001781500869248514,INT_01_GW150914_v4,pre
NG15|J1614-2230|56921.850092243|897.320|13960,28.563619107946533,0.4297033848753068,0.054856769123397126,-0.5414327035757545,0.5,-0.002843735276011981,INT_01_GW150914_v4,pre
NG15|J1713+0747ao|57949.062537329|1236.295|8994,45.266114018401474,0.683043694120105,0.28013539496957607,0.20482724993437584,0.6,0.0014212361773946476,INT_02_GW190503_185404_v2,pre
NG15|J1909-3744gbt|54220.338483074|832.000|21352,25.3450721131802,0.5394959917484641,0.14599962274220576,-0.012835526847436213,0.5555555555555556,-0.0026144135388814264,INT_01_GW150914_v4,pre
NG15|J1600-3053gbt|55340.132254708|756.730|18780,21.636253492603633,0.41709477449560406,0.09580311622210845,0.36652410620425074,0.3333333333333333,0.00195838066850595,INT_01_GW150914_v4,pre
NG15|J1640+2224|57671.830423146|1274.626|12547,47.154817705731354,0.2764021177088056,0.16650849227730047,-0.12075466210200445,0.6666666666666666,-0.007075135447948357,INT_01_GW150914_v4,post
NG15|J1744-1134|55365.129799102|1217.976|8502,44.36347221807808,0.6570728943409136,0.11545553052991472,0.4396936006485631,0.8571428571428571,0.002279281884198118,INT_01_GW150914_v4,pre
NG15|J1713+0747|57348.710803769|2350.741|15261,100.1788026915392,0.6743716651735033,0.20799765199845163,0.0014290161185802003,0.5555555555555556,0.004895480633770311,INT_01_GW150914_v4,post
NG15|J1713+0747gbt|58754.044055220|1842.937|13630,75.15750694551468,0.6976242089460405,0.2254662864046048,-0.5005217833087054,0.7777777777777778,0.0017846838721529005,INT_04_GW191126_115259_v1,pre
NG15|J1909-3744gbt|55948.593760072|769.217|24741,22.251532064612924,0.5579978565006236,0.1099366293793147,-0.19167050170842076,0.4444444444444444,-0.0032051743444171128,INT_01_GW150914_v4,pre
NG15|J0740+6620|58907.660988336|750.510|8364,21.32977213455944,0.5514121241418561,0.10580617730460587,-0.3004227438901198,0.8,0.0003275160994260206,INT_05_GW200219_094415_v1,post
NG15|B1937+21gbt|58094.650484339|1529.670|7703,59.72173595026877,0.7227515626533496,0.14478840053671516,0.06113729040478264,0.4444444444444444,-0.001924132932876289,INT_02_GW190503_185404_v2,pre
NG15|B1937+21gbt|54796.685011782|1412.000|802,53.92371964784755,0.7170891473771885,0.26710609596308554,0.4749899460459314,0.4444444444444444,-0.005092849740952435,INT_01_GW150914_v4,pre
NG15|J0340+4130|57457.956888921|1517.974|2947,59.14543274067313,0.29895270681959396,0.02501800002618794,-1.0,1.0,0.0007396976145937538,INT_01_GW150914_v4,post
NG15|J1713+0747gbt|57370.715390228|1308.315|21055,48.81479366572344,0.16320774721539988,0.16698098166775396,-0.3027044082880499,0.6666666666666666,-0.0012684477631455112,INT_01_GW150914_v4,post
NG15|J1600-3053gbt|56095.186051599|1867.214|6723,76.35372043896146,0.5338729476336214,0.07942448704140684,0.2448344877058715,0.4,0.002285216789027256,INT_01_GW150914_v4,pre
NG15|J0340+4130|56003.946929205|812.187|9196,24.368815658689922,0.2958959767477536,0.0785580532548875,-0.39905799665755187,1.0,0.003716060782251525,INT_01_GW150914_v4,pre
NG15|J1125+7819|57914.805380060|753.621|5678,21.48306208711177,0.4819465349138822,0.07455875108227754,-0.9220686703702883,1.0,-0.0004990432662176727,INT_01_GW150914_v4,post
NG15|B1855+09|57522.331169611|1387.598|3890,52.72134696312177,0.6775458148380844,0.09047330991058297,1.0,0.0,0.003756566810847264,INT_01_GW150914_v4,post
NG15|J1600-3053gbt|56641.594821340|825.459|17923,25.02277395193148,0.37077862513246707,0.09550600445644318,-0.15008299275237955,0.6666666666666666,0.002788914563126237,INT_01_GW150914_v4,pre
NG15|J0340+4130|56614.238856090|762.964|7654,21.943424680071075,0.21560807709623137,0.055015606662870364,-0.5753891957255362,0.75,-0.001748895437133187,INT_01_GW150914_v4,pre
NG15|J1747-4036|58544.538318372|728.582|6372,20.249302163628084,0.3137667731360906,0.027044904238402594,-1.0,1.0,-0.0011333366003669263,INT_02_GW190503_185404_v2,pre
NG15|J2033+1734|57389.793983307|1749.562|1652,70.5565910600844,0.25878540776755155,0.15303726958212024,0.06546949159100203,0.6666666666666666,-0.005132524475779893,INT_01_GW150914_v4,post
NG15|J2145-0750|57258.130078793|1442.374|1567,55.42035385511994,0.31368056672321465,0.03628847280307292,-1.0,1.0,-0.002183745250158646,INT_01_GW150914_v4,pre
NG15|J2010-1323|55361.173782678|809.819|13928,24.252135939100103,0.3020061699481207,0.09933792739368419,0.8980246754797913,0.25,0.003727280674938106,INT_01_GW150914_v4,pre
NG15|J1747-4036|57315.892345642|1643.004|2034,65.30610222560323,0.2632771291691469,0.03891723328222436,0.6042310492442499,0.3333333333333333,-0.001180350246043429,INT_01_GW150914_v4,post
NG15|J0636+5128|58300.953416165|1655.448|13265,65.91926203581255,0.35810920204979685,0.10050045709434084,0.04341840532485872,0.6666666666666666,-0.0018546525693982658,INT_02_GW190503_185404_v2,pre
NG15|J0030+0451|58697.359775019|1737.725|8436,69.97334028272603,0.4601549075203378,0.05788534554407286,0.060965210826988976,0.7777777777777778,-0.0014674620025310347,INT_03_GW190728_064510_v2,post
NG15|J1747-4036|56606.852691385|1318.024|2410,49.293190370747716,0.4555479778809656,0.09108625093793353,0.23201407427991153,0.4,0.00024978647995023103,INT_01_GW150914_v4,pre
NG15|B1937+21gbt|58759.983383996|862.957|11331,26.870432788577954,0.8153134427774643,0.18981354317591875,0.5079989261304109,0.5555555555555556,-0.004869487021951394,INT_04_GW191126_115259_v1,pre
NG15|J1918-0642|58271.301971372|1641.784|3106,65.24598851871997,0.42460896898230166,0.12343258397215345,-0.16455259726485036,0.8333333333333334,-0.0033421125674208073,INT_02_GW190503_185404_v2,pre
NG15|J0645+5158|57364.626001332|759.856|9563,21.79028254810944,0.20387677060459927,0.08218536532081476,0.5460869313831154,0.5,0.0036776431004774896,INT_01_GW150914_v4,post
NG15|J0030+0451|57502.620503337|2074.386|18648,86.56181624422369,0.28160037860116427,0.10145711014987686,0.21515397283696747,0.5,-0.0004269941477971019,INT_01_GW150914_v4,post
NG15|J1614-2230|55271.307174470|1442.304|8116,55.4169047080037,0.5510540993933626,0.10338228128845747,0.1831409988839095,0.4444444444444444,0.002490017948259863,INT_01_GW150914_v4,pre
NG15|B1937+21gbt|58015.898645343|1342.993|3766,50.523501147115155,0.5660733311892749,0.1615839163861056,0.2863565045466994,0.5,-0.0039000607403627823,INT_02_GW190503_185404_v2,pre
NG15|J0636+5128|57012.232596086|1355.442|9521,51.136907324975624,0.22243558079684347,0.05498283519906735,-0.19607931817539553,0.6666666666666666,-0.0005158098485895371,INT_01_GW150914_v4,pre
NG15|J0023+0923|57608.293587942|434.687|1197,5.768057996040051,0.19250962918407086,0.11235953122889733,0.6387524328995021,0.7777777777777778,0.0015138036570360698,INT_01_GW150914_v4,post
NG15|J1744-1134|55616.400600567|1430.485|3220,54.83454085418949,0.5505203578434882,0.14876881452504387,0.10189955461694529,0.4,-0.003503329632937953,INT_01_GW150914_v4,pre
NG15|J0030+0451|58544.787391051|1649.812|6955,65.64155641942395,0.3529965232451601,0.16594909805275254,-0.31469311215961626,0.5555555555555556,-0.0038549200842793434,INT_02_GW190503_185404_v2,pre
NG15|J0610-2100|58011.517662105|850.448|2873,26.254070198903552,0.13621622138099132,0.0974813922201409,-0.6002708731469724,0.5,0.002020840860405458,INT_02_GW190503_185404_v2,pre
NG15|J1643-1224gbt|56193.830031025|834.963|11329,25.491069583258167,0.6097071388916645,0.03493079866547085,-0.026201279454242696,0.25,-0.0013689505563529148,INT_01_GW150914_v4,pre
NG15|J1747-4036|58363.028487757|1317.940|1225,49.28905139420822,0.31715964139067926,0.02141189496513358,1.0,0.0,-0.0012972431096238601,INT_02_GW190503_185404_v2,pre
NG15|J1600-3053gbt|56431.244140431|766.095|14041,22.097700103228046,0.4493744962313641,0.0501244158021573,0.10567620230810705,0.7142857142857143,0.0021650836999562687,INT_01_GW150914_v4,pre
NG15|J1640+2224|57855.293938004|1222.861|10700,44.6041734132623,0.5889250305880371,0.21594747465415132,-0.5699329882528863,0.8,-0.006694092308259096,INT_01_GW150914_v4,post
NG15|J0645+5158|57072.069748543|841.279|5930,25.802281200204646,0.5521810239895054,0.14921838986162786,-1.0,1.0,0.006812535414045956,INT_01_GW150914_v4,pre
NG15|J2317+1439|57773.855284172|436.250|2767,5.845072523792956,0.7106595131514342,0.15764528801421887,-0.262402447344448,0.6,-0.003997767965956705,INT_01_GW150914_v4,post
NG15|J1614-2230|57859.217500544|1318.508|5885,49.317038759380104,0.3873375336680835,0.07637026988241924,0.1692569299572965,0.5,-0.005861899791878663,INT_01_GW150914_v4,post
NG15|J1705-1903|58636.169308547|1552.375|2899,60.840491454190534,0.2901636556416396,0.0691563070438295,0.1702817402913723,0.75,0.003631908146998326,INT_02_GW190503_185404_v2,post
NG15|J1713+0747|57417.531753936|1724.960|10510,69.3443636693122,4.486714067653318e-21,0.2530305813500331,-0.38520350335626613,0.5555555555555556,0.0020451933268088467,INT_01_GW150914_v4,post
NG15|J1832-0836|56407.304961607|759.852|5746,21.790085453988514,0.3278410854886215,0.041410017385741245,0.26120777639240406,0.3333333333333333,-0.00221506261502949,INT_01_GW150914_v4,pre
NG15|J2010-1323|57986.126316327|887.979|11230,28.10335506204769,0.5653166005831428,0.12724367776062045,-0.837086540173797,1.0,-0.005481702538018476,INT_02_GW190503_185404_v2,pre
NG15|J0636+5128|57364.603740081|784.850|15433,23.021825162732675,0.2304933068164346,0.12223683513753812,-0.049090433728319935,0.6666666666666666,-0.00038211480682239104,INT_01_GW150914_v4,post
NG15|J0613-0200|56485.502131354|781.705|10209,22.866859910152456,0.7116016548964419,0.056118106656592386,-0.271798018104715,0.6,-0.003440009935849329,INT_01_GW150914_v4,pre
NG15|J1600-3053gbt|58460.578743225|1792.970|5264,72.6954564604031,0.5707842460264886,0.08924280902470276,0.3203328093795113,0.5,-0.0023535124944911875,INT_02_GW190503_185404_v2,pre
NG15|J1909-3744gbt|57586.236078105|745.000|25160,21.0582749829801,0.4331337855963007,0.14807826664224616,-0.21182564493258027,0.7777777777777778,0.002890721803395972,INT_01_GW150914_v4,post
NG15|J1125+7819|58011.701747829|881.717|5994,27.79480421573375,0.45060223545041644,0.09008781135963008,-0.5183823249211753,1.0,0.0003032757942027366,INT_02_GW190503_185404_v2,pre
NG15|J1713+0747|57597.050429704|1399.226|5758,53.29429957266162,0.6441371768156698,0.17195463677332593,-0.4198802489327656,0.7777777777777778,0.0016121913953526525,INT_01_GW150914_v4,post
NG15|J1713+0747gbt|56515.197135670|1582.150|18536,62.30761081685385,0.37539377261952833,0.16265660106060179,0.2206913325618189,0.5555555555555556,0.0003208710513092631,INT_01_GW150914_v4,pre
NG15|J1614-2230|58335.893306941|806.699|14879,24.098402524775686,0.3149117098489922,0.020625079882515697,0.6851639309595615,0.25,0.00037867068997870005,INT_02_GW190503_185404_v2,pre
NG15|J0030+0451|58765.150571173|1236.274|5908,45.26507927426659,0.5580574633680584,0.07390985863915378,-0.051782498535611246,0.5555555555555556,-0.0021706897569086637,INT_04_GW191126_115259_v1,pre
NG15|J1744-1134|58461.707911314|884.898|14907,27.95154331540233,0.7450090607938695,0.12062237540290728,1.0,0.0,-0.0043268990517960045,INT_02_GW190503_185404_v2,pre
NG15|J1640+2224|57597.027597668|1236.739|11350,45.28799146582457,0.4236944008568587,0.17528527400373586,0.1066345765666043,0.6666666666666666,-0.006866320011570222,INT_01_GW150914_v4,post
NG15|J1600-3053|55521.624338903|812.187|14242,24.368815658689922,0.3517975804255966,0.08753586844704575,0.2198400242479945,0.4,0.004402015987471106,INT_01_GW150914_v4,pre
NG15|B1937+21|58217.500192617|803.683|21104,23.949793557595417,0.7755682513066112,0.2040826157453715,-0.6379011030729734,0.5,-0.007455582163439657,INT_02_GW190503_185404_v2,pre
NG15|J1640+2224|58584.295367315|1450.597|9604,55.8255300942192,0.2528191919423017,0.12798905711061714,0.22856482444372941,0.75,-0.0007282516648965719,INT_02_GW190503_185404_v2,pre
NG15|J1802-2124|58882.726284362|891.078|4306,28.25605373223723,0.2858859694208725,0.09680143327180622,0.48873335361569975,0.4,0.007113418389110665,INT_05_GW200219_094415_v1,pre
NG15|J1903+0327ao|55638.491667978|2370.000|4017,101.12776161028086,0.38189021643910864,0.08331109492822751,0.2802533445235276,0.3333333333333333,-0.0007939151596162643,INT_01_GW150914_v4,pre
NG15|J1614-2230|55268.433887760|1455.085|10437,56.04666969790125,0.42809053365635147,0.07880427639444344,-0.12338928513165966,0.5555555555555556,0.00032258117141366577,INT_01_GW150914_v4,pre
NG15|J1741+1351|57710.743204371|1562.404|5275,61.334655688889114,0.4056351759172213,0.0695562301140623,0.745498721905554,0.6666666666666666,0.0017742545925062889,INT_01_GW150914_v4,post
NG15|J1738+0333|56304.591832299|1712.273|6757,68.71923039125646,0.2729701270652161,0.09519354095864449,-0.3592186065201021,0.6666666666666666,-0.003250685377136066,INT_01_GW150914_v4,pre
NG15|J1600-3053|58187.379303038|1643.130|2810,65.3123106904125,0.4551411484625881,0.0868511254313918,-0.06438921833961658,0.8888888888888888,-0.0021477825112981015,INT_02_GW190503_185404_v2,pre
NG15|J1713+0747ao|56299.596145114|1848.682|14939,75.4405833766986,0.5157669619371945,0.2551109928486426,0.006805340411828527,0.8,-0.0030581570885366096,INT_01_GW150914_v4,pre
NG15|J0030+0451|56538.276391989|1424.056|8994,54.51776132832678,0.4698577543187162,0.12539318861301846,-0.43426374684574304,0.5555555555555556,-0.004171644604226353,INT_01_GW150914_v4,pre
NG15|B1953+29|56290.776880127|1236.125|1416,45.257737518262,0.29962841196331763,0.10432799124822995,-0.22270171671187297,0.7777777777777778,-0.004619506601513553,INT_01_GW150914_v4,pre
NG15|J1600-3053gbt|56643.633551550|1543.750|8150,60.41550725593794,0.4067558437804868,0.09550600445644318,-0.15008299275237955,0.6666666666666666,0.002788914563126237,INT_01_GW150914_v4,pre
NG15|B1937+21ao|58818.781227827|1687.283|3144,67.48788487075414,0.20780016356075523,0.18543234935262262,-0.9998997008441054,1.0,0.01083975445397378,INT_04_GW191126_115259_v1,post
NG15|J1909-3744gbt|56606.943791285|1165.597|14570,41.78257397804645,0.6752911733834636,0.1669698855294357,0.019889881417453188,0.5555555555555556,-0.004763810470253677,INT_01_GW150914_v4,pre
NG15|J0636+5128|58424.213403216|1755.469|2266,70.84764980316594,0.1345440354191614,0.056077153124318324,-0.0060825716872271495,0.6666666666666666,-0.00012694461629063214,INT_02_GW190503_185404_v2,pre
NG15|J1747-4036|58824.818877119|803.597|10694,23.945556033995448,0.3432889676451124,0.04385834532111759,-1.0,1.0,-0.0018544961998926874,INT_04_GW191126_115259_v1,post
NG15|J2317+1439|56998.931419344|1712.109|7894,68.71114953229838,0.20815620497269624,0.15325153596571003,0.31610383173616424,0.4444444444444444,-0.0038178913567838944,INT_01_GW150914_v4,pre
NG15|J2234+0611|58973.467529684|1312.598|1125,49.025832195707885,0.19420704543044243,0.15238752835357344,-0.010884701107934956,0.7777777777777778,0.0003453361962999734,INT_05_GW200219_094415_v1,post
NG15|J1600-3053gbt|56002.473178883|1205.582|3233,43.75277608438037,0.6059487211953608,0.08379651852390303,0.28600410240899526,0.5,0.002484867953386028,INT_01_GW150914_v4,pre
NG15|J1923+2515|56654.725918331|1574.718|1182,61.94140994016825,0.1949536638737525,0.06044348709832122,1.0,0.0,-0.0074326615758878115,INT_01_GW150914_v4,pre
NG15|B1953+29|56951.970804065|1737.273|3776,69.95106864706109,0.35285757275674073,0.11202495970924545,-0.26030891965704556,0.6666666666666666,-0.004107089590440023,INT_01_GW150914_v4,pre
NG15|J0740+6620|58826.742148129|879.375|9637,27.679405607929972,0.24642622991867152,0.16399011505045138,-0.3346741572706001,0.6666666666666666,-0.0037473451912019614,INT_04_GW191126_115259_v1,post
NG15|J2234+0944|57915.403934978|2062.670|6219,85.98452756402342,0.40366446719336957,0.1308495997153604,-0.15692973855955847,0.6666666666666666,-0.0042583705279246615,INT_01_GW150914_v4,post
NG15|J2317+1439|53383.850029820|436.000|1025,5.8327541412349095,0.7304392996618384,0.05004281563959209,-0.586279357822386,0.5,0.03800692444534418,INT_01_GW150914_v4,pre
NG15|J1811-2405|58015.974356549|1879.339|864,76.9511619930267,0.3136841969864935,0.06665989236635093,-0.6829263043179709,1.0,-0.0016409127769081847,INT_02_GW190503_185404_v2,pre
NG15|J0030+0451|57907.496338860|437.812|941,5.922037778015629,0.8141878471473482,0.14662571359135365,-0.032462798411898114,0.7777777777777778,-0.002728124455148156,INT_01_GW150914_v4,post
NG15|J0030+0451|58682.370360311|1261.249|14149,46.49568569181542,0.41616133120790577,0.05599021682541267,-0.0385323369310979,0.8888888888888888,-0.0005072847291318906,INT_03_GW190728_064510_v2,pre
NG15|J1744-1134|57978.077861548|1878.922|4261,76.93061493091989,0.6368354805031301,0.201458057438073,-0.7668854569934448,0.75,0.004466104544508908,INT_02_GW190503_185404_v2,pre
NG15|J1713+0747ao|56519.018191517|1351.893|10736,50.9620355661816,0.733753668934698,0.17996745580694382,-0.25562998752608945,0.8333333333333334,-0.006929366496936472,INT_01_GW150914_v4,pre
NG15|J1918-0642|56829.336075058|844.225|17341,25.947441020268666,0.429491263243621,0.0753628509601307,0.7697913321107264,0.5,-0.0021256846086298207,INT_01_GW150914_v4,pre
NG15|J0636+5128|58488.051573999|737.694|30450,20.698282571103757,0.1915070982010211,0.056077153124318324,-0.0060825716872271495,0.6666666666666666,-0.00012694461629063214,INT_02_GW190503_185404_v2,pre
NG15|J1705-1903|58827.658904747|1228.588|145,44.886362920902016,0.27039207720123015,0.07377995644614076,0.3891613300542145,0.5,0.005747874821529499,INT_04_GW191126_115259_v1,post
NG15|J1909-3744gbt|55670.389705584|1405.455|3232,53.601224392477896,0.7045484626657577,0.16123536353959525,-0.3433505094060257,0.875,-0.0009105930080093678,INT_01_GW150914_v4,pre
NG15|J1713+0747ao|59020.156896719|2265.208|18931,95.96428983018973,0.23642971150801312,0.16989260903790618,0.002657714058519858,0.625,-0.00415935568520121,INT_05_GW200219_094415_v1,post
NG15|J1853+1303|57418.565474639|1650.311|2676,65.66614391100981,0.5057636785509775,0.0804020480197867,0.4011722960496396,0.5,0.0013386046727719414,INT_01_GW150914_v4,post
NG15|J1643-1224|57550.296011931|778.585|17816,22.713126495828035,0.6938040646217893,0.03208574531627687,1.0,0.0,-0.005611847856856948,INT_01_GW150914_v4,post
NG15|J1614-2230|56310.474746644|1318.068|3326,49.29535840607794,0.6662311163244473,0.10553127951780253,0.46150100294622115,1.0,0.002345967409754724,INT_01_GW150914_v4,pre
NG15|J1944+0907|56426.367217655|437.812|213,5.922037778015629,0.6094949419278352,0.09874652601194771,-0.7260697839450306,0.7777777777777778,-0.003087582953364369,INT_01_GW150914_v4,pre
NG15|J2214+3000|57789.716164941|1162.875|4859,41.64845142875444,0.16432633990667045,0.1097166783275377,0.24943700042130068,0.6666666666666666,-0.0022260297916230467,INT_01_GW150914_v4,post
NG15|J1713+0747|56095.101374867|1529.432|35780,59.710008850073514,0.44308398392482384,0.14756931599265283,-0.5673976843159261,0.8888888888888888,-0.000491543994805859,INT_01_GW150914_v4,pre
NG15|J0340+4130|56130.631740287|1680.906|3744,67.17366756846351,0.291340666309955,0.08396421111938131,0.7785903488702468,0.5,0.0015612505357221582,INT_01_GW150914_v4,pre
NG15|B1937+21|57622.067327427|1200.133|3145,43.484284618145196,0.00011498702048726616,0.2659179561630907,-0.3210971118758134,0.875,0.0007644002781228192,INT_01_GW150914_v4,post
NG15|J2010-1323|55463.926226892|1417.848|2766,54.211871252645366,0.40903160219761775,0.08721402751850431,0.2844326068842223,0.4,0.0035557282546679904,INT_01_GW150914_v4,pre
NG15|B1937+21|58945.496091763|868.898|19628,27.163166831687366,0.5673644918856693,0.1488831933181078,-0.100921129648535,1.0,-0.004160950207568242,INT_05_GW200219_094415_v1,post
NG15|J1832-0836|56551.023608152|734.808|7307,20.55607916285367,0.25733023003375105,0.020249261058066913,-1.0,1.0,-0.0009996027840344381,INT_01_GW150914_v4,pre
NG15|J1909-3744gbt|57642.137915923|1581.793|21238,62.29002016656095,0.4248233097884814,0.1744860341122757,-0.14676442557748856,0.7777777777777778,0.0025774963875795087,INT_01_GW150914_v4,post
NG15|J1713+0747gbt|57571.235159429|1192.999|14124,43.132767253468785,0.6655431958844097,0.11664627292166946,-0.6501491828986065,1.0,0.000647756128036689,INT_01_GW150914_v4,post
NG15|J1946+3417|58528.613154939|1169.837|2245,41.991493746230915,0.33439578132476766,0.0804656588488192,0.00505853764340002,0.6666666666666666,-0.0035807775378743634,INT_02_GW190503_185404_v2,pre
NG15|J1909-3744|57181.347607367|2504.482|32422,107.75416450296558,0.43604741814378545,0.07519843953807917,-0.10285444460688062,0.8333333333333334,0.0017388884186904578,INT_01_GW150914_v4,pre
NG15|B1937+21|56851.166789262|885.002|20412,27.956667762546473,0.8055299651253217,0.03788820916041762,-0.2823298500818753,0.6,-0.0006756520704305361,INT_01_GW150914_v4,pre
NG15|J2317+1439|58793.089413537|440.937|3605,6.076017559991208,0.4538789240082402,0.18466031523124096,-0.5975701139000257,0.6666666666666666,-0.004244207521624996,INT_04_GW191126_115259_v1,pre
NG15|J0030+0451|58643.503747764|1574.701|6879,61.94057229015429,0.5312897174534725,0.05567425746089002,-0.08699659987426028,0.8888888888888888,-0.000509876152059054,INT_02_GW190503_185404_v2,post
NG15|J1600-3053gbt|55799.872994302|1456.059|8649,56.09466211634739,0.4969190175496535,0.09826061482429996,0.2947862964348011,0.5,0.0032644692217336903,INT_01_GW150914_v4,pre
NG15|J1811-2405|58786.966013916|1805.333|2538,73.30462511466361,0.3577189538495747,0.024330377886414907,-0.38092470406479856,0.75,-0.00017339536665271732,INT_04_GW191126_115259_v1,pre
NG15|J1012+5307|56266.263196709|1530.020|12444,59.738981685850035,0.39420884220779767,0.12568169951815525,0.017666189847171148,0.7777777777777778,-0.0037402589565591025,INT_01_GW150914_v4,pre
NG15|J0740+6620|58883.884290689|841.089|13048,25.792919229460534,0.26515916979003684,0.10653016541510715,-0.2330810678008491,0.7142857142857143,-0.00019272087486787987,INT_05_GW200219_094415_v1,pre
NG15|J1909-3744gbt|56762.448332303|1392.772|17422,52.976288208543096,0.493407765238067,0.13262307716609062,-0.8126547649096664,1.0,0.0023376728997755516,INT_01_GW150914_v4,pre
NG15|J1125+7819|57365.482205841|1240.433|1489,45.47000788650225,0.3318807241456934,0.07122171878057208,0.3186009992159188,0.5555555555555556,-0.0029329507668138547,INT_01_GW150914_v4,post
NG15|B1937+21|58650.250954611|1812.473|6310,73.65643812052141,0.6358575586343271,0.2526585504235741,0.1539265959591365,0.7142857142857143,-0.0029559214441200873,INT_03_GW190728_064510_v2,pre
NG15|J0613-0200|55493.538279360|822.356|9260,24.86987818762101,0.6307028430763951,0.07389086404871499,0.475628781068657,0.5,-0.003061900799427448,INT_01_GW150914_v4,pre
NG15|J1600-3053gbt|55493.701040043|809.837|19218,24.253022862644286,0.4573624663738924,0.11189910004054258,0.31585704755062943,0.4444444444444444,0.003201541477449436,INT_01_GW150914_v4,pre
NG15|J2043+1711|57186.345099603|436.250|1995,5.845072523792956,0.5395613485308238,0.07475617117048498,0.7190957351694808,0.0,-0.0025710214926063487,INT_01_GW150914_v4,pre
NG15|B1937+21|58583.463466160|844.207|17580,25.946554096724483,0.8638418833643323,0.2468433158025727,0.2664527737992711,0.6666666666666666,-0.0027987427404444092,INT_02_GW190503_185404_v2,pre
NG15|J1713+0747ao|57133.328311677|2249.520|19905,95.1912866879072,0.5362751584901972,0.15463799065906814,0.04528062343684093,0.6,-0.005502767597556865,INT_01_GW150914_v4,pre
NG15|J0023+0923|57668.154619042|1462.573|5900,56.41562989227985,0.17093828979267464,0.10162865178196465,0.5905203662489149,0.6666666666666666,0.001814681221538697,INT_01_GW150914_v4,post
NG15|J0437-4715|58850.235435389|1337.651|87,50.260281948614825,0.6954086793300734,0.2742048165150193,-0.36104874944298315,0.6666666666666666,0.002762283930586778,INT_04_GW191126_115259_v1,post
NG15|J0613-0200|55949.290804737|1185.272|4825,42.75203068536469,0.4359961429883104,0.06700426563868568,-0.9134284001739036,1.0,-0.0028558890187392657,INT_01_GW150914_v4,pre
NG15|J1903+0327|56737.483961425|2174.210|5971,91.48049712612134,0.35463573909107,0.07094721048171802,1.0,0.0,-0.003648163738880436,INT_01_GW150914_v4,pre
NG15|B1937+21|56003.489815580|891.088|17004,28.256546467539554,0.6881033049460692,0.08228813311449752,0.479570531453288,0.6666666666666666,-0.0027025425717489464,INT_01_GW150914_v4,pre
NG15|J1944+0907|59056.160428131|1699.793|3755,68.10429673395879,0.41012300938337665,0.1543029413389832,0.4154422828272632,0.5555555555555556,-0.002399653128684774,INT_05_GW200219_094415_v1,post
NG15|J0030+0451|56998.011386402|1300.156|9133,48.41277093255904,0.6142233716344812,0.16648091684166014,-1.0,1.0,-0.007378496161209499,INT_01_GW150914_v4,pre
NG15|J1713+0747|56003.341349430|844.221|48865,25.947243926147735,0.8003602622283764,0.1520697729134244,0.07829834106895171,0.42857142857142855,0.0017683882477181948,INT_01_GW150914_v4,pre
NG15|J1614-2230|57835.364828469|837.964|14960,25.638939447484955,0.4596156690989512,0.03426590823428745,-1.0,1.0,-0.003286385373888013,INT_01_GW150914_v4,post
NG15|J1643-1224|57920.207938781|3112.106|20045,137.69394403676682,0.33416728245746913,0.11315366826172504,0.027613072684363724,1.0,-0.0022875350385988995,INT_01_GW150914_v4,post
NG15|J1918-0642|56551.050724563|791.101|13597,23.329834000214063,0.37806903391746033,0.08632247347369545,-0.4748698102266371,0.75,0.0004016903396080207,INT_01_GW150914_v4,pre
NG15|J1125+7819|58905.947722343|1680.286|988,67.14311797971956,0.5124075781826208,0.1362294967822934,0.4930198033452189,0.3333333333333333,0.0014210559812484313,INT_05_GW200219_094415_v1,post
NG15|J1909-3744|56352.530688411|1217.446|4192,44.337357247055,0.7137912874315341,0.10939027229012753,-0.6002123730066002,0.8,-0.004580374616549392,INT_01_GW150914_v4,pre
NG15|J0636+5128|56851.644337621|897.377|28361,28.56642769916976,0.25104822270061766,0.08368721762847744,-0.2818249929892404,0.6666666666666666,-0.0011048086298028144,INT_01_GW150914_v4,pre
NG15|J1713+0747|57669.839388313|1271.902|12644,47.02059660937889,0.7529929339516399,0.25946330754214875,0.08039735688364079,0.7777777777777778,0.0020390467865095455,INT_01_GW150914_v4,post
NG15|J1713+0747gbt|54009.766354798|1408.000|1091,53.72662552691881,0.49432937250016573,0.07319061474813068,-0.660754684805973,1.0,0.002235825132015351,INT_01_GW150914_v4,pre
NG15|J1918-0642|55005.147397351|1392.000|596,52.93824904320385,0.3443325587761467,0.14643581731591376,0.20167549991365089,1.0,0.003115876920392275,INT_01_GW150914_v4,pre
NG15|J1600-3053|58820.768114820|2632.160|21136,114.0453102959505,0.2454317048895858,0.16829757026459735,0.22808050057590465,0.3333333333333333,-0.00358174664039375,INT_04_GW191126_115259_v1,post
NG15|J0636+5128|57161.820682612|887.979|28068,28.10335506204769,0.18016203768551936,0.03620433914329023,0.012271811972208686,0.5555555555555556,-0.0020658811671528366,INT_01_GW150914_v4,pre
NG15|J1455-3330|53219.022315531|1400.000|551,53.33243728506133,0.16697263886435118,0.1336499120205767,-0.39693812223796776,0.5555555555555556,-0.0038715205305369245,INT_01_GW150914_v4,pre
NG15|J1643-1224gbt|57101.330341809|1527.926|7041,59.635802913543834,0.5743225405718144,0.06150979667458514,-0.4816420114008307,1.0,-0.002742466373604513,INT_01_GW150914_v4,pre
NG15|J2043+1711|58793.909352692|1324.802|4781,49.62716635866147,0.35216601722626384,0.04209232968637823,-0.19283848895230077,0.5,-0.0016546478951075863,INT_04_GW191126_115259_v1,pre
NG15|J1946+3417|59043.199634217|2262.231|3691,95.81760253068852,0.22880166344141228,0.10710911259279214,-1.0,1.0,-0.004839190904471494,INT_05_GW200219_094415_v1,post
NG15|J1713+0747|54710.851921262|1420.000|21899,54.31790788970503,0.7416170195817925,0.20750454273888416,0.412009467611712,0.3333333333333333,0.007033683670260486,INT_01_GW150914_v4,pre
NG15|J1643-1224|57822.407084086|2761.965|20809,120.44126088773929,0.30889639279856546,0.14668045130328553,-0.1169638595050617,0.6666666666666666,-0.0025616955855185886,INT_01_GW150914_v4,post
NG15|J1643-1224|56614.690009296|869.226|16935,27.17932854960352,0.5974133712379598,0.06750322863061776,0.1755031215231182,0.6666666666666666,-0.0016679111050500292,INT_01_GW150914_v4,pre
NG15|J1713+0747ao|56165.992133163|1154.169|1194,41.21947607455304,0.3441653975002486,0.1701455039473475,-0.7514064931247859,1.0,0.007952817714982317,INT_01_GW150914_v4,pre
NG15|J1918-0642|57369.885865330|775.442|10737,22.558259790308277,0.6098986905914271,0.09222209961710304,-1.0,1.0,0.00036565916458745294,INT_01_GW150914_v4,post
NG15|J1909-3744gbt|58633.273852957|1567.855|12830,61.60324570218476,0.39411842310436435,0.11189671750605092,-0.11336505415778761,0.6,0.0028693965396612026,INT_02_GW190503_185404_v2,post
NG15|J1909-3744gbt|56367.506013764|1693.149|7878,67.77692339909615,0.4543294184763292,0.10555312796065223,0.4865262627554529,0.3333333333333333,0.0007833954993220397,INT_01_GW150914_v4,pre
NG15|J0613-0200|56000.069494053|1517.691|4685,59.131488331617426,0.40991072877449053,0.0671346970241677,-0.3531405691941212,1.0,-0.003143535773013812,INT_01_GW150914_v4,pre
NG15|J2302+4442|56513.247798127|751.250|6567,21.366234546931256,0.25132669225568577,0.14163705306540458,1.0,0.0,-0.0034500043134348905,INT_01_GW150914_v4,pre
NG15|J1012+5307|55214.347964700|1376.000|1019,52.14987255948889,0.28503682047378864,0.180740926338049,-0.17338100901326642,0.5555555555555556,-0.00506441823451205,INT_01_GW150914_v4,pre
NG15|J1713+0747|57019.722839725|1717.984|36725,69.00063152241248,0.2333521338786751,0.1745790661612702,-0.3806612785446189,0.7777777777777778,0.0006742044340545688,INT_01_GW150914_v4,pre
NG15|B1937+21gbt|54072.651465723|872.000|8495,27.316013322467604,0.7432898254947479,0.2802585782694984,0.5161275468149347,0.4444444444444444,-0.006178844613562184,INT_01_GW150914_v4,pre
NG15|J0610-2100|58272.811361492|909.901|2470,29.183529391797652,0.36203343219478346,0.08070268002892779,-0.09210440800612199,0.3333333333333333,-0.0021560614473706058,INT_02_GW190503_185404_v2,pre
NG15|J1910+1256|57914.226171287|1872.172|4952,76.59801860185263,0.27567444408700315,0.13558237684361255,0.22708429958582063,0.6666666666666666,-0.0056430405503856956,INT_01_GW150914_v4,post
NG15|J1012+5307|56347.017467117|728.592|25630,20.249794898930407,0.6617398212155089,0.17601174065737324,0.4409287996734319,0.6666666666666666,-0.007596480731909127,INT_01_GW150914_v4,pre
NG15|J1738+0333|58671.111451113|1288.597|1951,47.843218196605214,0.13371920538082888,0.11330959090960159,-0.23519888822825682,0.6666666666666666,0.000273927699093722,INT_03_GW190728_064510_v2,pre
NG15|J1643-1224|58137.611853005|1166.444|7294,41.82430865815311,0.5783760290987331,0.06021413850796385,-0.6552959866067909,0.8,-0.002064303463327528,INT_02_GW190503_185404_v2,pre
NG15|J1600-3053gbt|58671.028029594|1842.913|9075,75.15632438078913,0.5359358530972153,0.09392861400138612,0.7180854923386849,0.2,0.00332420691848535,INT_03_GW190728_064510_v2,pre
NG15|J1909-3744gbt|56432.429735893|1343.015|11393,50.52458516478027,0.6307230799994744,0.10207748993171253,0.30015610067394094,0.3333333333333333,0.001405983379889452,INT_01_GW150914_v4,pre
NG15|J1713+0747|54526.363021234|840.000|45933,25.739260355037683,0.45876310304881807,0.1347597483956307,0.8730628386413971,0.0,0.008072213662072848,INT_01_GW150914_v4,pre
NG15|J1713+0747|55360.986698101|744.528|48314,21.035017876710512,0.5964926770468851,0.13751815999216338,0.3971490276197459,0.5714285714285714,-0.0056106477215011686,INT_01_GW150914_v4,pre
NG15|J1713+0747|57883.358499113|1755.144|43991,70.83163590584047,0.6570332109612741,0.24104180396385752,-0.01868206931591516,0.5555555555555556,-0.0004748897211869525,INT_01_GW150914_v4,post
NG15|J1024-0719|58160.200070268|1830.386|4518,74.53907486757053,0.31949641025148456,0.1314115405652272,1.0,0.0,0.0009538387898634427,INT_02_GW190503_185404_v2,pre
NG15|J1918-0642|56151.071294502|1705.314|2143,68.3763358943707,0.5262759608986604,0.10063181594016739,1.0,0.0,-0.0022827023472623206,INT_01_GW150914_v4,pre
NG15|J0406+3039|58734.390607531|1801.486|2124,73.1150698438604,0.24007502298910322,0.10430601616555009,-1.0,1.0,-0.006859111243182261,INT_03_GW190728_064510_v2,post
NG15|J0023+0923|57937.396479546|439.375|3609,5.999052305768534,0.4481660220797435,0.12889878092492627,-0.10511667438550992,0.8,-0.003948903677411595,INT_01_GW150914_v4,post
NG15|J1918-0642|56003.510708238|881.724|16606,27.795149130445374,0.23648712284613002,0.12117230359774546,0.077143457982262,0.4,0.0015551819384431885,INT_01_GW150914_v4,pre
NG15|J1024-0719|58011.600427625|740.312|7899,20.827280673251618,0.3713634558177363,0.054762413456811584,-1.0,1.0,0.0005514497880818122,INT_02_GW190503_185404_v2,pre
NG15|J1600-3053|56945.855934929|1468.106|9831,56.68826033505452,0.5134327737902802,0.06136519533528319,-8.69231857734736e-05,0.8571428571428571,0.0009538618537216723,INT_01_GW150914_v4,pre
NG15|J0610-2100|58636.759238668|775.489|3352,22.560575646229193,0.17230664827297182,0.048310062085553176,0.9781129801822736,0.0,0.0061610760014280215,INT_02_GW190503_185404_v2,post
NG15|J0636+5128|57578.536423439|1307.785|14506,48.78867869470039,0.14461477481821938,0.03795961932118277,0.22627368137973167,0.7777777777777778,4.847475026117056e-05,INT_01_GW150914_v4,post
NG15|J1713+0747ao|58979.237733584|1412.690|12826,53.957718383707764,0.6376517430923606,0.16198685737360607,0.003288392403542188,0.6666666666666666,-0.00392732177701099,INT_05_GW200219_094415_v1,post
NG15|J1713+0747|56150.898743174|1613.144|41519,63.83479461287019,0.5970202492688231,0.14185083517514038,-0.3356563070609903,0.7777777777777778,0.0010848964845120864,INT_01_GW150914_v4,pre
NG15|J1614-2230|55271.290427244|1642.945|8082,65.30319508731952,0.28139113459682374,0.10338228128845747,0.1831409988839095,0.4444444444444444,0.002490017948259863,INT_01_GW150914_v4,pre
NG15|J1713+0747ao|58707.000742613|1198.819|12082,43.4195391994201,0.32643193785757546,0.3122271679048858,-0.4020556462871955,0.7777777777777778,0.0015083368621182237,INT_03_GW190728_064510_v2,post
NG15|J1713+0747|58070.841182749|900.453|53370,28.717993078163968,0.6902543798486301,0.15661691220310722,-0.14752639843152282,0.7777777777777778,0.0005258824181179638,INT_02_GW190503_185404_v2,pre
NG15|J1713+0747ao|58979.255932590|2203.353|15409,92.91647561767792,0.8054735371823916,0.16198685737360607,0.003288392403542188,0.6666666666666666,-0.00392732177701099,INT_05_GW200219_094415_v1,post
NG15|J1640+2224|57415.479482522|439.375|1022,5.999052305768534,0.6522937289989897,0.17384735677673407,0.07473630434456034,0.8888888888888888,-0.00356366966484096,INT_01_GW150914_v4,post
NG15|J1600-3053|57948.005364277|1201.624|1882,43.55775145172139,0.4249935902562086,0.10987090808681066,-0.39994778861050667,0.75,-0.0007998406391955495,INT_02_GW190503_185404_v2,pre
NG15|J2302+4442|56130.610319737|1680.710|835,67.16400995653801,0.24191571203478873,0.03408588330380125,-0.9999999999999999,1.0,-0.0017799043749324004,INT_01_GW150914_v4,pre
NG15|J1713+0747|56310.418263988|1306.436|43844,48.72220870241716,0.7482613096226972,0.13329024384927343,-0.08409850229373626,0.4444444444444444,-0.00018441581928214687,INT_01_GW150914_v4,pre
NG15|J1455-3330|55918.486111597|1467.972|3574,56.68165768200341,0.3093174996141525,0.08567975039891493,-0.12012278876377201,0.5,-0.0007438483169312509,INT_01_GW150914_v4,pre
NG15|J1713+0747|56720.517296331|1805.411|42235,73.3084684500217,0.6727952077996621,0.104508339381363,-0.10794363055441897,0.625,0.004334141321377684,INT_01_GW150914_v4,pre
NG15|J1909-3744|56492.271665113|1805.448|13337,73.31029157064032,0.6406981680269606,0.13599896231173025,-0.11141635878660958,0.75,-0.0002482248786277954,INT_01_GW150914_v4,pre
NG15|J1909-3744gbt|58138.707794678|1780.413|1526,72.07672874127756,0.605657157375061,0.14242226517531512,-0.3970112129483032,0.8888888888888888,-6.143583839783312e-05,INT_02_GW190503_185404_v2,pre
NG15|J2010-1323|57012.809217287|793.436|16585,23.44488769330622,0.2509366571371675,0.07155140122838144,-0.5661135329296763,0.8,0.00130751800906375,INT_01_GW150914_v4,pre
NG15|J1614-2230|56035.318989809|744.256|16242,21.021615476487355,0.4630660887145205,0.13851556382278155,1.0,0.0,-0.005285705008236911,INT_01_GW150914_v4,pre
NG15|J1713+0747|58605.299645367|1699.842|10659,68.10671113694018,0.319958920939429,0.17619394381837367,-0.14056343982299385,0.5555555555555556,0.0016813426055807639,INT_02_GW190503_185404_v2,pre
NG15|J1713+0747|58188.420986731|897.432|46290,28.56913774333254,0.7377301188414528,0.18400084908744024,0.26313459766009184,0.4444444444444444,0.001257359439548546,INT_02_GW190503_185404_v2,pre
NG15|B1937+21gbt|54794.690512736|836.000|8851,25.542166234108944,0.8088735553047878,0.26710609596308554,0.4749899460459314,0.4444444444444444,-0.005092849740952435,INT_01_GW150914_v4,pre
NG15|J0340+4130|56451.735384174|809.818|10856,24.25208666556987,0.21853087941117555,0.07308610157588474,-0.072029635658227,0.5,-0.0027492444371424933,INT_01_GW150914_v4,pre
NG15|J2229+2643|58796.027678694|422.187|710,5.152138868137738,0.3908936845672233,0.09976728793449585,0.0667838894226109,0.4444444444444444,-0.0006269789812800607,INT_04_GW191126_115259_v1,pre
NG15|B1937+21ao|56108.233967127|2275.944|5448,96.49329045076246,0.7717725573208651,0.2802655120730153,0.5613199404291298,0.5555555555555556,-0.0001687747043849119,INT_01_GW150914_v4,pre
NG15|J1713+0747gbt|58389.063547820|1606.059|7645,63.48569165117515,0.5975779222463812,0.07880913670925264,-0.04302215143880647,0.5555555555555556,0.001024761293325548,INT_02_GW190503_185404_v2,pre
NG15|J1713+0747|57398.671480007|856.699|51670,26.56207903638494,0.5113111359975123,0.247755675293531,-0.3747721939687412,0.5555555555555556,0.0035979274421063176,INT_01_GW150914_v4,post
NG15|J1713+0747|57221.251505121|3913.581|57573,177.18544667960737,0.5178666547192019,0.19104767634001646,0.5308642235465185,0.3333333333333333,0.0015406155452149758,INT_01_GW150914_v4,pre
NG15|B1937+21|58827.806676895|1743.035|10617,70.23498272825894,0.6788991143518145,0.12039651977588567,-0.1711073671774295,0.8333333333333334,-0.002381982320993629,INT_04_GW191126_115259_v1,post
NG15|J1614-2230|57765.601833593|1218.711|7850,44.39968826279873,0.3865227185561256,0.047164696897083996,-0.43746763899816316,0.75,-0.003516263668388319,INT_01_GW150914_v4,post
NG15|J1455-3330|57518.315052222|762.986|10395,21.94450869773618,0.46909054284323387,0.06432721710592361,0.1833994796229312,0.6666666666666666,0.000555976980010864,INT_01_GW150914_v4,post
NG15|J0931-1902|56885.707215198|894.234|4446,28.41156099365001,0.2738210399436997,0.08380593161168894,0.15456380213949686,0.6666666666666666,0.005020055771343394,INT_01_GW150914_v4,pre
NG15|J0636+5128|58487.922988544|1393.029|7202,52.98895150581277,0.21944434388353812,0.056077153124318324,-0.0060825716872271495,0.6666666666666666,-0.00012694461629063214,INT_02_GW190503_185404_v2,pre
NG15|J1910+1256|56201.995769657|2300.793|5459,97.71768840350204,0.2796464447164615,0.07918283079603362,-1.0,1.0,-0.005029057407627703,INT_01_GW150914_v4,pre
NG15|J1022+1001|57256.657931306|1550.439|2291,60.745097899661026,0.43281223169552385,0.15567261296471346,-0.2722503812379719,0.6666666666666666,-0.0026161048855039884,INT_01_GW150914_v4,pre
NG15|J1745+1017|58986.324980533|1437.245|1223,55.16762991855906,0.3558123641463717,0.19098150705407,-0.41794072782692027,0.7777777777777778,-0.00945951378089336,INT_05_GW200219_094415_v1,post
NG15|J1600-3053gbt|56564.775744001|1167.601|4875,41.881318132631755,0.5643809905563965,0.10851620170376908,-0.0185422114858658,0.7777777777777778,0.0036920087278849217,INT_01_GW150914_v4,pre
NG15|J1713+0747|58955.294139677|1737.319|12559,69.95333522945177,0.5953928681929684,0.15163847604136652,0.06554300194668504,0.7777777777777778,-0.0010165529087073045,INT_05_GW200219_094415_v1,post
NG15|J1918-0642|57461.647141969|887.949|17496,28.101876856140724,0.388157346058624,0.09643581431596938,-1.0,1.0,-0.03552074599205645,INT_01_GW150914_v4,post
NG15|J1909-3744|54976.445930443|872.000|21738,27.316013322467604,0.5054026086770858,0.09250822388205754,-1.0,1.0,0.0011815515152978275,INT_01_GW150914_v4,pre
NG15|J1909-3744|58192.522819921|1455.965|11824,56.09003040450556,0.5479845138632449,0.1585942404781416,0.19505953729065048,0.3333333333333333,-0.002609888687249287,INT_02_GW190503_185404_v2,pre
NG15|B1937+21gbt|56978.808279169|1805.436|2318,73.30970028827751,0.19648421192619994,0.2813619638615418,0.40407690034178534,0.2,-0.00875796467505444,INT_01_GW150914_v4,pre
NG15|J0931-1902|57795.100673503|725.445|3726,20.09473109928972,0.6577077739671047,0.1141954533863443,-0.03116187952345725,0.7777777777777778,0.001124550745117035,INT_01_GW150914_v4,post
NG15|J1918-0642|55893.688512923|840.606|12619,25.769120114358387,0.3609339547299791,0.12428149992336071,0.2085075601066436,0.375,0.0032923923014988718,INT_01_GW150914_v4,pre
NG15|J1909-3744gbt|55892.746979205|1367.792|14002,51.74543542334311,0.3254966793709773,0.12916221789460602,0.2627828146423983,0.4444444444444444,-0.003907151460748644,INT_01_GW150914_v4,pre
NG15|J1022+1001|57669.591717731|2287.011|3227,97.03860060984205,0.6270131377706671,0.13262515903653063,-0.9916749714823668,1.0,0.005781076790206233,INT_01_GW150914_v4,post
NG15|J0613-0200|55578.362288995|766.064|13022,22.096172623790842,0.5029478851475975,0.07746799156494376,0.2564427561147134,0.5714285714285714,-0.0033960913863094124,INT_01_GW150914_v4,pre
NG15|J2317+1439|57766.859237568|1212.517|7550,44.09448801654057,0.5132944708410401,0.18252635068834924,-0.6026223761813787,0.75,-0.005276408962609306,INT_01_GW150914_v4,post
NG15|J0613-0200|54009.646798790|1392.000|841,52.93824904320385,0.224045404603414,0.16641107938566496,1.0,0.0,-0.013788664145760786,INT_01_GW150914_v4,pre
NG15|J1600-3053|55700.190765734|1767.768|625,71.45366495149158,0.6542785565975144,0.068816204170962,0.08215733768345017,0.3333333333333333,0.003857554317518542,INT_01_GW150914_v4,pre
NG15|B1937+21ao|59043.175150942|1374.799|3868,52.090695049680036,0.7772560297387422,0.25509395603157703,0.035649438124552804,0.3333333333333333,0.010596297391772926,INT_05_GW200219_094415_v1,post
NG15|J1909-3744gbt|56003.531560721|756.705|29394,21.635021654347828,0.7208094047906669,0.1099366293793147,-0.19167050170842076,0.4444444444444444,-0.0032051743444171128,INT_01_GW150914_v4,pre
NG15|J0614-3329|58490.128872144|806.721|1252,24.099486542440797,0.2598663981646884,0.018766669678543995,-1.0,1.0,-0.009262129963832754,INT_02_GW190503_185404_v2,pre
NG15|J1730-2304|57682.879924537|869.236|3420,27.179821284905845,0.4749552399926308,0.14841605076906703,-0.05839583736622286,0.5555555555555556,-0.010569697979088181,INT_01_GW150914_v4,post
NG15|J1012-4235|58943.055915908|841.110|683,25.79395397359541,0.2659000576097243,0.0423107026216303,-1.0,1.0,-0.028015274081177557,INT_05_GW200219_094415_v1,post
NG15|J0023+0923|57706.062091955|1187.426|12158,42.858165869484814,0.19712914193621323,0.09855700758911132,0.6452274539798912,0.5555555555555556,-0.0019386424653381452,INT_01_GW150914_v4,post
NG15|J0030+0451|58999.507371851|1524.547|10311,59.469307654889285,0.4191536335829319,0.160783840374873,0.22307012210808053,0.6666666666666666,-0.00526809596079943,INT_05_GW200219_094415_v1,post
NG15|J1713+0747ao|56399.329875692|2299.784|16408,97.66797141149775,0.20617026373674666,0.23077224278945282,-0.020183175746171924,0.75,-0.0050129025989497375,INT_01_GW150914_v4,pre
NG15|J1909-3744gbt|57078.609584429|1543.121|5261,60.3845142054219,0.7288871988805997,0.09986831113005873,-0.30129937221953146,0.7142857142857143,-0.0017262290179115847,INT_01_GW150914_v4,pre
NG15|J2234+0611|58545.643274394|1450.301|3563,55.81094512927047,0.5156947827087102,0.07138915791809071,-1.0,1.0,0.0015298325661450471,INT_02_GW190503_185404_v2,pre
NG15|J1713+0747|55065.880233427|848.000|45278,26.133448596895164,0.32046398165721923,0.23122929533013117,0.5739110032068604,0.6666666666666666,0.008019592622490523,INT_01_GW150914_v4,pre
NG15|J1909-3744gbt|57522.420124274|1830.454|5140,74.54242546762632,0.7051970610821473,0.11633603392478398,0.2003026358885935,0.8888888888888888,0.0010930302123052231,INT_01_GW150914_v4,post
NG15|B1937+21|57893.346329784|880.937|16337,27.756370862152643,0.8026083440722531,0.21910644209655813,0.06996206389258942,0.375,-0.00014110004475584797,INT_01_GW150914_v4,post
NG15|J1713+0747ao|57033.568479986|1312.569|1449,49.02440326333115,0.48814070595489395,0.13839356893326205,-0.044894913098165116,0.6,-0.004802504060859731,INT_01_GW150914_v4,pre
NG15|J1747-4036|57439.542697140|879.375|8339,27.679405607929972,0.3267840385167857,0.019255736225429657,1.0,0.0,0.0005015491542114232,INT_01_GW150914_v4,post
NG15|B1937+21|54794.678687494|868.000|15805,27.118919201538866,0.7493119977100197,0.16555171606906144,-0.2911311564997909,0.5555555555555556,-0.0016879103093245778,INT_01_GW150914_v4,pre
NG15|J1802-2124|58161.701879811|737.992|5426,20.712966083112946,0.25162729191013,0.042592416560620676,-0.12782094123616058,0.6666666666666666,0.0013363716679722986,INT_02_GW190503_185404_v2,pre
NG15|J1600-3053|56194.880937298|1342.975|10588,50.52261422357097,0.6296555257188238,0.05708730218830923,-0.3441843355344914,0.6666666666666666,0.001976552399177351,INT_01_GW150914_v4,pre
NG15|J1713+0747|55579.434684127|1217.975|23572,44.363422944547835,0.5506782413784089,0.12641400468069944,0.13116749540690478,0.4,0.0055537406553919305,INT_01_GW150914_v4,pre
NG15|J2214+3000|56417.483744252|2212.315|6318,93.35806499561876,0.39461743710737585,0.16254644230718987,0.7710694898408329,0.4444444444444444,-0.003314429873738551,INT_01_GW150914_v4,pre
NG15|J1024-0719|58670.750219506|1643.090|4389,65.3103397492032,0.3451329867503936,0.0669004230541398,0.42704838578204546,1.0,-0.0027910582374764095,INT_03_GW190728_064510_v2,pre
NG15|J1600-3053gbt|57579.125677966|1842.940|7290,75.1576547661054,0.46439709298732296,0.06344361133987479,0.030794734516087423,0.5,-0.0008442843301962649,INT_01_GW150914_v4,post
NG15|J0740+6620|57458.062888207|803.601|11224,23.945753128116376,0.24453436230468736,0.14780275174160493,-0.6060274333615235,0.6666666666666666,0.006561783803105512,INT_01_GW150914_v4,post
NG15|J1944+0907|57250.121792610|1687.391|4089,67.49320641201923,0.27666911325481464,0.1720640909854648,-0.08242080767029118,0.3333333333333333,-0.005654710491950976,INT_01_GW150914_v4,pre
NG15|B1937+21|58517.632143604|1431.258|13510,54.87262929305897,0.35663681619168164,0.1905426126825766,0.2137089849627969,0.5714285714285714,-0.004776710747666541,INT_02_GW190503_185404_v2,pre
NG15|J2317+1439|57335.044838633|1387.448|6968,52.713955933586945,0.5787216542170207,0.1677969292576819,-0.21419657514750484,0.625,-0.004243258311769432,INT_01_GW150914_v4,post
NG15|J1744-1134|55430.942972333|881.341|16372,27.776277368366447,0.36373639550106196,0.11909773225756964,0.3917455633285738,0.7142857142857143,0.003201407903168306,INT_01_GW150914_v4,pre
NG15|J1730-2304|58636.210055860|1805.395|1288,73.307680073538,0.5746969866367949,0.12919752452305863,-0.9644487617119382,1.0,-0.004250153056962804,INT_02_GW190503_185404_v2,post
NG15|J1713+0747|58570.603283488|1480.384|30714,57.29324073924529,0.14744673676928632,0.18101904821767217,-0.18626303732792918,0.5555555555555556,0.0018838694840110019,INT_02_GW190503_185404_v2,pre
NG15|B1937+21gbt|54465.585359247|1412.000|451,53.92371964784755,0.7646583114833502,0.2810635693952299,0.5174676888073582,0.5555555555555556,-0.006330620030513006,INT_01_GW150914_v4,pre
NG15|J1455-3330|56645.629852162|1633.763|4819,64.8507655327276,0.2701883418484891,0.10356502974139922,0.2629830339127274,0.25,-0.003302990125640221,INT_01_GW150914_v4,pre
NG15|B1937+21gbt|56035.405113883|812.187|15471,24.368815658689922,0.8260472633858298,0.0578240815768965,-1.0,1.0,-0.002213363891030276,INT_01_GW150914_v4,pre
NG15|J1903+0327|57564.224626956|1187.366|928,42.85520945767089,0.31893143855579753,0.10185936435085277,0.11293754779141789,0.8888888888888888,0.0007282618829922211,INT_01_GW150914_v4,post
NG15|J1024-0719|56252.354537103|1866.603|3344,76.3236143119896,0.527912791608009,0.10018286883717607,-1.0,1.0,0.0036391246649955197,INT_01_GW150914_v4,pre
NG15|J0740+6620|57011.473336869|1717.840|6710,68.99353613405903,0.45488727535929613,0.0834902614682554,1.0,0.0,0.004323603737133156,INT_01_GW150914_v4,pre
NG15|J1614-2230|56493.097220048|888.750|16089,28.141344953856706,0.39231023866002795,0.07813567980339711,-0.2525108501093986,0.5,-0.03851797139888932,INT_01_GW150914_v4,pre
NG15|J1909-3744gbt|56035.448089640|766.073|23866,22.096616085562935,0.5561269951512902,0.09665980182113874,-0.1034849616756076,0.42857142857142855,-0.002550996478963133,INT_01_GW150914_v4,pre
NG15|J0740+6620|56829.060748885|885.119|12216,27.962432765583642,0.5599908229197393,0.1651332317340971,0.10356367722242632,0.4444444444444444,-0.0021032582574270465,INT_01_GW150914_v4,pre
NG15|J1811-2405|58671.282721328|1767.923|1835,71.46130234867756,0.36403234708761306,0.022772232299544688,-0.4430063096339249,0.5,-0.0008089359155943552,INT_03_GW190728_064510_v2,pre
NG15|J1012+5307|56170.523096409|1518.002|6283,59.14681239951963,0.32347351429324867,0.17164727036748334,0.20231011774051397,0.5555555555555556,-0.006578598830997042,INT_01_GW150914_v4,pre
NG15|J1751-2857|58729.078477352|1717.969|1778,68.99989241945899,0.3295643187050416,0.041886443189706184,-0.5033283146112273,0.6666666666666666,-4.646937209402548e-05,INT_03_GW190728_064510_v2,post
NG15|B1953+29|57823.564670619|1486.696|4358,57.604255262070836,0.44216533020155857,0.08250057557426323,-0.6779503644734657,0.6666666666666666,-0.003096647548481913,INT_01_GW150914_v4,post
NG15|J1918-0642|54641.128039205|836.000|9900,25.542166234108944,0.6880279922643258,0.16827406969879366,0.3687674211875404,0.6666666666666666,-0.0005732598260681215,INT_01_GW150914_v4,pre
NG15|J1918-0642|58945.617010800|869.298|15451,27.182876243780242,0.4404531327930256,0.14405037062708578,-0.09377973154686083,0.6666666666666666,-0.0017621676764978487,INT_05_GW200219_094415_v1,post
NG15|J0613-0200|58136.274903443|1633.727|2624,64.84899168563926,0.5724797026610169,0.025338618882035174,1.0,0.0,-0.00033366002926224535,INT_02_GW190503_185404_v2,pre
NG15|J1705-1903|58137.657593026|1605.794|2004,63.47263416566363,0.3401823145569064,0.06468081368439008,-0.23907587230751565,0.7777777777777778,0.00247829467032331,INT_02_GW190503_185404_v2,pre
NG15|B1855+09|57915.274699670|1437.314|5503,55.17102979214509,0.8448093034107534,0.25078853181449245,0.4950608753203622,0.3333333333333333,-0.00350531129656277,INT_01_GW150914_v4,post
NG15|J1923+2515|57348.797384953|1300.944|3969,48.451598474382,0.3387187806346582,0.11635109796301396,-1.0,1.0,0.03631977702624833,INT_01_GW150914_v4,post
NG15|J1903+0327|57417.628242575|1599.814|2109,63.177978454875166,0.4940736385595756,0.11653148192340751,-0.7052646899208828,1.0,-0.0033595298736712655,INT_01_GW150914_v4,post
NG15|J0636+5128|58516.996317761|1164.887|650,41.7475897715816,0.10748639143936256,0.06689986611532604,-0.43596068853445175,0.7777777777777778,-0.0003848787624861937,INT_02_GW190503_185404_v2,pre
NG15|J1713+0747gbt|57040.526179080|893.996|29317,28.399833893454748,0.5033493108943872,0.15104900871284374,-0.2519606491961738,0.6666666666666666,0.004742424499149392,INT_01_GW150914_v4,pre
NG15|J0023+0923|59051.397783383|1565.291|5497,61.47690837066943,0.20868068813257049,0.04152552475812568,-0.9871450757443634,1.0,-0.0006853791744395727,INT_05_GW200219_094415_v1,post
NG15|J1640+2224|58660.115333032|1537.598|10065,60.112376497949526,0.6745755560519203,0.144023470251702,0.5905154152211968,0.6,0.0008707194644346055,INT_03_GW190728_064510_v2,pre
NG15|J2010-1323|58334.174519272|751.250|13675,21.366234546931256,0.3399573069758427,0.15458501363081875,0.25323569232789434,0.8,0.008768293731107745,INT_02_GW190503_185404_v2,pre
NG15|J1918-0642|55799.945253009|1158.593|2364,41.43746217230023,0.3012082305831031,0.1347602779499777,0.43599328519377256,0.2857142857142857,0.003081995016876463,INT_01_GW150914_v4,pre
NG15|J1713+0747gbt|54526.363021255|832.000|24251,25.3450721131802,0.6178308134383762,0.14863513796073446,-0.10614888915964703,0.7777777777777778,0.003444352494632658,INT_01_GW150914_v4,pre
NG15|J0636+5128|57794.942083808|893.437|29303,28.37228999005496,0.27959391202080225,0.10204807385413203,-0.03061401724085834,0.6666666666666666,-0.0034521070585903937,INT_01_GW150914_v4,post
NG15|J1643-1224|56094.137859018|753.595|14829,21.481780975325734,0.6205406842473994,0.028967194698456572,0.10366664078720156,0.8,-9.955500806613087e-05,INT_01_GW150914_v4,pre
NG15|J1713+0747|58069.755617967|1455.435|44892,56.06391543348251,0.6403427223205531,0.15661691220310722,-0.14752639843152282,0.7777777777777778,0.0005258824181179638,INT_02_GW190503_185404_v2,pre
NG15|J0023+0923|57745.951369875|1198.999|4804,43.4284084348619,0.21864957867170234,0.09855700758911132,0.6452274539798912,0.5555555555555556,-0.0019386424653381452,INT_01_GW150914_v4,post
NG15|J1012+5307|58459.164609589|1567.705|9033,61.59585467264993,0.26765375143463704,0.1422022564007455,0.5392266166914415,0.3333333333333333,-0.005690927743832519,INT_02_GW190503_185404_v2,pre
NG15|B1937+21gbt|55579.562965859|1517.935|1363,59.14351107299407,0.7986606479946432,0.05990495646649067,0.6087468731062761,0.5,0.00017998649281950326,INT_01_GW150914_v4,pre
NG15|J2124-3358|58243.562114197|906.743|2966,29.027923583324412,0.5656154852101092,0.11496472777030783,-0.31332030953247436,0.6666666666666666,-0.004201764178641461,INT_02_GW190503_185404_v2,pre
NG15|J0406+3039|57797.001189122|1686.686|335,67.45846857320554,0.40428680601618405,0.023039228882413682,-0.7849537525334316,1.0,0.001909239130230563,INT_01_GW150914_v4,post
NG15|J1843-1113|57921.375860167|1830.317|1194,74.53567499398451,0.40580034065806053,0.055868527940573315,0.08529841990532745,0.6,0.0010728189720828508,INT_01_GW150914_v4,post
NG15|J0613-0200|57649.565531039|753.594|14392,21.481731701795503,0.6500472424081726,0.10885303295510579,-0.8049753935021167,1.0,-0.003375909363102525,INT_01_GW150914_v4,post
NG15|J1012+5307|57490.328330432|1551.562|6443,60.80043207411176,0.261734837264424,0.1237808718153653,-0.13821603521915662,0.6666666666666666,-0.002047581994972912,INT_01_GW150914_v4,post
NG15|J1713+0747|58621.295345647|1800.000|55044,73.04184937793536,0.26127398289888026,0.16632434930973616,-0.5236820746737124,0.7777777777777778,0.0009608159196529401,INT_02_GW190503_185404_v2,post
NG15|J1909-3744|58515.598869328|766.092|29992,22.09755228263735,0.5527317614112798,0.1478185552837532,0.327175767565167,0.6666666666666666,2.7982679972694772e-05,INT_02_GW190503_185404_v2,pre
NG15|J1713+0747ao|56038.329978682|1424.340|9864,54.53175501091271,0.8394194802644713,0.25221567035774484,-0.9999705936900223,1.0,-0.018506755649225447,INT_01_GW150914_v4,pre
NG15|J1643-1224gbt|55641.304239676|897.328|12017,28.56401329618839,0.672450774310978,0.03126433509713126,-0.3978366366856534,0.6666666666666666,-0.0009220757857229443,INT_01_GW150914_v4,pre
NG15|J1713+0747ao|57403.606602138|1412.346|13213,53.94076828930789,0.600566580911848,0.10106841785481181,0.1783357044214934,0.5714285714285714,-0.007574227497887403,INT_01_GW150914_v4,post
NG15|B1937+21|54673.011406278|1408.000|7712,53.72662552691881,0.7549157981228731,0.27476194576491064,-1.0,1.0,3.108932106419141,INT_01_GW150914_v4,pre
NG15|J1600-3053|56643.622030734|1605.620|8094,63.46406057140322,0.4626022401223872,0.045166193117566006,0.9984937482473069,0.0,0.0006918938323009311,INT_01_GW150914_v4,pre
NG15|J1600-3053|55700.179742392|1168.182|522,41.90994605369665,0.5375245700956323,0.068816204170962,0.08215733768345017,0.3333333333333333,0.003857554317518542,INT_01_GW150914_v4,pre
NG15|J2234+0944|58986.503152775|1700.703|1584,68.14913564647009,0.494543081483463,0.12035592928282851,1.0,0.0,0.018149038666820005,INT_05_GW200219_094415_v1,post
NG15|J0509+0856|58837.151594358|1199.184|914,43.43752403795485,0.502097780739627,0.09176775430692939,-0.5863607466486781,0.6666666666666666,-0.0036713155548778968,INT_04_GW191126_115259_v1,post
NG15|B1937+21|57242.150656004|1712.304|1672,68.72075787069367,0.07173127322071764,0.2718984823379355,0.26096636089178654,0.6666666666666666,-0.0020931452942200036,INT_01_GW150914_v4,pre
NG15|J1614-2230|58070.764307561|844.192|16497,25.945814993771002,0.4101874194810378,0.11098799010190606,-0.13279217974974541,0.5,-0.006077405557299,INT_02_GW190503_185404_v2,pre
NG15|J1012+5307|58699.513100433|907.140|19263,29.04748517482659,0.22012201383563054,0.20405896676291604,-0.2737663795430148,0.5,-0.0028986274012723326,INT_03_GW190728_064510_v2,post
NG15|J1713+0747|57518.402576978|806.715|51083,24.099190901259405,0.6920137805896023,0.18764082771179943,-0.332573026056024,0.8888888888888888,-0.000557404996333446,INT_01_GW150914_v4,post
NG15|J1918-0642|55579.580586855|1582.781|1178,62.33870241443035,0.5691163569104902,0.15635932073295739,0.47617447913993544,0.8,-0.0011550100634720375,INT_01_GW150914_v4,pre
NG15|J0030+0451|57667.138908390|1312.595|13563,49.025684375117194,0.371798261948219,0.11810410847272725,0.2274322395784805,0.4444444444444444,-0.0001974805296540742,INT_01_GW150914_v4,post
NG15|J2145-0750|57986.161241650|834.837|11930,25.48486111844891,0.7353026072713389,0.06873433157774896,-0.4513735966112982,0.5714285714285714,-0.00274053754186444,INT_02_GW190503_185404_v2,pre
NG15|J0030+0451|58462.986259426|2387.533|17416,101.99167441584176,0.20108076356823992,0.17896401241682403,-0.27863332822827114,0.42857142857142855,-0.006355699565751492,INT_02_GW190503_185404_v2,pre
NG15|J1640+2224|57512.252219085|1487.865|12943,57.661856018912275,0.3400745077533828,0.15269296742874558,-0.38011400993809835,0.6666666666666666,-0.004418756319226436,INT_01_GW150914_v4,post
NG15|B1937+21|56792.317226513|866.112|22885,27.025890776460496,0.8148241968208825,0.023782729609747134,0.21136095901589863,0.75,-0.0009688303662553282,INT_01_GW150914_v4,pre
NG15|J0437-4715|58711.565852028|2473.064|2384,106.20608873013077,0.4451114915424878,0.20268327125132662,-0.633048470887658,0.5,0.0032648916784359773,INT_03_GW190728_064510_v2,post
NG15|J0636+5128|58883.916212113|755.937|19456,21.59717958312951,0.19969703593873378,0.0440399580718461,0.10556421569858708,0.6666666666666666,-0.001974239747228085,INT_05_GW200219_094415_v1,pre
NG15|J1909-3744|58544.554923705|851.250|30871,26.293587570149764,0.5744281968362094,0.1478185552837532,0.327175767565167,0.6666666666666666,2.7982679972694772e-05,INT_02_GW190503_185404_v2,pre
NG15|J0636+5128|57300.552328520|1655.468|11137,65.9202475064172,0.3686321024036656,0.1270136428105428,0.08158118827483529,0.5555555555555556,0.00014508329752742604,INT_01_GW150914_v4,post
NG15|J0645+5158|57765.283810337|1869.246|5545,76.45384425239325,0.21687822980721014,0.12810952695601294,-0.41405223416026554,0.5,-0.0013506642198253163,INT_01_GW150914_v4,post
NG15|J1713+0747|56201.883849793|2262.509|20871,95.83130057209306,0.8879563188413359,0.12862077063672633,-0.4453460747202283,0.6666666666666666,0.0006555337816625383,INT_01_GW150914_v4,pre
NG15|J1747-4036|57132.353163462|1527.287|338,59.60431712772547,0.335190279542741,0.016948329338680672,0.1228314061885065,0.5,8.814564814750353e-05,INT_01_GW150914_v4,pre
NG15|J2229+2643|59043.354241890|428.436|621,5.46004915855866,0.3131858242281533,0.08648673391815694,0.9926296945663207,0.0,0.003364210829971235,INT_05_GW200219_094415_v1,post
NG15|J2033+1734|57628.123580186|437.812|353,5.922037778015629,0.5044922058799862,0.06382393362168638,-1.0,1.0,-0.00363559396027459,INT_01_GW150914_v4,post
NG15|B1937+21|57536.311656539|1263.553|2526,46.609211905470374,0.08981456258947307,0.2888759874998692,-0.4208842565175193,0.8333333333333334,0.0007466912336553496,INT_01_GW150914_v4,post
NG15|J1614-2230|58849.510150356|859.731|17817,26.71147638004893,0.4602123685908538,0.07493508108774134,0.1449274488333151,0.6666666666666666,-0.0009463451523367581,INT_04_GW191126_115259_v1,post
NG15|J2124-3358|57948.379462725|1705.487|457,68.38486021510086,0.5146040325262362,0.08230121661180778,-0.36274836021551277,0.6666666666666666,0.003751621426013217,INT_02_GW190503_185404_v2,pre
NG15|J1713+0747|53839.233581608|836.000|45556,25.542166234108944,0.5736296184146034,0.13647691259735978,-0.12002512311318217,0.4444444444444444,0.007710273423922417,INT_01_GW150914_v4,pre
NG15|J1640+2224|57638.899561893|1563.358|6536,61.381662636730624,0.2062781045035461,0.19823823979434474,0.0175206931995721,0.6666666666666666,-0.0076928715580588045,INT_01_GW150914_v4,post
NG15|J1713+0747|56479.083294988|1611.075|12837,63.732847678819795,0.37963176062657805,0.24280308300910117,-0.016945182991694153,0.5555555555555556,0.0015821783355023618,INT_01_GW150914_v4,pre
NG15|J2017+0603|56220.994243618|437.811|41,5.9219885044853955,0.2261022022751755,0.1990479236929179,-0.6796587934498859,0.8,0.002528630325243868,INT_01_GW150914_v4,pre
NG15|J1643-1224|58138.528704810|775.471|16462,22.55968872268501,0.5847572328979151,0.06021413850796385,-0.6552959866067909,0.8,-0.002064303463327528,INT_02_GW190503_185404_v2,pre
NG15|J1600-3053gbt|58268.137745531|784.998|17554,23.029117645207045,0.390214121133769,0.10574474573800201,0.26674441976417507,0.42857142857142855,0.0018333683213767645,INT_02_GW190503_185404_v2,pre
NG15|J0613-0200|58879.119199835|1231.361|2054,45.02299842023587,0.325265399859561,0.12555316131838892,-0.006079453308221239,0.5555555555555556,-0.003755056463201025,INT_05_GW200219_094415_v1,pre
NG15|J0030+0451|55789.305082368|1434.000|3681,55.00773731295562,0.30955939225219914,0.12484064271193794,-0.5019549862446513,0.6666666666666666,-0.0037733010968201246,INT_01_GW150914_v4,pre
NG15|J1713+0747|57195.057068681|887.187|53211,28.0643304261038,0.12006194601085683,0.19500614235229735,0.5302502273612508,0.2222222222222222,0.0016558784120521794,INT_01_GW150914_v4,pre
NG15|J1713+0747|58849.675927778|2152.917|59104,90.43131584688743,0.7236031811219713,0.1852821958473165,0.34691051472008705,0.5555555555555556,0.003921841823796939,INT_04_GW191126_115259_v1,post
NG15|J1705-1903|58009.043636861|750.509|9739,21.329722861029207,0.22274308257621833,0.05451397972512405,-0.10316072596064353,0.7777777777777778,0.00036576540143215715,INT_02_GW190503_185404_v2,pre
NG15|J1713+0747|58692.017507872|2063.087|20376,86.00507462613024,0.4908798853559206,0.1873554547448295,-0.2257233406537451,0.7777777777777778,0.001042142085794628,INT_03_GW190728_064510_v2,pre
NG15|B1937+21|57138.439511191|1512.143|3700,58.85811878588926,0.3782489686124521,0.2665578914893784,-0.13023948724932807,1.0,0.0015308704821365056,INT_01_GW150914_v4,pre
NG15|J1946+3417|58739.031293883|1510.831|2767,58.79347191422463,0.4876997483113937,0.03809006848737485,-0.3507403070824135,1.0,-0.007379479185994483,INT_03_GW190728_064510_v2,post
NG15|J0340+4130|56791.806160736|1330.492|67,49.90753274568261,0.3062519932962515,0.04466050861439138,-1.0,1.0,-0.001888434544834339,INT_01_GW150914_v4,pre
NG15|J1614-2230|58544.325156788|766.096|17067,22.097749376758276,0.4123739731167171,0.076312681376545,-0.6331192437420837,0.75,0.0002144553248676718,INT_02_GW190503_185404_v2,pre
NG15|J0645+5158|56736.971949875|1730.536|3103,69.61911287388686,0.31211096786629694,0.09531602709428401,0.9053796528427205,0.3333333333333333,-0.005159442968973924,INT_01_GW150914_v4,pre
NG15|J1643-1224|57615.005524472|906.709|12082,29.026248283296518,0.6593740099336557,0.12395307610844153,0.9529041507284055,0.0,-0.007320471194272167,INT_01_GW150914_v4,post
NG15|J1614-2230|55271.397755747|1613.221|6161,63.838588674698066,0.3155773831126557,0.10338228128845747,0.1831409988839095,0.4444444444444444,0.002490017948259863,INT_01_GW150914_v4,pre
NG15|J2145-0750|56235.907410967|1529.761|8377,59.72621984151989,0.4050354100143608,0.13090459321718212,-0.9388067293984084,1.0,0.006166197032826594,INT_01_GW150914_v4,pre
NG15|J2317+1439|57810.708811811|1223.650|9779,44.6430502286155,0.23962265871422767,0.15104189086879555,-0.5178718821323082,0.75,-0.0033702485648259123,INT_01_GW150914_v4,post
NG15|J2145-0750|57766.739532408|863.750|17388,26.90950669805208,0.6886056140653788,0.16484892570075807,-0.0359115247759523,0.5555555555555556,-0.004332547101766616,INT_01_GW150914_v4,post
NG15|J0931-1902|56823.810437939|753.590|4872,21.481534607674572,0.21992117262717312,0.08380593161168894,0.15456380213949686,0.6666666666666666,0.005020055771343394,INT_01_GW150914_v4,pre
NG15|J0740+6620|58728.992350505|1492.974|5217,57.9135944848685,0.21461743928891208,0.17308026118527442,-0.16566859525229785,0.5555555555555556,-0.005542262850228246,INT_03_GW190728_064510_v2,post
NG15|J1600-3053|58545.376578015|1792.963|796,72.69511154569147,0.5860890579462644,0.12148442016900249,-0.2792962620875666,0.5,-0.002446614969348757,INT_02_GW190503_185404_v2,pre
NG15|J0636+5128|57795.208634429|1184.337|4102,42.7059599345976,0.1475320336939863,0.10204807385413203,-0.03061401724085834,0.6666666666666666,-0.0034521070585903937,INT_01_GW150914_v4,post
NG15|J1012+5307|57160.852507175|1817.966|13567,73.9270976220868,0.5138649429475372,0.10992788331201357,-0.19041997190835153,0.5,0.0011685436461987208,INT_01_GW150914_v4,pre
NG15|J1600-3053gbt|56332.505202997|1767.933|1078,71.46179508397988,0.5991538822740005,0.07204236036725946,-0.2797327513843199,0.8,0.003244215116679813,INT_01_GW150914_v4,pre
NG15|J1909-3744|57651.016925665|860.625|30652,26.7555269160765,0.46962956004195777,0.15229796625772676,-0.43973306073322815,0.6666666666666666,0.001080473176818008,INT_01_GW150914_v4,post
NG15|J1600-3053|55864.695133524|862.955|15790,26.870334241517494,0.46565625193451493,0.061802284649781394,0.045357340603920764,0.6,0.004147409752619577,INT_01_GW150914_v4,pre
NG15|J1744-1134|57978.077861518|1582.376|4237,62.31874663468631,0.5900302429255299,0.201458057438073,-0.7668854569934448,0.75,0.004466104544508908,INT_02_GW190503_185404_v2,pre
NG15|J1600-3053gbt|56792.219152213|841.093|18414,25.793116323581458,0.5288512024332274,0.10701662027836191,-0.16964450003231923,0.5,0.002835554324789811,INT_01_GW150914_v4,pre
NG15|B1855+09|56458.235607981|433.125|750,5.691092741817378,0.6583885807692632,0.1185124992156474,-0.8453618877778418,0.6666666666666666,0.0006606848250470197,INT_01_GW150914_v4,pre
NG15|J1705-1903|58137.657593034|1718.002|2013,69.00151844595665,0.4012744203030811,0.06468081368439008,-0.23907587230751565,0.7777777777777778,0.00247829467032331,INT_02_GW190503_185404_v2,pre
NG15|J1614-2230|56332.483816503|1230.882|7653,44.99939639925466,0.5211568480934472,0.09818823630090455,0.4257629869074449,1.0,0.0027383392388402104,INT_01_GW150914_v4,pre
NG15|J2010-1323|55578.612299764|812.187|16747,24.368815658689922,0.3255037400316603,0.08458753131378985,-0.29482146591275615,0.6666666666666666,0.004334637970013286,INT_01_GW150914_v4,pre
NG15|J1909-3744gbt|57439.571149124|906.708|24323,29.026199009766284,0.2408133421796873,0.12613529658397055,-0.02440356247164793,0.4444444444444444,0.0005114836363331411,INT_01_GW150914_v4,post
NG15|J1614-2230|58637.189001579|897.361|11311,28.56563932268605,0.5246328947737683,0.08154551951262544,-0.9023916136657065,1.0,-0.0021377275757285285,INT_02_GW190503_185404_v2,post
NG15|J1741+1351|57201.153669765|426.875|320,5.38313317786622,0.6635467109863857,0.2214742371734004,-0.8451867387220683,1.0,-0.00949315479259288,INT_01_GW150914_v4,pre
NG15|J1853+1303|57705.821421218|423.750|894,5.229153395890642,0.5279144293175947,0.1453970511762132,-0.0021728557625718434,0.8333333333333334,-0.0017687229936009337,INT_01_GW150914_v4,post
NG15|B1937+21gbt|55828.834963572|784.820|10109,23.020346956825712,0.41419646055895754,0.2071398437485195,0.24466026790647186,0.6666666666666666,-0.0008970514329956887,INT_01_GW150914_v4,pre
NG15|J1455-3330|57080.377174238|756.721|6068,21.635810030831543,0.6775984414489079,0.1454990177983398,-0.6986189578254453,0.6666666666666666,0.0009348263222452369,INT_01_GW150914_v4,pre
NG15|J2229+2643|58650.411738850|422.187|356,5.152138868137738,0.5204466655084415,0.07330830270307556,0.082333361565994,0.5,-0.003627570636043559,INT_03_GW190728_064510_v2,pre
NG15|J1713+0747ao|58476.669481076|2348.003|15489,100.04389176576349,0.8296366610273649,0.24234287574119096,0.21931117628657454,0.5555555555555556,0.0037097416086054897,INT_02_GW190503_185404_v2,pre
NG15|J1909-3744gbt|55492.838756062|1330.165|4557,49.89142030129668,0.4961002698977824,0.0803688452316789,-0.026463092312302747,1.0,-0.001971600792642479,INT_01_GW150914_v4,pre
NG15|J1802-2124|58271.194055526|1468.146|2110,56.690231276263816,0.3259248318844159,0.03996478783463798,-0.5302384744794115,0.5,0.0011965419294556582,INT_02_GW190503_185404_v2,pre
NG15|J1640+2224|57931.095506369|1649.794|13140,65.64066949587978,0.18879468122922116,0.186445734935241,-0.5898186131565349,0.75,-0.006095366106389608,INT_01_GW150914_v4,post
NG15|J1713+0747|57775.549169127|2364.357|17033,100.84971107918064,0.3352930944316361,0.19416730083011008,0.2597120681310051,0.6666666666666666,-0.004431200980724639,INT_01_GW150914_v4,post
NG15|J1713+0747gbt|58866.750113682|1480.460|3212,57.296985527542944,0.8087224912333582,0.22379265156306177,-0.3235647535705716,0.875,0.006948644289615884,INT_05_GW200219_094415_v1,pre
NG15|J1643-1224|58424.692870546|1518.089|6077,59.15109919664983,0.5661719480914322,0.11775466665250359,-0.6283943638847268,0.6666666666666666,0.0003966977663929318,INT_02_GW190503_185404_v2,pre
NG15|J1909-3744gbt|57419.741392661|1705.498|8962,68.38540222393341,0.699238744188466,0.12705193164670175,-0.02743121951517167,0.3333333333333333,0.0006245268824124541,INT_01_GW150914_v4,post
NG15|J1713+0747ao|58949.321837508|1224.043|11125,44.66241472599674,0.5680723933740005,0.21369101785148015,-0.10130544481300817,0.6666666666666666,-0.001120533270048081,INT_05_GW200219_094415_v1,post
NG15|J1909-3744|55639.474222888|1792.934|6200,72.69368261331475,0.533777845819605,0.1537652652828821,-0.051725750943573214,0.6666666666666666,0.004794023878359372,INT_01_GW150914_v4,pre
NG15|J1705-1903|58137.662283258|1405.452|2045,53.6010765718872,0.36241262552485737,0.06468081368439008,-0.23907587230751565,0.7777777777777778,0.00247829467032331,INT_02_GW190503_185404_v2,pre
NG15|J1643-1224|57796.634222525|847.582|15642,26.11285226125811,0.6091226229273338,0.14668045130328553,-0.1169638595050617,0.6666666666666666,-0.0025616955855185886,INT_01_GW150914_v4,post
NG15|J1909-3744gbt|57586.236078112|728.592|25162,20.249794898930407,0.5069439278972098,0.14807826664224616,-0.21182564493258027,0.7777777777777778,0.002890721803395972,INT_01_GW150914_v4,post
NG15|J0636+5128|57977.827680808|1567.990|12769,61.609897628766106,0.15869747154832173,0.0904167536938626,0.11053567237473295,0.7777777777777778,-0.0020886437947225376,INT_02_GW190503_185404_v2,pre
NG15|J1600-3053|58713.008582135|2472.426|22572,106.17465221784265,0.24131701526742558,0.1629239981313226,0.009406854854573137,0.42857142857142855,-0.004166456370181793,INT_03_GW190728_064510_v2,post
NG15|J1909-3744|55492.824233368|1613.295|15301,63.84223491593525,0.2831494554478313,0.15689326960891645,-0.735260806723725,1.0,0.001030844209837896,INT_01_GW150914_v4,pre
NG15|J2317+1439|57137.571753203|1724.759|12774,69.33445968973552,0.3637904163127236,0.07751190501962817,0.013879501958851629,0.5,-0.0013296718610770082,INT_01_GW150914_v4,pre
NG15|J0740+6620|58635.316446193|1308.334|3553,48.81572986279786,0.5772138723906008,0.11688892017453814,0.1256508284715434,0.6666666666666666,-0.0031933927526029307,INT_02_GW190503_185404_v2,post
NG15|J1455-3330|57519.328379119|1680.545|692,67.15587982404969,0.35259115666549967,0.06432721710592361,0.1833994796229312,0.6666666666666666,0.000555976980010864,INT_01_GW150914_v4,post
NG15|J0613-0200|56637.243843497|1593.040|6709,62.844199561082334,0.5201410253870495,0.15447777919974773,0.6099058264760476,0.6666666666666666,-0.005326841925119896,INT_01_GW150914_v4,pre
NG15|J1744-1134|57764.682331534|787.980|11191,23.176051312359416,0.5687097614549534,0.07146421667160491,-1.0,1.0,0.0016848374331148832,INT_01_GW150914_v4,post
NG15|J1024-0719|55578.385931224|891.098|11804,28.257039202841874,0.5125267661386862,0.13290929281892236,-0.19913884626973022,0.5,0.007963297701095438,INT_01_GW150914_v4,pre
NG15|J1713+0747|56432.225538658|1543.750|35508,60.41550725593794,0.3316603504944192,0.29637252151890164,-0.19448451751988713,0.6666666666666666,0.0022450818290365867,INT_01_GW150914_v4,pre
NG15|J1909-3744|57927.215669687|1455.322|8894,56.05834752456627,0.6181782929943607,0.09648900356360653,0.4128212871594528,0.6666666666666666,-0.00112528948212026,INT_01_GW150914_v4,post
NG15|J0740+6620|57764.436827024|872.311|9846,27.331337390369818,0.6443758468847554,0.10238046885795216,1.0,0.0,-0.006297817677894044,INT_01_GW150914_v4,post
NG15|J1012+5307|56520.634475305|915.312|16370,29.450148463884005,0.47972780545511423,0.14011858915494185,0.3306641452157352,0.6666666666666666,-0.005752991175914327,INT_01_GW150914_v4,pre
NG15|J0636+5128|58905.975040998|1247.171|6481,45.80201293320672,0.16792804250118692,0.0440399580718461,0.10556421569858708,0.6666666666666666,-0.001974239747228085,INT_05_GW200219_094415_v1,post
NG15|J0613-0200|53769.304254011|1416.000|721,54.120813768776294,0.32803772892223193,0.04065395108990753,0.9151710083230753,0.0,0.025028489076455704,INT_01_GW150914_v4,pre
NG15|J1811-2405|58270.267679992|793.437|3167,23.44493696683645,0.22466436546238383,0.12349103270815341,0.9974910606247818,0.0,0.005619206360859792,INT_02_GW190503_185404_v2,pre
NG15|B1937+21ao|57579.184491791|2073.751|6079,86.53052755252628,0.5488074870536445,0.17185102584071293,-0.8927611996407111,0.6666666666666666,-0.005820270474972543,INT_01_GW150914_v4,post
NG15|J1918-0642|55918.619737037|1269.724|9290,46.91327886053318,0.5009552067753721,0.12360528151988637,0.4910867649177067,0.3333333333333333,0.003039653908092524,INT_01_GW150914_v4,pre
NG15|J1843-1113|58059.896806412|1230.430|1496,44.977124763589714,0.23538470354948093,0.07853609495245684,-0.5343284210208336,0.6666666666666666,-0.0003984875338675769,INT_02_GW190503_185404_v2,pre
NG15|B1937+21gbt|56614.782376986|872.326|12979,27.3320764933233,0.7691659910890224,0.298298699440173,-0.326179458397653,1.0,-0.009354360401421593,INT_01_GW150914_v4,pre
NG15|J1643-1224|56672.471161122|1567.193|3212,61.570626625171045,0.6231690176398006,0.06430494482557171,0.10534461445720998,0.7142857142857143,-0.002418028598360511,INT_01_GW150914_v4,pre
NG15|J1811-2405|57712.859511708|1842.804|1537,75.15095356599382,0.29647830671608144,0.08457351608790319,-0.3049731390380897,0.8888888888888888,-0.0017585331333484751,INT_01_GW150914_v4,post
NG15|J1745+1017|58810.772499389|1749.831|1613,70.56984563971686,0.08240329103969651,0.19098150705407,-0.41794072782692027,0.7777777777777778,-0.00945951378089336,INT_04_GW191126_115259_v1,pre
NG15|J1455-3330|57764.565187086|731.710|8129,20.40342976619436,0.33836169467517524,0.1054550915519676,0.20614011042828573,0.7777777777777778,0.0021654047378798285,INT_01_GW150914_v4,post
NG15|J1909-3744|56352.530688388|1865.083|4242,76.24871854603667,0.3517816399771429,0.10939027229012753,-0.6002123730066002,0.8,-0.004580374616549392,INT_01_GW150914_v4,pre
NG15|J1843-1113|58730.137290379|803.582|2760,23.944816931041967,0.3931040510924876,0.08241571992850993,-1.0,1.0,0.002672255908336079,INT_03_GW190728_064510_v2,post
NG15|J1853+1303|57667.902116001|428.437|709,5.460098432088895,0.44459166997676425,0.13965843314493512,-0.07989674315954831,0.7142857142857143,-0.0019136008162792273,INT_01_GW150914_v4,post
NG15|J1125+7819|58364.367649701|1608.256|3315,63.59394559709527,0.3763184178129813,0.08521364383477838,-0.2867836070094903,0.6,-0.0030158561947040783,INT_02_GW190503_185404_v2,pre
NG15|J1713+0747ao|57512.273566404|1312.635|12981,49.027655316326474,0.7071724608804354,0.2606461100895948,-0.41826898728147005,0.625,-0.009022068966933243,INT_01_GW150914_v4,post
NG15|J1713+0747gbt|57188.346864849|1555.947|11251,61.0164965041799,0.6106602942297815,0.22027494331043856,-0.3296040329035652,0.6666666666666666,0.0006182012101585819,INT_01_GW150914_v4,pre
NG15|J1713+0747|56978.669611233|1218.025|41144,44.36588662105946,0.6598367644127267,0.16114316353183195,-0.36487950059641183,0.6666666666666666,0.0004635336750745368,INT_01_GW150914_v4,pre
NG15|J1909-3744gbt|57293.944517674|1556.227|11969,61.03029309264491,0.4504931768100397,0.0832605769999572,-0.4316800322080808,0.8888888888888888,-0.00155078474013208,INT_01_GW150914_v4,post
NG15|B1937+21gbt|55429.972506092|1306.436|2962,48.72220870241716,0.0014174686331706867,0.24648770678983523,1.0,0.0,-0.011477101082035519,INT_01_GW150914_v4,pre
NG15|J1713+0747|56945.767538746|1866.760|42632,76.33135025623604,0.5993086356589151,0.22386798578131384,-0.413927563117357,0.7777777777777778,0.0020897417508626017,INT_01_GW150914_v4,pre
NG15|J1713+0747|58334.983943866|1581.882|40427,62.294405510751616,0.6400597707007727,0.1592329263424411,0.3229417836188096,0.4444444444444444,-0.002288745553874702,INT_02_GW190503_185404_v2,pre
NG15|J1705-1903|57949.102457497|881.702|8609,27.794065112780267,0.21883185433781246,0.056808660070678314,-0.3198968073002104,0.875,-0.0009202349977953765,INT_02_GW190503_185404_v2,pre
NG15|J2234+0944|56853.310001919|1474.842|2767,57.020166834698536,0.624960544951619,0.1810621912975446,-0.32099442600162503,0.5555555555555556,-0.0021742563415749114,INT_01_GW150914_v4,pre
NG15|J1012+5307|53918.923637200|792.000|14958,23.374130903892798,0.8026291546611358,0.17549837265171472,1.0,0.0,-0.009774699997422155,INT_01_GW150914_v4,pre
NG15|J2214+3000|56538.125611283|1411.844|3454,53.91603297713133,0.17173601093562457,0.05611136440979894,-1.0,1.0,-0.0006023414942913127,INT_01_GW150914_v4,pre
NG15|J1713+0747gbt|55030.975771094|1376.000|822,52.14987255948889,0.5449586244092043,0.14186348543281208,-0.7358569143723613,1.0,0.004559859610096582,INT_01_GW150914_v4,pre
NG15|J1843-1113|58301.366557365|1594.360|1844,62.90924062098882,0.4767248310047702,0.08060792454458088,0.22229242288811396,0.6666666666666666,0.00320907303230361,INT_02_GW190503_185404_v2,pre
NG15|J1713+0747|55731.004806705|1667.735|32780,66.5246859017754,0.7679996726013169,0.1247394919867834,-0.03426569761616275,0.7142857142857143,-1.2733512010709443e-05,INT_01_GW150914_v4,pre
NG15|B1953+29|56932.025272788|1587.328|2973,62.5627491563961,0.4206037620343775,0.11202495970924545,-0.26030891965704556,0.6666666666666666,-0.004107089590440023,INT_01_GW150914_v4,pre
NG15|J1909-3744gbt|58394.974023008|906.742|24803,29.02787430979418,0.5013433483465434,0.07505424786196843,-0.4661765739636091,0.6666666666666666,-0.002431654352699763,INT_02_GW190503_185404_v2,pre
NG15|J2043+1711|59052.209901465|1324.777|5477,49.62593452040568,0.39814649416300896,0.018324905224427097,-1.0,1.0,-0.0008566644699865474,INT_05_GW200219_094415_v1,post
NG15|J2010-1323|56450.241957266|831.728|8222,25.331669712957048,0.49979305742211233,0.10459578576691304,0.7297012929254003,0.5,-0.0019922352705411474,INT_01_GW150914_v4,pre
NG15|B1937+21|56193.937657411|828.582|18436,25.17665518684659,0.8850122829936866,0.27738014159072333,0.3330764505036861,0.3333333333333333,-0.0077493682634368535,INT_01_GW150914_v4,pre
NG15|J2010-1323|57985.147803102|1228.121|6625,44.8633521822836,0.44614301610039114,0.12724367776062045,-0.837086540173797,1.0,-0.005481702538018476,INT_02_GW190503_185404_v2,pre
NG15|J1909-3744|55948.581191090|762.979|24679,21.944163783024557,0.7286697900216491,0.149355406658673,-0.3460743506062302,0.8,-0.00090865369384619,INT_01_GW150914_v4,pre
NG15|J1923+2515|58978.329428827|1236.822|1925,45.29208116883383,0.3816827024437477,0.11229869020264267,-0.31092292054830506,0.8888888888888888,0.0019220817177614828,INT_05_GW200219_094415_v1,post
NG15|J1600-3053gbt|58099.575201550|1268.890|1210,46.87218473631955,0.44133390521891613,0.09747483813756597,-0.15705879675701756,0.8333333333333334,-0.0013264341119681655,INT_02_GW190503_185404_v2,pre
NG15|J0030+0451|56057.594299549|1387.094|16233,52.696513103884755,0.45606432329254176,0.022177987426785256,1.0,0.0,-0.003078123643667536,INT_01_GW150914_v4,pre
NG15|J0030+0451|58819.007698008|1236.451|7710,45.27380068911769,0.5910861090318144,0.07774384649359516,-0.04937785493966353,0.5,-0.002479504067257565,INT_04_GW191126_115259_v1,post
NG15|J1843-1113|57893.440098780|912.960|2418,29.334257120777906,0.2204986141946856,0.0593148547264569,0.2240251167700993,0.3333333333333333,0.0022526345609354356,INT_01_GW150914_v4,post
NG15|J1643-1224gbt|55828.752634285|900.472|14274,28.718929275238377,0.6274656608146191,0.013168765239589653,-0.8527456039395636,0.5,0.0009683427196279724,INT_01_GW150914_v4,pre
NG15|J1713+0747|57080.354004925|806.732|54570,24.100028551273347,0.5695701474292143,0.21614597909252328,-0.2794267128296512,0.7777777777777778,0.0012444031710217502,INT_01_GW150914_v4,pre
NG15|J1909-3744gbt|57521.404816423|734.061|31179,20.51927183577023,0.5619557723016193,0.11633603392478398,0.2003026358885935,0.8888888888888888,0.0010930302123052231,INT_01_GW150914_v4,post
NG15|J1918-0642|56428.220802163|1431.251|6324,54.872284378347345,0.34934227851955385,0.09680657756152432,-0.25638342806443304,0.6666666666666666,0.0006787234659905872,INT_01_GW150914_v4,pre
NG15|J1643-1224gbt|55919.503976350|884.832|15862,27.948291262407004,0.6132479452296533,0.08417495417522007,-0.9222756695723482,0.6666666666666666,-0.0063451967266902505,INT_01_GW150914_v4,pre
NG15|B1855+09|57958.154146827|1324.768|4621,49.62549105863358,0.7245888992245763,0.10106579722200247,0.011719406558070989,0.5,0.0024097502452237324,INT_02_GW190503_185404_v2,pre
NG15|J0636+5128|57193.782899973|731.709|22068,20.403380492664127,0.2841529000466232,0.04723122331533033,0.4528733460053741,0.5555555555555556,-0.0027336905291378325,INT_01_GW150914_v4,pre
NG15|J1903+0327ao|57914.263107125|1699.837|2587,68.106464769289,0.4680597606974049,0.07830616582070499,-0.5379210583061622,0.5,0.00739037521184071,INT_01_GW150914_v4,post
NG15|J1713+0747ao|58592.307067419|1812.329|14385,73.64934273216797,0.767603019887837,0.25883203042821146,0.09987681277784125,0.5555555555555556,0.005713785336159707,INT_02_GW190503_185404_v2,pre
NG15|J0636+5128|56893.522058742|804.375|24254,23.98389084051609,0.5087831695255428,0.10577267561869041,-0.4660753669701195,0.8888888888888888,-0.002321833816907692,INT_01_GW150914_v4,pre
NG15|J0023+0923|58558.686155260|433.125|847,5.691092741817378,0.22835835936830773,0.03950733109978981,-0.6225966564551102,0.6666666666666666,-0.001029129726101928,INT_02_GW190503_185404_v2,pre
NG15|J1600-3053gbt|58729.842449170|884.838|18020,27.948586903588396,0.5131741964318896,0.08956379015830296,0.42154068217245005,0.3333333333333333,0.0032145845467166883,INT_03_GW190728_064510_v2,post
NG15|J1713+0747ao|56479.096065444|1154.345|12701,41.22814821587391,0.3667095479196773,0.23937422459882213,0.06835219679825248,0.75,-0.006022271013790418,INT_01_GW150914_v4,pre
NG15|J1903+0327ao|56249.790689570|2287.199|5702,97.04786403352571,0.3831293468220783,0.08331109492822751,0.2802533445235276,0.3333333333333333,-0.0007939151596162643,INT_01_GW150914_v4,pre
NG15|J1713+0747ao|58691.041705215|1351.922|2696,50.96346449855833,0.7180724450135935,0.31217152048897395,-0.3824986562342899,0.6666666666666666,0.001149415092096665,INT_03_GW190728_064510_v2,pre
NG15|J1713+0747gbt|57734.831399385|775.451|29462,22.55870325208037,0.5297956796863054,0.09992199371120836,-0.435135187007247,0.6666666666666666,0.0013940391700152828,INT_01_GW150914_v4,post
NG15|J1946+3417|58794.866952916|1412.289|776,53.93795969808465,0.5028761627443663,0.03809006848737485,-0.3507403070824135,1.0,-0.007379479185994483,INT_04_GW191126_115259_v1,pre
NG15|J1713+0747|57194.062512901|1392.575|24393,52.966581323087354,0.39029289590869964,0.19500614235229735,0.5302502273612508,0.2222222222222222,0.0016558784120521794,INT_01_GW150914_v4,pre
NG15|J1713+0747|56992.810321547|1528.915|41626,59.684534434943465,0.6519477798255806,0.15655093286378596,-0.39821295857775774,0.6666666666666666,6.880612189803662e-05,INT_01_GW150914_v4,pre
NG15|J1738+0333|58587.344454814|1737.225|1748,69.94870351760994,0.4049803662119242,0.09350758030203997,-0.5949994437363204,1.0,0.0017420350238783239,INT_02_GW190503_185404_v2,pre
NG15|B1937+21|58014.892675479|884.854|20470,27.949375280072115,0.8332306767580102,0.30503486536418584,-0.17044528849815016,0.8571428571428571,-0.0043072057157412,INT_02_GW190503_185404_v2,pre
NG15|J1713+0747ao|59056.037000411|1534.580|831,59.9636689837088,0.6470103349833352,0.16989260903790618,0.002657714058519858,0.625,-0.00415935568520121,INT_05_GW200219_094415_v1,post
NG15|J2010-1323|57258.103995311|1842.924|3227,75.15686638962168,0.43200933659586555,0.027498038909690162,1.0,0.0,-0.0003568386861440909,INT_01_GW150914_v4,pre
NG15|J1918-0642|57161.350184699|828.590|15852,25.177049375088455,0.31819755730784194,0.10860644052083067,0.6832654824831585,0.0,0.003663273582741476,INT_01_GW150914_v4,pre
NG15|J2317+1439|58454.940382235|1351.936|6451,50.96415432798158,0.1953723685835055,0.239585598975583,0.18126411000364226,0.5,-0.008069949387753158,INT_02_GW190503_185404_v2,pre
NG15|J1918-0642|58096.895089376|912.929|16213,29.33272964134071,0.35389168066080007,0.07430520753582566,0.02455455337325672,1.0,0.001293905768037712,INT_02_GW190503_185404_v2,pre
NG15|J1012+5307|56170.533353696|1406.297|6323,53.642712704933395,0.17721873859218806,0.17164727036748334,0.20231011774051397,0.5555555555555556,-0.006578598830997042,INT_01_GW150914_v4,pre
NG15|J1705-1903|58759.834014198|766.112|9048,22.098537753241988,0.17956517337734423,0.07602373022974336,0.10315624360956371,0.5,0.006040034074379818,INT_04_GW191126_115259_v1,pre
NG15|B1855+09|57894.312967641|1474.764|6542,57.016323499340416,0.6022587635764618,0.25078853181449245,0.4950608753203622,0.3333333333333333,-0.00350531129656277,INT_01_GW150914_v4,post
NG15|J1024-0719|58012.599347934|1655.488|1136,65.92123297702183,0.4543124898490442,0.054762413456811584,-1.0,1.0,0.0005514497880818122,INT_02_GW190503_185404_v2,pre
NG15|J1738+0333|57019.645994383|1213.639|694,44.149772917461085,0.6127674306430851,0.15090697248388907,-0.10805860811073804,0.5,-0.002105253395247016,INT_01_GW150914_v4,pre
NG15|J1713+0747|58365.899015177|900.470|51547,28.718830728177917,0.6251183218535307,0.1523903692780799,-0.02290379568169003,0.5555555555555556,-0.0017804876752103157,INT_02_GW190503_185404_v2,pre
NG15|J1751-2857|58396.994673966|1318.112|475,49.29752644140816,0.2974143147781063,0.041886443189706184,-0.5033283146112273,0.6666666666666666,-4.646937209402548e-05,INT_02_GW190503_185404_v2,pre
NG15|J0030+0451|57131.624754736|1450.314|12705,55.81158568516349,0.4924539197058452,0.1328722054237603,0.03463251939314366,0.42857142857142855,-0.0023705959352586384,INT_01_GW150914_v4,pre
NG15|J1713+0747|57818.534369559|1568.775|27283,61.64857734999838,0.8528692786819962,0.22904983107458698,0.716955319675593,0.5555555555555556,-0.005383413364881946,INT_01_GW150914_v4,post
NG15|J1744-1134|58099.723899288|1526.941|5581,59.58726848626514,0.5342807356043777,0.14067144171408333,-0.4703748634671536,0.3333333333333333,0.003202560550304918,INT_02_GW190503_185404_v2,pre
NG15|J1600-3053gbt|56850.095334317|1730.503|9403,69.61748684738919,0.5601689639286899,0.10804726582465644,-0.12397609455380607,0.5714285714285714,0.0027941063345485115,INT_01_GW150914_v4,pre
NG15|J1455-3330|56451.186353447|1241.422|5267,45.51873940790188,0.20348007442904115,0.1252511683860742,-1.0,1.0,-0.002854431927400498,INT_01_GW150914_v4,pre
NG15|J0030+0451|58508.855174526|1662.598|14744,66.27156777697266,0.6095276561042566,0.16555598495829593,-0.1877837406812363,0.5555555555555556,-0.003864090270174668,INT_02_GW190503_185404_v2,pre
NG15|J1713+0747gbt|55826.720382742|1355.407|15435,51.135182751417496,0.5163222431299483,0.13062232175397095,-0.174410909989122,0.625,0.0014726341728590246,INT_01_GW150914_v4,pre
NG15|J1600-3053gbt|55118.737673465|1420.000|424,54.31790788970503,0.4439300763329598,0.08101841667632716,0.27316411670183166,0.4444444444444444,0.001270441359810525,INT_01_GW150914_v4,pre
NG15|J0023+0923|58728.239679585|436.250|4569,5.845072523792956,0.23962328960534618,0.07046545146711902,0.33840226867326617,0.6666666666666666,-0.0018620545424904177,INT_03_GW190728_064510_v2,post
NG15|J1012+5307|56765.914504773|869.254|19479,27.180708208450024,0.47519267979566215,0.1391987735032724,0.7615405011324488,0.75,0.0008088766240650757,INT_01_GW150914_v4,pre
NG15|J1918-0642|58517.764242257|1743.570|954,70.26134406693315,0.3573042330446761,0.1880338561355652,-0.30316857667989205,1.0,-0.0014762294218326213,INT_02_GW190503_185404_v2,pre
NG15|J2234+0611|58714.218065993|440.937|85,6.076017559991208,0.3989034959854416,0.11942302200156353,-1.0,1.0,-0.0070253823724938476,INT_03_GW190728_064510_v2,post
NG15|J2010-1323|58852.710409029|747.331|11113,21.173131581951324,0.36586094392782,0.11438871426059254,0.4187178143673899,0.5555555555555556,0.002607279175011953,INT_04_GW191126_115259_v1,post
NG15|B1937+21|57095.553239644|1550.502|2552,60.74820213206564,0.6599776146733078,0.25629672258070973,-0.3980751508985731,0.75,-0.002210343095991579,INT_01_GW150914_v4,pre
NG15|J1024-0719|58424.409383385|1718.084|6559,69.0055588754357,0.6172991521834321,0.14222760241276994,-0.8303519259549685,0.75,0.001806757878038089,INT_02_GW190503_185404_v2,pre
NG15|J2017+0603|57937.274610810|1737.222|2222,69.94855569701924,0.24150640891103475,0.0762802263032979,-0.08677837778268867,0.5555555555555556,-0.0009837142582555499,INT_01_GW150914_v4,post
NG15|J1600-3053|54916.270740956|1416.000|160,54.120813768776294,0.519821102148153,0.06484365114502964,-0.531298664127403,0.8888888888888888,-0.0009237539758819045,INT_01_GW150914_v4,pre
NG15|J1600-3053gbt|58424.678852780|1642.959|2417,65.30388491674279,0.4274727887080306,0.07990128563335402,0.3165081582264044,0.5,-0.0020859470843466615,INT_02_GW190503_185404_v2,pre
NG15|J1713+0747ao|58672.113702174|1462.520|10005,56.413018395177545,0.7495497904151328,0.3213913659652188,-0.39469012786021235,0.5555555555555556,-0.0021363339922669694,INT_03_GW190728_064510_v2,pre
NG15|J2322+2057|57907.443661796|430.000|411,5.5371129598417985,0.28624425865017944,0.14700274902417806,-0.44431807349089697,1.0,0.0011003752145004623,INT_01_GW150914_v4,post
NG15|J2145-0750|57803.588146243|906.718|11468,29.026691745068604,0.6597821470313313,0.18219458516873877,-0.05383116039598231,0.6666666666666666,-0.004471603671146717,INT_01_GW150914_v4,post
NG15|J1713+0747|57958.093257307|1817.905|31726,73.92409193674264,0.45248903572440163,0.15407784451598383,-0.5494189275138237,0.7777777777777778,0.0009112598792606689,INT_02_GW190503_185404_v2,pre
NG15|J1802-2124|57712.839865247|1768.067|2630,71.468397737031,0.31739685928167877,0.026692528964797863,-1.0,1.0,0.0009646018809520143,INT_01_GW150914_v4,post
NG15|J2234+0611|56949.044570526|1412.363|2175,53.94160593932183,0.5654359990883263,0.11308828785349588,0.40125459454833146,0.8888888888888888,0.0002994191586781054,INT_01_GW150914_v4,pre
NG15|J1012+5307|56586.439094263|1705.204|8126,68.37091580604515,0.4763103531570919,0.2162470038629807,0.025422861773625557,0.3333333333333333,-0.004837847273366844,INT_01_GW150914_v4,pre
NG15|J1713+0747gbt|55030.987599685|1380.000|835,52.34696668041763,0.6140568066465686,0.14186348543281208,-0.7358569143723613,1.0,0.004559859610096582,INT_01_GW150914_v4,pre
NG15|J1909-3744gbt|58138.718506800|1480.635|1558,57.30560839533357,0.362932495596609,0.14242226517531512,-0.3970112129483032,0.8888888888888888,-6.143583839783312e-05,INT_02_GW190503_185404_v2,pre
NG15|J1747-4036|56095.227983722|1517.852|936,59.13942136998481,0.29401516042437364,0.05649828247260802,0.16901009326876454,0.4444444444444444,-0.0013174158094317915,INT_01_GW150914_v4,pre
NG15|B1953+29|57557.307619942|440.936|249,6.075968286460974,0.562814218719298,0.10114464508829463,-0.057960925249002565,0.5555555555555556,-0.002236829852888611,INT_01_GW150914_v4,post
NG15|J1024-0719|56550.596511522|1842.950|7077,75.15814750140771,0.3462475050602687,0.1274985962403228,0.3025913688831745,0.4,-0.0009355780186215404,INT_01_GW150914_v4,pre
NG15|J1600-3053gbt|55732.103714139|850.467|11617,26.255006395977965,0.3789132351234496,0.09494873374834778,0.2550912771042728,0.4444444444444444,0.0031843815698473694,INT_01_GW150914_v4,pre
NG15|J1745+1017|57915.205591526|1474.827|1000,57.01942773174504,0.7052468024986737,0.1993372645728129,-1.0,1.0,-0.011474728810506183,INT_01_GW150914_v4,post
NG15|J1643-1224gbt|55704.131767509|831.701|16575,25.330339327640782,0.6473099695037184,0.03126433509713126,-0.3978366366856534,0.6666666666666666,-0.0009220757857229443,INT_01_GW150914_v4,pre
NG15|J1643-1224|58245.245786255|825.470|10289,25.023315960764034,0.6919374647872861,0.15813459026813706,-0.32574789365764134,1.0,-0.002693490407289835,INT_02_GW190503_185404_v2,pre
NG15|J0605+3757|57978.709217196|872.368|330,27.33414598159305,0.29876421864110697,0.01777406796049807,0.9999999999999998,0.0,0.0009752672464062826,INT_02_GW190503_185404_v2,pre
NG15|J1713+0747|56866.243180701|1343.017|28818,50.52468371184073,0.7400830036177259,0.22529378080119186,-0.3138632346177541,0.6666666666666666,0.003049351410335578,INT_01_GW150914_v4,pre
NG15|J1713+0747|57836.486415740|3592.401|58015,161.35977423963413,0.3497175900045245,0.20656723474265232,0.5990229280182499,0.4444444444444444,-0.004863055092128951,INT_01_GW150914_v4,post
NG15|J1643-1224|56709.420676565|781.705|11194,22.866859910152456,0.6671971857987825,0.06430494482557171,0.10534461445720998,0.7142857142857143,-0.002418028598360511,INT_01_GW150914_v4,pre
NG15|J1910+1256|56754.396511070|1449.545|3336,55.77369434041494,0.4256372777054159,0.09371280397292416,0.2819596211728655,0.5,-0.00412346539431379,INT_01_GW150914_v4,pre
NG15|J0023+0923|58832.001721115|1162.412|6746,41.62563778425694,0.12851258425029907,0.07046545146711902,0.33840226867326617,0.6666666666666666,-0.0018620545424904177,INT_04_GW191126_115259_v1,post
NG15|J1614-2230|56733.490047390|1405.461|2419,53.6015200336593,0.41592141040601044,0.12143307127402364,-1.0,1.0,-0.0034788018650301514,INT_01_GW150914_v4,pre
NG15|J0636+5128|56944.400223097|1730.468|6938,69.61576227383108,0.19039954781316648,0.10954607300422328,-0.16035154985490113,0.7777777777777778,-0.0031411574766715532,INT_01_GW150914_v4,pre
NG15|J1713+0747gbt|55976.422543013|769.230|24534,22.25217262050595,0.4102186540089312,0.13507201487607104,0.4537015707166538,0.5,0.001300064317810407,INT_01_GW150914_v4,pre
NG15|J1719-1438|58700.013806966|787.956|3602,23.174868747633845,0.19500987244925555,0.014177212449311269,-0.8318222060295718,0.6666666666666666,-0.0008042151228857676,INT_03_GW190728_064510_v2,post
NG15|J1012+5307|53769.349243551|1404.000|1445,53.52953140599007,0.6832642991489697,0.16638865019138213,0.09295737191560587,0.6666666666666666,4.1701627763970594e-05,INT_01_GW150914_v4,pre
NG15|J1600-3053gbt|55799.872994332|1613.189|8662,63.83701192173064,0.3713790287914584,0.09826061482429996,0.2947862964348011,0.5,0.0032644692217336903,INT_01_GW150914_v4,pre
NG15|J1600-3053|56733.501580991|1633.610|8488,64.84322668260208,0.3935160090986276,0.06005880726451773,0.34105081461803294,0.4,0.0006041380757159729,INT_01_GW150914_v4,pre
NG15|B1937+21gbt|56978.808279177|1190.594|2271,43.014264413260385,0.16270934658102404,0.2813619638615418,0.40407690034178534,0.2,-0.00875796467505444,INT_01_GW150914_v4,pre
NG15|J1713+0747|54552.300169267|872.000|45663,27.316013322467604,0.40470947029034543,0.10341451022465607,1.0,0.0,-0.0861009600395496,INT_01_GW150914_v4,pre
NG15|J1643-1224|57948.040418438|1594.149|6594,62.898843906109825,0.4822579141242598,0.1133456647479149,-0.2759193304977788,1.0,-0.0021361857414914005,INT_02_GW190503_185404_v2,pre
NG15|J1600-3053|57808.443062901|3592.345|22374,161.35701492194113,0.30226949568758965,0.14878486886913428,0.43755260284831554,0.6666666666666666,-0.0023596754533999867,INT_01_GW150914_v4,post
NG15|J1811-2405|58672.283079670|731.720|4767,20.403922501496684,0.4153501707792846,0.022772232299544688,-0.4430063096339249,0.5,-0.0008089359155943552,INT_03_GW190728_064510_v2,pre
NG15|J1853+1303|56380.418666127|1337.502|3830,50.252940192610225,0.30380209366378125,0.1281890488987305,-0.2270883375200309,0.6666666666666666,-0.001977184382775454,INT_01_GW150914_v4,pre
NG15|J2322+2057|57265.250202482|2351.382|3072,100.21038702441804,0.22624401919125298,0.08987987496764184,0.5323514740216637,0.5,-0.0037920572901150498,INT_01_GW150914_v4,pre
NG15|J0740+6620|58063.280693184|1517.943|4105,59.143905261235936,0.49649265664977055,0.11724794750719901,0.018104190493428842,0.6666666666666666,-0.001194534168440208,INT_02_GW190503_185404_v2,pre
NG15|J1923+2515|58978.329428827|1475.049|1912,57.03036645545659,0.3482488308054293,0.11229869020264267,-0.31092292054830506,0.8888888888888888,0.0019220817177614828,INT_05_GW200219_094415_v1,post
NG15|J0613-0200|55578.372949902|825.488|13065,25.024202884308217,0.4379049410288419,0.07746799156494376,0.2564427561147134,0.5714285714285714,-0.0033960913863094124,INT_01_GW150914_v4,pre
NG15|B1937+21|58586.420347179|2212.253|6730,93.35501003674437,0.598719931161689,0.2468433158025727,0.2664527737992711,0.6666666666666666,-0.0027987427404444092,INT_02_GW190503_185404_v2,pre
NG15|J1022+1001|57739.421092349|1211.667|1899,44.05260551584322,0.3491013836367477,0.20793347477671362,-0.4412301615511296,0.75,-0.00046889417122995304,INT_01_GW150914_v4,post
NG15|B1937+21|56894.066899532|844.224|19802,25.947391746738436,0.8688405769770344,0.03883674295948161,0.03524632901366059,0.8,-0.006507274825030766,INT_01_GW150914_v4,pre
NG15|J1751-2857|58848.763099508|1367.195|1337,51.71601912579449,0.30621906118546993,0.03384360102497248,1.0,0.0,0.0023460051094136825,INT_04_GW191126_115259_v1,post
NG15|J1600-3053gbt|57489.416719074|784.814|14427,23.020051315644313,0.6006208961038881,0.0650768393865372,-0.2354019328845964,0.7777777777777778,0.001259888064571107,INT_01_GW150914_v4,post
NG15|J1600-3053gbt|55765.955276985|741.379|16170,20.87985553000936,0.2562564897906073,0.09826061482429996,0.2947862964348011,0.5,0.0032644692217336903,INT_01_GW150914_v4,pre
NG15|J1455-3330|55919.482999278|909.061|10777,29.14213962640262,0.49369464865346635,0.08567975039891493,-0.12012278876377201,0.5,-0.0007438483169312509,INT_01_GW150914_v4,pre
NG15|J1713+0747gbt|58302.115055056|909.838|32805,29.180425159393025,0.4185989983623145,0.08549352938254358,-0.08496024322203964,0.4444444444444444,0.0022886817970967956,INT_02_GW190503_185404_v2,pre
NG15|J1832-0836|58461.898035477|778.599|5268,22.71381632525129,0.38694735357574983,0.09761775246883361,-0.5344060201735981,0.5,0.005108645231384284,INT_02_GW190503_185404_v2,pre
NG15|J1903+0327|56407.383655520|1611.160|655,63.73703592888954,0.47825431178133687,0.04161612103173264,-0.9999999999999999,1.0,0.0027689461195840397,INT_01_GW150914_v4,pre
NG15|J1713+0747gbt|56619.867105209|1355.502|6472,51.13986373678956,0.6946307810896235,0.13175897582078214,-0.15250937231479378,0.7777777777777778,0.0009320349244280828,INT_01_GW150914_v4,pre
NG15|J1909-3744gbt|58824.838598518|747.126|30968,21.163030508253723,0.7049912178443584,0.18451645849194406,0.0610319664579373,0.5,-0.004668000446431622,INT_04_GW191126_115259_v1,post
NG15|J2124-3358|58910.730861748|1342.917|1038,50.51975635881751,0.33179852684823463,0.08713946232029704,0.1582605604854495,0.5,-0.005128216889275187,INT_05_GW200219_094415_v1,post
NG15|J2214+3000|55989.655818470|1599.162|2398,63.14585211316378,0.6330210321031695,0.09569927310138127,0.9999999999999998,0.0,-3.762168614967599e-05,INT_01_GW150914_v4,pre
NG15|J1600-3053gbt|55731.094997579|1367.207|1273,51.71661040815729,0.608453504148717,0.09494873374834778,0.2550912771042728,0.4444444444444444,0.0031843815698473694,INT_01_GW150914_v4,pre
NG15|J2317+1439|58676.360497031|442.500|1218,6.153032087744112,0.7555929786874682,0.17948645060983082,-0.10368350734301596,0.6666666666666666,-0.006429478022026166,INT_03_GW190728_064510_v2,pre
NG15|J2010-1323|55731.193938978|1269.344|4417,46.89455491904496,0.29478317218657696,0.0434746050476167,-0.5683625645610417,1.0,-0.0007280593005971908,INT_01_GW150914_v4,pre
NG15|J1600-3053|58680.091470702|2216.077|21704,93.54343201635224,0.3902821146207754,0.16193795366961383,0.21556242009812862,0.3333333333333333,-0.004017397982862122,INT_03_GW190728_064510_v2,pre
NG15|J0613-0200|55972.255082146|762.975|11843,21.943966688903625,0.5196886313314323,0.06700426563868568,-0.9134284001739036,1.0,-0.0028558890187392657,INT_01_GW150914_v4,pre
NG15|J2302+4442|58460.194584644|872.346|10019,27.333061963927943,0.2562054468410054,0.10178438456988005,-0.01106667360720237,0.5,0.0031946519829479216,INT_02_GW190503_185404_v2,pre
NG15|J2317+1439|57408.849372708|1487.529|11067,57.645300112754256,0.3852477613437738,0.18532948081818396,-0.3400436891781185,0.5,-0.00421349328313163,INT_01_GW150914_v4,post
NG15|J1600-3053gbt|55543.619709097|1855.298|2268,75.76657705271474,0.4967998928053722,0.03784836035448725,-0.9999999999999998,1.0,0.0012805122996657956,INT_01_GW150914_v4,pre
NG15|J0645+5158|56192.560962005|847.374|10374,26.102603366969817,0.35290507083461525,0.09166494648699824,-0.5660924990608118,0.3333333333333333,-0.0001251381489654673,INT_01_GW150914_v4,pre
NG15|J1713+0747|56431.168144942|853.612|50696,26.409971648558184,0.17491720015540096,0.29637252151890164,-0.19448451751988713,0.6666666666666666,0.0022450818290365867,INT_01_GW150914_v4,pre
NG15|J1713+0747gbt|55305.139823239|1381.389|7238,52.41540761391013,0.7364852515150152,0.1632139595347828,-0.5259153628535149,0.6666666666666666,-0.005246945014472059,INT_01_GW150914_v4,pre
NG15|J1909-3744gbt|58797.804046492|1355.439|16251,51.13675950438493,0.526407708519487,0.17646860051664556,-0.01217439509065567,0.5555555555555556,-0.003684912554799503,INT_04_GW191126_115259_v1,pre
NG15|J1600-3053|58544.346929620|913.750|18503,29.373183209661335,0.39651367633229734,0.12148442016900249,-0.2792962620875666,0.5,-0.002446614969348757,INT_02_GW190503_185404_v2,pre
NG15|J1713+0747|57189.201123335|1301.035|5669,48.45608236563314,0.7426045984905182,0.19500614235229735,0.5302502273612508,0.2222222222222222,0.0016558784120521794,INT_01_GW150914_v4,pre
NG15|J1630+3734|58015.878167331|1455.336|577,56.059037353989524,0.5448797803789442,0.1316792601356487,-0.2731154746458424,1.0,-0.005813466254058215,INT_02_GW190503_185404_v2,pre
NG15|J1713+0747ao|54135.560250294|2354.000|13432,100.3393851265659,0.7270737377675204,0.18882504515276727,-0.5642920152143474,0.7777777777777778,0.0029677630008044034,INT_01_GW150914_v4,pre
NG15|J0636+5128|57071.099475078|1307.767|3426,48.7877917711562,0.24546609645369227,0.04959744309651817,-0.0633042940681639,0.5555555555555556,0.00040499322723016023,INT_01_GW150914_v4,pre
NG15|J1909-3744|57258.078446134|1717.309|3685,68.96737188950574,0.5195414755083981,0.07237030924460072,-0.2845685811524288,0.875,0.0013269363091216169,INT_01_GW150914_v4,pre
NG15|J0030+0451|57327.110752170|1600.255|14699,63.19970808170756,0.47778054679324256,0.12823030197947471,-0.2396267284163705,0.6666666666666666,-0.0020562246320220794,INT_01_GW150914_v4,post
NG15|J1713+0747|58803.773181564|1338.561|9762,50.305120861126106,0.46125868644362306,0.23015814956352085,0.11222878497342052,0.6666666666666666,0.006807839575308405,INT_04_GW191126_115259_v1,pre
NG15|J1455-3330|55765.896581882|809.829|6434,24.252628674402423,0.441415852448762,0.08372469136714622,-0.2443460874172101,0.7777777777777778,-0.0017598030122349018,INT_01_GW150914_v4,pre
NG15|J1012+5307|55865.559289642|1693.334|2742,67.78603900218911,0.29619494578806693,0.11999516428823975,-0.30791791779668115,0.6666666666666666,-0.0022254415244605174,INT_01_GW150914_v4,pre
NG15|B1937+21|55617.414731625|887.959|22987,28.102369591443047,0.799373475295832,0.23995055814448374,-0.44034758943078467,0.75,0.007600600125856526,INT_01_GW150914_v4,pre
NG15|J1713+0747|58187.428178037|1229.118|24772,44.91247789192508,0.39518280686862967,0.18400084908744024,0.26313459766009184,0.4444444444444444,0.001257359439548546,INT_02_GW190503_185404_v2,pre
NG15|J1730-2304|58302.177807647|900.712|4479,28.730754922494103,0.5753446120496135,0.09246417722335937,0.26401143502797353,0.5,-0.00025587370878696965,INT_02_GW190503_185404_v2,pre
NG15|J0030+0451|57711.018732300|1537.463|10493,60.105724571368185,0.40479026631390397,0.10733350753385303,-0.010152733041056036,0.5555555555555556,-0.0013627239487830425,INT_01_GW150914_v4,post
NG15|J0636+5128|57038.422747059|762.989|25955,21.94465651832688,0.15700865105703574,0.04832883359876334,-0.03796741301346713,0.4444444444444444,-0.0004541156800182134,INT_01_GW150914_v4,pre
NG15|J1600-3053|56921.874007032|906.712|11252,29.026396103887215,0.5858816088413284,0.06136519533528319,-8.69231857734736e-05,0.8571428571428571,0.0009538618537216723,INT_01_GW150914_v4,pre
NG15|J1713+0747|58974.273683992|2095.268|14826,87.59074610253218,0.32175170956384386,0.15163847604136652,0.06554300194668504,0.7777777777777778,-0.0010165529087073045,INT_05_GW200219_094415_v1,post
NG15|J0636+5128|58300.953416184|1185.937|13234,42.784797582969084,0.32524220348031263,0.10050045709434084,0.04341840532485872,0.6666666666666666,-0.0018546525693982658,INT_02_GW190503_185404_v2,pre
NG15|J1944+0907|57334.898093147|422.187|114,5.152138868137738,0.628899861954462,0.154604324572304,0.7376377368756535,0.5,-0.0054428974576000355,INT_01_GW150914_v4,post
NG15|J0636+5128|57222.656093738|1230.725|13986,44.991660455008194,0.15559459940999776,0.11326951014889998,0.540329004698338,0.4444444444444444,-0.0006591797329758245,INT_01_GW150914_v4,pre
NG15|J2234+0944|58683.301468093|1487.234|1040,57.63076442133576,0.2493826883789147,0.11220535809681396,0.12419158222833825,0.6666666666666666,-0.0014053073146651604,INT_03_GW190728_064510_v2,pre
NG15|J0645+5158|56192.411906273|1405.469|5368,53.601914221901154,0.3548951899256765,0.09166494648699824,-0.5660924990608118,0.3333333333333333,-0.0001251381489654673,INT_01_GW150914_v4,pre
NG15|J1713+0747|57894.209639237|1805.402|34761,73.30802498824963,0.7287781851376862,0.1886352383887831,-0.07745811961317234,0.7777777777777778,-0.0035854329274231057,INT_01_GW150914_v4,post
NG15|J1741+1351|56669.599995927|1436.580|3736,55.13486302095466,0.4514143800735694,0.11490640835394017,-0.48353240301169165,0.6666666666666666,-0.003525702749788688,INT_01_GW150914_v4,pre
NG15|J1946+3417|57949.214971235|1301.182|2332,48.46332557457727,0.49543509088351856,0.04984079453766154,-1.0,1.0,-0.002627534543708911,INT_02_GW190503_185404_v2,pre
NG15|J1738+0333|58734.929186055|1163.106|4140,41.659833614238075,0.2024939515476434,0.1232219837410082,-0.17616215056553283,0.5714285714285714,0.0011017176708454598,INT_03_GW190728_064510_v2,post
NG15|J1744-1134|57195.093811361|885.625|12558,27.987365171881127,0.5625856186506603,0.03549366151682659,0.6088130666400113,0.6666666666666666,5.950339037829915e-05,INT_01_GW150914_v4,pre
NG15|J1705-1903|58039.819881429|1229.118|799,44.91247789192508,0.36296261378386224,0.05224546718791721,-0.1646901597291325,0.7777777777777778,0.0006082082235923505,INT_02_GW190503_185404_v2,pre
NG15|B1937+21ao|56613.872722053|2298.478|6621,97.60362018101453,0.7380022786308186,0.2802655120730153,0.5613199404291298,0.5555555555555556,-0.0001687747043849119,INT_01_GW150914_v4,pre
NG15|B1937+21|55919.587100214|881.712|21032,27.794557848082587,0.7534565572799679,0.05993482587833993,-0.4209103286918607,0.6666666666666666,-0.00027449419695708656,INT_01_GW150914_v4,pre
NG15|J2043+1711|57568.294235861|428.437|794,5.460098432088895,0.5241677716635135,0.10544658178778038,0.9404574799863336,0.0,-0.003718357402511902,INT_01_GW150914_v4,post
NG15|J1640+2224|58660.115333046|1674.766|10055,66.87112809283789,0.5895651342343334,0.144023470251702,0.5905154152211968,0.6,0.0008707194644346055,INT_03_GW190728_064510_v2,pre
NG15|J0636+5128|56823.746704854|866.104|20238,27.025496588218644,0.27449150400802974,0.058984366179916085,-0.05098515869925292,0.5555555555555556,-0.000651956835527786,INT_01_GW150914_v4,pre
NG15|J0645+5158|57194.725200967|1157.350|2515,41.37621517422161,0.2760308428619251,0.020360595756846983,1.0,0.0,0.002582748789703265,INT_01_GW150914_v4,pre
NG15|J1600-3053|58250.382938480|2440.171|21184,104.58533450020352,0.29411172196989394,0.08697541042335206,-0.0047778765687056515,0.8888888888888888,-0.0017914210854418637,INT_02_GW190503_185404_v2,pre
NG15|J1909-3744|58732.981968247|1318.590|14264,49.32107918885914,0.6826129887774817,0.1820712116861525,-0.07994210861240568,0.6666666666666666,-0.0011314955244891834,INT_03_GW190728_064510_v2,post
NG15|J1910+1256|57316.884193341|2200.595|5160,92.78057922129754,0.18132494525048098,0.1618144469970269,-0.47097739985564985,0.5,-0.006512570173163763,INT_01_GW150914_v4,post
NG15|J1713+0747gbt|58322.123242049|1705.519|16761,68.38643696806828,0.6692961659619857,0.0815954281851764,-0.18645983393419552,0.5555555555555556,0.002139298328151826,INT_02_GW190503_185404_v2,pre
NG15|J1909-3744|57221.272503779|1867.118|21169,76.34899018005916,0.5031031124481775,0.07519843953807917,-0.10285444460688062,0.8333333333333334,0.0017388884186904578,INT_01_GW150914_v4,pre
NG15|J1705-1903|58881.528126410|1230.671|6188,44.98899968437566,0.26950553866247584,0.0670747427012809,0.20615848344254564,0.5555555555555556,0.004106087825721342,INT_05_GW200219_094415_v1,pre
NG15|B1855+09|54177.483436882|1422.000|2635,54.4164549501694,0.4418104754869752,0.10625695569414174,-0.13094829896927773,0.4444444444444444,-0.0032793796216157123,INT_01_GW150914_v4,pre
NG15|J1600-3053gbt|57101.377036171|1567.954|6255,61.60812378167774,0.5551051768154152,0.07654743471875293,-0.42362871329879825,1.0,0.003615573065591765,INT_01_GW150914_v4,pre
NG15|J1600-3053|56407.223591533|793.437|19156,23.44493696683645,0.35852214167644175,0.0966905080547778,0.21598826333747112,0.6666666666666666,0.0037526764614222263,INT_01_GW150914_v4,pre
NG15|J1747-4036|56471.162211313|909.828|9240,29.1799324240907,0.4145615402057256,0.061987433193197106,0.35478164397307255,0.5,-0.0013990181273143246,INT_01_GW150914_v4,pre
NG15|J1600-3053|56564.756081315|1552.350|4844,60.83925961593472,0.5132911229062332,0.09171548511223328,0.07001096021151185,0.6666666666666666,0.004010911826234551,INT_01_GW150914_v4,pre
NG15|J2317+1439|58794.007901294|1213.754|11127,44.15543937343778,0.5067962697695575,0.18466031523124096,-0.5975701139000257,0.6666666666666666,-0.004244207521624996,INT_04_GW191126_115259_v1,pre
NG15|J1744-1134|57733.660844130|1530.449|1678,59.76012003031964,0.7402385977576711,0.07259233174895896,-0.9666441819884241,1.0,0.0021086672656886922,INT_01_GW150914_v4,post
NG15|J1455-3330|53695.580977964|840.000|5751,25.739260355037683,0.6461131802609409,0.1336499120205767,-0.39693812223796776,0.5555555555555556,-0.0038715205305369245,INT_01_GW150914_v4,pre
NG15|J1802-2124|57894.410321992|1792.961|363,72.69501299863101,0.25835957002333165,0.03756400185772203,-0.3979906172542759,0.6666666666666666,-2.5363607228906075e-05,INT_01_GW150914_v4,post
NG15|J1713+0747gbt|56194.800037606|1582.102|16534,62.3052456874027,0.5228163304010338,0.18008476874691268,0.2607997328819269,0.6,-0.001634219077401194,INT_01_GW150914_v4,pre
NG15|J1012+5307|53450.201687291|852.000|14661,26.330542717823903,0.29223008537769884,0.0378151105658945,1.0,0.0,0.0016774534864586806,INT_01_GW150914_v4,pre
NG15|J1909-3744gbt|57928.247964027|847.618|28968,26.11462610834647,0.3802038292901263,0.14146480050157378,-0.2722155135728969,0.5555555555555556,-0.0009630597744593161,INT_01_GW150914_v4,post
NG15|J1024-0719|55828.641729295|874.687|8325,27.44841129820149,0.4210868072379303,0.10084727913955079,0.011317734209113302,0.5555555555555556,0.0019428327488565785,INT_01_GW150914_v4,pre
NG15|J2234+0611|56668.805318986|1311.625|2539,48.97788905079197,0.7045281483405196,0.07540944871540015,-0.9999999999999999,1.0,0.0033944152643614893,INT_01_GW150914_v4,pre
NG15|J1923+2515|57054.602023660|428.437|192,5.460098432088895,0.498757929572667,0.10859948903205421,-0.9999999999999999,1.0,-0.0015845862924817819,INT_01_GW150914_v4,pre
NG15|J1713+0747ao|56380.355341007|1574.102|13009,61.91105744554522,9.364237779880791e-152,0.2343851885809342,0.06089354418785918,0.75,-0.0029423960461099526,INT_01_GW150914_v4,pre
NG15|J1600-3053gbt|57859.409664802|906.721|15070,29.026839565659305,0.49014272345889603,0.08453011013376313,0.5002442951704457,0.5,0.006346363457911467,INT_01_GW150914_v4,post
NG15|J1600-3053|57703.785959925|1517.883|8031,59.140948849422,0.6684813350988745,0.14079376656636247,0.65198287253317,0.6666666666666666,-0.002561400977665156,INT_01_GW150914_v4,post
NG15|J1713+0747|56106.127361670|1422.000|792,54.4164549501694,0.6052095952124251,0.14756931599265283,-0.5673976843159261,0.8888888888888888,-0.000491543994805859,INT_01_GW150914_v4,pre
NG15|J1024-0719|56492.678467560|728.613|10131,20.250829643065288,0.1825344262545857,0.1274985962403228,0.3025913688831745,0.4,-0.0009355780186215404,INT_01_GW150914_v4,pre
NG15|J2214+3000|59043.312202599|1726.031|4434,69.39713562019087,0.1926158272340045,0.06468264172254064,0.18708335518267646,0.6666666666666666,-0.0015814345398681433,INT_05_GW200219_094415_v1,post
NG15|J1909-3744|54429.759876114|1408.000|468,53.72662552691881,0.6859714384070473,0.14169862614278877,-0.1545799760336236,0.5555555555555556,-0.0011240082067623344,INT_01_GW150914_v4,pre
NG15|J1024-0719|58011.600427655|806.757|7880,24.101260389529152,0.5041327809509453,0.054762413456811584,-1.0,1.0,0.0005514497880818122,INT_02_GW190503_185404_v2,pre
NG15|J1643-1224|57921.101908914|1830.357|6782,74.53764593519381,0.4840472058726485,0.11315366826172504,0.027613072684363724,1.0,-0.0022875350385988995,INT_01_GW150914_v4,post
NG15|J1600-3053gbt|55700.190765713|1592.105|611,62.79812881031524,0.5154910559150584,0.09933053063003018,0.253373045321452,0.5,0.003196848318420911,INT_01_GW150914_v4,pre
NG15|J1832-0836|58015.029687073|781.727|4871,22.867943927817564,0.2924947203907058,0.02407993479918281,-0.35548069667340526,0.6666666666666666,0.0007137115279416189,INT_02_GW190503_185404_v2,pre
NG15|J0613-0200|55360.927171997|769.213|10904,22.251334970491996,0.2544436420410712,0.13221205680458847,-0.5924343069106683,0.5,-0.000964687765397736,INT_01_GW150914_v4,pre
NG15|J1713+0747gbt|58545.410989490|1830.401|10713,74.53981397052402,0.28234380390481706,0.17911756560941808,0.19697699133354446,0.2857142857142857,-0.0016429572278482906,INT_02_GW190503_185404_v2,pre
NG15|J1903+0327ao|57936.203581518|1286.675|3029,47.74851447149896,0.3772120011383641,0.07365248714817346,1.0,0.0,0.006570260622030383,INT_01_GW150914_v4,post
NG15|J1012+5307|53858.098630975|1384.000|155,52.54406080134637,0.39468236723705125,0.16115456011030144,-0.416637653930064,0.5,-0.004047663190534025,INT_01_GW150914_v4,pre
NG15|J0023+0923|57706.056231926|1224.057|12078,44.66310455541999,0.22980690680302962,0.09855700758911132,0.6452274539798912,0.5555555555555556,-0.0019386424653381452,INT_01_GW150914_v4,post
NG15|J1903+0327ao|57809.565375619|1223.633|222,44.642212578601544,0.2727384658205211,0.08055290630423717,-1.0,1.0,0.006766112689220717,INT_01_GW150914_v4,post
NG15|J1455-3330|55919.482999306|741.099|10819,20.86605894154435,0.3938602667805602,0.08567975039891493,-0.12012278876377201,0.5,-0.0007438483169312509,INT_01_GW150914_v4,pre
NG15|J1600-3053|56477.020123382|1655.528|4112,65.92320391823112,0.5662707258747937,0.10564758023521847,0.051587706847234974,0.6666666666666666,0.004126340600986003,INT_01_GW150914_v4,pre
NG15|J1909-3744gbt|57773.618377095|1505.501|13862,58.530843998087086,0.5391900933423265,0.1717992938292191,-0.4660918221479056,0.75,0.001518363311348651,INT_01_GW150914_v4,post
NG15|J0636+5128|56677.093004981|769.221|31385,22.251729158733855,0.2873107369187903,0.04444806661866907,-0.2199273670068579,0.5,-0.0013242164326535684,INT_01_GW150914_v4,pre
NG15|J1713+0747ao|57876.257497250|1523.464|5165,59.41594442164783,0.07718869043150839,0.25295167706357974,0.3853776649167237,0.5714285714285714,0.002097295613094399,INT_01_GW150914_v4,post
NG15|J0023+0923|58558.699018406|1500.100|9389,58.264717661303045,0.15851184955629194,0.03950733109978981,-0.6225966564551102,0.6666666666666666,-0.001029129726101928,INT_02_GW190503_185404_v2,pre
NG15|J1853+1303|56201.903618164|1399.427|3050,53.304203552238285,0.21934102577764208,0.1281890488987305,-0.2270883375200309,0.6666666666666666,-0.001977184382775454,INT_01_GW150914_v4,pre
NG15|J1909-3744gbt|56535.012892060|1681.035|15944,67.18002385386347,0.31180414241900095,0.15945318177490853,0.17912428233715594,0.5555555555555556,-0.004231885781954694,INT_01_GW150914_v4,pre
NG15|J1713+0747|55389.949851712|1269.273|36509,46.89105649839847,0.5946239896669516,0.13751815999216338,0.3971490276197459,0.5714285714285714,-0.0056106477215011686,INT_01_GW150914_v4,pre
NG15|J0030+0451|57359.043503475|1412.377|8752,53.94229576874508,0.49268421473500956,0.11656074602212327,-0.6644557167701197,0.7142857142857143,-0.0055784693585194806,INT_01_GW150914_v4,post
NG15|J1713+0747gbt|58278.219043787|1480.377|22875,57.292895824533666,0.6621952906390702,0.08570679979634764,-0.30459691293472924,0.5555555555555556,0.0023805272572733596,INT_02_GW190503_185404_v2,pre
NG15|J2317+1439|57115.594542726|1511.503|9896,58.826583726540655,0.48929321976093465,0.1193959751461376,-0.15787692454893582,0.5,-0.005732373998222679,INT_01_GW150914_v4,pre
NG15|J0740+6620|58762.075272106|734.061|10754,20.51927183577023,0.3267301195686607,0.15694738782288617,-0.12032793020441228,0.4444444444444444,-0.004149457738811628,INT_04_GW191126_115259_v1,pre
NG15|J1713+0747gbt|57516.306204885|1613.133|5993,63.83425260403764,0.6704052400741928,0.12429616970042036,-0.22252460442433844,0.8888888888888888,-0.0012621482339535486,INT_01_GW150914_v4,post
NG15|J1643-1224|55700.142662109|1531.784|8821,59.82590019317961,0.5683157731507018,0.07132802517282098,0.4451971182462637,0.6666666666666666,-0.003029266672555033,INT_01_GW150914_v4,pre
NG15|J1012+5307|57132.010721125|1405.166|14088,53.58698434224079,0.3251008188830795,0.10374306070976906,-0.07889693677946144,0.5,-0.0011717405666474394,INT_01_GW150914_v4,pre
NG15|J1909-3744gbt|56614.921772991|837.948|30409,25.63815107100124,0.3364590914634963,0.16742840541215956,-0.004639684691701773,0.6666666666666666,-0.004244203473987947,INT_01_GW150914_v4,pre
NG15|B1953+29|59026.293156237|423.750|963,5.229153395890642,0.4477664390324163,0.028119315945237332,0.9614797537750391,0.0,-0.0009980622738268794,INT_05_GW200219_094415_v1,post
NG15|J2229+2643|58463.898706421|1174.559|3676,42.224163355987294,0.1988296694865593,0.09976728793449585,0.0667838894226109,0.4444444444444444,-0.0006269789812800607,INT_02_GW190503_185404_v2,pre
NG15|J1713+0747ao|57645.951408408|2262.899|20966,95.8505172488836,0.8455493957124874,0.3513756917612506,-0.47722622516726415,1.0,0.005720133265767029,INT_01_GW150914_v4,post
NG15|J0030+0451|59020.446210838|423.750|1897,5.229153395890642,0.7672525209882296,0.160783840374873,0.22307012210808053,0.6666666666666666,-0.00526809596079943,INT_05_GW200219_094415_v1,post
NG15|J1909-3744gbt|58908.555883215|1755.479|10181,70.84814253846825,0.7730146748945433,0.17713162872807173,0.011570325809619817,0.8,-0.004119250906793537,INT_05_GW200219_094415_v1,post
NG15|J2317+1439|58524.770397278|1487.240|8232,57.63106006251716,0.3120565501872524,0.24232397246355322,0.0775924701473608,0.6,-0.007926523589901827,INT_02_GW190503_185404_v2,pre
NG15|J1738+0333|57316.843425898|1174.798|2999,42.23593972971279,0.23606841163442577,0.06953298730070434,-0.740399620130572,1.0,-0.0025903896903091794,INT_01_GW150914_v4,post
NG15|J1738+0333|58566.406842261|2187.216|7845,92.12134866032115,0.3512529403129963,0.09350758030203997,-0.5949994437363204,1.0,0.0017420350238783239,INT_02_GW190503_185404_v2,pre
NG15|B1937+21|55948.508252057|741.205|18231,20.87128193574896,0.8456048261147046,0.06383694418510182,0.34236361918165403,0.6,-0.0016751272524899673,INT_01_GW150914_v4,pre
NG15|J1643-1224|56138.043628069|1380.538|6915,52.37347583968254,0.6113506397933831,0.02840466192834962,0.28105739318054357,0.625,0.0007038377429724737,INT_01_GW150914_v4,pre
NG15|J1713+0747|58621.322803590|3496.103|58987,156.6148318253352,0.5638536931533213,0.16632434930973616,-0.5236820746737124,0.7777777777777778,0.0009608159196529401,INT_02_GW190503_185404_v2,post
NG15|J1903+0327|57914.263107114|1187.332|2624,42.853534157643,0.3004059302639563,0.09020060233077073,0.9999999999999998,0.0,0.021209414512914526,INT_01_GW150914_v4,post
NG15|J0023+0923|56978.034678981|1187.589|14099,42.86619745491266,0.3340868039677226,0.09369272978512606,-0.00893320436278823,0.3333333333333333,-0.003280001057771704,INT_01_GW150914_v4,pre
NG15|J1909-3744gbt|55774.059199687|1317.204|11654,49.25278607595733,0.6033725061563976,0.13928311821237116,0.31519691501737573,0.7142857142857143,-0.005625147833680916,INT_01_GW150914_v4,pre
NG15|J1024-0719|55579.383379049|1430.976|6007,54.858734157533505,0.5984379687702384,0.13290929281892236,-0.19913884626973022,0.5,0.007963297701095438,INT_01_GW150914_v4,pre
NG15|J1600-3053|55641.342467359|781.707|14927,22.866958457212917,0.4539897194617471,0.08152885046242982,0.40060131579591735,0.4444444444444444,0.0037821070943112526,INT_01_GW150914_v4,pre
NG15|B1855+09|57240.086950494|1462.314|3982,56.40286804794972,0.6116227687657895,0.09730041441869734,0.2948465215208525,0.5555555555555556,0.0006684285622224677,INT_01_GW150914_v4,pre
NG15|J2017+0603|56458.326653424|1712.052|2386,68.70834094107515,0.2972361106637322,0.1681389900714404,-0.552361772194378,0.8888888888888888,0.00039483308739009384,INT_01_GW150914_v4,pre
NG15|J1640+2224|57569.140199670|1498.934|9370,58.207264725052326,0.4055850565861801,0.14362083221540767,-0.26082192420379785,0.6666666666666666,-0.004545197044518838,INT_01_GW150914_v4,post
NG15|J2234+0944|57834.603620268|2087.148|6682,87.19064503704685,0.38494237900294953,0.09035359941614057,0.20418225021194827,0.75,-0.0018424203849342253,INT_01_GW150914_v4,post
NG15|J1910+1256|56668.639147962|1749.706|3084,70.56368644843785,0.5094336368406497,0.08434516675283701,0.05307770030723283,0.6666666666666666,-0.0037083263941781186,INT_01_GW150914_v4,pre
NG15|J0340+4130|58160.141137529|1343.044|3093,50.526014097157,0.32870694287409685,0.036033070792687555,0.4028416533640164,0.6666666666666666,0.00042399894959581157,INT_02_GW190503_185404_v2,pre
NG15|J1744-1134|56407.243975501|787.964|12318,23.1752629358757,0.5183401224738413,0.12317643143452958,0.4468349229253931,0.5,0.0037194792358437637,INT_01_GW150914_v4,pre
NG15|J0931-1902|57131.035111363|812.187|5128,24.368815658689922,0.37091564555810447,0.05454266733769149,-1.0,1.0,0.02309144212939474,INT_01_GW150914_v4,pre
NG15|J1600-3053gbt|58137.597386532|1705.334|6426,68.37732136497533,0.356930427134727,0.09240741715712468,-0.18005731063749827,0.7142857142857143,-0.0013158596259659492,INT_02_GW190503_185404_v2,pre
NG15|J0740+6620|57457.807608742|1330.675|7510,49.9165498017151,0.3047762388414262,0.14780275174160493,-0.6060274333615235,0.6666666666666666,0.006561783803105512,INT_01_GW150914_v4,post
NG15|J1643-1224gbt|55520.589353816|1417.760|3599,54.20753518198494,0.5638751315486621,0.07538852097835563,-0.06039674239407902,0.3333333333333333,-0.006664310630451804,INT_01_GW150914_v4,pre
NG15|J0613-0200|56613.360495845|1280.278|3803,47.43331169860367,0.640166403605957,0.05849656746061916,-0.7820561583983385,1.0,-0.003458692978534585,INT_01_GW150914_v4,pre
NG15|J0023+0923|57240.311861253|1212.296|7822,44.083598566359264,0.29034718381766317,0.07259729184212949,-0.03685835387204357,1.0,-0.002354165265147964,INT_01_GW150914_v4,pre
NG15|J2214+3000|58713.190701148|2325.366|5972,98.92848686189751,0.16297011123742405,0.06468264172254064,0.18708335518267646,0.6666666666666666,-0.0015814345398681433,INT_03_GW190728_064510_v2,post
NG15|J2017+0603|56057.412042011|1849.967|2817,75.50389986304695,0.3285683798195024,0.1681389900714404,-0.552361772194378,0.8888888888888888,0.00039483308739009384,INT_01_GW150914_v4,pre
NG15|J1713+0747|56614.639277751|731.731|49010,20.404464510329237,0.4800096195440491,0.13629047839248748,-0.09877657890894308,0.6666666666666666,0.0033394219903013097,INT_01_GW150914_v4,pre
NG15|J0437-4715|57258.555502343|1512.075|218,58.85476818583347,0.6641423072230227,0.2719960960067322,-0.4904012937019226,0.5,-0.013451231851679318,INT_01_GW150914_v4,pre
NG15|B1937+21|57614.075731232|1607.138|11530,63.53885779029568,0.69303499541805,0.261848856826861,-0.39137022682539696,0.8571428571428571,0.0034623322586571693,INT_01_GW150914_v4,post
NG15|J1600-3053|56472.054281597|1655.691|3713,65.93123550365897,0.6931381942380982,0.10564758023521847,0.051587706847234974,0.6666666666666666,0.004126340600986003,INT_01_GW150914_v4,pre
NG15|J1713+0747ao|58680.076377639|1637.672|9060,65.04337576240522,4.4123854766659824e-17,0.3079264879858542,-0.390821019593413,0.6666666666666666,-0.0010845181462325888,INT_03_GW190728_064510_v2,pre
NG15|J1713+0747|58545.418915598|2274.744|20189,96.43416221448385,0.6664635235790929,0.17520273821173446,-0.05845668064381405,0.5555555555555556,0.0036838973567332447,INT_02_GW190503_185404_v2,pre
NG15|B1937+21ao|57327.933356823|1637.612|408,65.04041935059129,0.12739973816302402,0.27238971465202744,-1.0,1.0,-0.000787669228119101,INT_01_GW150914_v4,post
NG15|J1909-3744gbt|56250.843487340|1467.887|18826,56.67746943193368,0.42097269673714793,0.1258401316898424,0.1405489575878005,0.3333333333333333,-0.0009795146700656415,INT_01_GW150914_v4,pre
NG15|J1744-1134|55732.117763960|825.461|14979,25.022872498991944,0.5473856533125535,0.11400795332285396,0.04328177253219555,0.5555555555555556,-0.0032014301080366264,INT_01_GW150914_v4,pre
NG15|J1713+0747|58832.845406269|1165.437|43174,41.77469021320929,0.29451674976945363,0.18665800094665694,0.32402733391688043,0.6666666666666666,0.004873564596035386,INT_04_GW191126_115259_v1,post
NG15|J0030+0451|58629.549881503|1399.777|13450,53.321449287819554,0.5905497702942974,0.05567425746089002,-0.08699659987426028,0.8888888888888888,-0.000509876152059054,INT_02_GW190503_185404_v2,post
NG15|J1909-3744gbt|57650.022029823|1467.918|18165,56.678996911370874,0.7277402822622702,0.16051050461802333,-0.2134589247465804,0.6666666666666666,0.0015698284835293135,INT_01_GW150914_v4,post
NG15|J1747-4036|56493.171753725|812.186|10579,24.36876638515969,0.3514108066556224,0.07314706587497673,0.2926198541523238,0.5,-0.00011772998071036921,INT_01_GW150914_v4,pre
NG15|J1024-0719|58728.575167329|1165.825|7082,41.793808342939386,0.3600184329373334,0.08389891166287454,-0.32756950198675977,0.6666666666666666,-0.0028536446519526787,INT_03_GW190728_064510_v2,post
NG15|B1937+21|58675.182421836|2062.741|6650,85.9880259846699,0.7017677300941189,0.24000229315364205,0.16851280662126986,0.75,-0.0029443308194094567,INT_03_GW190728_064510_v2,pre
NG15|J1751-2857|58396.994673955|1879.149|516,76.94180002228258,0.2181848745947904,0.041886443189706184,-0.5033283146112273,0.6666666666666666,-4.646937209402548e-05,INT_02_GW190503_185404_v2,pre
NG15|J1012+5307|57977.810194975|1405.413|4031,53.59915490420815,0.4565120916144847,0.1795507625119662,0.2565761908471693,0.7142857142857143,-0.0012421949049489912,INT_02_GW190503_185404_v2,pre
NG15|J0030+0451|57845.686478549|1274.564|6538,47.15176274685697,0.2653940411726025,0.15419758675723305,0.05906926577352971,0.4444444444444444,-0.0024086221062097246,INT_01_GW150914_v4,post
NG15|J1600-3053|55700.179742360|1342.975|534,50.52261422357097,0.5180011790069156,0.068816204170962,0.08215733768345017,0.3333333333333333,0.003857554317518542,INT_01_GW150914_v4,pre
NG15|J0030+0451|57576.420836041|1312.706|7224,49.03115373697296,0.5313594652339169,0.09099823897108966,0.1304425838663293,0.5555555555555556,0.00011391677764285087,INT_01_GW150914_v4,post
NG15|J1741+1351|56250.722578479|1449.895|4207,55.790940075996204,0.5713343734796777,0.13551635202186868,-0.14244712832464762,0.7777777777777778,-0.001507515216854533,INT_01_GW150914_v4,pre
NG15|J1643-1224gbt|56672.453878612|1593.345|3157,62.85922798780316,0.6446483437151364,0.072248281818395,-0.08116191021267707,0.5,-0.0011348958877524947,INT_01_GW150914_v4,pre
NG15|B1937+21|57873.376183036|1837.475|6405,74.8883749233865,0.5923156148681985,0.21910644209655813,0.06996206389258942,0.375,-0.00014110004475584797,INT_01_GW150914_v4,post
NG15|J1643-1224|56270.636827762|903.752|17042,28.880546454399944,0.5570120415389735,0.026195975606700308,0.18988144755949032,0.2857142857142857,0.0006956719774971349,INT_01_GW150914_v4,pre
NG15|J0636+5128|57193.790842550|850.471|22224,26.255203490098893,0.2240876087062842,0.04723122331533033,0.4528733460053741,0.5555555555555556,-0.0027336905291378325,INT_01_GW150914_v4,pre
NG15|J2033+1734|57649.086962925|1187.458|3620,42.859742622452245,0.356395207104187,0.06382393362168638,-1.0,1.0,-0.00363559396027459,INT_01_GW150914_v4,post
NG15|B1937+21|57550.363016208|909.851|22130,29.181065715286042,0.7560420577675518,0.27784170425942695,-0.35250781842985024,0.7142857142857143,0.0007328141590828434,INT_01_GW150914_v4,post
NG15|J2317+1439|58510.794869452|431.562|4070,5.614078214064473,0.8021959636876246,0.239585598975583,0.18126411000364226,0.5,-0.008069949387753158,INT_02_GW190503_185404_v2,pre
NG15|J1713+0747ao|58734.915202777|1662.292|12563,66.25649007672162,2.7146584918379733e-05,0.29611111711430316,-0.16762640210863014,0.7777777777777778,0.002348251873719396,INT_03_GW190728_064510_v2,post
NG15|J1909-3744gbt|55893.744007972|879.375|24550,27.679405607929972,0.5949874648605267,0.12916221789460602,0.2627828146423983,0.4444444444444444,-0.003907151460748644,INT_01_GW150914_v4,pre
NG15|J0610-2100|58460.228766249|913.750|3211,29.373183209661335,0.1522379258987779,0.04735331860477695,-0.44993809335261753,1.0,-0.0008180692513486661,INT_02_GW190503_185404_v2,pre
NG15|J0023+0923|58475.935657097|1758.485|10184,70.9962587703462,0.16780373270119767,0.03950733109978981,-0.6225966564551102,0.6666666666666666,-0.001029129726101928,INT_02_GW190503_185404_v2,pre
NG15|J1918-0642|55670.332378596|1467.946|5382,56.68037657021737,0.28756582766498023,0.12769502283502668,-0.19122410464028347,0.6,0.0042473092336119496,INT_01_GW150914_v4,pre
NG15|J0740+6620|57457.807608731|1480.394|7522,57.29373347454762,0.46911651559055506,0.14780275174160493,-0.6060274333615235,0.6666666666666666,0.006561783803105512,INT_01_GW150914_v4,post
NG15|J1643-1224gbt|57765.621740588|1830.001|5662,74.52010455843114,0.5094573302150098,0.04220538626074355,1.0,0.0,-0.001886394750702102,INT_01_GW150914_v4,post
NG15|J1713+0747gbt|58672.048262639|778.615|32286,22.714604701735002,0.580376056732947,0.22638473379945176,-0.5275984800882154,0.7777777777777778,0.0015530539543851993,INT_03_GW190728_064510_v2,pre
NG15|J1643-1224gbt|55639.309344585|1492.967|4453,57.913249570156886,0.668380623513048,0.0406437731110832,0.4964071103762447,0.5,-0.0010358728482284126,INT_01_GW150914_v4,pre
NG15|J1643-1224gbt|56354.376902104|756.722|10743,21.635859304361773,0.5963236504342737,0.023102627450779917,-0.46451231383925384,1.0,-0.0011569627001452411,INT_01_GW150914_v4,pre
NG15|J0645+5158|58517.011563090|1219.125|240,44.42008750431485,0.36604136814167776,0.04180620083405831,1.0,0.0,-0.0006968515058638495,INT_02_GW190503_185404_v2,pre
NG15|J1911+1347|57538.310123616|1324.050|1845,49.590112663926874,0.6910207041148012,0.053996868785309134,-1.0,1.0,-0.020732173068020582,INT_01_GW150914_v4,post
NG15|J0509+0856|57921.663293786|1599.589|980,63.166891910572915,0.32103128096436456,0.06064153193169156,0.21963211799121213,0.75,-0.004240286976272924,INT_01_GW150914_v4,post
NG15|J1909-3744gbt|54706.984288743|848.000|21512,26.133448596895164,0.5939824737516067,0.08138173218992509,1.0,0.0,-0.0053345576911874104,INT_01_GW150914_v4,pre
NG15|J1713+0747|57012.554342868|774.687|52843,22.52105827498298,0.6066718886582347,0.18024173639811591,-0.48520731497146974,0.7777777777777778,0.0012114471107734853,INT_01_GW150914_v4,pre
NG15|J1713+0747gbt|58099.625040844|1392.954|4890,52.985255991045356,0.7681696687115835,0.18853197770908112,-0.10528003559827273,0.5555555555555556,0.003753397167473689,INT_02_GW190503_185404_v2,pre
NG15|J1832-0836|57703.921288706|1568.847|3759,61.65212504417508,0.2933870716112972,0.04741179255848577,0.03709027440565247,0.75,-0.00021606054404313448,INT_01_GW150914_v4,post
NG15|J1713+0747|58396.802760773|1743.652|23070,70.2653844964122,0.4814591782063846,0.20985533349480032,0.3166594599580185,0.6666666666666666,-0.002173095476011013,INT_02_GW190503_185404_v2,pre
NG15|J0636+5128|57194.714964365|1158.980|10802,41.45653102850008,0.17971705445501077,0.04723122331533033,0.4528733460053741,0.5555555555555556,-0.0027336905291378325,INT_01_GW150914_v4,pre
NG15|J0023+0923|57200.420965808|1362.577|8144,51.488473963182265,0.3779419231604097,0.07349459327184618,-0.7923093111774921,1.0,-0.0023155863759311353,INT_01_GW150914_v4,pre
NG15|J1918-0642|56522.126407354|884.840|11427,27.948685450648867,0.577438954622373,0.09673816673862455,-0.20620424756602132,0.5,0.0010901508454733747,INT_01_GW150914_v4,pre
NG15|J1909-3744gbt|57485.450884423|1607.724|4278,63.56773207901174,0.550500536245882,0.1255082506508843,-0.2582575048637292,0.7777777777777778,0.0006428448926412172,INT_01_GW150914_v4,post
NG15|J1744-1134|56249.762883726|881.717|12910,27.79480421573375,0.7714631445448156,0.046107773253853915,0.0017013060649405266,0.5,-0.0013693152840535533,INT_01_GW150914_v4,pre
NG15|J1600-3053|55245.377040320|1404.000|456,53.52953140599007,0.3079816846461717,0.09032226459799396,-0.9988755621354145,1.0,-4.670023767871349e-05,INT_01_GW150914_v4,pre
NG15|J1713+0747|57818.534369520|1677.721|27292,67.01673137467401,0.7883211390869144,0.22904983107458698,0.716955319675593,0.5555555555555556,-0.005383413364881946,INT_01_GW150914_v4,post
NG15|J1744-1134|55390.074354371|1229.297|6541,44.921297853836634,0.6949959218442993,0.11413841963011835,0.22721149448829916,0.875,0.002272215506831221,INT_01_GW150914_v4,pre
NG15|J2317+1439|57355.942422995|1387.590|5889,52.720952774879905,0.7631098360323281,0.17569333470238527,-0.23383489742791821,0.5714285714285714,-0.004200052295474094,INT_01_GW150914_v4,post
NG15|J0614-3329|58365.456104306|762.934|1342,21.941946474164105,0.5648145698292221,0.09272687457383218,-0.06521822832988192,0.6666666666666666,-0.0007666546204539262,INT_02_GW190503_185404_v2,pre
NG15|J1910+1256|57502.390118162|1425.057|1774,54.56708413208919,0.6228703586618564,0.14867674378622162,-0.4677810396298741,0.5,-0.006301621214789872,INT_01_GW150914_v4,post
NG15|J2145-0750|57861.483179467|1381.755|8031,52.43344172597512,0.8097331115308471,0.17458238798522704,0.059381791325893024,0.42857142857142855,-0.0046282527838964575,INT_01_GW150914_v4,post
NG15|J0340+4130|57012.185506537|1493.054|31,57.91753636728709,0.2797012947207869,0.06434094410301863,-0.20901778130463464,0.5,-0.0011796897851631654,INT_01_GW150914_v4,pre
NG15|J1738+0333|58566.413528325|2386.940|7858,101.96245521241408,0.24134419462693982,0.09350758030203997,-0.5949994437363204,1.0,0.0017420350238783239,INT_02_GW190503_185404_v2,pre
NG15|J1643-1224|58621.285073842|3560.012|18744,159.7638538689439,0.27900025425000585,0.17177299084523776,-0.09911956660425333,0.6666666666666666,-0.002722023829791359,INT_02_GW190503_185404_v2,post
NG15|J1713+0747ao|57739.631806580|2237.570|20746,94.6024680016326,0.012707066258998412,0.3377998821170808,0.126824182671261,0.7777777777777778,0.0016290272126770254,INT_01_GW150914_v4,post
NG15|J0931-1902|58518.143868081|731.651|2612,20.40052262791066,0.3087397845474083,0.05651038450839061,-1.0,1.0,-0.00306869904331266,INT_02_GW190503_185404_v2,pre
NG15|J1744-1134|57011.637572227|1405.465|4444,53.60171712778022,0.21900962307467306,0.19551080930648537,-0.6887707081491405,0.6666666666666666,-0.000415188633512636,INT_01_GW150914_v4,pre
NG15|J1802-2124|58729.102429030|1367.178|2921,51.715181475780554,0.3230568373480034,0.08067551890113094,0.5086138326655076,0.4444444444444444,0.0022080557222792863,INT_03_GW190728_064510_v2,post
NG15|B1937+21gbt|58490.713141238|740.312|11028,20.827280673251618,0.8386191717460485,0.2129340853320311,-0.1749231123321603,0.3333333333333333,-0.015590300290445785,INT_02_GW190503_185404_v2,pre
NG15|J1909-3744gbt|57288.015638447|1430.542|15384,54.83734944541273,0.5592902875397554,0.08674920748896596,-0.420446163318086,0.875,-0.00207276985260186,INT_01_GW150914_v4,post
NG15|J1600-3053gbt|56249.742399719|825.473|18360,25.023463781354724,0.48426504401043474,0.07020600558780991,-0.6334667001653133,0.75,0.0030013839427017893,INT_01_GW150914_v4,pre
NG15|J1012+5307|55773.821134898|1230.907|7393,45.000628237510455,0.26552832829193257,0.1355676710089875,-0.4345332971203091,0.75,-0.002485314003280942,INT_01_GW150914_v4,pre
NG15|J1713+0747|57233.072767719|1838.559|16133,74.94178743015819,0.7295446394777458,0.19104767634001646,0.5308642235465185,0.3333333333333333,0.0015406155452149758,INT_01_GW150914_v4,pre
NG15|J1832-0836|58397.074730226|1567.883|339,61.60462536103126,0.5120588059995039,0.09761775246883361,-0.5344060201735981,0.5,0.005108645231384284,INT_02_GW190503_185404_v2,pre
NG15|J1909-3744gbt|58782.899261696|1281.785|5579,47.50756690866358,0.7456894675704302,0.17775572865916175,0.10467995035659754,0.625,-0.0055181106287441285,INT_04_GW191126_115259_v1,pre
NG15|J1600-3053|58956.461801497|2088.324|20104,87.24859070859989,0.53113673079434,0.13287929327585735,0.2584632256104178,0.6,-0.0028392650855284885,INT_05_GW200219_094415_v1,post
NG15|J0645+5158|56351.018094526|1180.416|3173,42.51275842255719,0.2747196594889267,0.11448873337159039,-0.6249411040807847,0.6,0.001950370111156425,INT_01_GW150914_v4,pre
NG15|B1937+21|57907.278492932|1749.692|1766,70.5629966190146,0.27560637053575876,0.290511418569982,-0.14768043524388802,0.7142857142857143,-0.003104954052752896,INT_01_GW150914_v4,post
NG15|J2010-1323|57563.281619824|1241.750|5412,45.53490112581804,0.38975660246982935,0.058271150615769034,-0.537963486857708,0.75,0.0012899126204344007,INT_01_GW150914_v4,post
NG15|J2214+3000|56598.981007616|2299.803|6455,97.66890760857216,0.14643982593938087,0.04919826637349055,-0.14383814871924389,1.0,-0.0006292430889929069,INT_01_GW150914_v4,pre
NG15|J1713+0747|58069.755617928|1878.885|44920,76.92879181030128,0.2992402839282365,0.15661691220310722,-0.14752639843152282,0.7777777777777778,0.0005258824181179638,INT_02_GW190503_185404_v2,pre
NG15|J0030+0451|58810.045698886|1264.291|7659,46.64557577078172,0.38971347668794726,0.0748548421770734,-0.0175198446186782,0.5714285714285714,-0.0023222482429747174,INT_04_GW191126_115259_v1,pre
NG15|J1713+0747ao|58545.418915568|1849.730|19876,75.49222203638193,0.32254314672723383,0.25003728903572064,-0.04531544814755983,0.5555555555555556,0.004679916630955219,INT_02_GW190503_185404_v2,pre
NG15|J1713+0747|57223.069097902|2336.294|16805,99.46694800027483,0.659714425589351,0.19104767634001646,0.5308642235465185,0.3333333333333333,0.0015406155452149758,INT_01_GW150914_v4,pre
NG15|B1937+21|56194.946361687|1867.434|10937,76.36456061561253,0.6126091364676481,0.27738014159072333,0.3330764505036861,0.3333333333333333,-0.0077493682634368535,INT_01_GW150914_v4,pre
NG15|J0636+5128|56706.040354704|803.589|29006,23.945161845753592,0.21748498137695754,0.04668737610955905,0.19321141711806852,0.5714285714285714,-0.0014043620662816116,INT_01_GW150914_v4,pre
NG15|J1744-1134|57041.649236664|1417.599|7068,54.19960214361755,0.6086133044820841,0.17856645392015055,-0.687884487542965,0.75,-0.0004464232762712653,INT_01_GW150914_v4,pre
NG15|J2010-1323|55616.463411245|1241.490|1814,45.52209000795767,0.3014651720887005,0.07915975401183527,-0.0899409666461797,0.8333333333333334,-0.0005501356251662654,INT_01_GW150914_v4,pre
NG15|J1811-2405|58365.146991126|1158.175|212,41.41686583666317,0.5531573602506932,0.11585426361582946,0.7560323937406503,0.3333333333333333,0.003922378356830279,INT_02_GW190503_185404_v2,pre
NG15|J2145-0750|55948.608514695|774.687|16269,22.52105827498298,0.2847718080191947,0.1798937306950996,-0.9862028973539356,1.0,-0.007528382684413042,INT_01_GW150914_v4,pre
NG15|J1012+5307|56192.440379998|1305.708|9402,48.686337572408135,0.32669492991539195,0.16983092857981527,0.17948104030858592,0.5555555555555556,-0.008135924955758676,INT_01_GW150914_v4,pre
NG15|J0636+5128|57272.393294872|1442.395|8854,55.42138859925482,0.12543814261658418,0.1276367212746193,0.10111330208078041,0.5555555555555556,0.00052088611156519,INT_01_GW150914_v4,pre
NG15|J1744-1134|56851.120624042|825.458|15390,25.022724678401243,0.8018569351741645,0.19622220369329677,-0.30644456672054804,0.7777777777777778,0.0018719302335571733,INT_01_GW150914_v4,pre
NG15|J1923+2515|57844.422786691|436.250|624,5.845072523792956,0.3148206664176446,0.09718267027597256,-0.38979522887520945,1.0,0.004061015993235028,INT_01_GW150914_v4,post
NG15|J0645+5158|56000.096701662|1667.958|3244,66.53567389901718,0.2700936743796823,0.07269175366778377,-1.0,1.0,-0.0010676620308367123,INT_01_GW150914_v4,pre
NG15|J0340+4130|56885.587588967|750.441|10156,21.32637226097342,0.30502517690802883,0.034429319854190336,-0.9975307741888878,1.0,0.0013048238971958969,INT_01_GW150914_v4,pre
NG15|J1909-3744|57485.450884409|1855.633|4296,75.78308368534252,0.5491168164198468,0.13035523864767043,-0.68839721698474,0.8888888888888888,0.0025493369314006638,INT_01_GW150914_v4,post
NG15|J0437-4715|58850.226188841|1720.048|169,69.1023320888117,3.956970168644014e-06,0.2742048165150193,-0.36104874944298315,0.6666666666666666,0.002762283930586778,INT_04_GW191126_115259_v1,post
NG15|J1012+5307|56431.893073128|1165.700|13741,41.78764915166037,0.3169242006824523,0.20037540768461415,0.6540269061123358,0.6666666666666666,-0.011078996957977406,INT_01_GW150914_v4,pre
NG15|J1832-0836|58366.173706589|772.349|7092,22.405856761300132,0.26803985003043307,0.09963105316850886,-1.0,1.0,0.00474480626071749,INT_02_GW190503_185404_v2,pre
NG15|J1909-3744|57221.270168607|2504.766|33959,107.76815818555151,0.5779597493806526,0.07519843953807917,-0.10285444460688062,0.8333333333333334,0.0017388884186904578,INT_01_GW150914_v4,pre
NG15|J1614-2230|56521.974478783|872.453|10907,27.338334231662785,0.3019232365796565,0.0746325115619048,-0.05364631270144509,0.3333333333333333,-0.021514187558850782,INT_01_GW150914_v4,pre
NG15|J1923+2515|57686.869545213|1274.541|1236,47.150629455661615,0.27443700805101556,0.10685013698646813,-0.5497968914609456,0.7777777777777778,0.0029197661738636555,INT_01_GW150914_v4,post
NG15|J2145-0750|58268.400820618|787.968|13189,23.175460029996625,0.5055289056896652,0.1856015583655105,0.04345874189333879,0.5,-0.0017930403927483417,INT_02_GW190503_185404_v2,pre
NG15|J1705-1903|58267.326428930|1678.464|2554,67.05334160763651,0.27425038003791513,0.04314034597243443,-0.5043308672779458,0.8,-0.000779925321060104,INT_02_GW190503_185404_v2,pre
NG15|J1600-3053|56250.733350200|1480.448|3307,57.29639424518016,0.5944172773228718,0.06965347880002036,-0.2200358196498554,0.5714285714285714,0.0028285674483711078,INT_01_GW150914_v4,pre
NG15|J1024-0719|57768.213268678|900.465|10790,28.71858436052676,0.5351683869368782,0.08648057011139296,-0.10047558570546006,0.5,-0.000971460623962799,INT_01_GW150914_v4,post
NG15|J1946+3417|57622.106431392|1263.463|2689,46.60477728774947,0.5001760779418468,0.06225491399842454,-1.0,1.0,-0.0029100541742096116,INT_01_GW150914_v4,post
NG15|J1713+0747|58301.115698805|1643.087|38332,65.31019192861251,0.6534717870740067,0.14799693941558167,-0.04707373545727746,0.5555555555555556,-0.004254192364307509,INT_02_GW190503_185404_v2,pre
NG15|J1614-2230|56311.538424227|853.580|11485,26.40839489559076,0.7160452420835505,0.09818823630090455,0.4257629869074449,1.0,0.0027383392388402104,INT_01_GW150914_v4,pre
NG15|J1024-0719|58518.162894877|745.000|11184,21.0582749829801,0.5184073427091859,0.13646902166383654,-0.8121931173874588,1.0,-0.0006611106133681225,INT_02_GW190503_185404_v2,pre
NG15|J0636+5128|57488.804873740|1606.285|12634,63.496827469007634,0.13067447137134683,0.04085269209354117,0.04623235062737059,0.625,-0.00036923234800534046,INT_01_GW150914_v4,post
NG15|J1713+0747|55543.533411868|1205.741|42359,43.76061057568729,0.46287179944506623,0.10612137780804928,0.6151793744260843,0.2,0.005241077423150708,INT_01_GW150914_v4,pre
NG15|J0340+4130|56943.376741973|891.875|8281,28.295324735832285,0.23159986401171578,0.03328794426431278,-0.20602090498203116,1.0,0.0005584565054199253,INT_01_GW150914_v4,pre
NG15|J1600-3053gbt|56633.633847509|1405.478|1670,53.60235768367324,0.6305212280829369,0.10188501245169732,-0.14230124098403918,0.7777777777777778,0.002771734544589297,INT_01_GW150914_v4,pre
NG15|J0636+5128|57272.389504177|1232.902|8756,45.09892893032367,0.4550563206746377,0.1276367212746193,0.10111330208078041,0.5555555555555556,0.00052088611156519,INT_01_GW150914_v4,pre
NG15|J0340+4130|57104.907862181|841.088|9963,25.7928699559303,0.407030402653193,0.0815082149504178,-1.0,1.0,-0.001344659989123331,INT_01_GW150914_v4,pre
NG15|J1832-0836|56548.984762354|1679.842|571,67.12124053229647,0.2135690098145175,0.020249261058066913,-1.0,1.0,-0.0009996027840344381,INT_01_GW150914_v4,pre
NG15|J1909-3744gbt|57586.132317780|1330.329|7995,49.899501160254765,0.4592458197982022,0.14807826664224616,-0.21182564493258027,0.7777777777777778,0.002890721803395972,INT_01_GW150914_v4,post
NG15|J2145-0750|58102.798378540|891.097|15810,28.256989929311644,0.7292921638175767,0.15603147050550079,0.20569956447842794,0.7777777777777778,-0.0018749596634219793,INT_02_GW190503_185404_v2,pre
NG15|J1012+5307|56351.033444532|1792.920|8190,72.6929927838915,0.4840969060650786,0.17493136176814258,0.3910067731043893,0.7777777777777778,-0.006800949067611502,INT_01_GW150914_v4,pre
NG15|J1600-3053|56407.223591528|734.916|19175,20.561400704118746,0.414246277275183,0.0966905080547778,0.21598826333747112,0.6666666666666666,0.0037526764614222263,INT_01_GW150914_v4,pre
NG15|B1937+21gbt|56368.425472752|850.466|13329,26.254957122447735,0.810689238887063,0.17658546992878454,-0.28528594623851833,0.5714285714285714,-0.003483363238523788,INT_01_GW150914_v4,pre
NG15|J0645+5158|58606.741294365|1805.402|1708,73.30802498824963,0.2960412403036291,0.11218984286420239,-0.8319830473589557,1.0,0.0031255402863893857,INT_02_GW190503_185404_v2,pre
NG15|J1600-3053|57781.499038913|3751.934|22678,169.2205283381653,0.3446596907618325,0.13700746501850647,0.6591987463305973,0.7142857142857143,-0.002488919916469258,INT_01_GW150914_v4,post
NG15|J2317+1439|56100.395933872|342.625|667,1.231838255804627,0.46351109317004624,0.17761421666400423,0.8906913158865437,0.0,-0.004899584045077315,INT_01_GW150914_v4,pre
NG15|J1909-3744|58606.430624621|1493.026|8405,57.91615670844059,0.7257931123428097,0.1381692416611681,0.18500448010503628,0.6666666666666666,-0.0010559297097048692,INT_02_GW190503_185404_v2,pre
NG15|J1909-3744|56782.366408493|1633.826|4472,64.85386976513223,0.520195351248242,0.15598225055566375,-0.20037423592474465,0.5714285714285714,-0.00336614762587019,INT_01_GW150914_v4,pre
NG15|J1738+0333|58671.121399671|2187.558|7359,92.13820020766055,0.26864557659810345,0.11330959090960159,-0.23519888822825682,0.6666666666666666,0.000273927699093722,INT_03_GW190728_064510_v2,pre
NG15|J1909-3744gbt|57496.381837013|869.240|31351,27.180018379026773,0.6407713586187522,0.1255082506508843,-0.2582575048637292,0.7777777777777778,0.0006428448926412172,INT_01_GW150914_v4,post
NG15|J1713+0747|57459.436342831|1355.463|28709,51.1379420691105,0.7338392487209294,0.25109130053499673,-0.355287583745483,0.6666666666666666,-0.0022510811069162027,INT_01_GW150914_v4,post
NG15|J1909-3744gbt|55431.046262526|844.216|25475,25.946997558496577,0.4518903296465096,0.06844041034296655,-0.6834835530508069,1.0,-0.001612189114630273,INT_01_GW150914_v4,pre
NG15|J1600-3053|58099.564598366|1381.450|1161,52.4184132992543,0.4862154941054805,0.06241509141374657,0.20157408135703506,0.7777777777777778,0.0005152154714347355,INT_02_GW190503_185404_v2,pre
NG15|J1600-3053gbt|56066.247291559|1667.948|2029,66.53518116371487,0.7124896984039861,0.07942448704140684,0.2448344877058715,0.4,0.002285216789027256,INT_01_GW150914_v4,pre
NG15|J1918-0642|57078.585074733|1780.478|3554,72.07993152074266,0.5464176167760816,0.11257332614809001,0.19272228534850322,0.25,0.0018430773833683263,INT_01_GW150914_v4,pre
NG15|J1024-0719|57433.139897015|1492.984|2603,57.91408722017083,0.42602278713317965,0.06699844717610311,-0.496091114980224,0.5,0.004875945031100839,INT_01_GW150914_v4,post
NG15|J1751-2857|58271.170049619|1779.543|1204,72.03386076997555,0.3588725901432426,0.041886443189706184,-0.5033283146112273,0.6666666666666666,-4.646937209402548e-05,INT_02_GW190503_185404_v2,pre
NG15|J1022+1001|57028.357286339|439.375|181,5.999052305768534,0.6604802251774297,0.13517754753911138,-0.316405057626261,0.5,-0.003939211325666579,INT_01_GW150914_v4,pre
NG15|J0340+4130|56702.967363663|1581.880|1993,62.294306963691156,0.21090529726309828,0.03656048297014856,-0.5235433280635762,0.6666666666666666,0.0006357134924943382,INT_01_GW150914_v4,pre
NG15|J1944+0907|56510.119339113|1300.199|3980,48.414889694359026,0.5517962246842453,0.09874652601194771,-0.7260697839450306,0.7777777777777778,-0.003087582953364369,INT_01_GW150914_v4,pre
NG15|J1024-0719|55493.560866697|850.608|12626,26.261953963740698,0.23892489813199846,0.15329288048775008,0.9999999999999999,0.0,0.008573364874534957,INT_01_GW150914_v4,pre
NG15|J1903+0327|58509.638092579|1687.955|2294,67.52099668307018,0.3271513626110853,0.03567153119542514,-0.9999999999999999,1.0,0.002470717955749671,INT_02_GW190503_185404_v2,pre
NG15|J1909-3744gbt|55579.637965492|1417.964|17012,54.2175869821523,0.2556605925556892,0.127904516173592,-0.3446712069377741,1.0,0.002692058576172828,INT_01_GW150914_v4,pre
NG15|J1909-3744gbt|58051.868278420|1229.006|6112,44.906959256539075,0.3438658762247991,0.11724246265887252,-0.5006466773909343,0.7777777777777778,0.0004532862814430487,INT_02_GW190503_185404_v2,pre
NG15|J0030+0451|57597.387151626|2339.015|17324,99.60102127603659,0.33813208992447225,0.09443677062435771,0.2057141533629791,0.4444444444444444,0.0006361402672287397,INT_01_GW150914_v4,post
NG15|J1909-3744|58885.693765697|2536.114|32581,109.31278481127006,0.38473415032661107,0.09742358525573869,0.12456311035983406,0.6666666666666666,-0.0005855804960614046,INT_05_GW200219_094415_v1,pre
NG15|J1853+1303|55758.143017346|436.000|20,5.8327541412349095,0.7033034473524006,0.1281890488987305,-0.2270883375200309,0.6666666666666666,-0.001977184382775454,INT_01_GW150914_v4,pre
NG15|J1811-2405|57682.940728029|769.207|3721,22.251039329310604,0.48785051984298045,0.08457351608790319,-0.3049731390380897,0.8888888888888888,-0.0017585331333484751,INT_01_GW150914_v4,post
NG15|J0613-0200|56551.494195137|766.073|16616,22.096616085562935,0.6680842028799056,0.059734527296752514,-0.2714231740490454,0.7142857142857143,-0.0027675030583134007,INT_01_GW150914_v4,pre
NG15|J2010-1323|57521.423749847|803.613|12016,23.946344410479167,0.4347773675396457,0.060795006743011984,0.4840868804939651,0.3333333333333333,-0.0031800368060190634,INT_01_GW150914_v4,post
NG15|J0613-0200|55520.465487902|1417.673|2120,54.20324838485474,0.4721267843868297,0.07746799156494376,0.2564427561147134,0.5714285714285714,-0.0033960913863094124,INT_01_GW150914_v4,pre
NG15|J1909-3744|56506.207232319|1392.989|9074,52.986980564603485,0.3210301294301683,0.13599896231173025,-0.11141635878660958,0.75,-0.0002482248786277954,INT_01_GW150914_v4,pre
NG15|J1455-3330|56921.803966831|855.937|7163,26.524532606348018,0.3068310632040827,0.14608023755563723,-1.0,1.0,-0.05285751807977475,INT_01_GW150914_v4,pre
NG15|J1713+0747|56534.994579967|1866.903|33412,76.33839637105923,0.243966302779727,0.17857313269418357,-0.18223768249029884,0.6666666666666666,0.0005849440193364944,INT_01_GW150914_v4,pre
NG15|J1713+0747gbt|57271.948834805|1767.935|21586,71.46189363104034,0.5881619118586034,0.12077522865412654,-0.15764269014289845,0.7777777777777778,-0.0005802411176480309,INT_01_GW150914_v4,pre
NG15|J1909-3744|58002.127420043|1680.443|6532,67.15085392396601,0.6853238979537829,0.1198831745430324,-0.24389961920204611,0.6666666666666666,-0.0036704174726266106,INT_02_GW190503_185404_v2,pre
NG15|J0030+0451|58508.855174523|1700.240|14741,68.12632200197258,0.6181484777576349,0.16555598495829593,-0.1877837406812363,0.5555555555555556,-0.003864090270174668,INT_02_GW190503_185404_v2,pre
NG15|J1832-0836|58161.777497995|734.841|5901,20.55770518935133,0.27579258150586,0.0220213253330002,-1.0,1.0,0.0011403839694063053,INT_02_GW190503_185404_v2,pre
NG15|J2010-1323|56354.558241430|912.879|9601,29.3302659648291,0.47972499433803495,0.08857987914985727,-0.46975196100220634,0.5,-0.0046427464381489795,INT_01_GW150914_v4,pre
NG15|J1713+0747ao|59020.139775195|1850.502|18924,75.53026120172117,0.5465049047647791,0.16989260903790618,0.002657714058519858,0.625,-0.00415935568520121,INT_05_GW200219_094415_v1,post
NG15|J0613-0200|56487.785757572|915.312|15256,29.450148463884005,0.6061618935264771,0.056118106656592386,-0.271798018104715,0.6,-0.003440009935849329,INT_01_GW150914_v4,pre
NG15|J1600-3053gbt|57733.561269876|1381.083|7799,52.400329913659085,0.5148114508437056,0.060761989631416886,0.06532119036059754,0.8,0.0024906785248950463,INT_01_GW150914_v4,post
NG15|B1937+21|57014.790602035|1839.641|6316,74.99510138986942,0.19109802924754618,0.2604888172018395,-0.41517056787962214,0.75,-0.0026733720609627915,INT_01_GW150914_v4,pre
NG15|J1713+0747|58931.682887957|3592.248|57366,161.35223538950862,0.4277884468329513,0.12869577411349759,0.04543314710185988,0.8888888888888888,-0.0002614369322814893,INT_05_GW200219_094415_v1,post
NG15|J1022+1001|57389.363047110|431.562|162,5.614078214064473,0.8291492354841493,0.1585431825077214,-0.30303285759879367,0.6666666666666666,-0.0018554670083112327,INT_01_GW150914_v4,post
NG15|J1012+5307|56586.439094257|1280.670|8093,47.452626922454684,0.5954117111882439,0.2162470038629807,0.025422861773625557,0.3333333333333333,-0.004837847273366844,INT_01_GW150914_v4,pre
NG15|J1713+0747gbt|56877.209804842|1718.003|10313,69.00156771948687,0.6818786825581078,0.16998445292210718,-0.5673327105413951,0.6666666666666666,0.005796354882176624,INT_01_GW150914_v4,pre
NG15|J1909-3744gbt|56471.222767519|859.844|27088,26.717044288965166,0.4900607231164731,0.1654732128068872,0.6491610411958898,0.3333333333333333,-0.004392234579679152,INT_01_GW150914_v4,pre
NG15|J2317+1439|57558.461052364|1186.960|8135,42.83520440439663,0.6092168494724205,0.15961151473898774,-0.5385369818771635,0.8888888888888888,-0.0015862003464823743,INT_01_GW150914_v4,post
NG15|J0340+4130|56252.260072412|1242.972|1501,45.59511337976177,0.3312922698368532,0.028703714136629293,-0.12182863361755211,0.6666666666666666,-0.0004991785954973254,INT_01_GW150914_v4,pre
NG15|J1911+1347|57116.497160309|1312.272|3683,49.0097690248522,0.5176084300249774,0.13361779095972956,-0.7508164769209568,1.0,0.006900613480340111,INT_01_GW150914_v4,pre
NG15|J1730-2304|58882.572837010|837.985|2506,25.63997419161983,0.6042785255299236,0.04042334951735881,1.0,0.0,-0.0028446603305749287,INT_05_GW200219_094415_v1,pre
NG15|J0023+0923|58538.761035511|433.125|1578,5.691092741817378,0.18586141563936784,0.03950733109978981,-0.6225966564551102,0.6666666666666666,-0.001029129726101928,INT_02_GW190503_185404_v2,pre
NG15|J1918-0642|57335.994039067|1705.461|9412,68.38357910331482,0.536380428603741,0.11629987220090644,0.16582869618242638,0.4444444444444444,0.0012769905319015668,INT_01_GW150914_v4,post
NG15|J1125+7819|57272.360157842|1455.463|1265,56.06529509232901,0.33338200050126426,0.07122171878057208,0.3186009992159188,0.5555555555555556,-0.0029329507668138547,INT_01_GW150914_v4,pre
NG15|J1024-0719|55828.641729307|862.975|8329,26.871319712122137,0.42162763909506057,0.10084727913955079,0.011317734209113302,0.5555555555555556,0.0019428327488565785,INT_01_GW150914_v4,pre
NG15|J1600-3053|57733.561269872|1480.493|7803,57.298611554040605,0.5999989261643819,0.14079376656636247,0.65198287253317,0.6666666666666666,-0.002561400977665156,INT_01_GW150914_v4,post
NG15|J2043+1711|58793.909352713|1170.944|4791,42.04603954419794,0.4040130416359638,0.04209232968637823,-0.19283848895230077,0.5,-0.0016546478951075863,INT_04_GW191126_115259_v1,pre
NG15|J1713+0747gbt|57082.543399107|1855.127|10884,75.75815127904502,0.4780479956712419,0.18142300391793267,0.09597685001218803,0.6666666666666666,-0.00022589208962065074,INT_01_GW150914_v4,pre
NG15|J1832-0836|57041.715312988|1343.038|2244,50.5257184559756,0.40450676201458513,0.04581908333308208,-1.0,1.0,0.0034038863522722206,INT_01_GW150914_v4,pre
NG15|J1600-3053gbt|56706.503157306|1241.685|10043,45.53169834635295,0.41124782116917513,0.11586438489717912,-0.15895500868473927,0.5555555555555556,0.0037046637807341093,INT_01_GW150914_v4,pre
NG15|J2234+0611|57502.534178997|431.562|226,5.614078214064473,0.4618197713415999,0.0874555189537783,-0.9999999999999999,1.0,0.00032512609132586583,INT_01_GW150914_v4,post
NG15|J1918-0642|56829.336075088|766.105|17363,22.09819283853037,0.5501219188350844,0.0753628509601307,0.7697913321107264,0.5,-0.0021256846086298207,INT_01_GW150914_v4,pre
NG15|J2043+1711|57119.493249049|1324.775|6803,49.62583597334522,0.5226396988420987,0.054331442655094965,1.0,0.0,-0.001671423850239972,INT_01_GW150914_v4,pre
NG15|B1937+21ao|56325.657991291|2087.162|5197,87.19133486647009,0.7760109126292729,0.05334026907093283,0.9999999999999999,0.0,-0.002765410068133459,INT_01_GW150914_v4,pre
NG15|J1455-3330|56645.609028091|1731.340|4783,69.65872879219353,0.2958685052735407,0.10356502974139922,0.2629830339127274,0.25,-0.003302990125640221,INT_01_GW150914_v4,pre
NG15|J1730-2304|58699.035246544|1517.784|1682,59.13607076992903,0.34881637624540357,0.1007411073167491,-0.7041514876066504,0.8,-0.0030489370960668843,INT_03_GW190728_064510_v2,post
NG15|J1614-2230|55269.470176644|1192.157|4300,43.09127894101328,0.2555218328721559,0.08016995316469769,-0.18096862824855597,0.5555555555555556,-0.0022097733869972038,INT_01_GW150914_v4,pre
NG15|J1713+0747ao|58525.472353077|1437.297|3513,55.170192142131135,0.6966176010803596,0.25318539606024043,-0.06609423716315799,0.5555555555555556,0.005215877745289247,INT_02_GW190503_185404_v2,pre
NG15|J1022+1001|57852.107993569|1486.669|735,57.602924876754585,0.5645987412155065,0.18940967790244143,-0.1565661089595735,0.7142857142857143,0.0020782436731146586,INT_01_GW150914_v4,post
NG15|J2145-0750|56095.334576523|1505.434|3286,58.527542671561534,0.7300433336992935,0.20360140559125925,0.2811404103029807,0.6666666666666666,0.001087720034889881,INT_01_GW150914_v4,pre
NG15|J1024-0719|58849.241346146|847.363|11869,26.102061358137266,0.3566320634194388,0.08476787932906318,1.0,0.0,0.009380992108315151,INT_04_GW191126_115259_v1,post
NG15|J1903+0327|56754.436708629|2327.264|6022,99.0220080222782,0.33433917539059943,0.07094721048171802,1.0,0.0,-0.003648163738880436,INT_01_GW150914_v4,pre
NG15|J1643-1224|56249.701550122|837.989|11807,25.64017128574076,0.6140530530164982,0.031313717860335225,0.3303137316086578,0.4444444444444444,0.0010436206728240646,INT_01_GW150914_v4,pre
NG15|J2010-1323|57679.928843967|1492.988|5378,57.914284314291756,0.3520868455657076,0.061633928049569596,-0.6603927814447685,0.5,0.0015250538895517517,INT_01_GW150914_v4,post
NG15|J2317+1439|57327.043951543|1199.641|5574,43.46004204127096,0.3070350400690565,0.1677969292576819,-0.21419657514750484,0.625,-0.004243258311769432,INT_01_GW150914_v4,post
NG15|J0645+5158|56229.315950983|1557.425|5065,61.08932278186307,0.17000241574193664,0.10016572537870905,-0.7623566163679669,0.6,0.00023838898019215723,INT_01_GW150914_v4,pre
NG15|J1909-3744|58832.857597532|1355.425|2221,51.13606967496168,0.4249352659636742,0.166847980786634,0.14280277316019616,0.6666666666666666,-0.001815090579532008,INT_04_GW191126_115259_v1,post
NG15|J1713+0747|56738.403695124|1276.942|10829,47.268935201749095,0.48479323256142204,0.08194994920575698,0.11368590474757855,0.625,0.0022502038031217463,INT_01_GW150914_v4,pre
NG15|J0613-0200|57071.078514622|1633.806|5134,64.8528842945276,0.24000348748588538,0.1634406664139276,0.4161746009698852,0.5555555555555556,-0.005707668726012537,INT_01_GW150914_v4,pre
NG15|J1909-3744|57577.221140010|1455.285|19091,56.056524403947684,0.8318491109747058,0.17331866434766263,-0.5898892512448554,0.8888888888888888,-0.0008434173912580754,INT_01_GW150914_v4,post
NG15|J1012+5307|57194.759042796|1592.167|11106,62.80118376918964,0.20664387555159783,0.10992788331201357,-0.19041997190835153,0.5,0.0011685436461987208,INT_01_GW150914_v4,pre
NG15|J1012+5307|58238.757647149|1417.865|6743,54.21270890265932,0.33289496962346443,0.0764087371741823,-0.6025190522427453,1.0,-0.0013950341842788004,INT_02_GW190503_185404_v2,pre
NG15|J0645+5158|58459.147358218|1805.435|2381,73.30965101474729,0.39577073727896805,0.12887217418672048,0.12460360693259118,0.4444444444444444,-0.0007155540041551217,INT_02_GW190503_185404_v2,pre
NG15|J1600-3053|56922.967181167|1517.930|8933,59.14326470534292,0.6269635035972048,0.06136519533528319,-8.69231857734736e-05,0.8571428571428571,0.0009538618537216723,INT_01_GW150914_v4,pre
NG15|J1713+0747|57592.253685974|1367.538|38654,51.73291994666414,0.8052787118337317,0.17195463677332593,-0.4198802489327656,0.7777777777777778,0.0016121913953526525,INT_01_GW150914_v4,post
NG15|J2145-0750|58634.304017138|812.187|15284,24.368815658689922,0.43446160236695375,0.07093379417390269,0.9999999999999998,0.0,0.0029242046282108316,INT_02_GW190503_185404_v2,post
NG15|B1953+29|56290.776880111|1587.750|1388,62.58354258615408,0.286364905507281,0.10432799124822995,-0.22270171671187297,0.7777777777777778,-0.004619506601513553,INT_01_GW150914_v4,pre
NG15|B1937+21ao|53926.215237241|1386.000|19,52.64260786181074,0.8527673496260055,0.24075225185964172,0.8334278711387637,0.5555555555555556,-0.001894819969212258,INT_01_GW150914_v4,pre
NG15|J2010-1323|58698.201989399|750.449|13567,21.326766449215274,0.33087453425106733,0.04720896735627721,-0.9603152334582765,1.0,-0.008849601762825517,INT_03_GW190728_064510_v2,post
NG15|B1855+09|56374.458857747|1537.809|4964,60.12277321282852,0.706081735074236,0.032494465984486035,-1.0,1.0,0.0011652846048018628,INT_01_GW150914_v4,pre
NG15|B1937+21|58046.825003077|850.456|17297,26.25446438714541,0.8421650871375909,0.3020608825910143,-0.19553751729790284,0.8571428571428571,-0.003754621052596097,INT_02_GW190503_185404_v2,pre
NG15|J1811-2405|58094.726076807|1693.067|575,67.77288296961711,0.33008800726495585,0.06087513336467788,-0.5706762997663074,1.0,-0.0025584026074605797,INT_02_GW190503_185404_v2,pre
NG15|J1744-1134|56641.620045544|841.162|11318,25.796516197167485,0.34498174639176754,0.12162755327117097,-0.5640339004411802,1.0,0.0014885825117934531,INT_01_GW150914_v4,pre
NG15|J1455-3330|56269.543154206|1306.255|845,48.71329019344515,0.3567009939760328,0.17587654091489313,1.0,0.0,-0.008664082498690684,INT_01_GW150914_v4,pre
NG15|J1946+3417|57752.740814813|1399.189|1804,53.29247645204303,0.5378735191232988,0.05890301773488101,-0.013243819394472365,0.5555555555555556,-0.0031536254919109666,INT_01_GW150914_v4,post
NG15|J2010-1323|58396.033755688|1355.489|4068,51.13922318089654,0.6600441237591169,0.15922619215550482,0.26856995850399545,0.4,0.0026191016856944686,INT_02_GW190503_185404_v2,pre
NG15|J1600-3053|54581.197129343|1416.000|366,54.120813768776294,0.4492388333923184,0.0386563786633575,-0.20802705121367568,0.6,-0.000700507561172738,INT_01_GW150914_v4,pre
NG15|J0740+6620|58729.016579140|1830.403|6844,74.53991251758448,0.21130908903296705,0.17308026118527442,-0.16566859525229785,0.5555555555555556,-0.005542262850228246,INT_03_GW190728_064510_v2,post
NG15|J1832-0836|58583.565004309|853.625|6063,26.410612204451205,0.37773711491397455,0.03918915676105347,-1.0,1.0,0.00047627852187772247,INT_02_GW190503_185404_v2,pre
NG15|J0613-0200|56849.660193381|1842.964|4601,75.15883733083096,0.4213379390565897,0.1439514027486783,0.5105776464618016,0.5,-0.004406838291387405,INT_01_GW150914_v4,pre
NG15|J1909-3744gbt|57549.241885356|1565.282|19162,61.47646490889734,0.5438858865090149,0.11826388417236772,0.21002491406913837,1.0,0.0020796609690852713,INT_01_GW150914_v4,post
NG15|J1903+0327|57355.794396799|1250.299|1754,45.956140535772995,0.38899687760026785,0.04798066688785139,-0.8521994850840388,1.0,0.0042054976827056185,INT_01_GW150914_v4,post
NG15|J2010-1323|58579.522716251|894.218|14921,28.41077261716629,0.22099415284262425,0.06019806017336789,-0.16424966664869212,0.75,0.0010376561715937393,INT_02_GW190503_185404_v2,pre
NG15|J1643-1224|55826.758318681|1879.762|6220,76.9720046963149,0.4438205316391796,0.07194217059725429,0.44954269061184593,0.6666666666666666,-0.002906409258819672,INT_01_GW150914_v4,pre
NG15|J1713+0747gbt|58161.491255117|912.931|27066,29.332828188401173,0.2723418310560742,0.14966377654426608,-0.1402029855396889,0.5555555555555556,0.004744072227644442,INT_02_GW190503_185404_v2,pre
NG15|J0030+0451|57293.199437926|2287.556|18779,97.0654546838186,0.21461642790170044,0.12468663406488101,-0.12354232906189969,0.5555555555555556,-0.0017818144768307655,INT_01_GW150914_v4,post
NG15|J2317+1439|57240.287294105|1338.434|4884,50.29886312278662,0.47067195620063396,0.15347723545777162,0.25030618587719566,0.4444444444444444,-0.00308617676227084,INT_01_GW150914_v4,pre
NG15|J1705-1903|58580.316316269|1284.375|5464,47.63518535196493,0.21228330952997326,0.043709485192285145,0.4179779886060129,0.25,0.0028259257406744497,INT_02_GW190503_185404_v2,pre
NG15|J1730-2304|58637.321200939|859.859|4658,26.717783391918648,0.709169815329004,0.12919752452305863,-0.9644487617119382,1.0,-0.004250153056962804,INT_02_GW190503_185404_v2,post
NG15|J1918-0642|58016.051023547|1430.453|1027,54.83296410122207,0.46388196185047254,0.07908174271091035,0.2145360267864428,0.8571428571428571,0.0033057259764004802,INT_02_GW190503_185404_v2,pre
NG15|J1909-3744gbt|53890.242988500|844.000|21610,25.936354475966425,0.83144859587741,0.1305509257848965,1.0,0.0,-0.08680137598319064,INT_01_GW150914_v4,pre
NG15|J1024-0719|55360.935786717|800.461|8238,23.791034243187315,0.5661597888103252,0.10973396729515,-0.40484473525333614,0.6666666666666666,0.0023298450353714984,INT_01_GW150914_v4,pre
NG15|J1455-3330|55543.551266344|1206.090|1945,43.77780703773831,0.2146155858468314,0.08342120930389955,-0.23403973424608246,0.6666666666666666,-0.0017211397566887113,INT_01_GW150914_v4,pre
NG15|J1713+0747ao|57387.621150152|1499.056|8465,58.21327609574066,0.6789846797347892,0.11285935394368453,0.14655182655387636,0.6,-0.008916854205836409,INT_01_GW150914_v4,post
NG15|J1713+0747gbt|56627.823762949|1518.153|9957,59.1542527025847,0.8381920435817336,0.13175897582078214,-0.15250937231479378,0.7777777777777778,0.0009320349244280828,INT_01_GW150914_v4,pre
NG15|J1024-0719|57796.120496568|1279.958|5053,47.41754416892937,0.30763847370036795,0.08648057011139296,-0.10047558570546006,0.5,-0.000971460623962799,INT_01_GW150914_v4,post
NG15|J1600-3053gbt|56094.181723524|884.872|16604,27.95026220361629,0.510952915953644,0.07942448704140684,0.2448344877058715,0.4,0.002285216789027256,INT_01_GW150914_v4,pre
NG15|J2302+4442|58062.376128869|863.123|3940,26.878612194596503,0.2906823757884585,0.10235948038353472,0.30932067025424187,0.3333333333333333,0.0008266271345924136,INT_02_GW190503_185404_v2,pre
NG15|J0023+0923|58832.001721104|1387.281|6741,52.705727254038166,0.12269353448736127,0.07046545146711902,0.33840226867326617,0.6666666666666666,-0.0018620545424904177,INT_04_GW191126_115259_v1,post
NG15|B1953+29|57686.937832108|1488.579|4166,57.69703731949805,0.5526880350361295,0.08009435756701135,-0.33554653032556486,0.6666666666666666,-0.0026149623147475407,INT_01_GW150914_v4,post
NG15|J0030+0451|57415.875049457|2351.097|17699,100.19634406830187,0.1542606957181322,0.11173202969705966,-0.09471524893508385,0.8333333333333334,-0.004921761789636242,INT_01_GW150914_v4,post
NG15|J1600-3053|56174.936844016|731.732|14385,20.404513783859468,0.4649839497123532,0.05339866176056819,-0.20428717920339193,0.6,0.002248391466933121,INT_01_GW150914_v4,pre
NG15|J1640+2224|57320.832864737|1587.227|8403,62.55777252984265,0.6474290813666831,0.2197910030753679,-0.2555158231670067,0.7777777777777778,-0.006186113466853911,INT_01_GW150914_v4,post
NG15|J1012+5307|58579.831464960|1767.764|12032,71.45346785737064,0.35443805456054944,0.20405896676291604,-0.2737663795430148,0.5,-0.0028986274012723326,INT_02_GW190503_185404_v2,pre
NG15|J1600-3053gbt|56641.594821350|748.125|17945,21.212254764955677,0.2949385943872024,0.09550600445644318,-0.15008299275237955,0.6666666666666666,0.002788914563126237,INT_01_GW150914_v4,pre
NG15|J1713+0747gbt|58292.228409432|1241.803|2150,45.537512622920346,0.5503766754926003,0.08570679979634764,-0.30459691293472924,0.5555555555555556,0.0023805272572733596,INT_02_GW190503_185404_v2,pre
NG15|J1909-3744|57928.247964055|812.186|28964,24.36876638515969,0.7062552017144315,0.09648900356360653,0.4128212871594528,0.6666666666666666,-0.00112528948212026,INT_01_GW150914_v4,post
NG15|J1903+0327|58629.311222348|1800.560|4707,73.06944255486539,0.3047498348975216,0.030407752618752257,-0.940872111430749,1.0,0.0017111488650592163,INT_02_GW190503_185404_v2,post
NG15|J1918-0642|58059.947476383|1655.481|5525,65.9208880623102,0.43104899484351233,0.07934770331620528,0.12375881397999705,0.8888888888888888,0.0014494351425450385,INT_02_GW190503_185404_v2,pre
NG15|J1909-3744gbt|57316.921035741|831.697|26804,25.33014223351985,0.626837851412435,0.08425894955847703,-0.4640237612613709,0.7777777777777778,-0.0010654981076255122,INT_01_GW150914_v4,post
NG15|J1918-0642|57550.406509404|891.875|11148,28.295324735832285,0.428512201899793,0.04879556168291843,1.0,0.0,0.003285452186056802,INT_01_GW150914_v4,post
NG15|J0709+0458|58734.554019994|1199.218|1089,43.43919933798275,0.2771509118655509,0.04181428776944361,-0.5120543289865707,0.8571428571428571,0.005828138738999028,INT_03_GW190728_064510_v2,post
NG15|J0636+5128|56893.522058738|775.435|24261,22.55791487559665,0.22532350032368892,0.10577267561869041,-0.4660753669701195,0.8888888888888888,-0.002321833816907692,INT_01_GW150914_v4,pre
NG15|J1946+3417|57117.474641204|1323.505|1622,49.56325858995034,0.47323213293639527,0.042225148192464076,-0.9999999999999998,1.0,-0.0027975529715449864,INT_01_GW150914_v4,pre
NG15|J1713+0747ao|58740.912240452|2212.551|18728,93.36969354875355,0.37979609393668534,0.29611111711430316,-0.16762640210863014,0.7777777777777778,0.002348251873719396,INT_03_GW190728_064510_v2,post
NG15|J1630+3734|58635.336792586|1854.150|505,75.71001104000818,0.26587882864646295,0.1316792601356487,-0.2731154746458424,1.0,-0.005813466254058215,INT_02_GW190503_185404_v2,post
NG15|J1713+0747gbt|57398.671480002|837.970|29993,25.63923508866635,0.5533448911882164,0.18123676478614412,-0.30962559490665237,0.6666666666666666,-0.001787843113928641,INT_01_GW150914_v4,post
NG15|B1953+29|58713.143662936|430.000|837,5.5371129598417985,0.4051139172013374,0.005560079101485678,-1.0,1.0,0.0002574588908096029,INT_03_GW190728_064510_v2,post
NG15|J1713+0747|58680.166150601|3591.979|56388,161.33898080987615,0.45033459070590104,0.1682633710687805,0.03708683619300025,0.7777777777777778,0.000988394738830294,INT_03_GW190728_064510_v2,pre
NG15|J1643-1224|56193.830031034|728.573|11358,20.248858701855994,0.5844589688003713,0.031313717860335225,0.3303137316086578,0.4444444444444444,0.0010436206728240646,INT_01_GW150914_v4,pre
NG15|J1600-3053|56477.061811320|1680.038|4228,67.13089814422197,0.6478680974535511,0.10564758023521847,0.051587706847234974,0.6666666666666666,0.004126340600986003,INT_01_GW150914_v4,pre
NG15|J0636+5128|57248.803738724|1380.385|11884,52.365936989557014,0.12753014405048269,0.12358619822034515,0.15332968558223584,0.4444444444444444,0.0005033368358073192,INT_01_GW150914_v4,pre
NG15|J1747-4036|57564.229446929|759.840|6474,21.78949417162573,0.3968022820863472,0.02408506444318554,-0.4141412897930745,0.5,-0.0004218691455902107,INT_01_GW150914_v4,post
NG15|J1022+1001|57913.923505453|2299.826|3698,97.6700408997675,0.5369872355838143,0.19476008065155714,0.3311490605994211,0.6,0.001284406896072755,INT_01_GW150914_v4,post
NG15|J1713+0747|58549.473599603|2237.283|16912,94.58832649845596,0.7041990454872904,0.17786979596988187,-0.27242052037729625,0.5555555555555556,0.003881355937001905,INT_02_GW190503_185404_v2,pre
NG15|J1643-1224gbt|54882.343730889|1396.000|30,53.13534316413259,0.5176637836912605,0.07029741815976756,0.24598510360587247,0.4444444444444444,-0.002882713708800955,INT_01_GW150914_v4,pre
NG15|B1937+21|58786.907568379|1200.000|9636,43.477731238624315,0.6330683792903565,0.24491088644211534,0.1498033671542462,0.75,-0.0030471776147737595,INT_04_GW191126_115259_v1,pre
NG15|J1713+0747|57788.496208970|2062.125|18517,85.95767349004687,0.8377509406194831,0.1921934058999572,0.3433611858625997,0.6666666666666666,-0.00436834343439547,INT_01_GW150914_v4,post
NG15|J2234+0944|58514.779277018|1196.993|3730,43.32956573321613,0.533355296433573,0.10760766280828087,0.2347798993947814,0.5,-0.006776815214615481,INT_02_GW190503_185404_v2,pre
NG15|J1843-1113|58547.672377007|853.592|3651,26.40898617795354,0.36551817385469065,0.08929240834549677,0.2528382005386413,0.5555555555555556,0.0028793672391811596,INT_02_GW190503_185404_v2,pre
NG15|J1125+7819|58849.981248491|912.999|4024,29.336178788456962,0.5933533460185286,0.1362294967822934,0.4930198033452189,0.3333333333333333,0.0014210559812484313,INT_04_GW191126_115259_v1,post
NG15|J2043+1711|58815.905906830|425.311|360,5.306069376583082,0.4696432970861867,0.04209232968637823,-0.19283848895230077,0.5,-0.0016546478951075863,INT_04_GW191126_115259_v1,post
NG15|J1713+0747gbt|56094.095390124|834.837|31202,25.48486111844891,0.8370690493128368,0.15269853282981208,0.39978280048157083,0.25,-0.002521680782422343,INT_01_GW150914_v4,pre
NG15|J1455-3330|55976.443903696|778.609|10411,22.71430906055361,0.22911526213672095,0.08567975039891493,-0.12012278876377201,0.5,-0.0007438483169312509,INT_01_GW150914_v4,pre
NG15|J0610-2100|58820.233476174|872.336|2431,27.33256922862562,0.1870789606802306,0.005949490495009908,0.24816750479433922,1.0,-0.00027275977623574167,INT_04_GW191126_115259_v1,post
NG15|J1909-3744gbt|56643.809169278|1842.957|16647,75.15849241611934,0.26160855765250374,0.16742840541215956,-0.004639684691701773,0.6666666666666666,-0.004244203473987947,INT_01_GW150914_v4,pre
NG15|J1738+0333|56346.486582871|1549.830|2670,60.71509031974962,0.4495205744368982,0.09519354095864449,-0.3592186065201021,0.6666666666666666,-0.003250685377136066,INT_01_GW150914_v4,pre
NG15|J2302+4442|58396.371597977|1633.768|2583,64.85101190037877,0.5308159537945601,0.11262535558140059,0.4572704631053837,0.3333333333333333,0.0028099930936564435,INT_02_GW190503_185404_v2,pre
NG15|J1455-3330|57894.117459578|1168.131|5421,41.90743310365481,0.4505950255866841,0.11530239819609989,0.4815656371550227,0.6666666666666666,0.002657228123747883,INT_01_GW150914_v4,post
NG15|J0023+0923|56538.260284863|1276.900|9967,47.266865713479355,0.345600554062742,0.10651932096708237,-0.07750828329198865,0.75,-0.0003559577963728191,INT_01_GW150914_v4,pre
NG15|J1012+5307|56151.622022174|762.985|21327,21.94445942420595,0.56911621982625,0.17164727036748334,0.20231011774051397,0.5555555555555556,-0.006578598830997042,INT_01_GW150914_v4,pre
NG15|J1713+0747|57892.291178662|2216.599|58156,93.56915279913343,0.3609358412549708,0.18249122138233906,-0.008088204607235607,0.6666666666666666,-0.003053418072291609,INT_01_GW150914_v4,post
NG15|J0437-4715|57920.747580845|3399.697|5192,151.86456786977112,0.26554473473027473,0.24674451143982076,0.23161418560124106,0.6666666666666666,0.0028802414734361193,INT_01_GW150914_v4,post
NG15|J0645+5158|57364.637271469|731.719|9608,20.403873227966454,0.2989613960692544,0.08218536532081476,0.5460869313831154,0.5,0.0036776431004774896,INT_01_GW150914_v4,post
NG15|J1738+0333|58755.904153904|1722.657|4248,69.23088672918746,0.3084517743763639,0.1232219837410082,-0.17616215056553283,0.5714285714285714,0.0011017176708454598,INT_04_GW191126_115259_v1,pre
NG15|B1937+21|58160.644826747|1743.574|8351,70.26154116105408,0.6217153898652626,0.08266964465371732,-0.01620724825700983,0.3333333333333333,-0.0043511744908207315,INT_02_GW190503_185404_v2,pre
NG15|J1832-0836|56391.359254554|1269.180|4126,46.88647406008688,0.23342979918489812,0.041410017385741245,0.26120777639240406,0.3333333333333333,-0.00221506261502949,INT_01_GW150914_v4,pre
NG15|J2214+3000|55989.648827791|1299.539|2374,48.38236916440578,0.6553579558523799,0.09569927310138127,0.9999999999999998,0.0,-3.762168614967599e-05,INT_01_GW150914_v4,pre
NG15|B1937+21|57948.207339540|1718.022|8690,69.0025039165613,4.204891842746579e-05,0.29501835545966715,-0.17300325742943962,0.7777777777777778,-0.004789314164847687,INT_02_GW190503_185404_v2,pre
NG15|J1614-2230|58038.868636978|866.875|17322,27.063486480027656,0.2866777378894229,0.08502693653082535,-0.6747622018709183,0.6666666666666666,-0.004322135161295511,INT_02_GW190503_185404_v2,pre
NG15|B1937+21ao|53798.571265753|1402.000|148,53.4309843455257,0.6946162230874785,0.24075225185964172,0.8334278711387637,0.5555555555555556,-0.001894819969212258,INT_01_GW150914_v4,pre
NG15|J1600-3053gbt|56792.234201505|753.610|18498,21.482520078279215,0.47398735383415475,0.10701662027836191,-0.16964450003231923,0.5,0.002835554324789811,INT_01_GW150914_v4,pre
NG15|J1843-1113|58161.751856129|834.849|4596,25.4854524008117,0.18435882157702585,0.08041933239627466,-0.4480099283757689,0.625,-0.00014624089822202425,INT_02_GW190503_185404_v2,pre
NG15|J1909-3744gbt|58612.440573734|1830.363|3436,74.5379415763752,0.592611793466641,0.11086729501993539,-0.23747220139789424,0.7142857142857143,0.0008275739508571816,INT_02_GW190503_185404_v2,post
NG15|J0636+5128|56851.635393779|859.831|28215,26.716403733072145,0.25727248546775816,0.08368721762847744,-0.2818249929892404,0.6666666666666666,-0.0011048086298028144,INT_01_GW150914_v4,pre
NG15|J0636+5128|56921.546696274|1580.464|7734,62.22453564488237,0.18727889909897782,0.11194649252836684,-0.3197267211355185,0.8888888888888888,-0.002450868228563434,INT_01_GW150914_v4,pre
NG15|J1909-3744|56193.979400932|891.075|30286,28.25590591164654,0.5957925166287767,0.07855344528365064,-0.017150902452429645,0.6,0.001510602061071248,INT_01_GW150914_v4,pre
NG15|B1953+29|56447.343887646|1224.359|1694,44.67798516155011,0.382409561422157,0.10432799124822995,-0.22270171671187297,0.7777777777777778,-0.004619506601513553,INT_01_GW150914_v4,pre
NG15|J0437-4715|57781.149759238|3208.042|4332,142.4210494331217,0.6016316316209153,0.25081163303131965,0.4003866057904723,0.6666666666666666,-0.0005896696132739423,INT_01_GW150914_v4,post
NG15|J0740+6620|57335.502305024|769.203|10667,22.250842235189673,0.7011145161051525,0.16243703667338064,-0.40715865083970193,1.0,-0.005197347150803564,INT_01_GW150914_v4,post
NG15|J0030+0451|58675.400137600|1712.237|15417,68.7174565441681,0.4510638245121792,0.05599021682541267,-0.0385323369310979,0.8888888888888888,-0.0005072847291318906,INT_03_GW190728_064510_v2,pre
NG15|J2322+2057|57865.580509601|1399.223|2414,53.29415175207092,0.6265832883851947,0.14700274902417806,-0.44431807349089697,1.0,0.0011003752145004623,INT_01_GW150914_v4,post
NG15|J1614-2230|55269.276360960|1380.902|3809,52.39141140468706,0.30456931736005066,0.07880427639444344,-0.12338928513165966,0.5555555555555556,0.00032258117141366577,INT_01_GW150914_v4,pre
NG15|J1853+1303|58544.554329463|433.125|1021,5.691092741817378,0.47822605398381385,0.14044358956801625,0.05199443669849596,0.7777777777777778,-0.0017761333073217553,INT_02_GW190503_185404_v2,pre
NG15|J1643-1224gbt|55365.056952964|1455.409|1145,56.06263432169648,0.6245349867161015,0.03567237321726786,0.9804283735967105,0.0,-0.0017840152653899666,INT_01_GW150914_v4,pre
NG15|J1455-3330|58881.419246490|1854.628|5095,75.73356378745916,0.46783163012015755,0.061643096685567327,1.0,0.0,0.006290114999080697,INT_05_GW200219_094415_v1,pre
NG15|J1713+0747ao|58530.482049509|1511.252|11952,58.81421607045238,0.3984912308732403,0.25318539606024043,-0.06609423716315799,0.5555555555555556,0.005215877745289247,INT_02_GW190503_185404_v2,pre
NG15|J2214+3000|57844.562904256|1687.293|700,67.48837760605647,0.19846617586660714,0.1097166783275377,0.24943700042130068,0.6666666666666666,-0.0022260297916230467,INT_01_GW150914_v4,post
NG15|J1832-0836|57614.096746277|1342.667|395,50.50743797625946,0.33767406192759103,0.055351899844369654,-0.19402045656612613,0.75,-0.00029552689971704035,INT_01_GW150914_v4,post
NG15|J1730-2304|58160.574364513|1205.650|1556,43.75612668443617,0.5410442784128623,0.18519693840959742,0.00889540764699107,1.0,-0.017763395354909263,INT_02_GW190503_185404_v2,pre
NG15|J1012+5307|57729.536402498|1467.949|5749,56.680524390808074,0.20917300326436664,0.15286017715528477,-0.331899021994624,0.4,-0.0041571520813146814,INT_01_GW150914_v4,post
NG15|J1903+0327|57700.847331507|1163.114|3760,41.66022780247994,0.2714922151313881,0.10185936435085277,0.11293754779141789,0.8888888888888888,0.0007282618829922211,INT_01_GW150914_v4,post
NG15|J2317+1439|57641.207395684|1712.269|9701,68.71903329713554,0.5738128752833899,0.18232722248847616,-0.740942989852967,0.8888888888888888,-0.0029201704386713216,INT_01_GW150914_v4,post
NG15|J1713+0747gbt|56619.880061934|1866.111|6570,76.29937173511536,0.6397027824363151,0.13175897582078214,-0.15250937231479378,0.7777777777777778,0.0009320349244280828,INT_01_GW150914_v4,pre
NG15|J0023+0923|57915.484755652|1362.234|13444,51.47157314231263,0.24961824748139275,0.12889878092492627,-0.10511667438550992,0.8,-0.003948903677411595,INT_01_GW150914_v4,post
NG15|J1630+3734|58096.723850314|775.474|1706,22.55983654327571,0.6367297313619138,0.1316792601356487,-0.2731154746458424,1.0,-0.005813466254058215,INT_02_GW190503_185404_v2,pre
NG15|J1012+5307|56979.343172499|847.351|19323,26.101470075774472,0.21528574361604513,0.10746591717492739,-0.5129799512622124,1.0,0.001671338857704046,INT_01_GW150914_v4,pre
NG15|J1713+0747|57906.236338047|3175.963|56227,140.84040385680345,0.6389490054014518,0.15215926159845622,0.12117501288291999,0.7777777777777778,-0.0005885472968590609,INT_01_GW150914_v4,post
NG15|J1909-3744gbt|57651.027842636|762.993|30744,21.944853612447808,0.5096301894121641,0.16051050461802333,-0.2134589247465804,0.6666666666666666,0.0015698284835293135,INT_01_GW150914_v4,post
NG15|J1909-3744|54942.340276267|1416.000|793,54.120813768776294,0.42526017181075687,0.09250822388205754,-1.0,1.0,0.0011815515152978275,INT_01_GW150914_v4,pre
NG15|J1713+0747ao|56479.083294991|1226.047|12646,44.76115888058204,0.6236141472239075,0.23937422459882213,0.06835219679825248,0.75,-0.006022271013790418,INT_01_GW150914_v4,pre
NG15|J1600-3053|58636.094794833|1330.433|9594,49.90462560739891,0.6130706714571963,0.14685471586561652,0.09272449707630967,0.625,-0.0028628957916138177,INT_02_GW190503_185404_v2,post
NG15|J1910+1256|56166.081260589|1700.010|4288,68.11498909001918,0.3947816703024144,0.0979669161341891,-0.9827818049318787,1.0,-0.00584801089018669,INT_01_GW150914_v4,pre
NG15|J1455-3330|56675.501759598|831.715|7090,25.331029157064034,0.3311902382472068,0.10356502974139922,0.2629830339127274,0.25,-0.003302990125640221,INT_01_GW150914_v4,pre
NG15|J1903+0327|57893.320454040|1155.000|2530,41.26042237817598,0.18421674512662317,0.09020060233077073,0.9999999999999998,0.0,0.021209414512914526,INT_01_GW150914_v4,post
NG15|J0636+5128|57523.061247175|822.587|31255,24.881260373104645,0.1523409478932252,0.04310125447781616,0.09470650041094969,0.625,-0.00028098180440327573,INT_01_GW150914_v4,post
NG15|J2017+0603|58642.313732151|1786.875|2695,72.39513429363794,0.30562007913801453,0.0762802263032979,-0.08677837778268867,0.5555555555555556,-0.0009837142582555499,INT_02_GW190503_185404_v2,post
NG15|J2010-1323|55617.473533664|747.445|13402,21.178748764397795,0.26740991386356877,0.07915975401183527,-0.0899409666461797,0.8333333333333334,-0.0005501356251662654,INT_01_GW150914_v4,pre
NG15|J1713+0747|56775.466551067|1568.061|22838,61.61339604941258,0.740270639611856,0.07892133889675913,0.13127391606790226,0.5555555555555556,0.0018937834589611924,INT_01_GW150914_v4,pre
NG15|B1937+21gbt|57765.701952178|1330.467|5080,49.90630090742681,0.6939391074586616,0.09272618836830716,0.04971987707569069,0.5,-0.00483522366328034,INT_01_GW150914_v4,post
NG15|J2043+1711|56018.551012675|1686.995|5315,67.47369409404727,0.36636285708803323,0.05160038619022313,-1.0,1.0,-0.004159864780942672,INT_01_GW150914_v4,pre
NG15|J0636+5128|58210.234039950|1743.244|14240,70.24528089607746,0.2084179316696773,0.1275838447883178,0.08766979043922106,0.4444444444444444,-0.0027655395220802653,INT_02_GW190503_185404_v2,pre
NG15|J1909-3744gbt|58303.182801381|1805.151|6833,73.29565733216134,0.3761167068623844,0.07846001460769654,-0.03255345336733585,0.5,-0.002156371495500569,INT_02_GW190503_185404_v2,pre
NG15|J0636+5128|58820.133423175|766.066|28825,22.096271170851313,0.2234793944864726,0.04466157684248645,0.33858392450718516,0.7777777777777778,-0.001836182466395747,INT_04_GW191126_115259_v1,post
NG15|J0636+5128|58820.123243329|850.497|28624,26.256484601884928,0.22552118509155303,0.04466157684248645,0.33858392450718516,0.7777777777777778,-0.001836182466395747,INT_04_GW191126_115259_v1,post
NG15|J1600-3053gbt|56249.742399730|737.963|18385,20.711537150736213,0.4324035805227034,0.07020600558780991,-0.6334667001653133,0.75,0.0030013839427017893,INT_01_GW150914_v4,pre
NG15|J1909-3744|57288.004132881|1310.937|15316,48.943988861992224,0.40005055766394515,0.07237030924460072,-0.2845685811524288,0.875,0.0013269363091216169,INT_01_GW150914_v4,post
NG15|J1713+0747|57548.208320123|2187.503|17231,92.13549016349779,0.821158084464928,0.1729439249850347,-0.2518274553423217,0.8888888888888888,-0.00018877343063013603,INT_01_GW150914_v4,post
NG15|J1713+0747ao|53715.671449025|1402.000|588,53.4309843455257,0.45614611036388936,0.14392536802584235,-1.0,1.0,0.004470734676864859,INT_01_GW150914_v4,pre
NG15|J2302+4442|56312.166343117|872.370|4034,27.334244528653517,0.3195402380153295,0.03654966978381315,0.4926932867447558,0.8333333333333334,9.833023776286245e-05,INT_01_GW150914_v4,pre
NG15|B1937+21ao|57907.278492932|1749.692|1611,70.5629966190146,0.27560637053575876,0.19572297797528518,-0.15762856632965308,0.5,-0.011119216059364464,INT_01_GW150914_v4,post
NG15|J2234+0944|57116.585795499|1449.535|4028,55.773201605112625,0.506567680197022,0.20950775122978094,-0.5204063420430227,1.0,-0.00590534305557366,INT_01_GW150914_v4,pre
NG15|J2234+0611|57700.962467529|1599.656|3095,63.170193237098474,0.28588250648612334,0.16434494321550794,-0.6037205267587719,0.5,0.002085676903570141,INT_01_GW150914_v4,post
NG15|J1600-3053gbt|56762.321178183|1730.505|10189,69.61758539444966,0.5963297501182451,0.10575938034772335,-0.08565980200297102,0.4444444444444444,0.0024746280439938754,INT_01_GW150914_v4,pre
NG15|J0340+4130|56550.460606468|1755.462|2647,70.8473048884543,0.18355387229425002,0.054335930857668364,-0.48020149064786,1.0,-0.0011777465698263785,INT_01_GW150914_v4,pre
NG15|J1614-2230|55330.246158094|1271.875|5630,47.01926622406262,0.3324035237092749,0.10629761792845874,-0.5770798295487912,0.7777777777777778,-0.0004464099251672754,INT_01_GW150914_v4,pre
NG15|J0437-4715|57920.747580855|2440.859|5164,104.61923468900326,0.3695858774868997,0.24674451143982076,0.23161418560124106,0.6666666666666666,0.0028802414734361193,INT_01_GW150914_v4,post
NG15|J1022+1001|57028.337370209|1338.561|2341,50.305120861126106,0.33887120550211247,0.13517754753911138,-0.316405057626261,0.5,-0.003939211325666579,INT_01_GW150914_v4,pre
NG15|B1937+21gbt|58094.639988742|1393.085|7635,52.99171082350578,0.7928110911625023,0.14478840053671516,0.06113729040478264,0.4444444444444444,-0.001924132932876289,INT_02_GW190503_185404_v2,pre
NG15|J1600-3053gbt|57704.700454043|787.963|16767,23.175213662345467,0.46509988914145767,0.060761989631416886,0.06532119036059754,0.8,0.0024906785248950463,INT_01_GW150914_v4,post
NG15|J0030+0451|57137.638893041|1352.056|8563,50.970067151609456,0.2995462939465512,0.1328722054237603,0.03463251939314366,0.42857142857142855,-0.0023705959352586384,INT_01_GW150914_v4,pre
NG15|J1909-3744|58138.707794687|1217.709|1485,44.35031618550609,0.7069857146343431,0.14104806051599175,-0.1633446961603141,0.4444444444444444,-0.003274428014443136,INT_02_GW190503_185404_v2,pre
NG15|J2010-1323|58423.902006547|906.713|14462,29.026445377417446,0.43877777487233877,0.15922619215550482,0.26856995850399545,0.4,0.0026191016856944686,INT_02_GW190503_185404_v2,pre
NG15|J1012+5307|56706.102683334|809.837|25547,24.253022862644286,0.6123329567284822,0.1821736752125112,-0.025573765545215538,0.5714285714285714,-6.706516841298978e-05,INT_01_GW150914_v4,pre
NG15|J2145-0750|53292.175905443|1420.000|228,54.31790788970503,0.4406653663781971,0.1622620825004994,-0.6729162138687537,0.8888888888888888,-0.0009948874647007597,INT_01_GW150914_v4,pre
NG15|J1832-0836|58882.783248002|884.837|5539,27.948537630058166,0.26150099547162636,0.07226204221024983,-0.13646365187117168,0.8888888888888888,0.0018546291315823527,INT_05_GW200219_094415_v1,pre
NG15|J0023+0923|55989.764115448|1748.685|6481,70.51337817407078,0.2536528182476564,0.13541603912830058,0.4919028376245235,0.375,0.0014119798358184627,INT_01_GW150914_v4,pre
NG15|J0636+5128|57644.432293733|812.187|22632,24.368815658689922,0.15645623943824163,0.10701302309546033,0.284635962393569,0.7777777777777778,-0.0005873260121802766,INT_01_GW150914_v4,post
NG15|J1918-0642|55543.692379958|1518.013|7611,59.147354408352186,0.4321872682506334,0.15337409265284133,0.3460567389888495,0.75,7.451703347373202e-05,INT_01_GW150914_v4,pre
NG15|J1600-3053|56828.202257829|1430.961|7514,54.857995054580016,0.5150608981086461,0.07044267852272834,0.1336187497883711,0.6666666666666666,0.00015593954457085657,INT_01_GW150914_v4,pre
NG15|J0740+6620|57395.314168557|909.823|11538,29.179686056439543,0.32656116873965974,0.14594963961940166,-0.37088047877401453,0.8,-0.0018123510447198238,INT_01_GW150914_v4,post
NG15|J1713+0747gbt|54072.593420601|840.000|23761,25.739260355037683,0.5137670245010607,0.08315432918607568,-1.0,1.0,0.0025359959803765925,INT_01_GW150914_v4,pre
NG15|J1713+0747|56555.044822371|1455.486|29756,56.066428383524354,0.8192713329696503,0.17100898671227618,-0.41481483881666376,0.7777777777777778,0.0012626041067243586,INT_01_GW150914_v4,pre
NG15|J1713+0747gbt|57330.838008150|1633.758|5267,64.85051916507645,0.6270865267694443,0.16245415519031084,-0.2388779106443593,0.7777777777777778,-8.755967766023433e-05,INT_01_GW150914_v4,post
NG15|J1909-3744gbt|58077.799416421|809.832|26103,24.25277649499312,0.5883044367468436,0.13119213349011252,-0.34229344713918525,0.7777777777777778,-0.0010417088619304594,INT_02_GW190503_185404_v2,pre
NG15|J1910+1256|56458.274343001|1349.020|4085,50.820472713824536,0.45679716621813105,0.05529503051759593,0.2521762373527779,0.6666666666666666,-0.0012462332667484114,INT_01_GW150914_v4,pre
NG15|J2033+1734|57957.242370657|1724.695|3064,69.33130618380066,0.4726043660293448,0.08664358832011007,-1.0,1.0,0.013857165185816017,INT_02_GW190503_185404_v2,pre
NG15|J1024-0719|56520.689655109|822.450|10612,24.87450989946284,0.29775800115756046,0.1274985962403228,0.3025913688831745,0.4,-0.0009355780186215404,INT_01_GW150914_v4,pre
NG15|J1713+0747|56555.044822353|1792.917|29782,72.6928449633008,0.5300127656940716,0.17100898671227618,-0.41481483881666376,0.7777777777777778,0.0012626041067243586,INT_01_GW150914_v4,pre
NG15|J1918-0642|58788.024276539|809.843|17122,24.253318503825675,0.6143849410169699,0.09837929676805127,0.1771162315472656,0.5,0.016914637788832607,INT_04_GW191126_115259_v1,pre
NG15|J1713+0747|58160.500963099|1158.243|37713,41.42021643671896,0.5265544205157786,0.19183986463659983,0.328676829141277,0.4444444444444444,0.0034296820998496835,INT_02_GW190503_185404_v2,pre
NG15|J2043+1711|57620.140579636|1412.344|4916,53.94066974224743,0.4254388489965089,0.10544658178778038,0.9404574799863336,0.0,-0.003718357402511902,INT_01_GW150914_v4,post
NG15|B1937+21ao|57594.156301830|1387.603|2162,52.72159333077293,0.755804644203991,0.1569457319148807,-0.5078988509183018,0.75,-0.002574754893745127,INT_01_GW150914_v4,post
NG15|B1937+21gbt|57580.160494782|834.854|12545,25.48569876846286,0.8735919539443976,0.13603769749107086,-0.9659779052034507,1.0,-0.005801615353900909,INT_01_GW150914_v4,post
NG15|J1944+0907|57957.204382846|436.250|895,5.845072523792956,0.7089280058290425,0.12581611633159764,0.006002241717877713,0.5555555555555556,-0.001138940416034474,INT_02_GW190503_185404_v2,pre
NG15|J2317+1439|57628.264944301|444.061|1498,6.229948068436552,0.4027009465841311,0.18232722248847616,-0.740942989852967,0.8888888888888888,-0.0029201704386713216,INT_01_GW150914_v4,post
NG15|J1903+0327ao|58651.251043307|2167.500|4298,91.14987173826339,0.21868123116573207,0.03431838805439161,-1.0,1.0,-0.0024388893961713905,INT_03_GW190728_064510_v2,pre
NG15|J1312+0051|57788.368166044|1499.088|846,58.214852848708084,0.22933520770021953,0.05386583548824982,0.29683378566257834,0.6,-0.0006004707498774418,INT_01_GW150914_v4,post
NG15|J2317+1439|56538.191980437|1513.444|4581,58.92222364872133,0.614853528194423,0.23535354903279096,0.7173880116314746,0.0,-0.006138291555008796,INT_01_GW150914_v4,pre
NG15|J0023+0923|57116.667879047|1474.163|11411,56.98671010767087,0.20048927627326268,0.07488011311118811,-0.9990165833014892,1.0,-0.0017717796998399495,INT_01_GW150914_v4,pre
NG15|J1600-3053gbt|57161.238477445|860.142|12352,26.731727800974358,0.4119107577381554,0.07654743471875293,-0.42362871329879825,1.0,0.003615573065591765,INT_01_GW150914_v4,pre
NG15|J2017+0603|56220.925995287|1214.299|2076,44.18229344741433,0.7086007093429282,0.1990479236929179,-0.6796587934498859,0.8,0.002528630325243868,INT_01_GW150914_v4,pre
NG15|J1640+2224|57083.420943329|1575.085|13758,61.95949332576346,0.5667365620904316,0.09578053248558585,0.17922049125319625,0.5,-0.008363360403169656,INT_01_GW150914_v4,pre
NG15|J1713+0747|58302.104508552|784.834|54467,23.02103678624896,0.6547700531041267,0.14799693941558167,-0.04707373545727746,0.5555555555555556,-0.004254192364307509,INT_02_GW190503_185404_v2,pre
NG15|J1713+0747gbt|56762.209469268|1705.458|2669,68.38343128272412,0.6472659227240064,0.13977494939937246,-0.17507675380729357,0.5,-0.00037501934744492134,INT_01_GW150914_v4,pre
NG15|J1741+1351|56465.157709899|1522.155|3122,59.3514453705739,0.5548826637082485,0.14870472790028183,0.30724377352703486,0.6666666666666666,-0.005534469459470374,INT_01_GW150914_v4,pre
NG15|J0023+0923|57937.407429678|437.812|3661,5.922037778015629,0.282711296137754,0.12889878092492627,-0.10511667438550992,0.8,-0.003948903677411595,INT_01_GW150914_v4,post
NG15|J1643-1224gbt|58302.080237387|762.973|11637,21.943868141843158,0.6143060354710638,0.09587350292262224,0.22636426768966098,0.3333333333333333,-0.0037655072224828706,INT_02_GW190503_185404_v2,pre
NG15|J1600-3053gbt|56643.633551531|1742.988|8166,70.23266687233803,0.4022910192647629,0.09550600445644318,-0.15008299275237955,0.6666666666666666,0.002788914563126237,INT_01_GW150914_v4,pre
NG15|J1713+0747gbt|57516.306204903|1355.486|5972,51.139075360305846,0.6078402097440097,0.12429616970042036,-0.22252460442433844,0.8888888888888888,-0.0012621482339535486,INT_01_GW150914_v4,post
NG15|J2234+0944|59030.375189992|1474.166|4270,56.986857928261564,0.29046562535135145,0.12035592928282851,1.0,0.0,0.018149038666820005,INT_05_GW200219_094415_v1,post
NG15|J1738+0333|56326.554042052|1849.857|7098,75.49847977472142,0.17860099086507797,0.09519354095864449,-0.3592186065201021,0.6666666666666666,-0.003250685377136066,INT_01_GW150914_v4,pre
NG15|B1953+29|56426.386395285|436.250|538,5.845072523792956,0.641940255007759,0.10432799124822995,-0.22270171671187297,0.7777777777777778,-0.004619506601513553,INT_01_GW150914_v4,pre
NG15|J2234+0611|56737.634418594|440.937|511,6.076017559991208,0.5519405340168348,0.07540944871540015,-0.9999999999999999,1.0,0.0033944152643614893,INT_01_GW150914_v4,pre
NG15|J1909-3744|58111.794431804|1755.437|3119,70.8460730501985,0.7180878499502137,0.1356136220468189,-0.1446049378701773,0.5555555555555556,-0.0023490596567615853,INT_02_GW190503_185404_v2,pre
NG15|J1713+0747gbt|58031.955523535|1442.303|10908,55.416855434473455,0.2153198816411516,0.1688072182469313,-0.12475060305769932,0.75,0.0020461198975047752,INT_02_GW190503_185404_v2,pre
NG15|J1745+1017|58642.192329954|1674.798|326,66.87270484580533,0.5158313773194118,0.19098150705407,-0.41794072782692027,0.7777777777777778,-0.00945951378089336,INT_02_GW190503_185404_v2,post
NG15|J1909-3744gbt|56676.713408021|1281.965|19035,47.516436144105356,0.5887731012361193,0.12060772016309762,-0.04021568003356615,0.7777777777777778,-0.001297242237013953,INT_01_GW150914_v4,pre
NG15|J1024-0719|56451.834876587|897.323|9660,28.563766928537227,0.5073516336346766,0.1412929266813838,0.2746536026660689,0.3333333333333333,-0.0005470283770735669,INT_01_GW150914_v4,pre
NG15|J1012+5307|58580.839743380|784.680|17901,23.013448662593202,0.7569976630046132,0.20405896676291604,-0.2737663795430148,0.5,-0.0028986274012723326,INT_02_GW190503_185404_v2,pre
NG15|J1832-0836|58699.242524512|1767.938|2828,71.46204145163105,0.34682892378786423,0.022587397082823906,-1.0,1.0,-0.000643576093866696,INT_03_GW190728_064510_v2,post
NG15|J1614-2230|58161.429861939|737.980|17632,20.712374800750162,0.5554746482319705,0.08962823251834073,-0.09547609573602783,0.3333333333333333,-0.0019745076511428184,INT_02_GW190503_185404_v2,pre
NG15|J1909-3744gbt|55639.488543647|1767.982|6252,71.46420948696127,0.607934623608334,0.13823060084867042,-0.24674982961109562,0.8571428571428571,0.0030471400529792393,INT_01_GW150914_v4,pre
NG15|J1903+0327|56249.790689549|1776.564|5722,71.88707492341388,0.2950695915722581,0.06697917297387672,0.0638487415967547,0.5555555555555556,-0.0010053328733876734,INT_01_GW150914_v4,pre
NG15|J1600-3053gbt|56564.793073289|1230.369|4937,44.974119078245536,0.5460715588092684,0.10851620170376908,-0.0185422114858658,0.7777777777777778,0.0036920087278849217,INT_01_GW150914_v4,pre
NG15|J1911+1347|56739.502174691|1311.630|842,48.97813541844314,0.5969445473344581,0.15310738923618616,-0.02974964511824431,0.4444444444444444,0.005248141576659892,INT_01_GW150914_v4,pre
NG15|J0645+5158|57364.637271425|860.625|9582,26.7555269160765,0.28706841239169856,0.08218536532081476,0.5460869313831154,0.5,0.0036776431004774896,INT_01_GW150914_v4,post
NG15|J0613-0200|57734.318293150|1854.103|4929,75.70769518408729,0.4889508805001027,0.10885303295510579,-0.8049753935021167,1.0,-0.003375909363102525,INT_01_GW150914_v4,post
NG15|J1713+0747|56557.877574886|1462.628|4361,56.418339936442614,0.6500759667056716,0.17100898671227618,-0.41481483881666376,0.7777777777777778,0.0012626041067243586,INT_01_GW150914_v4,pre
NG15|J1640+2224|57533.201915493|423.750|2581,5.229153395890642,0.6451029937934497,0.15269296742874558,-0.38011400993809835,0.6666666666666666,-0.004418756319226436,INT_01_GW150914_v4,post
NG15|J1747-4036|58220.484972665|1855.171|1801,75.76031931437525,0.2935149587276029,0.016990215366624716,0.26218506528459906,0.5,0.0004971647068320639,INT_02_GW190503_185404_v2,pre
NG15|J1909-3744gbt|58221.470980741|1318.782|5027,49.330539706663714,0.6116234812160423,0.15113011512884106,-0.36214041878037695,0.7777777777777778,-0.0007537982912709627,INT_02_GW190503_185404_v2,pre
NG15|J2145-0750|55892.763300501|1380.632|5636,52.37810755152437,0.27183906898852955,0.16824154313884118,-0.9868319071345723,1.0,-0.0002602049994389452,INT_01_GW150914_v4,pre
NG15|J2234+0944|57116.609249805|1872.751|5911,76.62654797585706,0.18137100983485036,0.20950775122978094,-0.5204063420430227,1.0,-0.00590534305557366,INT_01_GW150914_v4,pre
NG15|J1614-2230|55520.610200673|1667.943|6580,66.5349347960637,0.397466756033928,0.0756180060669226,-0.5812344638563605,1.0,-0.0018753639681876031,INT_01_GW150914_v4,pre
NG15|J1713+0747gbt|57115.471553605|1830.376|4757,74.53858213226822,0.46006785122278565,0.20653044119239142,-0.36898653093729644,0.7777777777777778,-0.0005330209658702354,INT_01_GW150914_v4,pre
NG15|J2124-3358|58271.324402903|1766.796|952,71.4057710801059,0.24858960783682932,0.12790770747238014,-0.483697101301649,0.5,-0.004306865933614188,INT_02_GW190503_185404_v2,pre
NG15|J1713+0747ao|56165.949756481|1599.309|13102,63.15309532210791,0.6301524157089184,0.1701455039473475,-0.7514064931247859,1.0,0.007952817714982317,INT_01_GW150914_v4,pre
NG15|J1713+0747gbt|56977.699959649|791.084|26289,23.328996350200118,0.28135075421871203,0.17112988968265713,-0.03048564285439646,0.6666666666666666,0.006738052307630048,INT_01_GW150914_v4,pre
NG15|B1855+09|57116.445962720|1758.990|4359,71.02114190311346,0.656146549999539,0.07901885636793868,-0.15546216498605211,0.3333333333333333,0.0020146794766809127,INT_01_GW150914_v4,pre
NG15|J1614-2230|55520.610200669|1854.150|6591,75.71001104000818,0.28598277910913505,0.0756180060669226,-0.5812344638563605,1.0,-0.0018753639681876031,INT_01_GW150914_v4,pre
NG15|J1713+0747|55461.743101495|803.587|48353,23.945063298693128,0.44662393741712786,0.07417220767896555,0.5032229965762387,0.6,0.0005093664911391864,INT_01_GW150914_v4,pre
NG15|J1643-1224|57781.536754682|2761.194|21315,120.40327099593027,0.20619307278013269,0.14668045130328553,-0.1169638595050617,0.6666666666666666,-0.0025616955855185886,INT_01_GW150914_v4,post
NG15|J1713+0747|57893.201003987|734.062|52421,20.51932110930046,0.5609951988801974,0.1886352383887831,-0.07745811961317234,0.7777777777777778,-0.0035854329274231057,INT_01_GW150914_v4,post
NG15|J2010-1323|58487.775901266|1392.931|5653,52.98412269985002,0.3179751030100947,0.16638763575337426,0.779311683307567,0.3333333333333333,0.003318659061798871,INT_02_GW190503_185404_v2,pre
NG15|J2145-0750|57586.296676017|775.503|18369,22.561265475652444,0.42473793318683895,0.08703245395669318,0.5829592955593718,0.25,-0.000816663046445452,INT_01_GW150914_v4,post
NG15|J1909-3744gbt|57543.242058609|1165.678|10633,41.78656513399526,0.5176648627921839,0.11826388417236772,0.21002491406913837,1.0,0.0020796609690852713,INT_01_GW150914_v4,post
NG15|J1744-1134|57614.054860337|1680.399|5423,67.14868588863578,0.732002629933153,0.05285892314312306,-1.0,1.0,-0.0074046420770477,INT_01_GW150914_v4,post
NG15|J1738+0333|57144.302790532|1212.497|1636,44.093502545935934,0.2689048338044312,0.036715772003459414,-1.0,1.0,-0.01093549055982944,INT_01_GW150914_v4,pre
NG15|J1944+0907|58629.328811560|1400.090|4896,53.33687190278222,0.3839678303564327,0.06684188158243057,0.278083885862334,0.3333333333333333,-0.0014709375420692997,INT_02_GW190503_185404_v2,post
NG15|J1713+0747|57769.568390218|1199.799|8149,43.467827259047645,0.6952187488386827,0.1908057537465529,0.3251228943971973,0.6666666666666666,-0.004183678828165796,INT_01_GW150914_v4,post
NG15|J1909-3744gbt|58495.633105728|1692.280|2983,67.73410470132438,0.5281263144767364,0.09787890142781264,-0.24741227493623894,0.8,-0.0013990584034756094,INT_02_GW190503_185404_v2,pre
NG15|J1747-4036|57162.275616465|1555.384|3594,60.988755506659174,0.3420386289610703,0.018170833539123615,-0.028446599539109687,0.3333333333333333,-4.0259849969582444e-05,INT_01_GW150914_v4,pre
NG15|J2010-1323|57803.675575627|1318.005|2913,49.29225417367332,0.483639492796094,0.10813269271690977,-0.5817108642267865,0.7777777777777778,-0.0009588560310237143,INT_01_GW150914_v4,post
NG15|J1802-2124|58046.884836601|762.953|5204,21.942882671238518,0.36415067555858593,0.04177561520555708,0.14242781853505265,0.5555555555555556,0.0006779004360959835,INT_02_GW190503_185404_v2,pre
NG15|J1713+0747gbt|58489.627896242|1405.451|7380,53.60102729835697,0.2545929424829678,0.13810527586305985,0.4237944405415347,0.4444444444444444,-0.00020913241795186897,INT_02_GW190503_185404_v2,pre
NG15|B1855+09|54519.550722581|1386.000|1877,52.64260786181074,0.47164101577644135,0.10625695569414174,-0.13094829896927773,0.4444444444444444,-0.0032793796216157123,INT_01_GW150914_v4,pre
NG15|J1910+1256|57788.570136497|2262.903|6311,95.85071434300453,0.35964016235572394,0.05234722365628994,0.9999999999999999,0.0,-0.00241214107333553,INT_01_GW150914_v4,post
NG15|J0645+5158|56386.888589214|1679.705|4374,67.11449005865465,0.2877296835947148,0.1104369574581548,-0.41750944820539077,0.5,0.0007544276228771125,INT_01_GW150914_v4,pre
NG15|J1713+0747|58447.754001251|2395.107|14437,102.36487213382034,0.5160429425765712,0.21553387782516165,0.33742318900255075,0.7777777777777778,-0.0024671930871949404,INT_02_GW190503_185404_v2,pre
NG15|J1614-2230|57161.203017507|791.083|13877,23.32894707666988,0.5255978127500767,0.11146851629922641,-0.5920350509082549,0.5,0.00442152522855331,INT_01_GW150914_v4,pre
NG15|J2317+1439|58986.540762887|442.500|2049,6.153032087744112,0.28852738080350143,0.17717837339890088,0.2820451437591435,0.25,-0.00048398820394146986,INT_05_GW200219_094415_v1,post
NG15|J2145-0750|56195.022715165|1318.028|5221,49.29338746486866,0.3567729472944312,0.1987663840023688,0.18908761516869357,0.8,0.008404097378947383,INT_01_GW150914_v4,pre
NG15|J1747-4036|58823.819911543|1842.902|199,75.15578237195656,0.24306770092770516,0.04385834532111759,-1.0,1.0,-0.0018544961998926874,INT_04_GW191126_115259_v1,post
NG15|B1937+21gbt|58014.892675476|862.187|13498,26.832492170299176,0.7635492458540175,0.1615839163861056,0.2863565045466994,0.5,-0.0039000607403627823,INT_02_GW190503_185404_v2,pre
NG15|J2010-1323|58138.736716946|1330.382|2679,49.90211265735707,0.39840365910904063,0.09658443558228051,0.9999999999999999,0.0,0.0181616559967267,INT_02_GW190503_185404_v2,pre
NG15|J2145-0750|56095.334576600|1269.584|3268,46.90638056630069,0.3234782338626095,0.20360140559125925,0.2811404103029807,0.6666666666666666,0.001087720034889881,INT_01_GW150914_v4,pre
NG15|J2145-0750|56522.202574196|775.465|16920,22.55939308150362,0.8020413219236265,0.156754620588958,0.1151967839744669,0.42857142857142855,-0.006158696795945289,INT_01_GW150914_v4,pre
NG15|J1713+0747gbt|57123.454456983|1279.181|13640,47.37925863593897,0.3716659552465764,0.2079899063108912,-0.35508866794522226,0.6666666666666666,-0.0014709478840880333,INT_01_GW150914_v4,pre
NG15|J0740+6620|58300.881391573|1717.981|5539,69.00048370182178,0.505502448493542,0.10276173040700258,-0.7634748526331716,1.0,0.0012582991824723175,INT_02_GW190503_185404_v2,pre
NG15|J1747-4036|57803.511811559|881.698|7504,27.793868018659335,0.3717313271187741,0.0394425199603225,0.36231362780418913,0.5555555555555556,-0.0017790631183391254,INT_01_GW150914_v4,post
NG15|J1012+5307|57522.099713200|1693.052|11276,67.77214386666363,0.5779869774490062,0.12511487216005215,-0.232767197770848,0.7777777777777778,-0.001174618942154505,INT_01_GW150914_v4,post
NG15|J1600-3053gbt|55765.955276994|809.829|16149,24.252628674402423,0.43899995126440483,0.09826061482429996,0.2947862964348011,0.5,0.0032644692217336903,INT_01_GW150914_v4,pre
NG15|J1713+0747|57186.179056311|2072.582|20417,86.47292679568483,0.4800346358995849,0.19500614235229735,0.5302502273612508,0.2222222222222222,0.0016558784120521794,INT_01_GW150914_v4,pre
NG15|J2214+3000|57752.823022756|1323.522|3992,49.56409623996428,0.4101576838993526,0.13429839593124593,0.5119622952573994,0.6666666666666666,-0.0021267390834531687,INT_01_GW150914_v4,post
NG15|J1909-3744gbt|57496.381837019|788.203|31370,23.18703930960119,0.6807093590453807,0.1255082506508843,-0.2582575048637292,0.7777777777777778,0.0006428448926412172,INT_01_GW150914_v4,post
NG15|B1937+21|54135.642912733|1398.000|75,53.23389022459696,0.7716610096547788,0.21074963327399054,-0.07122803766618643,0.4444444444444444,-0.003355014041718148,INT_01_GW150914_v4,pre
NG15|B1937+21gbt|58517.632143595|1330.500|6572,49.907926933924465,0.33592103564476133,0.20046393740382498,0.10438783764785292,0.5,-0.0047565482738505796,INT_02_GW190503_185404_v2,pre
NG15|J1713+0747|56710.603800735|1342.794|42114,50.51369571459895,0.7855901887514966,0.104508339381363,-0.10794363055441897,0.625,0.004334141321377684,INT_01_GW150914_v4,pre
NG15|J2234+0611|58714.181313537|1162.932|2306,41.65126001997768,0.1407115543444163,0.11942302200156353,-1.0,1.0,-0.0070253823724938476,INT_03_GW190728_064510_v2,post
NG15|B1937+21|58882.681357623|769.219|16870,22.251630611673395,0.8539473070823851,0.12739616350827204,-0.16153660110040566,0.8,-0.0023652909431235553,INT_05_GW200219_094415_v1,pre
NG15|J2010-1323|55431.028448911|885.625|8840,27.987365171881127,0.4499782872516924,0.09933792739368419,0.8980246754797913,0.25,0.003727280674938106,INT_01_GW150914_v4,pre
NG15|J1903+0327|56647.719565556|1424.799|1258,54.55437156128929,0.49395925111707734,0.07094721048171802,1.0,0.0,-0.003648163738880436,INT_01_GW150914_v4,pre
NG15|J2010-1323|58220.530507862|1417.677|7350,54.20344547897566,0.464249204875798,0.05075176852062687,-0.09507451994235436,1.0,0.003442928112771375,INT_02_GW190503_185404_v2,pre
NG15|J1125+7819|58579.775087478|1817.956|773,73.92660488678446,0.22617003335411806,0.08797764561648394,-0.42134818983534483,0.5,-0.003913562470763564,INT_02_GW190503_185404_v2,pre
NG15|J0740+6620|58514.776584658|1529.930|2964,59.734547068129146,0.47836459930232883,0.08724176201552808,-0.24101057146296564,0.5555555555555556,-0.00026454824118218797,INT_02_GW190503_185404_v2,pre
NG15|J0636+5128|58728.393516094|1505.444|10417,58.52803540686385,0.16502213395345175,0.0477335375641673,0.13626224865966377,0.8888888888888888,-0.0012971217778852454,INT_03_GW190728_064510_v2,post
NG15|J1909-3744|57822.703493362|2280.122|33190,96.69915526007252,0.4558740411915121,0.1606407940235681,-0.03600917999003591,0.6666666666666666,-0.0031277696234604697,INT_01_GW150914_v4,post
NG15|J1600-3053|55521.624338902|778.952|14252,22.731209881423247,0.41321878369677906,0.08753586844704575,0.2198400242479945,0.4,0.004402015987471106,INT_01_GW150914_v4,pre
NG15|J0023+0923|57772.842956607|1338.389|15627,50.29664581392617,0.26013532201314876,0.027278409450855853,-0.2884895747942591,0.6,-0.002098506970528821,INT_01_GW150914_v4,post
NG15|J1909-3744|58782.899261680|1184.436|5570,42.71083801409058,0.5862028194640599,0.18187184540701906,-0.06832403076462724,0.5555555555555556,-0.0016120296670614279,INT_04_GW191126_115259_v1,pre
NG15|J1705-1903|57580.107893323|834.831|7656,25.48456547726752,0.2385314083317778,0.05508745823635552,-0.013879604113697899,0.7777777777777778,-5.470258307094072e-05,INT_01_GW150914_v4,post
NG15|J1022+1001|58901.155980130|1687.632|2085,67.50508133280519,0.4096495828081435,0.12598563975676247,1.0,0.0,-0.002064244990771361,INT_05_GW200219_094415_v1,post
NG15|J1909-3744|57886.366169788|753.588|23320,21.481436060614104,0.6279358598632733,0.1467906770426255,0.14086717672632848,0.5555555555555556,-0.0034132686844868506,INT_01_GW150914_v4,post
NG15|J1719-1438|58881.541325423|1219.793|523,44.45300222250995,0.17108795936449295,0.02608801283775704,-0.9913301388310088,1.0,-0.0006911710007086192,INT_05_GW200219_094415_v1,pre
NG15|J0340+4130|57193.737254396|895.000|8008,28.449304517807864,0.21018692890360585,0.04973005810226986,-0.4238761168253905,0.7777777777777778,0.0003978448916899958,INT_01_GW150914_v4,pre
NG15|J1909-3744|57496.392628723|825.461|31396,25.022872498991944,0.5818465559042387,0.13035523864767043,-0.68839721698474,0.8888888888888888,0.0025493369314006638,INT_01_GW150914_v4,post
NG15|J1713+0747gbt|58147.682751330|1567.949|2604,61.60787741402658,0.6885835821595822,0.18437319385225007,-0.060376847226302245,0.5555555555555556,0.004806931833708963,INT_02_GW190503_185404_v2,pre
NG15|B1937+21gbt|56269.651664676|1330.475|6793,49.90669509566865,0.2603545340979846,0.1752283011979958,-0.28427511468022815,0.7142857142857143,-0.004018991719265511,INT_01_GW150914_v4,pre
NG15|J1923+2515|58508.601021034|439.375|707,5.999052305768534,0.2848104404603838,0.11229869020264267,-0.31092292054830506,0.8888888888888888,0.0019220817177614828,INT_02_GW190503_185404_v2,pre
NG15|J1640+2224|55989.414419765|1162.593|13931,41.63455629322897,0.5681487139574483,0.1864001745445738,-0.6327370840104845,0.5555555555555556,-0.004543980952371795,INT_01_GW150914_v4,pre
NG15|J1713+0747ao|57885.246926421|2324.206|15710,98.87132956682818,0.5108011825083538,0.25295167706357974,0.3853776649167237,0.5714285714285714,0.002097295613094399,INT_01_GW150914_v4,post
NG15|B1855+09|56438.310177097|442.500|1273,6.153032087744112,0.6270488488169754,0.1185124992156474,-0.8453618877778418,0.6666666666666666,0.0006606848250470197,INT_01_GW150914_v4,pre
NG15|J0340+4130|56033.967462967|1742.882|2245,70.22744387813341,0.5082405261347909,0.07875767666062465,-0.3068869296346816,0.6666666666666666,0.001563969116140842,INT_01_GW150914_v4,pre
NG15|J0636+5128|57334.552660896|1717.957|13016,68.99930113709621,0.14586621531947794,0.12610663150155305,0.012900220701284446,0.6666666666666666,-0.00048085558167640136,INT_01_GW150914_v4,post
NG15|J1923+2515|57095.492539422|1437.293|1414,55.16999504801021,0.5869349076943261,0.09509517384882848,-0.19496448979899927,0.5,-0.0008415758758074963,INT_01_GW150914_v4,pre
NG15|J1600-3053|55275.298485413|1466.182|5289,56.593458062887805,0.5323646862499212,0.09032226459799396,-0.9988755621354145,1.0,-4.670023767871349e-05,INT_01_GW150914_v4,pre
NG15|J1909-3744gbt|57698.846362398|1493.010|7674,57.91536833195686,0.8740774137175163,0.1580849140966986,-0.26206057917889525,0.7777777777777778,0.0011731393907990705,INT_01_GW150914_v4,post
NG15|J0610-2100|58907.998310922|1191.973|1611,43.08221261145056,0.1773658941780063,0.06333453269927738,0.0799065956803777,1.0,0.0006426598255934632,INT_05_GW200219_094415_v1,post
NG15|J1705-1903|58728.906216359|1230.744|1236,44.992596652082604,0.32710284748983887,0.07121885394027606,0.05978635894335024,0.6,0.004179886937744433,INT_03_GW190728_064510_v2,post
NG15|J1713+0747|58740.194740687|3911.880|57722,177.1016324046824,0.5444416160740143,0.25012298409359995,0.04861220329960531,0.8888888888888888,0.0025720068824471947,INT_03_GW190728_064510_v2,post
NG15|J1713+0747ao|58895.473866479|1449.836|9475,55.78803293771251,0.5594840137038448,0.25091794399218603,0.2560096842439838,0.6666666666666666,-0.00039310204407575074,INT_05_GW200219_094415_v1,pre
NG15|J0636+5128|58210.084377581|897.320|29737,28.563619107946533,0.299007012954204,0.1275838447883178,0.08766979043922106,0.4444444444444444,-0.0027655395220802653,INT_02_GW190503_185404_v2,pre
NG15|B1937+21gbt|58548.550386600|1264.062|4932,46.634292132358546,0.34445324664410965,0.20046393740382498,0.10438783764785292,0.5,-0.0047565482738505796,INT_02_GW190503_185404_v2,pre
NG15|J1640+2224|57533.214596806|1187.742|7976,42.873736305038186,0.24961493924634645,0.15269296742874558,-0.38011400993809835,0.6666666666666666,-0.004418756319226436,INT_01_GW150914_v4,post
NG15|J1909-3744|55919.673290218|791.080|26590,23.32879925607919,0.47112915880589074,0.15138360558691513,-0.08856201084468747,0.75,0.0005917080246498599,INT_01_GW150914_v4,pre
NG15|J1643-1224gbt|57194.106750471|1605.461|9508,63.456226080096314,0.4901178763583464,0.06150979667458514,-0.4816420114008307,1.0,-0.002742466373604513,INT_01_GW150914_v4,pre
NG15|J0645+5158|57729.508576612|1330.436|4512,49.9047734279896,0.2781641511070462,0.14093125259411327,1.0,0.0,0.0014903875006847932,INT_01_GW150914_v4,post
NG15|J1713+0747|58758.806330098|1865.354|29155,76.26207167272959,0.586277701079276,0.22120915989367806,-0.15112649822820445,1.0,0.0020558959581110712,INT_04_GW191126_115259_v1,pre
NG15|J1946+3417|58978.373708935|1674.784|398,66.87201501638208,0.4389365656200376,0.10710911259279214,-1.0,1.0,-0.004839190904471494,INT_05_GW200219_094415_v1,post
NG15|J1832-0836|56792.362852701|787.955|5685,23.174819474103614,0.3066152668860938,0.04187245558167316,-0.4913024710748472,0.5,0.0028245019651251925,INT_01_GW150914_v4,pre
NG15|J0610-2100|58364.499413528|1430.729|2300,54.846563595566145,0.16165182728281666,0.07977367071937755,0.14017929673213164,1.0,-0.002126489685677649,INT_02_GW190503_185404_v2,pre
NG15|J1909-3744gbt|57094.533030439|1529.461|16731,59.71143778245025,0.5297531579474779,0.09529728169655462,-0.3145748451962582,0.625,-0.0018191387437848266,INT_01_GW150914_v4,pre
NG15|J2317+1439|56187.195953361|1637.353|12362,65.02765750626116,0.29981974437857506,0.06725247341435286,1.0,0.0,-0.0022932064425230094,INT_01_GW150914_v4,pre
NG15|J1713+0747ao|57949.062537350|1450.601|8977,55.82572718834013,0.7508569889268566,0.28013539496957607,0.20482724993437584,0.6,0.0014212361773946476,INT_02_GW190503_185404_v2,pre
NG15|J0709+0458|58818.285077218|1162.944|2440,41.65185130234046,0.29581000250063905,0.039189260174996625,1.0,0.0,0.005697228050491989,INT_04_GW191126_115259_v1,post
NG15|B1937+21gbt|58635.357117768|1693.130|4574,67.77598720202175,0.6781091806970441,0.18585096322635994,0.473522552791873,0.75,-0.0005493915464536658,INT_02_GW190503_185404_v2,post
NG15|J1600-3053|58244.223452569|1531.794|10509,59.82639292848194,0.46666738318781065,0.08697541042335206,-0.0047778765687056515,0.8888888888888888,-0.0017914210854418637,INT_02_GW190503_185404_v2,pre
NG15|J0613-0200|55731.937184344|759.813|17119,21.788163786309457,0.39528076405038604,0.10118953181471495,-1.0,1.0,-0.0021972448170340733,INT_01_GW150914_v4,pre
NG15|J1909-3744|58866.762964935|1567.996|12918,61.6101932699475,0.48692401186277007,0.09742358525573869,0.12456311035983406,0.6666666666666666,-0.0005855804960614046,INT_05_GW200219_094415_v1,pre
NG15|J1600-3053|56213.820803437|731.739|11080,20.404858698571093,0.5011574831781476,0.062338305292269164,-0.02091847724878937,0.5714285714285714,0.00233354622339249,INT_01_GW150914_v4,pre
NG15|J0406+3039|58986.692567091|1323.969|1172,49.58612150797807,0.4799011507665396,0.07539122926082677,0.27503182479753874,0.6666666666666666,-0.003084754605585061,INT_05_GW200219_094415_v1,post
NG15|J1713+0747|57698.826638763|1866.197|40980,76.30360925871531,0.6382248177720118,0.26382354042046224,0.12321257323426613,0.7777777777777778,0.0014596883727520159,INT_01_GW150914_v4,post
NG15|J1744-1134|57307.934878241|746.717|13559,21.14287763438876,0.6038942421585943,0.06564248537052084,0.4628015944993624,0.6666666666666666,-0.003050825522579184,INT_01_GW150914_v4,post
NG15|J0740+6620|58612.454829975|1218.385|3332,44.38362509194303,0.47346950571831825,0.11523580852493227,0.05961704048808091,0.6666666666666666,-0.0024754506837204758,INT_02_GW190503_185404_v2,post
NG15|J0340+4130|57830.977578562|769.242|10587,22.25276390286873,0.34810718953008335,0.01367988662137543,0.13111646629223928,0.3333333333333333,-0.0019099808699740294,INT_01_GW150914_v4,post
NG15|J1946+3417|57376.776769774|2086.373|4171,87.15245805111691,0.38343400179257825,0.031814682045410034,1.0,0.0,-0.002547180664737162,INT_01_GW150914_v4,post
NG15|J0636+5128|58699.480295283|809.818|31738,24.25208666556987,0.24772631093001551,0.06102919892719009,0.15910969114982423,0.6666666666666666,-0.0009849378740179127,INT_03_GW190728_064510_v2,post
NG15|J1713+0747|58120.700880708|1718.017|43715,69.00225754891014,0.7073268334080163,0.1758586144120886,0.12928343333312475,0.5555555555555556,0.0025146889975156926,INT_02_GW190503_185404_v2,pre
NG15|J2124-3358|57977.296798032|1464.945|2879,56.532506705990585,0.33857063138361854,0.08230121661180778,-0.36274836021551277,0.6666666666666666,0.003751621426013217,INT_02_GW190503_185404_v2,pre
NG15|J1843-1113|58160.740207707|1239.936|694,45.44551894197685,0.3806452722723811,0.08041933239627466,-0.4480099283757689,0.625,-0.00014624089822202425,INT_02_GW190503_185404_v2,pre
NG15|J1614-2230|55395.996215454|759.846|15422,21.78978981280712,0.36030552079937866,0.10114980614591602,-0.36119216336459126,0.5,-0.00013847266033557688,INT_01_GW150914_v4,pre
NG15|J1600-3053gbt|56606.777603769|1306.270|8694,48.71402929639862,0.5483299382778365,0.10188501245169732,-0.14230124098403918,0.7777777777777778,0.002771734544589297,INT_01_GW150914_v4,pre
NG15|J1600-3053gbt|56477.190333887|1768.073|4579,71.4686933782124,0.5665584474116879,0.054640949646934805,-0.03119917354975604,0.6666666666666666,0.001437994801467799,INT_01_GW150914_v4,pre
NG15|J1713+0747|58017.932515021|1606.571|31545,63.51091969865403,0.7164194364212644,0.13325103325253132,-0.26218974411882195,0.7777777777777778,-0.00234627404119078,INT_02_GW190503_185404_v2,pre
NG15|J0030+0451|58661.449705748|1224.051|15169,44.662808914238596,0.5408323742887053,0.05599021682541267,-0.0385323369310979,0.8888888888888888,-0.0005072847291318906,INT_03_GW190728_064510_v2,pre
NG15|J1312+0051|58950.187261877|1399.802|447,53.32268112607535,0.3429653437103257,0.05433644303103933,-0.13874551923841222,0.7777777777777778,-0.000516779755252612,INT_05_GW200219_094415_v1,post
