pair_id,theta_deg,hxy,f_mean,f_std,f_slope,f_quad,f_spread,f_autoc1,f_switch
E00001,118.1364812423641,0.8015878877915633,0.07347072011121034,1.0423166985366068,1.2023392427784695e-05,1.203396836621487e-07,1.8089544802904804,0.1825007858899929,0.3751854800100849
E00002,105.64025363621712,0.6882189420934799,0.046138353910405515,0.9604837864449449,0.00011789764156367287,6.716809206846694e-07,1.3218902667832562,0.1684937577123786,0.38849082077524794
E00003,52.96220255412458,0.6387737809029481,0.03509333298263753,0.276282191696274,1.3986575270333595e-05,1.5101927518829516e-07,0.4156642920356039,0.13177467206031954,0.3955018363601765
E00004,108.20876376072133,0.7060747849631615,0.04817847938699805,0.7005230842266348,5.355292009128074e-05,2.798633312330008e-07,0.9396209377142869,0.1644789601257764,0.37939999981425293
E00005,88.83125097461468,0.6565047143781022,0.04911503661300526,0.5941206893180548,9.451975419108757e-05,2.878272493724564e-07,0.7072260943893947,0.1394992123564816,0.36210836271099384
E00006,92.78631730505107,0.707025423797462,0.06345450171308092,0.8762307406295832,0.000196523078551498,2.006257587226776e-06,1.1360343708997374,0.16555399201012538,0.3798501690524052
E00007,37.72937477722551,1.0,0.03890434502245162,0.2881444887257659,1.9618727568951295e-05,3.9250645128823614e-08,0.494797681763001,0.2578378953540082,0.34342562605384475
E00008,16.689394074005456,0.970145319356436,0.040494835038952626,0.5095675624395599,1.952928525477242e-05,2.869785534234332e-07,0.7394771544442603,0.07823133628540495,0.3491137329766807
E00009,21.55741009868678,1.0,0.05060353762209781,0.8512289744036043,0.00025418981322124104,3.6334681461217727e-06,1.8176603357632124,0.3624223622468621,0.3228842247799594
E00010,42.45458622331247,1.0,0.04466188967540119,0.4848443158965644,1.5641544917638618e-05,8.62337274742988e-07,0.873639260437942,0.37722881187305374,0.34013994203567666
E00011,34.368394157690915,0.8314746959664933,0.040604335697765406,0.5835511478969297,0.0001618263703367463,2.129684195942189e-06,0.8638448208424547,0.15141932604237707,0.3949430483093711
E00012,51.841737769876296,0.7057864904476496,0.03899463147119084,0.4024579803211279,6.1177562893139666e-06,8.726914453506239e-07,0.5341102586731851,0.1479896935376836,0.37341955668574095
E00013,22.46643415499792,0.9904046540181333,0.12597242752502602,2.6581662755765088,0.00037626909876269576,3.927026102851611e-06,5.212738499503715,0.09453486338793377,0.3971132996698272
E00014,20.82204123928763,0.8689813476785694,0.04099846607474382,0.48574514219283393,3.1519507782113125e-05,8.277572570100588e-08,0.7091041602303106,0.11467820354553065,0.39352642661482173
E00015,164.0037562901453,0.8852989174212404,0.03816884575046756,0.37808351673808027,2.828993362001752e-05,4.2667742218046814e-08,0.6409208238173636,0.1568196259884064,0.3770409943761589
E00016,69.56631811679773,1.0,0.07160291938939929,0.9705456512700559,6.813604843374542e-05,7.078431041408854e-06,1.3062812419534844,0.32471801527004274,0.33142693834779857
E00017,33.59283990699071,0.8168690079997369,0.03585559964333844,0.30513778307367967,2.3378447133945967e-05,2.7073310447760374e-07,0.5729962722942299,0.15634420997869125,0.3892776674029102
E00018,25.708636013729436,1.0,0.045136505343466984,0.6412333712422515,3.1777548182446e-05,2.317652896969292e-06,1.203730764182398,0.2039607138727103,0.3707950882897087
E00019,52.709803479155724,0.7862243599815331,0.06898555268931716,1.8002357834919964,0.0005975277769682159,6.187632584928653e-06,2.1971116187190303,0.14787149706909483,0.38899066735699017
E00020,48.76719154102666,0.6707211655960376,0.048649381316261085,0.4582531524659219,0.00016948667354206378,9.902228332526816e-08,0.7024101833485805,0.15022137796284554,0.39767176019072425
E00021,101.2096612546279,0.6484742135020479,0.08346746728475049,0.7607781402139929,0.00013888551428589368,4.470491962124315e-06,1.0674388912728363,0.139802373214276,0.38140695205268665
E00022,7.541538953379588,0.8774502880379069,0.04542352788424153,1.0988460555294872,0.0004677323813836365,6.373485233241144e-06,1.3025971587064502,0.08406737954831417,0.4392107553922043
E00023,103.09377655046701,0.6801851362465894,0.03660011567739728,0.8278840690609524,0.00023060806429077936,4.582219732366866e-06,0.9682680245988333,0.14958793119957886,0.3910503147453573
E00024,73.32747139515727,0.5792815891715566,0.04264889510098958,1.5377244053074794,0.00017611279744629004,1.4927575716546247e-05,2.0881622738031527,0.13672941322935736,0.40985605576587486
E00025,117.05639335347453,0.5948710958622858,0.06297517259085737,0.684239321855413,0.00019333351840976416,3.963702633032671e-06,0.8991279272861188,0.10880236531562831,0.4093610931073615
E00026,82.57023307546935,0.4054714548885948,0.07443952752615497,0.9641576086810645,0.0009749165417242244,1.6291201619863807e-05,1.3673690276436874,0.045382792513512724,0.42330439284718624
E00027,79.13479815295563,0.7001351488490118,0.06722081621464404,0.7817020023380183,0.0006215715858488069,6.212438598855785e-06,1.0708549417950048,0.24700726409624058,0.4186289056310232
E00028,26.92922571696949,0.9687474823887032,0.07532782596455473,0.695912921232069,0.0009824494473011753,1.803118053597498e-05,0.9915756579582846,0.2237212170203336,0.4018541818615044
E00029,9.111432723055502,1.0,0.03724762998588639,0.4382748301189171,0.0006327277518792746,2.2350501102926656e-06,0.6586802537933277,0.169635964168306,0.3696091156096537
E00030,126.2426567137265,0.6605555016157655,0.0413154605903396,0.5239785323752087,8.918470287144736e-05,2.3185115861458106e-06,1.061740496596433,0.11103361705236088,0.3962175581132927
E00031,27.521082129676994,1.0,0.048145987504547794,0.9744253272478589,0.0008239873331621051,4.8134678189136204e-06,2.1704446738184746,0.44392888501677563,0.35279493906567366
E00032,49.038267732329594,1.0,0.06806534400477311,1.2439839030442452,0.0007594072376674455,3.710757733331066e-05,2.521015204536618,0.30739683305654786,0.33848055505518876
E00033,29.047962519630175,0.8414472676912697,0.055356506891791626,0.5713376698753744,0.00014831009792887852,8.374414656437228e-06,0.8758276189905554,0.1312892464430342,0.3930264048747461
E00034,161.02427869451026,0.877633253521857,0.07800002212680465,1.0890339980140231,0.0003054383634625342,1.1486768519784745e-05,2.289881811478833,0.15131776284667525,0.41336041525614986
E00035,81.75287382845323,1.0,0.1484939871649021,1.5088831055281644,0.00017395130108358129,2.31056015605167e-05,3.060831425467034,0.3114596028624965,0.32141363654466526
E00036,37.18152371614327,1.0,0.050119526950450397,1.1533522660837603,0.001730565309858197,1.7495045137887007e-05,0.8597500698810445,0.25253628254182525,0.33432701084961114
E00037,25.554753292088982,0.733680146021678,0.05000705077612649,0.49397260073842253,0.0001260030556907516,6.100448106410121e-06,0.8696752983839968,0.05260945181649329,0.3978842247799594
E00038,116.69911209825386,0.837905296007216,0.07227970526776309,0.7898509194069778,0.0008911694496997352,1.7803188997134903e-05,1.1897695191956692,0.2154025205011988,0.3927254946212292
E00039,25.16062335637667,1.0,0.08296548821584573,0.844277594266697,0.0002887474551128564,2.340280221873603e-05,0.6804682170108486,0.19320187349643186,0.38759010713290054
E00040,43.5376001806098,0.9796433971631564,0.07344267035928362,2.066766590393284,0.0017742186806426988,6.886303690429426e-05,4.478466093211781,0.2202563683368983,0.38677311366884826
E00041,35.461197667581224,0.9234421137329378,0.07856600731306276,0.7085290452961185,0.00010052572709506782,3.8650356348089204e-05,0.6695006969739277,0.13775184515326272,0.33716993906567366
E00042,45.56626304666334,0.7354510809382743,0.0911239951383418,0.4627389727098706,0.0012251569198567837,1.5741112956696928e-05,0.5709048788102691,0.15215551359417825,0.4017303786261132
E00043,76.71735317330945,0.7688291077778849,0.1295104842733137,0.8363976433552756,0.0008805964893464845,4.719789014659313e-05,0.8791537465259102,0.2165663200729781,0.36113925833700633
E00044,79.43802504277582,0.6649623593969378,0.17095716185044313,1.0504521751089875,0.003091696107755419,4.043250908428897e-05,0.8920654378243149,0.1553420246963518,0.37656069536819464
E00045,43.93357552313249,0.7024683463358621,0.07751891899797085,0.44394461957461195,0.0003722733689156923,1.1183945563643244e-05,0.7750232084701575,0.10152633043718393,0.3709758278333945
E00046,49.517190541810216,0.6394437866769291,0.06255087933090117,0.5735732378831622,0.000282490791897968,5.183755645570716e-06,0.8319194015493019,0.1413296520035196,0.4205941484440815
E00047,29.5895221168923,1.0,0.05139357121201783,1.2981550626422647,0.0030566119160051054,0.0001681714644017766,2.3904485302288165,0.25525087941846525,0.35335297477995936
E00048,89.19827128534823,0.6520782329382123,0.0613559656763616,0.6011893147740672,0.0002069712041475614,4.4417080984123445e-05,0.878062806781458,0.15866710029692357,0.378789736590983
E00049,31.505726549269568,1.0,0.038017455936574365,1.5079674081267807,0.00020180521709772627,7.893445759378822e-05,3.2230610212942614,0.4532363137802483,0.328529386070282
E00050,35.77861953881965,1.0,0.055896389399454044,2.3744552295699917,0.007394638504347185,0.00017008668855033544,3.889660322108943,0.21000465305432475,0.33955089144662604
E00051,101.01751266211302,1.0,0.04693359443300494,2.682421281987279,0.0016549160946170544,0.00016506521975853217,5.286090787960949,0.3441130676222435,0.3550270819228165
E00052,139.77743749683125,0.7521571775025764,0.03868362589553561,0.4268754594926747,0.0002676343055260313,2.9565595086807355e-05,0.5313388315868173,0.09571016276974613,0.377513854409589
E00053,34.83377056929063,0.8029246606148833,0.05192754233306149,0.4566552727643507,4.399546838909432e-05,2.9128292571670696e-05,0.6591204188443169,0.12094801257051797,0.38268814634858683
E00054,29.34795690081787,0.9449901390764992,0.09700316019770919,0.5983545369636447,0.0010962767808781221,3.0064811673033668e-05,0.8834327773679646,0.19305556510490846,0.38268814634858683
E00055,72.50079770271554,0.38026463702958685,0.09341872364195034,0.7031590707218125,0.000426450360655932,0.00014460526261142847,1.166065154145302,0.046680054881990174,0.4397159079482762
E00056,31.132883010377157,0.6246344354189793,0.06335211039464982,0.3944323654634161,0.0008381343998144046,6.7483241653363895e-06,0.773914584961811,0.052077979757320536,0.4239594935971637
E00057,8.22553642448947,1.0,0.07972774441222019,1.0985043707918898,0.003951631801813544,0.00033328523189154455,1.590506247281179,0.12885884504359033,0.3701960527369486
E00058,148.53100576674322,1.0,0.5723565021123657,4.185729527546351,0.008356486051417446,0.0009191803223029699,5.08665317658518,0.19884070044298796,0.41092770304082893
E00059,60.43511638948263,0.6333421450360941,0.14651908254971693,1.531627270771304,0.00959547920761997,0.0006865461329284871,2.2109503878911365,0.18024755894919436,0.43057653247226707
E00060,138.29903445454644,0.6264017920367274,0.10406780418757497,0.7615796454113197,0.0030748527427445042,6.575252108388042e-05,0.7344216578310587,0.090202899039683,0.4186588726672833
E00061,37.86395586713231,0.9224397911398967,0.06876942022458027,1.184160127227012,9.998697304541833e-05,0.0002893399222435992,1.408814743591579,0.21720408800150076,0.399003627765034
E00062,163.2292196393751,1.0,0.13648955678658034,3.002816622692619,0.004034921196622175,0.001120996899670701,3.772041342568003,0.18573280092280872,0.3921149940107286
E00063,31.352802597931813,0.8282147543293751,0.10349552994714922,0.587166988700213,0.0027079504738674117,0.0001663585403988413,0.8949307067717265,0.12365630603188657,0.3768524787482133
E00064,84.6430659390577,0.2220252834804907,0.04947638583617539,1.6416993815054668,0.00012095647566738528,7.20950910417521e-07,2.527783658710802,0.03361627535762954,0.517907851225414
E00065,165.02558704205327,0.37964419600472565,0.03843136490840741,0.9574977867567959,1.7045409374046e-05,2.0028926492114675e-07,1.6215576839631494,-0.0031028102944295234,0.5249188668103426
E00066,87.07217543973765,0.2233688887485665,0.051516511312767924,1.3817386792871567,5.661175419499315e-05,3.291333209658524e-07,2.1455143296418324,0.02960147777102736,0.508817030264419
E00067,90.30958613778247,0.22310883316235355,0.05245306853877514,1.2753362843785767,9.757858829479998e-05,3.3709723910530796e-07,1.91311948631694,0.004621730001732546,0.49152539316116
E00068,32.339192441689455,0.475021409224222,0.06679253363885079,1.5574463356901052,0.0001995819126552104,2.0555275769596275e-06,2.3419277628272828,0.030676509655376348,0.5092671995025714
E00069,105.61277877422741,0.45222395638581697,0.04224237694822149,0.9693600837862878,2.26775616726637e-05,8.852063486167521e-08,1.7006910736905465,0.12296041299925914,0.4728426565040109
E00070,101.8650754077811,0.17957810043804046,0.0438328669647225,1.1907831575000818,2.2588119358484828e-05,3.3624854315628474e-07,1.9453705463718056,-0.0566461460693441,0.47853076342684686
E00071,134.80252944156337,0.8282113947481986,0.053941569547867683,1.5324445694641262,0.0002572486473249535,3.6827381358546243e-06,3.023553727690758,0.22754487989211303,0.45230125523012554
E00072,144.90558017463513,0.8101263592808654,0.047999921601171065,1.1660599109570864,1.8700379021351028e-05,9.116072644758396e-07,2.0795326523654873,0.24235132951830468,0.4695569724858428
E00073,134.36138220088426,0.3212317277649514,0.04394236762353528,1.2647667429574516,0.0001648852044404587,2.1789541856750407e-06,2.06973821277,0.016541843687628007,0.5243600787595373
E00074,105.91846301348228,0.23249793563954682,0.042332663396960714,1.0836735753816498,9.176590393026375e-06,9.219614350834755e-07,1.7400036506007304,0.013112211182934543,0.5028365871359071
E00075,140.04938015366048,0.419781724846424,0.1293104594507959,3.3393818706370304,0.0003793279328664082,3.976296092584462e-06,6.41863189143126,-0.040342618966815284,0.5265303301199934
E00076,138.74282207550937,0.28690192559315464,0.044336498000513695,1.1669607372533557,3.457834188582553e-05,1.3204571543385746e-07,1.914997552157856,-0.020199278809218388,0.5229434570649879
E00077,53.70689843302282,0.28459451063852714,0.04150687767623744,1.0592991117986021,3.1348767723729924e-05,9.19377319508984e-08,1.846814215744909,0.021942143633657346,0.5064580248263251
E00078,121.59902963036171,0.670947821781441,0.07494095131516917,1.6517612463305777,7.119488253745782e-05,7.127701031141705e-06,2.51217463388103,0.1898405329152937,0.46084396879796474
E00079,140.23393255299445,0.3388643068085871,0.039193631569108316,0.9863533781342015,2.6437281237658373e-05,3.2000309421045535e-07,1.7788896642217753,0.021466727623942205,0.5186946978530764
E00080,118.61850876214075,0.3794663217006051,0.04847453726923685,1.3224489663027734,3.483638228615841e-05,2.3669228867021437e-06,2.409624156109943,0.06908323151796125,0.5002121187398748
E00081,136.82661337876547,0.434081533950185,0.07232358461508703,2.4814513785525185,0.0006005866110719284,6.2369025746615045e-06,3.4030050106465755,0.012994014714345772,0.5184076978071563
E00082,137.40317781078647,0.32304573306444584,0.05198741324203096,1.1394687475264438,0.0001725455076457762,1.4829227305811975e-07,1.908303575276126,0.01534389560809649,0.5270887906408904
E00083,16.92785751289681,0.5366980810447872,0.08680549921052037,1.4419937352745147,0.00014194434838960609,4.519761951857166e-06,2.2733322832003817,0.0049248908595269335,0.5108239825028529
E00084,123.62885998601563,0.10194974426641484,0.0487615598100114,1.7800616505900089,0.0004707912154873489,6.422755222973995e-06,2.5084905506339954,-0.05081010280643488,0.5686277858423705
E00085,76.38417813163116,0.17080002347263507,0.039938147603167155,1.5090996641214742,0.00023366689839449177,4.631489722099717e-06,2.1741614165263785,0.0147104488448298,0.5204673451955235
E00086,85.45283205194355,0.1675980714892187,0.04598692702675945,2.2189400003680015,0.00017917163155000245,1.4976845706279099e-05,3.2940556657306983,0.0018519308746083006,0.5392730862160411
E00087,1.6091570396079418,0.5247211513707865,0.06631320451662724,1.365454916915935,0.00019639235251347657,4.0129726227655225e-06,2.105021319213664,-0.026075117039120736,0.5387781235575277
E00088,67.964976735615,0.0,0.07777755945192485,1.6453732037415865,0.0009779753758279368,1.6340471609596657e-05,2.5732624195712326,-0.08949468984123632,0.5527214232973524
E00089,100.22412367503279,0.25252938585303997,0.07055884814041391,1.4629175973985402,0.0006246304199525193,6.261708588588636e-06,2.2767483337225505,0.11212978174149152,0.5480459360811893
E00090,143.03232699857344,0.47287808401431436,0.0786658578903246,1.3771285162925908,0.0009855082814048876,1.808045052570783e-05,2.19746904988583,0.08884373466558457,0.5312712123116705
E00091,113.58388802283226,0.27866791603873353,0.040585661911656266,1.119490425179439,0.000635786585982987,2.2843201000255172e-06,1.8645736457208733,0.034758481813556945,0.4990261460598199
E00092,31.30052525610373,0.36528384797689306,0.04465349251610948,1.2051941274357305,9.224353697515976e-05,2.367781575878662e-06,2.2676338885239784,-0.02384386530238817,0.5256345885634588
E00093,124.75995610051194,0.8231910707931039,0.05148401943031767,1.6556409223083808,0.0008270461672658175,4.862737808646472e-06,3.3763380657460202,0.30905140266202663,0.4822119695158398
E00094,166.31669473134525,0.8463416894448355,0.071403375930543,1.9251994981047669,0.000762466071771158,3.715684732304351e-05,3.7269085964641633,0.1725193507017988,0.4678975855053549
E00095,115.15155153084311,0.1930304921052487,0.05869453881756151,1.2525532649358961,0.00015136893203259092,8.42368464617008e-06,2.081721010918101,-0.0035882359117148654,0.5224434353249123
E00096,72.71290976844845,0.16921973658596118,0.08133805405257452,1.7702495930745452,0.00030849719756624664,1.1536038509517597e-05,3.495775203406378,0.016440280491926203,0.542777445706316
E00097,36.469338460761094,0.854305915802251,0.15183201909067198,2.190098700588686,0.0001770101351872937,2.315487155024955e-05,4.2667248173945795,0.17658212050774744,0.45083066699483143
E00098,117.63785723342438,0.5062829635417292,0.05345755887622027,1.8345678611442824,0.0017336241439619092,1.7544315127619857e-05,2.06564346180859,0.11765880018707617,0.4637440412997773
E00099,137.12550098064858,0.1879740214656247,0.05334508270189636,1.1751881957989445,0.000129061889794464,6.1497180961429726e-06,2.0755686903115422,-0.08226803053825577,0.5273012552301255
E00100,80.24529994392954,0.2540292480107228,0.07561773719353297,1.4710665144674997,0.0008942282838034476,1.7852458986867754e-05,2.395662911123215,0.08052503814644976,0.5221425250713954
E00101,115.33748318209835,0.3105241765717421,0.0863035201416156,1.5254931893272188,0.00029180628921656886,2.345207220846888e-05,1.8863616089383939,0.05832439114168282,0.5170071375830667
E00102,97.50015346854997,0.38994603829908836,0.0767807022850535,2.747982185453806,0.0017772775147464111,6.891230689402711e-05,5.684359485139326,0.08537888598214924,0.5161901441190144
E00103,102.55304083014539,0.3283572087640937,0.08190403923883265,1.3897446403566405,0.00010358456119878023,3.869962633782206e-05,1.875394088901473,0.002874362798513684,0.4665869695158398
E00104,118.50754299420835,0.23992536558439725,0.09446202706411168,1.1439545677703924,0.001228215753960496,1.5790382946429778e-05,1.7767982707378145,0.017278031239429198,0.5311474090762793
E00105,86.51008150180182,0.34530056066064907,0.13284851619908356,1.5176132384157974,0.000883655323450197,4.724716013632598e-05,2.0850471384534557,0.08168883771822905,0.4905562887871725
E00106,103.24591921991849,0.28584209176349273,0.174295193776213,1.7316677701695093,0.0030947549418591314,4.048177907402182e-05,2.0979588297518603,0.020464542341602766,0.5059777258183609
E00107,92.84906473244592,0.13440554850304534,0.08085695092374073,1.1251602146351338,0.00037533220301940476,1.1233215553376096e-05,1.9809166003977028,-0.033351151917565124,0.5003928582835606
E00108,106.32690162194149,0.12252277627917246,0.06588891125667104,1.254788832943684,0.0002855496260016804,5.233025635303567e-06,2.0378127934768475,0.006452169648770562,0.5500111788942477
E00109,114.25916907533892,0.5043228338749552,0.0547316031377877,1.9793706577027868,0.003059670750108818,0.00016822073439150945,3.5963419221563617,0.12037339706371622,0.48277000523012553
E00110,84.49493112040867,0.208817290933282,0.06469399760213147,1.282404909834589,0.0002100300382512738,4.44663509738563e-05,2.0839561987090036,0.02378961794217453,0.5082067670411492
E00111,149.19785369826107,1.0,0.04135548786234424,2.1891830031873027,0.00020486405120143867,7.898372758352107e-05,4.428954413221807,0.31835883142549926,0.4579464165204481
E00112,94.44789003307795,0.4887010947953487,0.05923442132522391,3.0556708246305133,0.007397697338450897,0.00017013595854006828,5.095553714036488,0.07512717069957571,0.4689679218967922
E00113,61.78571125972197,0.7311754842949516,0.050271626358774815,3.3636368770478007,0.0016579749287207667,0.000165114489748265,6.491984179888494,0.20923558526749442,0.4844441123729827
E00114,101.97145636816994,0.1299036191519112,0.042021657821305486,1.1080910545531966,0.0002706931396297437,2.9614865076540205e-05,1.7372322235143627,-0.03916731958500292,0.5069308848597551
E00115,152.19554977525974,0.3830756519667146,0.05526557425883137,1.1378708678248726,4.705430249280672e-05,2.9177562561403547e-05,1.8650138107718623,-0.013929469784231076,0.512105176798753
E00116,139.71216386348664,0.41615124572742607,0.10034119212347907,1.2795701320241666,0.0010993356149818344,3.0114081662766518e-05,2.08932616929551,0.05817808275015941,0.512105176798753
E00117,145.09216843241023,0.10694857897170135,0.0967567555677202,1.3843746657823344,0.00042950919475964446,0.0001446545326011613,2.3719585460728476,-0.08819742747275888,0.5691329383984424
E00118,148.8912431877239,0.18043948726224823,0.0666901423204197,1.075647960523938,0.000841193233918117,6.797594155069241e-06,1.9798079768893564,-0.08279950259742852,0.5533765240473298
E00119,117.25910875106499,0.26847985740368047,0.08306577633799006,1.7797199658524114,0.003954690635917256,0.00033333450188127744,2.7963996392087243,-0.006018637311158721,0.4996130831871148
E00120,47.009127462839224,0.5770231433876971,0.5756945340381355,4.866945122606873,0.00835954488552116,0.0009192295922927028,6.2925465685127255,0.0639632180882389,0.5403447334909951
E00121,95.0295052065758,0.21208022557825723,0.1498571144754868,2.2128428658318255,0.009598538041723684,0.00068659540291822,3.4168437798186817,0.04537007659444531,0.5599935629224333
E00122,34.44685298857439,0.25987506216937695,0.10740583611334485,1.4427952404718416,0.0030779115768482168,6.580179107361327e-05,1.9403150497586041,-0.04467458331506605,0.5480759031174495
E00123,155.99192416040788,0.517759578022524,0.07210745215035014,1.8653757222875336,0.00010304580714913074,0.0002893891922333321,2.614708135519124,0.08232660564675172,0.5284206582152002
E00124,46.11105989215911,0.5066099926579685,0.1398275887123502,3.6840322177531406,0.004037980030725886,0.0011210461696604338,4.977934734495548,0.050855318568059665,0.5215320244608947
E00125,86.80358943389372,0.19603791126097014,0.10683356187291909,1.2683825837607348,0.002711009307971124,0.00016640781038857415,2.100824098699272,-0.011221176322862472,0.5062695091983795
E00126,86.70974934345615,0.053425668280454114,0.011098998707602595,0.875664874665134,0.00012291965850993417,7.516305019436675e-07,1.134493470455925,-0.01710983847204385,0.5382242075755057
E00127,4.866028258751123,0.6399196303613369,0.02418414511196311,1.2999057671954948,0.00016248600333088132,8.804745579883731e-07,1.658450116134608,0.01559444959341303,0.5221223710295821
E00128,16.997371403418878,0.5296505268078987,0.025120702337970327,1.1935033722869148,0.00020345283743068818,8.884384761278288e-07,1.4260552728097158,-0.009385298175881783,0.504830733926323
E00129,111.58587044855044,0.2463759034281437,0.039460167438045986,1.475613423598443,0.0003054561617910986,2.606868813982148e-06,1.8548635493200585,0.016669481477762017,0.5225725402677344
E00130,68.89563293225801,0.35468740972516316,0.014910010747416684,0.8875271716946259,0.0001285518108085519,6.39861871884196e-07,1.213626860183322,0.10895338482164482,0.4861479972691739
E00131,109.51807755417414,0.15853586283066712,0.016500500763917687,1.10895024540842,0.000128462368494373,8.875897801788054e-07,1.4583063328645816,-0.07065317424695843,0.49183610419200985
E00132,116.16330840368545,0.6871148535094922,0.02660920334706287,1.4506116573724643,0.00036312289646084166,4.234079372877145e-06,2.5364895141835335,0.2135378517144987,0.4656065959952886
E00133,125.21518667329592,0.6634286825715078,0.02066755540036625,1.0842269988654243,0.0001245746281572392,1.4629485014983604e-06,1.5924684388582633,0.22834430134069036,0.4828623132510058
E00134,77.52649382987362,0.10157575813669925,0.016610001422730468,1.1829338308657897,0.0002707594535763469,2.7302954226975618e-06,1.5826739992627759,0.002534815510013678,0.5376654195247004
E00135,53.90998069032878,0.21591699271377102,0.0150002971961559,1.0018406632899879,0.00011505083952891456,1.4733026721059963e-06,1.2529394370935063,-0.0008948169946797861,0.5161419279010702
E00136,107.74581593686939,0.23161295942548976,0.10197809324999108,3.2575489585453687,0.0004852021820022964,4.527637329606983e-06,5.931567677924036,-0.054349647144429615,0.5398356708851564
E00137,101.27778409752248,0.07480457014491831,0.017004131799708885,1.085127825161694,0.00014045259102171372,6.833869524563782e-07,1.4279333386506319,-0.03420630698683272,0.5362487978301509
E00138,87.97499424277785,0.12616377143654503,0.014174511475432628,0.9774661997069403,0.0001372230168596181,6.432789689734191e-07,1.3597500022376847,0.007935115456043017,0.5197633655914882
E00139,42.82465719956483,0.6790606742657253,0.04760858511436435,1.5699283342389159,0.00017706913167334602,7.679042268164226e-06,2.0251104203738057,0.1758335047376794,0.47414930956312773
E00140,123.2105332171756,0.2152848447725384,0.011861265368303503,0.9045204660425397,0.00013231153037354654,8.713443312329761e-07,1.291825450714551,0.007459699446327874,0.5320000386182394
E00141,80.05811354652589,0.2438743398892427,0.021142171068432046,1.2406160542111115,0.0001407106314220466,2.9182641237246647e-06,1.9225599426027191,0.05507620334034692,0.5135174595050379
E00142,137.48866116842962,0.3875979783924566,0.044991218414282226,2.3996184664608564,0.0007064608602078166,6.788243811684025e-06,2.9159407971393514,-0.0010130134632685573,0.5317130385723194
E00143,66.67276804111721,0.11370401623622645,0.02465504704122615,1.057635835434782,0.00027841975678166437,6.996335100806404e-07,1.4212393617689016,0.0013368674304821606,0.5403941314060534
E00144,88.96087352228125,0.13033828650236076,0.05947313300971556,1.360160823182853,0.00024781859752549427,5.071103188879687e-06,1.7862680696931574,-0.009082137318087396,0.5241293232680159
E00145,100.33419959769002,0.0,0.021429193609206594,1.6982287384983472,0.0005766654646232371,6.9740964599965154e-06,2.0214263371267713,-0.0648171309840492,0.5819331266075335
E00146,150.59165558761637,0.34064317237463854,0.012605781402362343,1.4272667520298123,0.00033954114753037996,5.182830959122238e-06,1.6870972030191544,0.0007034206672154718,0.5337726859606865
E00147,36.403155807237745,0.314802864535511,0.018654560825954642,2.1371070882763394,0.00028504588068589063,1.552818694330162e-05,2.806991452223474,-0.012155097303006028,0.5525784269812041
E00148,86.07775463705708,0.026886375950534586,0.038980838315822434,1.283622004824273,0.00030226660164936475,4.564313859788043e-06,1.61795710570644,-0.04008214521673507,0.5520834643226907
E00149,39.36114277204789,0.12310875560415219,0.050445193251120034,1.5635402916499244,0.001083849624963825,1.6891812846619178e-05,2.0861982060640085,-0.10350171801885065,0.5660267640625154
E00150,26.743138702756585,0.4750008351779329,0.043226481939609096,1.3810846853068783,0.0007305046690884075,6.813049825611157e-06,1.789684120215326,0.0981227535638772,0.5613512768463524
E00151,111.27437073574839,0.25567566987312157,0.05133349168951979,1.2952956042009292,0.0010913825305407757,1.8631791762730352e-05,1.7104048363786057,0.07483670648797024,0.5445765530768336
E00152,97.72914647646417,0.22649182617428265,0.013253295710851452,1.037657513087777,0.0007416608351188752,2.8356613370480383e-06,1.3775094322136487,0.020751453635942614,0.5123314868249829
E00153,53.83461546772644,0.12238738202127078,0.017321126315304664,1.1233612153440689,0.00019811778611104793,2.919122812901183e-06,1.7805696750167541,-0.0378508934800025,0.5389399293286219
E00154,79.62666111877454,0.683708909735194,0.024151653229512855,1.573808010216719,0.0009329204164017057,5.414079045668992e-06,2.889273852238796,0.2950443744844123,0.4955173102810029
E00155,102.80617722941021,0.507090456986657,0.044071009729738174,1.8433665860131052,0.0008683403209070462,3.770818856006603e-05,3.239844382956939,0.15851232252418448,0.48120292627051797
E00156,76.5936631764863,0.07146275576746436,0.031362172616756695,1.1707203528442345,0.0002572431811684791,8.9750258831926e-06,1.5946567974108765,-0.017595264089329196,0.5357487760900753
E00157,90.34692584050963,0.0939102222723561,0.05400568785176971,1.6884166809828831,0.0004143714467021348,1.2087379746540118e-05,3.0087109898991535,0.0024332523143118737,0.556082786471479
E00158,91.92430041153368,0.5756624874409408,0.12449965288986717,2.1082657884970244,0.00028288438432318185,2.3706212787272072e-05,3.779660603887355,0.16257509233013312,0.4641360077599944
E00159,68.74453227686564,0.4403595858533575,0.026125192675415458,1.7527349490526203,0.0018394983930977973,1.8095656364642378e-05,1.5785792483013656,0.10365177200946185,0.4770493820649403
E00160,89.16253289361579,0.0,0.026012716501091552,1.0933552837072824,0.00023493613893035218,6.701059333165493e-06,1.588504476804318,-0.09627505871587008,0.5406065959952886
E00161,137.34062002474286,0.3641986548558772,0.04828537099272816,1.3892336023758378,0.0010001025329393358,1.8403800223890274e-05,1.9085986976159903,0.06651800996883543,0.5354478658365585
E00162,80.49573305626284,0.19954368038409775,0.05897115394081079,1.4436602772355571,0.000397680538352457,2.4003413445491402e-05,1.3992973954311698,0.04431736296406849,0.5303124783482298
E00163,65.36846929524785,0.3412857178711889,0.04944833608424869,2.666149273362144,0.0018831517638822992,6.946364813104964e-05,5.197295271632102,0.07137185780453491,0.5294954848841775
E00164,72.48778639591258,0.22314191136640688,0.05457167303802783,1.3079117282649784,0.0002094588103346684,3.925096757484458e-05,1.3883298753942488,-0.011132665379100645,0.4798923102810029
E00165,60.94116925123828,0.12550855839934186,0.06712966086330686,1.0621216556787305,0.001334090003096384,1.63417241834523e-05,1.2897340572305902,0.0032710030618148707,0.5444527498414424
E00166,31.919019547619495,0.5302933547066905,0.10551614999827874,1.4357803263241355,0.0009895295725860852,4.7798501373348504e-05,1.5979829249462312,0.06768180954061472,0.5038616295523355
E00167,27.153453758090688,0.4725366744397709,0.1469628275754082,1.6498348580778475,0.0032006291909950197,4.103312031104434e-05,1.610894616244636,0.006457514163988437,0.5192830665835239
E00168,67.5938486583236,0.0842252337492124,0.05352458472293591,1.043327302543472,0.0004812064521552929,1.1784556790398617e-05,1.4938523868904787,-0.047358180095179454,0.5136981990487237
E00169,56.273176994488395,0.0442615472864514,0.038556545055866226,1.1729559208520222,0.00039142387513756854,5.7843668723260875e-06,1.550748579969623,-0.007554858528843767,0.5633165196594108
E00170,76.07096014407138,0.4029372130240624,0.027399236936982894,1.8975377456111246,0.0031655449992447062,0.00016877207562853198,3.1092777086491377,0.10636636888610189,0.4960753459952886
E00171,18.672395703341312,0.5095691362645273,0.03736163140132666,1.2005719977429272,0.000315904287387162,4.501769221087882e-05,1.596891985201779,0.009782589764560201,0.5215121078063122
E00172,98.2997687794949,0.799926023039205,0.01402312166153943,2.1073500910956406,0.00031073830033732686,7.95350688205436e-05,3.9418901997145825,0.3043518032478849,0.4712517572856112
E00173,133.27549716748325,0.6080410178545617,0.031902055124419106,2.9738379125388517,0.007503571587586785,0.0001706872997770908,4.608489500529265,0.06112014252196138,0.48227326266195525
E00174,144.31853459285432,0.8454990608793735,0.02293926015797,3.281803964956139,0.0017638491778566548,0.00016566583098528753,6.004919966381269,0.1952285570898801,0.4977494531381457
E00175,79.68667366675228,0.034654614394732386,0.014689291620500674,1.0262581424615347,0.00037656738876563184,3.0166206313562726e-05,1.2501680100071384,-0.05317434776261725,0.5202362256249182
E00176,96.51905906554974,0.09126827860049572,0.027933208058026557,1.0560379557332107,0.0001529285516286949,2.9728903798426067e-05,1.377949597264638,-0.027936497961845407,0.5254105175639161
E00177,86.88778470840637,0.19055414367945075,0.07300882592267426,1.1977372199325047,0.0012052098641177225,3.066542289978904e-05,1.6022619557882858,0.04417105457254508,0.5254105175639161
E00178,60.595899832185125,0.0,0.0694243893669154,1.3025417536906725,0.0005353834438955326,0.00014520587383818384,1.884894332565623,-0.1022044556503732,0.5824382791636054
E00179,105.763926265564,0.0,0.039357776119614885,0.9938150484322761,0.0009470674830540052,7.348935392091761e-06,1.492743763382132,-0.09680653077504284,0.5666818648124929
E00180,97.46183337707282,0.23262517349831802,0.055733410137185246,1.6978870537607498,0.0040605648850531445,0.0003338858431182999,2.3093354257015,-0.020025665488773048,0.5129184239522778
E00181,100.43918917270622,0.5149697920587222,0.5483621678373307,4.785112210515211,0.008465419134657048,0.0009197809335297252,5.805482355005502,0.04995618991062458,0.5536500742561581
E00182,163.97790170753353,0.43410550425450883,0.12252474827468199,2.131009953740164,0.009704412290859572,0.0006871467441552424,2.929779566311457,0.031363048416830984,0.5732989036875963
E00183,55.94153257643397,0.038143020893861124,0.08007346991254004,1.3609623283801797,0.003183785825984105,6.63531323106358e-05,1.4532508362513799,-0.058681611492680384,0.5613812438826125
E00184,101.42928876240495,0.27359539110811587,0.04477508594954533,1.783542810195872,0.00020892005628501893,0.00028994053347035457,2.1276439220119,0.06831957746913739,0.5417259989803632
E00185,70.4734145222225,0.3617732378823738,0.1124952225115454,3.602199305661479,0.004143854279861775,0.0011215975108974563,4.490870520988324,0.03684829039044534,0.5348373652260578
E00186,105.6410137103355,0.16063139502575433,0.07950119567211428,1.186549671669073,0.0028168835571070125,0.00016695915162559668,1.6137598851920476,-0.025228204500476803,0.5195748499635425
E00187,85.2556748808589,0.05224421732583348,0.013139124184195126,0.6157041724468238,5.857493703754205e-05,3.5981291249199884e-07,0.7522241413869557,-0.02112463605864603,0.5291333866145107
E00188,78.10165782129448,0.037004017723628824,0.01407568141020234,0.5093017775382439,9.954177113734888e-05,3.6777683063145445e-07,0.5198292980620635,-0.04610438382794085,0.5118417495112516
E00189,145.1945380903044,0.27172268848919134,0.028415146510278003,0.7914118288497722,0.0002015450954977593,2.086207168485774e-06,0.9486375745724063,-0.020049604174297044,0.5295835558526629
E00190,59.7346115431112,0.28003141415255217,0.003864989819648698,0.20332557694595502,2.46407445152126e-05,1.1920022638782167e-07,0.30740088543566985,0.07223429916958575,0.49315901285410246
E00191,69.65057426904171,0.0,0.005455479836149703,0.424748650659749,2.4551302201033728e-05,3.6692813468243123e-07,0.5520803581169291,-0.1073722598990175,0.4988471197769384
E00192,41.22490482187782,0.6243799219840377,0.015564182419294886,0.7664100626237934,0.00025921183016750236,3.713417727380771e-06,1.6302635394358813,0.17681876606243965,0.47261761158021715
E00193,39.18786644398667,0.604881750145309,0.009622534472598268,0.40002540411675347,2.0663561863899924e-05,9.42286856001986e-07,0.6862424641106109,0.1916252156886313,0.4898733288359344
E00194,31.095090769651872,0.23852557866969437,0.005564980494962485,0.49873223611711887,0.00016684838728300762,2.2096337772011873e-06,0.6764480245151236,-0.034184270142045385,0.5446764351096289
E00195,59.16853756929018,0.06793852185725147,0.003955276268387914,0.317639068541317,1.1139773235575274e-05,9.52641026609622e-07,0.34671346234585393,-0.03761390264673885,0.5231529434859987
E00196,33.65628113369143,0.2726167066414949,0.09093307232222309,2.5733473637966977,0.0003812911157089571,4.006975684110609e-06,5.025341703176384,-0.09106873279648868,0.5468466864700849
E00197,32.37547559434389,0.1671753587666508,0.005959110871940899,0.400926230413023,3.654152472837443e-05,1.6272530696000392e-07,0.5217073639029794,-0.07092539263889178,0.5432598134150795
E00198,138.18586681944964,0.20709948607532946,0.003129490547664643,0.29326460495826934,3.331195056627883e-05,1.2261732347704488e-07,0.45352402749003246,-0.028783970196016046,0.5267743811764167
E00199,46.19502047550461,0.5589201880377418,0.03656356418659637,0.8857267394902449,7.315806538000673e-05,7.158380622667851e-06,1.1188844456261533,0.13911441908562033,0.4811603251480563
E00200,40.39028674522917,0.1420096634941443,0.0008162444405355179,0.22031887129386873,2.8400464080207273e-05,3.5068268573660183e-07,0.3855994759668988,-0.029259386205731187,0.539011054203168
E00201,47.54441551738481,0.2411953069472727,0.01009715014066406,0.5564144594624407,3.679956512870731e-05,2.3976024782282902e-06,1.0163339678550667,0.01835711768828786,0.5205284750899665
E00202,50.790940253108154,0.18936346992412836,0.03394619748651424,1.7154168717121856,0.0006025497939144772,6.267582166187651e-06,2.009714822391699,-0.03773209911532762,0.538724054157248
E00203,27.86395172964847,0.23289755063333373,0.013610026113458166,0.373434240686111,0.00017450869048832508,1.789718645842662e-07,0.5150133870212494,-0.0353822182215769,0.547405146990982
E00204,151.05039053364084,0.24014614734633905,0.048428112081947576,0.675959228434182,0.00014390753123215498,4.550441543383313e-06,0.8800420949455052,-0.04580122297014646,0.5311403388529444
E00205,46.36099494086972,0.0,0.010384172681438607,1.0140271437496762,0.0004727543983298978,6.453434814500141e-06,1.1152003623791191,-0.10153621663610828,0.588944142192462
E00206,116.07497460438316,0.08436258812699429,0.0015607604745943584,0.7430651572811414,0.00023563008123704066,4.662169313625864e-06,0.7808712282715022,-0.03601566498484359,0.5407837015456151
E00207,80.34372178823352,0.0,0.007609539898186656,1.4529054935276686,0.00018113481439255134,1.5007525297805244e-05,1.9007654774758216,-0.04887418295506509,0.5595894425661326
E00208,165.1670231869839,0.1512005483090017,0.027935817388054448,0.5994204100756021,0.00019835553535602546,4.043652214291669e-06,0.7117311309587877,-0.07680123086879413,0.5590944799076193
E00209,97.74567692103714,0.0,0.03940017232335205,0.8793386969012535,0.0009799385586704858,1.6371151201122806e-05,1.1799722313163563,-0.14022080367090972,0.573037779647444
E00210,67.39838546158028,0.10516585928687602,0.03218146101184111,0.6968830905582074,0.0006265936027950681,6.292388180114783e-06,0.8834581454676738,0.06140366791181813,0.568362292431281
E00211,32.80887150119466,0.31592647386856043,0.04028847076175181,0.6110940094522581,0.0009874714642474365,1.811113011723398e-05,0.8041788616309535,0.038117620835911165,0.5515875686617622
E00212,55.604386275695774,0.1158558386951454,0.002208274783083468,0.35345591833910617,0.0006377497688255359,2.3149996915516638e-06,0.4712834574659966,-0.015967632016116447,0.5193425024099114
E00213,140.11841896455434,0.12442659329472694,0.00627610538753668,0.4391596205953978,9.420671981770867e-05,2.3984611674048087e-06,0.8743437002691019,-0.07456997913206156,0.5459509449135505
E00214,41.22200426309524,0.6642179758183334,0.01310663230174487,0.889606415468048,0.0008290093501083664,4.893417400172618e-06,1.9830478774911438,0.25832528883235323,0.5025283258659314
E00215,16.107679598830977,0.7683035457074374,0.03302598880197019,1.1591649912644342,0.0007644292546137068,3.7187526914569656e-05,2.333618408209287,0.12179323687212541,0.48821394185544653
E00216,50.67787322029586,0.07463891021704677,0.02031715168898871,0.48651875809556344,0.00015333211487513984,8.454364237696225e-06,0.6884308226632243,-0.054314349741388254,0.5427597916750039
E00217,119.60731932454634,0.09123036296694004,0.042960666924001724,1.0042150862342123,0.00031046038040879553,1.1566718101043743e-05,2.1024850151515015,-0.03428583333774719,0.5630938020564076
E00218,132.01956454404367,0.6009320161026219,0.11345463196209918,1.4240641937483534,0.0001789733180298426,2.31855511417757e-05,2.8734346291397026,0.12585600667807406,0.471147023344923
E00219,47.54459309733536,0.43154483486473105,0.015080171747647475,1.0685333543039495,0.001735587326804458,1.7574994719146006e-05,0.6723532735537134,0.06693268635740278,0.48406039764986886
E00220,30.318243306875313,0.08304202358733331,0.014967695573323567,0.4091536889586116,0.0001310250726370129,6.180397687669119e-06,0.6822785020566657,-0.13299414436792914,0.5476176115802172
E00221,114.18646305219649,0.15304741825692136,0.037240350064960175,0.7050320076271669,0.0008961914666459964,1.7883138578393902e-05,1.0023727228683381,0.029798924316776363,0.542458881421487
E00222,50.93540404160437,0.17022935559300093,0.047926133013042806,0.7594586824868861,0.00029376947205911775,2.348275179999503e-05,0.49307142068351745,0.007598277312009429,0.5373234939331584
E00223,67.73180336802028,0.23734425217101354,0.038403315156480704,1.981947678613473,0.00177924069758896,6.894298648555326e-05,4.29106929688445,0.03465277215247585,0.5365065004691061
E00224,63.079400894184666,0.1469584032256697,0.04352665211025985,0.6237101335163076,0.00010554774404132913,3.87303059293482e-05,0.48210390064659653,-0.04785175103115971,0.48690332586593144
E00225,46.532477031388176,0.07086730814515707,0.05608463993553888,0.37792006093005964,0.0012301789368030448,1.5821062537955927e-05,0.38350808248293794,-0.03344808259024419,0.551463765426371
E00226,79.71477094538403,0.17175391923639277,0.09447112907051075,0.7515787315754646,0.0008856185062927458,4.727783972785213e-05,0.691756950198579,0.030962723888555647,0.510872645137264
E00227,64.71092694763436,0.10861983007869366,0.13591780664764022,0.9656332633291765,0.0030967181247016804,4.051245866554797e-05,0.7046686414969838,-0.030261571488070627,0.5262940821684524
E00228,72.5256959538415,0.0,0.04247956379516793,0.359125707794801,0.00037729538586195365,1.1263895144902242e-05,0.5876264121428263,-0.08407726574723852,0.5207092146336523
E00229,58.714247991959525,0.0,0.027511524128098243,0.4887543261033513,0.0002875128088442293,5.263705226829713e-06,0.6445226052219708,-0.04427394418090283,0.5703275352443393
E00230,51.53269884303052,0.4140011661465706,0.016354216009214908,1.2133361508624538,0.003061633932951367,0.0001682514139830356,2.2030517339014852,0.06964728323404282,0.5030863615802171
E00231,83.40935666154328,0.07138840814861791,0.026316610473558676,0.5163704029942564,0.00021199322109382272,4.4497030565382444e-05,0.6906660104541269,-0.026936495887498864,0.5285231233912407
E00232,21.91570829710711,0.9664239060295823,0.0029781007337714442,1.4231484963469698,0.00020682723404398756,7.901440717504722e-05,3.03566422496693,0.26763271759582585,0.47826277287053975
E00233,82.64603377655355,0.3568344805539222,0.02085703419665112,2.2896363177901806,0.007399660521293446,0.00017016663813159444,3.702263525781612,0.024401056869902318,0.4892842782468838
E00234,128.66083861495414,0.6557424194650643,0.011894239230202016,2.597602370207468,0.0016599381115633156,0.00016514516933979116,5.098693991633618,0.15850947143782104,0.5047604687230742
E00235,88.44014720431576,0.0,0.0036442706927326887,0.3420565477128638,0.0002726563224722926,2.9645544668066354e-05,0.3439420352594862,-0.08989343341467632,0.5272472412098468
E00236,18.4862379168276,0.3355031747117871,0.01688818713025857,0.37183636098453976,4.9017485335355626e-05,2.9208242152929695e-05,0.4717236225169858,-0.06465558361390447,0.5324215331488447
E00237,27.15006406489794,0.353823570030603,0.06196380499490627,0.5135356251838339,0.0011012987978243833,3.0144761254292667e-05,0.6960359810406334,0.0074519689204860205,0.5324215331488447
E00238,27.44850469715531,0.0003446505460434901,0.058379368439147414,0.6183401589420016,0.00043147237760219335,0.00014468521219268747,0.9786683578179709,-0.13892354130243226,0.5894492947485339
E00239,25.83752665012952,0.060015361540439405,0.028312755191846898,0.3096134536836052,0.0008431564167606659,6.828273746595387e-06,0.5865177886344799,-0.1335256164271019,0.5736928803974215
E00240,51.92324678562319,0.13392139396002312,0.04468838920941726,1.0136854590120787,0.003956653818759805,0.00033336518147280354,1.403109450953848,-0.05674475114083211,0.5199294395372064
E00241,147.2432382645925,0.5103492497454127,0.5373171469095627,4.100910615766541,0.008361508068363709,0.0009192602718842289,4.8992563802578495,0.01323710425856552,0.5606610898410866
E00242,89.92982070139912,0.010100991160491651,0.111479727346914,1.4468083589914928,0.009600501224566233,0.0006866260825097461,2.023553591563805,-0.005356037235228081,0.5803099192725248
E00243,141.8386871909161,0.06046298790161864,0.06902844898477205,0.6767607336315088,0.003079874759690766,6.583247066513942e-05,0.5470248615037276,-0.09540069714473945,0.568392259467541
E00244,18.493244316457776,0.4115730912434029,0.03373006502177735,1.0993412154472009,0.00010500898999167964,0.0002894198718248582,1.221417947264248,0.03160049181707833,0.5487370145652918
E00245,140.43936140294178,0.34200285082955983,0.1014502015837774,2.917997710912808,0.004039943213568435,0.00112107684925196,3.5846445462406717,0.00012920473838627655,0.5418483808109864
E00246,83.7829156586624,0.0,0.06845617474434629,0.5023480769204021,0.0027129724908136733,0.0001664384899801003,0.7075339104443954,-0.06194729015253586,0.5265858655484711
E00247,20.523879265673468,0.4948693767921497,0.027160827814562857,0.9335426700686047,0.00013910811595829604,4.966208866761601e-07,1.0437859437407464,-0.013400095762483962,0.49573991296532804
E00248,115.16409102158295,0.2515785764927013,0.04150029291463852,1.215652721380133,0.00024111144031870645,2.2150512245304797e-06,1.4725942202510893,0.01265468389115984,0.5134817193067394
E00249,72.14281119059785,0.3539404661530816,0.016950136224009215,0.6275664694763158,6.420708933615974e-05,2.4804428243252733e-07,0.8313575311143528,0.10493858723504264,0.4770571763081789
E00250,113.18520032115576,0.15729753854128323,0.01854062624051022,0.8489895431901098,6.411764702198087e-05,4.957721907271368e-07,1.0760370037956122,-0.07466797183356061,0.48274528323101484
E00251,117.09914290729309,0.6587789791174192,0.028649328823655403,1.1906509551541542,0.0002987781749884495,3.842261783425476e-06,2.154220185114564,0.2095230541278965,0.4565157750342936
E00252,124.24959915947603,0.6546320865356359,0.022707680876958784,0.8242662966471143,6.022990668484707e-05,1.0711309120466915e-06,1.210199109789294,0.22432950375408817,0.4737714922900108
E00253,78.621217607516,0.09067622543764525,0.018650126899323,0.9229731286474796,0.00020641473210395475,2.338477833245893e-06,1.2004046701938065,-0.0014799820765885015,0.5285745985637054
E00254,56.867301969280554,0.20186410511500516,0.01704042267274843,0.7418799610716778,5.070611805652242e-05,1.0814850826543275e-06,0.8706701080245369,-0.004909614581281966,0.5070511069400752
E00255,108.45021287994518,0.22754397559758696,0.10401821872658361,2.9975882563270586,0.0004208574605299042,4.135819740155315e-06,5.549298348855067,-0.05836444473103179,0.5307448499241614
E00256,102.20915440966236,0.07167668813872019,0.019044257276301414,0.8251671229433838,7.610786954932158e-05,2.915693630047096e-07,1.0456640095816625,-0.038221104573434896,0.5271579768691559
E00257,86.00758467627138,0.1298232374005501,0.01621463695202516,0.7175054974886301,7.287829538722598e-05,2.514613795217505e-07,0.9774806731687155,0.003920317869440837,0.5106725446304932
E00258,42.97356866432438,0.6678799243770764,0.049648710590956886,1.3099676320206057,0.00011272441020095388,7.2872246787125565e-06,1.6428410913048364,0.1718187071510772,0.4650584886021327
E00259,123.13902228894017,0.21097511946980071,0.013901390844896035,0.6445597638242295,6.796680890115443e-05,4.795267417813075e-07,0.9095561216455819,0.003444901859725695,0.5229092176572444
E00260,82.50859200252481,0.22786814814111503,0.023182296545024576,0.9806553519928014,7.636590994965445e-05,2.526446534272996e-06,1.5402906135337497,0.051061405753744744,0.5044266385440429
E00261,135.72653294696067,0.36801673412223623,0.04703134389087476,2.1396577642425463,0.0006421161387354244,6.396426222232356e-06,2.533671468070382,-0.005027811049870737,0.5226222176113244
E00262,66.97202336420598,0.09104537366367219,0.02669517251781868,0.7976751332164718,0.00021407503530927223,3.078159206289718e-07,1.0389700326999325,-0.002677930156120019,0.5313033104450584
E00263,92.47137977117671,0.1145172484756978,0.06151325848630809,1.100200120964543,0.00018347387605310213,4.679285599428019e-06,1.4039987406241883,-0.013096934904689574,0.5150385023070209
E00264,102.50875789265596,0.0,0.023469319085799124,1.438268036280037,0.0005123207431508449,6.582278870544847e-06,1.639157008057802,-0.06883192857065139,0.5728423056465385
E00265,148.63476565495773,0.3478594177832328,0.014645906878954874,1.1673060498115022,0.00027519642605798784,4.79101336967057e-06,1.304827873950185,-0.003311376919386708,0.5246818649996915
E00266,40.70365779897457,0.26600693509539436,0.02069468630254717,1.8771463860580293,0.0002207011592134985,1.513636935384995e-05,2.4247221231545044,-0.016169894889608207,0.5434876060202091
E00267,88.55648904519008,0.028599514670246406,0.04102096379241496,1.0236613026059629,0.0002379218801769726,4.172496270336374e-06,1.2356877766374708,-0.044096942803337244,0.5429926433616957
E00268,44.226350819961546,0.05862595307184748,0.05248531872771257,1.3035795894316142,0.001019504903491433,1.649999525716751e-05,1.7039288769950391,-0.10751651560545283,0.5569359431015204
E00269,29.08282939821839,0.46265114427812865,0.04526660741620163,1.1211239830885682,0.0006661599476160153,6.421232236159489e-06,1.4074147911463566,0.09410795597727502,0.5522604558853574
E00270,111.58978614315039,0.26294565750552157,0.053373617166112323,1.035334901982619,0.0010270378090683836,1.8239974173278686e-05,1.3281355073096366,0.07082190890136805,0.5354857321158386
E00271,100.64357869384764,0.2047962258032936,0.015293421187443985,0.777696810869467,0.000677316113646483,2.4438437475963694e-06,0.9952401031446796,0.016736656049340437,0.5032406658639879
E00272,55.91662679227934,0.09900892450446414,0.019361251791897197,0.8634005131257586,0.00013377306463865582,2.5273052234495144e-06,1.398300345947785,-0.04186569106660468,0.5298491083676269
E00273,81.58887898021503,0.6520987100271745,0.02619177870610539,1.3138473079984088,0.0008685756949293135,5.022261456217323e-06,2.507004523169827,0.2910295768978101,0.48642648932000787
E00274,101.25017982351268,0.526036000552397,0.04611113520633071,1.583405883794795,0.000803995599434654,3.731637097061436e-05,2.85757505388797,0.1544975249375823,0.47211210530952297
E00275,79.25881970782339,0.0783468862013019,0.03340229809334923,0.9107596506259242,0.00019289845969608696,8.58320829374093e-06,1.2123874683419071,-0.021610061675931373,0.5266579551290803
E00276,87.04089527427128,0.08090259129255561,0.05604581332836224,1.428455978764573,0.00035002672522974266,1.1695562157088448e-05,2.6264416608301846,-0.001581545272290306,0.546991965510484
E00277,96.35202517739835,0.5715724663615293,0.1265397783664597,1.8483050862787143,0.00021853966285078974,2.3314395197820406e-05,3.3973912748183857,0.15856029474353092,0.4550451867989994
E00278,71.07247978667263,0.43773475116395555,0.02816531815200799,1.4927742468343101,0.0017751536716254053,1.770383877519071e-05,1.1963099192323963,0.09963697442285967,0.4679585611039453
E00279,90.23405586562829,0.0,0.02805284197768408,0.8333945814889724,0.00017059141745796004,6.309241743713824e-06,1.2062351477353488,-0.10028985630247227,0.5315157750342936
E00280,134.11797274510224,0.3378959429603354,0.05032549646932069,1.1292729001575277,0.0009357578114669436,1.8011982634438608e-05,1.526329368547021,0.06250321238223325,0.5263570448755635
E00281,83.19471429597553,0.19375571841707634,0.06101127941740332,1.183699575017247,0.00033333581688006487,2.3611595856039736e-05,1.0170280663622004,0.040302565377466314,0.5212216573872348
E00282,69.10191646635484,0.34263338259829024,0.05148846156084122,2.4061885711438338,0.0018188070424099072,6.907183054159797e-05,4.815025942563133,0.06735706021793272,0.5204046639231825
E00283,75.97270874021882,0.22643035351310387,0.056611798514620365,1.0479510260466682,0.00014511408886227627,3.885914998539291e-05,1.0060605463252794,-0.015147462965702824,0.47080148932000787
E00284,62.960156543422926,0.10576898892788755,0.0691697863398994,0.8021609534604204,0.001269745281623992,1.5949906594000632e-05,0.9074647281616209,-0.000743794524787309,0.5353619288804474
E00285,36.1368060306397,0.48870353928562826,0.10755627547487127,1.1758196241058254,0.000925184851113693,4.7406683783896834e-05,1.215713595877262,0.06366701195401253,0.49477080859134054
E00286,28.910267700874225,0.43436945276513617,0.14900295305200073,1.3898741558595373,0.0031362844695226274,4.064130272159267e-05,1.2286252871756669,0.002442716577386257,0.5101922456225289
E00287,71.60106552963995,0.052167859341835265,0.055564710199528446,0.7833666003251618,0.0004168617306829008,1.1392739200946947e-05,1.1115830578215093,-0.05137297768178163,0.5046073780877287
E00288,59.25245428826704,0.0784513602704408,0.04059667053245876,0.912995218633712,0.0003270791536651764,5.392549282874419e-06,1.1684792509006536,-0.011569656115445946,0.5542256986984158
E00289,78.79518497957278,0.3985397067009647,0.029439362413575424,1.6375770433928145,0.003101200277772314,0.0001683802580390803,2.7270083795801683,0.1023515712994997,0.48698452503429357
E00290,23.063919612084682,0.4530784137145492,0.03940175687791919,0.9406112955246171,0.00025155956591476985,4.462587462142715e-05,1.2146226561328097,0.005767792177958021,0.5124212868453172
E00291,98.3638150601652,0.7754629729494533,0.01606324713813196,1.8473893888773305,0.00024639357886493474,7.914325123109193e-05,3.559620870645613,0.30033700566128274,0.4621609363246162
E00292,137.3966066698033,0.6553211577786949,0.03394218060101163,2.7138772103205415,0.007439226866114393,0.00017029548218763912,4.226220171460295,0.0571053449353592,0.47318244170096024
E00293,144.9322362673221,0.8231789371371004,0.024979385634562534,3.021843262737829,0.0016995044563842627,0.00016527401339583585,5.622650637312301,0.1912137595032779,0.4886586321771507
E00294,75.02584279035996,0.05299569614565705,0.016729417097093205,0.7662974402432245,0.00031222266729323973,2.977438872411106e-05,0.8678986809381692,-0.05718914534921943,0.5111454046639232
E00295,96.33896759047663,0.0993336024133285,0.029973333534619086,0.7960772535149006,8.858383015630277e-05,2.93370862089744e-05,0.9956802681956688,-0.031951295548447584,0.5163196966029211
E00296,87.71364488785308,0.19460198311185922,0.07504895139926679,0.9377765177141946,0.0011408651426453305,3.0273605310337373e-05,1.2199926267193164,0.040156256985942905,0.5163196966029211
E00297,58.52593189605224,0.0,0.07146451484350794,1.0425810514723624,0.00047103872242314047,0.00014481405624873215,1.5026250034966537,-0.10621925323697538,0.5733474582026103
E00298,105.71409660074848,0.0,0.04139790159620742,0.733854346213966,0.000882722761581613,6.9571178026400925e-06,1.110474434313163,-0.10082132836164502,0.5575910438514979
E00299,100.11709633266487,0.20589743207625755,0.05777353561377778,1.4379263515424396,0.003996220163580752,0.0003334940255288483,1.9270660966325308,-0.02404046307537523,0.5038276029912828
E00300,99.17145603935597,0.44456885888430253,0.5504022933139232,4.525151508296901,0.008401074413184656,0.0009193891159402736,5.4232130259365325,0.045941392324022404,0.5445592532951631
E00301,167.9865745781938,0.3565947787294702,0.12456487375127452,1.8710492515218538,0.00964006756938718,0.0006867549265657908,2.5475102372424883,0.027348250830228803,0.5642080827266013
E00302,56.85582829245474,0.09461589593178171,0.08211359538913257,1.1010016261618696,0.003119441104511713,6.596131472118413e-05,1.0709815071824105,-0.06269640907928256,0.5522904229216175
E00303,100.85605609525558,0.274268892228366,0.046815211426137864,1.5235821079775618,0.0001445753348126268,0.00028954871588090294,1.7453745929429307,0.0643047798825352,0.5326351780193682
E00304,69.25559603348556,0.3415959019249595,0.11453534798813793,3.342238603443169,0.004079509558389383,0.0011212056933080047,4.108601191919355,0.03283349280384316,0.5257465442650628
E00305,110.04189561817674,0.1467112166480053,0.08154132114870681,0.9265889694507629,0.00275253883563462,0.000166567334036145,1.2314905561230782,-0.02924300208707898,0.5104840290025475
E00306,110.81289769244948,0.23081809982236398,0.04243685014064573,1.109250326471553,0.0002820782744185133,2.223015142669935e-06,1.240199376926197,-0.012325063878134975,0.4961900822034803
E00307,51.89826579050924,0.4449653118349588,0.01788669345001643,0.5211640745677358,0.00010517392343596659,2.5600820057198294e-07,0.5989626877894605,0.07995883946574782,0.4597655392049198
E00308,92.68518448959426,0.08414185723124704,0.019477183466517434,0.7425871482815298,0.00010508448112178771,5.037361088665925e-07,0.8436421604707198,-0.09964771960285543,0.46545364612775575
E00309,101.07530662221801,0.6078300610047411,0.029585886049662617,1.0842485602455743,0.0003397450090882563,3.850225701564932e-06,1.921825341789672,0.18454330635860172,0.4392241379310345
E00310,113.6537766795418,0.5998773824307209,0.023644238102966,0.7178639017385342,0.00010119674078465391,1.0790948301861472e-06,0.9778042664644016,0.19934975598479338,0.4564798551867517
E00311,62.81850047078635,0.14277696443281743,0.019586684125330215,0.8165707337388997,0.0002473815662037616,2.3464417513853484e-06,0.9680098268689143,-0.026459729845883316,0.5112829614604462
E00312,37.00427722034219,0.3322453566872177,0.017976979898755643,0.6354775661630978,9.167295215632926e-05,1.0894490007937831e-06,0.6382752646996446,-0.02988936235057678,0.48975946983681606
E00313,93.19340958870006,0.1702482307295199,0.10495477595259083,2.8911858614184784,0.00046182429462971104,4.14378365829477e-06,5.316903505530174,-0.08334419250032661,0.5134532128209024
E00314,86.44706638844148,0.0037554061345584366,0.019980814502308628,0.7187647280348037,0.00011707470364912841,2.995332811441652e-07,0.8132691662567701,-0.06320085234272971,0.5098663397658969
E00315,104.19140337559095,0.15028818177969588,0.017151194178032375,0.6111031025800502,0.00011384512948703281,2.594252976612061e-07,0.7450858298438232,-0.021059429899853977,0.493380907527234
E00316,31.915565087051014,0.7810525097868466,0.0505852678169641,1.2035652371120258,0.0001536912443007607,7.295188596852012e-06,1.410446247979944,0.1468389593817824,0.44776685149887363
E00317,109.74115227284673,0.1686228114847231,0.014837948070903249,0.5381573689156496,0.00010893364300096125,4.87490659920763e-07,0.6771612783206895,-0.02153484590956912,0.5056175805539853
E00318,63.42119984429961,0.2666927364363853,0.02411885377103179,0.8742529570842215,0.00011733274404946129,2.5344104524124513e-06,1.3078957702088574,0.02608165798444993,0.4871350014407838
E00319,127.32083375822468,0.3367906783819954,0.04796790111688197,2.0332553693339666,0.0006830829728352312,6.404390140371812e-06,2.3012766247454897,-0.03000755881916555,0.5053305805080652
E00320,53.98322674319893,0.14578317719416634,0.027631729743825897,0.6912727383078918,0.0002550418694090791,3.157798387684275e-07,0.8065751893750401,-0.027657677925414834,0.5140116733417994
E00321,89.76233275867794,0.13675514548891016,0.06244981571231531,0.9937977260559627,0.00022444071015290898,4.687249517567474e-06,1.171603897299296,-0.03807668267398439,0.49774686520376177
E00322,83.84817972231254,0.0,0.024405876311806338,1.331865641371457,0.0005532875772506518,6.5902427886843025e-06,1.4067621647329098,-0.0938116763399462,0.5555506685432794
E00323,165.18073825289414,0.3981971114470885,0.015582464104962088,1.0609036549029223,0.00031616326015779467,4.798977287810025e-06,1.072433030625293,-0.028291124688681522,0.5073902278964324
E00324,21.03635746823963,0.4467915289610087,0.021631243528554386,1.7707439911494494,0.00026166799331330535,1.5144333271989407e-05,2.192327279829612,-0.04114964265890302,0.52619596891695
E00325,91.48620175239215,0.018540381250745558,0.04195752101842218,0.9172589076973829,0.00027888871427677946,4.18046018847583e-06,1.0032929333125784,-0.06907669057263206,0.5257010062584366
E00326,30.20171752788187,0.15886126731481925,0.05342187595371978,1.1971771945230343,0.0010604717375912397,1.6507959175306966e-05,1.471534033670147,-0.13249626337474765,0.5396443059982614
E00327,11.458329908934052,0.5897952963666774,0.04620316464220885,1.0147215881799883,0.0007071267817158222,6.429196154298944e-06,1.1750199478214645,0.0691282082079802,0.5349688187820982
E00328,97.3657478345978,0.19509375558465497,0.054310174392119534,0.9289325070740388,0.0010680046431681906,1.824793809141814e-05,1.0957406639847442,0.045842161132073234,0.5181940950125795
E00329,80.77573861489358,0.17337227790047557,0.0162299784134512,0.6712944159608869,0.0007182829477462899,2.451807665735825e-06,0.7628452598197872,-0.008243091719954378,0.48594902876072876
E00330,62.31635769926188,0.06841307386649739,0.02029780901790441,0.7569981182171786,0.00017473989873846265,2.53526914158897e-06,1.1659055026228926,-0.0668454388358995,0.5125574712643678
E00331,63.51745947682148,0.6864386504540034,0.0271283359321126,1.2074449130898288,0.0009095425290291204,5.030225374356779e-06,2.2746096798449345,0.26604982912851527,0.4691348522167488
E00332,93.82958015045607,0.5037273723662349,0.04704769243233792,1.477003488886215,0.0008449624335344608,3.732433488875382e-05,2.6251802105630775,0.1295177771682875,0.4548204682062639
E00333,59.80253234596196,0.12254012564006686,0.03433885531935644,0.8043572557173442,0.0002338652937958938,8.591172211880388e-06,0.979992625017015,-0.046589809445226185,0.5093663180258212
E00334,107.33758132348689,0.12284737426704131,0.05698237055436946,1.322053583855993,0.0003909935593295495,1.1703526075227905e-05,2.3940468175052922,-0.02656129304158512,0.529700328407225
E00335,87.00275873066923,0.57820830069752,0.1274763355924669,1.741902691370134,0.00025950649695059656,2.332235911595986e-05,3.1649964314934933,0.13358054697423613,0.4377535496957403
E00336,52.290631184180526,0.5145253507408607,0.029101875378015205,1.3863718519257302,0.0018161205057252122,1.7711802693330167e-05,0.9639150759075041,0.07465722665356485,0.4506669240006862
E00337,74.29000614417396,0.0,0.0289893992036913,0.7269921865803923,0.00021155825155776687,6.31720566185328e-06,0.9738403044104564,-0.12526960407176707,0.5142241379310345
E00338,154.32674039683226,0.4523339767361078,0.05126205369532791,1.0228705052489477,0.0009767246455667504,1.8019946552578063e-05,1.2939345252221288,0.03752346461293843,0.5090654077723042
E00339,63.67144701317582,0.23002016580257897,0.06194783664341054,1.0772971801086668,0.0003743026509798717,2.361955977417919e-05,0.7846332230373081,0.015322817608171498,0.5039300202839756
E00340,48.578735704820616,0.4394068468627746,0.05242501878684844,2.299786176235254,0.001859773876509714,6.907979445973742e-05,4.58263109923824,0.04237731244863792,0.5031130268199233
E00341,55.53772266017644,0.33092369854439696,0.05754835574062758,0.9415486311380883,0.0001860809229620831,3.8867113903532364e-05,0.7736657030003873,-0.04012721073499764,0.4535098522167488
E00342,44.958147650409096,0.21822560023274595,0.07010634356590661,0.6957585585518404,0.001310712115723799,1.5957870512140087e-05,0.6750698848367287,-0.025723542294082122,0.5180702917771883
E00343,16.354667845589162,0.6959137788748015,0.10849283270087849,1.0694172291972455,0.0009661516852134998,4.741464770203629e-05,0.9833187525523697,0.03868726418471771,0.47747917148808144
E00344,13.492461003292176,0.5924067570523924,0.14993951027800795,1.2834717609509574,0.0031772513036224343,4.064926663973213e-05,0.9962304438507745,-0.022537031191908558,0.49290060851926976
E00345,51.161728518934375,0.16457390405943523,0.056501267425535656,0.6769642054165819,0.0004578285647827076,1.1400703119086404e-05,0.879188214496617,-0.07635272545107645,0.4873157409844696
E00346,39.350488689812856,0.23623257493859917,0.041533227758465976,0.8065928237251321,0.00036804598776498325,5.4005132010138745e-06,0.9360844075757615,-0.03654940388474076,0.5369340615951566
E00347,59.24244554440275,0.4303994301045829,0.030375919639582638,1.5311746484842346,0.003142167111872121,0.00016838822195721975,2.494613536255276,0.07737182353020489,0.4696928879310345
E00348,6.413283532420901,0.571009036156423,0.04033831410392641,0.8342089006160371,0.0002925264000145767,4.4633838539566605e-05,0.9822278128079176,-0.019211955591336795,0.4951296497420581
E00349,85.23117112736978,0.7140793204682652,0.016999804364139174,1.7409869939687506,0.00028736041296474157,7.915121514923139e-05,3.327226027320721,0.2753572578919879,0.4448692992213571
E00350,116.93933879819433,0.5407128510185744,0.03487873782701885,2.6074748154119614,0.0074801937002141996,0.00017030344610577858,3.9938253281354026,0.03212559716606439,0.45589080459770115
E00351,151.893833123216,0.8611170473343608,0.025915942860569745,2.9154408678292487,0.0017404712904840697,0.0001652819773139753,5.390255793987408,0.1662340117339831,0.4713669950738916
E00352,94.13604408404669,0.0720639673833875,0.01766597432310042,0.6598950453346446,0.00035318950139304656,2.9782352642250515e-05,0.6355038376132769,-0.08216889311851425,0.4938537675606641
E00353,84.05598479215416,0.07217987797945427,0.0309098907606263,0.6896748586063206,0.00012955066425610962,2.9345050127113856e-05,0.7632854248707766,-0.0569310433177424,0.49902805949966195
E00354,72.5074871361143,0.15815515621931772,0.075985508625274,0.8313741228056146,0.0011818319767451374,3.0281569228476828e-05,0.9875977833944241,0.01517650921664809,0.49902805949966195
E00355,55.51344637310413,0.0,0.07240107206951514,0.9361786565637824,0.0005120055565229474,0.0001448220201668716,1.2702301601717616,-0.1311990010062702,0.5560558210993514
E00356,92.74674596636292,0.0,0.04233445882221463,0.627451951305386,0.0009236895956814199,6.965081720779548e-06,0.8780795909882706,-0.12580107613093983,0.5402994067482387
E00357,80.6228738110623,0.13141393837535645,0.058710092839785,1.3315239566338595,0.004037186997680559,0.0003335019894469877,1.6946712533076387,-0.049020210844670044,0.4865359658880237
E00358,115.4960857141727,0.470976141377633,0.5513388505399305,4.418749113388321,0.008442041247284463,0.000919397079858413,5.19081818261164,0.02096164455472759,0.5272676161919041
E00359,147.46614150740558,0.33571378443792244,0.12550143097728172,1.7646468566132736,0.009681034403486987,0.0006867628904839302,2.315115393917596,0.002368503060933988,0.5469164456233422
E00360,67.57852246619494,0.013101188849688528,0.08305015261513979,0.9945992312532896,0.0031604079386115197,6.596927863932359e-05,0.8385866638575183,-0.08767615684857738,0.5349987858183585
E00361,89.77089684603254,0.23725384566565239,0.047751768652145074,1.4171797130689816,0.00018554216891243362,0.00028955667979904237,1.5129797496180386,0.0393250321132404,0.5153435409161091
E00362,85.88392823094581,0.291282009239806,0.11547190521414515,3.2358362085345886,0.004120476392489189,0.0011212136572261442,3.8762063485944624,0.007853745034548346,0.5084549071618036
E00363,90.01846591568263,0.12604923132624118,0.08247787837471403,0.8201865745421828,0.002793505669734427,0.00016657529795428445,0.9990957127981861,-0.05422274985637379,0.49319239189928843
E00364,98.28987646155761,0.37736572356881753,0.03222615855009209,0.8032741258792642,0.00020717724779637702,1.9744385384263023e-06,1.0277709642998034,0.10601361911939162,0.47750734554633123
E00365,76.2384281533657,0.10408200437052031,0.0338166485665931,1.0246971995930583,0.00020708780548219814,2.222166446720912e-06,1.2724504369810625,-0.07359293994921162,0.4831954524691672
E00366,104.54988658031596,0.6489628878967002,0.04392535114973828,1.3663586115571027,0.00044174833344866674,5.568656039419252e-06,2.350633618300015,0.2105980860122455,0.45696594427244586
E00367,112.61059150739607,0.6240636833319934,0.03798370320304166,0.9999739530500626,0.00020320006514506434,2.7975251680404667e-06,1.4066125429747443,0.22540453563843715,0.47422166152816314
E00368,121.75332076142729,0.2142351407654567,0.03392614922540588,1.098680785050428,0.000349384890564172,4.0648720892396685e-06,1.396818103379257,-0.00040495019223951365,0.5290247678018576
E00369,107.10131847356148,0.2068312820506876,0.03231644499883131,0.9175876174746261,0.00019367627651673967,2.8078793386481027e-06,1.0670835412099873,-0.003834582696932978,0.5075012761782274
E00370,111.62246457747342,0.2632803667496515,0.11929424105266648,3.1732959127300067,0.0005638276189901215,5.8622139961490896e-06,5.745711782040517,-0.057289412846682805,0.5311950191623137
E00371,112.96461661322853,0.1200549345991419,0.03432027960238429,1.0008747793463322,0.00021907802800953885,2.017963618998485e-06,1.2420774427671128,-0.03714607268908591,0.5276081461073082
E00372,74.06975648288928,0.1264989328406705,0.031490659278108034,0.8932131538915785,0.00021584845384744323,1.9778556355155257e-06,1.173894106354166,0.004995349753789825,0.5111227138686454
E00373,134.39671018904954,0.6862492592736296,0.06492473291703976,1.485675288423554,0.00025569456866117115,9.013618934706333e-06,1.8392545244902867,0.1728937390354262,0.46550865784028506
E00374,108.12974801685017,0.149150094883018,0.02917741317097891,0.8202674202271779,0.00021093696736137167,2.2059209977750828e-06,1.1059695548310322,0.004519933744074682,0.5233593868953967
E00375,104.77800194119531,0.2626313789446411,0.038458318871107455,1.15636300839575,0.00021933606840987172,4.2528407902667715e-06,1.7367040467192,0.05213643763809373,0.5048768077821951
E00376,106.08992034866263,0.2506872500095022,0.062307366216957635,2.3153654206454948,0.0007850862971956416,8.122820478226133e-06,2.7300849012558324,-0.003952779165521749,0.5230723868494767
E00377,133.52545650279404,0.25825155970072894,0.041971194843901556,0.9733827896194202,0.0003570451937694895,2.034210176622747e-06,1.2353834658853828,-0.0016028982717710312,0.5317534796832107
E00378,22.697165536366956,0.46746802637023666,0.07678928081239098,1.2759077773674912,0.0003264440345133194,6.405679855421793e-06,1.6004121738096386,-0.012021903020340587,0.5154886715451732
E00379,99.83467842792182,0.0,0.038745341411882,1.6139756926829854,0.0006552909016110622,8.308673126538621e-06,1.8355704412432525,-0.0677568966863024,0.5732924748846908
E00380,60.49392900877731,0.17826380554346072,0.02992192920503775,1.3430137062144505,0.0004181665845182051,6.5174076256643445e-06,1.5012413071356356,-0.00223634503503772,0.5251320342378438
E00381,96.87085966583587,0.1408810727967874,0.03597070862863005,2.052854042460978,0.00036367131767371576,1.6862763609843725e-05,2.621135556339955,-0.01509486300525922,0.5439377752583614
E00382,30.73932431874974,0.28755952132467166,0.056296986118497844,1.1993689590089112,0.0003808920386371899,5.89889052633015e-06,1.432101209822921,-0.04302191091898826,0.5434428125998481
E00383,81.58611331881981,0.0,0.06776134105379544,1.4792872458345627,0.0011624750619516502,1.8226389513161286e-05,1.9003423101804897,-0.10644148372110385,0.5573861123396727
E00384,116.96222522973251,0.2929763699365093,0.060542629742284505,1.2968316394915167,0.0008091301060762326,8.147626492153264e-06,1.6038282243318072,0.095182987861624,0.5527106251235097
E00385,113.05776716801024,0.2894609566063344,0.0686496394921952,1.2110425583855673,0.001170007967528601,1.996636842927246e-05,1.524548940495087,0.07189694078571704,0.5359359013539908
E00386,91.6566153393607,0.18724584922813292,0.03056944351352686,0.9534044672724153,0.0008202862721067003,4.170238003590144e-06,1.1916535363301302,0.017811687933689424,0.5036908351021402
E00387,62.14322962278889,0.08613500364998405,0.03463727411798007,1.039108169528707,0.00027674322309887306,4.2536994794432896e-06,1.5947137791332353,-0.04079065918225569,0.5302992776057791
E00388,110.9509076759856,0.7159652931543397,0.041467801032188265,1.489554964401357,0.001011545853389531,6.748655712211099e-06,2.703417956355277,0.2921046087821591,0.4868766585581601
E00389,134.8009393890622,0.7042485623973831,0.06138715753241358,1.7591135401977434,0.0009469657578948712,3.9042765226608136e-05,3.05398848707342,0.15557255682193127,0.4725622745476752
E00390,103.30571309216893,0.11514515392867519,0.0486783204194321,1.0864673070288726,0.00033586861815630426,1.0309602549734706e-05,1.4088009015273577,-0.020535029791582386,0.5271081243672326
E00391,90.661917406685,0.11651394241876065,0.07132183565444511,1.6041636351675215,0.00049299688368996,1.3421956413082225e-05,2.822855094015635,-0.0005065133879413181,0.5474421347486363
E00392,26.031707523252397,0.8708084944619541,0.14181580069254257,2.0240127426816628,0.00036150982131100704,2.504078945381418e-05,3.5938047080038364,0.15963532662787994,0.45549535603715174
E00393,110.23136317421822,0.4959115363307243,0.04344134047809087,1.6684819032372586,0.0019181238300856225,1.9430233031184486e-05,1.3927233524178468,0.10071200630720865,0.4684087303420976
E00394,117.38560720798918,0.05333282918059984,0.04332886430376696,1.0091022378919208,0.0003135615759181773,8.0356359997076e-06,1.4026485809207991,-0.09921482441812328,0.5319659442724458
E00395,72.7163480984493,0.2453962132776697,0.06560151879540357,1.304980556560476,0.001078727969927161,1.9738376890432383e-05,1.7227428017324715,0.06357824426658223,0.5268072141137157
E00396,101.40560497828268,0.220460060695098,0.07628730174348619,1.3594072314201953,0.00047630597534028217,2.533799011203351e-05,1.2134414995476508,0.0413775972618153,0.521671826625387
E00397,92.49960959397484,0.35379977139386426,0.0667644838869241,2.5818962275467823,0.0019617772008701244,7.079822479759174e-05,5.011439375748583,0.06843209210228171,0.5208548331613347
E00398,93.44832752154545,0.23599634073549505,0.07188782084070325,1.2236586824496167,0.0002880842473224935,4.0585544241386684e-05,1.20247397951073,-0.014072431081353837,0.4712516585581601
E00399,116.02173827083948,0.16654688961813788,0.08444580866598228,0.9778686098633689,0.0014127154400842092,1.7676300849994407e-05,1.1038781613470714,0.0003312373595616789,0.5358120981185996
E00400,100.06129686170372,0.32226337435685953,0.12283229780095414,1.351527280508774,0.0010681550095739103,4.913307803989061e-05,1.4121270290627126,0.06474204383836152,0.4952209778294928
E00401,120.51140555306705,0.2826008883472896,0.1642789753780836,1.5655818122624856,0.0032792546279828447,4.236769697758645e-05,1.4250387203611172,0.003517748461735245,0.5106424148606812
E00402,87.01003969857553,0.08140094056779518,0.07084073252561132,0.9590742567281102,0.0005598318891431181,1.3119133456940724e-05,1.3079964910069597,-0.050297945797432644,0.5050575473258809
E00403,106.13211386681624,0.07126906345230216,0.055872692858541635,1.0887028750366605,0.0004700493121253937,7.118943538868194e-06,1.3648926840861042,-0.010494624231096959,0.554675867936568
E00404,102.72707026613728,0.483488487389316,0.044715384739658304,1.813284699795763,0.003244170436232531,0.00017010665229507408,2.9234218127656186,0.10342660318384869,0.48743469427244585
E00405,104.40005609401145,0.19809699047392648,0.05467777920400207,1.1163189519275656,0.0003945297243749871,4.6352268877420924e-05,1.4110360893182603,0.0068428240623070085,0.5128714560834695
E00406,123.28990634637874,0.8651712791346822,0.031339269464214836,2.023097045280279,0.000389363737325152,8.08696454870857e-05,3.756034303831064,0.30141203754563173,0.4626111055627684
E00407,63.1191303971708,0.47486362945151306,0.049218202927094515,2.8895848667234896,0.00758219702457461,0.0001720218764436329,4.422633604645745,0.05818037681970819,0.4736326109391125
E00408,43.136959204132616,0.7955876693697856,0.04025540796064541,3.1975509191407774,0.00184247461484448,0.00016700040765182963,5.819064070497751,0.1922887913876269,0.489108801415303
E00409,122.92550536404542,0.17209783967959366,0.03200543942317608,0.9420050966461729,0.00045519282575345703,3.150078298010483e-05,1.0643121141236196,-0.05611411346487044,0.5115955739020754
E00410,126.71792193449338,0.1836016936016095,0.04524935586070196,0.9717849099178489,0.00023155398861652004,3.1063480464968176e-05,1.1920937013811193,-0.030876263664098597,0.5167698658410733
E00411,121.08995425503076,0.29106608170618903,0.09032497372534967,1.113484174117143,0.0012838353011055477,3.1999999566331144e-05,1.4164060599047668,0.04123128887029189,0.5167698658410733
E00412,159.056594836654,0.09727568986923546,0.0867405371695908,1.2182887078753106,0.0006140088808833578,0.00014654045050472593,1.6990384366821043,-0.1051442213526264,0.5737976274407627
E00413,119.82612185040003,0.0,0.05667392392229029,0.9095620026169143,0.0010256929200418304,8.683512058633869e-06,1.3068878674986133,-0.09974629647729603,0.5580412130896502
E00414,95.17093578815928,0.2008156030010808,0.07304955793986065,1.613634007945388,0.0041391903220409695,0.00033522041978484204,2.123479529817981,-0.02296543119102624,0.5042777722294352
E00415,60.92957912308966,0.4574791392570911,0.5656783156400061,4.70085916469985,0.008544044571644873,0.0009211155101962674,5.619626459121982,0.04701642420837139,0.5450094225333154
E00416,64.16362903207363,0.1470171474426582,0.1398408960773574,2.0467569079248022,0.009783037727847397,0.0006884813208217846,2.7439236704279386,0.02842328271457779,0.5646582519647536
E00417,66.77406310666056,0.002876038140588899,0.09738961771521545,1.276709282564818,0.00326241126297193,6.76877089771779e-05,1.267394940367861,-0.061621377194933574,0.5527405921597698
E00418,127.38364511174625,0.40263908994407,0.06209123375222074,1.69928976438051,0.00028754549327284407,0.0002912751101368967,1.9417880261283813,0.0653798117668842,0.5330853472575205
E00419,74.34905943146393,0.3586607642363047,0.1298113703142208,3.5179462598461173,0.0042224797168496,0.0011229320875639985,4.305014625104805,0.03390852468819215,0.5261967135032151
E00420,63.232538949689946,0.13241808818011086,0.09681734347478968,1.1022966258537112,0.0028955089940948375,0.00016829372829213878,1.4279039893085288,-0.028167970202729993,0.5109341982406999
E00421,41.428566525419896,0.4349512205772564,0.009266491875963791,0.4366109476892409,3.0183454499651428e-05,2.551595046229597e-07,0.6312137478443263,0.018690963394671176,0.44677090947060666
E00422,54.96003934321492,0.8601089690673172,0.019375194459108975,0.7782723596532853,0.00026484398246612,3.601649097321299e-06,1.7093969291632782,0.3028819893561283,0.4205414012738854
E00423,74.20112680539883,0.7166273273656554,0.013433546512412357,0.4118877011462454,2.6295714162517628e-05,8.305182259425145e-07,0.765375853838008,0.31768843898231997,0.4377971185296026
E00424,28.75071003949647,0.5634334281256114,0.009375992534776573,0.5105945331466109,0.00017248053958162531,2.0978651471417155e-06,0.7555814142425207,0.09187895315164328,0.4926002248032971
E00425,15.642010593096536,0.7074079852268336,0.007766288308202002,0.32950136557080895,1.6771925534192973e-05,8.408723965501504e-07,0.425846852073251,0.08844932064694982,0.4710767331796669
E00426,49.98374781249755,0.46502232371240865,0.09474408436203718,2.5852096608261896,0.00038692326800757475,3.895207054051137e-06,5.1044750929037805,0.03499449049719999,0.49477047616375325
E00427,43.571785133281296,0.3660210422659658,0.009770122911754987,0.41278852744251493,4.217367702699213e-05,5.095667690053239e-08,0.6008407536303766,0.05513783065479689,0.49118360310874776
E00428,151.36656736246638,0.546879905182475,0.006940502587478732,0.30512690198776127,3.894410286489653e-05,1.0848693417573328e-08,0.5326574172174295,0.09727925309767262,0.4746981708700849
E00429,42.7042038079453,0.8584751504734808,0.040374576226410455,0.8975890365197369,7.879021767862443e-05,7.04661199260838e-06,1.1980178353535504,0.26517764237930896,0.42908411484172454
E00430,66.62319532519504,0.2912185964329184,0.004627256480349606,0.23218116832336066,3.4032616378824976e-05,2.3891405567713027e-07,0.4647328656942959,0.09680383708795748,0.48693484389683617
E00431,15.576456259395114,0.7850608090123404,0.013908162180478148,0.5682767564919327,4.2431717427325014e-05,2.2858338481688185e-06,1.0954673575824638,0.14442034098197654,0.46845226478363466
E00432,87.14455069728679,0.38963908833796534,0.03775720952632833,1.7272791687416775,0.0006081819462130949,6.155813536128179e-06,2.088848212119096,0.08833112417836105,0.4866478438509162
E00433,35.80583489076019,0.47929788936245626,0.017421038153272252,0.3852965377156029,0.0001801408427869428,6.720323452479467e-08,0.5941467767486466,0.09068100507211177,0.4953289366846503
E00434,92.07401708707472,0.3221380672808756,0.05223912412176166,0.6878215254636739,0.0001495396835307727,4.438672913323841e-06,0.9591754846729023,0.0802620003235422,0.4790641285466126
E00435,34.407080435079514,0.34926669060015236,0.014195184721252696,1.025889440779168,0.00047838655062851546,6.34166618444067e-06,1.194333752106516,0.024527006657580397,0.5368679318861302
E00436,137.75703750892947,0.4846794772175992,0.005371772514408447,0.7549274543106334,0.00024126223353565838,4.550400683566392e-06,0.8600046179988993,0.09004755830884507,0.48870749123928325
E00437,35.71308415323812,0.5241649492262528,0.011420551938000744,1.4647677905571606,0.00018676696669116906,1.4895756667745773e-05,1.9798988672032185,0.07718904033862357,0.5075132322598008
E00438,105.5145982418923,0.2453775376375718,0.031746829427868536,0.611282707105094,0.00020398768765464317,3.931883584232197e-06,0.7908645206861847,0.04926199242489454,0.5070182696012875
E00439,47.42083658756829,0.22359557100118305,0.043211184363166136,0.8912009939307455,0.0009855707109691035,1.6259382571063334e-05,1.2591056210437532,-0.014157580377221049,0.5209615693411123
E00440,43.62340012913179,0.5291227933437456,0.0359924730516552,0.7087453875876993,0.0006322257550936859,6.180619550055311e-06,0.9625915351950708,0.1874668912055068,0.5162860821249492
E00441,55.395410755595265,0.4394190629523653,0.04409948280156589,0.62295630648175,0.0009931036165460542,1.799936148717451e-05,0.8833122513583506,0.16418084412959982,0.49951135835543037
E00442,29.11423537287004,0.6163489178863926,0.006019286822897556,0.3653182153685981,0.0006433819211241536,2.203231061492192e-06,0.5504168471933937,0.11009559127757222,0.4672662921035797
E00443,96.10252844161263,0.24331734715472692,0.010087117427350769,0.45102191762488975,9.983887211632637e-05,2.286692537345337e-06,0.9534770899964989,0.05149324416162711,0.49387473460721865
E00444,20.184096360423297,1.0,0.016917644341558957,0.9014687124975399,0.0008346415024069841,4.7816487701131464e-06,2.062181267218541,0.38438851212604186,0.45045211555959963
E00445,67.41627802056297,0.7005615917690744,0.036837000841784276,1.171027288293926,0.0007700614069123245,3.707575828451019e-05,2.412751797936684,0.24785646016581409,0.4361377315491147
E00446,11.14029775096192,0.6967416181897883,0.024128163728802797,0.49838105512505537,0.00015896426717375753,8.342595607636754e-06,0.7675642123906213,0.07174887355230042,0.4906835813686721
E00447,159.18215083349625,0.5514317731819645,0.04677167896381581,1.0160773832637042,0.0003160925327074132,1.1454949470984271e-05,2.1816184048788987,0.09177738995594148,0.5110175917500759
E00448,75.12705748392578,0.7851250711897029,0.11726564400191328,1.4359264907778453,0.0001846054703284603,2.307378251171623e-05,2.9525680188670997,0.25191922997176275,0.41907081303859123
E00449,12.507212581420442,1.0,0.018891183787461564,1.0803956513334414,0.0017412194791030758,1.7463226089086535e-05,0.7514866632811105,0.19299590965109145,0.4319841873435371
E00450,34.404536891774406,0.3781405647973602,0.018778707613137654,0.4210159859881035,0.00013665722493563058,6.068629057609647e-06,0.7614118917840628,-0.006930921074240481,0.49554140127388535
E00451,153.7301409847439,0.6415761742651354,0.04105136210477426,0.7168943046566588,0.0009018236189446142,1.777136994833443e-05,1.081506112595735,0.15586214761046502,0.4903826711151552
E00452,13.826748611705414,0.7548147678867838,0.05173714505285689,0.771320979516378,0.0002994016243577354,2.337098316993556e-05,0.5722048104109145,0.1336615006056981,0.48524728362682656
E00453,8.362491332439138,0.9558042282359194,0.04221432719629479,1.993809975642965,0.0017848728498875777,6.883121785549378e-05,4.370202686611846,0.16071599544616452,0.4844302901627743
E00454,5.239011909241095,0.8591793609711531,0.047337664150073934,0.6355724305457995,0.00011117989633994683,3.8618537299288735e-05,0.5612372903739936,0.07821147226252896,0.43482711555959963
E00455,18.01477293473337,0.6292623061679216,0.059895651975352966,0.3897823579595516,0.0012358110891016625,1.5709293907896455e-05,0.462641472210335,0.09261514070344448,0.4993875551200392
E00456,38.98861258999854,0.6379998034133079,0.09828214111032485,0.7634410286049566,0.0008912506585913635,4.716607109779266e-05,0.7708903399259761,0.15702594718224433,0.45879643483093235
E00457,44.91223581413391,0.4961428567969506,0.1397288186874543,0.9774955603586685,0.003102350277000298,4.04006900354885e-05,0.7838020312243809,0.09580165180561805,0.4742178718621206
E00458,12.791515751418704,0.6328682950928944,0.046290575834982015,0.37098800482429295,0.0003829275381605713,1.115212651484277e-05,0.6667598018702234,0.04198595754645015,0.46863300432732047
E00459,13.285419212790034,0.6042348813782991,0.03132253616791233,0.5006166231328433,0.00029314496114284696,5.151936596770242e-06,0.7236559949493678,0.08178927911278584,0.5182513249380075
E00460,10.207573479207015,0.9619247536738016,0.020165228049028996,1.2251984478919458,0.0030672660852499845,0.00016813964535297612,2.2821851236288824,0.19571050652773148,0.45101015127388533
E00461,51.60186598960285,0.440969703999999,0.030127622513372764,0.5282327000237483,0.0002176253733924404,4.4385261935322976e-05,0.7697994001815239,0.0991267274061898,0.47644691308490894
E00462,49.13434741429768,1.0,0.006789112773585532,1.4350107933764618,0.00021245938634260528,7.890263854498774e-05,3.1147976146943273,0.39369594088951454,0.42618656256420795
E00463,66.46325712062678,0.6437896102380367,0.024668046236465208,2.3014986148196726,0.007405292673592064,0.00017005486950153495,3.781396915509009,0.15046428016359098,0.437208067940552
E00464,128.9585712810561,0.9418442565684049,0.015705251270016103,2.60946466723696,0.0016655702638619333,0.00016503340070973168,5.1778273813610145,0.2845726947315097,0.45268425841674254
E00465,135.38070786817016,0.40944406224893926,0.007455282732546777,0.35391884474235574,0.00027828847477091026,2.9533776038006883e-05,0.4230754249868833,0.03616978987901236,0.475171030903515
E00466,50.466953004215824,0.384409897899456,0.02069919917007266,0.3836986580140317,5.464963763397333e-05,2.9096473522870224e-05,0.5508570122443829,0.0614076396797842,0.48034532284251286
E00467,35.566854212419386,0.5906447021258607,0.06577481703472036,0.5253979222133258,0.001106930950123001,3.0032992624233196e-05,0.7751693707680305,0.13351519221417468,0.48034532284251286
E00468,60.93137687601216,0.09026057233594839,0.0621903804789615,0.6302024559714935,0.000437104529900811,0.00014457344356262798,1.0578017475453678,-0.012860318008743599,0.5373730844422022
E00469,54.63583381569897,0.14958006973921467,0.032123767231660987,0.32147575071309714,0.0008487885690592836,6.7165051165359155e-06,0.665651178361877,-0.0074623931334132365,0.5216166700910897
E00470,29.58266490918548,0.6340275213775526,0.04849940124923135,1.0255477560415707,0.003962285971058423,0.0003332534128427441,1.482242840681245,0.06931847215285655,0.4678532292308746
E00471,152.40474333126716,0.7716369025429337,0.5411281589493768,4.112772912796032,0.008367140220662326,0.0009191485032541694,4.978389769985246,0.1393003275522542,0.508584879534755
E00472,95.92838252378495,0.29206262135173605,0.1152907393867281,1.4586706560209848,0.00960613337686485,0.0006865143138796866,2.1026869812912024,0.12070718605846059,0.528233708966193
E00473,106.9007173200919,0.19829332087298412,0.07283946102458615,0.6886230306610007,0.0030855069119893833,6.572070203507995e-05,0.6261582512311247,0.030662526148949223,0.5163160491612093
E00474,56.86424200338938,0.45095445112065996,0.03754107706159143,1.1112035124766928,0.00011064114229029734,0.00028930810319479874,1.3005513369916448,0.157663715110767,0.49666080425896
E00475,132.1392358268721,0.6615234053636931,0.1052612136235915,2.9298600079423,0.004045575365867054,0.0011209650806219005,3.663777935968069,0.12619242803207495,0.4897721705046546
E00476,43.573261648779045,0.48261721080077197,0.07226718678416039,0.514210373949894,0.0027186046431122908,0.00016632672135004082,0.7866673001717924,0.0641159331411528,0.4745096552421393
E00477,34.82845841178037,0.6973255694133869,0.02096568447560998,0.9996954333670793,0.00026475454015194115,3.849377005615909e-06,1.9540764018445378,0.12327543028752506,0.42622950819672134
E00478,54.13133269089756,0.5400545352120305,0.015024036528913362,0.6333107748600394,2.6206271848338754e-05,1.078246134237124e-06,1.0100553265192673,0.13808187991371673,0.44348522545243857
E00479,48.49811135235365,0.1479577202647349,0.010966482551277579,0.7320176068604047,0.00017239109726744644,2.3455930554363252e-06,1.0002608869237801,-0.08772760591695997,0.49828833172613307
E00480,57.045502645354254,0.12645266451294093,0.009356778324703007,0.5509244392846029,1.66824832200141e-05,1.08860030484476e-06,0.6705263247545103,-0.09115723842165342,0.47676484010250286
E00481,38.24144623613352,0.2901791581771269,0.09633457437853818,2.8066327345399835,0.0003868338256933959,4.142934962345747e-06,5.34915456558504,-0.14461206857140324,0.5004585830865892
E00482,37.450889213478746,0.1620460107944673,0.011360612928255992,0.6342116011563089,4.208423471281326e-05,2.9868458519514197e-07,0.8455202263116359,-0.12446872841380635,0.4968717100315837
E00483,149.49551556537267,0.28905803347830283,0.008530992603979737,0.5265499757015553,3.885466055071766e-05,2.585766017121829e-07,0.7773368898986889,-0.08232730597093063,0.48038627779292087
E00484,80.58776803977388,0.45621588225799636,0.041965066242911464,1.1190121102335309,7.870077536444556e-05,7.29433990090299e-06,1.4426973080348096,0.08557108331070575,0.4347722217645605
E00485,45.34386921169703,0.15752798193556106,0.0062177464968506116,0.45360424203715466,3.39431740646461e-05,4.866419639717398e-07,0.7094123383755553,-0.08280272198064577,0.4926229508196721
E00486,35.22898515596276,0.3799464944698511,0.015498652196979153,0.7896998302057265,4.234227511314614e-05,2.533561756463428e-06,1.3401468302637232,-0.03518621808662672,0.4741403717064706
E00487,61.20380469013972,0.13687494449421925,0.03934769954282934,1.9487022424554716,0.000608092503898916,6.4035414444227895e-06,2.3335276848003557,-0.0912754348902422,0.49233595077375214
E00488,62.763219980554226,0.04738460126444091,0.019011528169773258,0.6067196114293969,0.00018005140047276392,3.1493114281940426e-07,0.8388262494299059,-0.08892555399649148,0.5010170436074862
E00489,84.99099665470258,0.04259616420896034,0.05382961413826267,0.9092445991774679,0.00014945024121659382,4.686400821618451e-06,1.2038549573541615,-0.09934455874506104,0.48475223546944857
E00490,23.601762450241726,0.1668202871661802,0.0157856747377537,1.247312514492962,0.0004782971083143366,6.58939409273528e-06,1.4390132247877756,-0.15507955241102284,0.5425560388089662
E00491,96.37755375280794,0.06485585928884027,0.006962262530909452,0.9763505280244273,0.0002411727912214795,4.798128591861002e-06,1.1046840906801587,-0.08955900075975817,0.4943955981621192
E00492,73.74187446249668,0.05063557373535191,0.01301104195450175,1.6861908642709547,0.00018667752437699018,1.5143484576040383e-05,2.224578339884478,-0.10241751872997967,0.5132013391826368
E00493,100.7089327563996,0.0,0.03333731944436954,0.832705780818888,0.0002038982453404643,4.1796114925268074e-06,1.035543993367444,-0.1303445666437087,0.5127063765241234
E00494,78.24759385491497,0.0,0.044801674379667145,1.1126240676445396,0.0009854812686549246,1.650711047935794e-05,1.5037850937250128,-0.1937641394458243,0.5266496762639482
E00495,85.04666919027507,0.12605582322363035,0.03758296306815621,0.9301684613014933,0.000632136312779507,6.428347458349921e-06,1.2072710078763302,0.007860332136903556,0.5219741890477851
E00496,41.927615996682874,0.281624018578199,0.0456899728180669,0.844379380195544,0.0009930141742318754,1.8247089395469116e-05,1.1279917240396098,-0.01542571493900341,0.5051994652782663
E00497,16.851905140996937,0.45626386136567765,0.0076097768393985615,0.5867412890823921,0.0006432924788099747,2.4509589697868017e-06,0.795096319874653,-0.06951096779103103,0.4729543990264156
E00498,114.5948720402791,0.016933071133416355,0.011677607443851774,0.6724449913386837,9.97494298021475e-05,2.5344204456399467e-06,1.1981565626777582,-0.12811331490697614,0.4995628415300546
E00499,39.433789407501585,0.7529328431993729,0.018508134358059963,1.122891786211334,0.0008345520600928052,5.0293766784077565e-06,2.3068607398998,0.20478195305743863,0.4561402224824356
E00500,64.94633738129991,0.4685448930743217,0.038427490858285285,1.39245036200772,0.0007699719645981457,3.7323486192804795e-05,2.6574312706179435,0.06824990109721084,0.44182583847195067
E00501,36.82435765800825,0.19340102591641256,0.025718653745303802,0.7198041288388494,0.00015887482485957865,8.590323515931364e-06,1.0122436850718808,-0.10785768551630284,0.496371688291508
E00502,159.08022677330368,0.28023025840545657,0.04836216898031682,1.2375004569774983,0.0003160030903932343,1.1702677379278881e-05,2.426297877560158,-0.08782916911266177,0.5167056986729118
E00503,65.77693940576293,0.515601669711504,0.11885613401841427,1.6573495644916392,0.00018451602801428143,2.3321510420010836e-05,3.1972474915483593,0.07231267090315947,0.4247589199614272
E00504,45.981618691846556,0.45999466210229706,0.02048167380396257,1.3018187250472355,0.001741130036788897,1.771095399738114e-05,0.9961661359623698,0.013389350582488205,0.43767229426637305
E00505,41.43805147972593,0.046320130429969575,0.02036919762963866,0.6424390597018975,0.0001365677826214517,6.3163569659042575e-06,1.006091364465322,-0.18653748014284371,0.5012295081967213
E00506,112.54370113861752,0.2265836964533233,0.04264185212127527,0.9383173783704528,0.0009017341766304353,1.8019097856629038e-05,1.3261855852769946,-0.023744411458138215,0.49607077803799116
E00507,33.08728609890339,0.3505314109230457,0.0533276350693579,0.992744053230172,0.00029931218204355654,2.3618711078230165e-05,0.8168842830921739,-0.04594505846290515,0.4909353905496625
E00508,44.149675512122585,0.40395332088612534,0.0438048172127958,2.215233049356759,0.001784783407573399,6.90789457637884e-05,4.6148821592931055,-0.01889056362243873,0.4901183970856102
E00509,37.26693837495477,0.34746726730010224,0.04892815416657494,0.8569955042595935,0.00011109045402576796,3.886626520758334e-05,0.805916763055253,-0.10139508680607429,0.4405152224824356
E00510,54.760150369724386,0.08443071151918732,0.061486141991853975,0.6112054316733455,0.0012357216467874838,1.5957021816191062e-05,0.7073209448915944,-0.08699141836515877,0.5050756620428751
E00511,77.93610284464509,0.21799949801412233,0.09987263112682584,0.9848641023187505,0.0008911612162771847,4.741379900608727e-05,1.0155698126072354,-0.02258061188635893,0.4644845417537683
E00512,86.2881203429462,0.1102949253160381,0.14131930870395532,1.1989186340724625,0.003102260834686119,4.0648417943783106e-05,1.02848150390564,-0.0838049072629852,0.47990597878495656
E00513,42.254143253152684,0.14923191471408453,0.04788106585148302,0.5924110785380869,0.00038283809584639244,1.139985442313738e-05,0.9114392745514828,-0.1376206015221531,0.4743211112501564
E00514,54.66806638197038,0.03283337892049648,0.03291302618441334,0.7220396968466372,0.0002930555188286681,5.399664505064852e-06,0.9683354676306272,-0.0978172799558174,0.5239394318608435
E00515,36.94072034344019,0.5134092455793214,0.021755718065530002,1.4466215216057399,0.0030671766429358057,0.00016838737326127073,2.526864596310142,0.016103947459128243,0.4566982581967213
E00516,91.22717155392618,0.06323984971377253,0.03171811252987377,0.7496557737375422,0.00021753593107826154,4.463298984361758e-05,1.0144788728627834,-0.08047983166241345,0.4821350200077449
E00517,48.128925621616155,0.7981555672195237,0.008379602790086538,1.6564338670902559,0.0002123699440284264,7.915036645328236e-05,3.359477087375587,0.21408938182091125,0.4318746694870439
E00518,25.099927535697578,0.679673384321528,0.026258536252966213,2.5229216885334664,0.007405203231277885,0.00017030259740982956,4.026076388190268,-0.02914227890501226,0.44289617486338795
E00519,90.13297689976697,0.5571860900210871,0.01729574128651711,2.830887740950754,0.0016654808215477545,0.00016528112861802628,5.422506854042274,0.10496613566290645,0.4583723653395785
E00520,155.14233064937034,0.21216133935266396,0.009045772749047783,0.5753419184561497,0.0002781990324567314,2.978150394630149e-05,0.6677548976681427,-0.1434367691895909,0.4808591378263509
E00521,51.48407049508739,0.10562277039110138,0.022289689186573664,0.6051217317278257,5.4560195319794456e-05,2.934420143116483e-05,0.7955364849256422,-0.11819891938881905,0.4860334297653488
E00522,45.22464174992528,0.26040636277343926,0.06736530705122136,0.7468209959271197,0.0011068415078088222,3.0280720532527802e-05,1.0198488434492898,-0.04609136685442856,0.4860334297653488
E00523,87.98444462633631,0.0,0.06378087049546251,0.8516255296852875,0.00043701508758663214,0.00014482117147092259,1.3024812202266274,-0.19246687707734683,0.5430611913650382
E00524,47.08144079100354,0.0,0.03371425724816199,0.5428988244268911,0.0008486991267451047,6.964233024830526e-06,0.9103306510431364,-0.18706895220201647,0.5273047770139256
E00525,19.761290217930643,0.44837222419262185,0.05008989126573236,1.2469708297553646,0.003962196528744244,0.0003335011407510387,1.7269223133625045,-0.1102880869157467,0.4735413361537105
E00526,134.45895876916686,0.5110805113848711,0.5427186489658778,4.334195986509826,0.008367050778348147,0.000919396231162464,5.223069242666505,-0.04030623151634906,0.5142729864575909
E00527,54.80434364612451,0.13594363512293342,0.11688122940322909,1.6800937297347787,0.009606043934550671,0.0006867620417879812,2.3473664539724615,-0.058899373010142655,0.533921815889029
E00528,126.3217032946628,0.03107390571769114,0.07442995104108714,0.9100461043747947,0.0030854174696752046,6.596842994337457e-05,0.870837723912384,-0.14894403291965402,0.5220041560840453
E00529,54.157567698468974,0.21319201074931482,0.03913156707809244,1.3326265861904867,0.00011055169997611847,0.00028955583110309334,1.5452308096729044,-0.02194284395783625,0.5023489111817959
E00530,147.85703818728905,0.5238244892035245,0.1068517036400925,3.1512830816560937,0.0040454859235528745,0.0011212128085301952,3.9084574086493284,-0.0534141310365283,0.49546027742749055
E00531,15.317999869003913,0.4381672220919378,0.07385767680066138,0.735633447663688,0.002718515200798112,0.00016657444925833543,1.0313467728530519,-0.11549062592745044,0.48019776216497523
E00532,20.95221626060535,1.0,0.025132739112058544,0.9749721868240838,0.0002608667998148074,4.4247357269354636e-06,2.0882385078382195,0.42227290587517385,0.4172557172557173
E00533,38.63737995687522,0.7037492437004872,0.02107518513442276,1.0736790188244492,0.00040705162523391506,5.6920826481346645e-06,2.078444068242732,0.19646342004449718,0.47205882352941175
E00534,66.17437274661725,0.5705355006471404,0.01946548090784819,0.8925858512486473,0.00025134301118648274,4.4350898975431e-06,1.7487095060734625,0.19303378753980371,0.4505353319057816
E00535,8.915645196020273,1.0,0.10644327696168338,3.148294146504028,0.0006214943536598645,7.4894245550440864e-06,6.4273377469039925,0.13957895739005388,0.4742290748898679
E00536,14.902461818446424,0.8531018478455187,0.021469315511401174,0.9758730131203533,0.00027674476267928186,3.6451741778934818e-06,1.9237034076305881,0.15972229754765077,0.4706422018348624
E00537,153.38067020302637,0.7884294772200943,0.01863969518712492,0.8682113876655997,0.0002735151885171863,3.6050661944105226e-06,1.855520071217641,0.20186371999052652,0.45415676959619955
E00538,74.29257433264009,0.9391049200449761,0.052073768826056646,1.4606735221975753,0.00031336130333091416,1.0640829493601329e-05,2.520880489353762,0.3697621092721629,0.4085427135678392
E00539,12.231531351872317,0.9137453685289395,0.016326449079995795,0.7952656540011991,0.00026860370203111474,3.83313155667008e-06,1.7875955196945073,0.20138830398081137,0.46639344262295085
E00540,39.96386225913763,0.8312109188956328,0.025607354780124335,1.131361242169771,0.0002770028030796148,5.8800513491617675e-06,2.4183300115826754,0.24900480787483042,0.4479108635097493
E00541,32.382736180781286,0.8739189699043106,0.04945640212597452,2.290363654419516,0.0008427530318653847,9.750031037121129e-06,3.4117108661193076,0.19291559107121495,0.4661064425770308
E00542,50.389852446183994,0.5947820017304594,0.02912023075291844,0.9483810233934413,0.0004147119284392325,3.661420735517744e-06,1.9170094307488579,0.19526547196496566,0.4747875354107649
E00543,118.52206510290453,0.6443174782670139,0.06393831672140785,1.2509060111415122,0.0003841107691830624,8.03289041431679e-06,2.282038138673114,0.1848464672163961,0.4585227272727273
E00544,21.05940854110522,0.7065962987276839,0.025894377320898884,1.5889739264570064,0.0007129576362808052,9.935883685433619e-06,2.5171964061067276,0.12911147355043429,0.5163265306122449
E00545,93.02512761988976,0.5949727616336258,0.017070965114054634,1.3180119399884718,0.00047583331918794815,8.14461818455934e-06,2.1828672719991107,0.19463202520169898,0.46816608996539794
E00546,90.0492435261096,0.5219731918233477,0.02311974453764693,2.027852276234999,0.00042133805234345883,1.8489974168738724e-05,3.30276152120343,0.18177350723147748,0.4869718309859155
E00547,133.416961673356,0.6083221835793908,0.04344602202751473,1.1743671927829324,0.00043855877330693295,7.526101085225147e-06,2.113727174686396,0.15384645931774843,0.48647686832740217
E00548,102.07407759355239,0.37048577673993677,0.05491037696281233,1.454285479608584,0.001220141796621393,1.9853600072056282e-05,2.5819682750439648,0.09042688651563284,0.5004201680672269
E00549,89.95421950598043,0.6225249566414975,0.04769166565130139,1.2718298732655378,0.0008667968407459756,9.774837051048261e-06,2.285454189195282,0.2920513580983607,0.4957446808510638
E00550,8.50788299856004,1.0,0.05579867540121208,1.1860407921595884,0.001227674702198344,2.1593578988167457e-05,2.206174905358562,0.2687653110224537,0.47896995708154505
E00551,29.937307488810216,0.8415041141345143,0.017718479422543745,0.9284027010464365,0.0008779530067764433,5.797448562485142e-06,1.873279501193605,0.21468005817042612,0.44672489082969435
E00552,147.79345505156832,0.7231526821301405,0.021786310026996956,1.014106403302728,0.00033440995776861613,5.880910038338286e-06,2.2763397439967106,0.15607771105448098,0.47333333333333333
E00553,38.10382120853002,1.0,0.028616836941205148,1.4645531981753783,0.001069212588059274,8.375866271106096e-06,3.3850439212187524,0.4889729790188958,0.42991071428571426
E00554,31.522284266614477,1.0,0.04853619344143047,1.7341117739717644,0.0010046324925646142,4.066997578550314e-05,3.7356144519368955,0.352440927058668,0.41559633027522935
E00555,44.3020344023369,0.6548418795975902,0.03582735632844898,1.0614655408028937,0.0003935353528260473,1.1936813108629703e-05,2.0904268663908327,0.1763333404451543,0.47014218009478675
E00556,140.38218210268636,0.716469230612006,0.058470871563462,1.5791618689415428,0.0005506636183597029,1.504916697197722e-05,3.5044810588791098,0.19636185684879537,0.4904761904761905
E00557,100.03578858418793,1.0,0.12896483660155947,1.9990109764556836,0.00041917655598075005,2.6668000012709177e-05,4.275430672867311,0.3565036968646166,0.3985294117647059
E00558,49.744740749252976,0.959061339725298,0.03059037638710775,1.64348013701128,0.0019757905647553656,2.1057443590079482e-05,2.074349317281322,0.2975803765439453,0.4114427860696518
E00559,27.00387383891226,0.6193240004962128,0.03047790021278384,0.984100471665942,0.0003712283105879203,9.662846558602597e-06,2.0842745457842744,0.09765354581861341,0.47500000000000003
E00560,102.49215090057446,0.6919702909172902,0.05275055470442045,1.2799787903344972,0.001136394704596904,2.136558744932738e-05,2.4043687665959466,0.2604466145033189,0.46984126984126984
E00561,41.14511908886368,0.7751513235189676,0.06343633765250309,1.3344054651942163,0.0005339727100100251,2.6965200670928506e-05,1.895067464411126,0.23824596749855198,0.4647058823529412
E00562,62.19280035909783,0.7512726045553139,0.05391351979594098,2.5568944613208036,0.0020194439355398675,7.242543535648674e-05,5.693065340612058,0.2653004623390184,0.4638888888888889
E00563,54.16341089774322,0.7028495881563339,0.059036856749720125,1.198656916223638,0.0003457509819922366,4.221275480028168e-05,1.884099944374205,0.18279593915538284,0.41428571428571426
E00564,56.22842801249204,0.5760438780851358,0.07159484457499915,0.9528668436373899,0.0014703821747539523,1.9303511408889403e-05,1.7855041262105464,0.19719960759629837,0.47884615384615387
E00565,92.53767628854992,0.7428680421584737,0.10998133370997104,1.326525514282795,0.0011258217442436532,5.076028859878561e-05,2.0937529939261874,0.2616104140750982,0.438255033557047
E00566,89.08361090036057,0.6100349466952673,0.15142801128710048,1.540580046036507,0.0033369213626525877,4.399490753648144e-05,2.106664685224592,0.20038611869847192,0.4536764705882353
E00567,63.738634158933245,0.5248399940017489,0.057989768434628206,0.9340724905021314,0.0006174986238128611,1.474634401583572e-05,1.989622455870435,0.14657042443930404,0.4480916030534351
E00568,64.15911292296012,0.5182719054074064,0.04302172876755852,1.0637011088106816,0.0005277160467951367,8.746154097763191e-06,2.0465186489495792,0.18637374600563972,0.49770992366412214
E00569,45.130394460028405,0.9687077379921691,0.03186442064867519,1.7882829335697843,0.0033018371709022743,0.00017173386285396908,3.605047777629094,0.30029497342058536,0.43046875
E00570,103.31474398880594,0.6180098583655202,0.04182681511301895,1.0913171857015866,0.00045219645904473016,4.797947943631592e-05,2.0926620541817353,0.2037111942990437,0.4559055118110236
E00571,20.77605176783608,1.0,0.01848830537323172,1.9980952790543003,0.00044703047199489505,8.24968560459807e-05,4.437660268694539,0.4982804077823684,0.4056451612903226
E00572,41.496941412888994,1.0,0.0363672388361114,2.864583100497511,0.007639863759244353,0.0001736490870025279,5.104259569509221,0.25504874705644487,0.4166666666666667
E00573,97.12685811893633,1.0,0.027404443869662294,3.172549152914798,0.001900141349514223,0.00016862761821072463,6.500690035361226,0.3891571616243636,0.43214285714285716
E00574,120.31398882589521,0.5635905450587133,0.019154475332192965,0.9170033304201941,0.0005128595604232001,3.3127993538999834e-05,1.7459380789870946,0.14075425677186626,0.45462962962962966
E00575,23.81628882170019,0.8116638335028626,0.03239839176971884,0.9467831436918701,0.0002892207232862631,3.269069102386317e-05,1.8737196662445943,0.16599210657263808,0.4598039215686275
E00576,29.385498104226937,0.8435960848132231,0.07747400963436654,1.0884824078911641,0.0013415020357752908,3.362721012522615e-05,2.098032024768242,0.23809965910702857,0.4598039215686275
E00577,66.82661926368297,0.2858953026522411,0.07388957307860769,1.193286941649332,0.0006716756155531007,0.00014816766106362094,2.3806644015455793,0.09172414888411029,0.5168316831683168
E00578,15.39104824319108,0.6609931315019208,0.04382295983130717,0.8845602363909355,0.0010833596547115735,1.0310722617528865e-05,1.9885138323620883,0.09712207375944065,0.5010752688172043
E00579,27.429741756666633,0.9082087898488269,0.06019859384887754,1.588632241719409,0.0041968570567107125,0.00033684763034373704,2.8051054946814564,0.17390293904571044,0.44731182795698926
E00580,143.3226258809927,1.0,0.552827351549023,4.6758573984738705,0.008601711306314616,0.0009227427207551623,6.301252423985458,0.24388479444510808,0.4880434782608696
E00581,53.9592324750769,0.643579231941896,0.1269899319863743,2.021755141698823,0.00984070446251714,0.0006901085313806795,3.4255496352914134,0.22529165295131448,0.5076923076923077
E00582,159.84173932701694,0.5858090488084327,0.08453865362423232,1.2517075163388391,0.003320077997641673,6.93149195360729e-05,1.949020905231336,0.1352469930418031,0.49577464788732395
E00583,22.875549814010483,1.0,0.04924026966123762,1.674287998154531,0.0003452122279425871,0.0002929023206957917,2.6234139909918563,0.2622481820036209,0.47611940298507466
E00584,172.78624772579718,1.0,0.1169604062232377,3.492944493620138,0.004280146451519343,0.0011245592981228934,4.98664058996828,0.23077689492492884,0.46923076923076923
E00585,50.08807961565316,0.6367504491274919,0.08396637938380658,1.0772948596277323,0.0029531757287645805,0.00016992093885103378,2.109529954172004,0.1687004000340067,0.45396825396825397
E00586,52.14628064090085,0.566068561187921,0.015133537187726143,0.7072943603174093,0.00016850335693031264,2.92095177675588e-06,1.1344229929174618,0.21126986967068884,0.48931454078512904
E00587,83.09408429805958,0.5140369719124944,0.013523832961151571,0.5262011927416074,1.27947428828803e-05,1.6639590261643147e-06,0.8046884307481921,0.20784023716599537,0.46779104916149883
E00588,24.217485572343158,0.8576187586132713,0.10050162901498674,2.7819094879969883,0.0003829460853562621,4.7182936836653015e-06,5.483316671578722,0.15438540701624553,0.49148479214558516
E00589,30.768719389912288,0.6677311349329326,0.015527667564704556,0.6094883546133134,3.819649437567946e-05,8.740433065146967e-07,0.9796823323053176,0.17452874717384242,0.48789791909057967
E00590,134.37884627294477,0.6626154619723579,0.012698047240428301,0.5018267291585597,3.496692021358385e-05,8.339353230317377e-07,0.9114989958923706,0.21667016961671817,0.47141248685191683
E00591,82.77779208577773,0.8947339685661748,0.04613212087936003,1.0942888636905352,7.481303502731176e-05,7.869698622222544e-06,1.5768594140284913,0.3845685588983545,0.42579843082355645
E00592,8.930597988360411,0.8979330111164177,0.010384801133299176,0.42888099549415915,3.0055433727512296e-05,1.0620006852912946e-06,0.843574444369237,0.21619475360700302,0.4836491598786681
E00593,58.68227453103686,0.6585306298793576,0.019665706833427717,0.7649765836627311,3.8454534776012334e-05,3.108920477782983e-06,1.474308936257405,0.2638112575010221,0.4651665807654666
E00594,13.99456758636211,0.9702277221318218,0.0435147541792779,1.923978995912476,0.0006042047635617823,6.978900165742344e-06,2.4676897907940374,0.2077220406974066,0.4833621598327481
E00595,59.68511809367593,0.5075346250680872,0.02317858280622182,0.5819963648864014,0.00017616366013563012,8.90289864138959e-07,0.9729883554235876,0.2100719215911573,0.4920432526664822
E00596,131.91016355073506,0.6371943991938346,0.057996668774711234,0.8845213526344724,0.00014556250087946002,5.261759542938005e-06,1.3380170633478432,0.19965291684258776,0.47577844452844453
E00597,41.629772140456815,0.49770422028550354,0.019952729374202265,1.2225892679499666,0.0004744093679772028,7.164752814054834e-06,1.5731753307814573,0.14391792317662594,0.5335822478679622
E00598,81.16482036639442,0.4902834305894762,0.011129317167358016,0.9516272814814318,0.0002372850508843457,5.3734873131805564e-06,1.2388461966738404,0.20943847482789063,0.48542180722111516
E00599,107.54707787762874,0.5381249709935065,0.017178096590950313,1.661467617727959,0.00018278978403985638,1.571884329735994e-05,2.35874044587816,0.19657995685766913,0.5042275482416327
E00600,143.29748270939012,0.5973054908560524,0.03750437408081811,0.8079825342758925,0.0002000105050033305,4.754970213846362e-06,1.1697060993611257,0.16865290894394008,0.5037325855831194
E00601,121.60091170609246,0.39458420792425963,0.04896872901611571,1.087900821101544,0.0009815935283177908,1.7082469200677497e-05,1.6379471997186945,0.1052333361418245,0.5176758853229442
E00602,102.2152732980164,0.5966941588901755,0.04175001770460477,0.9054452147584978,0.0006282485724423732,7.003706179669475e-06,1.341433113870012,0.30685780772455234,0.5130003981067811
E00603,18.83151140661629,0.9381280879415919,0.049857027454515465,0.8196561336525485,0.0009891264338947414,1.882244811678867e-05,1.2621538300332915,0.28357176064864537,0.4962256743372623
E00604,50.875446919900796,0.6634153103579867,0.011776831475847127,0.5620180425393966,0.0006394047384728409,3.0263176911063565e-06,0.9292584258683347,0.22948650779661778,0.4639806080854116
E00605,168.61488050653122,0.670696094333794,0.015844662080300338,0.6477217447956882,9.58616894650137e-05,3.1097791669595014e-06,1.3323186686714399,0.17088416068067264,0.49058905058905056
E00606,55.33447137601138,1.0,0.02267518899450853,1.0981685396683383,0.0008306643197556714,5.604735399727311e-06,2.4410228458934817,0.5037794286450874,0.44716643154143154
E00607,23.650855356095384,1.0,0.04259454549473385,1.3677271154647246,0.0007660842242610119,3.789884491412435e-05,2.791593376611625,0.3672473766848596,0.43285204753094664
E00608,63.13475600896283,0.48835461541197756,0.029885708381752366,0.6950808822958539,0.00015498708452244485,9.165682237250918e-06,1.1464057910655625,0.19113979007134596,0.487397897350504
E00609,119.51914307045683,0.5596199095442213,0.05252922361676538,1.2127772104345027,0.00031211535005610055,1.2278036100598436e-05,2.5604599835538395,0.21116830647498702,0.5077319077319078
E00610,116.09634980920316,1.0,0.12302318865486284,1.6326263179486438,0.00018062828767714763,2.389686914133039e-05,3.331409597542041,0.3713101464908083,0.41578512902042314
E00611,66.76376276214292,0.8060585696205189,0.024648728440411133,1.2770954785042399,0.001737242296451763,1.8286312718700697e-05,1.1303282419560516,0.312386826170137,0.428698503325369
E00612,41.72057103135426,0.47512346308557796,0.024536252266087223,0.617715813158902,0.0001326800422843179,6.891715687223812e-06,1.1402534704590037,0.11245999544480506,0.49225571725571726
E00613,86.37008022945544,0.5738156170299226,0.04680890675772383,0.9135941318274573,0.0008978464362933015,1.8594456577948594e-05,1.4603476912706763,0.27525306412951056,0.4870969870969871
E00614,60.491278854168996,0.612385588294037,0.057494689705806463,0.9680208066871765,0.00029542444170642276,2.419406979954972e-05,0.9510463890858556,0.25305241712474363,0.4819615996086585
E00615,81.96234371595017,0.6845949533856516,0.04797187184924436,2.1905098028137635,0.001780895667236265,6.965430448510795e-05,4.749044265286788,0.28010691196521004,0.4811446061446062
E00616,74.14812502631925,0.5749912060976579,0.05309520880302351,0.832272257716598,0.00010720271368863416,3.94416239289029e-05,0.9400788690489347,0.1976023887815745,0.43154143154143154
E00617,71.44511962710567,0.458903193861402,0.06565319662830255,0.5864821851303501,0.0012318339064503498,1.6532380537510618e-05,0.8414830508852761,0.21200605722249002,0.4961018711018711
E00618,109.12589566192352,0.7248769235843198,0.10403968576327441,0.960140855775755,0.0008872734759400509,4.798915772740682e-05,1.1497319186009172,0.27641686370128987,0.45551075081276426
E00619,100.35259131410254,0.515214978124823,0.14548636334040388,1.1741953875294668,0.0030983730943489854,4.122377666510266e-05,1.1626436098993218,0.21519256832466357,0.4709321878439525
E00620,84.077484933321,0.4482992742694837,0.05204812048793159,0.5676878319950914,0.00037895035550925866,1.1975213144456935e-05,1.0456013805451645,0.1613768740654957,0.4653473203091524
E00621,81.41109236418232,0.38790268680240547,0.0370800808208619,0.6973164503036418,0.0002891677784915343,5.975023226384406e-06,1.102497573624309,0.20118019563183137,0.5149656409198394
E00622,64.04005231009512,0.779664312891813,0.025922772701978566,1.4218982750627442,0.003063288902598672,0.0001689627319825903,2.6610267023038237,0.315101423046777,0.44772446725571724
E00623,117.55732911013158,0.592257521572128,0.03588516716632233,0.7249325271945468,0.00021364819074112774,4.520834856493714e-05,1.148640978856465,0.21851764392523534,0.47316122906674085
E00624,28.703323158365897,1.0,0.012546657426535102,1.6317106205472602,0.0002084822036912926,7.972572517460191e-05,3.4936391933692685,0.5130868574085601,0.42290087854603986
E00625,52.47184547847868,0.875296863111537,0.030425590889414777,2.4981984419904713,0.007401315490940751,0.00017087795613114913,4.16023849418395,0.2698551966826365,0.4339223839223839
E00626,90.46325665154345,1.0,0.021462795922965676,2.806164494407758,0.0016615930812106205,0.00016585648733934586,5.556668960035956,0.40396361125055524,0.44939857439857445
E00627,101.42133913302382,0.47652800134018647,0.013212827385496347,0.5506186719131542,0.0002743112921195976,3.0356862667621045e-05,0.8019170036618244,0.1555607063980579,0.4718853468853469
E00628,29.609962760900817,0.7310554732040608,0.026456743823022228,0.5803984851848302,5.067245498266065e-05,2.9919560152484387e-05,0.9296985909193239,0.18079855619882973,0.47705963882434477
E00629,42.43782258809563,0.7070908759431646,0.07153236168766994,0.7220977493841243,0.0011029537674716882,3.085607925384736e-05,1.1540109494429716,0.2529061087332202,0.47705963882434477
E00630,66.50211620601064,0.25790137095805454,0.06794792513191107,0.826902283142292,0.00043312734724949836,0.00014539653019224216,1.436643326220309,0.10653059851030194,0.5340874004240341
E00631,21.366927138443767,0.5947743934699447,0.03788131188461055,0.5181755778838956,0.0008448113864079709,7.53959174615008e-06,1.044492757036818,0.1119285233856323,0.5183309860729216
E00632,48.248929808523236,0.644922962763695,0.05425694590218092,1.2222475832123691,0.00395830878840711,0.00033407649947235827,1.8610844193561862,0.1887093886719021,0.4645675452127065
E00633,128.8175333153007,0.9797464816974353,0.5468857036023264,4.3094727399668304,0.008363163038011013,0.0009199715898837835,5.3572313486601875,0.25869124407129973,0.5052991955165869
E00634,50.96624632260207,0.6327834166558608,0.12104828403967766,1.6553704831917833,0.009602156194213536,0.0006873374005093007,2.481528559966143,0.24009810257750613,0.524948024948025
E00635,178.7581949036956,0.5875588616969232,0.07859700567753572,0.8853228578317992,0.003081529729338071,6.654378866469411e-05,1.0049998299060658,0.15005344266799475,0.5130303651430412
E00636,23.996543516876727,0.8683504452545294,0.043298621714541005,1.3079033396474913,0.00010666395963898467,0.0002901311898244129,1.679392915666586,0.27705463162981253,0.4933751202407919
E00637,152.85798936723197,0.9833400967355603,0.11101875827654106,3.126559835113098,0.004041598183215741,0.0011217881672515146,4.04261951464301,0.2455833445511205,0.4864864864864865
E00638,68.82719042294607,0.5035261027189201,0.07802473143710995,0.7109102011206925,0.002714627460460978,0.000167149807979655,1.1655088788467336,0.18350684966019834,0.4712239712239712
E00639,31.743253466849637,0.30871499264757246,0.009466278983515788,0.6249080247419728,0.00015897956830198797,2.931305947363516e-06,0.7948939911527048,-0.017969248664681317,0.5225941554351934
E00640,30.403766891380833,0.36148765181283987,0.09644407503735097,2.8806163199973533,0.0005291309107753698,5.985640604864503e-06,5.473522231983234,-0.07142407881443115,0.5462878984192796
E00641,23.77071021687229,0.2653349512215596,0.011470113587068773,0.7081951866136789,0.00018438131979478715,2.141390227713898e-06,0.9698878927098303,-0.051280738656834246,0.5427010253642741
E00642,161.56799825982867,0.3233256640516869,0.008640493262792518,0.6005335611589251,0.00018115174563269155,2.101282244230939e-06,0.9017045562968833,-0.009139316213958516,0.5262155931256113
E00643,36.4706603157358,0.6742671478531855,0.042074566901724245,1.1929956956909007,0.00022099786044641942,9.137045543421745e-06,1.567064974433004,0.15875907306767786,0.48060153709725095
E00644,47.037442830364476,0.17721358370037443,0.006327247155663393,0.5275878274945245,0.00017624025914662,2.329347606490496e-06,0.8337800047737496,-0.009614732223673659,0.5384522661523625
E00645,17.25816054256646,0.5188496142600819,0.015608152855791934,0.8636834156630965,0.00018463936019512002,4.376267398982184e-06,1.4645144966619177,0.038001771670345394,0.519969687039161
E00646,66.13377977002166,0.14905730013335464,0.03945720020164212,2.0226858279128415,0.00075038958898089,8.246247086941545e-06,2.45789535119855,-0.01808744513327009,0.5381652661064426
E00647,14.427338248956275,0.36834448494365457,0.01912102882858604,0.6807031968867667,0.00032234848555473777,2.1576367853381604e-06,0.9631939158281002,-0.015737564239519372,0.5468463589401766
E00648,120.24571181161595,0.1554208238890006,0.05393911479707545,0.9832281846348379,0.00029174732629856767,6.529106464137207e-06,1.328222623752356,-0.026156568988088928,0.530581550802139
E00649,26.961636491787363,0.17111262984687253,0.015895175396566482,1.321296099950332,0.0006205941933963105,8.432099735254035e-06,1.56338089118597,-0.08189156265405075,0.5883853541416566
E00650,131.57967525213044,0.22391990175305462,0.007071763189722234,1.0503341134817972,0.0003834698763034534,6.640834234379758e-06,1.229051757078353,-0.01637101100278606,0.5402249134948096
E00651,55.90311691892063,0.11694762400960748,0.01312054261331453,1.7601744497283245,0.0003289746094589641,1.6986190218559138e-05,2.3489460062826724,-0.02922952897300756,0.5590306545153272
E00652,134.23601924188705,0.11136756958869037,0.033446820103182326,0.9066893662762578,0.0003461953304224382,6.022317135045563e-06,1.1599116597656385,-0.0571565768867366,0.5585356918568138
E00653,71.78630445228652,0.0,0.044911175038479925,1.1866076531019094,0.0011277783537368986,1.83498161218767e-05,1.628152760123207,-0.12057614968885219,0.5724789915966386
E00654,51.50373273575915,0.2255247101431325,0.03769246372696899,1.0041520467588632,0.0007744333978614809,8.271053100868677e-06,1.3316386742745245,0.08104832189387566,0.5678035043804756
E00655,34.611879789720284,0.34823747356473095,0.04579947347687968,0.918362965652914,0.0011353112593138492,2.0089795037987874e-05,1.2523593904378043,0.057762274817968695,0.5510287806109568
E00656,31.71610150586212,0.40367919383098316,0.007719277498211343,0.660724874539762,0.0007855895638919486,4.293664612305558e-06,0.9194639862728474,0.003677021965941083,0.5187837143591061
E00657,120.54446550848813,0.0728982074690181,0.011787108102664555,0.7464285767960537,0.0002420465148841214,4.377126088158703e-06,1.3225242290759527,-0.054925325150004034,0.5453921568627451
E00658,10.89441073584804,1.0,0.018617635016872747,1.1968753716687037,0.000976849145174779,6.872082320926512e-06,2.4312284062979943,0.27796994281441073,0.501969537815126
E00659,39.52739123230835,0.6179495856718541,0.038536991517098065,1.46643394746509,0.0009122690496801196,3.916619183532355e-05,2.781798937016138,0.14143789085418296,0.4876551538046411
E00660,19.766913509502036,0.33571805747515543,0.025828154404116583,0.7937877142962193,0.00030117190994155253,1.043302915845012e-05,1.136611351470075,-0.034669695759330724,0.5422010036241984
E00661,147.57128553261728,0.2657042376003642,0.0484716696391296,1.3114840424348682,0.00045830017547520823,1.3545383021797637e-05,2.5506655439583525,-0.014641179355689659,0.5625350140056022
E00662,102.08453025386454,0.5462729060164737,0.11896563467722707,1.7313331499490092,0.0003268131130962553,2.5164216062529594e-05,3.3216151579465536,0.1455006606601316,0.47058823529411764
E00663,17.046455609858597,0.7436882751570761,0.02059117446277535,1.3758023105046053,0.0018834271218708708,1.95536596398999e-05,1.1205338023605642,0.08657734033946031,0.4835016095990635
E00664,11.637883462722549,0.2861097113851028,0.02047869828845144,0.7164226451592675,0.0002788648677034256,8.159062608423013e-06,1.1304590308635165,-0.11334949038587162,0.5470588235294118
E00665,138.41971012928838,0.3378117143118342,0.04275135278008805,1.0123009638278226,0.001044031261712409,1.9861803499147796e-05,1.450553251675189,0.04944357829883389,0.5419000933706816
E00666,20.712436215133952,0.4860771514442963,0.05343713572817068,1.066727638687542,0.00044160926712553044,2.5461416720748924e-05,0.9412519494903683,0.02724293129406696,0.5367647058823529
E00667,36.924771747778344,0.49263296556026887,0.04391431787160858,2.289216634814129,0.0019270804926553727,7.092165140630716e-05,4.7392498256913,0.05429742613453338,0.5359477124183006
E00668,31.99031781175854,0.3919792735551858,0.04903765482538772,0.9309790897169634,0.00025338753910774184,4.07089708501021e-05,0.9302844294534474,-0.028207097049102178,0.486344537815126
E00669,19.4014058025544,0.35385190273860306,0.061595642650666756,0.6851890171307154,0.0013780187318694576,1.779972745870982e-05,0.8316886112897888,-0.013803428608186662,0.5509049773755657
E00670,57.0645160784688,0.27029317071961684,0.09998213178563864,1.0588476877761204,0.0010334583013591587,4.925650464860602e-05,1.1399374790054297,0.050607377870613174,0.5103138570864587
E00671,50.4675214786592,0.18445735538994984,0.14142880936276808,1.2729022195298323,0.0032445579197680928,4.249112358630186e-05,1.1528491703038346,-0.010616917506013096,0.525735294117647
E00672,41.51418115817286,0.15826791369557602,0.047990566510295804,0.6663946639954568,0.0005251351809283664,1.3242560065656136e-05,1.0358069409496773,-0.06443261176518099,0.5201504265828468
E00673,30.495889206575452,0.21014395081427661,0.03302252684322612,0.7960232823040071,0.000435352603910642,7.242370147583607e-06,1.0927031340288216,-0.0246292901988453,0.5697687471935339
E00674,20.57355438370726,0.690552325332814,0.021865218724342782,1.5206051070631097,0.0032094737280177798,0.00017023007890378948,2.6512322627083362,0.08929193721610035,0.5025275735294117
E00675,65.83313902180181,0.11309383711023352,0.03182761318868655,0.8236393591949122,0.0003598330161602354,4.647569548613634e-05,1.1388465392609777,-0.0072918419054413324,0.5279643353404353
E00676,23.653326114542978,0.9972776474598042,0.008489103448899318,1.7304174525476257,0.0003546670291104003,8.099307209580112e-05,3.483844753773781,0.28727737157788336,0.4777039848197343
E00677,70.13174193910378,0.40176911987546815,0.026368036911778994,2.5969052739908363,0.007547500316359859,0.0001721453030523483,4.150444054588463,0.04404571085195985,0.4887254901960784
E00678,134.36249490970184,0.6912010551970429,0.017405241945329893,2.9048713264081236,0.0018077779066297283,0.00016712383426054504,5.546874520440468,0.17815412541987857,0.5042016806722689
E00679,115.32112450263712,0.06470580321754399,0.009155273407860563,0.6493255039135196,0.0004204961175387053,3.1624209588820245e-05,0.792122564066337,-0.07024877943261879,0.5266884531590414
E00680,23.745175839290486,0.3027073431840911,0.022399189845386445,0.6791053171851955,0.00019685728040176834,3.118690707368359e-05,0.9199041513238366,-0.04501092963184694,0.5318627450980392
E00681,9.773948095331798,0.5009564079646813,0.06747480771003414,0.8208045813844896,0.001249138592890796,3.212342617504656e-05,1.1442165098474844,0.02709662290254355,0.5318627450980392
E00682,39.85826692416,0.0,0.06389037115427529,0.9256091151426573,0.000579312172668606,0.00014666387711344134,1.4268488866248217,-0.11927888732037474,0.5888905066977286
E00683,30.78424847566126,0.01953885903910929,0.03382375790697477,0.616882409884261,0.0009909962118270785,8.806938667349281e-06,1.0346983174413307,-0.11388096244504438,0.573134092346616
E00684,28.775339341900597,0.37599044885801514,0.05019939192454514,1.3209544152127346,0.004104493613826218,0.00033534384639355745,1.8512899797606988,-0.03710009715877458,0.5193706514864009
E00685,177.04008678039884,0.6109842338536611,0.5428281496246906,4.408179571967196,0.008509347863430121,0.0009212389368049828,5.3474369090647,0.032881758240623046,0.5601023017902813
E00686,91.59469804888077,0.038555888684235984,0.11699073006204189,1.7540773151921487,0.009748341019632645,0.0006886047474305,2.471734120370656,0.01428861674682945,0.5797511312217194
E00687,129.087509790033,0.06071190718845754,0.07453945169989992,0.9840296898321645,0.003227714554757178,6.781113558589332e-05,0.9952053903105784,-0.07575604316268192,0.5678334714167357
E00688,30.310956753880195,0.4040530984949757,0.03924106773690522,1.4066101716478567,0.00025284878505809233,0.0002913985367456121,1.6695984760710987,0.05124514579913586,0.5481782265144863
E00689,147.87657886961054,0.49554070971561387,0.1069612042989053,3.2252666671134635,0.0041877830086348485,0.001123055514172714,4.032825075047523,0.019773858720443807,0.541289592760181
E00690,59.120985266374404,0.08109411078196349,0.07396717745947418,0.8096170331210579,0.002860812285880086,0.00016841715490085418,1.1557144392512462,-0.04230263617047833,0.5260270774976656
E00691,59.57122856457866,0.17803581787802764,0.09483437081077639,2.6995231524215515,0.00037342229672793746,4.728647854272938e-06,5.143787669813965,-0.0748537113191246,0.5247644067956494
E00692,52.719971909303005,0.10140100486261808,0.009860409360494203,0.5271020190378769,2.8672705747354802e-05,8.843974771223326e-07,0.6401533305405607,-0.054710371161527716,0.5211775337406439
E00693,140.2461332900113,0.2839474737017822,0.007030789036217948,0.41944039358312324,2.54431315852592e-05,8.442894936393736e-07,0.5719699941276136,-0.01256894871865198,0.5046921015019812
E00694,29.410776912927577,0.7569089186584713,0.040464862675149676,1.0119025281150988,6.52892463989871e-05,7.88005279283018e-06,1.2373304122637343,0.1553294405629844,0.45907804547362074
E00695,76.75786926855601,0.08155711245843203,0.004717542929088822,0.34649465991872264,2.0531645099187644e-05,1.0723548558989306e-06,0.50404544260448,-0.013044364728367123,0.5169287745287324
E00696,26.740154882981383,0.47314304701886606,0.013998448629217362,0.6825902480872946,2.8930746147687682e-05,3.119274648390619e-06,1.134779934492648,0.034572139165651924,0.4984461954155309
E00697,96.88834670984936,0.18620186764190233,0.03784749597506755,1.8415926603370396,0.0005946809749334576,6.98925433634998e-06,2.1281607890292804,-0.021517077637963553,0.5166417744828125
E00698,31.62998807934345,0.28605950833850313,0.01751132460201147,0.4996100293109649,0.00016663987150730545,9.006440347465949e-07,0.6334593536588307,-0.019167196744212835,0.5253228673165464
E00699,95.64757308185244,0.10132091000187082,0.05232941057050088,0.8021350170590359,0.00013603871225113535,5.272113713545642e-06,0.9984880615830863,-0.02958620149278239,0.5090580591785089
E00700,47.20941640453468,0.03489215182348743,0.01428547116999191,1.1402029323745302,0.0004648855793488782,7.1751069846624705e-06,1.2336463290167003,-0.0853211951587442,0.5668618625180265
E00701,153.39898694239284,0.3385715183627269,0.005462058963147663,0.8692409459059953,0.00022776126225602103,5.383841483788193e-06,0.8993171949090834,-0.019800643507479523,0.5187014218711795
E00702,24.453556534107147,0.3658352971747217,0.01151083838673996,1.5790812821525226,0.00017326599541153171,1.5729197467967574e-05,2.019211444113403,-0.032659161477701024,0.5375071628916971
E00703,106.27373199070239,0.03382331417943135,0.03183711587660775,0.725596198700456,0.00019048671637500583,4.765324384453998e-06,0.8301770975963688,-0.060586209391430064,0.5370122002331837
E00704,40.08770131970753,0.04195403724090374,0.04330147081190536,1.0055144855261076,0.0009720697396894661,1.7092823371285132e-05,1.2984181979539375,-0.12400578219354565,0.5509554999730084
E00705,28.061885726529038,0.4399178309731637,0.03608275950039442,0.8230588791830613,0.0006187247838140486,7.014060350277112e-06,1.001904112105255,0.0776186893891822,0.5462800127568455
E00706,64.59324517017828,0.07694975882704432,0.044189769250305114,0.737269798077112,0.000979602645266417,1.8832802287396306e-05,0.9226248282685346,0.05433264231327523,0.5295052889873266
E00707,43.82983674213767,0.28699133969646345,0.006109573271636772,0.47963170696396007,0.0006298809498445163,3.0366718617139924e-06,0.5897294241035778,0.00024738946124761886,0.4972602227354759
E00708,88.87196357852196,0.01451565603402627,0.010177403876089983,0.5653354092202517,8.633790083668904e-05,3.1201333375671374e-06,0.992789666906683,-0.0583549576546975,0.5238686652391149
E00709,28.16236613031451,0.8923831808646878,0.017007930790298175,1.0157822040929019,0.0008211405311273468,5.615089570334947e-06,2.1014938441287248,0.27454031030971726,0.4804460461914959
E00710,70.71498911570107,0.48249382715382,0.0369272872905235,1.2853407798892882,0.0007565604356326872,3.790919908473199e-05,2.4520643748468682,0.1380082583494895,0.466131662181011
E00711,22.877296325301323,0.3862306391678768,0.02421845017754201,0.6126945467204173,0.00014546329589412019,9.176036407858555e-06,0.8068767893008054,-0.03809932826402419,0.5206775120005683
E00712,143.70989073324202,0.2585442003143189,0.04686196541255503,1.1303908748590663,0.0003025915614277759,1.2288390271206072e-05,2.2209309817890825,-0.018070811860383125,0.541011522381972
E00713,81.78579012977353,0.5556296517864607,0.11735593045065248,1.5502399823732074,0.00017110449904882296,2.3907223311938026e-05,2.991880595777284,0.14207102815543812,0.44906474367048743
E00714,16.500772512244847,0.7750509903302573,0.018981470236200778,1.1947091429288035,0.0017277185078234385,1.8296666889308332e-05,0.7907992401912946,0.08314770783476685,0.4619781179754333
E00715,41.377392540937706,0.09825289544899773,0.01886899406187687,0.5353294775834655,0.00012315625365599326,6.902069857831448e-06,0.8007244686942468,-0.11677912289056508,0.5255353319057816
E00716,168.4544157324547,0.46121404646342307,0.04114164855351348,0.8312077962520208,0.0008883226476649769,1.860481074855623e-05,1.1208186895059193,0.04601394579414043,0.5203766017470515
E00717,26.697389218693836,0.44759825279452264,0.05182743150159611,0.88563447111174,0.0002859006530780981,2.4204423970157356e-05,0.6115173873210986,0.023813298789373494,0.5152412142587228
E00718,16.225527981557548,0.6504814709775584,0.04230461364503401,2.108123467238327,0.0017713718786079404,6.966465865571558e-05,4.409515263522031,0.05086779362983991,0.5144242207946705
E00719,20.27692819605612,0.5147254114985149,0.047427950598813155,0.7498859221411615,9.76789250603095e-05,3.9451978099510536e-05,0.6005498672841777,-0.031636729553795644,0.4648210461914959
E00720,12.82149049702132,0.42864109319549815,0.05998593842409219,0.5040958495549136,0.0012223101178220252,1.6542734708118253e-05,0.5019540491205191,-0.017233061112880126,0.5293814857519354
E00721,26.402746348597073,0.5680236038185597,0.09837242755906406,0.8777545202003185,0.0008777496873117262,4.799951189801446e-05,0.8102029168361602,0.04717774536591971,0.48879036546282856
E00722,29.270249996638643,0.41370042138988916,0.13981910513619353,1.0918090519540304,0.0030888493057206604,4.12341308357103e-05,0.8231146081345649,-0.01404655001070656,0.5042118024940169
E00723,21.316448601187055,0.382233769980507,0.046380862283721236,0.4853014964196549,0.000369426566880934,1.1985567315064571e-05,0.7060723787804075,-0.06786224426987444,0.4986269349592167
E00724,2.3916514159610864,0.442356871395994,0.03141282261665155,0.6149301147282052,0.0002796439898632097,5.9853773969920425e-06,0.7629685718595519,-0.028058922703538762,0.5482452555699038
E00725,22.27277208118122,0.6603544433179868,0.02025551449776821,1.3395119394873078,0.003053765113970347,0.00016897308615319793,2.3214977005390667,0.08586230471140689,0.4810040819057816
E00726,37.66873419253288,0.3014630676036314,0.03021790896211198,0.6425461916191103,0.00020412440211280307,4.521870273554478e-05,0.809111977091708,-0.010721474410134796,0.5064408437168052
E00727,55.224685414374456,0.7975962988101708,0.0068793992223247485,1.5493242849718238,0.00019895841506296794,7.973607934520954e-05,3.1541101916045116,0.2838477390731899,0.4561804931961042
E00728,82.10104847311318,0.4356084453085716,0.024758332685204422,2.4158121064150344,0.007391791702312426,0.00017088831030175676,3.8207094924191933,0.04061607834726638,0.46720199857244826
E00729,143.29820927215073,0.7725498716865087,0.01579553771875532,2.7237781588323218,0.001652069292582296,0.0001658668415099535,5.217139958271199,0.1747244929151851,0.48267818904863874
E00730,121.75284673452805,0.13700459628495665,0.007545569181285993,0.4682323363377177,0.000264787503491273,3.036721683822868e-05,0.46238800189706736,-0.07367841193731224,0.5051649615354112
E00731,55.48830829852029,0.1456719782382922,0.020789485618811873,0.49801214960939366,4.1148666354336e-05,2.992991432309202e-05,0.590169589154567,-0.048440562136540403,0.5103392534744091
E00732,41.0040481003284,0.34444143180230974,0.06586510348345957,0.6397114138086878,0.0010934299788433637,3.0866433424454996e-05,0.8144819476782146,0.023666990397850085,0.5103392534744091
E00733,52.111705187134326,0.0,0.06228066692770072,0.7445159475668555,0.0004236035586211737,0.0001454068843628498,1.0971143244555521,-0.1227085198250682,0.5673670150740984
E00734,62.00270460541469,0.0,0.0322140536804002,0.4357892423084591,0.0008352875977796463,7.549945916757716e-06,0.7049637552720611,-0.11731059494973783,0.551610600722986
E00735,43.62541928632875,0.32351210493558796,0.04858968769797057,1.1398612476369328,0.003948784999778785,0.00033408685364296587,1.5215554175914292,-0.040529729663468045,0.49784715986277084
E00736,147.8622914203183,0.5878607756731024,0.541218445398116,4.227086404391394,0.00835363924938269,0.0009199819440543912,5.0177023468954305,0.029452125735929584,0.5385788101666511
E00737,111.30658070003598,0.15777693364263634,0.1153810258354673,1.5729841476163469,0.009592632405585213,0.0006873477546799085,2.141999558201386,0.010858984242135985,0.5582276395980893
E00738,98.10945361833919,0.0,0.07292974747332535,0.8029365222563627,0.003072005940709746,6.655414283530175e-05,0.6654708281413088,-0.07918567566737537,0.5463099797931055
E00739,62.052542111413565,0.19069074415073348,0.037631363510330654,1.2255170040720549,9.714017101066001e-05,0.0002901415439950205,1.3398639139018291,0.04781551329444239,0.5266547348908562
E00740,121.02999896857239,0.37994109148349814,0.10535150007233071,3.0441734995376617,0.004032074394587416,0.0011217985214221223,3.703090512878253,0.016344226215750345,0.5197661011365509
E00741,58.547605265922705,0.1731606843863801,0.0723574732328996,0.628523865545256,0.0027051036718326532,0.00016716016215026264,0.8259798770819765,-0.0457322686751718,0.5045035858740355
E00742,6.878634883127279,0.4836801157123647,0.09683820541432939,2.7828103142932576,0.0003988240482207366,3.93873213462332e-06,5.31878157137109,-0.10816520131127755,0.5448712767247302
E00743,158.56183487298102,0.3707223090206858,0.09400858509005312,2.675148688838504,0.000395594474058641,3.8986241511403604e-06,5.250598234958144,-0.06602377886840181,0.5283858444860674
E00744,65.53854450269604,0.5649838881270275,0.12744265872898486,3.2676108233704797,0.0004354405888723689,1.0934387450331168e-05,5.915958653094264,0.10187461041323456,0.4827717884577071
E00745,17.188297226695568,0.4927867623236458,0.091695338982924,2.6022029551741035,0.00039068298757256946,4.1266895133999175e-06,5.182673683435009,-0.06649919487811695,0.5406225175128188
E00746,34.474106585487576,0.4629990920029033,0.10097624468305254,2.9382985433426754,0.0003990820886210695,6.173609305891606e-06,5.813408175323177,-0.0188826909840979,0.5221399383996171
E00747,37.49204787430239,0.3913218014001577,0.12482529202890272,4.09730095559242,0.0009648323174068394,1.0043588993850967e-05,6.80678902985981,-0.07497190778771338,0.5403355174668987
E00748,41.57930482557319,0.22617426688651343,0.10448912065584665,2.7553183245663457,0.0005367912139806872,3.954978692247581e-06,5.31208759448936,-0.07262202689396266,0.5490166103006328
E00749,123.22193040927077,0.23510435397084017,0.13930720662433604,3.0578433123144166,0.0005061900547245171,8.326448371046628e-06,5.677116302413616,-0.08304103164253222,0.5327518021625952
E00750,18.832198901332866,0.29990973459516124,0.10126326722382709,3.395911227629911,0.00083503692182226,1.0229441642163456e-05,5.91227456984723,-0.13877602530849403,0.5905556055021128
E00751,101.18420060574127,0.15743048453243613,0.09243985501698285,3.124949241161376,0.0005979126047294029,8.43817614128918e-06,5.577945435739613,-0.07325547365722936,0.5423951648552658
E00752,83.89160920376041,0.11503680554574494,0.09848863444057514,3.8347895774079035,0.0005434173378849135,1.878353212546856e-05,6.697839684943933,-0.08611399162745086,0.5612009058757834
E00753,138.83535612075812,0.21132878408942696,0.11881491193044293,2.981304493955837,0.0005606380588483877,7.819659041954985e-06,5.508805338426899,-0.11404103954117989,0.5607059432172701
E00754,97.3887681202423,0.0,0.13027926686574054,3.2612227807814884,0.001342221082162848,2.014715802878612e-05,5.977046438784467,-0.17746061234329547,0.5746492429570947
E00755,81.9064498287235,0.19698169745717367,0.1230605555542296,3.078767174438442,0.0009888761262874302,1.0068395007778098e-05,5.680532352935785,0.024163859239432373,0.5699737557409317
E00756,5.47140079619474,0.6672289775254128,0.13116756530414028,2.9929780933324928,0.0013497539877397988,2.1887136944897295e-05,5.601253069099064,0.0008778121635254071,0.5531990319714128
E00757,29.02739336598659,0.4483013526107455,0.09308736932547194,2.735340002219341,0.001000032292317898,6.091006519214979e-06,5.268357664934108,-0.05320744068850221,0.5209539657195622
E00758,145.65979047014733,0.24232840799961122,0.09715519992992516,2.8210437044756325,0.00045648924331007085,6.174467995068124e-06,5.671417907737212,-0.11180978780444732,0.5475624082232011
E00759,31.46462263025922,0.8720265374566813,0.10398572684413335,3.2714904993482827,0.0011912918736007286,8.669424227835933e-06,6.780122084959254,0.22108548015996746,0.5041397891755821
E00760,26.721126985114175,0.7632437072957583,0.12390508334435868,3.541049075144669,0.001126711778106069,4.0963533742232975e-05,7.130692615677398,0.08455342819973966,0.4898254051650972
E00761,38.92489410623629,0.24681848293443345,0.1111962462313772,2.868402841975798,0.000515614638367502,1.223037106535954e-05,5.4855050301313355,-0.09155415841377401,0.5443712549846547
E00762,142.21893234370194,0.2827780613381215,0.1338397614663902,3.3860991701144467,0.0006727429039011577,1.534272492870706e-05,6.8995592226196125,-0.07152564201013295,0.5647052653660584
E00763,103.98001243549433,0.6087825022536713,0.20433372650448767,3.805948277628588,0.0005412558415222048,2.6961557969439015e-05,7.670508836607814,0.08861619800568829,0.47275848665457376
E00764,43.08110681727037,0.5867095058580158,0.10595926629003596,3.450417438184184,0.0020978698502968204,2.135100154680932e-05,5.469427481021825,0.029692877685017022,0.48567186095951964
E00765,18.917554944862424,0.2865285029155807,0.10584679011571205,2.7910377728388465,0.000493307596129375,9.956404515332435e-06,5.479352709524776,-0.1702339530403149,0.5492290748898678
E00766,109.40365061843794,0.26415318615149996,0.12811944460734864,3.0869160915074016,0.0012584739901383586,2.1659145406057218e-05,5.799446930336449,-0.007440884355609398,0.5440703447311377
E00767,36.29712115337953,0.4022322363243888,0.1388052275554313,3.1413427663671207,0.00065605199555148,2.7258758627658345e-05,5.290145628151628,-0.02964153136037633,0.538934957242809
E00768,57.791560591112415,0.38540353835899743,0.12928240969886917,4.3638317624937075,0.0021415232210813223,7.271899331321657e-05,9.08814350435256,-0.0025870365199099146,0.5381179637787568
E00769,50.07145663340806,0.3546582425095054,0.13440574665264832,3.005594217396542,0.0004678302675336913,4.250631275701152e-05,5.279178108114707,-0.08509155970354547,0.4885147891755821
E00770,48.77526391541148,0.16149006035483013,0.14696373447792738,2.7598041448102943,0.0015924614602954071,1.9597069365619242e-05,5.180582289951049,-0.07068789126262995,0.5530752287360217
E00771,85.9350641281514,0.3100561108353202,0.18535022361289924,3.133462815455699,0.001247901029785108,5.105384655551545e-05,5.48883115766669,-0.006277084783830114,0.5124841084469148
E00772,80.82083978888608,0.17896948370940646,0.2267969011900287,3.3475173472094113,0.0034590006481940425,4.4288465493211285e-05,5.501742848965095,-0.06750138016045638,0.5279055454781032
E00773,60.15251954921336,0.1252942098821763,0.13335865833755642,2.741009791675036,0.0007395779093543157,1.5039901972565559e-05,5.384700619610937,-0.12131707441962428,0.522320677943303
E00774,57.72535573297047,0.07480665499269029,0.11839061867048672,2.8706384099835858,0.0006497953323365915,9.039712054493028e-06,5.441596812690081,-0.08151375285328859,0.57193899855399
E00775,39.82654401845483,0.5796120878427509,0.10723331055160339,3.5952202347426887,0.003423916456443729,0.00017202742081069892,7.000125941369596,0.03240747456165706,0.5046978248898679
E00776,95.91002231091389,0.13324587501975288,0.11719570501594716,2.898254486874491,0.0005742757445861849,4.827303739304576e-05,5.487740217922237,-0.06417630455988463,0.5301345867008915
E00777,12.236503325815631,1.0,0.09385719527615993,3.8050325802272047,0.0005691097575363498,8.279041400271053e-05,7.8327384324350415,0.23039290892344008,0.4798742361801904
E00778,49.137348265696325,0.5801113126677548,0.1117361287390396,4.671520401670415,0.007761943044785808,0.00017394264495925775,8.499337733249723,-0.012838751802483443,0.49089574155653454
E00779,105.98072858080945,0.6586056195163285,0.1027733337725905,4.979486454087702,0.0020222206350556777,0.00016892117616745448,9.895768199101727,0.12126966276543527,0.506371932032725
E00780,117.40495527861626,0.1356953641383666,0.09452336523512117,2.7239406315930985,0.0006349388459646547,3.342155149572967e-05,5.141016242727597,-0.12713324208706206,0.5288587045194975
E00781,15.49905142509867,0.4789565259208053,0.10776728167264706,2.7537204448647743,0.0004113000088277178,3.298424898059301e-05,5.268797829985097,-0.10189539228629023,0.5340329964584953
E00782,20.865024683857655,0.5319366208170708,0.15284289953729474,2.8954197090640683,0.0014635813213167456,3.392076808195598e-05,5.493110188508744,-0.02978783975189974,0.5340329964584953
E00783,58.305807974216926,0.0,0.1492584629815359,3.0002242428222363,0.0007937549010945556,0.00014846121902035078,5.775742565286082,-0.17616334997481803,0.5910607580581847
E00784,8.846374040297887,0.2837585250167874,0.11919184973423538,2.6914975375638397,0.001205438940253028,1.0604280574258704e-05,5.383591996102591,-0.17076542509948767,0.5753043437070722
E00785,25.77544391163655,0.45775746940995005,0.13556748375180575,3.3955695428923134,0.004318936342252167,0.00033714118830046686,6.200183658421959,-0.09398455981321788,0.5215409028468572
E00786,151.28097809372815,0.6351177057410093,0.6281962414519512,6.4827946996467745,0.00872379059185607,0.0009230362787118922,9.69633058772596,-0.02400270441382024,0.5622725531507374
E00787,62.84292651461024,0.12517120699282686,0.2023588218893025,3.8286924428717275,0.009962783748058594,0.0006904020893374094,6.820627799031916,-0.04259584590761384,0.5819213825821756
E00788,156.8801549627359,0.2326656960592025,0.15990754352716052,3.0586448175117433,0.003442157283183128,6.960847749280273e-05,5.344099068971838,-0.13264050581712522,0.5700037227771918
E00789,16.16668621105881,0.6370822564501134,0.12460915956416582,3.4812252993274355,0.0004672915134840418,0.0002931958786525215,6.018492154732359,-0.005639316855307434,0.5503484778749426
E00790,173.82282424625916,0.6217308806591328,0.1923292961261659,5.299881794793043,0.004402225737060798,0.0011248528560796232,8.381718753708782,-0.03711060393399948,0.5434598441206371
E00791,53.445023399089514,0.18715481516333568,0.15933526928673478,2.8842321608006367,0.0030752550143060354,0.00017021449680776362,5.504608117912506,-0.09918709882492163,0.5281973288581219
E00792,164.5843214160769,0.29262872743031687,0.009034623639770933,0.5027275554548293,5.0844883078058354e-05,5.437377398975559e-08,0.7469638956847392,-0.04588043871080491,0.5247989714310619
E00793,59.49180219484258,0.48116226849524424,0.04246869727870266,1.095189689986805,9.069099789178625e-05,7.090137073180562e-06,1.4123243138208599,0.12201795057083145,0.4791849154027016
E00794,24.054412770679615,0.3091308848345037,0.006721377532641807,0.4297818217904287,4.59333965919868e-05,2.824391362493125e-07,0.6790393441616056,-0.046355854720520055,0.5370356444578133
E00795,28.000001925161357,0.3978119794915388,0.016002283232770347,0.7658774099590007,5.433249764048684e-05,2.329358928741001e-06,1.3097738360497735,0.0012606491734989955,0.5185530653446117
E00796,44.25928288437177,0.17142817631084428,0.03985133057862053,1.9248798222087455,0.0006200827264262568,6.199338616700362e-06,2.303154690586406,-0.05482856763011648,0.5367486444118932
E00797,35.71832578744194,0.1710953814727728,0.019515159205564455,0.5828971911826709,0.00019204162300010463,1.1072831509697692e-07,0.8084532552159562,-0.05247868673636577,0.5454297372456273
E00798,121.83520633124931,0.11542950254447296,0.054333245174053864,0.8854221789307419,0.00016144046374393453,4.4821979938960235e-06,1.1734819631402118,-0.06289769148493532,0.5291649291075897
E00799,15.198601721721687,0.19859726040463793,0.016289305773544895,1.2234900942462361,0.0004902873308416774,6.385191265012852e-06,1.408640230573826,-0.11863268515089714,0.5869687324471073
E00800,107.82568820445054,0.044098521855266304,0.007465893566700648,0.9525281077777014,0.0002531630137488202,4.593925764138575e-06,1.074311096466209,-0.05311213349963245,0.5388082918002604
E00801,77.07494541513462,0.0,0.013514672990292945,1.6623684440242286,0.0001986677469043309,1.4939281748317955e-05,2.1942053456705284,-0.06597065146985395,0.5576140328207779
E00802,137.73721024972164,0.0652825450213666,0.03384095048016074,0.808883360572162,0.000215888467867805,3.97540866480438e-06,1.0051709991534943,-0.093897699383583,0.5571190701622646
E00803,90.87247729809077,0.0,0.04530530541545834,1.0888016473978135,0.0009974714911822652,1.6302907651635516e-05,1.4734120995110631,-0.15731727218569858,0.5710623699020893
E00804,75.21481950333057,0.0836549637092481,0.0380865941039474,0.9063460410547673,0.0006441265353068478,6.224144630627494e-06,1.1768980136623806,0.04430719939702927,0.5663868826859262
E00805,11.963087721351757,0.4836496870172795,0.046193603853858095,0.820556959948818,0.001005004396759216,1.804288656774669e-05,1.0976187298256601,0.021021152321122304,0.5496121589164074
E00806,25.45477505165192,0.32926527345414336,0.008113407875189757,0.5629188688356661,0.0006552827013373155,2.2467561420643747e-06,0.7647233256607033,-0.03306410053090531,0.5173670926645567
E00807,139.61290496046925,0.09907800774406378,0.012181238479642968,0.6486225710919578,0.00011173965232948819,2.3302176179175196e-06,1.1677835684638085,-0.09166644764685042,0.5439755351681956
E00808,24.659637549007012,0.8444885474258441,0.01901176539385116,1.099069365964608,0.000846542282620146,4.825173850685329e-06,2.2764877456858503,0.24122882031756435,0.5005529161205766
E00809,29.042571587068068,0.6567358907122485,0.03893112189407648,1.3686279417609941,0.0007819621871254864,3.711928336508237e-05,2.627058276403994,0.10469676835733654,0.4862385321100917
E00810,32.449341325524834,0.18113973995802773,0.026222284781094996,0.6959817085921234,0.00017086504738691936,8.386120688208936e-06,0.981870690857931,-0.07141081825617712,0.5407843819296492
E00811,146.80269401084226,0.17941939995481537,0.04886580001610801,1.2136780367307722,0.00032799331292057503,1.1498474551556453e-05,2.395924883346208,-0.051382301852536054,0.5611183923110529
E00812,102.27412924260341,0.46136149026020473,0.11935976505420548,1.6335271442449133,0.00019650625054162214,2.311730759228841e-05,3.1668744973344096,0.10875953816328518,0.46917161359956827
E00813,36.2414806444588,0.5013083334746637,0.020985304839753763,1.2779963048005094,0.0017531202593162377,1.7506751169658716e-05,0.9657931417484201,0.04983621784261392,0.48208498790451415
E00814,12.171570514824685,0.2331937447647477,0.020872828665429857,0.6186166394551715,0.0001485580051487924,6.11215413818183e-06,0.9757183702513724,-0.15009061288271802,0.5456422018348623
E00815,116.28088492594804,0.1744037382927923,0.04314548315706646,0.9144949581237268,0.000913724399157776,1.7814895028906613e-05,1.295812591063045,0.012702455801987499,0.5404834716761322
E00816,30.069853467317394,0.3274535657112443,0.05383126610514909,0.968921632983446,0.00031130240457089725,2.341450825050774e-05,0.7865112888782242,-0.009498191202779435,0.5353480841878036
E00817,51.54732134797989,0.31658005505761483,0.04430844824858699,2.191410629110033,0.0017967736301007396,6.887474293606597e-05,4.584509165079156,0.017556303637686982,0.5345310907237513
E00818,44.02097043961444,0.24084773533398277,0.04943178520236614,0.8331730840128675,0.00012308067655310867,3.866206237986092e-05,0.7755437688413033,-0.06494821954594857,0.4849279161205766
E00819,41.912289321602664,0.13770165196072776,0.06198977302764517,0.5873830114266196,0.0012477118693148244,1.5752818988468637e-05,0.6769479506776447,-0.05054455110503306,0.5494883556810162
E00820,79.06869880080852,0.151265693670614,0.10037626216261705,0.9610416820720246,0.0009031514388045254,4.720959617836484e-05,0.9851968183932858,0.013866255373766782,0.5088972353919093
E00821,74.23811356625957,0.09167360268411542,0.1418229397397465,1.1750962138257366,0.00311425105721346,4.044421511606068e-05,0.9981085096916905,-0.047358040002859494,0.5243186724230977
E00822,54.23738640759298,0.02271737830996995,0.04838469688727422,0.568588658291361,0.00039482831837373315,1.1195651595414952e-05,0.8810662803375331,-0.10117373426202739,0.5187338048882975
E00823,50.89777760053997,0.0,0.03341665722020453,0.6982172765999113,0.0003050457413560088,5.195461677342424e-06,0.9379624734166775,-0.0613704126956917,0.5683521254989845
E00824,33.37045532014905,0.4826092640933109,0.022259349101321196,1.4227991013590138,0.0030791668654631464,0.0001681831704335483,2.4964916020961923,0.052550814719253956,0.5011109518348624
E00825,89.0621091800089,0.04377727422703598,0.03222174356566496,0.7258333534908163,0.00022952615360560225,4.442878701589516e-05,0.9841058786488336,-0.044032964402287725,0.526547713645886
E00826,10.684445478152448,1.0,0.008883233825877733,1.6326114468435298,0.00022436016655576712,7.894616362555993e-05,3.329104093161637,0.250536249081037,0.47628736312518494
E00827,52.027135967411944,0.4538238039973464,0.026762167288757407,2.4990992682867406,0.007417193453805225,0.00017009839458210712,3.995703393976319,0.007304588355113453,0.48730886850152905
E00828,111.77262296618528,0.5732406802523597,0.017799372322308306,2.807065320704028,0.0016774710440750952,0.00016507692579030385,5.392133859828324,0.14141300292303216,0.5027850589777195
E00829,119.2821494717725,0.0,0.009549403784838978,0.5515194982094237,0.0002901892549840721,2.9577301118579064e-05,0.637381903454193,-0.10698990192946517,0.525271831464492
E00830,14.035677330252646,0.3414880631632323,0.022793320222364858,0.5812993114810997,6.655041784713515e-05,2.9139998603442406e-05,0.7651634907116925,-0.08175205212869333,0.5304461234034898
E00831,14.509983824119042,0.46772948625431954,0.06786893808701257,0.7229985756803938,0.001118831730336163,3.0076517704805377e-05,0.9894758492353402,-0.009644499594302844,0.5304461234034898
E00832,54.72809381767071,0.0,0.0642845015312537,0.8278031094385615,0.00044900531011397285,0.00014461696864320015,1.2721082260126777,-0.15602000981722114,0.5874738850031792
E00833,11.97579440359374,0.16496351026725997,0.03421788828395319,0.5190764041801651,0.0008606893492724455,6.760030197108098e-06,0.8799576568291867,-0.15062208494189078,0.5717174706520667
E00834,21.881398033831104,0.3633642884579609,0.05059352230152355,1.2231484095086387,0.003974186751271584,0.0003332969379233163,1.6965493191485548,-0.07384121965562097,0.5179540297918517
E00835,158.05684789242775,0.49523149327966076,0.5432222800016691,4.310373566263101,0.008379041000875487,0.0009191920283347416,5.192696248452556,-0.003859364256223345,0.5586856800957319
E00836,68.5864178659603,0.029996500439513518,0.1173848604390203,1.6562713094880528,0.009618034157078011,0.0006865578389602588,2.316993459758512,-0.022452505750016945,0.5783345095271701
E00837,150.37378754332343,0.04760931880552549,0.07493358207687835,0.8862236841280687,0.0030974076922025452,6.576422711565213e-05,0.8404647296984343,-0.1124971656595283,0.5664168497221863
E00838,17.458774451775326,0.4780535461094507,0.039635198113883635,1.3088041659437608,0.00012254192250345917,0.00028935162827537094,1.5148578154589547,0.014504023302289462,0.5467616048199371
E00839,170.9667659028845,0.5033356037360324,0.1073553346758837,3.127460661409368,0.004057476146080215,0.0011210086057024727,3.8780844144353788,-0.016967263776402588,0.5398729710656316
E00840,52.12418905457356,0.03667506325317693,0.07436130783645259,0.711811027416962,0.0027305054233254526,0.000166370246430613,1.0009737786391022,-0.07904375866732473,0.5246104558031164
E00841,126.20388012426474,0.6354407620140301,0.0396390769544264,0.9875280645320512,8.746142372969065e-05,7.050029089697603e-06,1.344140977407913,0.1641593730137072,0.46269948316403875
E00842,141.9867780951709,0.26886821906899333,0.003891757208365552,0.322120196335675,4.27038224298912e-05,2.4233115276635345e-07,0.6108560077486584,-0.00421443227764432,0.5205502122191503
E00843,166.6479481313731,0.4651579880723239,0.013172662908494092,0.6582157845042469,5.110292347839124e-05,2.289250945258042e-06,1.2415904996368266,0.04340207161637473,0.5020676331059488
E00844,121.46243844206522,0.2644772828605182,0.037021710254344274,1.8172181967539918,0.0006168531522641611,6.159230633217403e-06,2.234971354173459,-0.012687145187240751,0.5202632121732303
E00845,147.14175962774559,0.29239900721385736,0.0166855388812882,0.47523556572791725,0.000188812048838009,7.062033161401787e-08,0.7402699188030091,-0.010337264293490033,0.5289443050069644
E00846,70.10643363638843,0.11494316929125664,0.05150362484977761,0.7777605534759883,0.0001582108895818389,4.442090010413064e-06,1.1052986267272649,-0.02075626904205959,0.5126794968689268
E00847,171.16692869378554,0.18985613512037508,0.01345968544926864,1.1158284687914826,0.0004870577566795817,6.345083281529893e-06,1.3404568941608788,-0.07649126270802141,0.5704833002084444
E00848,62.698208734505016,0.11147201359227549,0.004636273242424392,0.8448664823229477,0.0002499334395867246,4.553817780655615e-06,1.0061277600532619,-0.010970711056756722,0.5223228595615974
E00849,116.56895298851428,0.18233020853092186,0.01068505266601669,1.5547068185694748,0.00019543817274223526,1.4899173764834995e-05,2.1260220092575812,-0.023829229026978222,0.541128600582115
E00850,54.41389086942299,0.03662204060890939,0.031011330155884483,0.7012217351174084,0.00021265889370570938,3.935300681321421e-06,0.9369876627405473,-0.05175627694070726,0.5406336379236016
E00851,103.95175793632421,0.0,0.04247568509118208,0.9811400219430598,0.0009942419170201697,1.6262799668152555e-05,1.405228763098116,-0.11517584974282286,0.5545769376634264
E00852,114.71626257525145,0.23470362646792575,0.035256973779671144,0.7986844156000137,0.0006408969611447521,6.184036647144534e-06,1.1087146772494334,0.086448621839905,0.5499014504472634
E00853,153.10492720029586,0.40624260360672476,0.04336398352958184,0.7128953344940644,0.0010017748225971204,1.800277858426373e-05,1.0294353934127132,0.06316257476399803,0.5331267266777446
E00854,165.72481337890764,0.41584162160691657,0.005283787550913502,0.45525724338091245,0.0006520531271752198,2.2066481585814155e-06,0.6965399892477563,0.009077321911970422,0.5008816604258939
E00855,55.68723195006187,0.05481598868114079,0.009351618155366713,0.5409609456372041,0.00010851007816739259,2.2901096344345604e-06,1.0996002320508615,-0.04952502520397469,0.5274901029295329
E00856,167.5894498234189,0.870721588068239,0.016182145069574903,0.9914077405098543,0.0008433127084580503,4.78506586720237e-06,2.2083044092729036,0.2833702427604401,0.4840674838819138
E00857,136.96316473621815,0.699874600167458,0.03610150156980022,1.2609663163062406,0.0007787326129633907,3.707917538159941e-05,2.5588749399910466,0.1468381908002123,0.4697530998714289
E00858,162.26848124780645,0.3069353777307256,0.023392664456818743,0.5883200831373697,0.00016763547322482376,8.346012704725976e-06,0.913687354444984,-0.029269395813301388,0.5242989496909862
E00859,19.013799507224046,0.37519827388865434,0.046036179691831755,1.1060164112760185,0.00032476373875847946,1.1458366568073494e-05,2.327741546933261,-0.00924087940966032,0.54463296007239
E00860,89.57613933608826,0.5177970725294556,0.11653014472992922,1.5258655187901597,0.00019327667637952654,2.307719960880545e-05,3.0986911609214625,0.15090096060616093,0.45268618136090544
E00861,156.41987104923112,0.6511972834267709,0.01815568451547751,1.1703346793457556,0.001749890685154142,1.7466643186175755e-05,0.8976098053354731,0.09197764028548965,0.4655995556658513
E00862,168.39198886110324,0.16972477423158872,0.0180432083411536,0.5109550140004179,0.0001453284309866968,6.072046154698871e-06,0.9075350338384254,-0.10794919043984229,0.5291567695961996
E00863,51.224600485626326,0.2946208502125362,0.040315862832790206,0.8068333326689732,0.0009104948249956804,1.7774787045423652e-05,1.2276292546500978,0.05484387824486323,0.5239980394374694
E00864,165.12960008785112,0.3980445301486615,0.05100164578087284,0.8612600075286924,0.00030807283040880167,2.337440026702478e-05,0.7183279524652771,0.0326432312400963,0.5188626519491407
E00865,143.64574512152828,0.4945448917346325,0.041478827924310735,2.0837490036552793,0.001793544055938644,6.883463495258301e-05,4.51632582866621,0.059697726080562716,0.5180456584850884
E00866,151.3298674994432,0.4369138012374324,0.04660216487808988,0.7255114585581138,0.00011985110239101306,3.8621954396377956e-05,0.7073604324283562,-0.02280679710307284,0.4684424838819138
E00867,148.91016263558203,0.21491103491504604,0.05916015270336891,0.4797213859718659,0.0012444822951527287,1.5712711004985676e-05,0.6087646142646976,-0.008403128662157323,0.5330029234423534
E00868,113.99600274369064,0.322236981881133,0.09754664183834079,0.8533800566172709,0.0008999218646424297,4.716948819488188e-05,0.9170134819803387,0.056007677816642516,0.4924118031532465
E00869,114.90533529043716,0.25032832582438436,0.13899331941547025,1.0674345883709828,0.0031110214830513644,4.040410713257772e-05,0.9299251732787435,-0.005216617559983757,0.5078332401844348
E00870,141.15928245876978,0.24183936466433817,0.04555507656299796,0.4609270328366073,0.0003915987442116376,1.1155543611931993e-05,0.812882943924586,-0.059032311819151646,0.5022483726496346
E00871,142.34143234876208,0.17071138646350964,0.030587036895928277,0.5905556511451575,0.0003018161671939132,5.155353693859465e-06,0.8697791370037304,-0.01922899025281596,0.5518666932603217
E00872,161.41036854741043,0.6315841312172183,0.019429728777044943,1.31513747590426,0.003075937291301051,0.00016814306245006535,2.428308265683245,0.09469223716212968,0.48462551959619954
E00873,102.70746690130547,0.14307721316620212,0.02939212324138871,0.6181717280360626,0.00022629657944350665,4.43886790324122e-05,0.9159225422358865,-0.001891541959411994,0.5100622814072231
E00874,156.4133293218214,0.9552689648272061,0.0060536135016014785,1.524949821388776,0.0002211305923936715,7.890605564207697e-05,3.26092075674869,0.2926776715239127,0.4598019308865221
E00875,128.22915284063663,0.539255965615513,0.023932546964481154,2.391437642831987,0.00741396387964313,0.00017005828659862418,3.9275200575633717,0.04944601079798919,0.4708234362628662
E00876,63.17890915215655,0.6198961465189401,0.01496975199803205,2.6994036952492744,0.0016742414699129995,0.0001650368178068209,5.323950523415377,0.1835544253659079,0.4862996267390567
E00877,49.83918787366953,0.11908883249055141,0.0067197834605627225,0.44385787275467004,0.00028695968082197653,2.9537193135096104e-05,0.5691985670412458,-0.06484847948658945,0.5087863992258292
E00878,153.89189639451902,0.30727903427068637,0.019963699898088605,0.47363768602634604,6.332084368503955e-05,2.9099890619959445e-05,0.6969801542987455,-0.0396106296858176,0.513960691164827
E00879,164.81048682035808,0.43893692272425144,0.0650393177627363,0.6153369502256401,0.0011156021561740672,3.0036409721322416e-05,0.9212925128223931,0.03249692284857289,0.513960691164827
E00880,122.51920920775645,0.0,0.061454881206977445,0.7201414839838078,0.0004457757359518773,0.0001445768606597172,1.2039248895997305,-0.1138785873743454,0.5709884527645164
E00881,152.77783926975442,0.06768513731419473,0.03138826795967693,0.41141477872541143,0.0008574597751103498,6.719922213625139e-06,0.8117743204162395,-0.10848066249901504,0.5552320384134039
E00882,169.15696942670408,0.4014528229434188,0.047763901977247294,1.1154867840538851,0.003970957177109489,0.0003332568299398333,1.6283659827356076,-0.03169979721274525,0.5014685975531887
E00883,15.50537559418269,0.7388230711440315,0.5403926596773928,4.202711940808347,0.008375811426713392,0.0009191519203512586,5.124512912039609,0.03828205818665239,0.5422002478570691
E00884,104.78096698370759,0.13214876443670948,0.11455524011474404,1.5486096840332992,0.009614804582915916,0.0006865177309767758,2.2488101233455646,0.01968891669285879,0.5618490772885072
E00885,44.54304385614721,0.0941699049709438,0.07210396175260209,0.7785620586733151,0.0030941781180404498,6.572411913216917e-05,0.7722813932854873,-0.07035574321665258,0.5499314174835235
E00886,148.57108954583427,0.4328524477110317,0.03680557778960738,1.2011425404890073,0.00011931234834136357,0.00028931152029188796,1.4466744790460075,0.056645445745165196,0.5302761725812741
E00887,19.42001519759015,0.7012316173181798,0.10452571435160744,3.0197990359546143,0.00405424657191812,0.0011209684977189897,3.8099010780224316,0.025174158666473146,0.5233875388269688
E00888,137.2747902168471,0.2796015109301019,0.07153168751217633,0.6041494019622083,0.002727275849163357,0.00016633013844713005,0.932790442226155,-0.036902336224448995,0.5081250235644534
E00889,80.39907213519483,0.5033820679109542,0.03732583084729728,0.9145823308676506,8.25499372436191e-05,7.27809445195716e-06,1.2762164258847792,0.16368395700399205,0.47493615619079
E00890,45.41780336741488,0.7195381613198748,0.04660673654742582,1.2506779190362225,9.094903829211914e-05,9.325014244448848e-06,1.9069509177729471,0.2113004608980111,0.4564535770775885
E00891,95.9476387694103,0.560604321086702,0.070455783893276,2.4096803312859674,0.0006566992670778891,1.319499393240821e-05,2.9003317723095794,0.15521124409439563,0.47464915614487
E00892,23.99895705521206,0.7505893924704559,0.050119612520219924,1.0676977002598929,0.00022865816365173693,7.106383630804824e-06,1.4056303369391299,0.15756112498814634,0.4833302489786041
E00893,117.690266849326,0.5741221993227685,0.08493769848870933,1.370222688007964,0.00019805700439556683,1.147785330960387e-05,1.7706590448633857,0.1471421202395768,0.46706544084056645
E00894,62.62796458973522,0.3445019517464158,0.04689375908820037,1.7082906033234582,0.0005269038714933096,1.33808465807207e-05,2.0058173122969993,0.09140712657361497,0.5248692441800841
E00895,162.01670707839264,0.7401875101784237,0.03807034688135612,1.4373286168549233,0.0002897795544004525,1.1589581079846421e-05,1.6714881781893827,0.15692767822487966,0.4767088035332371
E00896,38.476612809011876,0.6592811301217559,0.044119126304948415,2.1471689531014504,0.0002352842875559632,2.1934937064025804e-05,2.7913824273937022,0.14406916025465816,0.49551454455375465
E00897,122.63255571180413,0.46476395456729597,0.06444540379481621,1.293683869649384,0.0002525050085194373,1.0971063980512227e-05,1.6023480808766681,0.11614211234092911,0.4950195818952413
E00898,55.33088333819392,0.31533496508452313,0.07590975873011381,1.5736021564750353,0.0010340880318338976,2.3298562967343363e-05,2.0705891812342365,0.05272253953881352,0.5089628816350661
E00899,21.390154670961742,0.9066552091391,0.06869104741860288,1.3911465501319893,0.00068074307595848,1.3219799946335342e-05,1.7740750953855542,0.25434701112154134,0.504287394418903
E00900,68.63161807028028,0.5768068763890795,0.07679805716851357,1.30535746902604,0.0010416209374108484,2.5038541883454537e-05,1.694795811548834,0.23106096404563442,0.4875126706493842
E00901,64.37786829324996,0.5647706560570184,0.03871786118984523,1.047719377912888,0.0006918992419889477,9.242411457772222e-06,1.3619004073838772,0.17697571119360678,0.4552676043975335
E00902,94.17156103829002,0.3934506429304402,0.04278569179429844,1.1334230801691798,0.0001483561929811205,9.325872933625368e-06,1.7649606501869823,0.11837336407766168,0.4818760469011725
E00903,42.130236516081546,1.0,0.04961621870850663,1.5838698750418299,0.0008831588232717782,1.1820829166393176e-05,2.873664827409024,0.45126863204207646,0.43845342785355346
E00904,61.941661913736816,0.9170666577855477,0.06953557520873195,1.8534284508382162,0.0008185787277771187,4.411493868079022e-05,3.224235358127167,0.3147365800818487,0.42413904384306855
E00905,43.892565231009655,0.5635766041451775,0.056826738095750465,1.1807822176693454,0.00020748158803855164,1.5381776003916785e-05,1.5790477725811047,0.138628993468335,0.4786848936626259
E00906,119.73282457177898,0.5537645965140991,0.07947025333076349,1.698478545807994,0.00036460985357220733,1.84941298672643e-05,2.993101965069382,0.15865750987197605,0.4990189040440297
E00907,108.36750985320514,0.9540381052139632,0.14996421836886095,2.1183276533221354,0.0002331227911932544,3.0112962907996257e-05,3.7640515790575835,0.3187993498877973,0.40707212533254505
E00908,34.73084606006224,0.9716045400225715,0.051589758154409235,1.7627968138777312,0.00178973679996787,2.4502406485366563e-05,1.5629702234715939,0.259876029567126,0.41998549963749093
E00909,47.82244491959126,0.4039901064175355,0.051477281980085325,1.1034171485323934,0.0001851745458004247,1.3107809453889677e-05,1.5728954519745462,0.05994919884179409,0.4835427135678392
E00910,152.87576886315065,0.8056350184949054,0.07374993647172193,1.3992954672009488,0.0009503409398094083,2.481055034461446e-05,1.8929896727862185,0.22274226752649962,0.47838398340910904
E00911,47.524235313809825,0.6631438066186912,0.08443571941980457,1.453722142060668,0.00034791894522252954,3.0410163566215587e-05,1.3836883706013978,0.20054162052173266,0.4732485959207804
E00912,45.541978666792765,0.8053094499365525,0.07491290156324246,2.676211138187255,0.001833390170752372,7.587039825177382e-05,5.18168624680233,0.2275961153621991,0.4724316024567281
E00913,47.9233903468356,0.7009904225985588,0.0800362385170216,1.3179735930900893,0.00015969721720474094,4.565771769556876e-05,1.372720850564477,0.14509159217856354,0.42282842785355346
E00914,26.06739134814462,0.7164973495334183,0.09259422634230063,1.0721835205038415,0.0012843284099664568,2.2748474304176483e-05,1.2741250324008184,0.15949526061947905,0.487388867413993
E00915,36.18050641351714,0.8473253481224818,0.13098071547727252,1.4458421911492465,0.0009397679794561577,5.420525149407269e-05,1.5823739001164596,0.22390606709827887,0.4467977471248862
E00916,18.52963234138455,0.8922548669430905,0.17242739305440197,1.6598967229029584,0.003150867597865092,4.7439870431768524e-05,1.5952855914148643,0.1626817717216526,0.46221918415607444
E00917,50.7249480742792,0.5498014321666038,0.07898915020192969,1.053389167368583,0.00043144485902536545,1.81913069111228e-05,1.4782433620607067,0.10886607746248472,0.4566343166212743
E00918,31.077931738159975,0.6234054707462611,0.06402111053486001,1.1830177856771331,0.0003416622820076411,1.2191116993050272e-05,1.5351395551398512,0.1486693990288204,0.5062526372319613
E00919,43.89339700099938,0.8843834572299457,0.05286380241597667,1.9075996104362356,0.0031157834061147785,0.00017517882574925615,3.0936686838193657,0.2625906264437661,0.43901146356783916
E00920,37.293821878228876,0.7041272292309172,0.06282619688032043,1.2106338625680382,0.0002661426942572345,5.1424442331603e-05,1.5812829603720073,0.16600684732222437,0.46444822537886277
E00921,55.50300722805966,1.0,0.039487687140533204,2.1174119559207516,0.0002609767072073994,8.594181894126778e-05,3.926281174884811,0.4605760608055491,0.4141878748581618
E00922,104.80083749124307,0.8479113069213897,0.05736662060341288,2.9838997773639626,0.007453809994456858,0.00017709404989781497,4.592880475699492,0.21734440007962555,0.42520938023450583
E00923,170.5734295949041,1.0,0.04840382563696378,3.29186582978125,0.0017140875847267275,0.0001720725811060117,5.989310941551498,0.3514528146475443,0.44068557071069636
E00924,92.83551095502767,0.4491473170025323,0.04015385709949445,1.0363200072866456,0.0003268057956357044,3.6572956434286914e-05,1.2345589851773666,0.10304990979504693,0.4631723431974688
E00925,53.70137874102677,0.5192738235228977,0.05339777353702033,1.0660998205583216,0.00010316695849876745,3.613565391915025e-05,1.3623405724348663,0.12828775959581878,0.4683466351364667
E00926,44.99553536720027,0.6861738396902228,0.09847339140166803,1.2077990847576157,0.0011554482709877952,3.707217302051323e-05,1.5866529309585138,0.20039531213020925,0.4683466351364667
E00927,26.590098057269056,0.5062226699366714,0.09488895484590917,1.3126036185157834,0.00048562185076560515,0.000151612623958908,1.8692853077358513,0.05401980190729097,0.525374396736156
E00928,62.945282448856375,0.2791450037273037,0.06482234159860865,1.003876913257387,0.0008973058899240777,1.3755685512815945e-05,1.4771347385523603,0.05941772678262133,0.5096179823850435
E00929,62.48709595250461,0.5464172001108156,0.08119797561617903,1.7079489185858607,0.004010803291923217,0.0003402925932390241,2.293726400871728,0.13619859206889112,0.4558545415248284
E00930,140.97886118585416,0.9405954335343406,0.5738267333163245,4.795174075340322,0.00841565754152712,0.0009261876836504495,5.7898733301757295,0.20618044746828876,0.4965861918287088
E00931,127.98692208986687,0.6534589485786364,0.14798931375367577,2.141071818565275,0.009654650697729644,0.0006935534942759667,2.9141705414816856,0.18758730597449516,0.5162350212601469
E00932,98.41931115920032,0.3392772515725983,0.10553803539153381,1.3710241932052907,0.0031340242328541774,7.275988243135998e-05,1.437641811421608,0.09754264606498379,0.5043173614551631
E00933,58.804082595262784,0.6235392853812518,0.07023965142853911,1.7936046750209829,0.00015915846315509146,0.00029634728359107876,2.112034897182128,0.22454383502680156,0.4846621165529138
E00934,111.71714295641719,0.7545437301746887,0.13795978799053918,3.61226117048659,0.004094092686731847,0.0011280042610181805,4.475261496158552,0.19307254794810952,0.47777348279860843
E00935,86.03116908205935,0.439227044777191,0.10496576115110806,1.196611536494184,0.0027671219639770848,0.00017336590174632085,1.5981508603622758,0.13099605305718737,0.4625109675360931
E00936,51.305538723925544,0.266997920215371,0.010859416801364968,0.5852700508398463,4.619143699231968e-05,2.517316307517599e-06,1.1736659481136928,0.042926655606659585,0.5143043061327002
E00937,20.524720741047584,0.49546050678902864,0.03470846414721515,1.7442724630895912,0.0006119416657780896,6.38729599547696e-06,2.1670468026503253,-0.013162561196955894,0.5324998851999816
E00938,56.56187954009347,0.06829770288786821,0.014372292774159074,0.40228983206351665,0.00018390056235193745,2.986856938735748e-07,0.6723453672798755,-0.010812680303205176,0.5411809780337158
E00939,125.53647261660579,0.1823057619394421,0.049190378742648484,0.7048148198115877,0.00015329940309576735,4.670155372672621e-06,1.0373740752041312,-0.02123168505177473,0.5249161698956781
E00940,33.21101300650303,0.11758027551904582,0.011146439342139516,1.042882735127082,0.00048214627019351017,6.57314864378945e-06,1.272532342637745,-0.07696667871773655,0.5827199732351958
E00941,84.89959139008383,0.054221769012125776,0.002323027135295267,0.7719207486585471,0.00024502195310065303,4.7818831429151725e-06,0.9382032085301282,-0.011446127066471865,0.5345595325883488
E00942,101.04675183991566,0.06015921958006695,0.008371806558887564,1.4817610849050742,0.0001905266862561637,1.5127239127094553e-05,2.0580974577344477,-0.024304645036693363,0.5533652736088663
E00943,138.67562917770113,0.14465249814067804,0.028698084048755356,0.6282760014530078,0.00020774740721963783,4.163366043580978e-06,0.8690631112174136,-0.052231692950422404,0.552870310950353
E00944,113.9729593924932,0.0,0.04016243898405296,0.9081942882786592,0.000989330430534098,1.6490865030412114e-05,1.3373042115749822,-0.115651265752538,0.5668136106901778
E00945,98.32652452724996,0.13900826238024266,0.03294372767254202,0.7257386819356131,0.0006359854746586806,6.4121020094040914e-06,1.0407901257262997,0.08597320583018986,0.5621381234740146
E00946,12.430625776773926,0.5314574249298067,0.041050737422452716,0.6399496008296638,0.0009968633361110489,1.823084394652329e-05,0.9615108418895795,0.06268715875428289,0.5453633997044959
E00947,42.14301101270223,0.2510300553278293,0.0029705414437843766,0.38231150971651184,0.0006471416406891483,2.4347135208409725e-06,0.6286154377246227,0.00860190590225528,0.5131183334526451
E00948,159.68523286768925,0.2197568798419287,0.007038372048237589,0.4680152119728035,0.00010359859168132104,2.5181749966941175e-06,1.0316756805277278,-0.050000441213689836,0.5397267759562842
E00949,48.6317150586612,0.6667287252354286,0.013868898962445779,0.9184620068454536,0.0008384012219719788,5.013131229461927e-06,2.1403798577497697,0.28289482675072497,0.49630415690866514
E00950,26.711015978767776,0.7409614268857085,0.0337882554626711,1.18802058264184,0.0007738211264773192,3.7307240743858964e-05,2.490950388467913,0.14636277479049714,0.48198977289818024
E00951,55.72580522242137,0.07223829846599805,0.021079418349689617,0.5153743494729691,0.0001627239867387522,8.574078066985533e-06,0.8457628029218502,-0.02974481182301653,0.5365356227177376
E00952,128.15145968831737,0.16295934032472226,0.04372293358470263,1.0330706776116179,0.0003198522522724079,1.168643193033305e-05,2.2598169954101275,-0.009716295419375463,0.5568696330991414
E00953,108.52030566756068,0.5888031147298937,0.11421689862280009,1.4529197851257591,0.00018836518989345498,2.330526497106501e-05,3.030766609398329,0.15042554459644578,0.4649228543876567
E00954,60.264089658091166,0.39899847298150815,0.015842438408348383,1.097388945681355,0.0017449791986680705,1.7694708548435314e-05,0.8296852538123394,0.09150222427577451,0.47783622869260256
E00955,35.86137753760367,0.06899362710566187,0.015729962234024474,0.43800928033601727,0.00014041694450062526,6.300111516958428e-06,0.8396104823152917,-0.10842460644955743,0.5413934426229509
E00956,92.23635155813098,0.15045929960988944,0.03800261672566108,0.7338875990045726,0.0009055833385096089,1.800285240768321e-05,1.159704703126964,0.05436846223514809,0.5362347124642206
E00957,52.80706089924709,0.2331099493720266,0.048688399673743714,0.7883142738642918,0.0003031613439227301,2.3602465629284338e-05,0.6504034009421436,0.032167815230381154,0.531099324975892
E00958,74.10507203395629,0.2669385854646704,0.03916558181718161,2.0108032699908787,0.0017886325694525724,6.906270031484257e-05,4.448401277143075,0.05922231007084757,0.5302823315118397
E00959,66.14777863015225,0.1948702991678983,0.04428891877096076,0.6525657248937132,0.0001149396159049415,3.885001975863751e-05,0.6394358809052225,-0.02328221311278798,0.48067915690866514
E00960,65.83730128528977,0.018369609135886922,0.05684690659623979,0.4067756523074653,0.0012395708086666572,1.5940776367245235e-05,0.5408400627415639,-0.008878544671872466,0.5452395964691047
E00961,103.1221888404007,0.23483100050116656,0.09523339573121166,0.7804343229528703,0.0008950103781563582,4.739755355714144e-05,0.8490889304572051,0.05553226180692737,0.5046484761799979
E00962,96.91750236908722,0.15192493124559828,0.13668007330834112,0.9944888547065822,0.0031061099965652927,4.0632172494837275e-05,0.8620006217556098,-0.0056920335696989,0.5200699132111861
E00963,75.86562377301243,0.020020480687886172,0.04324183045586884,0.3879812991722067,0.000386687257725566,1.138360897419155e-05,0.7449583924014525,-0.05950772782886679,0.514485045676386
E00964,74.89800499686956,0.0,0.02827379078879915,0.5176099174807569,0.00029690468070784167,5.383419056119022e-06,0.8018545854805967,-0.0197044062625311,0.5641033662870729
E00965,56.596521742068006,0.3971768483189882,0.017116482669915816,1.2421917422398594,0.003071025804814979,0.0001683711278123249,2.3603837141601116,0.09421682115241455,0.49686219262295084
E00966,112.84724725738411,0.19556959672056284,0.027078877134259584,0.545225994371662,0.0002213850929574351,4.461674439467175e-05,0.8479979907127528,-0.002366957969127136,0.5222989544339744
E00967,24.912985030527548,1.0,0.003740367394472353,1.4520040877243754,0.00021621910590759993,7.913412100433653e-05,3.1929962052255565,0.2922022555141976,0.47203860391327346
E00968,46.00023732154324,0.5250322047621743,0.021619300857352027,2.3184919091675864,0.007409052393157058,0.00017028635196088374,3.8595955060402383,0.04897059478827404,0.4830601092896175
E00969,91.92060392904095,0.5408574066115084,0.012656505890902925,2.6264579615848738,0.001669329983426928,0.00016526488316908047,5.256025971892243,0.18307900935619276,0.498536299765808
E00970,110.05169212360892,0.008543058492779865,0.004406537353433597,0.37091213909026943,0.000282048194335905,2.9765258497355662e-05,0.5012740155181122,-0.06532389549630459,0.5210230722525805
E00971,26.800079152466182,0.2780480893025224,0.01765045379095948,0.40069195236194544,5.8409357198968e-05,2.9327955982219004e-05,0.6290556027756118,-0.04008604569553274,0.5261973641915783
E00972,37.285256068059674,0.30897158570906574,0.06272607165560717,0.5423912165612395,0.0011106906696879957,3.0264475083581975e-05,0.8533679612992595,0.032021506838857745,0.5261973641915783
E00973,67.70554514102805,0.0,0.05914163509984832,0.6471957503194072,0.0004408642494658057,0.00014480492602197677,1.1360003380765968,-0.11435400338406054,0.5832251257912677
E00974,17.456525456892642,0.19197092377064662,0.029075021852547806,0.33846904506101083,0.0008525482886242783,6.947987575884696e-06,0.743849768893106,-0.10895607850873018,0.5674687114401551
E00975,39.65888886516564,0.2695646772154747,0.04545065587011817,1.0425410503894845,0.0039660456906234175,0.0003334848953020929,1.560441431212474,-0.032175213222460385,0.5137052705799401
E00976,134.37526864995658,0.48670684860763175,0.5380794135702637,4.129766207143946,0.00837089994022732,0.0009193799857135182,5.056588360516475,0.037806642176937244,0.5544369208838205
E00977,50.040240407617205,0.1510647219237886,0.1122419940076149,1.4756639503688986,0.009609893096429845,0.0006867457963390354,2.180885571822431,0.019213500683143647,0.5740857503152585
E00978,171.65044073935488,0.16035052171695308,0.06979071564547296,0.7056163250089145,0.003089266631554378,6.595218449442874e-05,0.7043568417623536,-0.07083115922636772,0.5621680905102748
E00979,22.71559561016475,0.5314674497758959,0.034492331682478256,1.1281968068246067,0.00011440086185529201,0.0002895395856541475,1.3787499275228738,0.05617002973545005,0.5425128456080255
E00980,161.11354978307742,0.5276062107442999,0.10221246824447831,2.9468533022902137,0.004049335085432048,0.0011211965630812492,3.741976526499298,0.024698742656758005,0.53562421185372
E00981,60.20484716611097,0.07356084631171286,0.0692184414050472,0.5312036682978077,0.0027223643626772855,0.0001665582038093896,0.8648658907030213,-0.03737775223416414,0.5203616965912048
E00982,71.81779635985505,0.28138942883371065,0.043989369847343696,2.080368051258163,0.0006203407668265897,8.434215787968648e-06,2.7977812945384932,0.03445394269706316,0.5140173060867801
E00983,29.39640229081186,0.40134165813791933,0.023653198474287616,0.7383854202320885,0.0001922996634004375,2.3456054863652633e-06,1.3030798591680435,0.03680382359081387,0.5226983989205142
E00984,103.52355602107738,0.23525743847697178,0.05847128444277702,1.0409104079801597,0.0001616985041442674,6.71707516516431e-06,1.668108567092299,0.026384818842244317,0.5064335907824766
E00985,20.48452980822754,0.3311289171219878,0.020427345042268057,1.3789783232956538,0.0004905453712420102,8.620068436281138e-06,1.9032668345259132,-0.029350174823717497,0.5642373941219943
E00986,128.8013139807552,0.3343439082601665,0.011603932835423807,1.108016336827119,0.0002534210541491531,6.828802935406861e-06,1.5689377004182963,0.03617037682754719,0.5160769534751473
E00987,50.09851240206298,0.30679975451050223,0.017652712259016105,1.8178566730736463,0.00019892578730466376,1.7174158919586243e-05,2.6888319496226156,0.023311858857325684,0.5348826944956648
E00988,118.25696903330585,0.1618824324885884,0.0379789897488839,0.9643715896215797,0.00021614650826813788,6.210285836072666e-06,1.4997976031055815,-0.004615189056403353,0.5343877318371515
E00989,62.91863735340211,0.023256674603368943,0.0494433446841815,1.2442898764472312,0.0009977295315825982,1.85377848229038e-05,1.9680387034631504,-0.06803476185851895,0.5483310315769762
E00990,53.4496978618477,0.3273027932188109,0.04222463337267056,1.061834270104185,0.0006443845757071806,8.45902180189578e-06,1.6715246176144678,0.13358970972420892,0.5436555443608131
E00991,39.85742272719745,0.4303386162831916,0.05033164312258126,0.9760451889982358,0.0010052624371595488,2.0277763739014975e-05,1.5922453337777474,0.11030366264830194,0.5268808205912944
E00992,19.067286176933056,0.5970965223347536,0.012251447143912918,0.7184070978850838,0.0006555407417376483,4.481633313332661e-06,1.2593499296127906,0.05621840979627433,0.4946357543394436
E00993,111.67397692083746,0.1604908809597608,0.01631927774836613,0.8041108001413755,0.00011199769272982108,4.565094789185806e-06,1.6624101724158957,-0.0023839373196707855,0.5212441968430827
E00994,6.412586144475438,1.0,0.023149804662574318,1.2545575950140255,0.0008468003230204788,7.060051021953615e-06,2.7711143496379376,0.330511330644744,0.4778215777954636
E00995,52.85401726733503,0.6314172189623912,0.04306916116279964,1.5241161708104118,0.0007822202275258193,3.9354160536350655e-05,3.121684880356081,0.1939792786845162,0.4635071937849787
E00996,4.453152192656797,0.607082367554074,0.030360324049818158,0.8514699376415411,0.00017112308778725223,1.0620997859477222e-05,1.4764972948100183,0.017871692071002518,0.5180530436045361
E00997,163.9599891739377,0.4443650496870122,0.05300383928483117,1.36916626578019,0.0003282513533209079,1.373335172282474e-05,2.8905514872982954,0.037900208474643586,0.5383870539859398
E00998,84.96394796318573,0.6439788431400006,0.12349780432292863,1.789015373294331,0.000196764290941955,2.5352184763556695e-05,3.661501101286497,0.19804204849046483,0.4464402752744552
E00999,11.495251541566471,0.9202538084411669,0.025123344108476924,1.4334845338499271,0.0017533782997165705,1.9741628340927e-05,1.4604197457005075,0.13911872816979357,0.45935364957940106
E01000,19.37566060100194,0.3508947570878921,0.025010867934153018,0.7741048685045893,0.0001488160455491253,8.347031309450116e-06,1.4703449742034596,-0.060808102555538375,0.5229108635097494
E01001,141.71787956360106,0.4724157519060217,0.04728352242578962,1.0699831871731444,0.0009139824395581089,2.0049772200174898e-05,1.7904391950151322,0.10198496612916713,0.5177521333510191
E01002,3.4585186628826072,0.737619504555166,0.05796930537387225,1.1244098620328637,0.0003115604449712301,2.5649385421776025e-05,1.2811378928303114,0.0797843191244002,0.5126167458626905
E01003,23.68082757947688,0.7059496376920934,0.04844648751731015,2.3468988581594505,0.0017970316705010723,7.110962010733426e-05,5.079135769031243,0.10683881396486662,0.5117997523986382
E01004,16.701284916645047,0.6708806864904676,0.053569824471089295,0.9886613130622852,0.00012333871695344154,4.08969395511292e-05,1.2701703727933906,0.024334290781231067,0.4621965777954636
E01005,20.086967878315956,0.49006197372070365,0.06612781229636833,0.7428712404760373,0.0012479699097151572,1.7987696159736922e-05,1.171574554629732,0.03873795922214658,0.5267570173559032
E01006,52.77203928446569,0.4428340173650574,0.1045143014313402,1.1165299111214422,0.0009034094792048583,4.944447334963313e-05,1.479823422345373,0.10314876570094642,0.48616589706679625
E01007,53.73775676720046,0.329433770457712,0.14596097900846966,1.330584442875154,0.0031145090976137926,4.2679092287328965e-05,1.4927351136437776,0.041924470324320146,0.5015873340979846
E01008,26.990428237840263,0.4501341029148287,0.05252273615599738,0.7240768873407786,0.000395086358774066,1.3430528766683239e-05,1.3756928842896203,-0.01189122393484774,0.4960024665631844
E01009,24.54762309310547,0.42422107983878893,0.03755469648892769,0.8537055056493289,0.00030530378175634167,7.43033884861071e-06,1.4325890773687648,0.027912097631487946,0.5456207871738714
E01010,5.370641330584136,0.9069892812822544,0.026397388370044357,1.5782873304084315,0.003079424905863479,0.0001704180476048166,2.9911182060482795,0.1418333250464336,0.47837961350974934
E01011,64.40806162386954,0.22764850715898305,0.03635978283438812,0.881321582540234,0.00022978419400593512,4.666366418716344e-05,1.478732482600921,0.045249545924891915,0.503816375320773
E01012,33.97609455354334,1.0,0.013021273094600893,1.7880996758929475,0.00022461820695609999,8.118104079682822e-05,3.8237306971137244,0.3398187594082166,0.4535560248000719
E01013,59.512907823098985,0.5602230474809196,0.030900206557480568,2.6545874973361583,0.007417451494205559,0.00017233327175337544,4.490329997928406,0.0965870986822931,0.464577530176416
E01014,125.23284255989532,0.8284171125071566,0.021937411591031464,2.9625535497534456,0.001677729084475428,0.00016731180296157216,5.886760463780411,0.23069551325021181,0.48005372065260643
E01015,132.17991715390866,0.2541303424905875,0.013687443053562138,0.7070077272588414,0.00029044729538440497,3.181217828984735e-05,1.1320085074062802,-0.017707391602285537,0.502540493139379
E01016,35.648456776494534,0.3981847036614653,0.02693135949108802,0.7367875405305173,6.680845824746804e-05,3.1374875774710694e-05,1.2597900946637797,0.0075304581984863075,0.5077147850783768
E01017,21.230572681199806,0.6083387262007643,0.07200697735573572,0.8784868047298114,0.0011190897707364957,3.231139487607366e-05,1.4841024531874274,0.0796380107328768,0.5077147850783768
E01018,55.92677768817485,0.0,0.06842254079997687,0.9832913384879791,0.0004492633505143057,0.00014685184581446847,1.766734829964765,-0.06673749949004149,0.5647425466780661
E01019,39.1329852984363,0.10691590372072401,0.03835592755267635,0.6745646332295828,0.0008609473896727783,8.994907368376384e-06,1.374584260781274,-0.06133957461471113,0.5489861323269536
E01020,17.74353964553954,0.5692989120626372,0.05473156157024671,1.3786366385580564,0.003974444791671918,0.00033553181509458457,2.191175923100642,0.015441290671558663,0.4952226914667386
E01021,165.0195493701776,0.7331991321642229,0.5473603192703922,4.4658617953125175,0.008379299041275821,0.0009214269055060098,5.687322852404643,0.0854231460709563,0.5359543417706188
E01022,86.11843263867031,0.20820853996092836,0.12152289970774345,1.8117595385374705,0.009618292197478345,0.000688792716131527,2.811620063710599,0.06683000457716269,0.555603171202057
E01023,122.43305976594888,0.1545518316247576,0.0790716213456015,1.0417119131774863,0.003097665732602878,6.799910428692042e-05,1.3350913336505217,-0.02321465533234867,0.5436855113970732
E01024,41.838983726715455,0.46613443882905253,0.0437732373826068,1.4642923949931785,0.00012279996290379206,0.0002915865054466392,2.009484419411042,0.1037865336294691,0.524030266494824
E01025,147.22952099772064,0.6661757178161603,0.11149337394460686,3.2829488904587856,0.004057734186480548,0.0011232434828737409,4.372711018387466,0.07231524655077705,0.5171416327405185
E01026,43.20812011797194,0.32161199509732197,0.07849934710517574,0.8672992564663797,0.0027307634637257854,0.0001686051236018813,1.4956003825911894,0.010238751659854911,0.5018791174780033
E01027,73.36382112345721,0.10726151368588263,0.047502245820137796,1.8973878324818334,0.0007580498921862074,6.215585174324624e-06,2.296460713704676,-0.019285393212801608,0.5408939779877957
E01028,127.8296537883124,0.29297246714073927,0.08232033178862722,2.1999128202299048,0.0007274487329300373,1.058705485312367e-05,2.6614894216289313,-0.029704397961371164,0.524629169849758
E01029,53.418817085663335,0.07103365576280657,0.044276392388118244,2.537980735545399,0.0010562956000277801,1.24900481242405e-05,2.8966476890625454,-0.08543939162733298,0.5824329731892757
E01030,67.48178743835253,0.19830546419620487,0.03545298018127399,2.267018749076864,0.000819171282934923,1.069878262336622e-05,2.5623185549549286,-0.019918839976068296,0.5342725325424287
E01031,121.31011532842696,0.2369699441823146,0.04150175960486629,2.976859085323391,0.0007646760160904337,2.1044138607545604e-05,3.682212804159248,-0.0327773579462898,0.5530782735629463
E01032,135.2789025117205,0.18736448600846559,0.061828037094734084,2.1233740018713245,0.0007818967370539078,1.0080265524032027e-05,2.4931784576422142,-0.06070440586001884,0.5525833109044329
E01033,134.44209426993652,0.13009075585981866,0.07329239203003168,2.403292288696976,0.001563479760368368,2.2407764510863162e-05,2.9614195579997826,-0.12412397866213443,0.5665266106442577
E01034,115.9375903399147,0.3087724049736253,0.06607368071852074,2.22083668235393,0.0012101348044929504,1.2329001489855141e-05,2.6649054721511,0.07750049292059343,0.5618511234280946
E01035,32.32034842835821,0.4680455417796611,0.07418069046843144,2.1350476012479804,0.001571012665945319,2.4147743426974337e-05,2.5856261883143796,0.05421444584468646,0.5450763996585759
E01036,61.664315982178714,0.22954031644418338,0.0361004944897631,1.8774095101348287,0.0012212909705234182,8.351613001292022e-06,2.252730784149423,0.00012919299265884768,0.5128313334067252
E01037,168.09476896152978,0.34666771406420904,0.04016832509421631,1.9631132123911204,0.000677747921515591,8.435074477145167e-06,2.655791026952528,-0.05847315412328627,0.5394397759103642
E01038,68.91876114735646,0.6914115221561163,0.046998852008424505,2.4135600072637704,0.0014125505518062487,1.0930030709912976e-05,3.76449520417457,0.2744221138411285,0.49601715686274506
E01039,34.68678101181005,0.7569768712154027,0.06691820850864982,2.683118583060157,0.0013479704563115892,4.322414022431002e-05,4.115065734892713,0.13789006188090072,0.48170277285226015
E01040,76.24423538763116,0.15282051269826774,0.05420937139566834,2.0104723498912858,0.0007368733165730222,1.4490977547436583e-05,2.4698781493466506,-0.03821752473261296,0.5362486226718175
E01041,108.46500209279841,0.1907046933337085,0.07685288663068135,2.528168678029935,0.0008940015821066779,1.76033314107841e-05,3.883932341834928,-0.018189008328971894,0.5565826330532213
E01042,115.9719442307863,0.7011661203830295,0.1473468516687788,2.948017785544076,0.000762514519727725,2.9222164451516057e-05,4.654881955823129,0.14195283168684936,0.4646358543417367
E01043,80.46624870080802,0.4621793333495046,0.04897239145432711,2.592486946099672,0.0023191285285023406,2.3611608028886363e-05,2.4538006002371398,0.08302951136617807,0.4775492286466826
E01044,55.574975072714786,0.024663257082006174,0.0488599152800032,1.9331072807543341,0.0007145662743348952,1.2217010997409477e-05,2.463725828740092,-0.11689731935915386,0.5411064425770309
E01045,72.43121952401427,0.22104318574595525,0.07113256977163981,2.2289855994228893,0.0014797326683438788,2.391975188813426e-05,2.7838200495517644,0.045895749325551655,0.5359477124183006
E01046,73.32421679991886,0.23452318157018742,0.08181835271972243,2.2834122742826084,0.0008773106737570001,2.9519365109735387e-05,2.274518747366944,0.023695102320784724,0.530812324929972
E01047,94.5541378519901,0.3709444829807532,0.07229553486316034,3.5059012704091956,0.0023627818992868425,7.497959979529362e-05,6.072516623567876,0.050749597161251145,0.5299953314659197
E01048,86.54346149215725,0.25541532617084656,0.07741887181693949,2.14766372531203,0.0006890889457392115,4.476691923908856e-05,2.263551227330023,-0.031754926022384417,0.48039215686274506
E01049,85.40343777440359,0.11085410462412326,0.08997685964221852,1.9018736527257822,0.0018137201385009273,2.1857675847696283e-05,2.1649554091663643,-0.017351257581468896,0.5449525964231847
E01050,123.05422128146485,0.4529156492726695,0.12836334877719038,2.2755323233711873,0.0014691597079906282,5.331445303759249e-05,2.4732042768820053,0.04705954889733094,0.5043614761340778
E01051,113.90422578270939,0.3708051896285205,0.16981002635431985,2.489586855124899,0.0036802593263995627,4.654907197528832e-05,2.4861159681804104,-0.014164746479295331,0.519782913165266
E01052,96.06545426022836,0.11999568220827925,0.07637178350184756,1.8830792995905234,0.0009608365875598359,1.73005084546426e-05,2.369073738826253,-0.06798044073846322,0.5141980456304659
E01053,95.13096602657093,0.05725733364451818,0.061403743834777876,2.012707917899074,0.0008710540105421117,1.1300318536570071e-05,2.425969931905397,-0.028177119172127535,0.5638163662411529
E01054,77.11815213580213,0.4420933305967262,0.050246435715894544,2.7372897426581764,0.0036451751346492493,0.00017428802729277596,3.9844990605849118,0.08574410824281811,0.4965751925770308
E01055,131.46293712536723,0.3202646583535738,0.06020883018023831,2.0403239947899787,0.000795534422791705,5.05336438751228e-05,2.472113337137553,-0.010839670878723567,0.5220119543880544
E01056,42.68379200662231,0.9316019107073018,0.036870320440451076,2.9471020881426924,0.00079036843574187,8.505102048478758e-05,4.817111551650356,0.28372954260460115,0.4717516038673534
E01057,52.551827781822574,0.5590372265064756,0.054749253903330755,3.813589909585903,0.007983201722991329,0.0001762032514413348,5.483710852465038,0.040497881878677616,0.4827731092436975
E01058,77.95875667279162,0.6820875142538674,0.04578645893688165,4.121555962003191,0.002243479313261198,0.00017118178264953151,6.880141318317044,0.17460629644659634,0.49824929971988796
E01059,96.0795226363428,0.12992966989165813,0.03753649039941232,1.8660101395085864,0.0008561975241701749,3.5682157977806714e-05,2.1253893619429127,-0.07379660840590102,0.5207360722066605
E01060,43.45759059135479,0.25143505140137795,0.0507804068369382,1.8957899527802624,0.000632558687033238,3.524485546267005e-05,2.2531709492004124,-0.048558758605129176,0.5259103641456583
E01061,56.41129610419474,0.31882008577007237,0.09585602470158591,2.0374892169795564,0.0016848399995222658,3.618137456403303e-05,2.47748330772406,0.023548793929261316,0.5259103641456583
E01062,77.20095854199113,0.0,0.09227158814582705,2.142293750737724,0.0010150135793000757,0.00015072182550242782,2.760115684501397,-0.12282671629365698,0.5829381257453476
E01063,35.3602427121637,0.1391782567193115,0.06220497489852653,1.8335670454793278,0.0014266976184585483,1.2864887056335745e-05,2.367965115317906,-0.11742879141832661,0.5671817113942351
E01064,59.55708751843981,0.25727315893310926,0.07858060891609689,2.537639050807801,0.004540195020457687,0.0003394017947825439,3.1845567776372743,-0.04064792613205682,0.51341827053402
E01065,114.87849597593008,0.5127282938035866,0.5712093666162423,5.624864207562263,0.008945049270061591,0.0009252968851939693,6.680703706941276,0.029333929267340814,0.5541499208379004
E01066,42.041581745008926,0.31209852942758387,0.14537194705359363,2.9707619507872156,0.010184042426264115,0.0006926626958194865,3.8050009182472317,0.010740787773547214,0.5737987502693385
E01067,164.7671311231812,0.2799633494365513,0.1029206686914517,2.2007143254272314,0.003663415961388648,7.186908397487978e-05,2.328472188187154,-0.07930387213596415,0.5618810904643547
E01068,37.563907623547884,0.447057259188974,0.06762228472845698,2.6232948072429236,0.000688550191689562,0.00029545648513459855,3.002865273947674,0.047697316825853625,0.5422258455621054
E01069,140.66631126188864,0.5491953971114946,0.13534242129045704,4.441951302708531,0.004623484415266318,0.0011271134625617002,5.366091872924098,0.01622602974716157,0.5353372118078
E01070,74.43538543578394,0.15575244462308502,0.10234839445102592,2.0263016687161244,0.0032965136925115555,0.00017247510328984066,2.4889812371278217,-0.045850465143760566,0.5200746965452847
E01071,126.81686496557377,0.16654988835133458,0.06198416041557113,0.8579301892038299,0.0002994076295038852,4.498444551520285e-06,1.1667879862584818,-0.027354517067620446,0.5333102626834922
E01072,41.316263741357396,0.012555153587319123,0.023940221015062164,1.1959981045193242,0.000628254496601628,6.401437822637114e-06,1.4019462536920957,-0.08308951073358226,0.5911140660230099
E01073,140.83407589860113,0.15683921789237482,0.015116808808217913,0.9250361180507893,0.00039113017950877086,4.610172321762836e-06,1.0676171195844788,-0.01756895908231758,0.5429536253761629
E01074,52.67277197005322,0.1286923414568181,0.021165588231810212,1.6348764542973164,0.00033663491266428154,1.4955528305942218e-05,2.1875113687887984,-0.03042747705253908,0.5617593663966804
E01075,137.84115030793905,0.09584645757546911,0.041491865721678005,0.78139137084525,0.00035385563362775566,3.991655222428642e-06,0.9984770222717643,-0.05835452496626811,0.5612644037381671
E01076,69.96518820888363,0.0,0.052956220656975604,1.0613096576709014,0.001135438656942216,1.6319154209259776e-05,1.4667181226293329,-0.1217740977683837,0.5752077034779918
E01077,42.574420532840044,0.24836246059318015,0.045737509345464666,0.8788540513278553,0.0007820937010667983,6.240391188251755e-06,1.1702040367806503,0.07985037381434415,0.5705322162618287
E01078,44.65232949857833,0.23773904641469115,0.05384451909537536,0.793064970221906,0.0011429715625191667,1.805913312537095e-05,1.09092475294393,0.056564326738437185,0.5537574924923099
E01079,45.92115083828908,0.20876678161844575,0.015764323116707023,0.5354268791087541,0.000793249867097266,2.263002699688637e-06,0.7580293487789733,0.0024790738864095656,0.5215124262404592
E01080,115.5460187435806,0.02459539435618746,0.019832153721160234,0.6211305813650457,0.00024970681808943884,2.346464175541782e-06,1.1610895915820785,-0.056123273229535545,0.5481208687440982
E01081,23.79056460401027,0.8818077629940027,0.026662680635368426,1.0715773762376959,0.0009845094483800967,4.841420408309591e-06,2.2697937688041203,0.27677199473487923,0.5046982496964791
E01082,41.389400446419145,0.57156393764884,0.046582037135593744,1.3411359520340822,0.000919929352885437,3.713552992270663e-05,2.620364299522264,0.14023994277465143,0.49038386568599424
E01083,30.31904647512656,0.2336243240834911,0.033873200022612265,0.6684897188652114,0.00030883221314687004,8.402367245833199e-06,0.9751767139762009,-0.03586764383886225,0.5449297155055517
E01084,134.6129094592272,0.1926758568172611,0.05651671525762528,1.18618604700386,0.00046596047868052574,1.1514721109180716e-05,2.389230906464478,-0.015839127435221177,0.5652637258869554
E01085,110.8869919972024,0.537771789969476,0.12701068029572274,1.6060351545180014,0.0003344734163015728,2.313355414991267e-05,3.1601805204526796,0.14430271258060007,0.4733169471754708
E01086,23.47040036611018,0.664141560507469,0.02863622008127103,1.2505043150735973,0.0018910874250761883,1.7522997727282976e-05,0.95909916486669,0.0853793922599288,0.48623032148041667
E01087,24.579540537215994,0.17863929690392472,0.028523743906947122,0.5911246497282595,0.0002865251709087431,6.128400695806092e-06,0.9690243933696423,-0.11454743846540313,0.5497875354107649
E01088,141.9681089100858,0.3043971237243197,0.05079639839858373,0.8870029683968148,0.0010516915649177267,1.7831141586530873e-05,1.2891186141813147,0.04824563021930238,0.5446288052520347
E01089,32.59349969010594,0.19636555410133827,0.06148218134666636,0.941429643256534,0.00044926957033084795,2.3430754808132e-05,0.7798173119964942,0.026044983214535442,0.5394934177637061
E01090,42.70445683140466,0.39382642860439965,0.05195936349010426,2.163918639383121,0.0019347407958606902,6.889098949369023e-05,4.577815188197426,0.053099478055001856,0.5386764242996538
E01091,40.348251932283326,0.3119860654640201,0.0570827004438834,0.8056810942859555,0.0002610478423130593,3.867830893748518e-05,0.7688497919595731,-0.029405045128633695,0.48907324969647914
E01092,19.519632933291188,0.3466077065969902,0.06964068826916243,0.5598910216997075,0.001385679035074775,1.5769065546092897e-05,0.6702539737959146,-0.01500137668771818,0.5536336892569187
E01093,52.451456536531076,0.2840904023135488,0.10802717740413431,0.9335496923451125,0.0010411186045644761,4.72258427359891e-05,0.9785028415115558,0.04940942979108166,0.5130425689678119
E01094,40.68042913848566,0.24730850434663149,0.14947385498126378,1.1476042240988245,0.0032522182229734104,4.046046167368494e-05,0.9914145328099604,-0.011814865585544614,0.5284640059990002
E01095,48.03642454708012,0.10281187767080019,0.05603561212879148,0.5410966685644489,0.0005327954841336839,1.1211898153039216e-05,0.8743723034558031,-0.0656305598447125,0.5228791384642
E01096,31.48374236882326,0.16647522280580895,0.041067572461721796,0.6707252868729991,0.0004430129071159595,5.211708234966686e-06,0.9312684965349474,-0.025827238278376817,0.572497459074887
E01097,30.8501570282374,0.5696596411954783,0.029910264342838465,1.3953071116321016,0.003217134031223097,0.00016819941699117258,2.4897976252144622,0.08809398913656884,0.505256285410765
E01098,58.25206733788412,0.10017517255584868,0.03987265880718223,0.6983413637639042,0.00036749331936555287,4.444503357351942e-05,0.9774119017671035,-0.008489789984972849,0.5306930472217886
E01099,31.655476642362178,0.9030494383565655,0.016534149067395,1.6051194571166176,0.00036232733231571777,7.896241018318419e-05,3.322410116279907,0.28607942349835186,0.48043269670108746
E01100,84.49536924555402,0.34001527175621177,0.034413082530274676,2.4716072785598286,0.007555160619565176,0.0001701146411397314,3.989009417094589,0.04284776277242833,0.49145420207743157
E01101,147.48768361743564,0.7850879540561515,0.02545028756382557,2.779573330977116,0.0018154382098350458,0.00016509317234792814,5.385439882946594,0.17695617734034705,0.506930392553622
E01102,102.92905743696781,0.0,0.017200319026356246,0.5240275084825117,0.0004281564207440228,2.9593547676203325e-05,0.6306879265724629,-0.0714467275121503,0.5294171650403945
E01103,30.144501605131932,0.24566143825689613,0.030444235463882127,0.5538073217541877,0.00020451758360708581,2.9156245161066666e-05,0.7584695138299624,-0.04620887771137845,0.5345914569793924
E01104,21.37219336849021,0.42955892037082455,0.07551985332852983,0.6955065859534817,0.0012567988960961135,3.0092764262429637e-05,0.9827818723536101,0.025898674823012034,0.5345914569793924
E01105,26.551461384790695,0.05727786347568409,0.07193541677277097,0.8003111197116495,0.0005869724758739235,0.00014463321520082444,1.2654142491309475,-0.12047683539990625,0.5916192185790817
E01106,39.16055175049068,0.0,0.041868803525470455,0.49158441445325307,0.0009986565150323962,6.77627675473236e-06,0.8732636799474566,-0.11507891052457589,0.5758628042279692
E01107,43.11918738157741,0.2097333520440725,0.05824443754304082,1.1956564197817268,0.004112153917031535,0.0003333131844809405,1.6898553422668245,-0.0382980452383061,0.5220993633677542
E01108,162.63100579664618,0.5869426679418492,0.5508731952431862,4.282881576536188,0.00851700816663544,0.0009192082748923658,5.186002271570826,0.031683810161091536,0.5628310136716345
E01109,104.29574007157723,0.09156470736121308,0.12503577568053756,1.6287793197611409,0.009756001322837963,0.000686574085517883,2.3102994828767818,0.013090668667297932,0.5824798431030727
E01110,121.54308520999821,0.0,0.08258449731839561,0.8587316944011567,0.003235374857962496,6.57804736732764e-05,0.8337707528167042,-0.07695399124221343,0.5705621832980888
E01111,35.79992220542491,0.3559285473234685,0.0472861133554009,1.281312176216849,0.00026050908826340984,0.00028936787483299517,1.5081638385772245,0.050047197719604336,0.5509069383958396
E01112,135.34621874515284,0.4298434982445435,0.11500624991740097,3.099968671682456,0.004195443311840166,0.001121024852260097,3.8713904375536488,0.01857591064091229,0.5440183046415341
E01113,72.51570557590567,0.02490120032922255,0.08201222307796985,0.68431903769005,0.0028684725890854032,0.00016638649298823728,0.994279801757372,-0.043500584250009855,0.5287557893790189
E01114,106.76426935132686,0.0,0.05875830698355157,1.498523092267395,0.0005976533373454578,1.0772907501436162e-05,1.7669749616163515,-0.09350851548215182,0.5748492578849722
E01115,79.41069260973296,0.07403878027213617,0.049934894776707324,1.2275611057988605,0.00036052902025260076,8.981642000561883e-06,1.4326458275087346,-0.027987963830887135,0.5266888172381252
E01116,79.27554591640653,0.08324217228579078,0.05598367420029962,1.9374014420453876,0.00030603375340811144,1.9326997984741265e-05,2.552540076713054,-0.040846481801108635,0.5454945582586428
E01117,15.913320227672832,0.3649822302025137,0.07630995169016741,1.0839163585933211,0.00032325447437158556,8.363124901227688e-06,1.36350573019602,-0.06877352971483768,0.5449995956001294
E01118,62.42119420429573,0.0,0.08777430662546501,1.3638346454189725,0.0011048374976860458,2.0690623888058823e-05,1.8317468305535887,-0.13219310251695326,0.5589428953399542
E01119,97.57726569672344,0.1791240006640124,0.08055559531395408,1.1813790390759262,0.0007514925418106282,1.0611860867050802e-05,1.5352327447049061,0.06943136906577459,0.554267408123791
E01120,126.50451182314744,0.2848069730742935,0.08866260506386478,1.095589957969977,0.0011123704032629967,2.2430602804169997e-05,1.455953460868186,0.04614532198986762,0.5374926843542723
E01121,96.80971347825518,0.14170760521820752,0.050582409085196435,0.8379518668568251,0.000762648707841096,6.634472378487683e-06,1.1230580567032291,-0.00793993086215999,0.5052476181024216
E01122,40.80876339907385,0.17114093671773994,0.054650239689649646,0.9236555691131167,0.00021910565883326874,6.717933854340828e-06,1.5261182995063343,-0.06654227797810511,0.5318560606060606
E01123,109.87286423840989,0.652067334087659,0.06148076660385784,1.374102363985767,0.0009539082891239265,9.212890087108638e-06,2.634822476728376,0.2663529899863097,0.4884334415584416
E01124,149.83926335650767,0.7085285325330467,0.08140012310408315,1.643660939782153,0.0008893281936292669,4.150699960150568e-05,2.985393007446519,0.12982093802608188,0.4741190575479567
E01125,100.51404031344914,0.062027054383564845,0.06869128599110168,0.9710147066132824,0.00027823105389069994,1.2773836924632246e-05,1.3402054219004567,-0.0462866485874318,0.528664907367514
E01126,89.00428105939474,0.042546041034351,0.09133480122611469,1.4887110347519312,0.00043535931942435564,1.588619078797976e-05,2.754259614388734,-0.026258132183790733,0.5489989177489178
E01127,19.600991271761124,0.8831319839482465,0.16182876626421216,1.9085601422660723,0.0003038722570454027,2.7505023828711717e-05,3.5252092283769354,0.13388370783203052,0.45705213903743314
E01128,104.53173877372402,0.4162168911465681,0.06345430604976043,1.5530293028216684,0.0018604862658200183,2.1894467406082023e-05,1.3241278727909458,0.07496038751135924,0.469965513342379
E01129,121.09505752343587,0.04689097708145268,0.06334182987543653,0.8936496374763305,0.000255924011652573,1.0499870374605138e-05,1.334053101293898,-0.1249664432139727,0.5335227272727273
E01130,87.87558854643014,0.2025141977247824,0.08561448436707314,1.189527956144886,0.0010210904056615565,2.220261126532992e-05,1.6541473221055705,0.037826625470732816,0.5283639971139971
E01131,100.12193145276837,0.17655096865829828,0.09630026731515577,1.243954631004605,0.00041866841107467785,2.7802224486931047e-05,1.1448460199207497,0.015625978465965886,0.5232286096256684
E01132,84.47047362266514,0.2778891688207727,0.08677744945859367,2.4664436271311923,0.0019041396366045202,7.326245917248927e-05,4.942843896121682,0.04268047330643231,0.5224116161616161
E01133,88.33625505428105,0.18680847969801337,0.09190078641237281,1.1082060820340265,0.00023044668305688922,4.304977861628423e-05,1.133878499883829,-0.039824049877203255,0.4728084415584416
E01134,107.30060334644317,0.06324398448592156,0.10445877423765185,0.8624160094477786,0.001355077875818605,2.0140535224891944e-05,1.0352826817201704,-0.025420381436287734,0.5373688811188811
E01135,81.55629018694619,0.2473870133681577,0.1428452633726237,1.2360746800931834,0.001010517445308306,5.159731241478815e-05,1.3435315494358115,0.0389904250425121,0.49677776082977426
E01136,101.01340263713755,0.171366624261529,0.18429194094975318,1.4501292118468956,0.0032216170637172402,4.483193135248399e-05,1.3564432407342162,-0.02223387033411417,0.5121991978609626
E01137,79.36406061011597,0.0764008622939939,0.09085369809728089,0.84362165631252,0.0005021943248775137,1.558336783183826e-05,1.2394010113800586,-0.07604956459328206,0.5066143303261624
E01138,95.49472382724882,0.007763391418083021,0.07588565843021121,0.9732502746210703,0.0004124117478597894,9.583177913765734e-06,1.2962972044592032,-0.03624624302694637,0.5562326509368494
E01139,99.68529552589071,0.32570243048920733,0.06472835031132787,1.6978320993801728,0.0031865328719669268,0.0001725708866699716,2.8548263331387176,0.07767498438799927,0.4889914772727273
E01140,83.41166990201391,0.1266619753403139,0.07469074477567164,1.0008663515119753,0.00033689216010938277,4.881650325231847e-05,1.3424406096913593,-0.018908794733542407,0.5144282390837509
E01141,132.3557092256609,0.8416383099398508,0.05135223503588441,1.9076444448646888,0.00033172617305954766,8.333387986198324e-05,3.687438824204163,0.2756604187497823,0.4641678885630499
E01142,79.63170988660784,0.43335377305372424,0.06923116849876408,2.7741322663078996,0.007524559460309006,0.00017448611081853044,4.354038125018844,0.03242875802385878,0.47518939393939397
E01143,62.62693189488823,0.6478804719531355,0.060268373532314984,3.082098318725187,0.0017848370505788758,0.00016946464202672717,5.75046859087085,0.1665371725917775,0.49066558441558444
E01144,118.88213230541324,0.12145106751029852,0.052018404994845654,0.8265524962305827,0.0003975552614878527,3.3965017355002375e-05,0.9957166344967185,-0.08186573226071986,0.5131523569023569
E01145,135.44935123300226,0.22240149131845038,0.06526232143237154,0.8563323095022587,0.00017391642435091571,3.352771483986571e-05,1.1234982217542182,-0.056627882459948015,0.5183266488413547
E01146,124.03888400736561,0.26847156110397696,0.11033793929701924,0.9980315737015528,0.0012261977368399435,3.446423394122869e-05,1.3478105802778657,0.015479670074442477,0.5183266488413547
E01147,144.195238214128,0.022919262676970587,0.10675350274126039,1.1028361074597206,0.0005563713166177534,0.00014900468487962347,1.6304429570552033,-0.1308958401484758,0.5753544104410442
E01148,132.0672134643108,0.0,0.07668688949395987,0.7941094022013241,0.000968055355776226,1.1147746433531406e-05,1.2382923878717123,-0.12549791527314544,0.5595979960899315
E01149,100.4994300455562,0.12350963293586595,0.09306252351153023,1.4981814075297977,0.0040815527577753655,0.0003376846541597396,2.05488405019108,-0.048717049986875656,0.5058345552297165
E01150,61.60941766357678,0.35902520702841983,0.5856912812116757,4.585406564284259,0.008486407007379269,0.0009235797445711649,5.551030979495081,0.021264805412521976,0.5465662055335969
E01151,86.41894282261543,0.10093871663565518,0.15985386164902698,1.9313043075092118,0.009725400163581793,0.0006909455551966821,2.6753281908010376,0.002671663918728376,0.566215034965035
E01152,47.76624195349177,0.006690574282784911,0.11740258328688502,1.1612566821492276,0.0032047736987063256,7.015194335207544e-05,1.19879946074096,-0.08737299599078299,0.5542973751600513
E01153,139.07016347432824,0.3981519715699258,0.08210419932389032,1.5838371639649198,0.00022990792900723974,0.00029373934451179426,1.8731925465014803,0.03962819297103479,0.5346421302578019
E01154,62.91246904165197,0.3322676402445331,0.1498243358858904,3.402493659430527,0.004164842152583996,0.001125396321938896,4.236419145477904,0.008156905892342733,0.5277534965034965
E01155,69.88482868720166,0.054642247838173286,0.11683030904645926,0.986844025438121,0.002837871429829233,0.00017075796266703631,1.3593085096816278,-0.053919588998579404,0.5124909812409812
E01156,108.84779405839613,0.0,0.011890955376198355,1.5656290211143546,0.0006893758873503436,1.0884635271678713e-05,1.6678040949423485,-0.08372295749684895,0.5844926205776428
E01157,70.02508300776306,0.0,0.017939734799790653,2.2754693573608815,0.0006348806205058543,2.1229991255858093e-05,2.787698344146668,-0.09658147546707045,0.6032983615981604
E01158,122.67744294368937,0.0,0.038266012289658445,1.4219842739088153,0.0006521013414693284,1.0266118172344517e-05,1.598663997629634,-0.12450852338079949,0.6028033989396471
E01159,81.08784897734955,0.0,0.04973036722495605,1.7019025607344667,0.0014336843647837886,2.259361715917565e-05,2.0669050979872026,-0.18792809618291506,0.6167466986794718
E01160,73.61346797375928,0.0,0.04251165591344511,1.5194469543914204,0.0010803394089083712,1.251485413816763e-05,1.77039101213852,0.013696375399812777,0.6120712114633087
E01161,24.04151694162942,0.2688006166594269,0.05061866566335581,1.4336578732854712,0.0014412172703607393,2.4333596075286825e-05,1.6911117283017998,-0.009589671676094189,0.59529648769379
E01162,10.329468862811352,0.35243510080450446,0.012538469684687466,1.1760197821723193,0.0010914955749388388,8.537465649604512e-06,1.3582163241368428,-0.0636749245281218,0.5630514214419392
E01163,127.48700847237708,0.0,0.016606300289140678,1.261723484428611,0.0005479525259310115,8.620927125457656e-06,1.7612765669399482,-0.12227727164406692,0.5896598639455782
E01164,21.00968480500851,0.7734141186773976,0.023436827203348866,1.7121702793012612,0.0012827551562216693,1.1115883358225466e-05,2.86998074416199,0.21061799632034786,0.5462372448979592
E01165,44.215329300560576,0.4150954663126047,0.04335618370357419,1.9817288550976473,0.0012181750607270097,4.340999287262251e-05,3.2205512748801333,0.07408594436012006,0.5319228608874743
E01166,24.425501068856953,0.15671531244625747,0.030647346590592706,1.3090826219287766,0.0006070779209884428,1.4676830195749074e-05,1.5753636893340706,-0.10202164225339361,0.5864687107070317
E01167,160.9551687934413,0.1106388265835212,0.05329086182560572,1.8267789500674254,0.0007642061865220985,1.7789184059096593e-05,2.989417881822348,-0.08199312584975255,0.6068027210884355
E01168,87.1723089272328,0.3539581672629103,0.12378482686370318,2.2466280575815665,0.0006327191241431455,2.9408017099828545e-05,3.760367495810549,0.0781487141660687,0.5148559423769508
E01169,31.599749325640488,0.43484787038179495,0.025410366649251472,1.8910972181371626,0.002189333132917761,2.379746067719885e-05,1.5592861402245597,0.019225393845397426,0.5277693166818966
E01170,18.06470926289923,0.07465829417577308,0.025297890474927566,1.2317175527918247,0.0005847708787503158,1.2402863645721967e-05,1.569211368727512,-0.1807014368799345,0.5913265306122449
E01171,121.2451601887328,0.10148151345203765,0.04757054496656417,1.5275958714603801,0.0013499372727592994,2.4105604536446748e-05,1.8893055895391844,-0.017908368195228994,0.5861678004535147
E01172,20.838701883028254,0.3132765964073191,0.0582563279146468,1.5820225463200992,0.0007475152781724207,2.9705217758047875e-05,1.3800042873543639,-0.04010901519999593,0.581032412965186
E01173,41.26591414863984,0.28199150768434655,0.0487335100580847,2.8045115424466864,0.002232986503702263,7.51654524436061e-05,5.178002163555296,-0.01305452035952951,0.5802154195011338
E01174,33.18526770595302,0.22448011815692098,0.05385684701186384,1.4462739973495207,0.000559293550154632,4.4952771887401055e-05,1.3690367673174428,-0.09555904354316506,0.5306122448979592
E01175,39.550639173571575,0.026351298465975503,0.06641483483714287,1.2004839247632728,0.0016839247429163476,2.2043528496008775e-05,1.2704409491537842,-0.08115537510224954,0.5951726844583988
E01176,72.99803360309053,0.08393309365487375,0.10480132397211475,1.5741425954086776,0.0013393643124060487,5.350030568590498e-05,1.5786898168694252,-0.01674456862344971,0.5545815641692919
E01177,73.60076895599344,0.0,0.14624800154924422,1.7881971271623898,0.003550463930814983,4.673492462360082e-05,1.59160150816783,-0.07796886400007598,0.5700030012004802
E01178,42.67960475664371,0.0,0.05280975869677193,1.1816895716280142,0.0008310411919752565,1.748636110295509e-05,1.4745592788136728,-0.13178455825924387,0.56441813366568
E01179,44.98614777346539,0.0,0.03784171902970224,1.3113181899365645,0.0007412586149575322,1.1486171184882562e-05,1.531455471892817,-0.09198123669290818,0.614036454276367
E01180,25.133258250159994,0.49011559654586145,0.026684410910818905,2.0359000146956667,0.0035153797390646696,0.00017447387994108844,3.0899846005723317,0.021939990722037464,0.5467952806122449
E01181,84.87561176123106,0.0,0.03664680537516267,1.3389342668274695,0.0006657390272071256,5.0719496523435296e-05,1.5775988771249732,-0.07464378839950422,0.5722320424232685
E01182,25.59190083951249,0.8460312499277097,0.013308295635375441,2.2457123601801827,0.0006605730401572905,8.523687313310006e-05,3.9225970916377766,0.21992542508382049,0.5219716919025675
E01183,43.18097576559453,0.3550244460524176,0.031187229098255116,3.1122001816233937,0.00785340632740675,0.00017638910408964727,4.589196392452458,-0.02330623564210304,0.5329931972789116
E01184,107.99341011277647,0.4069597971205463,0.022224434131806012,3.420166234040681,0.0021136839176766186,0.000171367635297844,5.985626858304464,0.11080217892581568,0.5484693877551021
E01185,134.31648938896294,0.0,0.013974465594336686,1.164620411546077,0.0007264021285855954,3.58680106261192e-05,1.2308749019303324,-0.13760072592668166,0.5709561602418746
E01186,28.746006887206665,0.11927319931749025,0.027218382031862567,1.1944002248177528,0.0005027632914486585,3.543070811098254e-05,1.358656489187832,-0.11236287612590982,0.5761304521808723
E01187,21.865273780312062,0.2968781843505631,0.07229399989651027,1.336099489017047,0.001555044603937686,3.6367227212345515e-05,1.5829688477114798,-0.040255323591519336,0.5761304521808723
E01188,64.99604061908809,0.0,0.06870956334075141,1.4409040227752148,0.0008852181837154963,0.0001509076781507403,1.8656012244888172,-0.18663083381443762,0.6331582137805618
E01189,26.709689478759945,0.0,0.038642950093450895,1.1321773175168184,0.0012969022228739688,1.3050739704648235e-05,1.4734506553053262,-0.18123290893910726,0.6174017994294492
E01190,6.944469249812755,0.45859363242873036,0.05501858411102126,1.8362493228452919,0.004410399624873108,0.0003395876474308564,2.2900423176246942,-0.10445204365283747,0.5636383585692342
E01191,155.90107992700368,0.479965665189646,0.5476473418111667,4.923474479599753,0.008815253874477012,0.0009254827378422818,5.7861892469286955,-0.03447018825343984,0.6043700088731145
E01192,66.52369354600984,0.0,0.121809922248518,2.269372222824706,0.010054247030679536,0.000692848548467799,2.9104864582346517,-0.053063329747233434,0.6240188383045526
E01193,139.30237432045914,0.0,0.07935864388637605,1.4993245974647218,0.0035336205658040684,7.205493662319227e-05,1.433957728174574,-0.14310798965674482,0.6121011784995689
E01194,32.65733551145136,0.24249027483789976,0.04406025992338135,1.921905079280414,0.0005587547961049826,0.00029564233778291106,2.108350813935094,-0.01610680069492703,0.5924459335973196
E01195,165.50026461454425,0.35672184982664273,0.1117803964853814,3.740561574746021,0.004493689019681738,0.0011272993152100128,4.471577412911518,-0.04757808777361908,0.5855572998430141
E01196,37.445425064454255,0.046283481775235724,0.07878636964595029,1.3249119407536152,0.003166718296926976,0.00017266095593815314,1.5944667771152417,-0.10965458266454123,0.5702947845804989
E01197,157.19048859931593,0.31973253569156856,0.009116322592946405,2.004507370892347,0.0003977563034129971,1.9438725754983816e-05,2.453369210039051,-0.031060923815805767,0.5551379209513134
E01198,75.3443823052725,0.0,0.029442600082814196,1.1510222874402805,0.00041497702437647124,8.474852671470239e-06,1.264334863522017,-0.05898797172953481,0.5546429582928001
E01199,141.7064485094236,0.06948778029708014,0.0409069550181118,1.4309405742659318,0.0011965600476909314,2.0802351658301374e-05,1.7325759638795857,-0.1224075445316504,0.5685862580326249
E01200,176.51663598172968,0.44526877104876894,0.03368824370660086,1.2484849679228858,0.000843215091815514,1.0723588637293353e-05,1.4360618780309031,0.07921692705107745,0.5639107708164617
E01201,97.21198695857689,0.17793501565264086,0.041795253456511555,1.1626958868169366,0.0012040929532678823,2.254233057441255e-05,1.356782594194183,0.05593087997517049,0.547136047046943
E01202,110.33545237615667,0.20064137218180522,0.003715057477843217,0.9050577957037845,0.0008543712578459817,6.746200148730234e-06,1.023887190029226,0.0018456271231428768,0.5148909807950922
E01203,103.12051807626175,0.019842697235406936,0.007782888082296429,0.9907614979600762,0.0003108282088381544,6.829661624583379e-06,1.4269474328323313,-0.05675671999280224,0.5414994232987312
E01204,129.71219578532435,0.7393279810394322,0.014613414996504618,1.4412082928327263,0.001045630839128812,9.32461785735119e-06,2.535651610054373,0.2761385479716125,0.4980768042511122
E01205,100.62019779794547,0.491461045722404,0.03453277149672994,1.7107668686291126,0.0009810507436341525,4.161872737174823e-05,2.8862221407725164,0.13960649601138475,0.4837624202406273
E01206,131.87746364094454,0.20880472382748322,0.021823934383748456,1.038120635460242,0.00036995360389558557,1.2885564694874797e-05,1.2410345552264537,-0.03650109060212893,0.5383082700601847
E01207,62.785587679923985,0.10218794863796146,0.04446744961876147,1.5558169635988905,0.0005270818694292413,1.5997918558222313e-05,2.655088747714731,-0.016472574198487865,0.5586422804415885
E01208,86.06284789850828,0.5259932859993885,0.11496141465685894,1.9756660711130318,0.00039559480705028834,2.761675159895427e-05,3.426038361702932,0.14366926581733339,0.46669550173010377
E01209,140.26859759716191,0.5787460874930426,0.016586954442407223,1.6201352316686277,0.001952208815824904,2.2006195176324574e-05,1.2249570061169428,0.0847459454966621,0.47960887603504965
E01210,119.9937812246622,0.0,0.016474478268083317,0.96075556632329,0.00034764656165745867,1.0611598144847689e-05,1.234882234619895,-0.11518088522866983,0.543166089965398
E01211,17.471810161791808,0.5694230554721773,0.03874713275971992,1.2566338849918453,0.0011128129556664422,2.231433903557247e-05,1.5549764554315675,0.047612183456035684,0.5380073598066677
E01212,127.92802400242039,0.3711371225301439,0.049432915707802554,1.3110605598515646,0.0005103909610795635,2.79139522571736e-05,1.045675153246747,0.025411536451268753,0.532871972318339
E01213,138.69506329823795,0.4716198744013959,0.03991009785124045,2.5335495559781513,0.0019958621866094056,7.337418694273184e-05,4.843673029447679,0.052466031291735174,0.5320549788542868
E01214,133.24638285996198,0.3324364091418353,0.0450334348050196,1.1753120108809858,0.00032216923306177493,4.3161506386526775e-05,1.034707633209826,-0.030038491891900384,0.4824518042511122
E01215,148.38076477872394,0.274675883108482,0.05759142263029863,0.929521938294738,0.0014468004258234907,2.0252262995134495e-05,0.9361118150461674,-0.015634823450984867,0.5470122438115518
E01216,160.5501357480552,0.535608011273024,0.09597791176527051,1.303180608940143,0.0011022399953131915,5.17090401850307e-05,1.2443606827618083,0.04877598302781497,0.506421123522445
E01217,177.33053696541387,0.43864801361903183,0.13742458934239996,1.517235140693855,0.003313339613722126,4.494365912272654e-05,1.2572723740602132,-0.012448312348811302,0.5218425605536332
E01218,134.71800929973912,0.1957275833448509,0.04398634648992768,0.9107275851594794,0.0005939168748823994,1.5695095602080812e-05,1.1402301447060559,-0.0662640066079792,0.5162576930188331
E01219,151.03372955390319,0.2997530008902128,0.02901830682285799,1.0403562034680296,0.000504134297864675,9.694905684008285e-06,1.1971263377852002,-0.026460685041643506,0.56587601362952
E01220,132.2723826554524,0.5272435688543247,0.017860998703974656,1.764938028227132,0.0032782554219718124,0.00017268261444021416,2.755655466464715,0.08746054237330214,0.4986348399653979
E01221,160.4953811422537,0.4136904585828115,0.027823393168318424,1.0679722803589347,0.0004286147101142685,4.8928231022561016e-05,1.2432697430173563,-0.009123236748239538,0.5240716017764215
E01222,109.53658398135927,0.786280143668863,0.0044848834285311934,1.974750373711648,0.00042344872306443335,8.34456076322258e-05,3.5882679575301597,0.28544597673508515,0.47381125125572054
E01223,71.30280009468845,0.42979356497198223,0.022363816891410867,2.841238195154859,0.0076162820103138915,0.000174597838588773,4.2548672583448415,0.042214316009161645,0.4848327566320646
E01224,17.358588567050617,0.9556348622479085,0.013401021924961764,3.1492042475721465,0.0018765596005837614,0.00016957636979696972,5.651297724196847,0.17632273057708037,0.5003089471082551
E01225,82.49272043546942,0.0,0.0051510533874924375,0.8936584250775421,0.0004892778114927383,3.407674512524492e-05,0.8965457678227156,-0.07208017427541699,0.5227957195950276
E01226,110.75837853938829,0.10942055463250966,0.018394969825018318,0.9234382383492181,0.0002656389743558014,3.363944261010827e-05,1.0243273550802152,-0.04684232447464515,0.5279700115340253
E01227,121.99695142093853,0.220534422320099,0.06347058768966603,1.0651375025485121,0.0013179202868448291,3.4575961711471235e-05,1.248639713603863,0.025265228059745345,0.5279700115340253
E01228,136.32783498506114,0.023079455756589762,0.05988615113390716,1.16994203630668,0.0006480938666226391,0.00014911641264986602,1.5312720903812003,-0.12111028216317295,0.5849977731337148
E01229,102.0126691067973,0.0,0.029819537886606646,0.8612153310482835,0.0010597779057811116,1.1259474203773957e-05,1.1391215211977093,-0.11571235728784258,0.5692413587826022
E01230,111.11412527794272,0.17473736117167013,0.04619517190417701,1.5652873363767572,0.004173275307780251,0.0003377963819299821,1.9557131835170773,-0.03893149200157279,0.5154779179223872
E01231,50.29794855381068,0.46044421074563946,0.5388239296043225,4.652512493131218,0.008578129557384155,0.0009236914723414074,5.451860112821079,0.031050363397824843,0.5562095682262675
E01232,42.71574948123732,0.2132540683086747,0.11298651004167376,1.9984102363561713,0.009817122713586679,0.0006910572829669247,2.576157324127035,0.012457221904031243,0.5758583976577056
E01233,97.6033355680442,0.0,0.07053523167953181,1.2283626109961872,0.0032964962487112112,7.0263671122318e-05,1.099628594066957,-0.07758743800548012,0.5639407378527219
E01234,105.04057931277902,0.2436372839242757,0.035236847716537095,1.6509430928118793,0.0003216304790121254,0.0002938510722820368,1.7740216798274773,0.049413750956337654,0.5442854929504726
E01235,80.20087378270416,0.2778628058046298,0.10295698427853717,3.4695995882774864,0.004256564702588881,0.0011255080497091386,4.137248278803901,0.0179424638776456,0.5373968591961671
E01236,95.63408120410897,0.09054977027405836,0.06996295743910605,1.0539499542850805,0.0029295939798341187,0.00017086969043727886,1.2601376430076248,-0.04413403101327654,0.5221343439336519
E01237,86.1723336688868,0.0,0.0354913795064065,1.8608626236868075,0.0003604817575319819,1.8820208655649622e-05,2.384229112726336,-0.07184648969975631,0.5734486993133177
E01238,17.491210893972003,0.23732466844330857,0.046955734441704096,2.140780910512459,0.0011420647808464421,3.114770764248076e-05,2.852470213083905,-0.1352660625018719,0.5873919990531424
E01239,20.80638123064595,0.48104337400018826,0.03973702313019316,1.958325304169413,0.0007887198249710247,2.1068944621472733e-05,2.5559561272352225,0.06635840908085595,0.5827165118369793
E01240,88.99289606192144,0.13805907362683384,0.04784403288010385,1.8725362230634637,0.001149597686423393,3.288768655859193e-05,2.4766768433985025,0.04307236200494899,0.5659417880674605
E01241,64.47361454779048,0.16165085023490186,0.009763836901435514,1.6148981319503117,0.0007998759910014924,1.7091556132909614e-05,2.1437814392335452,-0.011012890847078623,0.5336967218156098
E01242,64.65505148782226,0.0353072421338298,0.013831667505888726,1.7006018342066034,0.0002563329419936651,1.717501760876276e-05,2.546841682036651,-0.06961523796302374,0.5603051643192488
E01243,52.42707396341125,0.6694925812996744,0.020662194420096917,2.1510486290792534,0.0009911355722843228,1.966997384153057e-05,3.6555458592586927,0.26328003000139105,0.5168825452716298
E01244,93.76607380656876,0.4660435893806232,0.040581550920322236,2.4206072048756395,0.0009265554767896633,5.196408335592761e-05,4.006116389976835,0.12674797804116325,0.5025681612611449
E01245,45.81583441087592,0.14909831176562172,0.027872713807340754,1.747960971706769,0.00031545833705109625,2.3230920679054177e-05,2.360928804430773,-0.04935960857235043,0.5571140110807022
E01246,124.74420490245558,0.16100584734047643,0.05051622904235377,2.265657299845418,0.00047258660258475194,2.6343274542401693e-05,3.77498299691905,-0.029331092168709366,0.577448021462106
E01247,71.15020011305052,0.5061495309900085,0.12101019408045123,2.6855064073595587,0.000341099540205799,3.796210758313365e-05,4.5459326109072515,0.13081074784711189,0.48550124275062134
E01248,40.84476352043339,0.5662035131711302,0.02263573386599952,2.329975567915155,0.0018977135489804146,3.235155116050396e-05,2.344851255321262,0.0718874275264406,0.4984146170555672
E01249,65.8307371625361,0.0,0.022523257691675614,1.6705959025698172,0.00029315129481296935,2.095695412902707e-05,2.3547764838242147,-0.12803940319889132,0.5619718309859155
E01250,165.27770477329526,0.4483116972588704,0.04479591218331222,1.9664742212383723,0.0010583176888219528,3.2659695019751854e-05,2.674870704635887,0.034753665485814184,0.5568131008271853
E01251,49.20949764469215,0.2460643890473759,0.05548169513139485,2.020900896098092,0.00045589569423507416,3.825930824135298e-05,2.1655694024510663,0.012553018481047253,0.5516777133388566
E01252,30.156762182451995,0.546504418615466,0.04595887727483275,3.2433898922246787,0.0019413669197649165,8.371954292691121e-05,5.963567278651999,0.039607513321513674,0.5508607198748043
E01253,38.01265178200853,0.35676423671576246,0.051082214228611894,1.8851523471275131,0.0002676739662172856,5.3506862370706155e-05,2.1546018824141453,-0.04289700986212189,0.5012575452716298
E01254,36.52988464895493,0.2358175816469324,0.06364020205389093,1.6393622745412653,0.0013923051589790013,3.0597618979313875e-05,2.0560060642504867,-0.028493341421206367,0.5658179848320694
E01255,4.6816933417945865,0.6717035374962236,0.1020266911888628,2.0130209451866703,0.0010477447284687022,6.205439616921008e-05,2.3642549319661277,0.03591746505759347,0.5252268645429625
E01256,24.267953176268826,0.40386538500839153,0.14347336876599226,2.227075476940382,0.0032588443468776367,5.528901510690592e-05,2.3771666232645323,-0.025306830319032803,0.5406483015741508
E01257,31.491409262308487,0.2543812033812272,0.050035125913519975,1.6205679214060065,0.0005394216080379101,2.6040451586260195e-05,2.2601243939103752,-0.0791225245782007,0.5350634340393506
E01258,26.180647106863947,0.23268910304867124,0.03506708624645029,1.750196539714557,0.0004496390310201857,2.0040261668187665e-05,2.3170205869895195,-0.039319203011865006,0.5846817546500376
E01259,45.02679571483187,0.47298561917505216,0.023909778127566953,2.4747783644736594,0.0032237601551273233,0.00018302797042439356,3.875549715669034,0.07460202440308064,0.5174405809859155
E01260,17.735619218241258,0.46274013013455073,0.03387217259191072,1.777812616605462,0.0003741194432697792,5.9273587006740396e-05,2.3631639922216756,-0.02198175471846104,0.5428773427969391
E01261,79.52762083224188,0.6964262158215397,0.01053366285212349,2.6845907099581754,0.00036895345621994403,9.379096361640517e-05,4.708162206734479,0.2725874587648637,0.4926169922762381
E01262,96.88057686205985,0.4202860057553962,0.028412596315003164,3.5510785314013864,0.007561786743469402,0.0001849431945729524,5.374761507549161,0.02935579803894014,0.5036384976525822
E01263,139.9079713308976,0.8179119680839858,0.019449801348554063,3.8590445838186733,0.001822064333739272,0.00017992172578114912,6.771191973401166,0.16346421260685887,0.5191146881287727
E01264,115.16399890042494,0.09662860060696693,0.011199832811084736,1.6034987613240694,0.000434782544648249,4.44221011094243e-05,2.016440017027035,-0.08493869224563849,0.5416014606155451
E01265,79.56180396043739,0.05122822656465206,0.024443749248610615,1.6332785745957454,0.00021114370751131208,4.398479859428765e-05,2.1442216042845343,-0.05970084244486665,0.5467757525545429
E01266,65.36287406418958,0.17658320296143157,0.06951936711325832,1.7749778387950395,0.0012634250200003398,4.4921317695650615e-05,2.3685339628081823,0.012406710089523845,0.5467757525545429
E01267,65.06656100225607,0.0,0.06593493055749947,1.879782372553207,0.0005935985997781498,0.00015946176863404542,2.6511663395855196,-0.13396880013339443,0.6038035141542324
E01268,86.42302506421134,0.0,0.03586831731019895,1.5710556672948108,0.0010052826389366223,2.160483018795334e-05,2.2590157704020286,-0.12857087525806407,0.5880470998031198
E01269,65.25398594850553,0.14247707251289238,0.05224395132776931,2.2751276726232845,0.0041187800409357616,0.0003481417379141615,3.0756074327213967,-0.05179000997179429,0.5342836589429047
E01270,123.4859785479757,0.4763171291696857,0.5448727090279147,5.362352829377746,0.008523634290539664,0.0009340368283255868,6.571754362025398,0.018191845427603343,0.5750153092467851
E01271,127.57474744207987,0.21196643127428122,0.11903528946526605,2.708250572602698,0.009762627446742188,0.000701402638951104,3.6960515733313537,-0.00040129606619025704,0.5946641386782232
E01272,73.65591994638615,0.0,0.0765840111031241,1.9382029472427145,0.003242000981866722,8.060902710649737e-05,2.2195228432712764,-0.09044595597570163,0.5827464788732395
E01273,86.06269343111008,0.1801574053912385,0.04128562714012939,2.360783429058406,0.0002671352121676361,0.0003041964282662162,2.8939159290317966,0.036555232986116154,0.5630912339709901
E01274,97.15694333723273,0.3106652177655081,0.10900576370212946,4.179439924524013,0.004202069435744392,0.001135853405693318,5.25714252800822,0.005083945907424101,0.5562026002166847
E01275,69.34295291562086,0.05875792083459605,0.07601173686269834,1.7637902905316076,0.0028750987129896296,0.00018121504642145826,2.380031892211944,-0.05699254898349804,0.5409400849541695
E01276,68.68147181305378,0.0,0.06728201193157189,1.2872958270603925,0.0011592855018099162,2.018383455896718e-05,1.6634358665668711,-0.16319311041560092,0.5868970363946291
E01277,101.28204326019437,0.07114985312733563,0.06006330062006095,1.1048402207173464,0.0008059405459344988,1.010507153795916e-05,1.3669217807181886,0.03843136116712692,0.5822215491784659
E01278,141.69324402714182,0.24153690700465477,0.06817031036997165,1.0190511396113973,0.001166818407386867,2.1923813475078355e-05,1.2876424968814684,0.015145314091219955,0.5654468254089472
E01279,112.69903023244919,0.07411702383537366,0.030090114391303307,0.7614130484982452,0.0008170967119649665,6.12768304939604e-06,0.9547470927165115,-0.03893993876080766,0.5332017591570964
E01280,32.83774246125309,0.15007770519810942,0.034157944995756515,0.8471167507545369,0.0002735536629571392,6.2111445252491846e-06,1.3578073355196167,-0.09754228587675277,0.5598102016607355
E01281,124.45473617299865,0.6259703456667065,0.040988471909964706,1.297563545627187,0.0010083562932477969,8.706100758016994e-06,2.4665115127416586,0.235352982087662,0.5163875826131165
E01282,164.89279604116325,0.6203887066827278,0.06090782841019003,1.5671221214235733,0.0009437761977531374,4.100021027241403e-05,2.817082043459802,0.0988209301274342,0.5020731986026316
E01283,114.87780995359469,0.0,0.048198991297208546,0.8944758882547025,0.00033267905801457037,1.2267047595540601e-05,1.1718944579137391,-0.07728665648607946,0.5566190484221889
E01284,73.39665988439387,0.0,0.07084250653222156,1.4121722163933512,0.0004898073235482261,1.537940145888812e-05,2.5859486504020164,-0.0572581400824384,0.5769530588035927
E01285,35.50863997667134,0.625678803459975,0.14133647157031903,1.8320213239074925,0.00035832026116927314,2.6998234499620075e-05,3.3568982643902174,0.10288369993338284,0.485006280092108
E01286,117.63825933404216,0.37887172770605765,0.042962011355867316,1.4764904844630884,0.0019149342699438887,2.138767807699038e-05,1.1558169088042283,0.04396037961271157,0.4979196543970539
E01287,136.55606864375645,0.0,0.042849535181543406,0.8171108191177506,0.00031037201577644347,9.993081045513495e-06,1.1657421373071806,-0.15596645111262036,0.5614768683274022
E01288,79.6199345143639,0.04526568496656855,0.06512218967318001,1.112989137786306,0.001075538409785427,2.1695821936238277e-05,1.485836358118853,0.00682661757208515,0.5563181381686719
E01289,114.9440256229406,0.13117805777705613,0.07580797262126264,1.1674158126460252,0.0004731164151985483,2.7295435157839405e-05,0.9765350559340323,-0.015374029432681784,0.5511827506803433
E01290,97.46345192536182,0.20323439631678275,0.06628515476470054,2.389904808772612,0.0019585876407283904,7.275566984339763e-05,4.7745329321349645,0.011680465407784633,0.550365757216291
E01291,102.33366202302946,0.09231534128464114,0.07140849171847968,1.0316672636754465,0.0002848946871807597,4.2542989287192585e-05,0.9655675358971114,-0.07082405777585092,0.5007625826131165
E01292,118.78462815144638,0.01433276294245095,0.08396647954375872,0.7858771910891986,0.0014095258799424755,1.96337458958003e-05,0.8669717177334528,-0.05642038933493541,0.565323022173556
E01293,87.34165401998241,0.1226133396731192,0.12235296867873059,1.1595358617346037,0.0010649654494321763,5.10905230856965e-05,1.175220585449094,0.007990417143864434,0.5247319018844492
E01294,104.34299157686638,0.048910918694704875,0.16379964625586005,1.3735903934883156,0.0032760650678411106,4.432514202339235e-05,1.1881322767474987,-0.053233878232761836,0.5401533389156374
E01295,92.7320725169774,0.0,0.07036140340338777,0.76708283795394,0.0005566423290013842,1.5076578502746618e-05,1.0710900473933411,-0.10704957249192973,0.5345684713808373
E01296,106.61445764064844,0.0,0.05539336373631808,0.8967114562624903,0.00046685975198365983,9.07638858467409e-06,1.1279862404724856,-0.06724625092559404,0.5841867919915242
E01297,113.99608775003286,0.3047534916806254,0.044236055617434746,1.6212932810215928,0.003240980876090797,0.00017206409734087997,2.6865153691520005,0.04667497648935161,0.5169456183274022
E01298,85.61951410816847,0.0,0.05419845008177851,0.9243275331533953,0.0003913401642332533,4.8309713923226825e-05,1.1741296457046417,-0.04990880263219007,0.5423823801384258
E01299,148.26845966993568,0.7907331462352138,0.03085994034199128,1.8311056265061088,0.00038617417718341814,8.282709053289159e-05,3.519127860217445,0.24466041085113463,0.4921220296177248
E01300,92.93501114852907,0.2730090732441189,0.04873887380487096,2.6975934479493198,0.007579007464432876,0.0001739793214894388,4.185727161032127,0.0014287501252111048,0.5031435349940688
E01301,60.54904408687428,0.49106229901478243,0.03977607883842185,3.005559500366607,0.0018392850547027462,0.00016895785269763553,5.582157626884133,0.13553716469312982,0.5186197254702594
E01302,102.9748267891665,0.0,0.03152611030095253,0.7500136778720028,0.00045200326561172313,3.3458228025910725e-05,0.827405670510001,-0.11286574015936753,0.5411064979570318
E01303,151.34136797743608,0.13962964812487694,0.04477002673847841,0.7797934911436788,0.0002283644284747862,3.302092551077407e-05,0.9551872577675007,-0.08762789035859568,0.5462807898960296
E01304,139.25183575285598,0.19543555891196995,0.0898456446031261,0.9214927553429728,0.001280645740963814,3.395744461213704e-05,1.1794996162911482,-0.015520337824205192,0.5462807898960296
E01305,146.44687618325827,0.0,0.08626120804736725,1.0262972891011406,0.0006108193207416239,0.00014849789555053183,1.4621319930684857,-0.16189584804712348,0.603308551495719
E01306,147.66408081788256,0.0,0.056194594800066736,0.7175705838427442,0.0010225033599000964,1.0640957104439763e-05,1.0699814238849947,-0.15649792317179312,0.5875521371446064
E01307,116.38385968356168,0.10318271919373379,0.0725702288176371,1.4216425891712179,0.0041360007618992355,0.00033717786483064793,1.8865730862043628,-0.07971705788552333,0.5337886962843914
E01308,47.23457098067254,0.3594051406065916,0.5651989865177826,4.508867745925679,0.008540855011503139,0.0009230729552420733,5.382720015508364,-0.009735202486125694,0.5745203465882718
E01309,93.44917660334877,0.0,0.13936156695513385,1.854765489150632,0.009779848167705663,0.0006904387658675905,2.50701722681432,-0.028328343979919294,0.5941691760197099
E01310,36.05228395340198,0.017655479132155094,0.09691028859299189,1.0847178637906478,0.003259221702830196,6.96451540229838e-05,1.0304884967542425,-0.11837300388943066,0.5822515162147262
E01311,154.86583321418453,0.36650508288055683,0.06161190462999719,1.50729834560634,0.0002843559331311102,0.0002932325551827026,1.7048815825147627,0.008628185072387114,0.5625962713124768
E01312,47.334997052021535,0.3163422481771374,0.12933204119199726,3.325954841071947,0.004219290156707866,0.0011248895326098044,4.068108181491187,-0.022843102006304936,0.5557076375581713
E01313,85.70674795627136,0.0,0.09633801435256613,0.9103052070795411,0.0028923194339531035,0.00017025117333794467,1.1909975456949102,-0.08491959689722708,0.5404451222956561
E01314,35.48316643505714,0.15150042418852955,0.07152765555535856,1.384758507542998,0.0015875235692489591,2.2432570524790295e-05,1.8351628810757572,-0.02498821163498867,0.5961648489182907
E01315,102.77373035468045,0.0,0.07963466530526925,1.2989694264370486,0.0019484014307013272,3.425131246190949e-05,1.755883597239037,-0.048274258710895634,0.5793901251487719
E01316,73.4641352775196,0.0,0.04155446932660091,1.0413313353238967,0.0015986797352794267,1.8455182036227175e-05,1.42298819307408,-0.10235951156292325,0.5471450588969212
E01317,49.19493335416913,0.0,0.04562229993105412,1.1270350375801883,0.0010551366862715996,1.853864351208032e-05,1.8260484358771853,-0.16096185867886836,0.5737535014005601
E01318,66.54962192153587,0.427400694327174,0.05245282684526231,1.5774818324528384,0.0017899393165622573,2.103359974484813e-05,2.934752613099227,0.1719334092855464,0.5303308823529411
E01319,110.64780509497227,0.2819163417882572,0.07237218334548763,1.8470404082492247,0.0017253592210675977,5.3327709259245166e-05,3.2853231438173705,0.035401357325318614,0.5160164983424562
E01320,58.46622368663119,0.0,0.059663346232506145,1.174394175080354,0.0011142620813290307,2.459454658237174e-05,1.6401355582713077,-0.14070622928819507,0.5705623481620137
E01321,116.39986633353476,0.0,0.08230686146751917,1.6920905032190028,0.0012713903468626864,2.7706900445719254e-05,3.054189750759585,-0.12067771288455399,0.5908963585434174
E01322,56.91329356222253,0.3776450937100524,0.15280082650561663,2.1119396107331436,0.0011399032844837335,3.932573348645121e-05,3.8251393647477863,0.03946412713126725,0.4989495798319328
E01323,55.54102566220116,0.25101742489314216,0.054426366291164915,1.75640877128874,0.002696517293258349,3.3715177063821516e-05,1.6240580091617969,-0.01945919318940402,0.5118629541368787
E01324,80.64108586670089,0.0,0.054313890116841006,1.097029105943402,0.0010919550390909038,2.232058003234463e-05,1.6339832376647492,-0.21938602391473594,0.5754201680672268
E01325,148.0602458128319,0.18489628156187654,0.07658654460847761,1.3929074246119573,0.0018571214330998873,3.402332092306941e-05,1.9540774584764216,-0.05659295523003044,0.5702614379084967
E01326,61.19615721293011,0.0,0.08727232755656025,1.4473340994716766,0.0012546994385130086,3.962293414467054e-05,1.444776156291601,-0.07879360223479737,0.5651260504201681
E01327,39.887993011183035,0.27543014168483637,0.07774950969999814,2.6698230955982636,0.0027401706640428508,8.508316883022877e-05,5.242774032492533,-0.051739107394330956,0.5643090569561158
E01328,47.914916361759325,0.08747982835366697,0.08287284665377728,1.311585550501098,0.00106647771049522,5.487048827402372e-05,1.43380863625468,-0.1342436305779665,0.5147058823529411
E01329,52.791897976310366,0.0,0.09543083447905631,1.0657954779148502,0.0021911089032569356,3.196124488263144e-05,1.3352128180910214,-0.11983996213705099,0.5792663219133807
E01330,19.15112527576285,0.39649527250275884,0.1338173236140282,1.4394541485602552,0.0018465484727466367,6.341802207252764e-05,1.6434616858066624,-0.055429155658251156,0.5386752016242738
E01331,39.01058998775877,0.09983098307510463,0.17526400119115765,1.653508680313967,0.0040576480911555714,5.6652641010223484e-05,1.6563733771050673,-0.11665345103487743,0.5540966386554622
E01332,38.66243697843227,0.0,0.08182575833868537,1.0470011247795914,0.0013382253523158444,2.7404077489577753e-05,1.53933114775091,-0.17046914529404533,0.548511771120662
E01333,41.30259498780144,0.0,0.06685771867161569,1.1766297430881418,0.0012484427752981202,2.1403887571505223e-05,1.5962273408300542,-0.13066582372770963,0.598130091731349
E01334,57.5623137314146,0.20142649034226995,0.05570041055273235,1.9012115678472443,0.004022563899405258,0.00018439159632771112,3.154756469509569,-0.016744596312763982,0.5308889180672269
E01335,24.097739289719748,0.23046736682600583,0.06566280501707611,1.204245819979047,0.0011729231875477137,6.063721291005796e-05,1.6423707460622103,-0.11332837543430567,0.5563256798782505
E01336,95.01190829107857,0.49200590845456604,0.042324295277288884,2.1110239133317603,0.0011677572004978785,9.515458951972273e-05,3.9873689605750138,0.18124083804901903,0.5060653293575494
E01337,97.4181532212966,0.21568784915291855,0.06020322874016856,2.9775117347749713,0.008360590487747337,0.00018630682047626995,4.6539682613896955,-0.061990822676904485,0.5170868347338935
E01338,124.52649720833007,0.5130850294695795,0.05124043377371946,3.2854777871922582,0.0026208680780172066,0.00018128535168446667,6.050398727241701,0.07211759189101423,0.532563025210084
E01339,117.58075538077888,0.0,0.04299046523625013,1.0299319646976544,0.0012335862889261834,4.578572701274186e-05,1.2956467708675696,-0.17628531296148311,0.5550497976968565
E01340,95.50520334129256,0.0,0.05623438167377601,1.0597117779693304,0.0010099474517892464,4.5348424497605205e-05,1.4234283581250693,-0.15104746316071127,0.5602240896358543
E01341,80.78337259772418,0.0,0.1013099995384237,1.2014110421686244,0.002062228764278274,4.6284943598968174e-05,1.647740716648717,-0.07893991062632078,0.5602240896358543
E01342,81.77418768011846,0.0,0.09772556298266485,1.306215575926792,0.0013924023440560842,0.00016082539453736298,1.9303730934260543,-0.22531542084923906,0.6172518512355437
E01343,101.37488803265293,0.0,0.06765894973536433,0.9974888706683956,0.0018040863832145568,2.29684560912709e-05,1.5382225242425633,-0.2199174959739087,0.6014954368844312
E01344,75.19489224378741,0.0,0.08403458375293471,1.7015608759968692,0.004917583785213696,0.0003495053638174791,2.3548141865619314,-0.1431366306876389,0.5477319960242162
E01345,108.04776259147651,0.19102018041869334,0.5766633414530802,4.7887860327513305,0.009322438034817599,0.0009354004542289043,5.850961115865933,-0.07315477528824128,0.5884636463280964
E01346,126.08086138902809,0.0,0.15082592189043145,2.134683775976283,0.010561431191020123,0.0007027662648544216,2.975258327171889,-0.09174791678203488,0.6081124757595346
E01347,59.51761538605859,0.0,0.10837464352828949,1.3646361506162994,0.004040804726144657,8.197265300981493e-05,1.498729597111811,-0.18179257669154625,0.5961948159545508
E01348,102.08386076260645,0.04719006812396587,0.07307625956529479,1.7872166324319914,0.0010659389564455705,0.00030556005416953374,2.1731226828723313,-0.054791387729728476,0.5765395710523016
E01349,84.88559007827524,0.10269125214868124,0.14079639612729486,3.605873127897598,0.005000873180022326,0.0011372170315966355,4.536349281848755,-0.08626267480842052,0.5696509372979961
E01350,69.50099309362513,0.0,0.10780236928786374,1.1902234939051926,0.003673902457267564,0.00018257867232477582,1.6592386460524788,-0.14833916969934266,0.5543884220354809
E01351,85.97698800257245,0.23521303869680515,0.0724159539937583,1.1165138200940024,0.0015950564748259098,2.417254944090147e-05,1.4593695113903544,0.1533502128718322,0.5747146379326089
E01352,71.62344394136854,0.20378311180974595,0.03433575801508997,0.8588757289808505,0.001245334779404009,8.376419015219153e-06,1.1264741072253974,0.0992649600198046,0.5424695716807582
E01353,73.40151300696805,0.07412003824578847,0.03840358861954318,0.9445794312371422,0.0007017917303961819,8.459880491072298e-06,1.5295343500285028,0.04066261290385949,0.5690780141843972
E01354,52.89062362881253,0.7542334858451121,0.045234115533751375,1.3950262261097923,0.0014365943606868396,1.0954836723840107e-05,2.638238527250545,0.37355788086827424,0.5256553951367781
E01355,82.86308327329924,0.5095875101622032,0.0651534720339767,1.6645848019061784,0.0013720142651921802,4.324894623823715e-05,2.988809057968688,0.23702582890804647,0.5113410111262932
E01356,50.18084414827209,0.187649483223241,0.052444634920995215,0.9919385687373078,0.000760917125453613,1.4515783561363714e-05,1.3436214724226252,0.06091824229453279,0.5658868609458505
E01357,115.64872790320979,0.2349234031660723,0.07508815015600823,1.5096348968759568,0.0009180453909872687,1.7628137424711233e-05,2.757675664910902,0.08094675869817386,0.5862208713272543
E01358,91.64391421377012,0.5399024610644181,0.1455821151941057,1.9294840043900976,0.0007865583286083158,2.924697046544319e-05,3.5286252788991037,0.2410885987139951,0.4942740926157697
E01359,42.056363996638396,0.6423371502959418,0.04720765497965398,1.573953164945694,0.0023431723373829316,2.3636414042813495e-05,1.3275439233131143,0.18216527839332383,0.5071874669207156
E01360,63.043671211042636,0.009909796609513855,0.04709517880533007,0.9145734996003559,0.0007386100832154862,1.224181701133661e-05,1.3374691518160666,-0.0177615523320081,0.5707446808510639
E01361,162.05396665139662,0.5025252681016128,0.06936783329696668,1.2104518182689112,0.0015037764772244696,2.394455790206139e-05,1.657563372627739,0.1450315163526974,0.5655859506923336
E01362,54.12037757782481,0.31335650442824725,0.08005361624504931,1.2648784931286303,0.000901354482637591,2.954417112366252e-05,1.1482620704429185,0.12283086934793047,0.560450563204005
E01363,41.97286342832414,0.5211038628131934,0.0705307983884872,2.4873674892552176,0.002386825708167433,7.500440580922074e-05,4.946259946643851,0.1498853641883969,0.5596335697399527
E01364,47.90670642502415,0.38548081668530526,0.07565413534226635,1.129129944158052,0.0007131327546198024,4.4791725253015696e-05,1.1372945504059975,0.06738084100476134,0.5100303951367781
E01365,34.20827878376039,0.3449077023192923,0.08821212316754538,0.8833398715718039,0.0018377639473815181,2.1882481861623416e-05,1.0386987322423389,0.08178450944567686,0.5745908346972177
E01366,17.030891930354407,0.6743638314930804,0.12659861230251726,1.256998542217209,0.0014932035168712192,5.333925905151962e-05,1.3469475999579799,0.1461953159244767,0.5339997144081108
E01367,3.551760387480267,0.701588198542066,0.16804528987964673,1.4710530739709209,0.0037043031352801533,4.657387798921546e-05,1.3598592912563847,0.08497102054785043,0.549421151439299
E01368,45.60433758219083,0.23464767916046594,0.07460704702717444,0.8645455184365454,0.000984880396440427,1.7325314468569732e-05,1.2428170619022274,0.031155326288682533,0.5438362839044989
E01369,30.45222338549742,0.3480636107891305,0.059639007360104745,0.9941741367450956,0.0008950978194227025,1.1325124550497202e-05,1.2997132549813717,0.07095864785501822,0.593454604515186
E01370,49.7299233238748,0.534511592424959,0.04848169924122141,1.7187559615041983,0.0036692189435298403,0.00017431283330670308,2.8582423836608863,0.18487987526996386,0.5262134308510638
E01371,16.022957868174046,0.541270111023577,0.05844409370556518,1.0217902136360006,0.000819578231672296,5.0558449889049936e-05,1.3458566602135278,0.08829609614842218,0.5516501926620874
E01372,73.77351463204185,0.7878339322514518,0.035105583965777946,1.9285683069887143,0.0008144122446224609,8.50758264987147e-05,3.6908548747263312,0.3828653096317469,0.5013898421413864
E01373,110.01730072381982,0.5184140515044385,0.05298451742865762,2.795056128431925,0.00800724553187192,0.0001762280574552619,4.357454175541013,0.13963364890582336,0.5124113475177305
E01374,160.00965902286603,0.9332625063122874,0.04402172246220852,3.103022180849212,0.002267523122141789,0.00017120658866345864,5.753884641393018,0.2737420634737421,0.527887537993921
E01375,97.55710697630444,0.09234054973668462,0.03577175392473919,0.8474763583546081,0.0008802413330507659,3.570696399173384e-05,0.9991326850188871,0.025339158621244737,0.5503743104806935
E01376,72.61009644880885,0.12055313688874397,0.049015670362265076,0.8772561716262841,0.0006566024959138289,3.526966147659718e-05,1.1269142722763867,0.05057700842201658,0.5555486024196913
E01377,61.14549514023457,0.2838524625317922,0.09409128822691278,1.0189554358255781,0.0017088838084028566,3.6206180577960156e-05,1.3512266308000345,0.12268456095640706,0.5555486024196913
E01378,46.77746516515731,0.0334880577707512,0.09050685167115391,1.123759969583746,0.0010390573881806666,0.00015074663151635494,1.6338590075773718,-0.02369094926651122,0.6125763640193806
E01379,81.29040214516854,0.0,0.060440238423853404,0.8150332643253495,0.001450741427339139,1.2889693070262878e-05,1.2417084383938808,-0.018293024391180857,0.5968199496682681
E01380,71.03428076370315,0.17981631961459354,0.07681587244142377,1.519105269653823,0.004564238829338279,0.00033942660079647104,2.058300100713249,0.05848784089508893,0.543056508808053
E01381,126.70758026165144,0.5421174613891087,0.5694446301415692,4.6063304264082845,0.008969093078942182,0.0009253216912078964,5.554447030017251,0.12846969629448657,0.5837881591119334
E01382,139.28068576157426,0.35559859143124845,0.1436072105789205,1.952228169633237,0.010208086235144706,0.0006926875018334136,2.678744241323206,0.10987655480069297,0.6034369885433715
E01383,79.01878632188084,0.0029874066950522637,0.10115593221677856,1.1821805442732531,0.0036874597702692387,7.18938899888069e-05,1.2022155112631285,0.019831894891181603,0.5915193287383878
E01384,78.3740485872562,0.2356841453138999,0.06585754825378384,1.604761026088945,0.000712594000570153,0.0002954812911485257,1.8766085970236488,0.14683308385299937,0.5718640838361384
E01385,96.89727874079205,0.3591630528562563,0.13357768481578391,3.423417521554552,0.004647528224146909,0.0011271382685756274,4.239835196000072,0.11536179677430733,0.564975450081833
E01386,84.89573615447466,0.07229501754314306,0.1005836579763528,1.0077678875621463,0.0033205575013921466,0.00017249990930376778,1.3627245602037963,0.053285301883385185,0.5497129348193177
E01387,34.08273708776726,0.4305003195007855,0.042442767765000666,0.7730866478749012,0.0016062126408563776,2.019516095233835e-05,1.0471948233886774,0.07597891294389764,0.5256948479112393
E01388,151.12794034465176,0.27586980919976467,0.04651059836945388,0.8587903501311929,0.0010626695918485502,2.0278622428191495e-05,1.4502550661917826,0.017376565827952523,0.5523032904148784
E01389,36.60775561545048,0.8800111590729602,0.05334112528366207,1.3092371450038431,0.0017974722221392081,2.2773578660959306e-05,2.5589592434138244,0.3502718337923673,0.5088806713672593
E01390,23.362695873971806,0.8589125271626159,0.07326048178388739,1.5787957208002292,0.0017328921266445483,5.506768817535635e-05,2.9095297741319675,0.21373978183213949,0.49456628735677444
E01391,44.31050050176679,0.27542685971233805,0.0605516446709059,0.9061494876313585,0.0011217949869059814,2.6334525498482913e-05,1.264342188585905,0.037632195218625826,0.5491121371763318
E01392,136.93324440215585,0.3125336068822692,0.08319515990591891,1.4238458157700074,0.001278923252439637,2.944687936183043e-05,2.678396381074182,0.057660711622266894,0.5694461475577355
E01393,107.63474864942545,0.6383102380434403,0.15368912494401638,1.8436949232841484,0.0011474361900606841,4.1065712402562385e-05,3.4493459950623837,0.21780255163808815,0.4774993688462509
E01394,48.14815006304612,0.5840921322928082,0.05531466472956467,1.4881640838397445,0.0027040501988352997,3.545515597993269e-05,1.248264639476394,0.15887923131741688,0.49041274315119676
E01395,23.464546830178147,0.2428825439114915,0.05520218855524076,0.8287844184944066,0.0010994879446678545,2.4060558948455805e-05,1.2581898679793464,-0.04104759940791507,0.5539699570815451
E01396,104.54460491743725,0.2772849815450475,0.07747484304687738,1.124662737162962,0.0018646543386768382,3.576329983918059e-05,1.5782840887910188,0.12174546927679045,0.5488112269228149
E01397,41.74286914386802,0.39985395775338456,0.08816062599496,1.1790894120226811,0.0012622323440899593,4.1362913060781714e-05,1.068982786606198,0.09954482227202352,0.5436758394344863
E01398,63.2426346211527,0.4047443987426307,0.07863780813839791,2.401578408149268,0.0027477035696198016,8.682314774633995e-05,4.86698066280713,0.12659931711248992,0.542858845970434
E01399,55.539893351271886,0.3478569710995918,0.08376114509217705,1.0433408630521026,0.0010740106160721707,5.661046719013489e-05,1.0580152665692772,0.044094793928854376,0.49325567136725934
E01400,53.44738222046242,0.1653753622284704,0.09631913291745609,0.7975507904658548,0.0021986418088338865,3.370122379874261e-05,0.9594194484056187,0.05849846236976989,0.5578161109276989
E01401,90.87548992282751,0.3334700944793048,0.13470562205242795,1.1712094611112596,0.0018540813783235873,6.515800098863882e-05,1.2676683161212599,0.12290926884856973,0.517224990638592
E01402,84.66963920865854,0.1898607419658183,0.17615229962955742,1.3852639928649717,0.004065180996732522,5.839261992633465e-05,1.2805800074196645,0.06168497347194346,0.5326464276697803
E01403,65.62352580625344,0.10274543546699422,0.08271405677708513,0.7787564373305961,0.0013457582578927953,2.9144056405688928e-05,1.163537778065507,0.007869279212775568,0.5270615601349802
E01404,62.81242155289837,0.12063320146252937,0.06774601711001543,0.9083850556391464,0.0012559756808750708,2.3143866487616397e-05,1.2204339711446515,0.04767260077911126,0.5766798807456672
E01405,45.21953461590386,0.5725147273235522,0.05658870899113211,1.6329668803982489,0.004030096804982208,0.00018613157524382227,2.778963099824166,0.1615938281940569,0.509438707081545
E01406,100.41698687955703,0.18833703826191767,0.06655110345547588,0.9360011325300515,0.0011804560931246643,6.237719182616913e-05,1.2665773763768076,0.06501004907251522,0.5348754688925687
E01407,13.42045583297285,1.0,0.04321259371568864,1.8427792258827649,0.001175290106074829,9.689456843583391e-05,3.611575590889611,0.35957926255583994,0.48461511837186766
E01408,49.99335225997703,0.5812895030061751,0.06109152717856832,2.7092670473259757,0.008368123393324288,0.0001880467993923811,4.2781748917042925,0.11634760182991641,0.4956366237482117
E01409,103.27042771723032,0.678598466974623,0.052128732212119215,3.017233099743263,0.002628400983594157,0.00018302533060057783,5.674605357556298,0.2504560163978351,0.5111128142244021
E01410,113.37696315063089,0.14327279841396987,0.043878763674649886,0.7616872772486588,0.0012411191945031342,4.752570592885304e-05,0.9198534011821669,0.0020531115453377713,0.5335995867111747
E01411,16.044535600311722,0.450034514744822,0.057122680112175764,0.7914670905203348,0.0010174803573661973,4.708840341371638e-05,1.0476349884396665,0.027290961346109616,0.5387738786501726
E01412,24.87051808832133,0.5139929361579205,0.10219829797682348,0.9331663547196289,0.002069761669855225,4.8024922515079355e-05,1.271947346963314,0.09939851388050011,0.5387738786501726
E01413,58.87828419940846,0.0,0.09861386142106461,1.0379708884777967,0.0013999352496330349,0.00016256537345347413,1.5545797237406516,-0.046976996342418184,0.5958016402498618
E01414,7.007411915043784,0.39091879933791,0.06854724817376409,0.7292441832194002,0.0018116192887915076,2.4708435007382073e-05,1.1624291545571606,-0.04157907146708782,0.5800452258987494
E01415,30.957309952404515,0.41968125482805224,0.08492288219133445,1.4333161885478738,0.004925116690790647,0.00035124534273359024,1.9790208168765286,0.03520179381918197,0.5262817850385343
E01416,146.79455949884473,0.6844889808830519,0.57755163989148,4.520541345302336,0.00932997094039455,0.0009371404331450156,5.47516774618053,0.1051836492185796,0.5670134353424146
E01417,60.48680851999174,0.15657262439960215,0.1517142203288312,1.866439088527288,0.010568964096597074,0.0007045062437705328,2.599464957486486,0.086590507724786,0.5866622647738527
E01418,162.29047056178496,0.20343832650021518,0.10926294196668926,1.0963914631673037,0.004048337631721607,8.371263192592611e-05,1.1229362274264083,-0.003454152184725362,0.5747446049688689
E01419,14.38756375781759,0.6162900774270554,0.07396455800369454,1.518971944982996,0.0010734718620225212,0.0003073000330856449,1.7973293131869286,0.12354703677709242,0.5550893600666197
E01420,169.84046369028067,0.6006813981228075,0.1416846945656946,3.337628440448603,0.005008406085599278,0.0011389570105127466,4.160555912163352,0.09207574969840036,0.5482007263123143
E01421,57.24001631257734,0.21877989675999532,0.10869066772626348,0.9219788064561971,0.0036814353628445147,0.00018431865124088698,1.283445276367076,0.02999925480747822,0.532938211049799
E01422,117.96968250551014,0.14097426175723343,0.00843040239078554,0.6011522590180409,0.0007129478964266496,4.482492002509179e-06,1.1173596620268258,-0.03670868702407509,0.5200582241630276
E01423,22.660754180608116,0.973485017899909,0.015260929304993728,1.051599053890691,0.0014477505267173074,6.977448235276989e-06,2.2260638392488676,0.29618658094033967,0.4766356051154086
E01424,54.49702456206952,0.6003243738805087,0.03518028580521905,1.3211576296870773,0.0013831704312226478,3.9271557749674026e-05,2.5766343699670107,0.1596545289801119,0.4623212211049237
E01425,21.56935037156667,0.41900745728687766,0.022471448692237567,0.6485113965182066,0.0007720732914840809,1.0538395072800597e-05,0.9314467844209481,-0.01645305763340179,0.516867070924481
E01426,170.10771563309115,0.3943520323267894,0.04511496392725058,1.1662077246568554,0.0009292015570177366,1.3650748936148114e-05,2.3455009769092254,0.0035754587702392787,0.5372010813058848
E01427,77.21186730591421,0.5790271906872221,0.11560892896534804,1.5860568321709965,0.0007977144946387836,2.526958197688007e-05,3.1164505908974265,0.1637172987860605,0.4452543025944002
E01428,30.39187099032636,0.6999735311086331,0.017234468750896334,1.2305259927265926,0.0023543285034133992,1.9659025554250376e-05,0.9153692353114372,0.10479397846538925,0.45816767689934607
E01429,25.787364049206886,0.25243895820428813,0.017121992576572424,0.5711463273812547,0.0007497662492459539,8.26442852277349e-06,0.9252944638143895,-0.09513285225994268,0.5217248908296943
E01430,124.88682409830487,0.3347035660564222,0.039394647068209034,0.86702464604981,0.0015149326432549375,1.9967169413498272e-05,1.2453886846260618,0.06766021642476283,0.5165661606709642
E01431,17.625475652331843,0.5692912386497814,0.050080430016291665,0.9214513209095292,0.0009125106486680588,2.55667826350994e-05,0.7360873824412413,0.0454595694199959,0.5114307731826355
E01432,34.52389744748943,0.546435359939754,0.04055761215972956,2.143940317036116,0.002397981874197901,7.102701732065763e-05,4.534085258642174,0.07251406426046231,0.5106137797185832
E01433,26.494254727279174,0.5441849833214938,0.04568094911350871,0.7857027719389507,0.0007242889206502701,4.081433676445257e-05,0.7251198624043204,-0.00999045892317324,0.4610106051154086
E01434,39.10989030090092,0.25977161100695784,0.05823893693878774,0.5399126993527028,0.001848920113411986,1.7905093373060296e-05,0.6265240442406618,0.004413209517742276,0.5255710446758481
E01435,68.00417919596067,0.3052271464156104,0.09662542607375961,0.9135713699981077,0.0015043596829016868,4.93618705629565e-05,0.9347729119563029,0.06882401599654211,0.4849799243867413
E01436,72.26880210668679,0.18164288528629524,0.13807210365088907,1.1276259017518195,0.0037154593013106214,4.2596489500652336e-05,0.9476846032547076,0.007599720619915842,0.5004013614179296
E01437,34.822288257315066,0.267637392048786,0.04463386079841679,0.5211183462174441,0.0009960365624708946,1.3347925980006613e-05,0.8306423739005502,-0.04621597363925205,0.4948164938831294
E01438,41.45962003814632,0.19977036355394856,0.029665821131347102,0.6507469645259945,0.0009062539854531703,7.3477360619340845e-06,0.8875385669796946,-0.006412652072916362,0.5444348144938165
E01439,21.93714249820637,0.6986170927811591,0.018508513012463767,1.375328789285097,0.003680375109560308,0.00017033544481813998,2.446067695659209,0.10750857534202929,0.4771936408296943
E01440,80.7159502479193,0.12764944651374902,0.028470907476807535,0.6783630414168995,0.0008307343977027637,4.6581061400486814e-05,0.9336819722118507,0.010924796220487606,0.5026304026407179
E01441,35.62276494509986,0.9870736155672734,0.005132397737020303,1.585141134769613,0.0008255684106529286,8.109843801015159e-05,3.278680186724654,0.3054940097038123,0.4523700521200169
E01442,40.461741531329054,0.5990637330294853,0.023011331199899978,2.451628956212824,0.008018401697902387,0.0001722506689666988,3.9452794875393358,0.062262348977888786,0.46339155749636096
E01443,106.23441585976202,0.7101284337569979,0.014048536233450874,2.759595008630111,0.0022786792881722565,0.00016722920017489553,5.341709953391342,0.19637076354580751,0.4788677479725515
E01444,144.01888841844027,0.255015839813025,0.005798567695981548,0.5040491861355069,0.0008913974990812335,3.172957550317072e-05,0.5869579970172101,-0.052032141306689844,0.5013545204593239
E01445,38.64298427526198,0.261276844605863,0.01904248413350743,0.5338289994071829,0.0006677586619442966,3.1292272988034065e-05,0.7147395842747096,-0.026794291505918,0.5065288123983218
E01446,29.443756012705894,0.45849436687654377,0.06411810199815512,0.675528263606477,0.0017200399744333244,3.222879208939703e-05,0.9390519427983572,0.04531326102847249,0.5065288123983218
E01447,71.42241022853406,0.0,0.06053366544239627,0.7803327973646447,0.0010502135542111344,0.00014676924302779184,1.2216843195756946,-0.1010622491944458,0.5635565739980112
E01448,37.03836535007371,0.10010036713189419,0.030467052195095757,0.47160609210624826,0.001461897593369607,8.912304581699758e-06,0.8295337503922038,-0.09566432431911544,0.5478001596468987
E01449,3.698919648892778,0.6198280119989212,0.04684268621266612,1.1756780974347218,0.004575394995368746,0.00033544921230790794,1.6461254127115716,-0.018883459032845645,0.49403671878668354
E01450,151.23210163577286,0.6282611291772912,0.5394714439128115,4.262903254189183,0.008980249244972649,0.0009213443027193333,5.142272342015573,0.05109839636655199,0.5347683690905639
E01451,67.66824200968952,0.15329200819949668,0.11363402435016286,1.608800997414136,0.010219242401175173,0.0006887101133448505,2.266569553321529,0.03250525487275839,0.554417198522002
E01452,129.96080285688868,0.1264080992317349,0.0711827459880209,0.8387533720541519,0.0036986159362997068,6.791650150024379e-05,0.7900408232614514,-0.05753940503675298,0.5424995387170183
E01453,42.89363741474478,0.3868928350906195,0.035884362025026206,1.261333853869844,0.0007237501666006207,0.0002915039026599626,1.4644339090219716,0.0694617839250648,0.5228442938147689
E01454,155.84274314697169,0.6115751305124327,0.10360449858702626,3.079990349335451,0.004658684390177376,0.0011231608800870642,3.8276605079983956,0.03799049684637275,0.5159556600604636
E01455,28.476576933919496,0.3412046532650711,0.07061047174759515,0.6643407153430452,0.003331713667422614,0.00016852252081520468,0.9505498722021192,-0.024085998044549396,0.5006931447979482
E01456,115.70290900447884,0.5983833130823087,0.019328759909446942,1.1373027561469828,0.0009042074777094801,7.060909711130134e-06,2.629124082051973,0.2375842338243946,0.5032440476190476
E01457,156.10092927093402,0.6411787565029083,0.03924811640967226,1.406861331943369,0.0008396273822148206,3.9355019225527175e-05,2.979694612770116,0.10105218186416677,0.4889296636085627
E01458,107.24267622424617,0.0,0.02653927929669078,0.7342150987744982,0.0002285302424762536,1.062185654865374e-05,1.3345070272240533,-0.07505540474934691,0.5434755134281201
E01459,71.50148532497518,0.0,0.049182794531703794,1.251911426913147,0.0003856585080099093,1.373421041200126e-05,2.7485612197123306,-0.055026888345705835,0.5638095238095238
E01460,54.4274734143167,0.5212470344023332,0.11967675956980126,1.6717605344272881,0.0002541714456309564,2.5353043452733215e-05,3.519510833700532,0.1051149516701154,0.47186274509803916
E01461,104.71470522598817,0.34002595437970606,0.021302299355349545,1.3162296949828842,0.0018107854544055718,1.974248703010352e-05,1.3184294781145425,0.04619163134944414,0.48477611940298504
E01462,129.83600153460245,0.0,0.021189823181025635,0.6568500296375464,0.00020622320023812665,8.347889998626635e-06,1.3283547066174948,-0.1537351993758878,0.5483333333333333
E01463,100.85419352647241,0.10307175552464867,0.043462477672662245,0.9527283483061016,0.0009713895942471102,2.0050630889351418e-05,1.6484489274291672,0.009057869308817718,0.5431746031746032
E01464,109.54661262322229,0.10726545319695821,0.054148260620744876,1.0071550231658208,0.0003689675996602315,2.5650244110952545e-05,1.1391476252443464,-0.013142777695949216,0.5380392156862746
E01465,88.06688527648308,0.21534955057066243,0.044625442764182774,2.229644019292408,0.0018544388251900737,7.111047879651077e-05,4.937145501445278,0.0139117171445172,0.5372222222222223
E01466,95.64268381824105,0.08445274628657579,0.04974877971796192,0.8714064741952423,0.0001807458716424429,4.089779824030572e-05,1.1281801052074256,-0.06859280603911835,0.4876190476190476
E01467,101.18485486642636,0.0,0.06230676754324095,0.6256164016089945,0.0013053770644041586,1.7988554848913442e-05,1.029584287043767,-0.05418913759820284,0.5521794871794872
E01468,63.8099890625448,0.19060258087448442,0.10069325667821283,0.9992750722543994,0.0009608166338938596,4.944533203880965e-05,1.3378331547594082,0.010221668880597001,0.5115883668903802
E01469,75.80303748140464,0.04504659006734971,0.14213993425534227,1.2133296040081114,0.003171916252302794,4.2679950976505485e-05,1.3507448460578129,-0.05100262649602927,0.5270098039215686
E01470,85.51267307708119,0.0,0.04870169140287,0.6068220484737358,0.0004524935134630674,1.3431387455859759e-05,1.2337026167036553,-0.10481832075519716,0.5214249363867685
E01471,90.30336316415952,0.0,0.03373365173580031,0.7364506667822861,0.00036271093644534306,7.431197537787229e-06,1.2905988097827998,-0.06501499918886147,0.5710432569974555
E01472,106.30911775860591,0.3017675531562877,0.022576343616916978,1.4610324915413886,0.0031368320605524806,0.00017041890629399312,2.8491279384623143,0.048906228226084175,0.5038020833333333
E01473,57.45222316641399,0.10069234692081397,0.032538738081260746,0.7640667436731912,0.0002871913486949365,4.666452287633996e-05,1.336742215014956,-0.047677550895457506,0.5292388451443569
E01474,144.09185034456294,0.830123100422117,0.009200228341473514,1.6708448370259046,0.00028202536164510133,8.118189948600473e-05,3.6817404295277596,0.2468916625878672,0.47897849462365594
E01475,118.49462411697156,0.37895537258411816,0.02707916180435319,2.5373326584691154,0.00747485864889456,0.00017233413044255195,4.348339730342441,0.0036600018619436722,0.49
E01476,91.18920705094001,0.46698197351344606,0.018116366837904088,2.8452987108864027,0.0017351362391644293,0.00016731266165074868,5.744770196194446,0.13776841642986237,0.5054761904761904
E01477,89.65765193744511,0.0,0.009866398300434759,0.5897528883917985,0.00034785445007340637,3.181303697902387e-05,0.9900182398203152,-0.11063448842263496,0.527962962962963
E01478,144.20687013803112,0.14831291044779404,0.02311031473796064,0.6195327016634745,0.00012421561293646938,3.137573446388721e-05,1.117799827077815,-0.08539663862186311,0.5331372549019608
E01479,129.85531800213028,0.1950127698252413,0.06818593260260834,0.7612319658627686,0.001176496925425497,3.231225356525018e-05,1.3421121856014624,-0.013289086087472625,0.5331372549019608
E01480,114.38176831403803,0.0,0.06460149604684948,0.8660364996209363,0.0005066705052033071,0.00014685270450364498,1.6247445623788,-0.15966459631039093,0.5901650165016501
E01481,150.55986553103438,0.0,0.03453488279954897,0.5573097943625399,0.0009183545443617796,8.995766057552904e-06,1.232593993195309,-0.15426667143506057,0.5744086021505377
E01482,120.73564757910154,0.13342131080078606,0.05091051681711933,1.2613817996910135,0.004031851946360919,0.0003355326737837611,2.049185655514677,-0.07748580614879076,0.5206451612903226
E01483,59.00994086776328,0.3228358714092412,0.5435392745172648,4.348606956445475,0.008436706195964823,0.0009214277641951864,5.545332584818678,-0.007503950749393126,0.5613768115942028
E01484,126.07844596557374,0.1295142640108455,0.11770185495461608,1.6945046996704276,0.009675699352167347,0.0006887935748207036,2.6696297961246342,-0.026097092243186727,0.581025641025641
E01485,12.059509982489589,0.24356714676515706,0.07525057659247412,0.9244570743104435,0.0031550728872918794,6.799996297609693e-05,1.1931010660645567,-0.11614175215269809,0.5691079812206572
E01486,150.65924921811433,0.32342801167612445,0.03995219262947942,1.3470375561261356,0.0001802071175927934,0.00029158736413581574,1.867494151825077,0.010859436809119681,0.549452736318408
E01487,38.03304092715232,0.38662161507671716,0.10767232919147948,3.1656940515917427,0.004115141341169549,0.0011232443415629175,4.230720750801501,-0.02061185026957237,0.5425641025641026
E01488,100.0821949772396,0.0,0.07467830235204836,0.7500444175993368,0.002788170618414787,0.00016860598229105782,1.3536101150052244,-0.0826883451604945,0.5273015873015873
E01489,47.3148676698198,1.0,0.04607864332388045,1.8573081268160192,0.0015744300125054784,4.184997545829498e-05,4.088398789992158,0.4339474498285816,0.44550704456094364
E01490,9.644459702045761,0.9779336246857644,0.03336980621089897,1.1846618936471485,0.0009633328727669114,1.311681278142155e-05,2.4432112044460954,0.25783986321506785,0.500052894380501
E01491,158.24181255129804,0.8222115790290982,0.056013321445911986,1.702358221785797,0.001120461138300567,1.6229166644769066e-05,3.8572653969343724,0.2778683796187089,0.5203869047619047
E01492,91.37410849505716,1.0,0.12650728648400944,2.1222073292999384,0.0009889740759216142,2.7847999685501026e-05,4.628215010922574,0.4380102196345302,0.42844012605042014
E01493,11.667577538435063,1.0,0.028132826269557737,1.7666764898555343,0.0025455880846962297,2.223744326287133e-05,2.4271336553365845,0.3790868993138589,0.441353500355366
E01494,14.283752676627353,0.8240971629535611,0.028020350095233827,1.1072968245101964,0.0009410258305287844,1.0842846231394444e-05,2.4370588838395366,0.17916006858852698,0.5049107142857143
E01495,140.59257331710666,0.8321945108640977,0.050293004586870436,1.4031751431787518,0.001706192224537768,2.2545587122119228e-05,2.757153104651209,0.3419531372732325,0.4997519841269841
E01496,9.868882434451944,1.0,0.06097878753495307,1.457601818038471,0.0011037702299508893,2.8145200343720355e-05,2.2478518024663883,0.3197524902684656,0.4946165966386554
E01497,28.53901977606306,1.0,0.051455969678390966,2.680090814165058,0.0025892414554807316,7.360543502927859e-05,6.04584967866732,0.346806985108932,0.49379960317460314
E01498,22.3443162083368,0.9961755016694536,0.05657930663217011,1.3218532690678924,0.0009155485019331006,4.339275447307353e-05,2.2368842824294672,0.26430246192529644,0.44419642857142855
E01499,18.68565985872357,0.9147179537100127,0.06913729445744914,1.0760631964816445,0.0020401796946948165,2.048351108168125e-05,2.138288464265809,0.27870613036621195,0.5087568681318682
E01500,54.564446155816434,0.8619427943453575,0.10752378359242101,1.4497218671270495,0.0016956192641845174,5.1940288271577454e-05,2.44653733198145,0.34311693684501177,0.4681657478427612
E01501,52.68647471663513,0.7579079677219858,0.14897046116955048,1.6637763988807615,0.0039067188825934514,4.517490720927329e-05,2.4594490232798547,0.2818926414683855,0.4835871848739496
E01502,32.43693554864281,0.775507324620045,0.05553221831707819,1.057268843346386,0.001187296143753725,1.592634368862757e-05,2.342406793925697,0.22807694720921762,0.4780023173391494
E01503,26.26639564991688,0.8129384751401803,0.040564178650008505,1.1868974616549361,0.0010975135667360008,9.926153770555038e-06,2.399302987004842,0.2678802687755533,0.5276206379498364
E01504,10.564451601357634,1.0,0.029406870531125166,1.9114792864140386,0.0038716346908431384,0.00017291386252676091,3.957832115684356,0.38180149619049897,0.4603794642857143
E01505,65.2802647894266,0.6540744395325245,0.03936926499546894,1.2145135385458412,0.001021993978985594,4.915947910910777e-05,2.445446392236998,0.28521771706895727,0.4858162260967379
E01506,28.998636361974835,1.0,0.016030755255681706,2.1212916318985546,0.001016827991935759,8.367685571877255e-05,4.790444606749801,0.579786930552282,0.43555587557603687
E01507,62.755473755092346,0.9230760856694229,0.03390968871856138,2.9877794533417656,0.008209661279185217,0.00017482908667531974,5.457043907564483,0.33655526982635847,0.446577380952381
E01508,128.4432023629568,1.0,0.024946893752112276,3.295745505759053,0.002469938869455087,0.00016980761788351647,6.853474373416488,0.4706636843942772,0.4620535714285714
E01509,126.10010348552457,0.6405149951296569,0.01669692521464295,1.0401996832644487,0.001082657080364064,3.4307993211791676e-05,2.098722417042357,0.2222607795417798,0.48454034391534395
E01510,30.286831545799533,0.8139391970569698,0.02994084165216883,1.0699794965361247,0.0008590182432271272,3.387069069665502e-05,2.2265040042998567,0.24749862934255168,0.4897146358543417
E01511,15.454015117304232,1.0,0.07501645951681653,1.2116787607354187,0.001911299555716155,3.480720979801799e-05,2.4508163628235042,0.3196061818769422,0.4897146358543417
E01512,50.13717875859869,0.41589749294452344,0.07143202296105768,1.3164832944935865,0.0012414731354939649,0.00014934766073641277,2.733448739600842,0.17323067165402387,0.5467423974540311
E01513,34.86128074016816,0.526786033415488,0.041365409713757156,1.00775658923519,0.0016531571746524374,1.1490722290320712e-05,2.341298170417351,0.17862859652935423,0.5309859831029186
E01514,20.411502283689085,1.0,0.057741043731327525,1.7118285945636638,0.004766654576651577,0.0003380276300165289,3.1578898327367186,0.255409461815624,0.47722254224270355
E01515,171.42976968793494,1.0,0.550369801431473,4.799053751318125,0.009171508826255479,0.0009239227204279543,6.65403676204072,0.3253913172150217,0.5179541925465838
E01516,87.5332270232633,0.6652993541160549,0.12453238186882426,2.144951494543078,0.010410501982458003,0.0006912885310534715,3.778333973346676,0.30679817572122803,0.537603021978022
E01517,125.83584126272997,0.5791984177643235,0.08208110350668231,1.3749038691830937,0.0038898755175825373,7.049491920886475e-05,2.3018052432865987,0.2167535158117167,0.5256853621730382
E01518,36.68433859963353,0.9048883331839341,0.04678271954368761,1.797484350998786,0.0009150097478834512,0.00029408232036858353,2.9761983290471186,0.3437547047735345,0.506030117270789
E01519,149.06574982201343,0.9635428965527183,0.11450285610568767,3.616140846464393,0.004849943971460207,0.0011257392977956852,5.339424928023543,0.3122834176948424,0.49914148351648346
E01520,48.769121792179654,0.6838245819389291,0.08150882926625655,1.200491212471987,0.0035229732487054447,0.00017110093852382562,2.4623142922272665,0.25020692280392026,0.48387896825396826
E01521,56.8526032595147,0.46706812559920347,0.053289162711124285,1.4542204694435346,0.0008987527772722518,4.541092229581859e-05,2.7937817351642384,0.12130781125484008,0.48573851037001614
E01522,118.15675948796809,0.4957930649508413,0.07593267794613731,1.9719167975821834,0.0010558810428059075,4.852327615916611e-05,4.207835927652516,0.14133632765848114,0.5060725207514198
E01523,130.7010637109508,1.0,0.14642664298423477,2.3917659050963245,0.0009243939804269546,6.014210919989806e-05,4.9787855416407165,0.30147816767430236,0.41412574203993524
E01524,56.51197637517347,0.791724744784393,0.048052182769783056,2.036235065651921,0.00248100798920157,5.453155277726837e-05,2.7777041860547276,0.24255484735363111,0.4270391163448811
E01525,33.503555093755764,0.5192469518975052,0.047939706595459146,1.3768554003065827,0.0008764457350341248,4.3136955745791484e-05,2.7876294145576797,0.04262801662829918,0.4905963302752294
E01526,100.95622039338389,0.5879617576816107,0.07021236108709575,1.6727337189751381,0.0016416121290431084,5.483969663651626e-05,3.1077236353693523,0.20542108531300468,0.48543760011649917
E01527,55.82325005243363,0.5783730810469484,0.0808981440351784,1.7271603938348572,0.0010391901344562297,6.043930985811739e-05,2.5984223331845318,0.18322043830823775,0.4803022126281705
E01528,75.77484581158348,0.6663149652982385,0.07137532617861628,2.9496493899614444,0.002524661359986072,0.00010589954454367562,6.396420209385464,0.21027493314870419,0.47948521916411824
E01529,69.51973165931723,0.5444782220807739,0.07649866313239542,1.5914118448642787,0.0008509684064384411,7.568686398747056e-05,2.5874548131476107,0.1277704099650686,0.42988204456094364
E01530,57.91900741529931,0.39109396112122385,0.08905665095767445,1.3456217722780308,0.0019755995992001567,5.277762059607829e-05,2.488858994983952,0.14217407840598414,0.49444248412138325
E01531,93.81986235598455,0.6091666525317705,0.12744314009264635,1.7192804429234356,0.0016310391686898578,8.42343977859745e-05,2.797107862699593,0.206584884884784,0.4538513638322763
E01532,80.35955884189795,0.5242178256744872,0.1688898176697758,1.9333349746771478,0.003842138787098792,7.746901672367034e-05,2.810019553997998,0.1453605895081577,0.4692728008634647
E01533,79.72752455926818,0.4015022648692681,0.07545157481730351,1.3268274191427722,0.0011227160482590655,4.822045320302461e-05,2.6929773246438407,0.09154489524898982,0.4636879333286645
E01534,69.7535909905118,0.34715413112858917,0.06048353515023382,1.4564560374513225,0.0010329334712413413,4.222026328495208e-05,2.749873517722985,0.1313482168153255,0.5133062539393515
E01535,57.79715697151487,0.7761880188287381,0.04932622703135049,2.1810378622104247,0.0038070545953484787,0.00020520797204115796,4.3084026464025,0.24526944423027114,0.4460650802752294
E01536,98.87251392979816,0.5484323318062727,0.059288621495694256,1.4840721143422275,0.0009574138834909347,8.14535886235048e-05,2.796016922955141,0.14868566510872946,0.471501842086253
E01537,19.451458273298574,1.0,0.035950111755907024,2.3908502076949407,0.0009522478964410996,0.00011597096523316959,5.141015137467944,0.44325487859205415,0.42124149156555196
E01538,72.05658108752085,0.7893858547196843,0.0538290452187867,3.2573380291381517,0.008145081183690558,0.0002071231961897168,5.807614438282626,0.20002321786613064,0.43226299694189607
E01539,112.5718771929682,1.0,0.0448662502523376,3.565304081555439,0.0024053587739604277,0.00020210172739791352,7.204044904134632,0.33413163243404936,0.4477391874180865
E01540,90.74404014980666,0.38859228848953703,0.03661628171486827,1.309758259060835,0.0010180769848694045,6.660210272618872e-05,2.4492929477605005,0.08572872758155202,0.47022595990485905
E01541,17.245897960933764,0.7948432612690814,0.04986019815239415,1.3395380723325108,0.0007944381477324676,6.616480021105206e-05,2.577074535018,0.11096657738232386,0.4754002518438568
E01542,31.866483024773242,0.7535722001761807,0.09493581601704185,1.481237336531805,0.0018467194602214952,6.710131931241503e-05,2.8013868935416477,0.18307412991671435,0.4754002518438568
E01543,42.96439328995387,0.3492450527828985,0.091351379461283,1.5860418702899728,0.0011768930399993053,0.00018164177025080982,3.084019270318985,0.036698619693796064,0.5324280134435462
E01544,17.920587972788258,0.5548522592650734,0.061284766213982475,1.2773151650315764,0.0015885770791577779,4.3784831804717756e-05,2.691868701135494,0.042096544569126426,0.5166715990924337
E01545,50.915775227166044,0.5750369957760648,0.07766040023155285,1.9813871703600499,0.004702074481156917,0.0003703217395309259,3.508460363454862,0.11887740985539622,0.46290815823221865
E01546,139.96362863815537,0.9053994451626515,0.5702891579316983,5.068612327114511,0.00910692873076082,0.0009562168299423512,7.004607292758863,0.18885926525479385,0.5036398085360989
E01547,74.6133510887565,0.4616617585591718,0.1444517383690496,2.414510070339464,0.010345921886963344,0.0007235826405678685,4.12890450406482,0.17026612376100025,0.5232886379675371
E01548,157.2545971070821,0.524166661859368,0.10200046000690763,1.6444624449794798,0.0038252954220878775,0.00010278902872326179,2.652375774004742,0.08022146385148889,0.5113709781625533
E01549,11.67725037466813,0.9890386162571276,0.06670207604391293,2.067042926795172,0.0008504296523887916,0.0003263764298829806,3.326768859765262,0.20722265281330665,0.49171573326030404
E01550,147.19476171175614,0.9233187549457733,0.134422212605913,3.885699422260779,0.0047853638759655474,0.0011580334073100823,5.689995458741686,0.1757513657346146,0.48482709950599856
E01551,80.16605384349297,0.447584171636066,0.10142818576648188,1.4700497882683732,0.003458393153210785,0.00020339504803822266,2.8128848229454095,0.11367487084369246,0.46956458424348335
E01552,163.5706328086439,0.298287353385809,0.06322384083315583,1.2992705644133127,0.00044478390306734044,1.9790113482292674e-05,2.5626483421064528,-0.03477125895503253,0.5606183705709773
E01553,82.37066334810125,0.5019003582324992,0.1337178058712533,1.7191196719274537,0.0003132968406883875,3.140894652302463e-05,3.3335979560946543,0.12537058106078872,0.4686715918594926
E01554,9.171588082894663,0.7657742595587107,0.03534334565680157,1.3635888324830499,0.001869910849463003,2.579839010039494e-05,1.1325166005086649,0.06644726074011745,0.48158496616443847
E01555,23.50120544442192,0.14193933514061918,0.03523086948247767,0.704209167137712,0.0002653485952955578,1.4403793068918051e-05,1.1424418290116172,-0.13347956998521449,0.5451421800947868
E01556,145.59275330728886,0.34792412690217756,0.057503523974114276,1.0000874858062674,0.0010305149893045415,2.6106533959642835e-05,1.4625360498232896,0.02931349869949102,0.5399834499360565
E01557,3.9495717147616594,0.5553475065757928,0.06818930692219691,1.0545141606659865,0.00042809299471766266,3.170614718124396e-05,0.9532347476384689,0.007112851694724087,0.5348480624477279
E01558,19.318623393204938,0.572754117891545,0.058666489065634805,2.2770031567925733,0.0019135642202475049,7.716638186680219e-05,4.751232623839401,0.034167346535190504,0.5340310689836756
E01559,12.708091905428057,0.5261539253573232,0.06378982601941395,0.9187656116954079,0.00023987126669987405,4.6953701310597136e-05,0.942267227601548,-0.04833717664844505,0.48442789438050105
E01560,17.937047810711007,0.3401351773248465,0.07634781384469298,0.6729755391091601,0.0013645024594615897,2.4044457919204856e-05,0.8436714094378894,-0.033933508207529536,0.5489883339409406
E01561,48.61244641190481,0.30450208859660827,0.11473430297966486,1.046634209754565,0.0010199420289512908,5.550123510910106e-05,1.1519202771535304,0.030477298271270305,0.5083972136518338
E01562,50.71494280907406,0.2075374682814591,0.1561809805567943,1.260688741508277,0.0032310416473602254,4.87358540467969e-05,1.1648319684519353,-0.03074699710535597,0.523818650683022
E01563,22.877640903810743,0.2779352043698631,0.06274273770432202,0.6541811859739014,0.0005116189085204986,1.9487290526151176e-05,1.047789739097778,-0.08456269136452385,0.5182337831482219
E01564,20.605120395487415,0.3016842032976208,0.047774698037252344,0.7838098042824517,0.0004218363315027742,1.3487100608078646e-05,1.1046859321769222,-0.044759369798188176,0.5678521037589088
E01565,0.9537401173685236,0.7619605794241434,0.036617389918369006,1.5083916290415542,0.003195957455609912,0.00017647480936428453,2.663215060856437,0.06916185761675747,0.5006109300947867
E01566,60.49256789747663,0.09284987617416254,0.04657978438271278,0.8114258811733568,0.00034631674375236763,5.272042594663138e-05,1.1508293374090783,-0.027421921504784206,0.5260476919058104
E01567,38.19071429874558,0.8697318185986704,0.023241274642925542,1.7182039745260702,0.0003411507567025325,8.723780255629615e-05,3.4958275519218818,0.2671472919785405,0.47578734138510936
E01568,61.610039783747524,0.3449764386022488,0.04112020810580522,2.584691795969281,0.007533984043951991,0.00017839003351284336,4.162426852736564,0.023915631252616976,0.4868088467614534
E01569,126.91655472321898,0.6642514559543872,0.03215741313935611,2.8926578483865684,0.0017942616342218605,0.00017336856472104008,5.558857318588569,0.1580240458205357,0.502285037237644
E01570,133.1685004644875,0.12500026443983553,0.023907444601886787,0.6371120258919641,0.0004069798451308375,3.7868940049315283e-05,0.8041053622144376,-0.09037885903196166,0.5247718097244164
E01571,39.71977108509856,0.16185112514996897,0.03715136103941267,0.6668918391636401,0.00018334100799390055,3.743163753417863e-05,0.9318869494719373,-0.06514100923118982,0.5299461016634142
E01572,25.04245227041836,0.3868147177094302,0.08222697890406037,0.8085911033629343,0.0012356223204829282,3.8368156635541596e-05,1.156199307995585,0.0069665433032006785,0.5299461016634142
E01573,56.793137111095376,0.0,0.07864254234830151,0.9133956371211019,0.0005657959002607383,0.0001529086075739364,1.4388316847729223,-0.1394089669197176,0.5869738632631036
E01574,43.51629779705091,0.0,0.048575929101000996,0.6046689318627055,0.0009774799394192109,1.505166912784432e-05,1.0466811155894313,-0.13401104204438724,0.571217448911991
E01575,20.877038615903544,0.4403724057659599,0.06495156311857136,1.3087409371911791,0.00409097734141835,0.0003415885768540525,1.8632727779087994,-0.05723017675811745,0.517454008051776
E01576,162.07682834518644,0.5937235455320073,0.5575803208187168,4.39596609394564,0.008495831591022253,0.0009274836672654778,5.359419707212801,0.012751678641280177,0.5581856583556564
E01577,89.17244232532785,0.024126797381039122,0.1317429012560681,1.7418638371705932,0.009734824747224776,0.000694849477890995,2.4837169185187564,-0.005841462852513423,0.5778344877870945
E01578,117.9799980205424,0.014985454713563717,0.08929162289392616,0.9718162118106092,0.0032141982823493107,7.405586604638835e-05,1.007188188458679,-0.0958861227620248,0.5659168279821107
E01579,46.00518707088836,0.25025553793941924,0.05399323893093144,1.3943966936263013,0.00023933251265022455,0.00029764326720610717,1.6815812742191993,0.031115066199792984,0.5462615830798614
E01580,142.87394883322224,0.40353427312105156,0.12171337549293151,3.2130531890919083,0.004174266736226981,0.0011293002446332088,4.044807873195623,-0.0003562208788990655,0.5393729493255559
E01581,43.178950276005935,0.20887307864692412,0.0887193486535004,0.7974035550995024,0.002847296013472218,0.00017466188536134923,1.1676972373993468,-0.062432715769821207,0.5241104340630407
E01582,108.35287728313348,0.5636474529963393,0.1563613211062663,2.236816000066103,0.0004704251062220432,3.452130038637215e-05,4.747652148582931,0.14539909746442978,0.4890056022408964
E01583,154.45283612841178,0.6225366724498541,0.05798686089181459,1.8812851606216987,0.002027039114996659,2.8910743963742454e-05,2.546570792996942,0.08647577714375851,0.5019189765458423
E01584,149.87776159615834,0.10139869003083202,0.05787438471749068,1.2219054952763608,0.0004224768608292135,1.751614693226557e-05,2.5564960214998944,-0.11345105358157342,0.5654761904761905
E01585,47.07978077455755,0.27508127935623894,0.08014703920912729,1.517783813944916,0.0011876432548381971,2.921888782299035e-05,2.8765902423115666,0.04934201510313209,0.5603174603174603
E01586,166.88007178060278,0.3919750757734465,0.09083282215720992,1.5722104888046353,0.0005852212602513184,3.481850104459148e-05,2.367288940126746,0.027141368098365155,0.5551820728291317
E01587,154.8870432905034,0.4905427692239802,0.08131000430064782,2.7946994849312223,0.002070692485781161,8.027873573014972e-05,6.165286816327678,0.05419586293883157,0.5543650793650794
E01588,162.6704871564742,0.4197183312972378,0.08643334125442696,1.4364619398340568,0.00039699953223352975,5.0066055173944655e-05,2.3563214200898255,-0.028308660244803982,0.5047619047619047
E01589,145.77929717071123,0.24622838647979806,0.098991329079706,1.190671867247809,0.0015216307249952454,2.7156811782552375e-05,2.2577256019261664,-0.013904991803888466,0.5693223443223443
E01590,120.9885748102034,0.28931129865429395,0.13737781821467787,1.564330537893214,0.0011770702944849465,5.861358897244858e-05,2.565974469641808,0.05050581467491137,0.5287312240332375
E01591,114.5549461888007,0.17964061838041523,0.17882449579180731,1.7783850696469257,0.003388169912893881,5.184820791014442e-05,2.5788861609402125,-0.0107184807017149,0.5441526610644258
E01592,155.00087861554658,0.24002573907251293,0.08538625293933505,1.1718775141125501,0.0006687471740541543,2.2599644389498692e-05,2.461843931586055,-0.06453417496088279,0.5385677935296256
E01593,146.09914751046273,0.16727603411679648,0.07041821327226536,1.3015061324211006,0.0005789645970364299,1.6599454471426165e-05,2.5187401246651993,-0.024730853394547104,0.5881861141403126
E01594,163.62406786204426,0.6004564710842718,0.05926090515338202,2.026087957180203,0.0033530857211435676,0.00017958716322763205,4.077269253344714,0.08919037402039855,0.5209449404761906
E01595,107.99320434838174,0.11403611199648514,0.06922329961772579,1.3291222093120056,0.0005034450092860233,5.5832779809978896e-05,2.5648835298973554,-0.007393405101143137,0.5463817022872142
E01596,137.54473556614684,0.8667488872483361,0.04588478987793856,2.235900302664719,0.0004982790222361882,9.035015641964368e-05,4.909881744410159,0.2871758083821816,0.49612135176651306
E01597,133.99030736448114,0.572518104141793,0.06376372334081823,3.1023881241079296,0.007691112309485646,0.00018150238737619088,5.576481045224841,0.043944147656258044,0.5071428571428571
E01598,69.37539686439649,0.5735724875232431,0.05480092837436913,3.4103541765252174,0.0019513898997555162,0.0001764809185843876,6.9729115110768465,0.17805256222417676,0.5226190476190476
E01599,32.27475346496451,0.24730653380094958,0.0465509598368998,1.154808354030613,0.0005641081106644932,4.09812939126628e-05,2.218159554702715,-0.07035034262832059,0.5451058201058201
E01600,134.9030317764222,0.18643948280867498,0.05979487627442569,1.184588167302289,0.0003404692735275562,4.054399139752615e-05,2.3459411419602145,-0.04511249282754874,0.550280112044818
E01601,146.73513151344238,0.27037231070527523,0.10487049413907339,1.3262874315015831,0.0013927505860165839,4.1480510498889115e-05,2.570253500483862,0.026995059706841747,0.550280112044818
E01602,108.13838228883625,0.0,0.10128605758331452,1.4310919652597507,0.000722924165794394,0.0001560209614372839,2.8528858772611994,-0.11938045051607654,0.6073078736445073
E01603,134.85960158217213,0.0,0.07121944433601402,1.1223652600013545,0.0011346082049528666,1.8164022991191837e-05,2.460735308077709,-0.11398252564074618,0.5915514592933948
E01604,167.7599481709584,0.3311858588508909,0.08759507835358438,1.826437265329828,0.004248105606952005,0.0003447009307174,3.277326970397077,-0.03720166035447639,0.5377880184331798
E01605,29.735637447837902,0.5695670172716234,0.5802238360537298,4.91366242208429,0.00865295985655591,0.0009305960211288254,6.773473899701078,0.032780195044921245,0.5785196687370601
E01606,104.88775569829947,0.06790369076479713,0.15438641649108112,2.2595601653092423,0.009891953012758433,0.0006979618317543426,3.897771111007034,0.014187053551127645,0.5981684981684983
E01607,59.59772896545512,0.0,0.11193513812893917,1.4895125399492581,0.0033713265478829664,7.716821990973587e-05,2.421242380946956,-0.07585760635838372,0.5862508383635144
E01608,129.82671141129347,0.24123252778323995,0.07663675416594445,1.91209302176495,0.00039646077818388025,0.00030075562106945464,3.095635466707477,0.05114358260343405,0.5665955934612652
E01609,33.47171552643427,0.4492151385757694,0.14435689072794453,3.7307495172305574,0.004331395001760636,0.0011324125984965563,5.458862065683901,0.019672295524742003,0.5597069597069597
E01610,152.83187163252532,0.2057413139691124,0.11136286388851341,1.3150998832381513,0.003004424279005874,0.00017777423922469676,2.581751429887624,-0.04240419936618014,0.5444444444444445
E01611,87.5902119298908,0.8038387052648774,0.12848082592991206,2.30113426813584,0.0018955520526177058,4.052957700447441e-05,3.3175204069851434,0.24661761715957975,0.4099721978343576
E01612,101.76448359901765,0.36947568990046614,0.12836834975558814,1.641754602790502,0.00029098979845026057,2.9134979972997525e-05,3.327445635488096,0.046690786434247816,0.47352941176470587
E01613,98.73529231621649,0.647493516293864,0.15064100424722476,1.9376329214590573,0.0010561561924592442,4.083772086372231e-05,3.647539856299768,0.20948385511895334,0.4683706816059757
E01614,81.51445193247596,0.6054558672903565,0.16132678719530738,1.9920595963187764,0.00045373419787236543,4.6437334085323434e-05,3.1382385541149476,0.1872832081141864,0.4632352941176471
E01615,68.30026248821206,0.7430272203400216,0.1518039693387453,3.2145485924453636,0.0019392054234022077,9.189756877088166e-05,6.93623643031588,0.21433770295465282,0.4624183006535948
E01616,70.8355596307412,0.6091587145929003,0.15692730629252444,1.8563110473481979,0.0002655124698545768,6.168488821467661e-05,3.1272710340780265,0.13183317977101727,0.41281512605042014
E01617,91.9219353799276,0.4992032903622866,0.16948529411780344,1.61052097476195,0.0013901436626162925,3.8775644823284334e-05,3.028675215914368,0.14623684821193278,0.4773755656108597
E01618,74.61679074619533,0.7233612859874484,0.20787178325277533,1.9841796454073548,0.0010455832321059936,7.023242201318053e-05,3.336924083630009,0.2106476546907326,0.43678444532175287
E01619,95.18628649304232,0.5965447893078286,0.24931846082990478,2.198234177161067,0.003256682850514928,6.346704095087638e-05,3.3498357749284136,0.14942335931410633,0.4522058823529411
E01620,62.896962657761144,0.5489178428369672,0.1558802179774325,1.5917266216266914,0.0005372601116752013,3.421847743023065e-05,3.2327935455742565,0.09560766505493845,0.446621014818141
E01621,81.07563440581869,0.42310089282970675,0.14091217831036282,1.7213552399352416,0.000447477534657477,2.8218287512158117e-05,3.2896897386534008,0.13541098662127413,0.49623933542882803
E01622,81.61095692801831,0.7925490843635294,0.1297548701914795,2.445937064694344,0.0032215986587646145,0.000191205996268364,4.848218867332916,0.2493322140362198,0.42899816176470584
E01623,80.71772175437323,0.5919921773444516,0.13971726465582324,1.7489713168261467,0.0003719579469070704,6.745161285071086e-05,3.335833143885557,0.1527484349146781,0.45443492357572945
E01624,112.76083133145856,1.0,0.11637875491603603,2.65574941017886,0.00036679195985723524,0.00010196898946037562,5.68083135839836,0.4473176483980028,0.40417457305502846
E01625,64.06785380808472,0.9148082251628407,0.1342576883789157,3.522237231622071,0.007559625247106694,0.00019312122041692284,6.3474306592130425,0.20408598767207928,0.4151960784313725
E01626,68.75964456547496,1.0,0.12529489341246658,3.8302032840393583,0.0018199028373765632,0.00018809975162511957,7.743861125065047,0.33819440223999797,0.43067226890756305
E01627,138.4302647651249,0.6410764097519958,0.11704492487499726,1.5746574615447542,0.0004326210482855403,5.2600126953394755e-05,2.9891091686909164,0.08979149738750065,0.4531590413943355
E01628,115.84880354882374,0.553482872933069,0.13028884131252313,1.60443727481643,0.00020898221114860332,5.21628244382581e-05,3.1168907559484156,0.1150293471882725,0.45833333333333337
E01629,104.86950347798577,0.6085331339275495,0.17536445917717086,1.7461365390157242,0.001261263523637631,5.309934353962107e-05,3.3412031144720635,0.18713689972266298,0.45833333333333337
E01630,133.79927389804763,0.3911070595874075,0.17178002262141198,1.850941072773892,0.000591437103415441,0.00016763979447801587,3.623835491249401,0.0407613894997447,0.5153610949330227
E01631,112.79171328620191,0.3366650658101223,0.14171340937411148,1.5422143675154956,0.0010031211425739137,2.9782856031923793e-05,3.23168492206591,0.04615931437507506,0.4996046805819102
E01632,80.90329737609724,0.585689875405763,0.15808904339168184,2.246286372843969,0.004116618544573053,0.00035631976375813195,4.0482765843852775,0.12294017966134485,0.4458412397216951
E01633,80.05596193302827,0.7833113682362023,0.6507178010918273,5.333511529598431,0.008521472794176956,0.0009422148541695573,7.54442351368928,0.19292203506074249,0.48657289002557547
E01634,78.74243355254941,0.4849240862205858,0.22488038152917858,2.679409272823383,0.00976046595037948,0.0007095806647950745,4.668720724995235,0.1743288935669489,0.5062217194570136
E01635,63.876503424843534,0.43019432470254926,0.18242910316703664,1.909361647463399,0.0032398394855040133,8.878705295046782e-05,3.1921919949351576,0.08428423365743752,0.49430405965202984
E01636,119.59859693204052,0.780994307505336,0.14713071920404192,2.331942129279091,0.0002649737158049273,0.0003123744541101866,3.866585080695678,0.2112854226192553,0.4746488147497805
E01637,82.08470835839441,0.7487632614209565,0.214850855766042,4.150598624744698,0.004199907939381684,0.0011440314315372883,6.2298116796721015,0.17981413554056325,0.4677601809954751
E01638,50.53501190247662,0.6693210957934133,0.18185682892661087,1.7349489907522924,0.0028729372166269207,0.00018939307226542872,3.3527010438758253,0.1177376406496411,0.4524976657329598
E01639,25.16614750081827,0.4890052816748275,0.02999388954113643,1.286223763346098,0.001847603807224876,2.352442355036783e-05,1.1263642799021063,-0.012232533886423452,0.48644278606965174
E01640,152.2333447183733,0.7314769807673738,0.05226654403277304,1.5821020820146532,0.00261277020123386,3.522716444109261e-05,1.4464585007137787,0.15056053479828208,0.4812840559109216
E01641,12.926778231739226,0.8533248519490271,0.06295232698085568,1.6365287568743725,0.002010348206646981,4.082677766269374e-05,0.9371571985289581,0.12835988779351512,0.47614866842259296
E01642,20.19726357577244,0.9609858119255531,0.05342950912429357,2.8590177530009595,0.0034958194321768232,8.628701234825197e-05,4.7351550747298905,0.15541438263398155,0.4753316749585407
E01643,16.877856059201026,0.8826496445722056,0.058552846078072714,1.500780207903794,0.0018221264786291924,5.607433179204691e-05,0.9261896784920371,0.07290985945034599,0.425728500355366
E01644,8.786204758319284,0.7892146861635679,0.07111083390335174,1.254990135317546,0.002946757671390908,3.3165088400654633e-05,0.8275938603283786,0.08731352789126151,0.4902889399158056
E01645,42.89957170577714,0.698016961735761,0.10949732303832363,1.6286488059629511,0.002602197240880609,6.462186559055085e-05,1.1358427280440195,0.15172433437006133,0.44969781962669875
E01646,42.256519555621416,0.5956512567504092,0.15094400061545307,1.8427033377166628,0.004813296859289544,5.785648452824668e-05,1.1487544193424244,0.09050003899343508,0.465119256657887
E01647,25.169721875735387,0.637027075667808,0.057505757762980794,1.2361957821822873,0.0020938741204498167,2.8607921007600954e-05,1.031712189988267,0.03668434473426718,0.45953438912308686
E01648,14.664725846257749,0.684785129287338,0.04253771809591111,1.3658244004908378,0.0020040915434320927,2.2607731089528423e-05,1.0886083830674114,0.07648766630060287,0.5091527097337739
E01649,9.173160408714532,1.0,0.031380409977027776,2.0904062252499402,0.00477821266753923,0.0001855954398457343,2.647137511746926,0.19040889371554853,0.4419115360696517
E01650,53.74103478841849,0.49130573852007997,0.04134280444137154,1.3934404773817428,0.001928571955681686,6.184105642808115e-05,1.1347517882995675,0.09382511459400683,0.46734829788067533
E01651,39.48868892461865,1.0,0.01800429470158431,2.3002185707344562,0.0019234059686318507,9.635843303774594e-05,3.479750002812371,0.38839432807733154,0.41708794735997434
E01652,70.67950562728707,0.7177009856644518,0.03588322816446399,3.166706392177667,0.00911623925588131,0.00018751066399429314,4.146349303627053,0.145162667351408,0.4281094527363184
E01653,136.08789513836206,1.0,0.026920433198014883,3.4746724445949546,0.003376516846151179,0.00018248919520248987,5.542779769479058,0.2792710819193267,0.44358564321250893
E01654,125.16048552101981,0.40880765443803435,0.018670464660545553,1.2191266221003503,0.001989235057060156,4.698957053076507e-05,0.7880278131049268,0.030868177066829386,0.4660724156992814
E01655,40.206095739733136,0.5077287371424477,0.03191438109807143,1.2489064353720263,0.0017655962199232189,4.6552268015628406e-05,0.9158094003624264,0.05610602686760123,0.47124670763827925
E01656,25.299990092703947,0.7699873678880255,0.07698999896271913,1.3906056995713203,0.0028178775324122466,4.748878711699138e-05,1.1401217588860741,0.1282135794019917,0.47124670763827925
E01657,49.26560396244538,0.2360843996998705,0.07340556240696028,1.4954102333294879,0.0021480511121900565,0.00016202923805538617,1.4227541356634115,-0.01816193082092657,0.5282744692379686
E01658,45.9115572673384,0.25806505024528137,0.04333894915965976,1.1866835280710917,0.0025597351513485292,2.41722996092941e-05,1.0306035664799205,-0.012764005945596207,0.5125180548868561
E01659,29.236645028591205,0.7211463786709849,0.05971458317723013,1.8907555333995651,0.005673232553347668,0.0003507092073355023,1.8471952287992885,0.06401685934067358,0.45875461402664097
E01660,163.41483455680185,0.9243191634650478,0.5523433408773756,4.977980690154027,0.010078086802951572,0.0009366042977469275,5.34334215810329,0.13399871474007122,0.49948626433052135
E01661,97.6078902930286,0.40878976299848335,0.12650592131472688,2.3238784333789795,0.011317079959154095,0.0007039701083724448,2.4676393694092456,0.11540557324627762,0.5191350937619594
E01662,114.42516856871019,0.304316012460307,0.08405464295258491,1.5538308080189953,0.004796453494278629,8.317649652783814e-05,0.9911106393491682,0.025360913336766253,0.5072174339569757
E01663,46.77344092806554,0.5937636004387619,0.04875625898959021,1.9764112898346873,0.0018215877245795428,0.00030676389768755693,1.6655037251096885,0.15236210229858402,0.48756218905472637
E01664,137.442268237746,0.774128934820387,0.11647639555159028,3.7950677853002945,0.005756521948156299,0.0011384208751146587,4.028730324086112,0.12089081521989198,0.480673555300421
E01665,51.95015232643896,0.45772277106393383,0.08348236871215917,1.3794181513078885,0.004429551225401536,0.00018378251584279901,1.151619688289836,0.058814320328969834,0.4654110400379057
E01666,127.96919488120015,0.13142551557335297,0.05215406785844913,0.9227224166693154,0.0010082079470664146,2.3832567409615727e-05,1.456383729216731,-0.04936629592704987,0.5448412698412699
E01667,22.324958275243443,0.2807535221273611,0.06283985080653176,0.9771490915290346,0.0004057859524795357,2.9432180631216855e-05,0.9470824270319104,-0.07156694293181681,0.5397058823529413
E01668,42.73027167141999,0.2598355490334225,0.05331703294996966,2.1996380876556216,0.001891257178009378,7.489241531677508e-05,4.745080303232842,-0.04451244809135039,0.538888888888889
E01669,36.07319596897517,0.18533293017372438,0.058440369903748804,0.8414005425584561,0.0002175642244617471,4.467973476057003e-05,0.9361149069949894,-0.12701697127498596,0.4892857142857143
E01670,29.98302557217432,0.12616903742148827,0.07099835772902784,0.5956104699722082,0.0013421954172234628,2.177049136917775e-05,0.8375190888313309,-0.11261330283407042,0.5538461538461539
E01671,67.49147693853786,0.07650295217617414,0.10938484686399971,0.9692691406176132,0.000997634986713164,5.3227268559073956e-05,1.145767956546972,-0.04820249635527059,0.5132550335570469
E01672,62.08554997181818,0.00024571532179801236,0.15083152444112918,1.183323672371325,0.0032087346051220982,4.6461887496769795e-05,1.1586796478453767,-0.10942679173189686,0.5286764705882353
E01673,46.342755647890364,0.0,0.057393281588656885,0.5768161168369496,0.0004893118662823717,1.7213323976124068e-05,1.0416374184912192,-0.16324248599106475,0.5230916030534352
E01674,39.74150006668524,0.0,0.0424252419215872,0.7064447351454999,0.00039952928926464726,1.121313405805154e-05,1.0985336115703637,-0.12343916442472906,0.5727099236641222
E01675,24.453973636358725,0.4793232394711859,0.031267933802703866,1.4310265599046024,0.003173650413371785,0.0001742008428142574,2.657062740249878,-0.009517937009783414,0.50546875
E01676,77.0305596001287,0.0,0.04123032826704763,0.7340608120364049,0.0003240097015142407,5.044645939660427e-05,1.1446770168025198,-0.1061017161313251,0.5309055118110236
E01677,14.730294145839991,0.8778838183984821,0.017891818527260402,1.6408389053891184,0.0003188437144644056,8.496383600626905e-05,3.4896752313153234,0.1884674973519996,0.48064516129032264
E01678,60.55616765216496,0.28407728935709353,0.03577075199014008,2.5073267268323294,0.007511677001713864,0.00017611606696281624,4.156274532130005,-0.05476416337392392,0.4916666666666667
E01679,123.18826812657409,0.5003182716428722,0.026807957023690973,2.8152927792496163,0.0017719545919837336,0.000171094598171013,5.55270499798201,0.0793442511939948,0.5071428571428571
E01680,118.5613554534451,0.0,0.018557988486221647,0.5597469567550123,0.00038467280289271056,3.559497349928818e-05,0.797953041607879,-0.16905865365850253,0.5296296296296297
E01681,16.276077311817613,0.22056185585465432,0.03180190492374753,0.5895267700266883,0.00016103396575577363,3.515767098415152e-05,0.9257346288653787,-0.14382080385773072,0.5348039215686275
E01682,3.8020800589259642,0.3770946806059429,0.07687752278839523,0.7312260342259824,0.0012133152782448013,3.609419008551449e-05,1.1500469873890262,-0.07171325132334022,0.5348039215686275
E01683,46.94616630725889,0.0,0.07329308623263638,0.8360305679841501,0.0005434888580226114,0.00015063464102390927,1.4326793641663638,-0.2180887615462585,0.5918316831683168
E01684,20.749968630203817,0.019575892995686628,0.043226472985335856,0.5273038627257537,0.0009551728971810839,1.2777702577817213e-05,1.0405287949828728,-0.21269083667092814,0.5760752688172044
E01685,22.223390203621502,0.22534422536304932,0.05960210700290622,1.2313758680542273,0.004068670299180223,0.00033931461030402537,1.8571204573022408,-0.13590997138465835,0.5223118279569893
E01686,170.1976794705532,0.40541938412498496,0.5522308647030517,4.318601024808689,0.008473524548784127,0.0009252097007154507,5.353267386606242,-0.06592811598526072,0.5630434782608695
E01687,80.16592196904966,0.0,0.12639344514040296,1.6644987680336414,0.009712517704986651,0.0006925755113409679,2.477564597912198,-0.08452125747905431,0.5826923076923077
E01688,139.48568865849447,0.0,0.08394216677826101,0.8944511426736573,0.0031918912401111836,7.178189949636125e-05,1.0010358678521205,-0.1745659173885657,0.5707746478873239
E01689,22.504215978703645,0.36981932609107043,0.0486437828152663,1.3170316244893494,0.00021702547041209762,0.00029536930065608,1.6754289536126408,-0.04756472842674791,0.5511194029850747
E01690,159.4710868174425,0.3534560386714104,0.11636391937726637,3.135688119954956,0.004151959693988854,0.0011270262780831819,4.038655552589065,-0.07903601550543995,0.5442307692307693
E01691,54.26368524590403,0.0,0.08336989253783525,0.7200384859625506,0.002824988971234091,0.00017238791881132214,1.1615449167927883,-0.1411125103963621,0.528968253968254
E01692,141.80275483510874,0.44003880049660304,0.08511250529816837,1.27302741019759,0.0011709523464885194,4.113492152194164e-05,1.2671766478435829,0.09122612575288871,0.534547152194211
E01693,155.97293206570205,0.6077250041879362,0.07558968744160627,2.495516406324177,0.0026564235720183617,8.659515620749986e-05,5.065174524044515,0.11828062059335512,0.5337301587301587
E01694,149.8076796240059,0.49626779733299553,0.08071302439538541,1.1372788612270113,0.0009827306184707306,5.638247565129482e-05,1.2562091278066618,0.03577609740971957,0.4841269841269841
E01695,157.80217184815373,0.37936257137933316,0.09327101222066445,0.8914887886407634,0.0021073618112324465,3.347323225990254e-05,1.1576133096430032,0.050179765850635084,0.5486874236874237
E01696,164.50202162183894,0.6108982049758246,0.1316575013556363,1.2651474592861685,0.0017628013807221474,6.493000944979874e-05,1.4658621773586442,0.11459057232943493,0.5080963033983168
E01697,159.97977809647423,0.48265226647467135,0.17310417893276578,1.4792019910398804,0.0039739009991310815,5.816462838749458e-05,1.478773868657049,0.053366276952808656,0.523517740429505
E01698,152.18383985734,0.36848741593584644,0.07966593608029349,0.8726944355055049,0.0012544782602913552,2.891606486684885e-05,1.3617316393028918,-0.00044941730635923716,0.5179328728947049
E01699,166.19388296552836,0.39266901069923227,0.06469789641322381,1.002323053814055,0.001164695683273631,2.291587494877632e-05,1.418627832382036,0.03935390425997645,0.567551193505392
E01700,146.21800377797706,0.6472442612657232,0.05354058829434047,1.7269048785731576,0.0039388168073807685,0.0001859035837049822,2.9771569610615507,0.1532751316749221,0.5003100198412698
E01701,153.87374724491627,0.4638816222905287,0.06350298275868424,1.0299391307049601,0.0010891760955232242,6.214920028732906e-05,1.4647712376141921,0.05669135255338042,0.5257467816522934
E01702,114.77172204320746,0.8502573357613192,0.04016447301889701,1.9367172240576735,0.0010840101084733892,9.666657689699383e-05,3.8097694521269956,0.35126056603670514,0.4754864311315924
E01703,87.74660106877705,0.5175508143088853,0.05804340648177668,2.8032050455008846,0.008276843395722848,0.00018781880785354103,4.476368752941678,0.1080289053107816,0.4865079365079365
E01704,31.744152156938696,0.897449930959267,0.04908061151532758,3.111171097918172,0.002537120985992717,0.00018279733906173776,5.872799218793682,0.2421373198787003,0.501984126984127
E01705,65.05446864796201,0.12808814463894064,0.04083064297785825,0.8556252754235676,0.001149839196901694,4.729771439001296e-05,1.1180472624195514,-0.006265584973797034,0.5244708994708995
E01706,114.92978402947223,0.1936812695955911,0.05407455941538414,0.8854050886952436,0.0009262003597647572,4.68604118748763e-05,1.245828849677051,0.01897226482697481,0.5296451914098973
E01707,128.79072682721247,0.34374675090955226,0.09915017728003184,1.0271043528945376,0.001978481672253785,4.779693097623927e-05,1.4701412082006988,0.0910798173613653,0.5296451914098973
E01708,126.94888778493483,0.02568190519080349,0.09556574072427299,1.1319088866527054,0.001308655252031595,0.00016233738191463406,1.7527735849780361,-0.05529569286155299,0.5866729530095867
E01709,107.68233990260954,0.0,0.06549912747697247,0.823182181394309,0.0017203392911900675,2.4480443468541995e-05,1.3606230157945451,-0.04989776798622263,0.5709165386584741
E01710,124.92362241020548,0.34111685289131904,0.08187476149454283,1.5272541867227827,0.004833836693189207,0.00035101735119475016,2.1772146781139132,0.026883097300047166,0.517153097798259
E01711,42.450120957422406,0.6051226356693125,0.5745035191946883,4.614479343477244,0.00923869094279311,0.0009369124416061755,5.673361607417915,0.0968649526994448,0.5578847481021394
E01712,57.83705334794724,0.2126114841025355,0.14866609963203958,1.9603770867021968,0.010477684098995634,0.0007042782522316927,2.7976588187238702,0.0782718112056512,0.5775335775335775
E01713,92.40516289201445,0.0,0.10621482126989762,1.1903294613422126,0.003957057634120167,8.348464038708603e-05,1.321130088663793,-0.011772848703860167,0.5656159177285938
E01714,108.48079485383762,0.31465958987254455,0.07091643730690292,1.6129099431579048,0.0009821918644210813,0.0003070720415468048,1.9955231744243132,0.11522834025795761,0.5459606728263444
E01715,70.32427734346282,0.4482488777904338,0.138636573868903,3.431566438623512,0.004917126087997837,0.0011387290189739066,4.358749773400737,0.08375705317926556,0.539072039072039
E01716,112.99668737497097,0.22627621162285827,0.10564254702947186,1.015916804631106,0.0035901553652430748,0.0001840906597020469,1.4816391376044606,0.021680558288343414,0.5238095238095237
E01717,21.50231282028278,0.6993274153016265,0.0862754703896889,2.549943081183896,0.002054001577431483,9.219476942910099e-05,4.555873221859694,0.09607997358858819,0.5285947712418301
E01718,14.029493432499734,0.6332844608269166,0.09139880734346804,1.1917055360867306,0.00038030862388385196,6.198208887289594e-05,0.7469078256218412,0.013575450404952637,0.4789915966386554
E01719,21.712185561922897,0.4414272794918521,0.10395679516874708,0.9459154635004827,0.0015049398166455676,3.9072845481503664e-05,0.6483120074581826,0.02797911884586815,0.5435520361990951
E01720,52.166334316205834,0.4109774699187836,0.14234328430371895,1.3195741341458875,0.0011603793861352687,7.052962267139986e-05,0.9565608751738237,0.092389925324668,0.5029609159099881
E01721,54.66444217836078,0.2855109822650823,0.1837899618808484,1.5336286658995997,0.0033714790045442033,6.376424160909571e-05,0.9694725664722285,0.03116562994804172,0.5183823529411764
E01722,24.332610356216435,0.40473755570187187,0.09035171902837613,0.927121110365224,0.0006520562657044765,3.451567808844998e-05,0.852430337118071,-0.02265006431112617,0.5127974854063763
E01723,24.39305922257973,0.3597769434520924,0.07538367936130644,1.0567497286737744,0.0005622736886867521,2.8515488170377447e-05,0.9093265301972154,0.017153257255209515,0.5624158060170633
E01724,4.429004800839046,0.8802719747050279,0.0642263712424231,1.7813315534328769,0.00333639481279389,0.00019150319692658334,2.46785565887673,0.13107448467015517,0.4951746323529412
E01725,64.23079881967313,0.204177409798642,0.07418876570676687,1.0843658055646794,0.00048675410093634554,6.774881350893018e-05,0.9554699354293715,0.034490705548613484,0.5206113941639647
E01726,36.73956953936252,0.9952704183859157,0.05085025596697964,1.9911438989173929,0.0004815881138865104,0.00010226619011859495,3.300468149942175,0.3290599190319382,0.47035104364326374
E01727,57.75975536328388,0.5244978196206282,0.06872918942985931,2.8576317203606036,0.007674421401135969,0.00019341842107514217,3.967067450756857,0.08582825830601466,0.48137254901960785
E01728,123.21986919233869,0.7611002818957167,0.05976639446341021,3.165597772777891,0.0019346989914058384,0.0001883969522833389,5.363497916608862,0.21993667287393337,0.49684873949579833
E01729,135.48115996030384,0.24063690584750907,0.051516425925940884,0.9100519502832868,0.0005474172023148154,5.2897327611614085e-05,0.6087459602347309,-0.028466231978563968,0.5193355119825709
E01730,38.58223369881652,0.2811090094706724,0.06476034236346677,0.9398317635549628,0.00032377836517787843,5.246002509647743e-05,0.7365275474922305,-0.003228382177792123,0.5245098039215687
E01731,24.42074795171158,0.5438258190779807,0.10983596022811447,1.081531027754257,0.001376059677666906,5.33965441978404e-05,0.9608399060158781,0.06887917035659837,0.5245098039215687
E01732,59.144451948269406,0.0,0.1062515236723556,1.1863355615124247,0.0007062332574447162,0.0001679369951362352,1.2434722827932156,-0.07749633986631993,0.581537565521258
E01733,41.526700513082595,0.06968445146983576,0.0761849104250551,0.8776088562540282,0.0011179172966031888,3.0080056690143123e-05,0.8513217136097246,-0.07209841499098957,0.5657811511701455
E01734,16.966103579351692,0.5936412032392415,0.09256054444262546,1.5816808615825018,0.004231414698602328,0.0003566169644163513,1.6679133759290927,0.004682450295280232,0.5120177103099304
E01735,161.56701046153583,0.675126077218785,0.5851893021427709,4.668906018336964,0.008636268948206231,0.0009425120548277766,5.164060305233094,0.07466430569467786,0.5527493606138107
E01736,85.22430235829239,0.17425045787261811,0.1593518825801222,2.014803761561916,0.009875262104408755,0.0007098778654532938,2.2883575165390497,0.05607116420088426,0.5723981900452488
E01737,120.58943871756586,0.10361938093330458,0.11690060421798025,1.2447561362019317,0.0033546356395332886,8.908425360868715e-05,0.8118287864789723,-0.0339734957086271,0.5604805302402651
E01738,44.647477160281845,0.4008351849223223,0.08160222025498554,1.667336618017624,0.00037976986983420246,0.00031267165476840593,1.4862218722394926,0.09302769325319067,0.5408252853380158
E01739,145.96530970010136,0.5891232313476651,0.1493223568169856,3.485993113483231,0.004314704093410959,0.0011443286321955078,3.8494484712159167,0.06155640617449862,0.5339366515837104
E01740,40.209172456398406,0.31501032518066285,0.11632832997755449,1.070343479490825,0.002987733370656196,0.00018969027292364805,0.97233783541964,-0.0005200887164235196,0.5186741363211951
E01741,8.120548986000726,0.7944780310319447,0.08187598948690594,2.4141945322133176,0.0018657798494136942,0.00010744232355845416,4.544905701822773,0.040629945245419054,0.47817460317460314
E01742,23.66665928892561,0.5490969226498367,0.09443397731218497,2.1684044596270695,0.00299041104217541,8.45330801670619e-05,4.446309883659115,0.05503361368633457,0.5427350427350428
E01743,34.0318115442192,0.6785914305467762,0.13282046644715684,2.5420631302724748,0.002645850611665111,0.0001159898573569581,4.754558751374756,0.1194444201651344,0.5021439224459359
E01744,43.92087603663833,0.5115190928944208,0.1742671440242863,2.7561176620261865,0.004856950230074045,0.00010922447629465394,4.767470442673161,0.05822012478850813,0.5175653594771241
E01745,5.4895891043088385,0.6925644052390779,0.08082890117181402,2.149610106491811,0.0021375274912343186,7.997591277400821e-05,4.650428213319003,0.004404430529340246,0.511980491942324
E01746,14.46694458421383,0.611300543771279,0.06586086150474434,2.2792387248003614,0.0020477449142165946,7.397572285593568e-05,4.707324406398147,0.04420775209567593,0.561598812553011
E01747,18.368161433290503,0.955952530586623,0.054703553385861,3.003820549559464,0.004821866038323732,0.00023696343161214156,6.265853535077662,0.15812897951062158,0.4943576388888889
E01748,47.20606465406084,0.4119960731045803,0.06466594785020477,2.306854801691266,0.0019722253264661876,0.0001132090481944884,4.753467811630303,0.0615452003890799,0.5197944006999125
E01749,57.454761640721266,0.9527184043768038,0.04132743811041754,3.21363289504398,0.001967059339416353,0.00014772642480415319,7.098466026143107,0.3561144138724046,0.46953405017921146
E01750,68.49320241754113,0.6034751199299501,0.05920637157329721,4.08012071648719,0.00915989262666581,0.0002388786557607004,7.765065326957789,0.11288275314648108,0.48055555555555557
E01751,127.09530329425266,0.9160439574747878,0.05024357660684811,4.388086768904478,0.0034201702169356805,0.00023385718696889712,9.161495792809795,0.2469911677143998,0.49603174603174605
E01752,137.92523495333106,0.39296934424565855,0.04199360806937878,2.1325409464098737,0.0020328884278446578,9.835756229717232e-05,4.406743836435663,-0.0014117371380975505,0.5185185185185186
E01753,58.82511764840907,0.29888760872802406,0.05523752450690467,2.16232075968155,0.0018092495907077208,9.792025978203566e-05,4.534525423693163,0.023826112662674294,0.5236928104575164
E01754,43.929161848150095,0.5369161558776593,0.10031314237155237,2.304020023880844,0.0028615309031967484,9.885677888339863e-05,4.75883778221681,0.09593366519706478,0.5236928104575164
E01755,66.55898065023446,0.0,0.09672870581579351,2.4088245576390115,0.0021917044829745584,0.00021339722982179342,5.041470158994148,-0.050441845025853506,0.5807205720572057
E01756,62.81378519004901,0.039550171345669294,0.066662092568493,2.1000978523806153,0.002603388522133031,7.554029137570136e-05,4.6493195898106565,-0.045043920150523144,0.5649641577060932
E01757,35.707666667894884,0.5269957320422431,0.08303772658606336,2.8041698577090886,0.00571688592413217,0.0004020771991019095,5.465911252130025,0.03173694513574665,0.5112007168458781
E01758,144.10452636174506,0.72919418000134,0.5756664842862088,5.8913950144635505,0.010121740173736073,0.000987972289513335,8.962058181434026,0.10171880053514429,0.5519323671497585
E01759,98.88746315264727,0.254129897011804,0.1498290647235601,3.237292757688503,0.011360733329938597,0.000755338100138852,6.086355392739982,0.08312565904135068,0.5715811965811965
E01760,99.10637845947838,0.18693530773490263,0.10737778636141815,2.467245132328519,0.004840106865063131,0.00013454448829424537,4.609826662679904,-0.006919000868160684,0.5596635367762128
E01761,65.20920293161191,0.3685012822150613,0.07207940239842345,2.889825614144211,0.0018652410953640447,0.0003581318894539642,5.2842197484404245,0.12008218809365709,0.5400082918739635
E01762,124.76834445418744,0.5559716290214394,0.13979953896042352,4.708482109609818,0.0058001753189408,0.0011897888668810658,7.647446347416849,0.08861090101496504,0.5331196581196581
E01763,43.06340662009929,0.34575679055138725,0.10680551212099239,2.292832475617412,0.004473204596186038,0.00023515050760920627,4.770335711620572,0.026534406124042897,0.5178571428571428
E01764,23.151468967446302,0.4576407379886793,0.09955731426596412,0.8101669145299042,0.001316718088627779,5.432039961085684e-05,0.6373444874212617,-0.027470909497300987,0.49313186813186816
E01765,41.691144477703766,0.4858502658589083,0.13794380340093598,1.1838255851753092,0.0009721576581174801,8.577717680075304e-05,0.9455933551369028,0.036939896981498854,0.4525407478427612
E01766,49.419319920710386,0.3512268334517082,0.17939048097806545,1.397880116929021,0.0031832572765264147,7.901179573844888e-05,0.9585050464353075,-0.02428439839512742,0.4679621848739496
E01767,10.313498106813862,0.54189648539962,0.08595223812559316,0.7913725613946455,0.00046383453768668786,4.976323221780315e-05,0.8414628170811501,-0.07810009265429531,0.4623773173391494
E01768,18.003524515063305,0.47303129097835844,0.07098419845852348,0.9210011797031958,0.0003740519606689635,4.376304229973063e-05,0.8983590101602945,-0.03829677108795962,0.5119956379498364
E01769,11.780273276104957,0.8548961306798546,0.05982689033964014,1.6455830044622983,0.003148173084776101,0.0002067507510559365,2.456888138839809,0.07562445632698603,0.4447544642857143
E01770,54.68461817579287,0.2594010516293717,0.06978928480398391,0.9486172565941009,0.00029853237291855694,8.299636763828336e-05,0.9445024153924506,-0.020959322794555656,0.4701912260967379
E01771,50.66235506342795,0.8733324073872807,0.04645077506419668,1.8553953499468143,0.00029336638586872183,0.00011751374424794813,3.289500629905254,0.27360989068876906,0.41993087557603687
E01772,62.115708675271165,0.538082952368125,0.06432970852707635,2.721883171390025,0.00748619967311818,0.00020866597520449533,3.956099930719936,0.030378229962845525,0.430952380952381
E01773,123.81389858339747,0.8030395232787042,0.05536691356062726,3.0298492238073127,0.0017464772633880498,0.00020364450641269206,5.352530396571941,0.16448664453076423,0.4464285714285714
E01774,140.6189006492718,0.2915351985455251,0.04711694502315793,0.7743034013127083,0.0003591954742970268,6.814488174096726e-05,0.5977784401978099,-0.0839162603217331,0.46891534391534395
E01775,52.33939718235381,0.24351169089209074,0.06036086146068381,0.8040832145843843,0.00013555663716008985,6.770757922583061e-05,0.7255600274553096,-0.05867841052096126,0.4740896358543417
E01776,37.746301654386535,0.4345513603702779,0.10543647932533151,0.9457824787836784,0.0011878379496491176,6.864409832719358e-05,0.9498723859789572,0.013429142013429228,0.4740896358543417
E01777,65.87476620051272,0.0,0.10185204276957266,1.050587012541846,0.0005180115294269275,0.00018318454926558836,1.2325047627562946,-0.13294636820948907,0.5311173974540311
E01778,55.553970881745805,0.0,0.07178542952227214,0.7418603072834496,0.0009296955685854001,4.5327610819496296e-05,0.8403541935728036,-0.1275484433341587,0.5153609831029186
E01779,27.590723889711057,0.45563007061068306,0.0881610635398425,1.4459323126119232,0.004043192970584539,0.0003718645185457045,1.6569458558921717,-0.05076757804788891,0.46159754224270355
E01780,149.56069153344373,0.6629292354243435,0.580789821239988,4.533157469366385,0.008448047220188442,0.0009577596089571298,5.153092785196173,0.019214277351508727,0.5023291925465838
E01781,92.03263755278337,0.18060074255003372,0.15495240167733926,1.8790552125913373,0.009687040376390966,0.000725125419582647,2.277389996502129,0.0006211358577151264,0.521978021978022
E01782,106.89422053478984,0.0654702674523707,0.1125011233151973,1.1090075872313534,0.0031664139115155,0.00010433180773804034,0.8008612664420514,-0.08942352405179624,0.5100603621730382
E01783,58.537364640102034,0.3375191770809134,0.07720273935220259,1.5315880690470454,0.00019154814181641385,0.00032791920889775915,1.4752543522025716,0.037577664910021534,0.49040511727078895
E01784,132.73843277823974,0.5552730342467674,0.14492287591420266,3.3502445645126526,0.00412648236539317,0.0011595761863248608,3.8384809511789957,0.006106377831329484,0.48351648351648346
E01785,38.482736629430356,0.3445683353834179,0.11192884907477153,0.9345949305202466,0.002799511642638407,0.0002049378270530012,0.9613703153827191,-0.05597011705959266,0.46825396825396826
E01786,37.69426076911131,0.45978561692257536,0.15050179122621504,0.9380355125890611,0.0020967888508791957,6.286793340936077e-05,0.8469975369732442,0.05134356542241437,0.5171011874032008
E01787,34.050554835928075,0.31824369722909374,0.19194846880334449,1.152090044342773,0.00430788846928813,5.61025523470566e-05,0.859909228271649,-0.009880729954211903,0.5325226244343891
E01788,29.129441085021245,0.25815737526351185,0.0985102259508722,0.5455824888083975,0.0015884657304484036,2.6853988826410874e-05,0.7428669989174915,-0.06369642421337979,0.526937756899589
E01789,12.181770960587032,0.40202384271640634,0.08354218628380251,0.6752111071169479,0.0014986831534306792,2.0853798908338347e-05,0.7997631919966359,-0.023893102647044105,0.576556077510276
E01790,17.868730514829192,0.6723843822567956,0.07238487816491918,1.3997929318760505,0.004272804277537817,0.00018384150766454424,2.3582923206761506,0.09002812476790155,0.5093149038461539
E01791,47.16327368318341,0.17154143982565348,0.08234727262926295,0.7028271840078529,0.0014231635656802727,6.008712424689108e-05,0.845906597228792,-0.00655565435364014,0.5347516656571775
E01792,43.054332593755895,0.8712932249571987,0.059008762889475715,1.6096052773605665,0.0014179975786304375,9.460450085655586e-05,3.1909048117415955,0.28801355912968457,0.4844913151364765
E01793,79.45574556181553,0.3594627856355828,0.07688769635235539,2.4760930988037773,0.008610830865879895,0.00018575673181310307,3.8575041125562772,0.04478189840376104,0.49551282051282053
E01794,144.83342600374962,0.6988420514506181,0.06792490138590629,2.7840591512210646,0.0028711084561497653,0.0001807352630212998,5.253934578408282,0.17889031297167976,0.510989010989011
E01795,117.6651498113086,0.0,0.05967493284843696,0.5285133287264604,0.0014838266670587426,4.5235638349574985e-05,0.49918262203415137,-0.06951259188081758,0.5334757834757835
E01796,43.03598929595631,0.13122575017518484,0.07291884928596284,0.5582931419981363,0.0012601878299218056,4.479833583443833e-05,0.626964209291651,-0.04427474208004575,0.5386500754147814
E01797,29.0135539465489,0.3646787830817691,0.11799446715061054,0.6999924061974304,0.0023124691424108333,4.57348549358013e-05,0.8512765678152986,0.027832810454344742,0.5386500754147814
E01798,43.084676723408315,0.0,0.11441003059485169,0.8047969399555981,0.0016426427221886432,0.0001602753058741961,1.133908944592636,-0.11854269976857354,0.5956778370144706
E01799,50.12045157482679,0.0,0.08434341734755117,0.4960702346972018,0.002054326761347116,2.241836742810402e-05,0.741758375409145,-0.11314477489324318,0.5799214226633582
E01800,37.783622951229695,0.25935231712540446,0.10071905136512153,1.2001422400256754,0.005167824163346255,0.00034895527515431217,1.558350037728513,-0.03636390960697339,0.5261579818031431
E01801,159.7065354916602,0.5838232513869561,0.593347809065267,4.2873673967801365,0.009572678412950158,0.0009348503655657375,5.054496967032515,0.03361794579242424,0.5668896321070234
E01802,105.96283003898678,0.09003148205278508,0.16751038950261826,1.6332651400050895,0.010811671569152682,0.0007022161761912547,2.17879417833847,0.015024804298630642,0.5865384615384616
E01803,109.78216273474149,0.0,0.12505911114047633,0.8632175146451053,0.004291045104277216,8.142256434664805e-05,0.7022654482783928,-0.07501985561088072,0.5746208017334777
E01804,49.55432663700426,0.22830919673409922,0.08976072717748163,1.2857979964607975,0.0013161793345781295,0.0003050099655063668,1.376658534038913,0.05198133335093705,0.5549655568312285
E01805,130.8098363362413,0.39359949546637824,0.15748086373948167,3.1044544919264045,0.005251113558154885,0.0011366669429334687,3.739885133015337,0.020510046272245,0.5480769230769231
E01806,60.194090323556,0.04967348632729188,0.12448683690005057,0.6888048579339987,0.003924142835400123,0.00018202858366160894,0.8627744972190605,-0.04156644861867714,0.5328144078144078
E01807,20.56975207215352,0.6875176241581499,0.23033495793831638,1.525748714988178,0.003963328038777831,8.755932953695281e-05,1.1681580959872901,0.05453007652458794,0.49193150414528225
E01808,35.75519344715066,0.4402033816455029,0.13689671508584408,0.9192411594538026,0.0012439052999381045,5.831076601630708e-05,1.0511158666331326,0.0007143822654200466,0.48634663661048205
E01809,28.378629414747156,0.48763275601772355,0.12192867541877439,1.0488697777623528,0.0011541227229203803,5.231057609823455e-05,1.108012059712277,0.040517703831755736,0.5359649572211691
E01810,47.87441434124637,0.6321000658362279,0.11077136729989105,1.7734516025214555,0.003928243847027518,0.00021529828485444043,2.6665411883917916,0.15443893124670138,0.46872378355704697
E01811,13.318583627067728,0.6883565098545255,0.12073376176423482,1.0764858546532579,0.0010786031351699738,9.154390143678728e-05,1.154155464944433,0.0578551521251597,0.4941605453680706
E01812,80.70190633534473,0.8773141865840219,0.0973952520244476,1.9832639480059715,0.0010734371481201386,0.00012606127804645206,3.4991536794572364,0.3524243656084844,0.44390019484736953
E01813,101.35943192621743,0.6118854129873916,0.11527418548732726,2.849751769449182,0.008266270435369597,0.00021721350900299926,4.165752980271918,0.10919270488256089,0.45492170022371364
E01814,143.197968975651,0.9005726589122771,0.10631139052087817,3.1577178218664694,0.0025265480256394667,0.000212192040211196,5.562183446123924,0.2433011194504796,0.4703978906999041
E01815,110.4844940455914,0.2544722824335462,0.09806142198340884,0.9021719993718653,0.0011392662365484435,7.669241553947119e-05,0.8074314897497925,-0.00510178540201775,0.4928846631866766
E01816,80.45888969347466,0.22599608447527578,0.11130533842093472,0.9319518126435413,0.0009156273994115066,7.625511302433453e-05,0.9352130770072921,0.020136064398754094,0.49805895512567444
E01817,66.70692711183528,0.3245492121022295,0.1563809562855824,1.0736510768428353,0.001967908711900534,7.71916321256975e-05,1.1595254355309397,0.09224361693314459,0.49805895512567444
E01818,62.644703739655924,0.0,0.15279651972982355,1.1784556106010031,0.0012980822916783443,0.0001917320830640923,1.442157812308277,-0.054131893289773705,0.5550867167253638
E01819,87.81470855294339,0.0,0.12272990648252305,0.8697289053426067,0.0017097663308368169,5.387514461800023e-05,1.0500072431247862,-0.04873396841444334,0.5393303023742513
E01820,68.56349509141154,0.2888214723905027,0.1391055405000934,1.5738009106710802,0.004823263732835956,0.0003804120523442084,1.866598905444154,0.02804689687182645,0.4855668615140362
E01821,122.05605811284178,0.6055704822510983,0.6317342982002389,4.661026067425542,0.00922811798243986,0.0009663071427556337,5.362745834748155,0.09802875227122408,0.5262985118179165
E01822,132.06901312398224,0.41056696161284045,0.20589687863759015,2.0069238106504943,0.010467111138642383,0.0007336729533811509,2.4870430460541115,0.07943561077743048,0.5459473412493547
E01823,72.098045801281,0.10477668663329898,0.1634456002754482,1.2368761852905104,0.0039464846737669165,0.00011287934153654426,1.0105143159940337,-0.010609049132080883,0.5340296814443709
E01824,86.85504501102801,0.36292983762171005,0.1281472163124535,1.6594566671062023,0.0009716189040678306,0.00033646674269626305,1.684907401754554,0.1163921398297369,0.5143744365421217
E01825,94.67407593692968,0.47239139715900347,0.19586735287445356,3.4781131625718094,0.004906553127644587,0.0011681237201233647,4.048134000730978,0.08492085275104484,0.5074858027878162
E01826,73.93830105994769,0.2380242141607264,0.16287332603502244,1.0624635285794035,0.003579582404889824,0.00021348536085150514,1.1710233649347015,0.022844357860122698,0.4922232875253009
E01827,47.83567221032791,0.19849858766468467,0.17834339266297353,1.1332956912075145,0.003455004918347039,5.1545384954002914e-05,1.0640275579315372,-0.06050991311120622,0.5017680736416704
E01828,31.634843330832858,0.2914008736058093,0.16337535299590383,1.2629243095160647,0.003365222341329315,4.554519503593039e-05,1.1209237510106818,-0.02070659154487054,0.5513863942523574
E01829,50.33228510050783,0.5190019198061453,0.1522180448770205,1.9875061342751672,0.006139343465436452,0.00020853290379213628,2.6794528796901966,0.09321463587007511,0.4841452205882353
E01830,18.786338783609853,0.502656446896229,0.16218043934136428,1.2905403864069698,0.003289702753578908,8.477852037448312e-05,1.1670671562428379,-0.003369143251466574,0.5095819823992589
E01831,72.16469199997331,0.7788855593723931,0.13884192960157704,2.197318479759683,0.003284536766529073,0.0001192958969841479,3.512065370755641,0.2912000702318581,0.4593216318785579
E01832,111.36513911579091,0.5232004878592416,0.15672086306445673,3.063806301202894,0.010477370053778532,0.0002104481279406951,4.178664671570323,0.0479684095059346,0.47034313725490196
E01833,163.52998415828728,0.8936419693131914,0.14775806809800762,3.3717723536201816,0.004737647644048401,0.00020542665914889184,5.575095137422329,0.1820768240738533,0.48581932773109243
E01834,95.03046399900705,0.0852008094434735,0.1395080995605383,1.1162265311255772,0.003350365854957378,6.992703447716704e-05,0.8203431810481971,-0.06632608077864402,0.5083061002178649
E01835,70.81902730017072,0.11473300184986307,0.15275201599806418,1.1460063443972532,0.003126727017820441,6.948973196203037e-05,0.9481247683056968,-0.041088230977872175,0.5134803921568627
E01836,59.97031273969347,0.2843061863217529,0.19782763386271188,1.2877056085965473,0.004179008330309469,7.042625106339333e-05,1.1724371268293443,0.03101932155651831,0.5134803921568627
E01837,43.41916459069984,0.03168731579551359,0.19424319730695302,1.392510142354715,0.0035091819100872786,0.00018496670200178814,1.4550695036066819,-0.11535618866639998,0.5705081537565522
E01838,79.69388298513378,0.0,0.1641765840596525,1.0837834370963186,0.003920865949245751,4.710976355569606e-05,1.0629189344231909,-0.10995826379106961,0.5547517394054395
E01839,71.44514437864375,0.18731047985524824,0.18055221807722288,1.7878554424247923,0.007034363351244891,0.00037364667128190424,1.879510596742559,-0.033177398504799824,0.5009882985452245
E01840,127.57012644895092,0.4727402808827019,0.6731809757773684,4.875080599179253,0.011439217600848794,0.0009595417616933296,5.37565752604656,0.03680445689459781,0.5417199488491049
E01841,139.84968200726888,0.31620043820598,0.2473435562147196,2.2209783424042064,0.012678210757051318,0.0007269075723188468,2.499954737352516,0.018211315400804208,0.561368778280543
E01842,80.87224351002497,0.034602961008580735,0.20489227785257766,1.4509307170442223,0.006157584292175851,0.00010611396047424009,1.0234260072924386,-0.07183334450870715,0.5494511184755593
E01843,76.40108824823406,0.2567722812236174,0.16959389388958296,1.8735111988599145,0.003182718522476765,0.0003297013616339589,1.6978190930529589,0.05516784445311061,0.5297958735733099
E01844,97.61865252165809,0.3561457346502833,0.237314030451583,3.6921676943255215,0.007117652746053521,0.0011613583390610606,4.061045692029383,0.023696557374418566,0.5229072398190044
E01845,86.97409200401951,0.11395063052350854,0.2043200036121519,1.2765180603331157,0.005790682023298759,0.00020671997978920098,1.1839350562331064,-0.03837993751650358,0.5076447245564892
E01846,19.734428280353264,0.28129122716380384,0.06993711014343157,0.6564167539816892,0.000645799602489588,1.629663151528466e-05,1.0038815216565244,-0.07452228580403843,0.5458015267175572
E01847,21.93136641121921,0.632865493989997,0.05877980202454823,1.3809985787407917,0.0034199207265967254,0.00017928434027149055,2.562410650336039,0.03939894161090722,0.47856035305343514
E01848,49.073218210911826,0.19102468308936577,0.06874219648889199,0.6840328308725943,0.0005702800147391815,5.552995685383739e-05,1.0500249268886805,-0.05718483751063446,0.5039971148644588
E01849,60.964363144654435,0.6690014778186102,0.04540368674910476,1.5908109242253077,0.0005651140276893463,9.004733346350217e-05,3.395023141401484,0.23738437597269024,0.4537367643437577
E01850,65.79771554638243,0.33662353700150294,0.06328262021198444,2.4572987456685187,0.0077579473149388045,0.00018119956442004938,4.061622442216166,-0.0058472847532332825,0.4647582697201018
E01851,122.20332001573466,0.6601371957853197,0.05431982524553534,2.765264798085806,0.0020182249052086744,0.0001761780956282461,5.458052908068171,0.12826112981468543,0.48023446019629223
E01852,142.57041088876596,0.19254658897761118,0.04606985670806601,0.5097189755912017,0.0006309431161176513,4.0678470956521305e-05,0.7033009516940398,-0.12014177503781191,0.5027212326830648
E01853,62.59031519578617,0.0,0.059313773145591886,0.5394987888628777,0.00040730427898071433,4.024116844138464e-05,0.8310825389515394,-0.09490392523704007,0.5078955246220626
E01854,47.888036588008724,0.2287770243814673,0.10438939101023959,0.6811980530621717,0.0014595855914697421,4.117768754274762e-05,1.055394897475187,-0.02279637270264958,0.5078955246220626
E01855,72.04855236857189,0.0,0.10080495445448073,0.7860025868203395,0.0007897591712475521,0.0001557181384811424,1.3380272742525245,-0.16917188292556787,0.5649232862217519
E01856,65.84161010769884,0.0,0.07073834120718021,0.4772758815619431,0.0012014432104060246,1.7861200035050336e-05,0.9458767050690335,-0.1637739580502375,0.5491668718706394
E01857,36.564259210416836,0.24457986855866304,0.08711397522475059,1.1813478868904168,0.004314940612405164,0.0003443981077612585,1.7624683673884016,-0.08699309276396772,0.4954034310104244
E01858,139.75814635860095,0.47228268453116373,0.5797427329248961,4.268573043644878,0.008719794862009068,0.0009302931981726838,5.258615296692403,-0.01701123736457008,0.5361350813143047
E01859,96.45800623216896,0.10236953155654252,0.15390531336224733,1.614470786869831,0.009958788018211592,0.000697659008798201,2.3829125079983586,-0.03560437885836368,0.5557839107457428
E01860,96.93082874862301,0.0,0.11145403500010537,0.8444231615098468,0.0034381615533361242,7.686539695359437e-05,0.9063837779382812,-0.12564903876787503,0.543866250940759
E01861,68.82786333836265,0.15031938389489274,0.07615565103711067,1.267003643325539,0.00046329578363703836,0.00030045279811331317,1.5807768636988015,0.0013521501939427263,0.5242110060385098
E01862,122.98311111747307,0.3489011969752031,0.14387578759911074,3.085660138791146,0.004398230007213794,0.001132109775540415,3.9440034626752256,-0.030119136884749324,0.5173223722842043
E01863,39.326551903143134,0.195020654196577,0.11088176075967962,0.67001050479874,0.0030712592844590316,0.00017747141626855525,1.066892826878949,-0.09219563177567147,0.5020598570216891
E01864,19.97600467530901,0.6181985136174444,0.04381176235747854,1.5106271970493421,0.0033301381495790014,0.000173284150353418,2.6193068434151834,0.07920226317724291,0.5281786736641221
E01865,39.8945772229287,0.1765295373019843,0.05377415682182231,0.8136614491811446,0.0004804974377214571,4.952976693576487e-05,1.1069211199678248,-0.017381515944298778,0.5536154354751457
E01866,53.7953272049941,0.6732746424502416,0.030435647082035076,1.7204395425338581,0.00047533145067162194,8.404714354542964e-05,3.4519193344806283,0.27718769753902595,0.5033550849544447
E01867,79.73151641456349,0.29507137577638787,0.04831458054491475,2.5869273639770687,0.00766816473792108,0.00017519937450197683,4.11851863529531,0.0339560368131024,0.5143765903307889
E01868,141.34784843991332,0.697697088340696,0.03935178557846565,2.894893416394356,0.00192844232819095,0.00017017790571017356,5.514949101147316,0.1680644513810211,0.5298527808069793
E01869,123.6853523873719,0.015545918353102428,0.03110181704099632,0.639347593899752,0.000541160539099927,3.4678281038448775e-05,0.7601971447731841,-0.08033845347147622,0.5523395532937518
E01870,54.20264234122567,0.019382073285384993,0.044345733478522206,0.6691274071714279,0.00031752170196299,3.424097852331211e-05,0.8879787320306838,-0.05510060367070438,0.5575138452327496
E01871,39.55450596387313,0.2191121885627183,0.0894213513431699,0.8108266713707221,0.0013698030144520177,3.517749762467509e-05,1.1122910905543315,0.017006948863686106,0.5575138452327496
E01872,52.989205024770726,0.0,0.08583691478741104,0.9156312051288897,0.0006999765942298277,0.00014971794856306986,1.3949234673316688,-0.1293685613592322,0.614541606832439
E01873,60.442116325364566,0.0,0.055770301540110534,0.6069044998704934,0.0011116606333883004,1.1861010116977808e-05,1.0027728981481778,-0.12397063648390182,0.5987851924813264
E01874,41.29640977987317,0.1562646215875723,0.0721459355576809,1.310976505198967,0.004225158035387439,0.000338397917843186,1.819364560467546,-0.04718977119763203,0.5450217516211113
E01875,149.30538217038938,0.4683109579076902,0.5647746932578264,4.398201661953428,0.008630012284991342,0.0009242930082546113,5.315511489771547,0.022792084201765605,0.5857534019249917
E01876,108.91621955864197,0.01958527419414252,0.13893727369517764,1.7440994051783811,0.009869005441193866,0.0006916588188801285,2.439808701077503,0.004198942707972005,0.6054022313564298
E01877,99.78270714730567,0.0,0.09648599533303569,0.974051779818397,0.0033483789763184,7.086520703552184e-05,0.9632799710174256,-0.08584571720153936,0.5934845715514461
E01878,60.78140989525029,0.11809913281060047,0.06118761137004098,1.3966322616340892,0.000373513206619314,0.00029445260819524065,1.6376730567779458,0.04115547176027841,0.5738293266491967
E01879,123.05229120815166,0.2936912570201612,0.12890774793204104,3.215288757099696,0.00430844743019607,0.0011261095856223424,4.00089965575437,0.009684184681586362,0.5669406928948914
E01880,56.37151917575605,0.07146178434586115,0.09591372109260993,0.7996391231072904,0.0029814767074413076,0.0001714712263504827,1.1237890199580933,-0.05239231020933578,0.551678177632376
E01881,59.8379489336055,0.43352819889072014,0.04261684870293897,1.5382432739402472,0.003254618561828595,0.00021251747569197074,2.6654502486473395,0.09653971147064687,0.4863742618110236
E01882,39.14442665971431,1.0,0.01927833896315174,2.4450213672929606,0.0032494525747787596,0.00024703485230163555,5.010448463160143,0.3911089249539716,0.4361139112903226
E01883,61.80827719161564,0.7278559025054429,0.03715727242603142,3.3115091887361716,0.010442285862028219,0.00033818708325818273,5.677047763974825,0.14787726422804806,0.4471354166666667
E01884,126.96473010472337,0.9481148169878166,0.028194477459582312,3.6194752411534585,0.004702563452298088,0.00033316561446637943,7.07347822982683,0.28198567879596675,0.46261160714285715
E01885,133.61409295461172,0.38715841323414585,0.019944508922112986,1.3639294186588546,0.0033152816632070646,0.00019766598979465466,2.318726273452699,0.033582773943469424,0.48509837962962965
E01886,40.6694739674394,0.4452089039239519,0.03318842535963887,1.3937092319305306,0.0030916428260701276,0.000197228687279518,2.4465078607101987,0.05882062374424127,0.49027267156862747
E01887,25.978952756163,0.7092987077920107,0.07826404322428657,1.5354084961298247,0.004143924138559156,0.00019816520638088096,2.670820219233846,0.13092817627863176,0.49027267156862747
E01888,57.275368183807565,0.1448337897768449,0.07467960666852771,1.6402130298879922,0.003474097718336965,0.00031270565731927576,2.9534525960111835,-0.015447333944286532,0.5473004331683169
E01889,44.461555450873284,0.21128978672117832,0.044612993421227196,1.331486324629596,0.003885781757495438,0.00017484871887318368,2.5613020268276925,-0.01004940906895617,0.5315440188172043
E01890,21.39187226345102,0.7260678465845157,0.06098862743879756,2.0355583299580697,0.006999279159494577,0.0005013856265993919,3.3778936891470606,0.06673145621731362,0.47778057795698925
E01891,161.2134792743048,0.8987734606061732,0.553617385138943,5.122783486712531,0.011404133409098481,0.0010872807170108172,6.874040618451062,0.13671331161671124,0.5185122282608696
E01892,89.58926648268934,0.3528282780849502,0.1277799655762943,2.4686812299374834,0.012643126565301005,0.0008546465276363344,3.998337829757018,0.11812017012291766,0.5381610576923077
E01893,117.07151964668597,0.2829582842446878,0.08532868721415235,1.6986336045774997,0.006122500100425537,0.0002338529157917277,2.5218090996969402,0.02807551021340629,0.526243397887324
E01894,46.95807153165134,0.5951770263084902,0.05003030325115765,2.1212140863931914,0.0031476343307264517,0.0004574403169514465,3.1962021854574605,0.15507669917522407,0.5065881529850746
E01895,142.03593434908842,0.7544741164056026,0.1177504398131577,3.9398705818587985,0.0070825685543032075,0.0012890972943785483,5.5594287844338846,0.12360541209653202,0.4996995192307692
E01896,42.93290018995517,0.4766373684048228,0.08475641297372659,1.5242209478663928,0.005755597831548445,0.00033445893510668863,2.682318148637608,0.06152891720560987,0.48443700396825395
E01897,88.88522006844757,0.735998198232861,0.02924073342749551,1.7480556194247632,0.0003998118629212154,0.00012328046888398237,3.4980627397127844,0.2945251458324299,0.46155067310134623
E01898,114.61617415617359,0.49382690232395354,0.04711966689037518,2.614543440867974,0.007592645150170674,0.00021443269984052957,4.164662040527466,0.05129348510650637,0.4725721784776903
E01899,145.75179441865177,0.7894536314581776,0.03815687192392608,2.9225094932852613,0.0018529227404405434,0.0002094112310487263,5.561092506379472,0.18540189967442508,0.48804836895388076
E01900,97.96845719624464,0.03418061369385178,0.029906903386456754,0.6669636707906571,0.0004656409513495204,7.39116063770015e-05,0.8063405500053402,-0.06300100517807226,0.5105351414406533
E01901,88.0053465388349,0.06970376288968883,0.04315081982398264,0.696743484062333,0.00024200211421258343,7.347430386186485e-05,0.9341221372628399,-0.03776315537730041,0.515709433379651
E01902,75.60366504040022,0.11944621906959414,0.08822643768863034,0.8384427482616271,0.0012942834267016111,7.441082296322783e-05,1.1584344957864876,0.034344397157090076,0.515709433379651
E01903,61.65536022173437,0.0,0.08464200113287149,0.9432472820197948,0.0006244570064794211,0.0001889512739016226,1.441066872563825,-0.11203111306582822,0.5727371949793405
E01904,96.3268355700021,0.0,0.05457538788557097,0.6345205767613985,0.0010361410456378936,5.109433545553054e-05,1.048916303380334,-0.10663318819049786,0.5569807806282279
E01905,80.98208750903272,0.21330762963931396,0.07095102190314133,1.338592582089872,0.004149638447637033,0.0003776312431817387,1.865507965699702,-0.02985232290422806,0.5032173397680129
E01906,112.75958577786957,0.4928377748155516,0.5635797796032868,4.425817738844334,0.008554492697240935,0.0009635263335931641,5.361654895003703,0.040129532495169574,0.5439489900718932
E01907,145.30664161770122,0.30007380943625117,0.13774236004063806,1.7717154820692862,0.00979348585344346,0.0007308921442186813,2.485952106309659,0.02153639100137597,0.5635978195033313
E01908,63.684065193191266,0.0,0.09529108167849612,1.001667856709302,0.0032728593885679932,0.00011009853237407458,1.0094233762495817,-0.0685082689081354,0.5516801596983476
E01909,93.98076928976695,0.22554949771886787,0.05999269771550141,1.4242483385249942,0.00029799361886890743,0.00033368593353379336,1.683816462010102,0.05849292005368238,0.5320249147960983
E01910,83.80718295938443,0.3112816126170641,0.12771283427750146,3.2429048339906013,0.004232927842445664,0.001165342910960895,4.047043060986526,0.02702163297499033,0.5251362810417928
E01911,87.00153737641033,0.07213238022251256,0.09471880743807036,0.8272551999981954,0.002905957119690901,0.00021070455168903545,1.1699324251902494,-0.03505486191593181,0.5098737657792776
E01912,61.29435840145022,1.0,0.023781157150587953,3.5213215342206876,0.007587479163120838,0.0002489500764501943,6.50966025504027,0.3458626985898311,0.4223118279569893
E01913,116.6050643710674,1.0,0.014818362184138852,3.8292875866379745,0.0018477567533907082,0.00024392860765839108,7.906090720892275,0.47997111315774976,0.4377880184331797
E01914,108.73625464459721,0.6840112872222655,0.006568393646669524,1.5737417641433706,0.00046047496429968524,0.00010842898298666628,3.151338764518144,0.23156820830525243,0.46027479091995227
E01915,3.4294785935925396,1.0,0.019812310084195404,1.6035215774150466,0.0002368361271627483,0.00010799168047152962,3.279120351775643,0.2568060581060243,0.46544908285895004
E01916,14.241294446849585,1.0,0.06488792794884311,1.7452208416143407,0.001289117439651776,0.00010892819957289259,3.503432710299291,0.3289136106404148,0.46544908285895004
E01917,46.10341356333975,0.5292754562826271,0.06130349139308425,1.8500253753725082,0.000619291019429586,0.00022346865051128738,3.7860650870766284,0.1825381004174965,0.5224768444586394
E01918,7.529191299218541,0.9003870399640791,0.03123687814578373,1.541298670114112,0.0010309750585880586,8.561171206519532e-05,3.3939145178931374,0.18793602529282685,0.5067204301075269
E01919,31.957522971432624,1.0,0.0476125121633541,2.2453706754425857,0.0041444724605871975,0.0004121486197914035,4.210506180212505,0.26471689057909664,0.45295698924731187
E01920,156.89718035127487,1.0,0.5402412698634995,5.332595832197047,0.008549326710191102,0.0009980437102028287,7.706653109516507,0.33469874597849425,0.49368863955119213
E01921,73.90724693643158,0.7793454613376226,0.11440385030085085,2.6784935754219994,0.009788319866393625,0.000765409520828346,4.8309503208224625,0.31610560448470065,0.5133374689826303
E01922,152.53808679535683,0.8352319266782674,0.0719525719387089,1.9084459500620157,0.0032676934015181585,0.00014461590898373936,3.354421590762385,0.22606094457518933,0.5014198091776465
E01923,7.92837701481554,1.0,0.03665418797571418,2.3310264318777074,0.00029282763181907233,0.0003682033101434581,4.028814676522906,0.3530621335370071,0.48176456427539727
E01924,162.21668947039893,1.0,0.10437432453771425,4.1496829273433145,0.004227761855395828,0.0011998602875705599,6.392041275499329,0.32159084645831504,0.4748759305210918
E01925,62.78437498866042,0.670439070274995,0.07138029769828313,1.7340332933509088,0.002900791132641066,0.0002452219282987002,3.514930639703053,0.2595143515673929,0.4596134152585766
E01926,65.79183395706436,0.9373699611021902,0.03269729564701852,4.695775408081186,0.009040590040640166,0.0003350808386149383,8.572690021706958,0.23673945243182626,0.4488095238095238
E01927,144.7696355351223,0.5049786000643107,0.024447327109549197,2.4402295855865814,0.007653308251549144,0.00019958121394321349,3.8179380653328256,-0.011663452420671079,0.4712962962962963
E01928,64.62295358909228,0.3904252799987538,0.03769124354707508,2.470009398858257,0.007429669414412207,0.00019914391142807682,3.9457196525903253,0.013574397380100765,0.47647058823529415
E01929,64.21750876991277,0.506317818489917,0.08276686141172278,2.6117086630575512,0.008481950726901234,0.00020008043052943979,4.170032011113973,0.08568194991449125,0.47647058823529415
E01930,106.73215145398817,0.20308729109677287,0.07918242485596393,2.7165131968157192,0.007812124306679044,0.0003146208814678346,4.452664387891311,-0.060693560308427034,0.5334983498349835
E01931,56.866567619418625,0.20185746292083556,0.04911581160866341,2.4077864915573226,0.008223808345837517,0.0001767639430217425,4.060513818707819,-0.05529563543309667,0.517741935483871
E01932,42.34724753311894,0.5900222733794382,0.06549144562623377,3.1118584968857963,0.011337305747836656,0.0005033008507479507,4.877105481027187,0.02148522985317312,0.4639784946236559
E01933,112.75611754736362,0.7474397744886511,0.5581202033263792,6.199083653640258,0.01574215999744056,0.001089195941159376,8.373252410331188,0.09146708525257075,0.5047101449275362
E01934,30.71014997761074,0.6392939919359499,0.1322827837637305,3.5449813968652104,0.016981153153643083,0.0008565617517848933,5.497549621637145,0.07287394375877715,0.5243589743589744
E01935,127.3117975579071,0.40459697090089614,0.08983150540158856,2.7749337715052262,0.010460526688767617,0.00023576813994028654,4.021020891577066,-0.017170716150734212,0.5124413145539906
E01936,64.3724798196183,0.5295132873228525,0.05453312143859386,3.1975142533209184,0.00748566091906853,0.00045935554110000535,4.695413977337587,0.10983047281108356,0.4927860696517413
E01937,136.4171129451366,0.7945255978117967,0.12225325800059392,5.016170748786525,0.011420595142645287,0.0012910125185271071,7.058640576314011,0.0783591857323915,0.4858974358974359
E01938,28.0918635230564,0.6610769202056912,0.0892592311611628,2.6005211147941196,0.010093624419890524,0.0003363741592552474,4.181529940517734,0.01628269084146937,0.47063492063492063
E01939,94.947208554181,0.545082099431883,0.015484532143100095,2.748195638003869,0.0019135858418190134,0.0001945597451514102,5.214368531184831,0.12244496214724764,0.4867724867724868
E01940,118.71716341820645,0.6464098815908685,0.028728448580625975,2.7779754512755446,0.0016899470046820764,0.00019412244263627355,5.342150118442331,0.14768281194801947,0.4919467787114846
E01941,126.1852484336023,0.7651125677265785,0.07380406644527368,2.9196747154748386,0.002742228317171104,0.00019505896173763654,5.566462476965978,0.21979036448240996,0.4919467787114846
E01942,152.58500086534025,0.5377939696370756,0.07021962988951481,3.0244792492330066,0.002072401896948914,0.0003095994126760313,5.849094853743315,0.07341485425949168,0.548974540311174
E01943,109.32035372154705,0.36503004874938594,0.0401530166422143,2.71575254397461,0.0024840859361073865,0.00017174247422993924,5.456944284559825,0.07881277913482204,0.5332181259600615
E01944,108.09078766229719,0.6734098045162411,0.05652865065978467,3.4198245493030837,0.005597583338106526,0.0004982793819561474,6.273535946879193,0.15559364442109183,0.4794546850998464
E01945,48.263667799694474,0.9611238201965682,0.5491574083599301,6.507049706057545,0.010002437587710428,0.0010841744723675728,9.769682876183193,0.22557549982048947,0.5201863354037267
E01946,43.19236090182367,0.7196613593197643,0.12331998879728141,3.8529474492824978,0.011241430743912952,0.0008515402829930899,6.89398008748915,0.20698235832669587,0.5398351648351649
E01947,88.38528851558684,0.4312868727801795,0.08086871043513946,3.0828998239225136,0.004720804279037486,0.0002307466711484833,5.417451357429073,0.1169376984171845,0.5279175050301811
E01948,114.14886601789469,0.7690857503351872,0.045570326472144755,3.505480305738206,0.0017459385093384003,0.0004543340723082021,6.091844443189593,0.24393888737900227,0.5082622601279319
E01949,77.13324432758722,0.8030531605192166,0.11329046303414482,5.324136801203813,0.0056808727329151565,0.0012859910497353038,8.455071042166017,0.21246760030031023,0.5013736263736264
E01950,85.39917749298964,0.565355313684023,0.0802964361947137,2.908487167211407,0.004353902010160394,0.00033135269046344416,5.5779604063697406,0.15039110540938808,0.4861111111111111
E01951,105.5731762077805,0.0018183511507237626,0.02047848004315665,0.5224296287809405,0.0003026652155910533,5.862281796454875e-05,0.5873981620681992,-0.10072009290447786,0.5144335511982572
E01952,115.09222265974334,0.15665931767622115,0.06555409790780435,0.6641288929802346,0.001354946528080081,5.9559337065911725e-05,0.8117105205918469,-0.028612540370087376,0.5144335511982572
E01953,76.39420479743062,0.0,0.06196966135204549,0.7689334267384023,0.000685120107857891,0.00017409978800430652,1.0943428973691842,-0.17498805059300565,0.5714613127979464
E01954,108.66000026932348,0.0,0.03190304810474498,0.4602067214800059,0.0010968041470163635,3.624284955821445e-05,0.7021923281856933,-0.1695901257176753,0.555704898446834
E01955,140.3247205552769,0.24096279441188054,0.04827868212231534,1.1642787268084795,0.004210301549015503,0.0003627797572844226,1.5187839905050613,-0.09280926043140551,0.5019414575866189
E01956,62.00944238692497,0.32992515368240743,0.5409074398224608,4.251503883562941,0.008615155798619406,0.0009486748476958479,5.014930919809062,-0.022827405032007878,0.5426731078904992
E01957,115.90500174276211,0.08326272521746214,0.11507002025981208,1.5974016267878937,0.00985414895482193,0.0007160406583213651,2.1392281311150185,-0.041420546525801474,0.5623219373219374
E01958,78.2213045346567,0.0,0.07261874189767013,0.8273540014279095,0.0033335224899464634,9.524704647675848e-05,0.662699401054941,-0.13146520643531284,0.5504042775169535
E01959,101.96709124095658,0.12427875847703848,0.037320357934675426,1.2499344832436017,0.0003586567202473773,0.0003188344476364773,1.3370924868154612,-0.00446401747349507,0.5307490326147043
E01960,56.64469771742765,0.27981846971542873,0.10504049449667549,3.0685909787092087,0.004293590943824133,0.001150491425063579,3.7003190857918855,-0.03593530455218712,0.5238603988603989
E01961,170.24849631565647,0.27373700697076453,0.07204646765724437,0.6529413447168028,0.002966620221069371,0.00019585306579171936,0.8232084499956087,-0.09801179944310925,0.5085978835978836
E01962,14.984670513904877,0.49042078403017375,0.07879801434533024,0.6939087062519105,0.001131307690943144,5.912203455077506e-05,0.9394921078493464,-0.003374690569315532,0.5196078431372549
E01963,43.011689384656705,0.0,0.07521357778957137,0.7987132400100783,0.00046148127072095403,0.00017366248548916985,1.2221244846266839,-0.14975020079223383,0.5766356047369443
E01964,9.439364784770563,0.17288765315414562,0.04514696454227086,0.48998653475168186,0.0008731653098794267,3.580554704307779e-05,0.8299739154431929,-0.14435227591690347,0.5608791903858318
E01965,34.957514710847384,0.32374656814325625,0.06152259855984123,1.1940585400801553,0.003986662711878566,0.00036234245476928596,1.646565577762561,-0.06757141063063367,0.5071157495256167
E01966,156.36634363145563,0.5348586723162554,0.5541513562599867,4.281283696834617,0.008391516961482468,0.0009482375451807113,5.1427125070665625,0.002410444768763967,0.547847399829497
E01967,76.36364532482003,0.016559816215234557,0.12831393669733795,1.6271814400595694,0.009630510117684992,0.0007156033558062285,2.267009718372518,-0.016182696725029633,0.5674962292609351
E01968,151.62616282336091,0.12342275230275951,0.08586265833519602,0.8571338146995855,0.0031098836528095264,9.480974396162182e-05,0.7904809883124406,-0.106227356634541,0.5555785694559514
E01969,6.582205189743907,0.6042627527988245,0.050564274372201304,1.2797142965152775,0.00013501788311044038,0.0003183971451213406,1.4648740740729609,0.020773832327276774,0.5359233245537021
E01970,158.82730444969752,0.5282275178237136,0.11828441093420138,3.0983707919808845,0.004069952106687196,0.0011500541225484423,3.828100673049385,-0.010697454751415276,0.5290346907993967
E01971,66.05597956985201,0.066254756209254,0.08529038409477026,0.6827211579884788,0.002742981383932434,0.0001954157632765827,0.9509900372531084,-0.07277394964233741,0.5137721755368814
E01972,43.15594968013112,0.02006532911060671,0.12028919565421908,0.9404125042093723,0.0015137625832099817,0.00017459900459053281,1.4464368431503316,-0.07764264825784334,0.5766356047369443
E01973,21.10943920425449,0.24755899332925818,0.09022258240691856,0.631685798950976,0.0019254466223684544,3.674206614444076e-05,1.0542862739668406,-0.07224472338251298,0.5608791903858318
E01974,25.920853345482655,0.5389082088118632,0.10659821642448893,1.3357578042794496,0.005038944024367593,0.0003632789738706489,1.8708779362862087,0.004536141903756823,0.5071157495256167
E01975,171.1325457217137,0.6829280362655216,0.5992269741246343,4.422982961033911,0.009443798273971496,0.0009491740642820742,5.36702486559021,0.07451799730315445,0.547847399829497
E01976,83.03498821763941,0.1731048374267968,0.17338955456198568,1.7688807042588637,0.01068279143017402,0.0007165398749075914,2.4913220768961657,0.05592485580936085,0.5674962292609351
E01977,138.79159906383742,0.1638259825648528,0.13093827619984372,0.9988330788988795,0.004162164965298554,9.57462630629848e-05,1.0147933468360884,-0.03411980410015051,0.5555785694559514
E01978,21.511247088902774,0.5246084908197369,0.09563989223684902,1.4214135607145717,0.001187299195599468,0.00031933366422270357,1.6891864325966086,0.09288138486166726,0.5359233245537021
E01979,156.67947100321499,0.6127844628827047,0.1633600287988491,3.2400700561801785,0.005122233419176224,0.0011509906416498053,4.052413031573033,0.06141009778297521,0.5290346907993967
E01980,57.91148222398569,0.15711211943289066,0.13036600195941794,0.8244204221877729,0.0037952626964214615,0.00019635228237794569,1.175302395776756,-0.0006663971079469283,0.5137721755368814
E01981,51.93065182218516,0.0,0.0866381458511597,0.7364903327091437,0.0012556202021462644,0.00015128251708283554,1.336918650744178,-0.21862023360543126,0.6179069519855211
E01982,68.25436921525508,0.0,0.10301377986873006,1.4405623380376174,0.0043691176041454035,0.0004778194248090437,2.153510313063546,-0.14183936831916147,0.5641435111253061
E01983,137.2416446026566,0.25141807561607044,0.5956425375688755,4.527787494792078,0.008773971853749308,0.001063714515220469,5.649657242367548,-0.07185751291976383,0.6048751614291864
E01984,117.3701053445235,0.0,0.1698051180062268,1.8736852380170315,0.010012965009951831,0.0008310803258459863,2.773954453673503,-0.09045065441355743,0.6245239908606246
E01985,114.48345503870226,0.0,0.12735383964408487,1.1036376126570473,0.003492338545076364,0.00021028671400137957,1.2974257236134257,-0.1804953143230688,0.6126063310556408
E01986,45.22932155385207,0.15354411525386624,0.09205545568109015,1.5262180944727395,0.0005174727753772781,0.0004338741151610984,1.971818809373946,-0.053494125361251026,0.5929510861533915
E01987,116.61592984118103,0.2250435124785932,0.1597755922430902,3.3448745899383465,0.004452406998954034,0.0012655310925882,4.3350454083503696,-0.08496541243994307,0.586062452399086
E01988,98.88919367824123,0.0,0.1267815654036591,0.9292249559459406,0.0031254362761992715,0.0003108927333163405,1.4579347725540934,-0.14704190733086522,0.5707999371365708
E01989,33.58001595833706,0.09831818553972022,0.07294716662142955,1.131835632779221,0.004780801643303876,0.00033996248636295167,1.761359743880055,-0.1364414434438311,0.5483870967741935
E01990,150.08075319032824,0.3806716441923958,0.565575924321575,4.219060789533683,0.00918565589290778,0.0009258575767743769,5.257506673184056,-0.06645958804443347,0.5891187470780739
E01991,66.93881523366453,0.0,0.1397385047589263,1.564958532758635,0.010424649049110304,0.0006932233873998941,2.3818038844900125,-0.08505272953822707,0.608767576509512
E01992,159.8689160531156,0.0,0.09728722639678435,0.7949109073986509,0.0039040225842348368,7.242977555528752e-05,0.9052751544299347,-0.17509738944773845,0.5968499167045282
E01993,7.568072924706498,0.36142473783405216,0.06198884243378963,1.217491389214343,0.0009291568145357507,0.0002960171767150063,1.579668240190455,-0.048096200485920663,0.5771946718022789
E01994,164.9972997344169,0.3026305288972293,0.1297089789957897,3.03614788467995,0.004864091038112506,0.001127674154142108,3.942894839166879,-0.07956748756461271,0.5703060380479735
E01995,62.26089069657584,0.0,0.09671495215635859,0.6204982506875442,0.003537120315357744,0.00017303579487024838,1.0657842033706024,-0.14164398245553486,0.5550435227854582
E01996,154.1844866054146,0.6777675957392474,0.5819515583391454,4.9231327948621555,0.012299153294906918,0.001252394484500585,6.074098335503424,0.010321277241836322,0.5353553062178589
E01997,68.4045823582697,0.13754880859169485,0.15611413877649666,2.2690305380871085,0.013538146451109442,0.0010197602951261024,3.1983955468093805,-0.008271864251957278,0.555004135649297
E01998,132.64043591120935,0.14865664673038909,0.11366286041435471,1.4989829127271244,0.007017519986233976,0.0003989666832814957,1.7218668167493028,-0.09831652416146865,0.5430864758443132
E01999,39.287366668986785,0.4754966641107307,0.07836447645136,1.9215633945428165,0.0040426542165348895,0.0006225540844412144,2.396259902509823,0.02868466480034913,0.5234312309420639
E02000,158.7585880154855,0.5795020545847712,0.14608461301336007,3.7402198900084236,0.007977588440111646,0.0014542110618683162,4.759486501486247,-0.0027866222783429206,0.5165425971877584
E02001,32.065646344934414,0.37406220227799264,0.11309058617392895,1.3245702560160177,0.006650617717356883,0.0004995727025964566,1.8823758656899705,-0.06486311716926506,0.5012800819252432
E02002,90.83210232254322,0.4110007816701782,0.6487428964766421,5.35625569484157,0.017943000700713346,0.0016056553855375278,6.694542476113382,0.06170999114744036,0.5957357859531773
E02003,49.95996157826863,0.36240843455202204,0.6062916181145002,4.586208069481586,0.01142237423583788,0.000984861773692921,5.218013746053304,-0.02833466876207101,0.5838181261481935
E02004,149.79051018560526,0.598934410018828,0.5709932341515055,5.008788551297278,0.008447508466138794,0.0012084491748526399,5.892406831813824,0.09866652019974675,0.5641628812459443
E02005,29.97286281805087,0.7919071407528573,0.6387133707135055,6.827445046762885,0.012382442689715549,0.0020401061522797416,8.255633430790247,0.06719523312105471,0.5572742474916388
E02006,123.71778019606974,0.4591761581577892,0.6057193438740744,4.411795412770479,0.011055471966960786,0.001085467793007882,5.378522794993971,0.00511873823013257,0.5420117322291236
E02007,128.09266054151067,0.06425185223146201,0.18045419855185146,1.9321058127065385,0.012661367392040403,0.0007522275843184382,2.3423109573592598,-0.04692781025586461,0.6034669555796317
E02008,72.75583186886854,0.19282200360628027,0.14515581458885674,2.3546862945222307,0.009686501622341318,0.000975814985478157,3.0167040431197805,0.08007337870595316,0.5838117106773824
E02009,120.27995436067849,0.3927808416052346,0.2128759511508568,4.173342789987838,0.013621435845918073,0.0018074719629052587,5.3799306420962045,0.04860209162726111,0.5769230769230769
E02010,58.389883152021724,0.09129414104919178,0.1798819243114257,1.7576931559954319,0.01229446512316331,0.0008528336036333991,2.5028200062999275,-0.01347440326366103,0.5616605616605617
E02011,157.21160479054487,0.2031977590221742,0.1027045362267148,1.5846386691622465,0.0031658751574658505,0.00035502137363355033,1.5401753130597027,-0.009971281203558204,0.5718940508723986
E02012,26.199441107897325,0.3317601120894468,0.17042467278871487,3.4032951646278535,0.007100809381042607,0.0011866783510606522,3.9034019120361267,-0.04144256828225025,0.5650054171180932
E02013,111.52842562076192,0.0,0.13743064594928373,0.9876455306354478,0.005773838658287844,0.00023203999178879244,1.0262912762398502,-0.10351906317317239,0.549742901855578
E02014,157.66300552442144,0.7937286097129234,0.13512628882572014,3.8258756464435457,0.00412594361134352,0.0014102657522203708,4.577794997796647,0.08555862067956752,0.5453501722158438
E02015,69.18839959045974,0.20412489418903035,0.10213226198628902,1.4102260124511399,0.002798972888588758,0.0004556273929485112,1.7006843620003704,0.023482125788645378,0.5300876569533286
E02016,132.6055832016808,0.4625514718660858,0.1698523985482891,3.228882507916747,0.006733907112165514,0.0012872843703756129,4.063910960976795,-0.007989161290046672,0.5231990231990231
